
     Program PROJWFC v.7.4.1 starts on 31Aug2026 at 14:24: 5 

     This program is part of the open-source Quantum ESPRESSO suite
     for quantum simulation of materials; please cite
         "P. Giannozzi et al., J. Phys.:Condens. Matter 21 395502 (2009);
         "P. Giannozzi et al., J. Phys.:Condens. Matter 29 465901 (2017);
         "P. Giannozzi et al., J. Chem. Phys. 152 154105 (2020);
          URL http://www.quantum-espresso.org", 
     in publications or presentations arising from this work. More details at
     http://www.quantum-espresso.org/quote

     Parallel version (MPI), running on     4 processors

     MPI processes distributed on     1 nodes
     R & G space division:  proc/nbgrp/npool/nimage =       4
     14566 MiB available memory on the printing compute node when the environment starts


     Reading xml data from directory:

     ./tmp/BeO_Electronic.save/

     IMPORTANT: XC functional enforced from input :
     Exchange-correlation= PBE
                           (   1   4   3   4   0   0   0)
     Any further DFT definition will be discarded
     Please, verify this is what you really want


     Parallelization info
     --------------------
     sticks:   dense  smooth     PW     G-vecs:    dense   smooth      PW
     Min         228     228     63                 8926     8926    1379
     Max         229     229     64                 8931     8931    1388
     Sum         913     913    253                35711    35711    5527

     Using Slab Decomposition


     Gaussian broadening (read from input): ngauss,degauss=   0    0.010000


     Calling projwave .... 
     Subspace diagonalization in iterative solution of the eigenvalue problem:
     a serial algorithm will be used


  Problem Sizes 
  natomwfc =           12
  nbnd     =           14
  nkstot   =           42
  npwx     =         1128
  nkb      =           42


     Atomic states used for projection
     (read from pseudopotential files):

     state #   1: atom   1 (Be ), wfc  1 (l=0 m= 1)
     state #   2: atom   1 (Be ), wfc  2 (l=0 m= 1)
     state #   3: atom   2 (Be ), wfc  1 (l=0 m= 1)
     state #   4: atom   2 (Be ), wfc  2 (l=0 m= 1)
     state #   5: atom   3 (O  ), wfc  1 (l=0 m= 1)
     state #   6: atom   3 (O  ), wfc  2 (l=1 m= 1)
     state #   7: atom   3 (O  ), wfc  2 (l=1 m= 2)
     state #   8: atom   3 (O  ), wfc  2 (l=1 m= 3)
     state #   9: atom   4 (O  ), wfc  1 (l=0 m= 1)
     state #  10: atom   4 (O  ), wfc  2 (l=1 m= 1)
     state #  11: atom   4 (O  ), wfc  2 (l=1 m= 2)
     state #  12: atom   4 (O  ), wfc  2 (l=1 m= 3)

 k =   0.0000000000  0.0000000000  0.0000000000
==== e(   1) =   -90.50095 eV ==== 
     psi = 0.494*[#   1]+0.494*[#   3]+0.006*[#   2]+0.006*[#   4]
    |psi|^2 = 1.000
==== e(   2) =   -90.49849 eV ==== 
     psi = 0.496*[#   1]+0.496*[#   3]+0.003*[#   6]+0.003*[#  10]
    |psi|^2 = 1.000
==== e(   3) =   -12.45642 eV ==== 
     psi = 0.268*[#   5]+0.268*[#   9]+0.227*[#   2]+0.227*[#   4]+0.005*[#   1]
          +0.005*[#   3]
    |psi|^2 = 0.999
==== e(   4) =   -10.68780 eV ==== 
     psi = 0.452*[#   5]+0.452*[#   9]+0.041*[#   2]+0.041*[#   4]+0.003*[#   6]
          +0.003*[#  10]
    |psi|^2 = 0.992
==== e(   5) =    -0.05613 eV ==== 
     psi = 0.433*[#   6]+0.433*[#  10]+0.051*[#   2]+0.051*[#   4]+0.002*[#   1]
          +0.002*[#   3]
    |psi|^2 = 0.973
==== e(   6) =     5.08870 eV ==== 
     psi = 0.242*[#   7]+0.242*[#   8]+0.242*[#  11]+0.242*[#  12]
    |psi|^2 = 0.967
==== e(   7) =     5.08870 eV ==== 
     psi = 0.242*[#   7]+0.242*[#   8]+0.242*[#  11]+0.242*[#  12]
    |psi|^2 = 0.967
==== e(   8) =     6.04194 eV ==== 
     psi = 0.247*[#   7]+0.247*[#   8]+0.247*[#  11]+0.247*[#  12]
    |psi|^2 = 0.988
==== e(   9) =     6.04194 eV ==== 
     psi = 0.247*[#   7]+0.247*[#   8]+0.247*[#  11]+0.247*[#  12]
    |psi|^2 = 0.988
==== e(  10) =     6.08390 eV ==== 
     psi = 0.493*[#   6]+0.493*[#  10]
    |psi|^2 = 0.986
==== e(  11) =    13.58838 eV ==== 
     psi = 0.266*[#   2]+0.266*[#   4]+0.228*[#   5]+0.228*[#   9]+0.002*[#   1]
          +0.002*[#   3]
    |psi|^2 = 0.990
==== e(  12) =    17.58949 eV ==== 
     psi = 0.133*[#   2]+0.133*[#   4]+0.024*[#   5]+0.024*[#   9]+0.001*[#   6]
          +0.001*[#  10]
    |psi|^2 = 0.317
==== e(  13) =    20.31345 eV ==== 
     psi = 0.001*[#   7]+0.001*[#   8]+0.001*[#  11]+0.001*[#  12]
    |psi|^2 = 0.004
==== e(  14) =    20.31345 eV ==== 
     psi = 0.001*[#   7]+0.001*[#   8]+0.001*[#  11]+0.001*[#  12]
    |psi|^2 = 0.004

 k =   0.0000000000  0.0000000000  0.1231998600
==== e(   1) =   -90.50072 eV ==== 
     psi = 0.494*[#   1]+0.494*[#   3]+0.005*[#   2]+0.005*[#   4]
    |psi|^2 = 1.000
==== e(   2) =   -90.49873 eV ==== 
     psi = 0.497*[#   1]+0.497*[#   3]+0.003*[#   6]+0.003*[#  10]
    |psi|^2 = 1.000
==== e(   3) =   -12.32264 eV ==== 
     psi = 0.279*[#   5]+0.279*[#   9]+0.216*[#   2]+0.216*[#   4]+0.004*[#   1]
          +0.004*[#   3]
    |psi|^2 = 0.999
==== e(   4) =   -10.90655 eV ==== 
     psi = 0.422*[#   5]+0.422*[#   9]+0.070*[#   2]+0.070*[#   4]+0.004*[#   6]
          +0.004*[#  10]
    |psi|^2 = 0.994
==== e(   5) =     0.47608 eV ==== 
     psi = 0.425*[#   6]+0.425*[#  10]+0.046*[#   2]+0.046*[#   4]+0.013*[#   5]
          +0.013*[#   9]+0.002*[#   1]+0.002*[#   3]
    |psi|^2 = 0.971
==== e(   6) =     5.17489 eV ==== 
     psi = 0.242*[#   7]+0.242*[#   8]+0.242*[#  11]+0.242*[#  12]
    |psi|^2 = 0.969
==== e(   7) =     5.17489 eV ==== 
     psi = 0.242*[#   7]+0.242*[#   8]+0.242*[#  11]+0.242*[#  12]
    |psi|^2 = 0.969
==== e(   8) =     5.35063 eV ==== 
     psi = 0.462*[#   6]+0.462*[#  10]+0.017*[#   5]+0.017*[#   9]+0.011*[#   2]
          +0.011*[#   4]
    |psi|^2 = 0.982
==== e(   9) =     5.94592 eV ==== 
     psi = 0.246*[#   7]+0.246*[#   8]+0.246*[#  11]+0.246*[#  12]
    |psi|^2 = 0.985
==== e(  10) =     5.94592 eV ==== 
     psi = 0.246*[#   7]+0.246*[#   8]+0.246*[#  11]+0.246*[#  12]
    |psi|^2 = 0.985
==== e(  11) =    14.10532 eV ==== 
     psi = 0.262*[#   2]+0.262*[#   4]+0.198*[#   5]+0.198*[#   9]+0.025*[#   6]
          +0.025*[#  10]+0.001*[#   1]+0.001*[#   3]
    |psi|^2 = 0.974
==== e(  12) =    17.26292 eV ==== 
     psi = 0.203*[#   2]+0.203*[#   4]+0.042*[#   5]+0.042*[#   9]+0.015*[#   6]
          +0.015*[#  10]
    |psi|^2 = 0.521
==== e(  13) =    20.40815 eV ==== 
     psi = 0.002*[#   7]+0.002*[#   8]+0.002*[#  11]+0.002*[#  12]
    |psi|^2 = 0.007
==== e(  14) =    20.40815 eV ==== 
     psi = 0.002*[#   7]+0.002*[#   8]+0.002*[#  11]+0.002*[#  12]
    |psi|^2 = 0.007

 k =   0.0000000000  0.0000000000  0.2463997200
==== e(   1) =   -90.50010 eV ==== 
     psi = 0.496*[#   1]+0.496*[#   3]+0.002*[#   2]+0.002*[#   4]+0.001*[#   6]
          +0.001*[#  10]
    |psi|^2 = 1.000
==== e(   2) =   -90.49934 eV ==== 
     psi = 0.497*[#   1]+0.497*[#   3]+0.002*[#   6]+0.002*[#  10]
    |psi|^2 = 1.000
==== e(   3) =   -11.94605 eV ==== 
     psi = 0.310*[#   5]+0.310*[#   9]+0.183*[#   2]+0.183*[#   4]+0.003*[#   6]
          +0.003*[#  10]+0.003*[#   1]+0.003*[#   3]
    |psi|^2 = 0.998
==== e(   4) =   -11.41366 eV ==== 
     psi = 0.363*[#   5]+0.363*[#   9]+0.130*[#   2]+0.130*[#   4]+0.005*[#   6]
          +0.005*[#  10]+0.001*[#   1]+0.001*[#   3]
    |psi|^2 = 0.997
==== e(   5) =     1.87081 eV ==== 
     psi = 0.414*[#   6]+0.414*[#  10]+0.037*[#   2]+0.037*[#   4]+0.032*[#   5]
          +0.032*[#   9]+0.002*[#   1]+0.002*[#   3]
    |psi|^2 = 0.970
==== e(   6) =     3.68489 eV ==== 
     psi = 0.424*[#   6]+0.424*[#  10]+0.035*[#   5]+0.035*[#   9]+0.026*[#   2]
          +0.026*[#   4]+0.001*[#   1]+0.001*[#   3]
    |psi|^2 = 0.974
==== e(   7) =     5.40523 eV ==== 
     psi = 0.243*[#   7]+0.243*[#   8]+0.243*[#  11]+0.243*[#  12]
    |psi|^2 = 0.973
==== e(   8) =     5.40523 eV ==== 
     psi = 0.243*[#   7]+0.243*[#   8]+0.243*[#  11]+0.243*[#  12]
    |psi|^2 = 0.973
==== e(   9) =     5.69964 eV ==== 
     psi = 0.245*[#   7]+0.245*[#   8]+0.245*[#  11]+0.245*[#  12]
    |psi|^2 = 0.979
==== e(  10) =     5.69964 eV ==== 
     psi = 0.245*[#   7]+0.245*[#   8]+0.245*[#  11]+0.245*[#  12]
    |psi|^2 = 0.979
==== e(  11) =    15.22743 eV ==== 
     psi = 0.266*[#   2]+0.266*[#   4]+0.144*[#   5]+0.144*[#   9]+0.049*[#   6]
          +0.049*[#  10]
    |psi|^2 = 0.920
==== e(  12) =    16.39398 eV ==== 
     psi = 0.264*[#   2]+0.264*[#   4]+0.088*[#   5]+0.088*[#   9]+0.041*[#   6]
          +0.041*[#  10]
    |psi|^2 = 0.786
==== e(  13) =    20.57077 eV ==== 
     psi = 0.062*[#   2]+0.062*[#   4]+0.034*[#   6]+0.034*[#  10]+0.012*[#   5]
          +0.012*[#   9]
    |psi|^2 = 0.216
==== e(  14) =    20.64575 eV ==== 
     psi = 0.018*[#   6]+0.018*[#  10]+0.018*[#   2]+0.018*[#   4]+0.006*[#   5]
          +0.006*[#   9]
    |psi|^2 = 0.084

 k =   0.0000000000  0.1154700538  0.0000000000
==== e(   1) =   -90.50075 eV ==== 
     psi = 0.494*[#   1]+0.494*[#   3]+0.005*[#   2]+0.005*[#   4]
    |psi|^2 = 1.000
==== e(   2) =   -90.49840 eV ==== 
     psi = 0.496*[#   1]+0.496*[#   3]+0.003*[#   6]+0.003*[#  10]
    |psi|^2 = 1.000
==== e(   3) =   -12.34081 eV ==== 
     psi = 0.277*[#   5]+0.277*[#   9]+0.218*[#   2]+0.218*[#   4]+0.004*[#   1]
          +0.004*[#   3]
    |psi|^2 = 0.999
==== e(   4) =   -10.62606 eV ==== 
     psi = 0.456*[#   5]+0.456*[#   9]+0.037*[#   2]+0.037*[#   4]+0.002*[#   6]
          +0.002*[#  10]
    |psi|^2 = 0.992
==== e(   5) =     0.08857 eV ==== 
     psi = 0.434*[#   6]+0.434*[#  10]+0.048*[#   2]+0.048*[#   4]+0.002*[#   1]
          +0.002*[#   3]
    |psi|^2 = 0.971
==== e(   6) =     4.61408 eV ==== 
     psi = 0.236*[#   7]+0.236*[#   8]+0.236*[#  11]+0.236*[#  12]+0.007*[#   2]
          +0.007*[#   4]+0.003*[#   5]+0.003*[#   9]
    |psi|^2 = 0.967
==== e(   7) =     4.89143 eV ==== 
     psi = 0.241*[#   7]+0.241*[#   8]+0.241*[#  11]+0.241*[#  12]
    |psi|^2 = 0.964
==== e(   8) =     5.52792 eV ==== 
     psi = 0.235*[#   7]+0.235*[#   8]+0.235*[#  11]+0.235*[#  12]+0.014*[#   5]
          +0.014*[#   9]+0.009*[#   2]+0.009*[#   4]
    |psi|^2 = 0.987
==== e(   9) =     5.96885 eV ==== 
     psi = 0.246*[#   7]+0.246*[#   8]+0.246*[#  11]+0.246*[#  12]
    |psi|^2 = 0.986
==== e(  10) =     5.99667 eV ==== 
     psi = 0.491*[#   6]+0.491*[#  10]
    |psi|^2 = 0.984
==== e(  11) =    13.98863 eV ==== 
     psi = 0.259*[#   2]+0.259*[#   4]+0.200*[#   5]+0.200*[#   9]+0.011*[#   7]
          +0.011*[#   8]+0.011*[#  11]+0.011*[#  12]+0.001*[#   1]+0.001*[#   3]
          
    |psi|^2 = 0.962
==== e(  12) =    17.98175 eV ==== 
     psi = 0.114*[#   2]+0.114*[#   4]+0.019*[#   5]+0.019*[#   9]+0.002*[#   7]
          +0.002*[#   8]+0.002*[#  11]+0.002*[#  12]
    |psi|^2 = 0.276
==== e(  13) =    20.11219 eV ==== 
     psi = 0.155*[#   2]+0.155*[#   4]+0.031*[#   6]+0.031*[#  10]+0.013*[#   5]
          +0.013*[#   9]+0.001*[#   7]+0.001*[#   8]+0.001*[#  11]+0.001*[#  12]
          +0.001*[#   1]+0.001*[#   3]
    |psi|^2 = 0.406
==== e(  14) =    20.41361 eV ==== 
     psi = 0.061*[#   2]+0.061*[#   4]+0.015*[#   6]+0.015*[#  10]+0.007*[#   5]
          +0.007*[#   9]+0.001*[#   7]+0.001*[#   8]+0.001*[#  11]+0.001*[#  12]
          
    |psi|^2 = 0.172

 k =   0.0000000000  0.1154700538  0.1231998600
==== e(   1) =   -90.50052 eV ==== 
     psi = 0.495*[#   1]+0.495*[#   3]+0.004*[#   2]+0.004*[#   4]
    |psi|^2 = 1.000
==== e(   2) =   -90.49862 eV ==== 
     psi = 0.496*[#   1]+0.496*[#   3]+0.003*[#   6]+0.003*[#  10]
    |psi|^2 = 1.000
==== e(   3) =   -12.21021 eV ==== 
     psi = 0.288*[#   5]+0.288*[#   9]+0.207*[#   2]+0.207*[#   4]+0.004*[#   1]
          +0.004*[#   3]
    |psi|^2 = 0.999
==== e(   4) =   -10.83635 eV ==== 
     psi = 0.428*[#   5]+0.428*[#   9]+0.064*[#   2]+0.064*[#   4]+0.004*[#   6]
          +0.004*[#  10]
    |psi|^2 = 0.994
==== e(   5) =     0.59540 eV ==== 
     psi = 0.424*[#   6]+0.424*[#  10]+0.045*[#   2]+0.045*[#   4]+0.013*[#   5]
          +0.013*[#   9]+0.002*[#   1]+0.002*[#   3]+0.001*[#   7]+0.001*[#   8]
          +0.001*[#  11]+0.001*[#  12]
    |psi|^2 = 0.970
==== e(   6) =     4.70235 eV ==== 
     psi = 0.229*[#   7]+0.229*[#   8]+0.229*[#  11]+0.229*[#  12]+0.015*[#   6]
          +0.015*[#  10]+0.007*[#   2]+0.007*[#   4]+0.005*[#   5]+0.005*[#   9]
          
    |psi|^2 = 0.968
==== e(   7) =     4.98699 eV ==== 
     psi = 0.241*[#   7]+0.241*[#   8]+0.241*[#  11]+0.241*[#  12]
    |psi|^2 = 0.966
==== e(   8) =     5.05161 eV ==== 
     psi = 0.252*[#   6]+0.252*[#  10]+0.100*[#   7]+0.100*[#   8]+0.100*[#  11]
          +0.100*[#  12]+0.023*[#   5]+0.023*[#   9]+0.016*[#   2]+0.016*[#   4]
          
    |psi|^2 = 0.984
==== e(   9) =     5.73577 eV ==== 
     psi = 0.202*[#   6]+0.202*[#  10]+0.144*[#   7]+0.144*[#   8]+0.144*[#  11]
          +0.144*[#  12]
    |psi|^2 = 0.980
==== e(  10) =     5.85797 eV ==== 
     psi = 0.246*[#   7]+0.246*[#   8]+0.246*[#  11]+0.246*[#  12]
    |psi|^2 = 0.983
==== e(  11) =    14.39638 eV ==== 
     psi = 0.256*[#   2]+0.256*[#   4]+0.176*[#   5]+0.176*[#   9]+0.021*[#   6]
          +0.021*[#  10]+0.008*[#   7]+0.008*[#   8]+0.008*[#  11]+0.008*[#  12]
          
    |psi|^2 = 0.939
==== e(  12) =    17.56345 eV ==== 
     psi = 0.199*[#   2]+0.199*[#   4]+0.036*[#   5]+0.036*[#   9]+0.017*[#   6]
          +0.017*[#  10]+0.002*[#   7]+0.002*[#   8]+0.002*[#  11]+0.002*[#  12]
          
    |psi|^2 = 0.512
==== e(  13) =    20.09357 eV ==== 
     psi = 0.104*[#   2]+0.104*[#   4]+0.029*[#   6]+0.029*[#  10]+0.012*[#   5]
          +0.012*[#   9]+0.001*[#   7]+0.001*[#   8]+0.001*[#  11]+0.001*[#  12]
          
    |psi|^2 = 0.297
==== e(  14) =    20.39396 eV ==== 
     psi = 0.011*[#   2]+0.011*[#   4]+0.004*[#   6]+0.004*[#  10]+0.003*[#   5]
          +0.003*[#   9]+0.002*[#   7]+0.002*[#   8]+0.002*[#  11]+0.002*[#  12]
          
    |psi|^2 = 0.046

 k =   0.0000000000  0.1154700538  0.2463997200
==== e(   1) =   -90.49994 eV ==== 
     psi = 0.496*[#   1]+0.496*[#   3]+0.002*[#   2]+0.002*[#   4]+0.001*[#   6]
          +0.001*[#  10]
    |psi|^2 = 1.000
==== e(   2) =   -90.49921 eV ==== 
     psi = 0.497*[#   1]+0.497*[#   3]+0.002*[#   6]+0.002*[#  10]
    |psi|^2 = 1.000
==== e(   3) =   -11.84320 eV ==== 
     psi = 0.320*[#   5]+0.320*[#   9]+0.174*[#   2]+0.174*[#   4]+0.003*[#   6]
          +0.003*[#  10]+0.002*[#   1]+0.002*[#   3]
    |psi|^2 = 0.998
==== e(   4) =   -11.32619 eV ==== 
     psi = 0.371*[#   5]+0.371*[#   9]+0.121*[#   2]+0.121*[#   4]+0.005*[#   6]
          +0.005*[#  10]+0.001*[#   1]+0.001*[#   3]
    |psi|^2 = 0.996
==== e(   5) =     1.91513 eV ==== 
     psi = 0.406*[#   6]+0.406*[#  10]+0.038*[#   2]+0.038*[#   4]+0.032*[#   5]
          +0.032*[#   9]+0.004*[#   7]+0.004*[#   8]+0.004*[#  11]+0.004*[#  12]
          +0.002*[#   1]+0.002*[#   3]
    |psi|^2 = 0.971
==== e(   6) =     3.59196 eV ==== 
     psi = 0.386*[#   6]+0.386*[#  10]+0.038*[#   5]+0.038*[#   9]+0.030*[#   2]
          +0.030*[#   4]+0.017*[#   7]+0.017*[#   8]+0.017*[#  11]+0.017*[#  12]
          +0.001*[#   1]+0.001*[#   3]
    |psi|^2 = 0.977
==== e(   7) =     5.00113 eV ==== 
     psi = 0.233*[#   7]+0.233*[#   8]+0.233*[#  11]+0.233*[#  12]+0.013*[#   6]
          +0.013*[#  10]+0.002*[#   2]+0.002*[#   4]+0.002*[#   5]+0.002*[#   9]
          
    |psi|^2 = 0.968
==== e(   8) =     5.24399 eV ==== 
     psi = 0.242*[#   7]+0.242*[#   8]+0.242*[#  11]+0.242*[#  12]
    |psi|^2 = 0.970
==== e(   9) =     5.36831 eV ==== 
     psi = 0.222*[#   7]+0.222*[#   8]+0.222*[#  11]+0.222*[#  12]+0.042*[#   6]
          +0.042*[#  10]
    |psi|^2 = 0.974
==== e(  10) =     5.57626 eV ==== 
     psi = 0.244*[#   7]+0.244*[#   8]+0.244*[#  11]+0.244*[#  12]
    |psi|^2 = 0.976
==== e(  11) =    15.37875 eV ==== 
     psi = 0.259*[#   2]+0.259*[#   4]+0.127*[#   5]+0.127*[#   9]+0.044*[#   6]
          +0.044*[#  10]+0.004*[#   7]+0.004*[#   8]+0.004*[#  11]+0.004*[#  12]
          
    |psi|^2 = 0.878
==== e(  12) =    16.55360 eV ==== 
     psi = 0.259*[#   2]+0.259*[#   4]+0.077*[#   5]+0.077*[#   9]+0.041*[#   6]
          +0.041*[#  10]+0.003*[#   7]+0.003*[#   8]+0.003*[#  11]+0.003*[#  12]
          
    |psi|^2 = 0.764
==== e(  13) =    20.05419 eV ==== 
     psi = 0.027*[#   2]+0.027*[#   4]+0.015*[#   6]+0.015*[#  10]+0.006*[#   5]
          +0.006*[#   9]+0.002*[#   7]+0.002*[#   8]+0.002*[#  11]+0.002*[#  12]
          
    |psi|^2 = 0.103
==== e(  14) =    20.18657 eV ==== 
     psi = 0.005*[#   2]+0.005*[#   4]+0.005*[#   6]+0.005*[#  10]+0.002*[#   5]
          +0.002*[#   9]+0.002*[#   7]+0.002*[#   8]+0.002*[#  11]+0.002*[#  12]
          
    |psi|^2 = 0.034

 k =   0.0000000000  0.2309401077  0.0000000000
==== e(   1) =   -90.50021 eV ==== 
     psi = 0.496*[#   1]+0.496*[#   3]+0.003*[#   2]+0.003*[#   4]
    |psi|^2 = 1.000
==== e(   2) =   -90.49816 eV ==== 
     psi = 0.495*[#   1]+0.495*[#   3]+0.002*[#   6]+0.002*[#  10]+0.001*[#   2]
          +0.001*[#   4]
    |psi|^2 = 1.000
==== e(   3) =   -12.01257 eV ==== 
     psi = 0.304*[#   5]+0.304*[#   9]+0.189*[#   2]+0.189*[#   4]+0.003*[#   1]
          +0.003*[#   3]+0.001*[#   7]+0.001*[#   8]+0.001*[#  11]+0.001*[#  12]
          
    |psi|^2 = 0.998
==== e(   4) =   -10.46793 eV ==== 
     psi = 0.468*[#   5]+0.468*[#   9]+0.025*[#   2]+0.025*[#   4]+0.001*[#   6]
          +0.001*[#  10]
    |psi|^2 = 0.991
==== e(   5) =     0.49970 eV ==== 
     psi = 0.432*[#   6]+0.432*[#  10]+0.038*[#   2]+0.038*[#   4]+0.005*[#   7]
          +0.005*[#   8]+0.005*[#  11]+0.005*[#  12]
    |psi|^2 = 0.964
==== e(   6) =     3.43883 eV ==== 
     psi = 0.220*[#   7]+0.220*[#   8]+0.220*[#  11]+0.220*[#  12]+0.027*[#   2]
          +0.027*[#   4]+0.012*[#   5]+0.012*[#   9]+0.006*[#   6]+0.006*[#  10]
          
    |psi|^2 = 0.971
==== e(   7) =     4.41998 eV ==== 
     psi = 0.222*[#   7]+0.222*[#   8]+0.222*[#  11]+0.222*[#  12]+0.026*[#   5]
          +0.026*[#   9]+0.022*[#   2]+0.022*[#   4]+0.001*[#   1]+0.001*[#   3]
          
    |psi|^2 = 0.984
==== e(   8) =     4.43647 eV ==== 
     psi = 0.240*[#   7]+0.240*[#   8]+0.240*[#  11]+0.240*[#  12]
    |psi|^2 = 0.959
==== e(   9) =     5.72631 eV ==== 
     psi = 0.488*[#   6]+0.488*[#  10]
    |psi|^2 = 0.977
==== e(  10) =     5.75386 eV ==== 
     psi = 0.245*[#   7]+0.245*[#   8]+0.245*[#  11]+0.245*[#  12]
    |psi|^2 = 0.980
==== e(  11) =    14.81504 eV ==== 
     psi = 0.244*[#   2]+0.244*[#   4]+0.141*[#   5]+0.141*[#   9]+0.022*[#   7]
          +0.022*[#   8]+0.022*[#  11]+0.022*[#  12]
    |psi|^2 = 0.859
==== e(  12) =    18.55905 eV ==== 
     psi = 0.030*[#   2]+0.030*[#   4]+0.011*[#   5]+0.011*[#   9]+0.004*[#   6]
          +0.004*[#  10]+0.003*[#   7]+0.003*[#   8]+0.003*[#  11]+0.003*[#  12]
          
    |psi|^2 = 0.102
==== e(  13) =    19.09022 eV ==== 
     psi = 0.180*[#   2]+0.180*[#   4]+0.030*[#   6]+0.030*[#  10]+0.013*[#   5]
          +0.013*[#   9]+0.001*[#   1]+0.001*[#   3]+0.001*[#   7]+0.001*[#   8]
          +0.001*[#  11]+0.001*[#  12]
    |psi|^2 = 0.454
==== e(  14) =    20.60384 eV ==== 
     psi = 0.048*[#   2]+0.048*[#   4]+0.011*[#   5]+0.011*[#   9]+0.009*[#   7]
          +0.009*[#   8]+0.009*[#  11]+0.009*[#  12]+0.001*[#   6]+0.001*[#  10]
          
    |psi|^2 = 0.157

 k =   0.0000000000  0.2309401077  0.1231998600
==== e(   1) =   -90.50001 eV ==== 
     psi = 0.496*[#   1]+0.496*[#   3]+0.002*[#   2]+0.002*[#   4]
    |psi|^2 = 1.000
==== e(   2) =   -90.49836 eV ==== 
     psi = 0.496*[#   1]+0.496*[#   3]+0.002*[#   6]+0.002*[#  10]
    |psi|^2 = 1.000
==== e(   3) =   -11.89229 eV ==== 
     psi = 0.315*[#   5]+0.315*[#   9]+0.178*[#   2]+0.178*[#   4]+0.002*[#   1]
          +0.002*[#   3]+0.001*[#   7]+0.001*[#   8]+0.001*[#  11]+0.001*[#  12]
          
    |psi|^2 = 0.998
==== e(   4) =   -10.65228 eV ==== 
     psi = 0.446*[#   5]+0.446*[#   9]+0.047*[#   2]+0.047*[#   4]+0.003*[#   6]
          +0.003*[#  10]
    |psi|^2 = 0.993
==== e(   5) =     0.90988 eV ==== 
     psi = 0.412*[#   6]+0.412*[#  10]+0.040*[#   2]+0.040*[#   4]+0.011*[#   5]
          +0.011*[#   9]+0.010*[#   7]+0.010*[#   8]+0.010*[#  11]+0.010*[#  12]
          +0.001*[#   1]+0.001*[#   3]
    |psi|^2 = 0.967
==== e(   6) =     3.54827 eV ==== 
     psi = 0.206*[#   7]+0.206*[#   8]+0.206*[#  11]+0.206*[#  12]+0.030*[#   6]
          +0.030*[#  10]+0.024*[#   2]+0.024*[#   4]+0.018*[#   5]+0.018*[#   9]
          
    |psi|^2 = 0.969
==== e(   7) =     4.12342 eV ==== 
     psi = 0.187*[#   7]+0.187*[#   8]+0.187*[#  11]+0.187*[#  12]+0.071*[#   6]
          +0.071*[#  10]+0.022*[#   5]+0.022*[#   9]+0.022*[#   2]+0.022*[#   4]
          +0.001*[#   1]+0.001*[#   3]
    |psi|^2 = 0.980
==== e(   8) =     4.54948 eV ==== 
     psi = 0.240*[#   7]+0.240*[#   8]+0.240*[#  11]+0.240*[#  12]
    |psi|^2 = 0.960
==== e(   9) =     5.49285 eV ==== 
     psi = 0.390*[#   6]+0.390*[#  10]+0.048*[#   7]+0.048*[#   8]+0.048*[#  11]
          +0.048*[#  12]
    |psi|^2 = 0.975
==== e(  10) =     5.61313 eV ==== 
     psi = 0.244*[#   7]+0.244*[#   8]+0.244*[#  11]+0.244*[#  12]
    |psi|^2 = 0.977
==== e(  11) =    14.95763 eV ==== 
     psi = 0.237*[#   2]+0.237*[#   4]+0.124*[#   5]+0.124*[#   9]+0.017*[#   7]
          +0.017*[#   8]+0.017*[#  11]+0.017*[#  12]+0.011*[#   6]+0.011*[#  10]
          
    |psi|^2 = 0.812
==== e(  12) =    17.75421 eV ==== 
     psi = 0.157*[#   2]+0.157*[#   4]+0.024*[#   6]+0.024*[#  10]+0.021*[#   5]
          +0.021*[#   9]+0.002*[#   7]+0.002*[#   8]+0.002*[#  11]+0.002*[#  12]
          
    |psi|^2 = 0.415
==== e(  13) =    19.51056 eV ==== 
     psi = 0.071*[#   2]+0.071*[#   4]+0.013*[#   5]+0.013*[#   9]+0.013*[#   6]
          +0.013*[#  10]+0.004*[#   7]+0.004*[#   8]+0.004*[#  11]+0.004*[#  12]
          
    |psi|^2 = 0.211
==== e(  14) =    20.48252 eV ==== 
     psi = 0.054*[#   2]+0.054*[#   4]+0.009*[#   5]+0.009*[#   9]+0.008*[#   7]
          +0.008*[#   8]+0.008*[#  11]+0.008*[#  12]+0.003*[#   6]+0.003*[#  10]
          
    |psi|^2 = 0.166

 k =   0.0000000000  0.2309401077  0.2463997200
==== e(   1) =   -90.49950 eV ==== 
     psi = 0.497*[#   1]+0.497*[#   3]+0.001*[#   6]+0.001*[#  10]
    |psi|^2 = 1.000
==== e(   2) =   -90.49887 eV ==== 
     psi = 0.497*[#   1]+0.497*[#   3]+0.002*[#   6]+0.002*[#  10]
    |psi|^2 = 1.000
==== e(   3) =   -11.55616 eV ==== 
     psi = 0.347*[#   5]+0.347*[#   9]+0.145*[#   2]+0.145*[#   4]+0.003*[#   6]
          +0.003*[#  10]+0.002*[#   1]+0.002*[#   3]+0.001*[#   7]+0.001*[#   8]
          +0.001*[#  11]+0.001*[#  12]
    |psi|^2 = 0.997
==== e(   4) =   -11.08817 eV ==== 
     psi = 0.396*[#   5]+0.396*[#   9]+0.096*[#   2]+0.096*[#   4]+0.004*[#   6]
          +0.004*[#  10]
    |psi|^2 = 0.996
==== e(   5) =     1.93131 eV ==== 
     psi = 0.349*[#   6]+0.349*[#  10]+0.043*[#   2]+0.043*[#   4]+0.032*[#   7]
          +0.032*[#   8]+0.032*[#  11]+0.032*[#  12]+0.030*[#   5]+0.030*[#   9]
          +0.001*[#   1]+0.001*[#   3]
    |psi|^2 = 0.975
==== e(   6) =     3.07454 eV ==== 
     psi = 0.225*[#   6]+0.225*[#  10]+0.093*[#   7]+0.093*[#   8]+0.093*[#  11]
          +0.093*[#  12]+0.040*[#   5]+0.040*[#   9]+0.038*[#   2]+0.038*[#   4]
          +0.002*[#   1]+0.002*[#   3]
    |psi|^2 = 0.981
==== e(   7) =     4.17714 eV ==== 
     psi = 0.194*[#   7]+0.194*[#   8]+0.194*[#  11]+0.194*[#  12]+0.085*[#   6]
          +0.085*[#  10]+0.005*[#   2]+0.005*[#   4]+0.001*[#   5]+0.001*[#   9]
          
    |psi|^2 = 0.960
==== e(   8) =     4.85376 eV ==== 
     psi = 0.210*[#   6]+0.210*[#  10]+0.135*[#   7]+0.135*[#   8]+0.135*[#  11]
          +0.135*[#  12]+0.001*[#   2]+0.001*[#   4]
    |psi|^2 = 0.965
==== e(   9) =     4.85662 eV ==== 
     psi = 0.241*[#   7]+0.241*[#   8]+0.241*[#  11]+0.241*[#  12]
    |psi|^2 = 0.963
==== e(  10) =     5.26158 eV ==== 
     psi = 0.242*[#   7]+0.242*[#   8]+0.242*[#  11]+0.242*[#  12]
    |psi|^2 = 0.970
==== e(  11) =    15.53563 eV ==== 
     psi = 0.226*[#   2]+0.226*[#   4]+0.086*[#   5]+0.086*[#   9]+0.031*[#   6]
          +0.031*[#  10]+0.008*[#   7]+0.008*[#   8]+0.008*[#  11]+0.008*[#  12]
          
    |psi|^2 = 0.719
==== e(  12) =    16.56597 eV ==== 
     psi = 0.210*[#   2]+0.210*[#   4]+0.048*[#   5]+0.048*[#   9]+0.035*[#   6]
          +0.035*[#  10]+0.004*[#   7]+0.004*[#   8]+0.004*[#  11]+0.004*[#  12]
          
    |psi|^2 = 0.603
==== e(  13) =    19.79730 eV ==== 
     psi = 0.038*[#   2]+0.038*[#   4]+0.011*[#   5]+0.011*[#   9]+0.006*[#   7]
          +0.006*[#   8]+0.006*[#  11]+0.006*[#  12]+0.006*[#   6]+0.006*[#  10]
          
    |psi|^2 = 0.133
==== e(  14) =    20.09393 eV ==== 
     psi = 0.039*[#   2]+0.039*[#   4]+0.009*[#   5]+0.009*[#   9]+0.007*[#   7]
          +0.007*[#   8]+0.007*[#  11]+0.007*[#  12]+0.003*[#   6]+0.003*[#  10]
          
    |psi|^2 = 0.131

 k =   0.0000000000  0.3464101615  0.0000000000
==== e(   1) =   -90.49949 eV ==== 
     psi = 0.497*[#   1]+0.497*[#   3]
    |psi|^2 = 1.000
==== e(   2) =   -90.49791 eV ==== 
     psi = 0.494*[#   1]+0.494*[#   3]+0.002*[#   2]+0.002*[#   4]+0.002*[#   6]
          +0.002*[#  10]
    |psi|^2 = 1.000
==== e(   3) =   -11.53369 eV ==== 
     psi = 0.349*[#   5]+0.349*[#   9]+0.143*[#   2]+0.143*[#   4]+0.002*[#   7]
          +0.002*[#   8]+0.002*[#  11]+0.002*[#  12]+0.002*[#   1]+0.002*[#   3]
          
    |psi|^2 = 0.997
==== e(   4) =   -10.29488 eV ==== 
     psi = 0.484*[#   5]+0.484*[#   9]+0.010*[#   2]+0.010*[#   4]
    |psi|^2 = 0.990
==== e(   5) =     1.01507 eV ==== 
     psi = 0.368*[#   6]+0.368*[#  10]+0.046*[#   7]+0.046*[#   8]+0.046*[#  11]
          +0.046*[#  12]+0.011*[#   2]+0.011*[#   4]+0.002*[#   5]+0.002*[#   9]
          
    |psi|^2 = 0.948
==== e(   6) =     2.24446 eV ==== 
     psi = 0.169*[#   7]+0.169*[#   8]+0.169*[#  11]+0.169*[#  12]+0.077*[#   6]
          +0.077*[#  10]+0.062*[#   2]+0.062*[#   4]+0.014*[#   5]+0.014*[#   9]
          +0.001*[#   1]+0.001*[#   3]
    |psi|^2 = 0.987
==== e(   7) =     3.26541 eV ==== 
     psi = 0.217*[#   7]+0.217*[#   8]+0.217*[#  11]+0.217*[#  12]+0.032*[#   2]
          +0.032*[#   4]+0.022*[#   5]+0.022*[#   9]+0.001*[#   1]+0.001*[#   3]
          
    |psi|^2 = 0.982
==== e(   8) =     3.95259 eV ==== 
     psi = 0.239*[#   7]+0.239*[#   8]+0.239*[#  11]+0.239*[#  12]
    |psi|^2 = 0.955
==== e(   9) =     5.25512 eV ==== 
     psi = 0.482*[#   6]+0.482*[#  10]
    |psi|^2 = 0.966
==== e(  10) =     5.47452 eV ==== 
     psi = 0.244*[#   7]+0.244*[#   8]+0.244*[#  11]+0.244*[#  12]
    |psi|^2 = 0.975
==== e(  11) =    15.50757 eV ==== 
     psi = 0.190*[#   2]+0.190*[#   4]+0.073*[#   5]+0.073*[#   9]+0.017*[#   7]
          +0.017*[#   8]+0.017*[#  11]+0.017*[#  12]+0.003*[#   6]+0.003*[#  10]
          
    |psi|^2 = 0.600
==== e(  12) =    17.72792 eV ==== 
     psi = 0.074*[#   2]+0.074*[#   4]+0.022*[#   6]+0.022*[#  10]+0.005*[#   5]
          +0.005*[#   9]+0.002*[#   7]+0.002*[#   8]+0.002*[#  11]+0.002*[#  12]
          
    |psi|^2 = 0.211
==== e(  13) =    18.74969 eV ==== 
     psi = 0.091*[#   2]+0.091*[#   4]+0.031*[#   5]+0.031*[#   9]+0.008*[#   7]
          +0.008*[#   8]+0.008*[#  11]+0.008*[#  12]+0.002*[#   6]+0.002*[#  10]
          
    |psi|^2 = 0.282
==== e(  14) =    21.29898 eV ==== 
     psi = 0.104*[#   2]+0.104*[#   4]+0.014*[#   7]+0.014*[#   8]+0.014*[#  11]
          +0.014*[#  12]+0.007*[#   5]+0.007*[#   9]+0.002*[#   6]+0.002*[#  10]
          
    |psi|^2 = 0.285

 k =   0.0000000000  0.3464101615  0.1231998600
==== e(   1) =   -90.49934 eV ==== 
     psi = 0.497*[#   1]+0.497*[#   3]
    |psi|^2 = 1.000
==== e(   2) =   -90.49806 eV ==== 
     psi = 0.495*[#   1]+0.495*[#   3]+0.002*[#   6]+0.002*[#  10]+0.001*[#   2]
          +0.001*[#   4]
    |psi|^2 = 1.000
==== e(   3) =   -11.43306 eV ==== 
     psi = 0.360*[#   5]+0.360*[#   9]+0.133*[#   2]+0.133*[#   4]+0.002*[#   7]
          +0.002*[#   8]+0.002*[#  11]+0.002*[#  12]+0.001*[#   1]+0.001*[#   3]
          
    |psi|^2 = 0.997
==== e(   4) =   -10.43548 eV ==== 
     psi = 0.469*[#   5]+0.469*[#   9]+0.024*[#   2]+0.024*[#   4]+0.002*[#   6]
          +0.002*[#  10]
    |psi|^2 = 0.991
==== e(   5) =     1.13615 eV ==== 
     psi = 0.291*[#   6]+0.291*[#  10]+0.074*[#   7]+0.074*[#   8]+0.074*[#  11]
          +0.074*[#  12]+0.032*[#   2]+0.032*[#   4]+0.009*[#   5]+0.009*[#   9]
          
    |psi|^2 = 0.963
==== e(   6) =     2.46112 eV ==== 
     psi = 0.153*[#   7]+0.153*[#   8]+0.153*[#  11]+0.153*[#  12]+0.111*[#   6]
          +0.111*[#  10]+0.045*[#   2]+0.045*[#   4]+0.025*[#   5]+0.025*[#   9]
          +0.001*[#   1]+0.001*[#   3]
    |psi|^2 = 0.977
==== e(   7) =     3.10421 eV ==== 
     psi = 0.183*[#   7]+0.183*[#   8]+0.183*[#  11]+0.183*[#  12]+0.084*[#   6]
          +0.084*[#  10]+0.027*[#   2]+0.027*[#   4]+0.009*[#   5]+0.009*[#   9]
          +0.001*[#   1]+0.001*[#   3]
    |psi|^2 = 0.973
==== e(   8) =     4.07983 eV ==== 
     psi = 0.239*[#   7]+0.239*[#   8]+0.239*[#  11]+0.239*[#  12]
    |psi|^2 = 0.955
==== e(   9) =     5.19245 eV ==== 
     psi = 0.430*[#   6]+0.430*[#  10]+0.027*[#   7]+0.027*[#   8]+0.027*[#  11]
          +0.027*[#  12]
    |psi|^2 = 0.970
==== e(  10) =     5.30711 eV ==== 
     psi = 0.243*[#   7]+0.243*[#   8]+0.243*[#  11]+0.243*[#  12]
    |psi|^2 = 0.971
==== e(  11) =    15.32323 eV ==== 
     psi = 0.182*[#   2]+0.182*[#   4]+0.065*[#   5]+0.065*[#   9]+0.013*[#   7]
          +0.013*[#   8]+0.013*[#  11]+0.013*[#  12]+0.005*[#   6]+0.005*[#  10]
          
    |psi|^2 = 0.556
==== e(  12) =    17.04741 eV ==== 
     psi = 0.089*[#   2]+0.089*[#   4]+0.019*[#   6]+0.019*[#  10]+0.010*[#   5]
          +0.010*[#   9]+0.002*[#   7]+0.002*[#   8]+0.002*[#  11]+0.002*[#  12]
          
    |psi|^2 = 0.243
==== e(  13) =    19.42589 eV ==== 
     psi = 0.090*[#   2]+0.090*[#   4]+0.024*[#   5]+0.024*[#   9]+0.010*[#   7]
          +0.010*[#   8]+0.010*[#  11]+0.010*[#  12]+0.009*[#   6]+0.009*[#  10]
          
    |psi|^2 = 0.288
==== e(  14) =    21.20252 eV ==== 
     psi = 0.132*[#   2]+0.132*[#   4]+0.015*[#   7]+0.015*[#   8]+0.015*[#  11]
          +0.015*[#  12]+0.009*[#   5]+0.009*[#   9]+0.004*[#   6]+0.004*[#  10]
          +0.001*[#   1]+0.001*[#   3]
    |psi|^2 = 0.353

 k =   0.0000000000  0.3464101615  0.2463997200
==== e(   1) =   -90.49895 eV ==== 
     psi = 0.497*[#   1]+0.497*[#   3]
    |psi|^2 = 1.000
==== e(   2) =   -90.49846 eV ==== 
     psi = 0.496*[#   1]+0.496*[#   3]+0.002*[#   6]+0.002*[#  10]
    |psi|^2 = 1.000
==== e(   3) =   -11.15501 eV ==== 
     psi = 0.390*[#   5]+0.390*[#   9]+0.102*[#   2]+0.102*[#   4]+0.002*[#   6]
          +0.002*[#  10]+0.002*[#   7]+0.002*[#   8]+0.002*[#  11]+0.002*[#  12]
          
    |psi|^2 = 0.996
==== e(   4) =   -10.77675 eV ==== 
     psi = 0.432*[#   5]+0.432*[#   9]+0.060*[#   2]+0.060*[#   4]+0.003*[#   6]
          +0.003*[#  10]+0.001*[#   7]+0.001*[#   8]+0.001*[#  11]+0.001*[#  12]
          
    |psi|^2 = 0.993
==== e(   5) =     1.51623 eV ==== 
     psi = 0.184*[#   6]+0.184*[#  10]+0.117*[#   7]+0.117*[#   8]+0.117*[#  11]
          +0.117*[#  12]+0.048*[#   2]+0.048*[#   4]+0.021*[#   5]+0.021*[#   9]
          +0.001*[#   1]+0.001*[#   3]
    |psi|^2 = 0.977
==== e(   6) =     2.09523 eV ==== 
     psi = 0.149*[#   7]+0.149*[#   8]+0.149*[#  11]+0.149*[#  12]+0.114*[#   6]
          +0.114*[#  10]+0.046*[#   2]+0.046*[#   4]+0.030*[#   5]+0.030*[#   9]
          +0.002*[#   1]+0.002*[#   3]
    |psi|^2 = 0.979
==== e(   7) =     3.74454 eV ==== 
     psi = 0.252*[#   6]+0.252*[#  10]+0.109*[#   7]+0.109*[#   8]+0.109*[#  11]
          +0.109*[#  12]+0.008*[#   2]+0.008*[#   4]+0.001*[#   5]+0.001*[#   9]
          
    |psi|^2 = 0.958
==== e(   8) =     4.42833 eV ==== 
     psi = 0.240*[#   7]+0.240*[#   8]+0.240*[#  11]+0.240*[#  12]
    |psi|^2 = 0.958
==== e(   9) =     4.69161 eV ==== 
     psi = 0.345*[#   6]+0.345*[#  10]+0.067*[#   7]+0.067*[#   8]+0.067*[#  11]
          +0.067*[#  12]+0.002*[#   2]+0.002*[#   4]+0.001*[#   5]+0.001*[#   9]
          
    |psi|^2 = 0.966
==== e(  10) =     4.89470 eV ==== 
     psi = 0.241*[#   7]+0.241*[#   8]+0.241*[#  11]+0.241*[#  12]
    |psi|^2 = 0.964
==== e(  11) =    15.38121 eV ==== 
     psi = 0.162*[#   2]+0.162*[#   4]+0.044*[#   5]+0.044*[#   9]+0.014*[#   6]
          +0.014*[#  10]+0.006*[#   7]+0.006*[#   8]+0.006*[#  11]+0.006*[#  12]
          
    |psi|^2 = 0.465
==== e(  12) =    16.08913 eV ==== 
     psi = 0.130*[#   2]+0.130*[#   4]+0.022*[#   5]+0.022*[#   9]+0.021*[#   6]
          +0.021*[#  10]+0.003*[#   7]+0.003*[#   8]+0.003*[#  11]+0.003*[#  12]
          
    |psi|^2 = 0.357
==== e(  13) =    19.97622 eV ==== 
     psi = 0.072*[#   2]+0.072*[#   4]+0.014*[#   5]+0.014*[#   9]+0.010*[#   7]
          +0.010*[#   8]+0.010*[#  11]+0.010*[#  12]+0.006*[#   6]+0.006*[#  10]
          
    |psi|^2 = 0.225
==== e(  14) =    20.54139 eV ==== 
     psi = 0.085*[#   2]+0.085*[#   4]+0.011*[#   7]+0.011*[#   8]+0.011*[#  11]
          +0.011*[#  12]+0.009*[#   5]+0.009*[#   9]+0.004*[#   6]+0.004*[#  10]
          
    |psi|^2 = 0.242

 k =   0.0000000000  0.4618802154  0.0000000000
==== e(   1) =   -90.49885 eV ==== 
     psi = 0.497*[#   1]+0.497*[#   3]+0.001*[#   7]+0.001*[#   8]+0.001*[#  11]
          +0.001*[#  12]
    |psi|^2 = 1.000
==== e(   2) =   -90.49777 eV ==== 
     psi = 0.494*[#   1]+0.494*[#   3]+0.002*[#   2]+0.002*[#   4]+0.001*[#   6]
          +0.001*[#   7]+0.001*[#   8]+0.001*[#  10]+0.001*[#  11]+0.001*[#  12]
          
    |psi|^2 = 1.000
==== e(   3) =   -11.02956 eV ==== 
     psi = 0.404*[#   5]+0.404*[#   9]+0.089*[#   2]+0.089*[#   4]+0.002*[#   7]
          +0.002*[#   8]+0.002*[#  11]+0.002*[#  12]
    |psi|^2 = 0.995
==== e(   4) =   -10.22230 eV ==== 
     psi = 0.492*[#   5]+0.492*[#   9]+0.001*[#   7]+0.001*[#   8]+0.001*[#  11]
          +0.001*[#  12]
    |psi|^2 = 0.989
==== e(   5) =     0.75642 eV ==== 
     psi = 0.185*[#   7]+0.185*[#   8]+0.185*[#  11]+0.185*[#  12]+0.073*[#   6]
          +0.073*[#  10]+0.027*[#   2]+0.027*[#   4]+0.009*[#   5]+0.009*[#   9]
          
    |psi|^2 = 0.961
==== e(   6) =     2.27690 eV ==== 
     psi = 0.317*[#   6]+0.317*[#  10]+0.061*[#   7]+0.061*[#   8]+0.061*[#  11]
          +0.061*[#  12]+0.039*[#   2]+0.039*[#   4]+0.008*[#   5]+0.008*[#   9]
          +0.001*[#   1]+0.001*[#   3]
    |psi|^2 = 0.975
==== e(   7) =     2.42223 eV ==== 
     psi = 0.183*[#   7]+0.183*[#   8]+0.183*[#  11]+0.183*[#  12]+0.066*[#   6]
          +0.066*[#  10]+0.050*[#   2]+0.050*[#   4]+0.008*[#   5]+0.008*[#   9]
          +0.002*[#   1]+0.002*[#   3]
    |psi|^2 = 0.983
==== e(   8) =     3.60375 eV ==== 
     psi = 0.238*[#   7]+0.238*[#   8]+0.238*[#  11]+0.238*[#  12]
    |psi|^2 = 0.953
==== e(   9) =     4.61135 eV ==== 
     psi = 0.473*[#   6]+0.473*[#  10]+0.001*[#   2]+0.001*[#   4]
    |psi|^2 = 0.950
==== e(  10) =     5.24982 eV ==== 
     psi = 0.243*[#   7]+0.243*[#   8]+0.243*[#  11]+0.243*[#  12]
    |psi|^2 = 0.971
==== e(  11) =    15.78192 eV ==== 
     psi = 0.079*[#   2]+0.079*[#   4]+0.020*[#   5]+0.020*[#   9]+0.012*[#   6]
          +0.012*[#  10]+0.006*[#   7]+0.006*[#   8]+0.006*[#  11]+0.006*[#  12]
          
    |psi|^2 = 0.245
==== e(  12) =    16.66679 eV ==== 
     psi = 0.020*[#   2]+0.020*[#   4]+0.010*[#   6]+0.010*[#  10]+0.003*[#   5]
          +0.003*[#   9]+0.002*[#   7]+0.002*[#   8]+0.002*[#  11]+0.002*[#  12]
          
    |psi|^2 = 0.073
==== e(  13) =    19.07591 eV ==== 
     psi = 0.236*[#   2]+0.236*[#   4]+0.045*[#   5]+0.045*[#   9]+0.016*[#   7]
          +0.016*[#   8]+0.016*[#  11]+0.016*[#  12]+0.005*[#   6]+0.005*[#  10]
          
    |psi|^2 = 0.634
==== e(  14) =    21.22398 eV ==== 
     psi = 0.101*[#   2]+0.101*[#   4]+0.014*[#   7]+0.014*[#   8]+0.014*[#  11]
          +0.014*[#  12]+0.002*[#   6]+0.002*[#  10]+0.001*[#   5]+0.001*[#   9]
          +0.001*[#   1]+0.001*[#   3]
    |psi|^2 = 0.266

 k =   0.0000000000  0.4618802154  0.1231998600
==== e(   1) =   -90.49875 eV ==== 
     psi = 0.496*[#   1]+0.496*[#   3]+0.001*[#   7]+0.001*[#   8]+0.001*[#  11]
          +0.001*[#  12]
    |psi|^2 = 1.000
==== e(   2) =   -90.49787 eV ==== 
     psi = 0.494*[#   1]+0.494*[#   3]+0.002*[#   2]+0.002*[#   4]+0.001*[#   6]
          +0.001*[#   7]+0.001*[#   8]+0.001*[#  10]+0.001*[#  11]+0.001*[#  12]
          
    |psi|^2 = 1.000
==== e(   3) =   -10.95945 eV ==== 
     psi = 0.414*[#   5]+0.414*[#   9]+0.080*[#   2]+0.080*[#   4]+0.002*[#   7]
          +0.002*[#   8]+0.002*[#  11]+0.002*[#  12]
    |psi|^2 = 0.995
==== e(   4) =   -10.30716 eV ==== 
     psi = 0.486*[#   5]+0.486*[#   9]+0.006*[#   2]+0.006*[#   4]+0.001*[#   7]
          +0.001*[#   8]+0.001*[#  11]+0.001*[#  12]
    |psi|^2 = 0.989
==== e(   5) =     0.69267 eV ==== 
     psi = 0.173*[#   7]+0.173*[#   8]+0.173*[#  11]+0.173*[#  12]+0.089*[#   6]
          +0.089*[#  10]+0.044*[#   2]+0.044*[#   4]+0.006*[#   5]+0.006*[#   9]
          
    |psi|^2 = 0.971
==== e(   6) =     1.89989 eV ==== 
     psi = 0.177*[#   7]+0.177*[#   8]+0.177*[#  11]+0.177*[#  12]+0.073*[#   6]
          +0.073*[#  10]+0.045*[#   2]+0.045*[#   4]+0.015*[#   5]+0.015*[#   9]
          +0.002*[#   1]+0.002*[#   3]
    |psi|^2 = 0.978
==== e(   7) =     2.90874 eV ==== 
     psi = 0.333*[#   6]+0.333*[#  10]+0.060*[#   7]+0.060*[#   8]+0.060*[#  11]
          +0.060*[#  12]+0.028*[#   2]+0.028*[#   4]+0.002*[#   5]+0.002*[#   9]
          
    |psi|^2 = 0.968
==== e(   8) =     3.73936 eV ==== 
     psi = 0.238*[#   7]+0.238*[#   8]+0.238*[#  11]+0.238*[#  12]
    |psi|^2 = 0.954
==== e(   9) =     4.76857 eV ==== 
     psi = 0.431*[#   6]+0.431*[#  10]+0.024*[#   7]+0.024*[#   8]+0.024*[#  11]
          +0.024*[#  12]
    |psi|^2 = 0.960
==== e(  10) =     5.06567 eV ==== 
     psi = 0.242*[#   7]+0.242*[#   8]+0.242*[#  11]+0.242*[#  12]
    |psi|^2 = 0.967
==== e(  11) =    15.34942 eV ==== 
     psi = 0.092*[#   2]+0.092*[#   4]+0.023*[#   5]+0.023*[#   9]+0.007*[#   6]
          +0.007*[#  10]+0.004*[#   7]+0.004*[#   8]+0.004*[#  11]+0.004*[#  12]
          
    |psi|^2 = 0.261
==== e(  12) =    16.30203 eV ==== 
     psi = 0.032*[#   2]+0.032*[#   4]+0.007*[#   6]+0.007*[#  10]+0.005*[#   5]
          +0.005*[#   9]+0.002*[#   7]+0.002*[#   8]+0.002*[#  11]+0.002*[#  12]
          
    |psi|^2 = 0.097
==== e(  13) =    19.78311 eV ==== 
     psi = 0.182*[#   2]+0.182*[#   4]+0.028*[#   5]+0.028*[#   9]+0.015*[#   7]
          +0.015*[#   8]+0.015*[#  11]+0.015*[#  12]+0.010*[#   6]+0.010*[#  10]
          
    |psi|^2 = 0.501
==== e(  14) =    21.14039 eV ==== 
     psi = 0.119*[#   2]+0.119*[#   4]+0.013*[#   7]+0.013*[#   8]+0.013*[#  11]
          +0.013*[#  12]+0.007*[#   5]+0.007*[#   9]+0.004*[#   6]+0.004*[#  10]
          
    |psi|^2 = 0.315

 k =   0.0000000000  0.4618802154  0.2463997200
==== e(   1) =   -90.49848 eV ==== 
     psi = 0.496*[#   1]+0.496*[#   3]+0.001*[#   7]+0.001*[#   8]+0.001*[#  11]
          +0.001*[#  12]
    |psi|^2 = 1.000
==== e(   2) =   -90.49814 eV ==== 
     psi = 0.495*[#   1]+0.495*[#   3]+0.001*[#   2]+0.001*[#   4]+0.001*[#   6]
          +0.001*[#   7]+0.001*[#   8]+0.001*[#  10]+0.001*[#  11]+0.001*[#  12]
          
    |psi|^2 = 1.000
==== e(   3) =   -10.76952 eV ==== 
     psi = 0.438*[#   5]+0.438*[#   9]+0.055*[#   2]+0.055*[#   4]+0.001*[#   7]
          +0.001*[#   8]+0.001*[#  11]+0.001*[#  12]+0.001*[#   6]+0.001*[#  10]
          
    |psi|^2 = 0.993
==== e(   4) =   -10.52086 eV ==== 
     psi = 0.466*[#   5]+0.466*[#   9]+0.026*[#   2]+0.026*[#   4]+0.001*[#   6]
          +0.001*[#  10]
    |psi|^2 = 0.990
==== e(   5) =     0.80362 eV ==== 
     psi = 0.167*[#   7]+0.167*[#   8]+0.167*[#  11]+0.167*[#  12]+0.090*[#   6]
          +0.090*[#  10]+0.057*[#   2]+0.057*[#   4]+0.007*[#   5]+0.007*[#   9]
          +0.002*[#   1]+0.002*[#   3]
    |psi|^2 = 0.978
==== e(   6) =     1.25345 eV ==== 
     psi = 0.171*[#   7]+0.171*[#   8]+0.171*[#  11]+0.171*[#  12]+0.081*[#   6]
          +0.081*[#  10]+0.053*[#   2]+0.053*[#   4]+0.012*[#   5]+0.012*[#   9]
          +0.002*[#   1]+0.002*[#   3]
    |psi|^2 = 0.978
==== e(   7) =     3.87997 eV ==== 
     psi = 0.360*[#   6]+0.360*[#  10]+0.055*[#   7]+0.055*[#   8]+0.055*[#  11]
          +0.055*[#  12]+0.009*[#   2]+0.009*[#   4]+0.003*[#   5]+0.003*[#   9]
          
    |psi|^2 = 0.963
==== e(   8) =     4.11236 eV ==== 
     psi = 0.239*[#   7]+0.239*[#   8]+0.239*[#  11]+0.239*[#  12]
    |psi|^2 = 0.956
==== e(   9) =     4.61574 eV ==== 
     psi = 0.240*[#   7]+0.240*[#   8]+0.240*[#  11]+0.240*[#  12]
    |psi|^2 = 0.961
==== e(  10) =     4.64633 eV ==== 
     psi = 0.388*[#   6]+0.388*[#  10]+0.046*[#   7]+0.046*[#   8]+0.046*[#  11]
          +0.046*[#  12]+0.001*[#   2]+0.001*[#   4]+0.001*[#   5]+0.001*[#   9]
          
    |psi|^2 = 0.967
==== e(  11) =    15.07127 eV ==== 
     psi = 0.085*[#   2]+0.085*[#   4]+0.018*[#   5]+0.018*[#   9]+0.004*[#   6]
          +0.004*[#  10]+0.002*[#   7]+0.002*[#   8]+0.002*[#  11]+0.002*[#  12]
          
    |psi|^2 = 0.222
==== e(  12) =    15.58765 eV ==== 
     psi = 0.057*[#   2]+0.057*[#   4]+0.009*[#   5]+0.009*[#   9]+0.007*[#   6]
          +0.007*[#  10]+0.002*[#   7]+0.002*[#   8]+0.002*[#  11]+0.002*[#  12]
          
    |psi|^2 = 0.156
==== e(  13) =    20.24955 eV ==== 
     psi = 0.073*[#   2]+0.073*[#   4]+0.010*[#   7]+0.010*[#   8]+0.010*[#  11]
          +0.010*[#  12]+0.007*[#   5]+0.007*[#   9]+0.004*[#   6]+0.004*[#  10]
          
    |psi|^2 = 0.210
==== e(  14) =    20.89381 eV ==== 
     psi = 0.082*[#   2]+0.082*[#   4]+0.012*[#   7]+0.012*[#   8]+0.012*[#  11]
          +0.012*[#  12]+0.004*[#   5]+0.004*[#   9]+0.001*[#   6]+0.001*[#  10]
          
    |psi|^2 = 0.224

 k =   0.0000000000 -0.5773502692  0.0000000000
==== e(   1) =   -90.49857 eV ==== 
     psi = 0.496*[#   1]+0.496*[#   3]+0.001*[#   7]+0.001*[#   8]+0.001*[#  11]
          +0.001*[#  12]
    |psi|^2 = 1.000
==== e(   2) =   -90.49776 eV ==== 
     psi = 0.494*[#   1]+0.494*[#   3]+0.002*[#   2]+0.002*[#   4]+0.002*[#   7]
          +0.002*[#   8]+0.002*[#  11]+0.002*[#  12]+0.001*[#   6]+0.001*[#  10]
          
    |psi|^2 = 1.000
==== e(   3) =   -10.75940 eV ==== 
     psi = 0.438*[#   5]+0.438*[#   9]+0.058*[#   2]+0.058*[#   4]
    |psi|^2 = 0.994
==== e(   4) =   -10.25859 eV ==== 
     psi = 0.487*[#   5]+0.487*[#   9]+0.003*[#   7]+0.003*[#   8]+0.003*[#  11]
          +0.003*[#  12]+0.002*[#   2]+0.002*[#   4]
    |psi|^2 = 0.989
==== e(   5) =     0.44653 eV ==== 
     psi = 0.199*[#   7]+0.199*[#   8]+0.199*[#  11]+0.199*[#  12]+0.043*[#   2]
          +0.043*[#   4]+0.037*[#   6]+0.037*[#  10]+0.007*[#   5]+0.007*[#   9]
          
    |psi|^2 = 0.971
==== e(   6) =     2.07186 eV ==== 
     psi = 0.219*[#   7]+0.219*[#   8]+0.219*[#  11]+0.219*[#  12]+0.042*[#   2]
          +0.042*[#   4]+0.008*[#   5]+0.008*[#   9]+0.002*[#   1]+0.002*[#   3]
          
    |psi|^2 = 0.981
==== e(   7) =     2.75591 eV ==== 
     psi = 0.428*[#   6]+0.428*[#  10]+0.033*[#   2]+0.033*[#   4]+0.012*[#   7]
          +0.012*[#   8]+0.012*[#  11]+0.012*[#  12]
    |psi|^2 = 0.973
==== e(   8) =     3.47836 eV ==== 
     psi = 0.238*[#   7]+0.238*[#   8]+0.238*[#  11]+0.238*[#  12]
    |psi|^2 = 0.953
==== e(   9) =     4.15907 eV ==== 
     psi = 0.465*[#   6]+0.465*[#  10]+0.003*[#   2]+0.003*[#   4]
    |psi|^2 = 0.937
==== e(  10) =     5.16522 eV ==== 
     psi = 0.242*[#   7]+0.242*[#   8]+0.242*[#  11]+0.242*[#  12]
    |psi|^2 = 0.970
==== e(  11) =    15.82905 eV ==== 
     psi = 0.022*[#   6]+0.022*[#  10]+0.009*[#   2]+0.009*[#   4]+0.004*[#   5]
          +0.004*[#   9]
    |psi|^2 = 0.072
==== e(  12) =    16.25378 eV ==== 
     psi = 0.006*[#   2]+0.006*[#   4]+0.003*[#   7]+0.003*[#   8]+0.003*[#  11]
          +0.003*[#  12]+0.002*[#   5]+0.002*[#   9]
    |psi|^2 = 0.031
==== e(  13) =    19.35918 eV ==== 
     psi = 0.325*[#   2]+0.325*[#   4]+0.043*[#   5]+0.043*[#   9]+0.017*[#   7]
          +0.017*[#   8]+0.017*[#  11]+0.017*[#  12]+0.004*[#   6]+0.004*[#  10]
          +0.002*[#   1]+0.002*[#   3]
    |psi|^2 = 0.816
==== e(  14) =    21.00844 eV ==== 
     psi = 0.094*[#   2]+0.094*[#   4]+0.015*[#   7]+0.015*[#   8]+0.015*[#  11]
          +0.015*[#  12]+0.003*[#   6]+0.003*[#  10]+0.001*[#   1]+0.001*[#   3]
          
    |psi|^2 = 0.254

 k =   0.0000000000 -0.5773502692  0.1231998600
==== e(   1) =   -90.49849 eV ==== 
     psi = 0.496*[#   1]+0.496*[#   3]+0.001*[#   7]+0.001*[#   8]+0.001*[#  11]
          +0.001*[#  12]
    |psi|^2 = 1.000
==== e(   2) =   -90.49783 eV ==== 
     psi = 0.494*[#   1]+0.494*[#   3]+0.002*[#   2]+0.002*[#   4]+0.001*[#   7]
          +0.001*[#   8]+0.001*[#  11]+0.001*[#  12]+0.001*[#   6]+0.001*[#  10]
          
    |psi|^2 = 1.000
==== e(   3) =   -10.71331 eV ==== 
     psi = 0.445*[#   5]+0.445*[#   9]+0.050*[#   2]+0.050*[#   4]
    |psi|^2 = 0.993
==== e(   4) =   -10.30791 eV ==== 
     psi = 0.486*[#   5]+0.486*[#   9]+0.004*[#   2]+0.004*[#   4]+0.002*[#   7]
          +0.002*[#   8]+0.002*[#  11]+0.002*[#  12]
    |psi|^2 = 0.989
==== e(   5) =     0.39461 eV ==== 
     psi = 0.187*[#   7]+0.187*[#   8]+0.187*[#  11]+0.187*[#  12]+0.056*[#   6]
          +0.056*[#  10]+0.053*[#   2]+0.053*[#   4]+0.003*[#   5]+0.003*[#   9]
          +0.001*[#   1]+0.001*[#   3]
    |psi|^2 = 0.976
==== e(   6) =     1.62141 eV ==== 
     psi = 0.194*[#   7]+0.194*[#   8]+0.194*[#  11]+0.194*[#  12]+0.047*[#   6]
          +0.047*[#  10]+0.047*[#   2]+0.047*[#   4]+0.006*[#   5]+0.006*[#   9]
          +0.002*[#   1]+0.002*[#   3]
    |psi|^2 = 0.977
==== e(   7) =     3.18029 eV ==== 
     psi = 0.407*[#   6]+0.407*[#  10]+0.026*[#   7]+0.026*[#   8]+0.026*[#  11]
          +0.026*[#  12]+0.023*[#   2]+0.023*[#   4]+0.002*[#   5]+0.002*[#   9]
          
    |psi|^2 = 0.969
==== e(   8) =     3.61667 eV ==== 
     psi = 0.238*[#   7]+0.238*[#   8]+0.238*[#  11]+0.238*[#  12]
    |psi|^2 = 0.953
==== e(   9) =     4.47267 eV ==== 
     psi = 0.421*[#   6]+0.421*[#  10]+0.027*[#   7]+0.027*[#   8]+0.027*[#  11]
          +0.027*[#  12]+0.001*[#   2]+0.001*[#   4]
    |psi|^2 = 0.951
==== e(  10) =     4.97547 eV ==== 
     psi = 0.242*[#   7]+0.242*[#   8]+0.242*[#  11]+0.242*[#  12]
    |psi|^2 = 0.966
==== e(  11) =    15.28043 eV ==== 
     psi = 0.040*[#   2]+0.040*[#   4]+0.010*[#   5]+0.010*[#   9]+0.010*[#   6]
          +0.010*[#  10]
    |psi|^2 = 0.124
==== e(  12) =    16.03768 eV ==== 
     psi = 0.009*[#   2]+0.009*[#   4]+0.003*[#   5]+0.003*[#   9]+0.003*[#   7]
          +0.003*[#   8]+0.003*[#  11]+0.003*[#  12]+0.001*[#   6]+0.001*[#  10]
          
    |psi|^2 = 0.038
==== e(  13) =    20.28533 eV ==== 
     psi = 0.296*[#   2]+0.296*[#   4]+0.031*[#   5]+0.031*[#   9]+0.018*[#   7]
          +0.018*[#   8]+0.018*[#  11]+0.018*[#  12]+0.011*[#   6]+0.011*[#  10]
          +0.002*[#   1]+0.002*[#   3]
    |psi|^2 = 0.750
==== e(  14) =    20.62342 eV ==== 
     psi = 0.058*[#   2]+0.058*[#   4]+0.011*[#   7]+0.011*[#   8]+0.011*[#  11]
          +0.011*[#  12]+0.003*[#   6]+0.003*[#  10]
    |psi|^2 = 0.168

 k =   0.0000000000 -0.5773502692  0.2463997200
==== e(   1) =   -90.49829 eV ==== 
     psi = 0.495*[#   1]+0.495*[#   3]+0.001*[#   7]+0.001*[#   8]+0.001*[#  11]
          +0.001*[#  12]+0.001*[#   2]+0.001*[#   4]
    |psi|^2 = 1.000
==== e(   2) =   -90.49804 eV ==== 
     psi = 0.494*[#   1]+0.494*[#   3]+0.002*[#   2]+0.002*[#   4]+0.001*[#   7]
          +0.001*[#   8]+0.001*[#  11]+0.001*[#  12]+0.001*[#   6]+0.001*[#  10]
          
    |psi|^2 = 1.000
==== e(   3) =   -10.59075 eV ==== 
     psi = 0.463*[#   5]+0.463*[#   9]+0.031*[#   2]+0.031*[#   4]
    |psi|^2 = 0.991
==== e(   4) =   -10.43576 eV ==== 
     psi = 0.479*[#   5]+0.479*[#   9]+0.012*[#   2]+0.012*[#   4]+0.001*[#   7]
          +0.001*[#   8]+0.001*[#  11]+0.001*[#  12]
    |psi|^2 = 0.989
==== e(   5) =     0.48789 eV ==== 
     psi = 0.177*[#   7]+0.177*[#   8]+0.177*[#  11]+0.177*[#  12]+0.072*[#   6]
          +0.072*[#  10]+0.062*[#   2]+0.062*[#   4]+0.002*[#   1]+0.002*[#   3]
          
    |psi|^2 = 0.981
==== e(   6) =     0.92641 eV ==== 
     psi = 0.178*[#   7]+0.178*[#   8]+0.178*[#  11]+0.178*[#  12]+0.072*[#   6]
          +0.072*[#  10]+0.057*[#   2]+0.057*[#   4]+0.002*[#   5]+0.002*[#   9]
          +0.002*[#   1]+0.002*[#   3]
    |psi|^2 = 0.979
==== e(   7) =     3.99764 eV ==== 
     psi = 0.239*[#   7]+0.239*[#   8]+0.239*[#  11]+0.239*[#  12]
    |psi|^2 = 0.955
==== e(   8) =     4.03074 eV ==== 
     psi = 0.390*[#   6]+0.390*[#  10]+0.041*[#   7]+0.041*[#   8]+0.041*[#  11]
          +0.041*[#  12]+0.008*[#   2]+0.008*[#   4]+0.003*[#   5]+0.003*[#   9]
          
    |psi|^2 = 0.967
==== e(   9) =     4.51312 eV ==== 
     psi = 0.240*[#   7]+0.240*[#   8]+0.240*[#  11]+0.240*[#  12]
    |psi|^2 = 0.960
==== e(  10) =     4.60186 eV ==== 
     psi = 0.395*[#   6]+0.395*[#  10]+0.043*[#   7]+0.043*[#   8]+0.043*[#  11]
          +0.043*[#  12]
    |psi|^2 = 0.966
==== e(  11) =    14.91645 eV ==== 
     psi = 0.042*[#   2]+0.042*[#   4]+0.010*[#   5]+0.010*[#   9]
    |psi|^2 = 0.106
==== e(  12) =    15.39658 eV ==== 
     psi = 0.021*[#   2]+0.021*[#   4]+0.006*[#   5]+0.006*[#   9]+0.001*[#   7]
          +0.001*[#   8]+0.001*[#  11]+0.001*[#  12]+0.001*[#   6]+0.001*[#  10]
          
    |psi|^2 = 0.062
==== e(  13) =    20.40948 eV ==== 
     psi = 0.034*[#   2]+0.034*[#   4]+0.008*[#   7]+0.008*[#   8]+0.008*[#  11]
          +0.008*[#  12]+0.001*[#   6]+0.001*[#  10]
    |psi|^2 = 0.105
==== e(  14) =    20.89224 eV ==== 
     psi = 0.095*[#   2]+0.095*[#   4]+0.013*[#   7]+0.013*[#   8]+0.013*[#  11]
          +0.013*[#  12]+0.004*[#   5]+0.004*[#   9]+0.001*[#   6]+0.001*[#  10]
          
    |psi|^2 = 0.253

 k =   0.1000000000  0.1732050808  0.0000000000
==== e(   1) =   -90.50038 eV ==== 
     psi = 0.495*[#   1]+0.495*[#   3]+0.004*[#   2]+0.004*[#   4]
    |psi|^2 = 1.000
==== e(   2) =   -90.49823 eV ==== 
     psi = 0.495*[#   1]+0.495*[#   3]+0.002*[#   6]+0.002*[#  10]+0.001*[#   2]
          +0.001*[#   4]
    |psi|^2 = 1.000
==== e(   3) =   -12.11866 eV ==== 
     psi = 0.295*[#   5]+0.295*[#   9]+0.199*[#   2]+0.199*[#   4]+0.003*[#   1]
          +0.003*[#   3]
    |psi|^2 = 0.999
==== e(   4) =   -10.51575 eV ==== 
     psi = 0.464*[#   5]+0.464*[#   9]+0.029*[#   2]+0.029*[#   4]+0.001*[#   6]
          +0.001*[#  10]
    |psi|^2 = 0.992
==== e(   5) =     0.36863 eV ==== 
     psi = 0.434*[#   6]+0.434*[#  10]+0.042*[#   2]+0.042*[#   4]+0.003*[#   7]
          +0.003*[#   8]+0.003*[#  11]+0.003*[#  12]+0.001*[#   1]+0.001*[#   3]
          
    |psi|^2 = 0.967
==== e(   6) =     3.98441 eV ==== 
     psi = 0.230*[#   7]+0.230*[#   8]+0.230*[#  11]+0.230*[#  12]+0.019*[#   2]
          +0.019*[#   4]+0.003*[#   5]+0.003*[#   9]+0.002*[#   6]+0.002*[#  10]
          
    |psi|^2 = 0.970
==== e(   7) =     4.14447 eV ==== 
     psi = 0.227*[#   7]+0.227*[#   8]+0.227*[#  11]+0.227*[#  12]+0.017*[#   5]
          +0.017*[#   9]+0.011*[#   2]+0.011*[#   4]
    |psi|^2 = 0.966
==== e(   8) =     5.05398 eV ==== 
     psi = 0.233*[#   7]+0.233*[#   8]+0.233*[#  11]+0.233*[#  12]+0.013*[#   5]
          +0.013*[#   9]+0.010*[#   2]+0.010*[#   4]
    |psi|^2 = 0.978
==== e(   9) =     5.71722 eV ==== 
     psi = 0.245*[#   7]+0.245*[#   8]+0.245*[#  11]+0.245*[#  12]
    |psi|^2 = 0.980
==== e(  10) =     5.81923 eV ==== 
     psi = 0.489*[#   6]+0.489*[#  10]
    |psi|^2 = 0.979
==== e(  11) =    14.61529 eV ==== 
     psi = 0.252*[#   2]+0.252*[#   4]+0.159*[#   5]+0.159*[#   9]+0.021*[#   7]
          +0.021*[#   8]+0.021*[#  11]+0.021*[#  12]
    |psi|^2 = 0.906
==== e(  12) =    18.52826 eV ==== 
     psi = 0.039*[#   2]+0.039*[#   4]+0.008*[#   5]+0.008*[#   9]+0.003*[#   7]
          +0.003*[#   8]+0.003*[#  11]+0.003*[#  12]+0.001*[#   6]+0.001*[#  10]
          
    |psi|^2 = 0.106
==== e(  13) =    19.42600 eV ==== 
     psi = 0.222*[#   2]+0.222*[#   4]+0.034*[#   6]+0.034*[#  10]+0.017*[#   5]
          +0.017*[#   9]+0.003*[#   7]+0.003*[#   8]+0.003*[#  11]+0.003*[#  12]
          +0.002*[#   1]+0.002*[#   3]
    |psi|^2 = 0.559
==== e(  14) =    20.30399 eV ==== 
     psi = 0.022*[#   2]+0.022*[#   4]+0.011*[#   5]+0.011*[#   9]+0.006*[#   7]
          +0.006*[#   8]+0.006*[#  11]+0.006*[#  12]+0.001*[#   6]+0.001*[#  10]
          
    |psi|^2 = 0.091

 k =   0.1000000000  0.1732050808  0.1231998600
==== e(   1) =   -90.50017 eV ==== 
     psi = 0.496*[#   1]+0.496*[#   3]+0.003*[#   2]+0.003*[#   4]
    |psi|^2 = 1.000
==== e(   2) =   -90.49844 eV ==== 
     psi = 0.496*[#   1]+0.496*[#   3]+0.002*[#   6]+0.002*[#  10]
    |psi|^2 = 1.000
==== e(   3) =   -11.99480 eV ==== 
     psi = 0.306*[#   5]+0.306*[#   9]+0.188*[#   2]+0.188*[#   4]+0.003*[#   1]
          +0.003*[#   3]
    |psi|^2 = 0.998
==== e(   4) =   -10.70886 eV ==== 
     psi = 0.440*[#   5]+0.440*[#   9]+0.052*[#   2]+0.052*[#   4]+0.003*[#   6]
          +0.003*[#  10]
    |psi|^2 = 0.993
==== e(   5) =     0.81650 eV ==== 
     psi = 0.419*[#   6]+0.419*[#  10]+0.042*[#   2]+0.042*[#   4]+0.011*[#   5]
          +0.011*[#   9]+0.005*[#   7]+0.005*[#   8]+0.005*[#  11]+0.005*[#  12]
          +0.001*[#   1]+0.001*[#   3]
    |psi|^2 = 0.968
==== e(   6) =     4.08356 eV ==== 
     psi = 0.193*[#   7]+0.193*[#   8]+0.193*[#  11]+0.193*[#  12]+0.052*[#   6]
          +0.052*[#  10]+0.028*[#   5]+0.028*[#   9]+0.020*[#   2]+0.020*[#   4]
          
    |psi|^2 = 0.975
==== e(   7) =     4.11123 eV ==== 
     psi = 0.228*[#   7]+0.228*[#   8]+0.228*[#  11]+0.228*[#  12]+0.013*[#   2]
          +0.013*[#   4]+0.011*[#   6]+0.011*[#  10]+0.003*[#   5]+0.003*[#   9]
          
    |psi|^2 = 0.967
==== e(   8) =     4.81696 eV ==== 
     psi = 0.188*[#   7]+0.188*[#   8]+0.188*[#  11]+0.188*[#  12]+0.094*[#   6]
          +0.094*[#  10]+0.008*[#   5]+0.008*[#   9]+0.006*[#   2]+0.006*[#   4]
          
    |psi|^2 = 0.970
==== e(   9) =     5.58442 eV ==== 
     psi = 0.244*[#   7]+0.244*[#   8]+0.244*[#  11]+0.244*[#  12]
    |psi|^2 = 0.977
==== e(  10) =     5.60326 eV ==== 
     psi = 0.325*[#   6]+0.325*[#  10]+0.082*[#   7]+0.082*[#   8]+0.082*[#  11]
          +0.082*[#  12]
    |psi|^2 = 0.976
==== e(  11) =    14.84776 eV ==== 
     psi = 0.247*[#   2]+0.247*[#   4]+0.141*[#   5]+0.141*[#   9]+0.016*[#   7]
          +0.016*[#   8]+0.016*[#  11]+0.016*[#  12]+0.014*[#   6]+0.014*[#  10]
          
    |psi|^2 = 0.869
==== e(  12) =    17.86347 eV ==== 
     psi = 0.174*[#   2]+0.174*[#   4]+0.024*[#   5]+0.024*[#   9]+0.023*[#   6]
          +0.023*[#  10]+0.003*[#   7]+0.003*[#   8]+0.003*[#  11]+0.003*[#  12]
          
    |psi|^2 = 0.457
==== e(  13) =    19.59198 eV ==== 
     psi = 0.090*[#   2]+0.090*[#   4]+0.015*[#   6]+0.015*[#  10]+0.011*[#   5]
          +0.011*[#   9]+0.003*[#   7]+0.003*[#   8]+0.003*[#  11]+0.003*[#  12]
          
    |psi|^2 = 0.245
==== e(  14) =    20.26191 eV ==== 
     psi = 0.014*[#   2]+0.014*[#   4]+0.007*[#   5]+0.007*[#   9]+0.005*[#   7]
          +0.005*[#   8]+0.005*[#  11]+0.005*[#  12]+0.001*[#   6]+0.001*[#  10]
          
    |psi|^2 = 0.065

 k =   0.1000000000  0.1732050808  0.2463997200
==== e(   1) =   -90.49964 eV ==== 
     psi = 0.496*[#   1]+0.496*[#   3]+0.001*[#   2]+0.001*[#   4]+0.001*[#   6]
          +0.001*[#  10]
    |psi|^2 = 1.000
==== e(   2) =   -90.49897 eV ==== 
     psi = 0.497*[#   1]+0.497*[#   3]+0.002*[#   6]+0.002*[#  10]
    |psi|^2 = 1.000
==== e(   3) =   -11.64798 eV ==== 
     psi = 0.338*[#   5]+0.338*[#   9]+0.155*[#   2]+0.155*[#   4]+0.003*[#   6]
          +0.003*[#  10]+0.002*[#   1]+0.002*[#   3]
    |psi|^2 = 0.997
==== e(   4) =   -11.16313 eV ==== 
     psi = 0.388*[#   5]+0.388*[#   9]+0.104*[#   2]+0.104*[#   4]+0.004*[#   6]
          +0.004*[#  10]
    |psi|^2 = 0.996
==== e(   5) =     1.95565 eV ==== 
     psi = 0.377*[#   6]+0.377*[#  10]+0.041*[#   2]+0.041*[#   4]+0.031*[#   5]
          +0.031*[#   9]+0.018*[#   7]+0.018*[#   8]+0.018*[#  11]+0.018*[#  12]
          +0.001*[#   1]+0.001*[#   3]
    |psi|^2 = 0.974
==== e(   6) =     3.28923 eV ==== 
     psi = 0.278*[#   6]+0.278*[#  10]+0.067*[#   7]+0.067*[#   8]+0.067*[#  11]
          +0.067*[#  12]+0.041*[#   5]+0.041*[#   9]+0.036*[#   2]+0.036*[#   4]
          +0.001*[#   1]+0.001*[#   3]
    |psi|^2 = 0.981
==== e(   7) =     4.45961 eV ==== 
     psi = 0.214*[#   7]+0.214*[#   8]+0.214*[#  11]+0.214*[#  12]+0.046*[#   6]
          +0.046*[#  10]+0.005*[#   2]+0.005*[#   4]+0.002*[#   5]+0.002*[#   9]
          
    |psi|^2 = 0.963
==== e(   8) =     4.75287 eV ==== 
     psi = 0.198*[#   7]+0.198*[#   8]+0.198*[#  11]+0.198*[#  12]+0.085*[#   6]
          +0.085*[#  10]
    |psi|^2 = 0.963
==== e(   9) =     5.16060 eV ==== 
     psi = 0.204*[#   7]+0.204*[#   8]+0.204*[#  11]+0.204*[#  12]+0.075*[#   6]
          +0.075*[#  10]
    |psi|^2 = 0.967
==== e(  10) =     5.27031 eV ==== 
     psi = 0.242*[#   7]+0.242*[#   8]+0.242*[#  11]+0.242*[#  12]
    |psi|^2 = 0.969
==== e(  11) =    15.56869 eV ==== 
     psi = 0.242*[#   2]+0.242*[#   4]+0.099*[#   5]+0.099*[#   9]+0.035*[#   6]
          +0.035*[#  10]+0.009*[#   7]+0.009*[#   8]+0.009*[#  11]+0.009*[#  12]
          
    |psi|^2 = 0.789
==== e(  12) =    16.67408 eV ==== 
     psi = 0.233*[#   2]+0.233*[#   4]+0.057*[#   5]+0.057*[#   9]+0.039*[#   6]
          +0.039*[#  10]+0.005*[#   7]+0.005*[#   8]+0.005*[#  11]+0.005*[#  12]
          
    |psi|^2 = 0.679
==== e(  13) =    19.74353 eV ==== 
     psi = 0.027*[#   2]+0.027*[#   4]+0.007*[#   5]+0.007*[#   9]+0.005*[#   6]
          +0.005*[#  10]+0.004*[#   7]+0.004*[#   8]+0.004*[#  11]+0.004*[#  12]
          
    |psi|^2 = 0.096
==== e(  14) =    19.96216 eV ==== 
     psi = 0.011*[#   2]+0.011*[#   4]+0.005*[#   5]+0.005*[#   9]+0.004*[#   7]
          +0.004*[#   8]+0.004*[#  11]+0.004*[#  12]+0.002*[#   6]+0.002*[#  10]
          
    |psi|^2 = 0.055

 k =   0.1000000000  0.2886751346  0.0000000000
==== e(   1) =   -90.49975 eV ==== 
     psi = 0.496*[#   1]+0.496*[#   3]+0.001*[#   2]+0.001*[#   4]
    |psi|^2 = 1.000
==== e(   2) =   -90.49799 eV ==== 
     psi = 0.495*[#   1]+0.495*[#   3]+0.002*[#   6]+0.002*[#  10]+0.002*[#   2]
          +0.002*[#   4]
    |psi|^2 = 1.000
==== e(   3) =   -11.71311 eV ==== 
     psi = 0.331*[#   5]+0.331*[#   9]+0.162*[#   2]+0.162*[#   4]+0.002*[#   1]
          +0.002*[#   3]+0.002*[#   7]+0.002*[#   8]+0.002*[#  11]+0.002*[#  12]
          
    |psi|^2 = 0.998
==== e(   4) =   -10.34771 eV ==== 
     psi = 0.479*[#   5]+0.479*[#   9]+0.015*[#   2]+0.015*[#   4]
    |psi|^2 = 0.991
==== e(   5) =     0.87424 eV ==== 
     psi = 0.423*[#   6]+0.423*[#  10]+0.026*[#   2]+0.026*[#   4]+0.014*[#   7]
          +0.014*[#   8]+0.014*[#  11]+0.014*[#  12]
    |psi|^2 = 0.956
==== e(   6) =     2.75871 eV ==== 
     psi = 0.208*[#   7]+0.208*[#   8]+0.208*[#  11]+0.208*[#  12]+0.036*[#   2]
          +0.036*[#   4]+0.019*[#   5]+0.019*[#   9]+0.014*[#   6]+0.014*[#  10]
          
    |psi|^2 = 0.974
==== e(   7) =     3.33059 eV ==== 
     psi = 0.220*[#   7]+0.220*[#   8]+0.220*[#  11]+0.220*[#  12]+0.030*[#   2]
          +0.030*[#   4]+0.013*[#   5]+0.013*[#   9]+0.004*[#   6]+0.004*[#  10]
          
    |psi|^2 = 0.976
==== e(   8) =     4.37958 eV ==== 
     psi = 0.233*[#   7]+0.233*[#   8]+0.233*[#  11]+0.233*[#  12]+0.009*[#   5]
          +0.009*[#   9]+0.008*[#   2]+0.008*[#   4]
    |psi|^2 = 0.966
==== e(   9) =     5.35709 eV ==== 
     psi = 0.241*[#   7]+0.241*[#   8]+0.241*[#  11]+0.241*[#  12]+0.004*[#   6]
          +0.004*[#  10]
    |psi|^2 = 0.973
==== e(  10) =     5.45548 eV ==== 
     psi = 0.481*[#   6]+0.481*[#  10]+0.002*[#   7]+0.002*[#   8]+0.002*[#  11]
          +0.002*[#  12]
    |psi|^2 = 0.972
==== e(  11) =    15.48064 eV ==== 
     psi = 0.233*[#   2]+0.233*[#   4]+0.103*[#   5]+0.103*[#   9]+0.024*[#   7]
          +0.024*[#   8]+0.024*[#  11]+0.024*[#  12]
    |psi|^2 = 0.767
==== e(  12) =    18.03150 eV ==== 
     psi = 0.054*[#   2]+0.054*[#   4]+0.024*[#   6]+0.024*[#  10]+0.004*[#   5]
          +0.004*[#   9]+0.003*[#   7]+0.003*[#   8]+0.003*[#  11]+0.003*[#  12]
          
    |psi|^2 = 0.177
==== e(  13) =    19.24527 eV ==== 
     psi = 0.096*[#   2]+0.096*[#   4]+0.016*[#   5]+0.016*[#   9]+0.004*[#   7]
          +0.004*[#   8]+0.004*[#  11]+0.004*[#  12]+0.002*[#   6]+0.002*[#  10]
          
    |psi|^2 = 0.247
==== e(  14) =    20.68542 eV ==== 
     psi = 0.097*[#   2]+0.097*[#   4]+0.014*[#   5]+0.014*[#   9]+0.012*[#   7]
          +0.012*[#   8]+0.012*[#  11]+0.012*[#  12]+0.002*[#   6]+0.002*[#  10]
          
    |psi|^2 = 0.277

 k =   0.1000000000  0.2886751346  0.1231998600
==== e(   1) =   -90.49958 eV ==== 
     psi = 0.497*[#   1]+0.497*[#   3]
    |psi|^2 = 1.000
==== e(   2) =   -90.49816 eV ==== 
     psi = 0.495*[#   1]+0.495*[#   3]+0.002*[#   6]+0.002*[#  10]+0.001*[#   2]
          +0.001*[#   4]
    |psi|^2 = 1.000
==== e(   3) =   -11.60419 eV ==== 
     psi = 0.342*[#   5]+0.342*[#   9]+0.150*[#   2]+0.150*[#   4]+0.002*[#   7]
          +0.002*[#   8]+0.002*[#  11]+0.002*[#  12]+0.002*[#   1]+0.002*[#   3]
          
    |psi|^2 = 0.997
==== e(   4) =   -10.50602 eV ==== 
     psi = 0.460*[#   5]+0.460*[#   9]+0.032*[#   2]+0.032*[#   4]+0.002*[#   6]
          +0.002*[#  10]
    |psi|^2 = 0.992
==== e(   5) =     1.15210 eV ==== 
     psi = 0.379*[#   6]+0.379*[#  10]+0.036*[#   2]+0.036*[#   4]+0.029*[#   7]
          +0.029*[#   8]+0.029*[#  11]+0.029*[#  12]+0.009*[#   5]+0.009*[#   9]
          
    |psi|^2 = 0.965
==== e(   6) =     2.82901 eV ==== 
     psi = 0.192*[#   7]+0.192*[#   8]+0.192*[#  11]+0.192*[#  12]+0.040*[#   6]
          +0.040*[#  10]+0.032*[#   2]+0.032*[#   4]+0.029*[#   5]+0.029*[#   9]
          +0.001*[#   1]+0.001*[#   3]
    |psi|^2 = 0.972
==== e(   7) =     3.39063 eV ==== 
     psi = 0.201*[#   7]+0.201*[#   8]+0.201*[#  11]+0.201*[#  12]+0.050*[#   6]
          +0.050*[#  10]+0.026*[#   2]+0.026*[#   4]+0.007*[#   5]+0.007*[#   9]
          
    |psi|^2 = 0.972
==== e(   8) =     4.25334 eV ==== 
     psi = 0.211*[#   7]+0.211*[#   8]+0.211*[#  11]+0.211*[#  12]+0.049*[#   6]
          +0.049*[#  10]+0.005*[#   2]+0.005*[#   4]+0.004*[#   5]+0.004*[#   9]
          
    |psi|^2 = 0.960
==== e(   9) =     5.16395 eV ==== 
     psi = 0.214*[#   7]+0.214*[#   8]+0.214*[#  11]+0.214*[#  12]+0.056*[#   6]
          +0.056*[#  10]
    |psi|^2 = 0.969
==== e(  10) =     5.39576 eV ==== 
     psi = 0.339*[#   6]+0.339*[#  10]+0.074*[#   7]+0.074*[#   8]+0.074*[#  11]
          +0.074*[#  12]
    |psi|^2 = 0.972
==== e(  11) =    15.44017 eV ==== 
     psi = 0.222*[#   2]+0.222*[#   4]+0.090*[#   5]+0.090*[#   9]+0.018*[#   7]
          +0.018*[#   8]+0.018*[#  11]+0.018*[#  12]+0.006*[#   6]+0.006*[#  10]
          
    |psi|^2 = 0.710
==== e(  12) =    17.49055 eV ==== 
     psi = 0.106*[#   2]+0.106*[#   4]+0.026*[#   6]+0.026*[#  10]+0.010*[#   5]
          +0.010*[#   9]+0.003*[#   7]+0.003*[#   8]+0.003*[#  11]+0.003*[#  12]
          
    |psi|^2 = 0.297
==== e(  13) =    19.47848 eV ==== 
     psi = 0.063*[#   2]+0.063*[#   4]+0.013*[#   5]+0.013*[#   9]+0.006*[#   7]
          +0.006*[#   8]+0.006*[#  11]+0.006*[#  12]+0.002*[#   6]+0.002*[#  10]
          
    |psi|^2 = 0.183
==== e(  14) =    20.43715 eV ==== 
     psi = 0.078*[#   2]+0.078*[#   4]+0.010*[#   7]+0.010*[#   8]+0.010*[#  11]
          +0.010*[#  12]+0.009*[#   5]+0.009*[#   9]+0.002*[#   6]+0.002*[#  10]
          
    |psi|^2 = 0.217

 k =   0.1000000000  0.2886751346  0.2463997200
==== e(   1) =   -90.49914 eV ==== 
     psi = 0.497*[#   1]+0.497*[#   3]
    |psi|^2 = 1.000
==== e(   2) =   -90.49860 eV ==== 
     psi = 0.496*[#   1]+0.496*[#   3]+0.002*[#   6]+0.002*[#  10]
    |psi|^2 = 1.000
==== e(   3) =   -11.30173 eV ==== 
     psi = 0.373*[#   5]+0.373*[#   9]+0.119*[#   2]+0.119*[#   4]+0.002*[#   6]
          +0.002*[#  10]+0.002*[#   7]+0.002*[#   8]+0.002*[#  11]+0.002*[#  12]
          +0.001*[#   1]+0.001*[#   3]
    |psi|^2 = 0.996
==== e(   4) =   -10.88611 eV ==== 
     psi = 0.418*[#   5]+0.418*[#   9]+0.073*[#   2]+0.073*[#   4]+0.003*[#   6]
          +0.003*[#  10]+0.001*[#   7]+0.001*[#   8]+0.001*[#  11]+0.001*[#  12]
          
    |psi|^2 = 0.994
==== e(   5) =     1.80706 eV ==== 
     psi = 0.265*[#   6]+0.265*[#  10]+0.075*[#   7]+0.075*[#   8]+0.075*[#  11]
          +0.075*[#  12]+0.047*[#   2]+0.047*[#   4]+0.026*[#   5]+0.026*[#   9]
          +0.001*[#   1]+0.001*[#   3]
    |psi|^2 = 0.978
==== e(   6) =     2.50435 eV ==== 
     psi = 0.137*[#   7]+0.137*[#   8]+0.137*[#  11]+0.137*[#  12]+0.136*[#   6]
          +0.136*[#  10]+0.043*[#   2]+0.043*[#   4]+0.036*[#   5]+0.036*[#   9]
          +0.002*[#   1]+0.002*[#   3]
    |psi|^2 = 0.981
==== e(   7) =     3.85783 eV ==== 
     psi = 0.161*[#   6]+0.161*[#  10]+0.156*[#   7]+0.156*[#   8]+0.156*[#  11]
          +0.156*[#  12]+0.006*[#   2]+0.006*[#   4]
    |psi|^2 = 0.957
==== e(   8) =     4.28661 eV ==== 
     psi = 0.183*[#   7]+0.183*[#   8]+0.183*[#  11]+0.183*[#  12]+0.111*[#   6]
          +0.111*[#  10]+0.001*[#   2]+0.001*[#   4]
    |psi|^2 = 0.958
==== e(   9) =     4.76823 eV ==== 
     psi = 0.207*[#   7]+0.207*[#   8]+0.207*[#  11]+0.207*[#  12]+0.065*[#   6]
          +0.065*[#  10]
    |psi|^2 = 0.961
==== e(  10) =     4.98148 eV ==== 
     psi = 0.167*[#   7]+0.167*[#   8]+0.167*[#  11]+0.167*[#  12]+0.148*[#   6]
          +0.148*[#  10]
    |psi|^2 = 0.964
==== e(  11) =    15.69757 eV ==== 
     psi = 0.200*[#   2]+0.200*[#   4]+0.059*[#   5]+0.059*[#   9]+0.021*[#   6]
          +0.021*[#  10]+0.010*[#   7]+0.010*[#   8]+0.010*[#  11]+0.010*[#  12]
          
    |psi|^2 = 0.601
==== e(  12) =    16.49957 eV ==== 
     psi = 0.165*[#   2]+0.165*[#   4]+0.029*[#   5]+0.029*[#   9]+0.029*[#   6]
          +0.029*[#  10]+0.005*[#   7]+0.005*[#   8]+0.005*[#  11]+0.005*[#  12]
          
    |psi|^2 = 0.468
==== e(  13) =    19.73922 eV ==== 
     psi = 0.044*[#   2]+0.044*[#   4]+0.011*[#   5]+0.011*[#   9]+0.008*[#   7]
          +0.008*[#   8]+0.008*[#  11]+0.008*[#  12]+0.002*[#   6]+0.002*[#  10]
          
    |psi|^2 = 0.144
==== e(  14) =    20.03640 eV ==== 
     psi = 0.053*[#   2]+0.053*[#   4]+0.009*[#   5]+0.009*[#   9]+0.009*[#   7]
          +0.009*[#   8]+0.009*[#  11]+0.009*[#  12]+0.002*[#   6]+0.002*[#  10]
          
    |psi|^2 = 0.164

 k =   0.1000000000  0.4041451884  0.0000000000
==== e(   1) =   -90.49906 eV ==== 
     psi = 0.497*[#   1]+0.497*[#   3]+0.001*[#   7]+0.001*[#   8]+0.001*[#  11]
          +0.001*[#  12]
    |psi|^2 = 1.000
==== e(   2) =   -90.49780 eV ==== 
     psi = 0.494*[#   1]+0.494*[#   3]+0.002*[#   2]+0.002*[#   4]+0.002*[#   6]
          +0.002*[#  10]+0.001*[#   7]+0.001*[#   8]+0.001*[#  11]+0.001*[#  12]
          
    |psi|^2 = 1.000
==== e(   3) =   -11.21317 eV ==== 
     psi = 0.382*[#   5]+0.382*[#   9]+0.110*[#   2]+0.110*[#   4]+0.002*[#   7]
          +0.002*[#   8]+0.002*[#  11]+0.002*[#  12]
    |psi|^2 = 0.996
==== e(   4) =   -10.22190 eV ==== 
     psi = 0.491*[#   5]+0.491*[#   9]+0.002*[#   2]+0.002*[#   4]
    |psi|^2 = 0.989
==== e(   5) =     1.11757 eV ==== 
     psi = 0.168*[#   6]+0.168*[#  10]+0.144*[#   7]+0.144*[#   8]+0.144*[#  11]
          +0.144*[#  12]+0.009*[#   2]+0.009*[#   4]+0.008*[#   5]+0.008*[#   9]
          
    |psi|^2 = 0.949
==== e(   6) =     2.00929 eV ==== 
     psi = 0.254*[#   6]+0.254*[#  10]+0.088*[#   7]+0.088*[#   8]+0.088*[#  11]
          +0.088*[#  12]+0.047*[#   2]+0.047*[#   4]+0.010*[#   5]+0.010*[#   9]
          +0.001*[#   1]+0.001*[#   3]
    |psi|^2 = 0.975
==== e(   7) =     2.68788 eV ==== 
     psi = 0.204*[#   7]+0.204*[#   8]+0.204*[#  11]+0.204*[#  12]+0.048*[#   2]
          +0.048*[#   4]+0.025*[#   6]+0.025*[#  10]+0.010*[#   5]+0.010*[#   9]
          +0.001*[#   1]+0.001*[#   3]
    |psi|^2 = 0.984
==== e(   8) =     3.70279 eV ==== 
     psi = 0.231*[#   7]+0.231*[#   8]+0.231*[#  11]+0.231*[#  12]+0.009*[#   2]
          +0.009*[#   4]+0.004*[#   6]+0.004*[#  10]+0.003*[#   5]+0.003*[#   9]
          
    |psi|^2 = 0.959
==== e(   9) =     4.88651 eV ==== 
     psi = 0.438*[#   6]+0.438*[#  10]+0.020*[#   7]+0.020*[#   8]+0.020*[#  11]
          +0.020*[#  12]
    |psi|^2 = 0.958
==== e(  10) =     5.06777 eV ==== 
     psi = 0.221*[#   7]+0.221*[#   8]+0.221*[#  11]+0.221*[#  12]+0.041*[#   6]
          +0.041*[#  10]+0.002*[#   2]+0.002*[#   4]+0.001*[#   5]+0.001*[#   9]
          
    |psi|^2 = 0.970
==== e(  11) =    16.02887 eV ==== 
     psi = 0.128*[#   2]+0.128*[#   4]+0.035*[#   5]+0.035*[#   9]+0.012*[#   7]
          +0.012*[#   8]+0.012*[#  11]+0.012*[#  12]+0.008*[#   6]+0.008*[#  10]
          
    |psi|^2 = 0.390
==== e(  12) =    17.10407 eV ==== 
     psi = 0.071*[#   2]+0.071*[#   4]+0.013*[#   6]+0.013*[#  10]+0.010*[#   5]
          +0.010*[#   9]+0.007*[#   7]+0.007*[#   8]+0.007*[#  11]+0.007*[#  12]
          
    |psi|^2 = 0.216
==== e(  13) =    19.01235 eV ==== 
     psi = 0.119*[#   2]+0.119*[#   4]+0.030*[#   5]+0.030*[#   9]+0.011*[#   7]
          +0.011*[#   8]+0.011*[#  11]+0.011*[#  12]+0.001*[#   6]+0.001*[#  10]
          
    |psi|^2 = 0.343
==== e(  14) =    21.20148 eV ==== 
     psi = 0.080*[#   2]+0.080*[#   4]+0.013*[#   7]+0.013*[#   8]+0.013*[#  11]
          +0.013*[#  12]
    |psi|^2 = 0.214

 k =   0.1000000000  0.4041451884  0.1231998600
==== e(   1) =   -90.49894 eV ==== 
     psi = 0.497*[#   1]+0.497*[#   3]+0.001*[#   7]+0.001*[#   8]+0.001*[#  11]
          +0.001*[#  12]
    |psi|^2 = 1.000
==== e(   2) =   -90.49792 eV ==== 
     psi = 0.494*[#   1]+0.494*[#   3]+0.002*[#   2]+0.002*[#   4]+0.002*[#   6]
          +0.002*[#  10]+0.001*[#   7]+0.001*[#   8]+0.001*[#  11]+0.001*[#  12]
          
    |psi|^2 = 1.000
==== e(   3) =   -11.12971 eV ==== 
     psi = 0.392*[#   5]+0.392*[#   9]+0.100*[#   2]+0.100*[#   4]+0.002*[#   7]
          +0.002*[#   8]+0.002*[#  11]+0.002*[#  12]
    |psi|^2 = 0.996
==== e(   4) =   -10.32984 eV ==== 
     psi = 0.481*[#   5]+0.481*[#   9]+0.011*[#   2]+0.011*[#   4]
    |psi|^2 = 0.990
==== e(   5) =     1.06851 eV ==== 
     psi = 0.153*[#   6]+0.153*[#  10]+0.143*[#   7]+0.143*[#   8]+0.143*[#  11]
          +0.143*[#  12]+0.036*[#   2]+0.036*[#   4]+0.008*[#   5]+0.008*[#   9]
          
    |psi|^2 = 0.966
==== e(   6) =     2.04201 eV ==== 
     psi = 0.151*[#   7]+0.151*[#   8]+0.151*[#  11]+0.151*[#  12]+0.121*[#   6]
          +0.121*[#  10]+0.042*[#   2]+0.042*[#   4]+0.022*[#   5]+0.022*[#   9]
          +0.001*[#   1]+0.001*[#   3]
    |psi|^2 = 0.975
==== e(   7) =     2.89203 eV ==== 
     psi = 0.195*[#   6]+0.195*[#  10]+0.129*[#   7]+0.129*[#   8]+0.129*[#  11]
          +0.129*[#  12]+0.027*[#   2]+0.027*[#   4]+0.002*[#   5]+0.002*[#   9]
          
    |psi|^2 = 0.967
==== e(   8) =     3.72525 eV ==== 
     psi = 0.217*[#   7]+0.217*[#   8]+0.217*[#  11]+0.217*[#  12]+0.035*[#   6]
          +0.035*[#  10]+0.008*[#   2]+0.008*[#   4]+0.001*[#   5]+0.001*[#   9]
          
    |psi|^2 = 0.957
==== e(   9) =     4.77764 eV ==== 
     psi = 0.176*[#   7]+0.176*[#   8]+0.176*[#  11]+0.176*[#  12]+0.129*[#   6]
          +0.129*[#  10]+0.001*[#   2]+0.001*[#   4]
    |psi|^2 = 0.965
==== e(  10) =     5.07823 eV ==== 
     psi = 0.291*[#   6]+0.291*[#  10]+0.095*[#   7]+0.095*[#   8]+0.095*[#  11]
          +0.095*[#  12]
    |psi|^2 = 0.966
==== e(  11) =    15.71584 eV ==== 
     psi = 0.134*[#   2]+0.134*[#   4]+0.035*[#   5]+0.035*[#   9]+0.010*[#   7]
          +0.010*[#   8]+0.010*[#  11]+0.010*[#  12]+0.005*[#   6]+0.005*[#  10]
          
    |psi|^2 = 0.388
==== e(  12) =    16.80621 eV ==== 
     psi = 0.068*[#   2]+0.068*[#   4]+0.013*[#   6]+0.013*[#  10]+0.008*[#   5]
          +0.008*[#   9]+0.006*[#   7]+0.006*[#   8]+0.006*[#  11]+0.006*[#  12]
          
    |psi|^2 = 0.202
==== e(  13) =    19.35973 eV ==== 
     psi = 0.098*[#   2]+0.098*[#   4]+0.021*[#   5]+0.021*[#   9]+0.011*[#   7]
          +0.011*[#   8]+0.011*[#  11]+0.011*[#  12]+0.004*[#   6]+0.004*[#  10]
          
    |psi|^2 = 0.287
==== e(  14) =    21.03615 eV ==== 
     psi = 0.071*[#   2]+0.071*[#   4]+0.012*[#   7]+0.012*[#   8]+0.012*[#  11]
          +0.012*[#  12]+0.002*[#   5]+0.002*[#   9]
    |psi|^2 = 0.199

 k =   0.1000000000  0.4041451884  0.2463997200
==== e(   1) =   -90.49863 eV ==== 
     psi = 0.496*[#   1]+0.496*[#   3]+0.001*[#   7]+0.001*[#   8]+0.001*[#  11]
          +0.001*[#  12]
    |psi|^2 = 1.000
==== e(   2) =   -90.49824 eV ==== 
     psi = 0.495*[#   1]+0.495*[#   3]+0.001*[#   6]+0.001*[#  10]+0.001*[#   7]
          +0.001*[#   8]+0.001*[#  11]+0.001*[#  12]
    |psi|^2 = 1.000
==== e(   3) =   -10.90146 eV ==== 
     psi = 0.420*[#   5]+0.420*[#   9]+0.072*[#   2]+0.072*[#   4]+0.002*[#   7]
          +0.002*[#   8]+0.002*[#  11]+0.002*[#  12]+0.001*[#   6]+0.001*[#  10]
          
    |psi|^2 = 0.994
==== e(   4) =   -10.59721 eV ==== 
     psi = 0.454*[#   5]+0.454*[#   9]+0.038*[#   2]+0.038*[#   4]+0.002*[#   6]
          +0.002*[#  10]+0.001*[#   7]+0.001*[#   8]+0.001*[#  11]+0.001*[#  12]
          
    |psi|^2 = 0.992
==== e(   5) =     1.21407 eV ==== 
     psi = 0.151*[#   7]+0.151*[#   8]+0.151*[#  11]+0.151*[#  12]+0.120*[#   6]
          +0.120*[#  10]+0.052*[#   2]+0.052*[#   4]+0.013*[#   5]+0.013*[#   9]
          +0.001*[#   1]+0.001*[#   3]
    |psi|^2 = 0.978
==== e(   6) =     1.63136 eV ==== 
     psi = 0.163*[#   7]+0.163*[#   8]+0.163*[#  11]+0.163*[#  12]+0.092*[#   6]
          +0.092*[#  10]+0.050*[#   2]+0.050*[#   4]+0.020*[#   5]+0.020*[#   9]
          +0.002*[#   1]+0.002*[#   3]
    |psi|^2 = 0.979
==== e(   7) =     3.58190 eV ==== 
     psi = 0.201*[#   6]+0.201*[#  10]+0.135*[#   7]+0.135*[#   8]+0.135*[#  11]
          +0.135*[#  12]+0.005*[#   2]+0.005*[#   4]+0.001*[#   5]+0.001*[#   9]
          
    |psi|^2 = 0.955
==== e(   8) =     4.03741 eV ==== 
     psi = 0.166*[#   7]+0.166*[#   8]+0.166*[#  11]+0.166*[#  12]+0.142*[#   6]
          +0.142*[#  10]+0.004*[#   2]+0.004*[#   4]+0.001*[#   5]+0.001*[#   9]
          
    |psi|^2 = 0.958
==== e(   9) =     4.40924 eV ==== 
     psi = 0.192*[#   7]+0.192*[#   8]+0.192*[#  11]+0.192*[#  12]+0.092*[#   6]
          +0.092*[#  10]+0.003*[#   2]+0.003*[#   4]
    |psi|^2 = 0.959
==== e(  10) =     4.87674 eV ==== 
     psi = 0.264*[#   6]+0.264*[#  10]+0.109*[#   7]+0.109*[#   8]+0.109*[#  11]
          +0.109*[#  12]
    |psi|^2 = 0.964
==== e(  11) =    15.56142 eV ==== 
     psi = 0.121*[#   2]+0.121*[#   4]+0.025*[#   5]+0.025*[#   9]+0.008*[#   6]
          +0.008*[#  10]+0.006*[#   7]+0.006*[#   8]+0.006*[#  11]+0.006*[#  12]
          
    |psi|^2 = 0.335
==== e(  12) =    16.09299 eV ==== 
     psi = 0.091*[#   2]+0.091*[#   4]+0.013*[#   6]+0.013*[#  10]+0.013*[#   5]
          +0.013*[#   9]+0.005*[#   7]+0.005*[#   8]+0.005*[#  11]+0.005*[#  12]
          
    |psi|^2 = 0.254
==== e(  13) =    19.87275 eV ==== 
     psi = 0.067*[#   2]+0.067*[#   4]+0.010*[#   7]+0.010*[#   8]+0.010*[#  11]
          +0.010*[#  12]+0.009*[#   5]+0.009*[#   9]+0.003*[#   6]+0.003*[#  10]
          
    |psi|^2 = 0.202
==== e(  14) =    20.48187 eV ==== 
     psi = 0.065*[#   2]+0.065*[#   4]+0.011*[#   7]+0.011*[#   8]+0.011*[#  11]
          +0.011*[#  12]+0.005*[#   5]+0.005*[#   9]+0.002*[#   6]+0.002*[#  10]
          
    |psi|^2 = 0.189

 k =   0.1000000000  0.5196152423  0.0000000000
==== e(   1) =   -90.49857 eV ==== 
     psi = 0.496*[#   1]+0.496*[#   3]+0.001*[#   7]+0.001*[#   8]+0.001*[#  11]
          +0.001*[#  12]
    |psi|^2 = 1.000
==== e(   2) =   -90.49776 eV ==== 
     psi = 0.494*[#   1]+0.494*[#   3]+0.002*[#   2]+0.002*[#   4]+0.001*[#   7]
          +0.001*[#   8]+0.001*[#  11]+0.001*[#  12]+0.001*[#   6]+0.001*[#  10]
          
    |psi|^2 = 1.000
==== e(   3) =   -10.78835 eV ==== 
     psi = 0.431*[#   5]+0.431*[#   9]+0.063*[#   2]+0.063*[#   4]+0.001*[#   7]
          +0.001*[#   8]+0.001*[#  11]+0.001*[#  12]
    |psi|^2 = 0.994
==== e(   4) =   -10.22881 eV ==== 
     psi = 0.490*[#   5]+0.490*[#   9]+0.002*[#   7]+0.002*[#   8]+0.002*[#  11]
          +0.002*[#  12]+0.001*[#   2]+0.001*[#   4]
    |psi|^2 = 0.989
==== e(   5) =     0.58958 eV ==== 
     psi = 0.202*[#   7]+0.202*[#   8]+0.202*[#  11]+0.202*[#  12]+0.036*[#   2]
          +0.036*[#   4]+0.035*[#   6]+0.035*[#  10]+0.008*[#   5]+0.008*[#   9]
          
    |psi|^2 = 0.967
==== e(   6) =     2.19199 eV ==== 
     psi = 0.212*[#   7]+0.212*[#   8]+0.212*[#  11]+0.212*[#  12]+0.036*[#   2]
          +0.036*[#   4]+0.019*[#   6]+0.019*[#  10]+0.009*[#   5]+0.009*[#   9]
          +0.001*[#   1]+0.001*[#   3]
    |psi|^2 = 0.978
==== e(   7) =     2.59891 eV ==== 
     psi = 0.368*[#   6]+0.368*[#  10]+0.043*[#   7]+0.043*[#   8]+0.043*[#  11]
          +0.043*[#  12]+0.026*[#   2]+0.026*[#   4]
    |psi|^2 = 0.962
==== e(   8) =     3.37117 eV ==== 
     psi = 0.210*[#   7]+0.210*[#   8]+0.210*[#  11]+0.210*[#  12]+0.042*[#   6]
          +0.042*[#  10]+0.018*[#   2]+0.018*[#   4]
    |psi|^2 = 0.963
==== e(   9) =     4.25222 eV ==== 
     psi = 0.450*[#   6]+0.450*[#  10]+0.009*[#   7]+0.009*[#   8]+0.009*[#  11]
          +0.009*[#  12]+0.002*[#   2]+0.002*[#   4]
    |psi|^2 = 0.943
==== e(  10) =     4.89189 eV ==== 
     psi = 0.231*[#   7]+0.231*[#   8]+0.231*[#  11]+0.231*[#  12]+0.018*[#   6]
          +0.018*[#  10]+0.004*[#   2]+0.004*[#   4]+0.001*[#   5]+0.001*[#   9]
          
    |psi|^2 = 0.970
==== e(  11) =    15.87368 eV ==== 
     psi = 0.018*[#   6]+0.018*[#  10]+0.013*[#   2]+0.013*[#   4]+0.003*[#   5]
          +0.003*[#   9]+0.003*[#   7]+0.003*[#   8]+0.003*[#  11]+0.003*[#  12]
          
    |psi|^2 = 0.079
==== e(  12) =    16.78053 eV ==== 
     psi = 0.023*[#   2]+0.023*[#   4]+0.005*[#   7]+0.005*[#   8]+0.005*[#  11]
          +0.005*[#  12]+0.005*[#   5]+0.005*[#   9]+0.001*[#   6]+0.001*[#  10]
          
    |psi|^2 = 0.080
==== e(  13) =    19.19346 eV ==== 
     psi = 0.250*[#   2]+0.250*[#   4]+0.036*[#   5]+0.036*[#   9]+0.016*[#   7]
          +0.016*[#   8]+0.016*[#  11]+0.016*[#  12]+0.001*[#   1]+0.001*[#   3]
          
    |psi|^2 = 0.638
==== e(  14) =    21.00098 eV ==== 
     psi = 0.084*[#   2]+0.084*[#   4]+0.014*[#   7]+0.014*[#   8]+0.014*[#  11]
          +0.014*[#  12]+0.003*[#   6]+0.003*[#  10]
    |psi|^2 = 0.231

 k =   0.1000000000  0.5196152423  0.1231998600
==== e(   1) =   -90.49849 eV ==== 
     psi = 0.496*[#   1]+0.496*[#   3]+0.001*[#   7]+0.001*[#   8]+0.001*[#  11]
          +0.001*[#  12]
    |psi|^2 = 1.000
==== e(   2) =   -90.49783 eV ==== 
     psi = 0.494*[#   1]+0.494*[#   3]+0.002*[#   2]+0.002*[#   4]+0.001*[#   7]
          +0.001*[#   8]+0.001*[#  11]+0.001*[#  12]+0.001*[#   6]+0.001*[#  10]
          
    |psi|^2 = 1.000
==== e(   3) =   -10.73767 eV ==== 
     psi = 0.440*[#   5]+0.440*[#   9]+0.055*[#   2]+0.055*[#   4]
    |psi|^2 = 0.993
==== e(   4) =   -10.28495 eV ==== 
     psi = 0.488*[#   5]+0.488*[#   9]+0.003*[#   2]+0.003*[#   4]+0.001*[#   7]
          +0.001*[#   8]+0.001*[#  11]+0.001*[#  12]
    |psi|^2 = 0.989
==== e(   5) =     0.55680 eV ==== 
     psi = 0.189*[#   7]+0.189*[#   8]+0.189*[#  11]+0.189*[#  12]+0.056*[#   6]
          +0.056*[#  10]+0.047*[#   2]+0.047*[#   4]+0.004*[#   5]+0.004*[#   9]
          
    |psi|^2 = 0.973
==== e(   6) =     1.75444 eV ==== 
     psi = 0.188*[#   7]+0.188*[#   8]+0.188*[#  11]+0.188*[#  12]+0.057*[#   6]
          +0.057*[#  10]+0.046*[#   2]+0.046*[#   4]+0.008*[#   5]+0.008*[#   9]
          +0.002*[#   1]+0.002*[#   3]
    |psi|^2 = 0.977
==== e(   7) =     2.91141 eV ==== 
     psi = 0.269*[#   6]+0.269*[#  10]+0.098*[#   7]+0.098*[#   8]+0.098*[#  11]
          +0.098*[#  12]+0.012*[#   2]+0.012*[#   4]+0.001*[#   5]+0.001*[#   9]
          
    |psi|^2 = 0.957
==== e(   8) =     3.61310 eV ==== 
     psi = 0.168*[#   7]+0.168*[#   8]+0.168*[#  11]+0.168*[#  12]+0.129*[#   6]
          +0.129*[#  10]+0.016*[#   2]+0.016*[#   4]
    |psi|^2 = 0.962
==== e(   9) =     4.41358 eV ==== 
     psi = 0.277*[#   6]+0.277*[#  10]+0.100*[#   7]+0.100*[#   8]+0.100*[#  11]
          +0.100*[#  12]
    |psi|^2 = 0.957
==== e(  10) =     4.80555 eV ==== 
     psi = 0.167*[#   7]+0.167*[#   8]+0.167*[#  11]+0.167*[#  12]+0.143*[#   6]
          +0.143*[#  10]+0.004*[#   2]+0.004*[#   4]
    |psi|^2 = 0.963
==== e(  11) =    15.53640 eV ==== 
     psi = 0.042*[#   2]+0.042*[#   4]+0.009*[#   5]+0.009*[#   9]+0.009*[#   6]
          +0.009*[#  10]+0.004*[#   7]+0.004*[#   8]+0.004*[#  11]+0.004*[#  12]
          
    |psi|^2 = 0.134
==== e(  12) =    16.54003 eV ==== 
     psi = 0.021*[#   2]+0.021*[#   4]+0.005*[#   7]+0.005*[#   8]+0.005*[#  11]
          +0.005*[#  12]+0.004*[#   5]+0.004*[#   9]+0.002*[#   6]+0.002*[#  10]
          
    |psi|^2 = 0.074
==== e(  13) =    19.62858 eV ==== 
     psi = 0.177*[#   2]+0.177*[#   4]+0.021*[#   5]+0.021*[#   9]+0.014*[#   7]
          +0.014*[#   8]+0.014*[#  11]+0.014*[#  12]+0.004*[#   6]+0.004*[#  10]
          
    |psi|^2 = 0.460
==== e(  14) =    20.66895 eV ==== 
     psi = 0.054*[#   2]+0.054*[#   4]+0.011*[#   7]+0.011*[#   8]+0.011*[#  11]
          +0.011*[#  12]+0.003*[#   6]+0.003*[#  10]
    |psi|^2 = 0.160

 k =   0.1000000000  0.5196152423  0.2463997200
==== e(   1) =   -90.49829 eV ==== 
     psi = 0.495*[#   1]+0.495*[#   3]+0.001*[#   7]+0.001*[#   8]+0.001*[#  11]
          +0.001*[#  12]
    |psi|^2 = 1.000
==== e(   2) =   -90.49804 eV ==== 
     psi = 0.494*[#   1]+0.494*[#   3]+0.002*[#   2]+0.002*[#   4]+0.001*[#   7]
          +0.001*[#   8]+0.001*[#  11]+0.001*[#  12]+0.001*[#   6]+0.001*[#  10]
          
    |psi|^2 = 1.000
==== e(   3) =   -10.60223 eV ==== 
     psi = 0.459*[#   5]+0.459*[#   9]+0.034*[#   2]+0.034*[#   4]
    |psi|^2 = 0.991
==== e(   4) =   -10.42929 eV ==== 
     psi = 0.478*[#   5]+0.478*[#   9]+0.014*[#   2]+0.014*[#   4]
    |psi|^2 = 0.989
==== e(   5) =     0.66889 eV ==== 
     psi = 0.177*[#   7]+0.177*[#   8]+0.177*[#  11]+0.177*[#  12]+0.074*[#   6]
          +0.074*[#  10]+0.058*[#   2]+0.058*[#   4]+0.002*[#   5]+0.002*[#   9]
          +0.001*[#   1]+0.001*[#   3]
    |psi|^2 = 0.979
==== e(   6) =     1.09844 eV ==== 
     psi = 0.176*[#   7]+0.176*[#   8]+0.176*[#  11]+0.176*[#  12]+0.075*[#   6]
          +0.075*[#  10]+0.055*[#   2]+0.055*[#   4]+0.004*[#   5]+0.004*[#   9]
          +0.002*[#   1]+0.002*[#   3]
    |psi|^2 = 0.978
==== e(   7) =     3.42663 eV ==== 
     psi = 0.169*[#   7]+0.169*[#   8]+0.169*[#  11]+0.169*[#  12]+0.133*[#   6]
          +0.133*[#  10]+0.006*[#   2]+0.006*[#   4]+0.002*[#   5]+0.002*[#   9]
          
    |psi|^2 = 0.956
==== e(   8) =     3.98929 eV ==== 
     psi = 0.180*[#   7]+0.180*[#   8]+0.180*[#  11]+0.180*[#  12]+0.114*[#   6]
          +0.114*[#  10]+0.004*[#   2]+0.004*[#   4]+0.001*[#   5]+0.001*[#   9]
          
    |psi|^2 = 0.959
==== e(   9) =     4.32760 eV ==== 
     psi = 0.238*[#   6]+0.238*[#  10]+0.118*[#   7]+0.118*[#   8]+0.118*[#  11]
          +0.118*[#  12]+0.005*[#   2]+0.005*[#   4]+0.001*[#   5]+0.001*[#   9]
          
    |psi|^2 = 0.962
==== e(  10) =     4.80661 eV ==== 
     psi = 0.296*[#   6]+0.296*[#  10]+0.093*[#   7]+0.093*[#   8]+0.093*[#  11]
          +0.093*[#  12]
    |psi|^2 = 0.963
==== e(  11) =    15.32690 eV ==== 
     psi = 0.048*[#   2]+0.048*[#   4]+0.010*[#   5]+0.010*[#   9]+0.003*[#   7]
          +0.003*[#   8]+0.003*[#  11]+0.003*[#  12]+0.001*[#   6]+0.001*[#  10]
          
    |psi|^2 = 0.130
==== e(  12) =    15.84808 eV ==== 
     psi = 0.030*[#   2]+0.030*[#   4]+0.006*[#   5]+0.006*[#   9]+0.004*[#   7]
          +0.004*[#   8]+0.004*[#  11]+0.004*[#  12]+0.002*[#   6]+0.002*[#  10]
          
    |psi|^2 = 0.090
==== e(  13) =    20.13702 eV ==== 
     psi = 0.057*[#   2]+0.057*[#   4]+0.010*[#   7]+0.010*[#   8]+0.010*[#  11]
          +0.010*[#  12]+0.004*[#   5]+0.004*[#   9]+0.003*[#   6]+0.003*[#  10]
          
    |psi|^2 = 0.167
==== e(  14) =    20.46448 eV ==== 
     psi = 0.045*[#   2]+0.045*[#   4]+0.010*[#   7]+0.010*[#   8]+0.010*[#  11]
          +0.010*[#  12]+0.002*[#   5]+0.002*[#   9]+0.001*[#   6]+0.001*[#  10]
          
    |psi|^2 = 0.138

 k =   0.2000000000  0.3464101615  0.0000000000
==== e(   1) =   -90.49914 eV ==== 
     psi = 0.497*[#   1]+0.497*[#   3]+0.001*[#   7]+0.001*[#   8]+0.001*[#  11]
          +0.001*[#  12]
    |psi|^2 = 1.000
==== e(   2) =   -90.49782 eV ==== 
     psi = 0.494*[#   1]+0.494*[#   3]+0.002*[#   2]+0.002*[#   4]+0.002*[#   6]
          +0.002*[#  10]+0.001*[#   7]+0.001*[#   8]+0.001*[#  11]+0.001*[#  12]
          
    |psi|^2 = 1.000
==== e(   3) =   -11.28094 eV ==== 
     psi = 0.374*[#   5]+0.374*[#   9]+0.118*[#   2]+0.118*[#   4]+0.003*[#   7]
          +0.003*[#   8]+0.003*[#  11]+0.003*[#  12]
    |psi|^2 = 0.997
==== e(   4) =   -10.22279 eV ==== 
     psi = 0.490*[#   5]+0.490*[#   9]+0.004*[#   2]+0.004*[#   4]
    |psi|^2 = 0.990
==== e(   5) =     1.40761 eV ==== 
     psi = 0.379*[#   6]+0.379*[#  10]+0.044*[#   7]+0.044*[#   8]+0.044*[#  11]
          +0.044*[#  12]+0.006*[#   2]+0.006*[#   4]
    |psi|^2 = 0.944
==== e(   6) =     1.84423 eV ==== 
     psi = 0.215*[#   7]+0.215*[#   8]+0.215*[#  11]+0.215*[#  12]+0.025*[#   2]
          +0.025*[#   4]+0.024*[#   5]+0.024*[#   9]+0.001*[#   6]+0.001*[#  10]
          
    |psi|^2 = 0.963
==== e(   7) =     2.68587 eV ==== 
     psi = 0.181*[#   7]+0.181*[#   8]+0.181*[#  11]+0.181*[#  12]+0.066*[#   2]
          +0.066*[#   4]+0.066*[#   6]+0.066*[#  10]+0.001*[#   1]+0.001*[#   3]
          
    |psi|^2 = 0.992
==== e(   8) =     3.94676 eV ==== 
     psi = 0.227*[#   7]+0.227*[#   8]+0.227*[#  11]+0.227*[#  12]+0.016*[#   2]
          +0.016*[#   4]+0.010*[#   5]+0.010*[#   9]+0.002*[#   6]+0.002*[#  10]
          
    |psi|^2 = 0.966
==== e(   9) =     4.70309 eV ==== 
     psi = 0.238*[#   7]+0.238*[#   8]+0.238*[#  11]+0.238*[#  12]+0.004*[#   6]
          +0.004*[#  10]+0.002*[#   2]+0.002*[#   4]
    |psi|^2 = 0.965
==== e(  10) =     5.01946 eV ==== 
     psi = 0.479*[#   6]+0.479*[#  10]+0.001*[#   7]+0.001*[#   8]+0.001*[#  11]
          +0.001*[#  12]
    |psi|^2 = 0.965
==== e(  11) =    16.52333 eV ==== 
     psi = 0.215*[#   2]+0.215*[#   4]+0.061*[#   5]+0.061*[#   9]+0.023*[#   7]
          +0.023*[#   8]+0.023*[#  11]+0.023*[#  12]
    |psi|^2 = 0.645
==== e(  12) =    16.88428 eV ==== 
     psi = 0.036*[#   2]+0.036*[#   4]+0.017*[#   6]+0.017*[#  10]+0.004*[#   7]
          +0.004*[#   8]+0.004*[#  11]+0.004*[#  12]
    |psi|^2 = 0.122
==== e(  13) =    19.96171 eV ==== 
     psi = 0.059*[#   2]+0.059*[#   4]+0.015*[#   5]+0.015*[#   9]+0.012*[#   7]
          +0.012*[#   8]+0.012*[#  11]+0.012*[#  12]+0.001*[#   6]+0.001*[#  10]
          
    |psi|^2 = 0.201
==== e(  14) =    20.58614 eV ==== 
     psi = 0.092*[#   2]+0.092*[#   4]+0.008*[#   7]+0.008*[#   8]+0.008*[#  11]
          +0.008*[#  12]+0.005*[#   5]+0.005*[#   9]
    |psi|^2 = 0.227

 k =   0.2000000000  0.3464101615  0.1231998600
==== e(   1) =   -90.49901 eV ==== 
     psi = 0.497*[#   1]+0.497*[#   3]+0.001*[#   7]+0.001*[#   8]+0.001*[#  11]
          +0.001*[#  12]
    |psi|^2 = 1.000
==== e(   2) =   -90.49794 eV ==== 
     psi = 0.494*[#   1]+0.494*[#   3]+0.002*[#   2]+0.002*[#   4]+0.002*[#   6]
          +0.002*[#  10]+0.001*[#   7]+0.001*[#   8]+0.001*[#  11]+0.001*[#  12]
          
    |psi|^2 = 1.000
==== e(   3) =   -11.19283 eV ==== 
     psi = 0.384*[#   5]+0.384*[#   9]+0.108*[#   2]+0.108*[#   4]+0.002*[#   7]
          +0.002*[#   8]+0.002*[#  11]+0.002*[#  12]
    |psi|^2 = 0.996
==== e(   4) =   -10.33949 eV ==== 
     psi = 0.479*[#   5]+0.479*[#   9]+0.014*[#   2]+0.014*[#   4]+0.001*[#   6]
          +0.001*[#  10]
    |psi|^2 = 0.991
==== e(   5) =     1.41077 eV ==== 
     psi = 0.287*[#   6]+0.287*[#  10]+0.078*[#   7]+0.078*[#   8]+0.078*[#  11]
          +0.078*[#  12]+0.035*[#   2]+0.035*[#   4]+0.005*[#   5]+0.005*[#   9]
          
    |psi|^2 = 0.966
==== e(   6) =     1.86931 eV ==== 
     psi = 0.206*[#   7]+0.206*[#   8]+0.206*[#  11]+0.206*[#  12]+0.030*[#   2]
          +0.030*[#   4]+0.026*[#   5]+0.026*[#   9]+0.015*[#   6]+0.015*[#  10]
          
    |psi|^2 = 0.967
==== e(   7) =     3.06977 eV ==== 
     psi = 0.152*[#   6]+0.152*[#  10]+0.149*[#   7]+0.149*[#   8]+0.149*[#  11]
          +0.149*[#  12]+0.033*[#   2]+0.033*[#   4]
    |psi|^2 = 0.970
==== e(   8) =     3.68544 eV ==== 
     psi = 0.193*[#   7]+0.193*[#   8]+0.193*[#  11]+0.193*[#  12]+0.074*[#   6]
          +0.074*[#  10]+0.013*[#   2]+0.013*[#   4]+0.007*[#   5]+0.007*[#   9]
          
    |psi|^2 = 0.961
==== e(   9) =     4.52134 eV ==== 
     psi = 0.235*[#   7]+0.235*[#   8]+0.235*[#  11]+0.235*[#  12]+0.008*[#   6]
          +0.008*[#  10]+0.003*[#   2]+0.003*[#   4]
    |psi|^2 = 0.960
==== e(  10) =     5.13635 eV ==== 
     psi = 0.387*[#   6]+0.387*[#  10]+0.048*[#   7]+0.048*[#   8]+0.048*[#  11]
          +0.048*[#  12]
    |psi|^2 = 0.968
==== e(  11) =    16.28199 eV ==== 
     psi = 0.200*[#   2]+0.200*[#   4]+0.053*[#   5]+0.053*[#   9]+0.018*[#   7]
          +0.018*[#   8]+0.018*[#  11]+0.018*[#  12]+0.002*[#   6]+0.002*[#  10]
          
    |psi|^2 = 0.584
==== e(  12) =    16.82782 eV ==== 
     psi = 0.051*[#   2]+0.051*[#   4]+0.018*[#   6]+0.018*[#  10]+0.005*[#   7]
          +0.005*[#   8]+0.005*[#  11]+0.005*[#  12]+0.002*[#   5]+0.002*[#   9]
          
    |psi|^2 = 0.166
==== e(  13) =    19.72212 eV ==== 
     psi = 0.032*[#   2]+0.032*[#   4]+0.009*[#   7]+0.009*[#   8]+0.009*[#  11]
          +0.009*[#  12]+0.008*[#   5]+0.008*[#   9]
    |psi|^2 = 0.120
==== e(  14) =    20.26455 eV ==== 
     psi = 0.072*[#   2]+0.072*[#   4]+0.007*[#   7]+0.007*[#   8]+0.007*[#  11]
          +0.007*[#  12]+0.006*[#   5]+0.006*[#   9]
    |psi|^2 = 0.187

 k =   0.2000000000  0.3464101615  0.2463997200
==== e(   1) =   -90.49868 eV ==== 
     psi = 0.496*[#   1]+0.496*[#   3]+0.001*[#   7]+0.001*[#   8]+0.001*[#  11]
          +0.001*[#  12]
    |psi|^2 = 1.000
==== e(   2) =   -90.49827 eV ==== 
     psi = 0.495*[#   1]+0.495*[#   3]+0.001*[#   6]+0.001*[#  10]+0.001*[#   7]
          +0.001*[#   8]+0.001*[#  11]+0.001*[#  12]
    |psi|^2 = 1.000
==== e(   3) =   -10.95109 eV ==== 
     psi = 0.413*[#   5]+0.413*[#   9]+0.079*[#   2]+0.079*[#   4]+0.002*[#   7]
          +0.002*[#   8]+0.002*[#  11]+0.002*[#  12]+0.001*[#   6]+0.001*[#  10]
          
    |psi|^2 = 0.995
==== e(   4) =   -10.62680 eV ==== 
     psi = 0.449*[#   5]+0.449*[#   9]+0.043*[#   2]+0.043*[#   4]+0.002*[#   6]
          +0.002*[#  10]+0.001*[#   7]+0.001*[#   8]+0.001*[#  11]+0.001*[#  12]
          
    |psi|^2 = 0.992
==== e(   5) =     1.55541 eV ==== 
     psi = 0.171*[#   6]+0.171*[#  10]+0.124*[#   7]+0.124*[#   8]+0.124*[#  11]
          +0.124*[#  12]+0.055*[#   2]+0.055*[#   4]+0.016*[#   5]+0.016*[#   9]
          +0.001*[#   1]+0.001*[#   3]
    |psi|^2 = 0.982
==== e(   6) =     1.79403 eV ==== 
     psi = 0.169*[#   7]+0.169*[#   8]+0.169*[#  11]+0.169*[#  12]+0.077*[#   6]
          +0.077*[#  10]+0.047*[#   2]+0.047*[#   4]+0.026*[#   5]+0.026*[#   9]
          +0.001*[#   1]+0.001*[#   3]
    |psi|^2 = 0.979
==== e(   7) =     3.52090 eV ==== 
     psi = 0.187*[#   7]+0.187*[#   8]+0.187*[#  11]+0.187*[#  12]+0.097*[#   6]
          +0.097*[#  10]+0.004*[#   2]+0.004*[#   4]
    |psi|^2 = 0.952
==== e(   8) =     3.63383 eV ==== 
     psi = 0.165*[#   6]+0.165*[#  10]+0.154*[#   7]+0.154*[#   8]+0.154*[#  11]
          +0.154*[#  12]+0.002*[#   2]+0.002*[#   4]
    |psi|^2 = 0.952
==== e(   9) =     4.38026 eV ==== 
     psi = 0.180*[#   7]+0.180*[#   8]+0.180*[#  11]+0.180*[#  12]+0.111*[#   6]
          +0.111*[#  10]+0.006*[#   2]+0.006*[#   4]
    |psi|^2 = 0.956
==== e(  10) =     4.93793 eV ==== 
     psi = 0.287*[#   6]+0.287*[#  10]+0.097*[#   7]+0.097*[#   8]+0.097*[#  11]
          +0.097*[#  12]
    |psi|^2 = 0.964
==== e(  11) =    16.10998 eV ==== 
     psi = 0.159*[#   2]+0.159*[#   4]+0.032*[#   5]+0.032*[#   9]+0.011*[#   7]
          +0.011*[#   8]+0.011*[#  11]+0.011*[#  12]+0.010*[#   6]+0.010*[#  10]
          
    |psi|^2 = 0.447
==== e(  12) =    16.46009 eV ==== 
     psi = 0.101*[#   2]+0.101*[#   4]+0.019*[#   6]+0.019*[#  10]+0.012*[#   5]
          +0.012*[#   9]+0.007*[#   7]+0.007*[#   8]+0.007*[#  11]+0.007*[#  12]
          
    |psi|^2 = 0.294
==== e(  13) =    19.65511 eV ==== 
     psi = 0.034*[#   2]+0.034*[#   4]+0.009*[#   7]+0.009*[#   8]+0.009*[#  11]
          +0.009*[#  12]+0.007*[#   5]+0.007*[#   9]
    |psi|^2 = 0.118
==== e(  14) =    19.85563 eV ==== 
     psi = 0.054*[#   2]+0.054*[#   4]+0.009*[#   7]+0.009*[#   8]+0.009*[#  11]
          +0.009*[#  12]+0.007*[#   5]+0.007*[#   9]
    |psi|^2 = 0.158

 k =   0.2000000000  0.4618802154  0.0000000000
==== e(   1) =   -90.49857 eV ==== 
     psi = 0.496*[#   1]+0.496*[#   3]+0.001*[#   7]+0.001*[#   8]+0.001*[#  11]
          +0.001*[#  12]
    |psi|^2 = 1.000
==== e(   2) =   -90.49776 eV ==== 
     psi = 0.494*[#   1]+0.494*[#   3]+0.002*[#   2]+0.002*[#   4]+0.001*[#   7]
          +0.001*[#   8]+0.001*[#  11]+0.001*[#  12]+0.001*[#   6]+0.001*[#  10]
          
    |psi|^2 = 1.000
==== e(   3) =   -10.82947 eV ==== 
     psi = 0.423*[#   5]+0.423*[#   9]+0.070*[#   2]+0.070*[#   4]+0.002*[#   7]
          +0.002*[#   8]+0.002*[#  11]+0.002*[#  12]
    |psi|^2 = 0.995
==== e(   4) =   -10.18637 eV ==== 
     psi = 0.493*[#   5]+0.493*[#   9]
    |psi|^2 = 0.989
==== e(   5) =     0.94573 eV ==== 
     psi = 0.215*[#   7]+0.215*[#   8]+0.215*[#  11]+0.215*[#  12]+0.022*[#   2]
          +0.022*[#   4]+0.016*[#   6]+0.016*[#  10]+0.011*[#   5]+0.011*[#   9]
          
    |psi|^2 = 0.958
==== e(   6) =     1.94862 eV ==== 
     psi = 0.187*[#   6]+0.187*[#  10]+0.139*[#   7]+0.139*[#   8]+0.139*[#  11]
          +0.139*[#  12]+0.008*[#   2]+0.008*[#   4]+0.002*[#   5]+0.002*[#   9]
          
    |psi|^2 = 0.951
==== e(   7) =     2.71086 eV ==== 
     psi = 0.217*[#   6]+0.217*[#  10]+0.109*[#   7]+0.109*[#   8]+0.109*[#  11]
          +0.109*[#  12]+0.052*[#   2]+0.052*[#   4]+0.002*[#   5]+0.002*[#   9]
          +0.001*[#   1]+0.001*[#   3]
    |psi|^2 = 0.980
==== e(   8) =     3.30209 eV ==== 
     psi = 0.204*[#   7]+0.204*[#   8]+0.204*[#  11]+0.204*[#  12]+0.038*[#   6]
          +0.038*[#  10]+0.030*[#   2]+0.030*[#   4]+0.007*[#   5]+0.007*[#   9]
          
    |psi|^2 = 0.971
==== e(   9) =     4.21755 eV ==== 
     psi = 0.200*[#   7]+0.200*[#   8]+0.200*[#  11]+0.200*[#  12]+0.073*[#   6]
          +0.073*[#  10]+0.005*[#   2]+0.005*[#   4]+0.001*[#   5]+0.001*[#   9]
          
    |psi|^2 = 0.960
==== e(  10) =     4.49635 eV ==== 
     psi = 0.403*[#   6]+0.403*[#  10]+0.036*[#   7]+0.036*[#   8]+0.036*[#  11]
          +0.036*[#  12]+0.006*[#   2]+0.006*[#   4]
    |psi|^2 = 0.964
==== e(  11) =    15.91849 eV ==== 
     psi = 0.014*[#   2]+0.014*[#   4]+0.010*[#   6]+0.010*[#  10]+0.005*[#   7]
          +0.005*[#   8]+0.005*[#  11]+0.005*[#  12]
    |psi|^2 = 0.068
==== e(  12) =    17.53233 eV ==== 
     psi = 0.120*[#   2]+0.120*[#   4]+0.020*[#   5]+0.020*[#   9]+0.014*[#   7]
          +0.014*[#   8]+0.014*[#  11]+0.014*[#  12]
    |psi|^2 = 0.337
==== e(  13) =    19.60241 eV ==== 
     psi = 0.119*[#   2]+0.119*[#   4]+0.018*[#   5]+0.018*[#   9]+0.014*[#   7]
          +0.014*[#   8]+0.014*[#  11]+0.014*[#  12]+0.003*[#   6]+0.003*[#  10]
          
    |psi|^2 = 0.336
==== e(  14) =    20.94835 eV ==== 
     psi = 0.066*[#   2]+0.066*[#   4]+0.013*[#   7]+0.013*[#   8]+0.013*[#  11]
          +0.013*[#  12]+0.003*[#   6]+0.003*[#  10]
    |psi|^2 = 0.191

 k =   0.2000000000  0.4618802154  0.1231998600
==== e(   1) =   -90.49849 eV ==== 
     psi = 0.496*[#   1]+0.496*[#   3]+0.001*[#   7]+0.001*[#   8]+0.001*[#  11]
          +0.001*[#  12]
    |psi|^2 = 1.000
==== e(   2) =   -90.49783 eV ==== 
     psi = 0.494*[#   1]+0.494*[#   3]+0.002*[#   2]+0.002*[#   4]+0.001*[#   7]
          +0.001*[#   8]+0.001*[#  11]+0.001*[#  12]+0.001*[#   6]+0.001*[#  10]
          
    |psi|^2 = 1.000
==== e(   3) =   -10.77243 eV ==== 
     psi = 0.432*[#   5]+0.432*[#   9]+0.061*[#   2]+0.061*[#   4]+0.002*[#   7]
          +0.002*[#   8]+0.002*[#  11]+0.002*[#  12]
    |psi|^2 = 0.994
==== e(   4) =   -10.25249 eV ==== 
     psi = 0.490*[#   5]+0.490*[#   9]+0.004*[#   2]+0.004*[#   4]
    |psi|^2 = 0.989
==== e(   5) =     0.98744 eV ==== 
     psi = 0.201*[#   7]+0.201*[#   8]+0.201*[#  11]+0.201*[#  12]+0.040*[#   6]
          +0.040*[#  10]+0.032*[#   2]+0.032*[#   4]+0.009*[#   5]+0.009*[#   9]
          
    |psi|^2 = 0.964
==== e(   6) =     1.70645 eV ==== 
     psi = 0.155*[#   7]+0.155*[#   8]+0.155*[#  11]+0.155*[#  12]+0.130*[#   6]
          +0.130*[#  10]+0.040*[#   2]+0.040*[#   4]+0.005*[#   5]+0.005*[#   9]
          
    |psi|^2 = 0.971
==== e(   7) =     2.84300 eV ==== 
     psi = 0.161*[#   7]+0.161*[#   8]+0.161*[#  11]+0.161*[#  12]+0.135*[#   6]
          +0.135*[#  10]+0.018*[#   2]+0.018*[#   4]+0.003*[#   5]+0.003*[#   9]
          
    |psi|^2 = 0.959
==== e(   8) =     3.38311 eV ==== 
     psi = 0.196*[#   6]+0.196*[#  10]+0.131*[#   7]+0.131*[#   8]+0.131*[#  11]
          +0.131*[#  12]+0.022*[#   2]+0.022*[#   4]+0.002*[#   5]+0.002*[#   9]
          
    |psi|^2 = 0.963
==== e(   9) =     4.04490 eV ==== 
     psi = 0.203*[#   7]+0.203*[#   8]+0.203*[#  11]+0.203*[#  12]+0.063*[#   6]
          +0.063*[#  10]+0.011*[#   2]+0.011*[#   4]+0.001*[#   5]+0.001*[#   9]
          
    |psi|^2 = 0.963
==== e(  10) =     4.77666 eV ==== 
     psi = 0.369*[#   6]+0.369*[#  10]+0.054*[#   7]+0.054*[#   8]+0.054*[#  11]
          +0.054*[#  12]+0.003*[#   2]+0.003*[#   4]
    |psi|^2 = 0.963
==== e(  11) =    16.06967 eV ==== 
     psi = 0.028*[#   2]+0.028*[#   4]+0.008*[#   6]+0.008*[#  10]+0.007*[#   7]
          +0.007*[#   8]+0.007*[#  11]+0.007*[#  12]+0.003*[#   5]+0.003*[#   9]
          
    |psi|^2 = 0.106
==== e(  12) =    17.20864 eV ==== 
     psi = 0.105*[#   2]+0.105*[#   4]+0.017*[#   5]+0.017*[#   9]+0.012*[#   7]
          +0.012*[#   8]+0.012*[#  11]+0.012*[#  12]+0.001*[#   6]+0.001*[#  10]
          
    |psi|^2 = 0.295
==== e(  13) =    19.33498 eV ==== 
     psi = 0.068*[#   2]+0.068*[#   4]+0.011*[#   5]+0.011*[#   9]+0.010*[#   7]
          +0.010*[#   8]+0.010*[#  11]+0.010*[#  12]
    |psi|^2 = 0.199
==== e(  14) =    20.39542 eV ==== 
     psi = 0.021*[#   2]+0.021*[#   4]+0.009*[#   7]+0.009*[#   8]+0.009*[#  11]
          +0.009*[#  12]+0.003*[#   6]+0.003*[#  10]
    |psi|^2 = 0.084

 k =   0.2000000000  0.4618802154  0.2463997200
==== e(   1) =   -90.49829 eV ==== 
     psi = 0.495*[#   1]+0.495*[#   3]+0.001*[#   7]+0.001*[#   8]+0.001*[#  11]
          +0.001*[#  12]
    |psi|^2 = 1.000
==== e(   2) =   -90.49804 eV ==== 
     psi = 0.494*[#   1]+0.494*[#   3]+0.002*[#   2]+0.002*[#   4]+0.001*[#   7]
          +0.001*[#   8]+0.001*[#  11]+0.001*[#  12]+0.001*[#   6]+0.001*[#  10]
          
    |psi|^2 = 1.000
==== e(   3) =   -10.61899 eV ==== 
     psi = 0.453*[#   5]+0.453*[#   9]+0.040*[#   2]+0.040*[#   4]+0.001*[#   7]
          +0.001*[#   8]+0.001*[#  11]+0.001*[#  12]
    |psi|^2 = 0.992
==== e(   4) =   -10.42060 eV ==== 
     psi = 0.476*[#   5]+0.476*[#   9]+0.017*[#   2]+0.017*[#   4]
    |psi|^2 = 0.990
==== e(   5) =     1.12490 eV ==== 
     psi = 0.177*[#   7]+0.177*[#   8]+0.177*[#  11]+0.177*[#  12]+0.075*[#   6]
          +0.075*[#  10]+0.050*[#   2]+0.050*[#   4]+0.007*[#   5]+0.007*[#   9]
          +0.001*[#   1]+0.001*[#   3]
    |psi|^2 = 0.975
==== e(   6) =     1.39596 eV ==== 
     psi = 0.169*[#   7]+0.169*[#   8]+0.169*[#  11]+0.169*[#  12]+0.088*[#   6]
          +0.088*[#  10]+0.054*[#   2]+0.054*[#   4]+0.008*[#   5]+0.008*[#   9]
          +0.001*[#   1]+0.001*[#   3]
    |psi|^2 = 0.979
==== e(   7) =     2.85191 eV ==== 
     psi = 0.183*[#   7]+0.183*[#   8]+0.183*[#  11]+0.183*[#  12]+0.097*[#   6]
          +0.097*[#  10]+0.012*[#   2]+0.012*[#   4]
    |psi|^2 = 0.953
==== e(   8) =     3.26486 eV ==== 
     psi = 0.193*[#   7]+0.193*[#   8]+0.193*[#  11]+0.193*[#  12]+0.082*[#   6]
          +0.082*[#  10]+0.006*[#   2]+0.006*[#   4]+0.001*[#   5]+0.001*[#   9]
          
    |psi|^2 = 0.951
==== e(   9) =     4.41740 eV ==== 
     psi = 0.263*[#   6]+0.263*[#  10]+0.105*[#   7]+0.105*[#   8]+0.105*[#  11]
          +0.105*[#  12]+0.007*[#   2]+0.007*[#   4]
    |psi|^2 = 0.960
==== e(  10) =     4.89702 eV ==== 
     psi = 0.322*[#   6]+0.322*[#  10]+0.080*[#   7]+0.080*[#   8]+0.080*[#  11]
          +0.080*[#  12]
    |psi|^2 = 0.964
==== e(  11) =    16.22759 eV ==== 
     psi = 0.055*[#   2]+0.055*[#   4]+0.008*[#   5]+0.008*[#   9]+0.007*[#   7]
          +0.007*[#   8]+0.007*[#  11]+0.007*[#  12]+0.005*[#   6]+0.005*[#  10]
          
    |psi|^2 = 0.166
==== e(  12) =    16.61594 eV ==== 
     psi = 0.062*[#   2]+0.062*[#   4]+0.009*[#   5]+0.009*[#   9]+0.008*[#   7]
          +0.008*[#   8]+0.008*[#  11]+0.008*[#  12]+0.005*[#   6]+0.005*[#  10]
          
    |psi|^2 = 0.182
==== e(  13) =    19.36629 eV ==== 
     psi = 0.037*[#   2]+0.037*[#   4]+0.009*[#   7]+0.009*[#   8]+0.009*[#  11]
          +0.009*[#  12]+0.005*[#   5]+0.005*[#   9]
    |psi|^2 = 0.120
==== e(  14) =    19.73483 eV ==== 
     psi = 0.017*[#   2]+0.017*[#   4]+0.008*[#   7]+0.008*[#   8]+0.008*[#  11]
          +0.008*[#  12]+0.002*[#   5]+0.002*[#   6]+0.002*[#   9]+0.002*[#  10]
          
    |psi|^2 = 0.073

 k =   0.2000000000  0.5773502692  0.0000000000
==== e(   1) =   -90.49829 eV ==== 
     psi = 0.495*[#   1]+0.495*[#   3]+0.002*[#   7]+0.002*[#   8]+0.002*[#  11]
          +0.002*[#  12]
    |psi|^2 = 1.000
==== e(   2) =   -90.49779 eV ==== 
     psi = 0.494*[#   1]+0.494*[#   3]+0.002*[#   2]+0.002*[#   4]+0.002*[#   7]
          +0.002*[#   8]+0.002*[#  11]+0.002*[#  12]
    |psi|^2 = 1.000
==== e(   3) =   -10.57794 eV ==== 
     psi = 0.452*[#   5]+0.452*[#   9]+0.042*[#   2]+0.042*[#   4]
    |psi|^2 = 0.993
==== e(   4) =   -10.24123 eV ==== 
     psi = 0.486*[#   5]+0.486*[#   9]+0.006*[#   2]+0.006*[#   4]+0.001*[#   7]
          +0.001*[#   8]+0.001*[#  11]+0.001*[#  12]
    |psi|^2 = 0.990
==== e(   5) =     0.61009 eV ==== 
     psi = 0.220*[#   7]+0.220*[#   8]+0.220*[#  11]+0.220*[#  12]+0.023*[#   2]
          +0.023*[#   4]+0.012*[#   6]+0.012*[#  10]+0.004*[#   5]+0.004*[#   9]
          
    |psi|^2 = 0.959
==== e(   6) =     2.36338 eV ==== 
     psi = 0.217*[#   7]+0.217*[#   8]+0.217*[#  11]+0.217*[#  12]+0.040*[#   2]
          +0.040*[#   4]+0.007*[#   6]+0.007*[#  10]+0.007*[#   5]+0.007*[#   9]
          +0.001*[#   1]+0.001*[#   3]
    |psi|^2 = 0.978
==== e(   7) =     2.46500 eV ==== 
     psi = 0.183*[#   6]+0.183*[#  10]+0.143*[#   7]+0.143*[#   8]+0.143*[#  11]
          +0.143*[#  12]+0.003*[#   2]+0.003*[#   4]
    |psi|^2 = 0.944
==== e(   8) =     3.34480 eV ==== 
     psi = 0.272*[#   6]+0.272*[#  10]+0.086*[#   7]+0.086*[#   8]+0.086*[#  11]
          +0.086*[#  12]+0.046*[#   2]+0.046*[#   4]+0.001*[#   1]+0.001*[#   3]
          +0.001*[#   5]+0.001*[#   9]
    |psi|^2 = 0.985
==== e(   9) =     3.82594 eV ==== 
     psi = 0.261*[#   6]+0.261*[#  10]+0.104*[#   7]+0.104*[#   8]+0.104*[#  11]
          +0.104*[#  12]
    |psi|^2 = 0.940
==== e(  10) =     4.27107 eV ==== 
     psi = 0.202*[#   6]+0.202*[#  10]+0.133*[#   7]+0.133*[#   8]+0.133*[#  11]
          +0.133*[#  12]+0.015*[#   2]+0.015*[#   4]+0.002*[#   5]+0.002*[#   9]
          
    |psi|^2 = 0.973
==== e(  11) =    15.54924 eV ==== 
     psi = 0.007*[#   6]+0.007*[#  10]+0.005*[#   7]+0.005*[#   8]+0.005*[#  11]
          +0.005*[#  12]
    |psi|^2 = 0.034
==== e(  12) =    17.90574 eV ==== 
     psi = 0.009*[#   2]+0.009*[#   4]+0.008*[#   7]+0.008*[#   8]+0.008*[#  11]
          +0.008*[#  12]+0.001*[#   5]+0.001*[#   9]
    |psi|^2 = 0.054
==== e(  13) =    19.58069 eV ==== 
     psi = 0.201*[#   2]+0.201*[#   4]+0.021*[#   5]+0.021*[#   9]+0.017*[#   7]
          +0.017*[#   8]+0.017*[#  11]+0.017*[#  12]+0.002*[#   6]+0.002*[#  10]
          +0.001*[#   1]+0.001*[#   3]
    |psi|^2 = 0.517
==== e(  14) =    20.82924 eV ==== 
     psi = 0.075*[#   2]+0.075*[#   4]+0.014*[#   7]+0.014*[#   8]+0.014*[#  11]
          +0.014*[#  12]+0.005*[#   6]+0.005*[#  10]
    |psi|^2 = 0.219

 k =   0.2000000000  0.5773502692  0.1231998600
==== e(   1) =   -90.49825 eV ==== 
     psi = 0.495*[#   1]+0.495*[#   3]+0.002*[#   7]+0.002*[#   8]+0.002*[#  11]
          +0.002*[#  12]+0.001*[#   2]+0.001*[#   4]
    |psi|^2 = 1.000
==== e(   2) =   -90.49784 eV ==== 
     psi = 0.494*[#   1]+0.494*[#   3]+0.002*[#   2]+0.002*[#   4]+0.002*[#   7]
          +0.002*[#   8]+0.002*[#  11]+0.002*[#  12]
    |psi|^2 = 1.000
==== e(   3) =   -10.54630 eV ==== 
     psi = 0.459*[#   5]+0.459*[#   9]+0.035*[#   2]+0.035*[#   4]
    |psi|^2 = 0.992
==== e(   4) =   -10.27373 eV ==== 
     psi = 0.487*[#   5]+0.487*[#   9]+0.005*[#   2]+0.005*[#   4]+0.001*[#   7]
          +0.001*[#   8]+0.001*[#  11]+0.001*[#  12]
    |psi|^2 = 0.989
==== e(   5) =     0.67402 eV ==== 
     psi = 0.209*[#   7]+0.209*[#   8]+0.209*[#  11]+0.209*[#  12]+0.031*[#   2]
          +0.031*[#   4]+0.028*[#   6]+0.028*[#  10]+0.003*[#   5]+0.003*[#   9]
          
    |psi|^2 = 0.963
==== e(   6) =     1.94070 eV ==== 
     psi = 0.188*[#   7]+0.188*[#   8]+0.188*[#  11]+0.188*[#  12]+0.059*[#   6]
          +0.059*[#  10]+0.046*[#   2]+0.046*[#   4]+0.005*[#   5]+0.005*[#   9]
          +0.001*[#   1]+0.001*[#   3]
    |psi|^2 = 0.976
==== e(   7) =     2.37733 eV ==== 
     psi = 0.154*[#   7]+0.154*[#   8]+0.154*[#  11]+0.154*[#  12]+0.151*[#   6]
          +0.151*[#  10]+0.019*[#   2]+0.019*[#   4]
    |psi|^2 = 0.956
==== e(   8) =     3.67197 eV ==== 
     psi = 0.191*[#   7]+0.191*[#   8]+0.191*[#  11]+0.191*[#  12]+0.088*[#   6]
          +0.088*[#  10]+0.004*[#   2]+0.004*[#   4]+0.002*[#   5]+0.002*[#   9]
          
    |psi|^2 = 0.953
==== e(   9) =     3.81347 eV ==== 
     psi = 0.286*[#   6]+0.286*[#  10]+0.087*[#   7]+0.087*[#   8]+0.087*[#  11]
          +0.087*[#  12]+0.023*[#   2]+0.023*[#   4]+0.001*[#   5]+0.001*[#   9]
          
    |psi|^2 = 0.970
==== e(  10) =     4.53456 eV ==== 
     psi = 0.323*[#   6]+0.323*[#  10]+0.074*[#   7]+0.074*[#   8]+0.074*[#  11]
          +0.074*[#  12]+0.008*[#   2]+0.008*[#   4]+0.001*[#   5]+0.001*[#   9]
          
    |psi|^2 = 0.962
==== e(  11) =    15.77595 eV ==== 
     psi = 0.009*[#   2]+0.009*[#   4]+0.006*[#   7]+0.006*[#   8]+0.006*[#  11]
          +0.006*[#  12]+0.005*[#   6]+0.005*[#  10]+0.002*[#   5]+0.002*[#   9]
          
    |psi|^2 = 0.058
==== e(  12) =    17.61842 eV ==== 
     psi = 0.010*[#   2]+0.010*[#   4]+0.007*[#   7]+0.007*[#   8]+0.007*[#  11]
          +0.007*[#  12]+0.002*[#   5]+0.002*[#   9]
    |psi|^2 = 0.055
==== e(  13) =    19.17299 eV ==== 
     psi = 0.127*[#   2]+0.127*[#   4]+0.014*[#   5]+0.014*[#   9]+0.011*[#   7]
          +0.011*[#   8]+0.011*[#  11]+0.011*[#  12]
    |psi|^2 = 0.328
==== e(  14) =    20.24099 eV ==== 
     psi = 0.029*[#   2]+0.029*[#   4]+0.010*[#   7]+0.010*[#   8]+0.010*[#  11]
          +0.010*[#  12]+0.004*[#   6]+0.004*[#  10]
    |psi|^2 = 0.108

 k =   0.2000000000  0.5773502692  0.2463997200
==== e(   1) =   -90.49812 eV ==== 
     psi = 0.495*[#   1]+0.495*[#   3]+0.001*[#   2]+0.001*[#   4]+0.001*[#   7]
          +0.001*[#   8]+0.001*[#  11]+0.001*[#  12]
    |psi|^2 = 1.000
==== e(   2) =   -90.49797 eV ==== 
     psi = 0.494*[#   1]+0.494*[#   3]+0.002*[#   2]+0.002*[#   4]+0.001*[#   7]
          +0.001*[#   8]+0.001*[#  11]+0.001*[#  12]
    |psi|^2 = 1.000
==== e(   3) =   -10.46283 eV ==== 
     psi = 0.474*[#   5]+0.474*[#   9]+0.020*[#   2]+0.020*[#   4]
    |psi|^2 = 0.990
==== e(   4) =   -10.35862 eV ==== 
     psi = 0.485*[#   5]+0.485*[#   9]+0.008*[#   2]+0.008*[#   4]
    |psi|^2 = 0.989
==== e(   5) =     0.88586 eV ==== 
     psi = 0.188*[#   7]+0.188*[#   8]+0.188*[#  11]+0.188*[#  12]+0.060*[#   6]
          +0.060*[#  10]+0.048*[#   2]+0.048*[#   4]+0.001*[#   1]+0.001*[#   3]
          
    |psi|^2 = 0.972
==== e(   6) =     1.31413 eV ==== 
     psi = 0.178*[#   7]+0.178*[#   8]+0.178*[#  11]+0.178*[#  12]+0.076*[#   6]
          +0.076*[#  10]+0.053*[#   2]+0.053*[#   4]+0.001*[#   1]+0.001*[#   3]
          +0.001*[#   5]+0.001*[#   9]
    |psi|^2 = 0.976
==== e(   7) =     2.57136 eV ==== 
     psi = 0.180*[#   7]+0.180*[#   8]+0.180*[#  11]+0.180*[#  12]+0.098*[#   6]
          +0.098*[#  10]+0.019*[#   2]+0.019*[#   4]
    |psi|^2 = 0.957
==== e(   8) =     3.10576 eV ==== 
     psi = 0.198*[#   7]+0.198*[#   8]+0.198*[#  11]+0.198*[#  12]+0.068*[#   6]
          +0.068*[#  10]+0.011*[#   2]+0.011*[#   4]+0.002*[#   5]+0.002*[#   9]
          
    |psi|^2 = 0.954
==== e(   9) =     4.53617 eV ==== 
     psi = 0.308*[#   6]+0.308*[#  10]+0.084*[#   7]+0.084*[#   8]+0.084*[#  11]
          +0.084*[#  12]+0.004*[#   2]+0.004*[#   4]
    |psi|^2 = 0.963
==== e(  10) =     4.83936 eV ==== 
     psi = 0.325*[#   6]+0.325*[#  10]+0.078*[#   7]+0.078*[#   8]+0.078*[#  11]
          +0.078*[#  12]
    |psi|^2 = 0.963
==== e(  11) =    16.14527 eV ==== 
     psi = 0.020*[#   2]+0.020*[#   4]+0.007*[#   7]+0.007*[#   8]+0.007*[#  11]
          +0.007*[#  12]+0.004*[#   5]+0.004*[#   9]
    |psi|^2 = 0.077
==== e(  12) =    16.80409 eV ==== 
     psi = 0.011*[#   2]+0.011*[#   4]+0.006*[#   7]+0.006*[#   8]+0.006*[#  11]
          +0.006*[#  12]+0.003*[#   5]+0.003*[#   9]
    |psi|^2 = 0.054
==== e(  13) =    19.18946 eV ==== 
     psi = 0.039*[#   2]+0.039*[#   4]+0.008*[#   7]+0.008*[#   8]+0.008*[#  11]
          +0.008*[#  12]+0.004*[#   5]+0.004*[#   9]
    |psi|^2 = 0.120
==== e(  14) =    19.62264 eV ==== 
     psi = 0.008*[#   7]+0.008*[#   8]+0.008*[#  11]+0.008*[#  12]+0.007*[#   2]
          +0.007*[#   4]+0.002*[#   6]+0.002*[#  10]
    |psi|^2 = 0.051

 k =   0.3000000000  0.5196152423  0.0000000000
==== e(   1) =   -90.49815 eV ==== 
     psi = 0.495*[#   1]+0.495*[#   3]+0.002*[#   7]+0.002*[#   8]+0.002*[#  11]
          +0.002*[#  12]+0.001*[#   2]+0.001*[#   4]
    |psi|^2 = 1.000
==== e(   2) =   -90.49784 eV ==== 
     psi = 0.494*[#   1]+0.494*[#   3]+0.002*[#   2]+0.002*[#   4]+0.002*[#   7]
          +0.002*[#   8]+0.002*[#  11]+0.002*[#  12]
    |psi|^2 = 1.000
==== e(   3) =   -10.49158 eV ==== 
     psi = 0.459*[#   5]+0.459*[#   9]+0.034*[#   2]+0.034*[#   4]+0.001*[#   7]
          +0.001*[#   8]+0.001*[#  11]+0.001*[#  12]
    |psi|^2 = 0.993
==== e(   4) =   -10.24973 eV ==== 
     psi = 0.485*[#   5]+0.485*[#   9]+0.009*[#   2]+0.009*[#   4]
    |psi|^2 = 0.990
==== e(   5) =     0.67030 eV ==== 
     psi = 0.233*[#   7]+0.233*[#   8]+0.233*[#  11]+0.233*[#  12]+0.005*[#   2]
          +0.005*[#   4]+0.002*[#   5]+0.002*[#   9]
    |psi|^2 = 0.948
==== e(   6) =     2.20986 eV ==== 
     psi = 0.174*[#   7]+0.174*[#   8]+0.174*[#  11]+0.174*[#  12]+0.101*[#   6]
          +0.101*[#  10]+0.028*[#   2]+0.028*[#   4]+0.003*[#   5]+0.003*[#   9]
          
    |psi|^2 = 0.962
==== e(   7) =     2.76588 eV ==== 
     psi = 0.197*[#   7]+0.197*[#   8]+0.197*[#  11]+0.197*[#  12]+0.044*[#   6]
          +0.044*[#  10]+0.038*[#   2]+0.038*[#   4]+0.009*[#   5]+0.009*[#   9]
          
    |psi|^2 = 0.972
==== e(   8) =     3.20815 eV ==== 
     psi = 0.216*[#   6]+0.216*[#  10]+0.124*[#   7]+0.124*[#   8]+0.124*[#  11]
          +0.124*[#  12]+0.015*[#   2]+0.015*[#   4]
    |psi|^2 = 0.957
==== e(   9) =     3.61979 eV ==== 
     psi = 0.155*[#   7]+0.155*[#   8]+0.155*[#  11]+0.155*[#  12]+0.150*[#   6]
          +0.150*[#  10]+0.027*[#   2]+0.027*[#   4]+0.001*[#   5]+0.001*[#   9]
          
    |psi|^2 = 0.976
==== e(  10) =     3.99393 eV ==== 
     psi = 0.429*[#   6]+0.429*[#  10]+0.018*[#   7]+0.018*[#   8]+0.018*[#  11]
          +0.018*[#  12]+0.017*[#   2]+0.017*[#   4]
    |psi|^2 = 0.966
==== e(  11) =    15.33162 eV ==== 
     psi = 0.005*[#   7]+0.005*[#   8]+0.005*[#  11]+0.005*[#  12]+0.002*[#   2]
          +0.002*[#   4]+0.002*[#   6]+0.002*[#  10]
    |psi|^2 = 0.028
==== e(  12) =    18.59118 eV ==== 
     psi = 0.027*[#   2]+0.027*[#   4]+0.011*[#   7]+0.011*[#   8]+0.011*[#  11]
          +0.011*[#  12]+0.003*[#   5]+0.003*[#   9]
    |psi|^2 = 0.102
==== e(  13) =    20.09560 eV ==== 
     psi = 0.132*[#   2]+0.132*[#   4]+0.017*[#   7]+0.017*[#   8]+0.017*[#  11]
          +0.017*[#  12]+0.010*[#   5]+0.010*[#   9]+0.005*[#   6]+0.005*[#  10]
          +0.001*[#   1]+0.001*[#   3]
    |psi|^2 = 0.364
==== e(  14) =    20.70806 eV ==== 
     psi = 0.076*[#   2]+0.076*[#   4]+0.014*[#   7]+0.014*[#   8]+0.014*[#  11]
          +0.014*[#  12]+0.006*[#   6]+0.006*[#  10]+0.001*[#   5]+0.001*[#   9]
          
    |psi|^2 = 0.225

 k =   0.3000000000  0.5196152423  0.1231998600
==== e(   1) =   -90.49812 eV ==== 
     psi = 0.495*[#   1]+0.495*[#   3]+0.002*[#   7]+0.002*[#   8]+0.002*[#  11]
          +0.002*[#  12]+0.001*[#   2]+0.001*[#   4]
    |psi|^2 = 1.000
==== e(   2) =   -90.49787 eV ==== 
     psi = 0.494*[#   1]+0.494*[#   3]+0.002*[#   2]+0.002*[#   4]+0.002*[#   7]
          +0.002*[#   8]+0.002*[#  11]+0.002*[#  12]
    |psi|^2 = 1.000
==== e(   3) =   -10.46850 eV ==== 
     psi = 0.465*[#   5]+0.465*[#   9]+0.028*[#   2]+0.028*[#   4]
    |psi|^2 = 0.992
==== e(   4) =   -10.27275 eV ==== 
     psi = 0.487*[#   5]+0.487*[#   9]+0.007*[#   2]+0.007*[#   4]
    |psi|^2 = 0.990
==== e(   5) =     0.83928 eV ==== 
     psi = 0.230*[#   7]+0.230*[#   8]+0.230*[#  11]+0.230*[#  12]+0.007*[#   2]
          +0.007*[#   4]+0.003*[#   6]+0.003*[#  10]+0.002*[#   5]+0.002*[#   9]
          
    |psi|^2 = 0.948
==== e(   6) =     1.89182 eV ==== 
     psi = 0.155*[#   7]+0.155*[#   8]+0.155*[#  11]+0.155*[#  12]+0.127*[#   6]
          +0.127*[#  10]+0.049*[#   2]+0.049*[#   4]+0.001*[#   1]+0.001*[#   3]
          
    |psi|^2 = 0.976
==== e(   7) =     2.41126 eV ==== 
     psi = 0.166*[#   7]+0.166*[#   8]+0.166*[#  11]+0.166*[#  12]+0.104*[#   6]
          +0.104*[#  10]+0.046*[#   2]+0.046*[#   4]+0.006*[#   5]+0.006*[#   9]
          +0.001*[#   1]+0.001*[#   3]
    |psi|^2 = 0.976
==== e(   8) =     3.06795 eV ==== 
     psi = 0.217*[#   7]+0.217*[#   8]+0.217*[#  11]+0.217*[#  12]+0.039*[#   6]
          +0.039*[#  10]
    |psi|^2 = 0.947
==== e(   9) =     3.96026 eV ==== 
     psi = 0.301*[#   6]+0.301*[#  10]+0.080*[#   7]+0.080*[#   8]+0.080*[#  11]
          +0.080*[#  12]+0.022*[#   2]+0.022*[#   4]+0.001*[#   5]+0.001*[#   9]
          
    |psi|^2 = 0.969
==== e(  10) =     4.41261 eV ==== 
     psi = 0.365*[#   6]+0.365*[#  10]+0.053*[#   7]+0.053*[#   8]+0.053*[#  11]
          +0.053*[#  12]+0.009*[#   2]+0.009*[#   4]+0.001*[#   5]+0.001*[#   9]
          
    |psi|^2 = 0.964
==== e(  11) =    15.83922 eV ==== 
     psi = 0.008*[#   7]+0.008*[#   8]+0.008*[#  11]+0.008*[#  12]+0.002*[#   2]
          +0.002*[#   4]+0.002*[#   6]+0.002*[#  10]
    |psi|^2 = 0.038
==== e(  12) =    18.27946 eV ==== 
     psi = 0.043*[#   2]+0.043*[#   4]+0.010*[#   7]+0.010*[#   8]+0.010*[#  11]
          +0.010*[#  12]+0.005*[#   5]+0.005*[#   9]
    |psi|^2 = 0.138
==== e(  13) =    19.36768 eV ==== 
     psi = 0.055*[#   2]+0.055*[#   4]+0.010*[#   7]+0.010*[#   8]+0.010*[#  11]
          +0.010*[#  12]+0.006*[#   5]+0.006*[#   9]+0.002*[#   6]+0.002*[#  10]
          
    |psi|^2 = 0.167
==== e(  14) =    19.69526 eV ==== 
     psi = 0.025*[#   2]+0.025*[#   4]+0.007*[#   7]+0.007*[#   8]+0.007*[#  11]
          +0.007*[#  12]+0.005*[#   6]+0.005*[#  10]+0.002*[#   5]+0.002*[#   9]
          
    |psi|^2 = 0.092

 k =   0.3000000000  0.5196152423  0.2463997200
==== e(   1) =   -90.49805 eV ==== 
     psi = 0.494*[#   1]+0.494*[#   3]+0.002*[#   2]+0.002*[#   4]+0.002*[#   7]
          +0.002*[#   8]+0.002*[#  11]+0.002*[#  12]
    |psi|^2 = 1.000
==== e(   2) =   -90.49795 eV ==== 
     psi = 0.494*[#   1]+0.494*[#   3]+0.002*[#   2]+0.002*[#   4]+0.002*[#   7]
          +0.002*[#   8]+0.002*[#  11]+0.002*[#  12]
    |psi|^2 = 1.000
==== e(   3) =   -10.40800 eV ==== 
     psi = 0.478*[#   5]+0.478*[#   9]+0.016*[#   2]+0.016*[#   4]
    |psi|^2 = 0.990
==== e(   4) =   -10.33317 eV ==== 
     psi = 0.487*[#   5]+0.487*[#   9]+0.007*[#   2]+0.007*[#   4]
    |psi|^2 = 0.989
==== e(   5) =     1.25271 eV ==== 
     psi = 0.211*[#   7]+0.211*[#   8]+0.211*[#  11]+0.211*[#  12]+0.029*[#   6]
          +0.029*[#  10]+0.024*[#   2]+0.024*[#   4]+0.002*[#   5]+0.002*[#   9]
          
    |psi|^2 = 0.957
==== e(   6) =     1.56073 eV ==== 
     psi = 0.162*[#   7]+0.162*[#   8]+0.162*[#  11]+0.162*[#  12]+0.106*[#   6]
          +0.106*[#  10]+0.058*[#   2]+0.058*[#   4]+0.001*[#   1]+0.001*[#   3]
          
    |psi|^2 = 0.980
==== e(   7) =     2.09739 eV ==== 
     psi = 0.167*[#   7]+0.167*[#   8]+0.167*[#  11]+0.167*[#  12]+0.106*[#   6]
          +0.106*[#  10]+0.043*[#   2]+0.043*[#   4]+0.001*[#   1]+0.001*[#   3]
          +0.001*[#   5]+0.001*[#   9]
    |psi|^2 = 0.972
==== e(   8) =     2.43757 eV ==== 
     psi = 0.212*[#   7]+0.212*[#   8]+0.212*[#  11]+0.212*[#  12]+0.040*[#   6]
          +0.040*[#  10]+0.010*[#   2]+0.010*[#   4]
    |psi|^2 = 0.948
==== e(   9) =     4.63140 eV ==== 
     psi = 0.320*[#   6]+0.320*[#  10]+0.079*[#   7]+0.079*[#   8]+0.079*[#  11]
          +0.079*[#  12]+0.004*[#   2]+0.004*[#   4]
    |psi|^2 = 0.963
==== e(  10) =     4.82676 eV ==== 
     psi = 0.335*[#   6]+0.335*[#  10]+0.073*[#   7]+0.073*[#   8]+0.073*[#  11]
          +0.073*[#  12]
    |psi|^2 = 0.964
==== e(  11) =    16.84547 eV ==== 
     psi = 0.009*[#   7]+0.009*[#   8]+0.009*[#  11]+0.009*[#  12]+0.006*[#   2]
          +0.006*[#   4]+0.001*[#   6]+0.001*[#  10]
    |psi|^2 = 0.055
==== e(  12) =    17.50886 eV ==== 
     psi = 0.026*[#   2]+0.026*[#   4]+0.007*[#   7]+0.007*[#   8]+0.007*[#  11]
          +0.007*[#  12]+0.004*[#   5]+0.004*[#   9]
    |psi|^2 = 0.091
==== e(  13) =    18.62985 eV ==== 
     psi = 0.004*[#   7]+0.004*[#   8]+0.004*[#  11]+0.004*[#  12]+0.002*[#   5]
          +0.002*[#   9]+0.001*[#   6]+0.001*[#  10]
    |psi|^2 = 0.025
==== e(  14) =    18.75185 eV ==== 
     psi = 0.009*[#   2]+0.009*[#   4]+0.008*[#   7]+0.008*[#   8]+0.008*[#  11]
          +0.008*[#  12]+0.002*[#   5]+0.002*[#   9]
    |psi|^2 = 0.056

Lowdin Charges: 

     Atom #   1: total charge =   2.4670, s =  2.4670, 
     Atom #   1: total charge =   2.4670, p =  0.0000, pz=  0.0000, px=  0.0000, py=  0.0000, 
     Atom #   2: total charge =   2.4670, s =  2.4670, 
     Atom #   2: total charge =   2.4670, p =  0.0000, pz=  0.0000, px=  0.0000, py=  0.0000, 
     Atom #   3: total charge =   7.3196, s =  1.7879, 
     Atom #   3: total charge =   7.3196, p =  5.5317, pz=  1.8415, px=  1.8451, py=  1.8451, 
     Atom #   4: total charge =   7.3196, s =  1.7879, 
     Atom #   4: total charge =   7.3196, p =  5.5317, pz=  1.8415, px=  1.8451, py=  1.8451, 
     Spilling Parameter:   0.0213

     PROJWFC      :      0.21s CPU      0.29s WALL


   This run was terminated on:  14:24: 5  31Aug2026            

=------------------------------------------------------------------------------=
   JOB DONE.
=------------------------------------------------------------------------------=
Note: The following floating-point exceptions are signalling: IEEE_DENORMAL
