 &plot nbnd=  14, nks=   732 /
            0.000000  0.000000  0.000000
  -90.501  -90.498  -12.456  -10.688   -0.056    5.089    5.089    6.042    6.042    6.084
   13.588   17.590   20.313   20.313
            0.009615  0.005551  0.000000
  -90.501  -90.498  -12.455  -10.687   -0.055    5.084    5.087    6.037    6.041    6.083
   13.593   17.594   20.313   20.316
            0.019231  0.011103  0.000000
  -90.501  -90.498  -12.452  -10.685   -0.051    5.070    5.081    6.021    6.039    6.081
   13.605   17.606   20.312   20.324
            0.028846  0.016654  0.000000
  -90.501  -90.498  -12.447  -10.683   -0.044    5.048    5.071    5.995    6.036    6.077
   13.625   17.626   20.310   20.338
            0.038462  0.022206  0.000000
  -90.501  -90.498  -12.439  -10.678   -0.035    5.016    5.058    5.958    6.031    6.071
   13.653   17.654   20.307   20.357
            0.048077  0.027757  0.000000
  -90.501  -90.498  -12.429  -10.673   -0.022    4.975    5.040    5.913    6.025    6.064
   13.689   17.689   20.301   20.381
            0.057692  0.033309  0.000000
  -90.501  -90.498  -12.418  -10.667   -0.008    4.926    5.020    5.858    6.018    6.055
   13.732   17.731   20.291   20.410
            0.067308  0.038860  0.000000
  -90.501  -90.498  -12.404  -10.659    0.010    4.868    4.996    5.795    6.009    6.045
   13.781   17.779   20.274   20.444
            0.076923  0.044412  0.000000
  -90.501  -90.498  -12.388  -10.651    0.030    4.803    4.968    5.725    5.999    6.033
   13.836   17.833   20.245   20.472
            0.086538  0.049963  0.000000
  -90.501  -90.498  -12.370  -10.641    0.053    4.729    4.938    5.647    5.987    6.019
   13.896   17.892   20.201   20.440
            0.096154  0.055514  0.000000
  -90.501  -90.498  -12.349  -10.631    0.078    4.648    4.905    5.563    5.974    6.003
   13.961   17.956   20.140   20.419
            0.105769  0.061066  0.000000
  -90.501  -90.498  -12.327  -10.619    0.106    4.561    4.870    5.473    5.960    5.986
   14.031   18.022   20.067   20.408
            0.115385  0.066617  0.000000
  -90.501  -90.498  -12.303  -10.607    0.136    4.466    4.832    5.379    5.944    5.967
   14.104   18.090   19.985   20.403
            0.125000  0.072169  0.000000
  -90.501  -90.498  -12.277  -10.593    0.169    4.366    4.792    5.280    5.927    5.947
   14.180   18.159   19.897   20.403
            0.134615  0.077720  0.000000
  -90.501  -90.498  -12.249  -10.579    0.204    4.260    4.751    5.177    5.909    5.925
   14.258   18.227   19.804   20.407
            0.144231  0.083272  0.000000
  -90.501  -90.498  -12.219  -10.564    0.241    4.149    4.708    5.071    5.889    5.901
   14.338   18.293   19.707   20.416
            0.153846  0.088823  0.000000
  -90.500  -90.498  -12.188  -10.549    0.281    4.033    4.663    4.963    5.868    5.875
   14.420   18.355   19.606   20.431
            0.163462  0.094375  0.000000
  -90.500  -90.498  -12.154  -10.533    0.323    3.914    4.617    4.852    5.846    5.847
   14.502   18.412   19.502   20.452
            0.173077  0.099926  0.000000
  -90.500  -90.498  -12.119  -10.516    0.367    3.792    4.571    4.740    5.818    5.823
   14.585   18.463   19.396   20.480
            0.182692  0.105477  0.000000
  -90.500  -90.498  -12.083  -10.499    0.413    3.667    4.523    4.626    5.787    5.799
   14.668   18.506   19.288   20.517
            0.192308  0.111029  0.000000
  -90.500  -90.498  -12.044  -10.482    0.460    3.541    4.475    4.512    5.754    5.774
   14.750   18.539   19.178   20.562
            0.201923  0.116580  0.000000
  -90.500  -90.498  -12.005  -10.464    0.510    3.413    4.397    4.427    5.719    5.749
   14.831   18.563   19.068   20.615
            0.211538  0.122132  0.000000
  -90.500  -90.498  -11.963  -10.447    0.561    3.285    4.282    4.378    5.682    5.723
   14.911   18.574   18.962   20.677
            0.221154  0.127683  0.000000
  -90.500  -90.498  -11.921  -10.429    0.613    3.158    4.167    4.330    5.644    5.696
   14.988   18.566   18.866   20.745
            0.230769  0.133235  0.000000
  -90.500  -90.498  -11.877  -10.411    0.666    3.031    4.052    4.281    5.603    5.669
   15.064   18.528   18.794   20.818
            0.240385  0.138786  0.000000
  -90.500  -90.498  -11.832  -10.394    0.719    2.906    3.938    4.233    5.561    5.642
   15.137   18.453   18.752   20.895
            0.250000  0.144338  0.000000
  -90.500  -90.498  -11.786  -10.376    0.773    2.784    3.825    4.186    5.516    5.615
   15.206   18.352   18.734   20.972
            0.259615  0.149889  0.000000
  -90.500  -90.498  -11.739  -10.359    0.825    2.666    3.713    4.139    5.470    5.587
   15.273   18.239   18.727   21.048
            0.269231  0.155440  0.000000
  -90.500  -90.498  -11.691  -10.343    0.877    2.553    3.603    4.093    5.422    5.560
   15.335   18.119   18.726   21.120
            0.278846  0.160992  0.000000
  -90.500  -90.498  -11.643  -10.327    0.925    2.447    3.495    4.048    5.372    5.533
   15.394   17.997   18.729   21.186
            0.288462  0.166543  0.000000
  -90.500  -90.498  -11.593  -10.312    0.970    2.348    3.389    4.004    5.320    5.506
   15.448   17.874   18.736   21.244
            0.298077  0.172095  0.000000
  -90.500  -90.498  -11.544  -10.298    1.008    2.261    3.286    3.961    5.266    5.480
   15.498   17.752   18.747   21.291
            0.307692  0.177646  0.000000
  -90.499  -90.498  -11.494  -10.284    1.038    2.186    3.185    3.919    5.210    5.454
   15.544   17.632   18.762   21.327
            0.317308  0.183198  0.000000
  -90.499  -90.498  -11.443  -10.272    1.057    2.127    3.087    3.879    5.153    5.429
   15.585   17.514   18.780   21.351
            0.326923  0.188749  0.000000
  -90.499  -90.498  -11.393  -10.261    1.062    2.087    2.993    3.840    5.094    5.404
   15.622   17.398   18.803   21.364
            0.336538  0.194301  0.000000
  -90.499  -90.498  -11.343  -10.251    1.053    2.066    2.902    3.803    5.034    5.380
   15.654   17.287   18.830   21.367
            0.346154  0.199852  0.000000
  -90.499  -90.498  -11.293  -10.243    1.029    2.065    2.814    3.768    4.972    5.358
   15.683   17.179   18.860   21.360
            0.355769  0.205403  0.000000
  -90.499  -90.498  -11.244  -10.236    0.993    2.082    2.731    3.734    4.909    5.336
   15.708   17.076   18.893   21.346
            0.365385  0.210955  0.000000
  -90.499  -90.498  -11.195  -10.230    0.947    2.112    2.653    3.702    4.845    5.315
   15.729   16.977   18.930   21.326
            0.375000  0.216506  0.000000
  -90.499  -90.498  -11.148  -10.226    0.897    2.153    2.579    3.672    4.780    5.295
   15.747   16.884   18.969   21.301
            0.384615  0.222058  0.000000
  -90.499  -90.498  -11.101  -10.223    0.843    2.200    2.511    3.644    4.715    5.277
   15.762   16.796   19.009   21.273
            0.394231  0.227609  0.000000
  -90.499  -90.498  -11.056  -10.222    0.789    2.250    2.451    3.618    4.650    5.260
   15.775   16.713   19.051   21.243
            0.403846  0.233161  0.000000
  -90.499  -90.498  -11.012  -10.223    0.735    2.290    2.409    3.594    4.586    5.244
   15.786   16.637   19.093   21.211
            0.413462  0.238712  0.000000
  -90.499  -90.498  -10.971  -10.224    0.685    2.290    2.415    3.573    4.522    5.229
   15.795   16.567   19.134   21.180
            0.423077  0.244264  0.000000
  -90.499  -90.498  -10.932  -10.227    0.637    2.254    2.461    3.553    4.460    5.216
   15.802   16.504   19.175   21.149
            0.432692  0.249815  0.000000
  -90.499  -90.498  -10.895  -10.231    0.594    2.215    2.515    3.536    4.400    5.204
   15.809   16.447   19.213   21.120
            0.442308  0.255366  0.000000
  -90.499  -90.498  -10.862  -10.236    0.556    2.178    2.569    3.521    4.344    5.194
   15.814   16.397   19.249   21.093
            0.451923  0.260918  0.000000
  -90.499  -90.498  -10.833  -10.241    0.523    2.146    2.620    3.508    4.293    5.185
   15.818   16.354   19.280   21.069
            0.461538  0.266469  0.000000
  -90.499  -90.498  -10.807  -10.247    0.496    2.120    2.665    3.497    4.248    5.178
   15.822   16.318   19.308   21.048
            0.471154  0.272021  0.000000
  -90.499  -90.498  -10.787  -10.251    0.474    2.099    2.703    3.489    4.211    5.172
   15.825   16.290   19.330   21.031
            0.480769  0.277572  0.000000
  -90.499  -90.498  -10.772  -10.255    0.459    2.084    2.732    3.483    4.183    5.168
   15.827   16.270   19.346   21.019
            0.490385  0.283124  0.000000
  -90.499  -90.498  -10.763  -10.258    0.450    2.075    2.750    3.480    4.165    5.166
   15.829   16.258   19.356   21.011
            0.500000  0.288675  0.000000
  -90.499  -90.498  -10.759  -10.259    0.447    2.072    2.756    3.478    4.159    5.165
   15.829   16.254   19.359   21.008
            0.494253  0.298629  0.000000
  -90.499  -90.498  -10.759  -10.258    0.447    2.073    2.755    3.476    4.158    5.161
   15.829   16.261   19.356   21.008
            0.488506  0.308584  0.000000
  -90.499  -90.498  -10.757  -10.258    0.450    2.076    2.754    3.470    4.157    5.148
   15.831   16.282   19.347   21.006
            0.482759  0.318538  0.000000
  -90.499  -90.498  -10.753  -10.257    0.454    2.081    2.752    3.459    4.153    5.127
   15.832   16.317   19.332   21.002
            0.477011  0.328492  0.000000
  -90.499  -90.498  -10.749  -10.256    0.459    2.089    2.748    3.445    4.149    5.098
   15.833   16.366   19.315   20.998
            0.471264  0.338447  0.000000
  -90.499  -90.498  -10.743  -10.255    0.466    2.098    2.743    3.428    4.143    5.062
   15.834   16.428   19.296   20.992
            0.465517  0.348401  0.000000
  -90.499  -90.498  -10.736  -10.253    0.475    2.109    2.736    3.409    4.135    5.018
   15.832   16.502   19.278   20.984
            0.459770  0.358355  0.000000
  -90.499  -90.498  -10.727  -10.251    0.484    2.123    2.726    3.390    4.125    4.968
   15.829   16.588   19.264   20.976
            0.454023  0.368310  0.000000
  -90.499  -90.498  -10.718  -10.250    0.495    2.138    2.714    3.370    4.114    4.911
   15.822   16.684   19.255   20.966
            0.448276  0.378264  0.000000
  -90.498  -90.498  -10.707  -10.248    0.507    2.155    2.698    3.352    4.100    4.850
   15.811   16.791   19.252   20.955
            0.442529  0.388218  0.000000
  -90.498  -90.498  -10.695  -10.246    0.519    2.174    2.679    3.336    4.084    4.784
   15.795   16.906   19.258   20.944
            0.436782  0.398173  0.000000
  -90.498  -90.498  -10.682  -10.244    0.532    2.195    2.657    3.324    4.064    4.715
   15.775   17.030   19.273   20.931
            0.431034  0.408127  0.000000
  -90.498  -90.498  -10.668  -10.243    0.546    2.218    2.630    3.315    4.042    4.643
   15.750   17.159   19.298   20.917
            0.425287  0.418081  0.000000
  -90.498  -90.498  -10.653  -10.241    0.559    2.242    2.601    3.311    4.014    4.570
   15.721   17.293   19.332   20.902
            0.419540  0.428036  0.000000
  -90.498  -90.498  -10.638  -10.240    0.572    2.267    2.571    3.312    3.982    4.498
   15.687   17.431   19.375   20.887
            0.413793  0.437990  0.000000
  -90.498  -90.498  -10.621  -10.240    0.584    2.294    2.539    3.317    3.944    4.427
   15.649   17.571   19.427   20.871
            0.408046  0.447944  0.000000
  -90.498  -90.498  -10.604  -10.240    0.596    2.323    2.507    3.326    3.900    4.359
   15.609   17.712   19.487   20.854
            0.402299  0.457898  0.000000
  -90.498  -90.498  -10.585  -10.241    0.606    2.352    2.477    3.339    3.848    4.295
   15.567   17.851   19.553   20.837
            0.396552  0.467853  0.000000
  -90.498  -90.498  -10.567  -10.242    0.615    2.381    2.449    3.355    3.790    4.236
   15.523   17.987   19.624   20.818
            0.390805  0.477807  0.000000
  -90.498  -90.498  -10.547  -10.245    0.622    2.411    2.424    3.375    3.727    4.181
   15.480   18.118   19.700   20.799
            0.385057  0.487761  0.000000
  -90.498  -90.498  -10.528  -10.248    0.628    2.404    2.441    3.398    3.659    4.129
   15.438   18.242   19.778   20.778
            0.379310  0.497716  0.000000
  -90.498  -90.498  -10.508  -10.253    0.631    2.389    2.469    3.423    3.590    4.081
   15.397   18.358   19.858   20.755
            0.373563  0.507670  0.000000
  -90.498  -90.498  -10.487  -10.259    0.633    2.380    2.495    3.451    3.521    4.034
   15.359   18.464   19.938   20.731
            0.367816  0.517624  0.000000
  -90.498  -90.498  -10.467  -10.267    0.632    2.377    2.519    3.454    3.482    3.987
   15.324   18.558   20.018   20.703
            0.362069  0.527579  0.000000
  -90.498  -90.498  -10.446  -10.276    0.631    2.381    2.537    3.393    3.515    3.941
   15.293   18.639   20.096   20.671
            0.356322  0.537533  0.000000
  -90.498  -90.498  -10.426  -10.286    0.628    2.391    2.548    3.340    3.550    3.895
   15.267   18.706   20.171   20.634
            0.350575  0.547487  0.000000
  -90.498  -90.498  -10.406  -10.299    0.625    2.407    2.550    3.298    3.588    3.849
   15.246   18.759   20.243   20.592
            0.344828  0.557442  0.000000
  -90.498  -90.498  -10.385  -10.313    0.622    2.429    2.541    3.268    3.627    3.803
   15.231   18.796   20.312   20.545
            0.339080  0.567396  0.000000
  -90.498  -90.498  -10.366  -10.329    0.620    2.457    2.521    3.251    3.668    3.756
   15.222   18.819   20.376   20.493
            0.333333  0.577350  0.000000
  -90.498  -90.498  -10.347  -10.347    0.619    2.490    2.490    3.246    3.711    3.711
   15.218   18.826   20.437   20.437
            0.327778  0.567728  0.000000
  -90.498  -90.498  -10.366  -10.329    0.620    2.452    2.527    3.250    3.670    3.755
   15.221   18.819   20.379   20.491
            0.322222  0.558105  0.000000
  -90.498  -90.498  -10.387  -10.311    0.623    2.408    2.568    3.256    3.635    3.800
   15.231   18.799   20.320   20.542
            0.316667  0.548483  0.000000
  -90.498  -90.498  -10.410  -10.294    0.630    2.360    2.612    3.261    3.608    3.846
   15.246   18.765   20.261   20.588
            0.311111  0.538860  0.000000
  -90.498  -90.498  -10.435  -10.279    0.639    2.310    2.661    3.256    3.595    3.894
   15.268   18.719   20.203   20.632
            0.305556  0.529238  0.000000
  -90.498  -90.498  -10.462  -10.264    0.653    2.260    2.712    3.239    3.599    3.943
   15.297   18.661   20.147   20.671
            0.300000  0.519615  0.000000
  -90.498  -90.498  -10.492  -10.250    0.670    2.210    2.766    3.208    3.620    3.994
   15.332   18.591   20.096   20.708
            0.294444  0.509993  0.000000
  -90.498  -90.498  -10.523  -10.237    0.692    2.161    2.822    3.167    3.653    4.046
   15.373   18.511   20.048   20.742
            0.288889  0.500370  0.000000
  -90.498  -90.498  -10.556  -10.225    0.719    2.114    2.881    3.120    3.696    4.099
   15.420   18.422   20.006   20.773
            0.283333  0.490748  0.000000
  -90.498  -90.498  -10.591  -10.215    0.750    2.069    2.942    3.069    3.745    4.153
   15.474   18.325   19.969   20.802
            0.277778  0.481125  0.000000
  -90.498  -90.498  -10.627  -10.205    0.787    2.025    3.004    3.016    3.798    4.208
   15.534   18.222   19.937   20.828
            0.272222  0.471503  0.000000
  -90.498  -90.498  -10.666  -10.197    0.829    1.984    2.963    3.067    3.855    4.264
   15.600   18.112   19.910   20.852
            0.266667  0.461880  0.000000
  -90.498  -90.498  -10.706  -10.191    0.876    1.944    2.910    3.132    3.914    4.321
   15.671   17.998   19.888   20.873
            0.261111  0.452258  0.000000
  -90.498  -90.498  -10.748  -10.186    0.928    1.906    2.859    3.198    3.976    4.378
   15.748   17.880   19.871   20.892
            0.255556  0.442635  0.000000
  -90.499  -90.498  -10.791  -10.182    0.986    1.868    2.812    3.265    4.039    4.436
   15.830   17.760   19.859   20.906
            0.250000  0.433013  0.000000
  -90.499  -90.498  -10.836  -10.180    1.049    1.830    2.768    3.332    4.103    4.494
   15.917   17.637   19.851   20.916
            0.244444  0.423390  0.000000
  -90.499  -90.498  -10.882  -10.179    1.118    1.792    2.729    3.400    4.168    4.553
   16.009   17.513   19.847   20.921
            0.238889  0.413768  0.000000
  -90.499  -90.498  -10.929  -10.179    1.191    1.753    2.696    3.468    4.234    4.612
   16.106   17.388   19.848   20.918
            0.233333  0.404145  0.000000
  -90.499  -90.498  -10.977  -10.182    1.270    1.711    2.670    3.537    4.300    4.671
   16.207   17.263   19.853   20.906
            0.227778  0.394523  0.000000
  -90.499  -90.498  -11.026  -10.185    1.354    1.668    2.652    3.605    4.367    4.730
   16.311   17.138   19.862   20.883
            0.222222  0.384900  0.000000
  -90.499  -90.498  -11.076  -10.190    1.443    1.621    2.642    3.674    4.435    4.789
   16.420   17.013   19.875   20.848
            0.216667  0.375278  0.000000
  -90.499  -90.498  -11.127  -10.196    1.537    1.572    2.640    3.743    4.502    4.847
   16.532   16.889   19.892   20.800
            0.211111  0.365655  0.000000
  -90.499  -90.498  -11.178  -10.204    1.520    1.635    2.647    3.811    4.569    4.905
   16.647   16.766   19.912   20.739
            0.205556  0.356033  0.000000
  -90.499  -90.498  -11.229  -10.213    1.465    1.737    2.663    3.879    4.636    4.963
   16.644   16.764   19.936   20.667
            0.200000  0.346410  0.000000
  -90.499  -90.498  -11.281  -10.223    1.408    1.844    2.686    3.947    4.703    5.019
   16.523   16.884   19.962   20.586
            0.194444  0.336788  0.000000
  -90.499  -90.498  -11.333  -10.234    1.348    1.955    2.717    4.014    4.769    5.075
   16.404   17.006   19.990   20.498
            0.188889  0.327165  0.000000
  -90.499  -90.498  -11.385  -10.246    1.288    2.070    2.755    4.081    4.835    5.130
   16.286   17.130   20.021   20.404
            0.183333  0.317543  0.000000
  -90.499  -90.498  -11.436  -10.260    1.226    2.188    2.800    4.147    4.900    5.184
   16.170   17.255   20.053   20.307
            0.177778  0.307920  0.000000
  -90.499  -90.498  -11.488  -10.274    1.164    2.309    2.851    4.212    4.965    5.237
   16.055   17.381   20.086   20.207
            0.172222  0.298298  0.000000
  -90.499  -90.498  -11.539  -10.289    1.101    2.434    2.908    4.277    5.028    5.289
   15.942   17.508   20.106   20.119
            0.166667  0.288675  0.000000
  -90.500  -90.498  -11.589  -10.305    1.038    2.561    2.971    4.341    5.090    5.339
   15.830   17.634   20.005   20.151
            0.161111  0.279053  0.000000
  -90.500  -90.498  -11.639  -10.321    0.976    2.691    3.038    4.404    5.152    5.388
   15.720   17.760   19.904   20.181
            0.155556  0.269430  0.000000
  -90.500  -90.498  -11.688  -10.338    0.914    2.822    3.110    4.466    5.212    5.435
   15.612   17.885   19.805   20.209
            0.150000  0.259808  0.000000
  -90.500  -90.498  -11.736  -10.355    0.853    2.955    3.186    4.527    5.270    5.481
   15.505   18.008   19.708   20.234
            0.144444  0.250185  0.000000
  -90.500  -90.498  -11.784  -10.373    0.793    3.090    3.266    4.588    5.327    5.525
   15.400   18.128   19.615   20.255
            0.138889  0.240563  0.000000
  -90.500  -90.498  -11.830  -10.391    0.735    3.225    3.349    4.648    5.383    5.568
   15.297   18.243   19.527   20.272
            0.133333  0.230940  0.000000
  -90.500  -90.498  -11.875  -10.409    0.677    3.361    3.434    4.706    5.436    5.609
   15.195   18.350   19.446   20.286
            0.127778  0.221318  0.000000
  -90.500  -90.498  -11.919  -10.427    0.621    3.496    3.523    4.765    5.488    5.648
   15.094   18.446   19.377   20.295
            0.122222  0.211695  0.000000
  -90.500  -90.498  -11.962  -10.445    0.567    3.613    3.631    4.823    5.538    5.686
   14.995   18.523   19.326   20.301
            0.116667  0.202073  0.000000
  -90.500  -90.498  -12.004  -10.463    0.514    3.704    3.763    4.880    5.586    5.722
   14.898   18.573   19.303   20.305
            0.111111  0.192450  0.000000
  -90.500  -90.498  -12.043  -10.481    0.464    3.797    3.894    4.938    5.632    5.756
   14.802   18.589   19.313   20.306
            0.105556  0.182828  0.000000
  -90.500  -90.498  -12.082  -10.499    0.415    3.891    4.021    4.995    5.676    5.789
   14.708   18.572   19.357   20.305
            0.100000  0.173205  0.000000
  -90.500  -90.498  -12.119  -10.516    0.369    3.984    4.144    5.054    5.717    5.819
   14.615   18.528   19.426   20.304
            0.094444  0.163583  0.000000
  -90.500  -90.498  -12.154  -10.532    0.324    4.078    4.262    5.114    5.756    5.848
   14.525   18.469   19.511   20.302
            0.088889  0.153960  0.000000
  -90.500  -90.498  -12.187  -10.549    0.282    4.170    4.374    5.175    5.793    5.875
   14.436   18.400   19.604   20.300
            0.083333  0.144338  0.000000
  -90.501  -90.498  -12.219  -10.564    0.242    4.261    4.477    5.239    5.827    5.901
   14.350   18.326   19.702   20.298
            0.077778  0.134715  0.000000
  -90.501  -90.498  -12.249  -10.579    0.204    4.351    4.573    5.306    5.858    5.925
   14.266   18.250   19.801   20.296
            0.072222  0.125093  0.000000
  -90.501  -90.498  -12.277  -10.593    0.169    4.438    4.658    5.376    5.887    5.947
   14.185   18.175   19.900   20.295
            0.066667  0.115470  0.000000
  -90.501  -90.498  -12.303  -10.606    0.136    4.522    4.735    5.447    5.913    5.967
   14.107   18.100   19.996   20.295
            0.061111  0.105848  0.000000
  -90.501  -90.498  -12.327  -10.619    0.106    4.602    4.801    5.521    5.936    5.986
   14.033   18.028   20.089   20.295
            0.055556  0.096225  0.000000
  -90.501  -90.498  -12.349  -10.630    0.078    4.678    4.859    5.594    5.957    6.003
   13.963   17.960   20.176   20.296
            0.050000  0.086603  0.000000
  -90.501  -90.498  -12.369  -10.641    0.053    4.750    4.908    5.667    5.975    6.019
   13.897   17.895   20.256   20.298
            0.044444  0.076980  0.000000
  -90.501  -90.498  -12.388  -10.651    0.030    4.816    4.950    5.737    5.991    6.032
   13.836   17.835   20.300   20.324
            0.038889  0.067358  0.000000
  -90.501  -90.498  -12.404  -10.659    0.010    4.877    4.985    5.802    6.004    6.045
   13.781   17.780   20.302   20.370
            0.033333  0.057735  0.000000
  -90.501  -90.498  -12.418  -10.667   -0.008    4.931    5.014    5.862    6.015    6.055
   13.732   17.731   20.304   20.383
            0.027778  0.048113  0.000000
  -90.501  -90.498  -12.429  -10.673   -0.022    4.978    5.038    5.914    6.024    6.064
   13.689   17.689   20.307   20.372
            0.022222  0.038490  0.000000
  -90.501  -90.498  -12.439  -10.678   -0.035    5.017    5.056    5.959    6.031    6.071
   13.654   17.654   20.309   20.354
            0.016667  0.028868  0.000000
  -90.501  -90.498  -12.447  -10.683   -0.044    5.048    5.071    5.995    6.036    6.077
   13.625   17.626   20.311   20.337
            0.011111  0.019245  0.000000
  -90.501  -90.498  -12.452  -10.685   -0.051    5.070    5.081    6.021    6.039    6.081
   13.605   17.606   20.312   20.324
            0.005556  0.009623  0.000000
  -90.501  -90.498  -12.455  -10.687   -0.055    5.084    5.087    6.037    6.041    6.083
   13.593   17.594   20.313   20.316
            0.000000  0.000000  0.000000
  -90.501  -90.498  -12.456  -10.688   -0.056    5.089    5.089    6.042    6.042    6.084
   13.588   17.590   20.313   20.313
            0.000000  0.000000  0.011407
  -90.501  -90.498  -12.455  -10.690   -0.051    5.089    5.089    6.041    6.041    6.077
   13.593   17.587   20.314   20.314
            0.000000  0.000000  0.022815
  -90.501  -90.498  -12.452  -10.696   -0.037    5.092    5.092    6.038    6.038    6.056
   13.608   17.578   20.316   20.316
            0.000000  0.000000  0.034222
  -90.501  -90.499  -12.446  -10.706   -0.014    5.095    5.095    6.022    6.034    6.034
   13.632   17.564   20.320   20.320
            0.000000  0.000000  0.045630
  -90.501  -90.499  -12.438  -10.720    0.019    5.101    5.101    5.975    6.028    6.028
   13.666   17.543   20.326   20.326
            0.000000  0.000000  0.057037
  -90.501  -90.499  -12.427  -10.737    0.061    5.108    5.108    5.916    6.021    6.021
   13.709   17.518   20.333   20.333
            0.000000  0.000000  0.068444
  -90.501  -90.499  -12.415  -10.759    0.112    5.116    5.116    5.844    6.011    6.011
   13.760   17.486   20.341   20.341
            0.000000  0.000000  0.079852
  -90.501  -90.499  -12.400  -10.784    0.172    5.125    5.125    5.760    6.001    6.001
   13.819   17.450   20.352   20.352
            0.000000  0.000000  0.091259
  -90.501  -90.499  -12.383  -10.812    0.241    5.137    5.137    5.666    5.988    5.988
   13.885   17.408   20.364   20.364
            0.000000  0.000000  0.102667
  -90.501  -90.499  -12.363  -10.843    0.318    5.149    5.149    5.562    5.974    5.974
   13.958   17.360   20.378   20.378
            0.000000  0.000000  0.114074
  -90.501  -90.499  -12.341  -10.877    0.403    5.163    5.163    5.448    5.959    5.959
   14.038   17.308   20.394   20.394
            0.000000  0.000000  0.125481
  -90.501  -90.499  -12.318  -10.914    0.495    5.178    5.178    5.325    5.942    5.942
   14.123   17.251   20.412   20.412
            0.000000  0.000000  0.136889
  -90.501  -90.499  -12.292  -10.954    0.595    5.194    5.194    5.195    5.924    5.924
   14.213   17.189   20.432   20.432
            0.000000  0.000000  0.148296
  -90.501  -90.499  -12.264  -10.995    0.703    5.058    5.212    5.212    5.905    5.905
   14.307   17.123   20.455   20.455
            0.000000  0.000000  0.159704
  -90.501  -90.499  -12.234  -11.039    0.817    4.914    5.231    5.231    5.885    5.885
   14.405   17.052   20.480   20.480
            0.000000  0.000000  0.171111
  -90.501  -90.499  -12.202  -11.085    0.938    4.765    5.251    5.251    5.863    5.863
   14.507   16.978   20.507   20.507
            0.000000  0.000000  0.182518
  -90.500  -90.499  -12.168  -11.132    1.064    4.611    5.272    5.272    5.841    5.841
   14.611   16.899   20.536   20.536
            0.000000  0.000000  0.193926
  -90.500  -90.499  -12.132  -11.180    1.197    4.452    5.294    5.294    5.817    5.817
   14.718   16.816   20.569   20.569
            0.000000  0.000000  0.205333
  -90.500  -90.499  -12.095  -11.230    1.335    4.290    5.316    5.316    5.793    5.793
   14.827   16.730   20.597   20.603
            0.000000  0.000000  0.216740
  -90.500  -90.499  -12.056  -11.280    1.478    4.125    5.340    5.340    5.768    5.768
   14.937   16.641   20.588   20.640
            0.000000  0.000000  0.228148
  -90.500  -90.499  -12.015  -11.331    1.626    3.957    5.365    5.365    5.742    5.742
   15.048   16.548   20.580   20.680
            0.000000  0.000000  0.239555
  -90.500  -90.499  -11.972  -11.383    1.778    3.787    5.390    5.390    5.716    5.716
   15.160   16.453   20.574   20.658
            0.000000  0.000000  0.250963
  -90.500  -90.499  -11.928  -11.434    1.934    3.616    5.416    5.416    5.689    5.689
   15.272   16.354   20.569   20.638
            0.000000  0.000000  0.262370
  -90.500  -90.499  -11.883  -11.486    2.093    3.444    5.442    5.442    5.662    5.662
   15.385   16.254   20.566   20.620
            0.000000  0.000000  0.273777
  -90.500  -90.500  -11.837  -11.538    2.255    3.272    5.469    5.469    5.634    5.634
   15.497   16.150   20.565   20.605
            0.000000  0.000000  0.285185
  -90.500  -90.500  -11.789  -11.589    2.420    3.100    5.496    5.496    5.607    5.607
   15.609   16.045   20.566   20.592
            0.000000  0.000000  0.296592
  -90.500  -90.500  -11.740  -11.640    2.588    2.928    5.523    5.523    5.579    5.579
   15.720   15.938   20.569   20.582
            0.000000  0.000000  0.308000
  -90.500  -90.500  -11.691  -11.691    2.757    2.757    5.551    5.551    5.551    5.551
   15.830   15.830   20.574   20.574
            0.009615  0.005551  0.308000
  -90.500  -90.500  -11.690  -11.690    2.757    2.757    5.547    5.547    5.550    5.550
   15.831   15.831   20.562   20.562
            0.019231  0.011103  0.308000
  -90.500  -90.500  -11.687  -11.687    2.757    2.757    5.536    5.536    5.545    5.545
   15.836   15.836   20.529   20.529
            0.028846  0.016654  0.308000
  -90.500  -90.500  -11.683  -11.683    2.757    2.757    5.517    5.517    5.539    5.539
   15.844   15.844   20.483   20.483
            0.038462  0.022206  0.308000
  -90.500  -90.500  -11.676  -11.676    2.757    2.757    5.491    5.491    5.529    5.529
   15.855   15.855   20.429   20.429
            0.048077  0.027757  0.308000
  -90.500  -90.500  -11.668  -11.668    2.756    2.756    5.458    5.458    5.517    5.517
   15.868   15.868   20.373   20.373
            0.057692  0.033309  0.308000
  -90.500  -90.500  -11.658  -11.658    2.755    2.755    5.418    5.418    5.502    5.502
   15.883   15.883   20.316   20.316
            0.067308  0.038860  0.308000
  -90.500  -90.500  -11.647  -11.647    2.754    2.754    5.373    5.373    5.484    5.484
   15.900   15.900   20.261   20.261
            0.076923  0.044412  0.308000
  -90.500  -90.500  -11.634  -11.634    2.752    2.752    5.321    5.321    5.465    5.465
   15.919   15.919   20.207   20.207
            0.086538  0.049963  0.308000
  -90.500  -90.500  -11.619  -11.619    2.749    2.749    5.265    5.265    5.443    5.443
   15.937   15.937   20.156   20.156
            0.096154  0.055514  0.308000
  -90.500  -90.500  -11.602  -11.602    2.745    2.745    5.204    5.204    5.418    5.418
   15.956   15.956   20.109   20.109
            0.105769  0.061066  0.308000
  -90.500  -90.500  -11.584  -11.584    2.739    2.739    5.140    5.140    5.392    5.392
   15.974   15.974   20.066   20.066
            0.115385  0.066617  0.308000
  -90.500  -90.500  -11.564  -11.564    2.732    2.732    5.073    5.073    5.364    5.364
   15.991   15.991   20.028   20.028
            0.125000  0.072169  0.308000
  -90.499  -90.499  -11.543  -11.543    2.722    2.722    5.003    5.003    5.334    5.334
   16.006   16.006   19.994   19.994
            0.134615  0.077720  0.308000
  -90.499  -90.499  -11.520  -11.520    2.710    2.710    4.932    4.932    5.302    5.302
   16.019   16.019   19.966   19.966
            0.144231  0.083272  0.308000
  -90.499  -90.499  -11.496  -11.496    2.695    2.695    4.862    4.862    5.269    5.269
   16.028   16.028   19.944   19.944
            0.153846  0.088823  0.308000
  -90.499  -90.499  -11.470  -11.470    2.677    2.677    4.791    4.791    5.234    5.234
   16.034   16.034   19.927   19.927
            0.163462  0.094375  0.308000
  -90.499  -90.499  -11.443  -11.443    2.654    2.654    4.723    4.723    5.199    5.199
   16.037   16.037   19.916   19.916
            0.173077  0.099926  0.308000
  -90.499  -90.499  -11.415  -11.415    2.627    2.627    4.656    4.656    5.162    5.162
   16.035   16.035   19.911   19.911
            0.182692  0.105477  0.308000
  -90.499  -90.499  -11.386  -11.386    2.594    2.594    4.593    4.593    5.124    5.124
   16.029   16.029   19.912   19.912
            0.192308  0.111029  0.308000
  -90.499  -90.499  -11.355  -11.355    2.557    2.557    4.535    4.535    5.086    5.086
   16.019   16.019   19.918   19.918
            0.201923  0.116580  0.308000
  -90.499  -90.499  -11.324  -11.324    2.513    2.513    4.481    4.481    5.048    5.048
   16.005   16.005   19.930   19.930
            0.211538  0.122132  0.308000
  -90.499  -90.499  -11.292  -11.292    2.464    2.464    4.433    4.433    5.008    5.008
   15.986   15.986   19.946   19.946
            0.221154  0.127683  0.308000
  -90.499  -90.499  -11.259  -11.259    2.409    2.409    4.390    4.390    4.969    4.969
   15.964   15.964   19.967   19.967
            0.230769  0.133235  0.308000
  -90.499  -90.499  -11.225  -11.225    2.349    2.349    4.353    4.353    4.930    4.930
   15.937   15.937   19.992   19.992
            0.240385  0.138786  0.308000
  -90.499  -90.499  -11.191  -11.191    2.283    2.283    4.322    4.322    4.890    4.890
   15.907   15.907   20.020   20.020
            0.250000  0.144338  0.308000
  -90.499  -90.499  -11.156  -11.156    2.212    2.212    4.297    4.297    4.851    4.851
   15.875   15.875   20.051   20.051
            0.259615  0.149889  0.308000
  -90.499  -90.499  -11.121  -11.121    2.137    2.137    4.277    4.277    4.812    4.812
   15.839   15.839   20.083   20.083
            0.269231  0.155440  0.308000
  -90.499  -90.499  -11.085  -11.085    2.058    2.058    4.263    4.263    4.774    4.774
   15.801   15.801   20.118   20.118
            0.278846  0.160992  0.308000
  -90.499  -90.499  -11.049  -11.049    1.976    1.976    4.253    4.253    4.736    4.736
   15.762   15.762   20.154   20.154
            0.288462  0.166543  0.308000
  -90.499  -90.499  -11.014  -11.014    1.893    1.893    4.247    4.247    4.699    4.699
   15.720   15.720   20.190   20.190
            0.298077  0.172095  0.308000
  -90.499  -90.499  -10.978  -10.978    1.808    1.808    4.244    4.244    4.663    4.663
   15.678   15.678   20.226   20.226
            0.307692  0.177646  0.308000
  -90.499  -90.499  -10.943  -10.943    1.723    1.723    4.245    4.245    4.628    4.628
   15.635   15.635   20.261   20.261
            0.317308  0.183198  0.308000
  -90.499  -90.499  -10.908  -10.908    1.637    1.637    4.248    4.248    4.594    4.594
   15.592   15.592   20.296   20.296
            0.326923  0.188749  0.308000
  -90.499  -90.499  -10.874  -10.874    1.553    1.553    4.253    4.253    4.561    4.561
   15.548   15.548   20.330   20.330
            0.336538  0.194301  0.308000
  -90.499  -90.499  -10.840  -10.840    1.469    1.469    4.260    4.260    4.529    4.529
   15.505   15.505   20.362   20.362
            0.346154  0.199852  0.308000
  -90.498  -90.498  -10.808  -10.808    1.388    1.388    4.269    4.269    4.499    4.499
   15.463   15.463   20.392   20.392
            0.355769  0.205403  0.308000
  -90.498  -90.498  -10.776  -10.776    1.309    1.309    4.278    4.278    4.470    4.470
   15.422   15.422   20.420   20.420
            0.365385  0.210955  0.308000
  -90.498  -90.498  -10.745  -10.745    1.233    1.233    4.289    4.289    4.443    4.443
   15.382   15.382   20.446   20.446
            0.375000  0.216506  0.308000
  -90.498  -90.498  -10.716  -10.716    1.160    1.160    4.299    4.299    4.417    4.417
   15.343   15.343   20.470   20.470
            0.384615  0.222058  0.308000
  -90.498  -90.498  -10.688  -10.688    1.091    1.091    4.310    4.310    4.393    4.393
   15.307   15.307   20.492   20.492
            0.394231  0.227609  0.308000
  -90.498  -90.498  -10.662  -10.662    1.026    1.026    4.321    4.321    4.370    4.370
   15.272   15.272   20.511   20.511
            0.403846  0.233161  0.308000
  -90.498  -90.498  -10.638  -10.638    0.966    0.966    4.332    4.332    4.349    4.349
   15.240   15.240   20.528   20.528
            0.413462  0.238712  0.308000
  -90.498  -90.498  -10.615  -10.615    0.910    0.910    4.331    4.331    4.342    4.342
   15.210   15.210   20.543   20.543
            0.423077  0.244264  0.308000
  -90.498  -90.498  -10.595  -10.595    0.860    0.860    4.314    4.314    4.352    4.352
   15.183   15.183   20.555   20.555
            0.432692  0.249815  0.308000
  -90.498  -90.498  -10.576  -10.576    0.815    0.815    4.298    4.298    4.361    4.361
   15.158   15.158   20.566   20.566
            0.442308  0.255366  0.308000
  -90.498  -90.498  -10.560  -10.560    0.775    0.775    4.285    4.285    4.369    4.369
   15.137   15.137   20.575   20.575
            0.451923  0.260918  0.308000
  -90.498  -90.498  -10.546  -10.546    0.741    0.741    4.274    4.274    4.375    4.375
   15.119   15.119   20.583   20.583
            0.461538  0.266469  0.308000
  -90.498  -90.498  -10.534  -10.534    0.713    0.713    4.265    4.265    4.381    4.381
   15.103   15.103   20.588   20.588
            0.471154  0.272021  0.308000
  -90.498  -90.498  -10.525  -10.525    0.692    0.692    4.258    4.258    4.386    4.386
   15.092   15.092   20.593   20.593
            0.480769  0.277572  0.308000
  -90.498  -90.498  -10.519  -10.519    0.676    0.676    4.253    4.253    4.389    4.389
   15.083   15.083   20.596   20.596
            0.490385  0.283124  0.308000
  -90.498  -90.498  -10.515  -10.515    0.666    0.666    4.250    4.250    4.391    4.391
   15.078   15.078   20.598   20.598
            0.500000  0.288675  0.308000
  -90.498  -90.498  -10.514  -10.514    0.663    0.663    4.249    4.249    4.392    4.392
   15.076   15.076   20.598   20.598
            0.494253  0.298629  0.308000
  -90.498  -90.498  -10.513  -10.513    0.665    0.665    4.230    4.230    4.406    4.406
   15.082   15.082   20.595   20.595
            0.488506  0.308584  0.308000
  -90.498  -90.498  -10.512  -10.512    0.669    0.669    4.185    4.185    4.437    4.437
   15.099   15.099   20.587   20.587
            0.482759  0.318538  0.308000
  -90.498  -90.498  -10.510  -10.510    0.676    0.676    4.129    4.129    4.471    4.471
   15.126   15.126   20.571   20.571
            0.477011  0.328492  0.308000
  -90.498  -90.498  -10.507  -10.507    0.685    0.685    4.064    4.064    4.505    4.505
   15.165   15.165   20.549   20.549
            0.471264  0.338447  0.308000
  -90.498  -90.498  -10.503  -10.503    0.698    0.698    3.993    3.993    4.537    4.537
   15.214   15.214   20.519   20.519
            0.465517  0.348401  0.308000
  -90.498  -90.498  -10.499  -10.499    0.713    0.713    3.917    3.917    4.566    4.566
   15.272   15.272   20.480   20.480
            0.459770  0.358355  0.308000
  -90.498  -90.498  -10.494  -10.494    0.730    0.730    3.836    3.836    4.593    4.593
   15.340   15.340   20.431   20.431
            0.454023  0.368310  0.308000
  -90.498  -90.498  -10.488  -10.488    0.751    0.751    3.751    3.751    4.617    4.617
   15.416   15.416   20.373   20.373
            0.448276  0.378264  0.308000
  -90.498  -90.498  -10.481  -10.481    0.774    0.774    3.661    3.661    4.639    4.639
   15.500   15.500   20.304   20.304
            0.442529  0.388218  0.308000
  -90.498  -90.498  -10.474  -10.474    0.799    0.799    3.568    3.568    4.660    4.660
   15.592   15.592   20.225   20.225
            0.436782  0.398173  0.308000
  -90.498  -90.498  -10.467  -10.467    0.828    0.828    3.471    3.471    4.679    4.679
   15.689   15.689   20.136   20.136
            0.431034  0.408127  0.308000
  -90.498  -90.498  -10.459  -10.459    0.859    0.859    3.372    3.372    4.696    4.696
   15.793   15.793   20.039   20.039
            0.425287  0.418081  0.308000
  -90.498  -90.498  -10.450  -10.450    0.892    0.892    3.271    3.271    4.712    4.712
   15.901   15.901   19.933   19.933
            0.419540  0.428036  0.308000
  -90.498  -90.498  -10.441  -10.441    0.928    0.928    3.167    3.167    4.727    4.727
   16.013   16.013   19.820   19.820
            0.413793  0.437990  0.308000
  -90.498  -90.498  -10.433  -10.433    0.967    0.967    3.063    3.063    4.740    4.740
   16.129   16.129   19.702   19.702
            0.408046  0.447944  0.308000
  -90.498  -90.498  -10.423  -10.423    1.008    1.008    2.958    2.958    4.753    4.753
   16.247   16.247   19.578   19.578
            0.402299  0.457898  0.308000
  -90.498  -90.498  -10.414  -10.414    1.051    1.051    2.853    2.853    4.764    4.764
   16.368   16.368   19.451   19.451
            0.396552  0.467853  0.308000
  -90.498  -90.498  -10.406  -10.406    1.097    1.097    2.748    2.748    4.774    4.774
   16.490   16.490   19.322   19.322
            0.390805  0.477807  0.308000
  -90.498  -90.498  -10.397  -10.397    1.146    1.146    2.644    2.644    4.784    4.784
   16.613   16.613   19.190   19.190
            0.385057  0.487761  0.308000
  -90.498  -90.498  -10.388  -10.388    1.196    1.196    2.541    2.541    4.792    4.792
   16.736   16.736   19.058   19.058
            0.379310  0.497716  0.308000
  -90.498  -90.498  -10.380  -10.380    1.249    1.249    2.440    2.440    4.800    4.800
   16.860   16.860   18.926   18.926
            0.373563  0.507670  0.308000
  -90.498  -90.498  -10.373  -10.373    1.304    1.304    2.342    2.342    4.807    4.807
   16.982   16.982   18.795   18.795
            0.367816  0.517624  0.308000
  -90.498  -90.498  -10.366  -10.366    1.361    1.361    2.246    2.246    4.813    4.813
   17.104   17.104   18.665   18.665
            0.362069  0.527579  0.308000
  -90.498  -90.498  -10.360  -10.360    1.421    1.421    2.153    2.153    4.818    4.818
   17.223   17.223   18.538   18.538
            0.356322  0.537533  0.308000
  -90.498  -90.498  -10.355  -10.355    1.482    1.482    2.063    2.063    4.823    4.823
   17.339   17.339   18.416   18.416
            0.350575  0.547487  0.308000
  -90.498  -90.498  -10.350  -10.350    1.545    1.545    1.978    1.978    4.826    4.826
   17.449   17.449   18.300   18.300
            0.344828  0.557442  0.308000
  -90.498  -90.498  -10.347  -10.347    1.611    1.611    1.896    1.896    4.828    4.828
   17.549   17.549   18.196   18.196
            0.339080  0.567396  0.308000
  -90.498  -90.498  -10.345  -10.345    1.677    1.677    1.820    1.820    4.830    4.830
   17.626   17.626   18.117   18.117
            0.333333  0.577350  0.308000
  -90.498  -90.498  -10.344  -10.344    1.738    1.738    1.756    1.756    4.830    4.830
   17.657   17.657   18.085   18.085
            0.327778  0.567728  0.308000
  -90.498  -90.498  -10.345  -10.345    1.681    1.681    1.816    1.816    4.830    4.830
   17.629   17.629   18.114   18.114
            0.322222  0.558105  0.308000
  -90.498  -90.498  -10.347  -10.347    1.621    1.621    1.885    1.885    4.828    4.828
   17.562   17.562   18.184   18.184
            0.316667  0.548483  0.308000
  -90.498  -90.498  -10.351  -10.351    1.567    1.567    1.956    1.956    4.826    4.826
   17.478   17.478   18.272   18.272
            0.311111  0.538860  0.308000
  -90.498  -90.498  -10.356  -10.356    1.517    1.517    2.029    2.029    4.823    4.823
   17.388   17.388   18.368   18.368
            0.305556  0.529238  0.308000
  -90.498  -90.498  -10.362  -10.362    1.473    1.473    2.102    2.102    4.819    4.819
   17.298   17.298   18.466   18.466
            0.300000  0.519615  0.308000
  -90.498  -90.498  -10.371  -10.371    1.434    1.434    2.177    2.177    4.813    4.813
   17.209   17.209   18.565   18.565
            0.294444  0.509993  0.308000
  -90.498  -90.498  -10.381  -10.381    1.401    1.401    2.253    2.253    4.807    4.807
   17.122   17.122   18.663   18.663
            0.288889  0.500370  0.308000
  -90.498  -90.498  -10.392  -10.392    1.373    1.373    2.330    2.330    4.801    4.801
   17.039   17.039   18.759   18.759
            0.283333  0.490748  0.308000
  -90.498  -90.498  -10.406  -10.406    1.352    1.352    2.408    2.408    4.793    4.793
   16.959   16.959   18.853   18.853
            0.277778  0.481125  0.308000
  -90.498  -90.498  -10.421  -10.421    1.336    1.336    2.487    2.487    4.784    4.784
   16.882   16.882   18.944   18.944
            0.272222  0.471503  0.308000
  -90.498  -90.498  -10.438  -10.438    1.326    1.326    2.566    2.566    4.775    4.775
   16.810   16.810   19.032   19.032
            0.266667  0.461880  0.308000
  -90.498  -90.498  -10.456  -10.456    1.322    1.322    2.646    2.646    4.765    4.765
   16.742   16.742   19.116   19.116
            0.261111  0.452258  0.308000
  -90.498  -90.498  -10.476  -10.476    1.324    1.324    2.726    2.726    4.755    4.755
   16.678   16.678   19.196   19.196
            0.255556  0.442635  0.308000
  -90.498  -90.498  -10.498  -10.498    1.331    1.331    2.807    2.807    4.744    4.744
   16.618   16.618   19.272   19.272
            0.250000  0.433013  0.308000
  -90.498  -90.498  -10.522  -10.522    1.344    1.344    2.888    2.888    4.733    4.733
   16.562   16.562   19.343   19.343
            0.244444  0.423390  0.308000
  -90.498  -90.498  -10.547  -10.547    1.362    1.362    2.969    2.969    4.721    4.721
   16.511   16.511   19.409   19.409
            0.238889  0.413768  0.308000
  -90.498  -90.498  -10.573  -10.573    1.386    1.386    3.049    3.049    4.710    4.710
   16.463   16.463   19.469   19.469
            0.233333  0.404145  0.308000
  -90.498  -90.498  -10.601  -10.601    1.414    1.414    3.129    3.129    4.698    4.698
   16.420   16.420   19.523   19.523
            0.227778  0.394523  0.308000
  -90.498  -90.498  -10.631  -10.631    1.448    1.448    3.209    3.209    4.688    4.688
   16.380   16.380   19.572   19.572
            0.222222  0.384900  0.308000
  -90.498  -90.498  -10.661  -10.661    1.486    1.486    3.288    3.288    4.677    4.677
   16.344   16.344   19.615   19.615
            0.216667  0.375278  0.308000
  -90.498  -90.498  -10.693  -10.693    1.529    1.529    3.366    3.366    4.668    4.668
   16.312   16.312   19.652   19.652
            0.211111  0.365655  0.308000
  -90.498  -90.498  -10.725  -10.725    1.575    1.575    3.444    3.444    4.660    4.660
   16.283   16.283   19.683   19.683
            0.205556  0.356033  0.308000
  -90.498  -90.498  -10.759  -10.759    1.626    1.626    3.519    3.519    4.653    4.653
   16.258   16.258   19.709   19.709
            0.200000  0.346410  0.308000
  -90.498  -90.498  -10.793  -10.793    1.679    1.679    3.593    3.593    4.649    4.649
   16.235   16.235   19.729   19.729
            0.194444  0.336788  0.308000
  -90.499  -90.499  -10.828  -10.828    1.736    1.736    3.666    3.666    4.646    4.646
   16.216   16.216   19.746   19.746
            0.188889  0.327165  0.308000
  -90.499  -90.499  -10.863  -10.863    1.795    1.795    3.736    3.736    4.647    4.647
   16.200   16.200   19.758   19.758
            0.183333  0.317543  0.308000
  -90.499  -90.499  -10.899  -10.899    1.856    1.856    3.804    3.804    4.651    4.651
   16.186   16.186   19.766   19.766
            0.177778  0.307920  0.308000
  -90.499  -90.499  -10.935  -10.935    1.919    1.919    3.869    3.869    4.658    4.658
   16.174   16.174   19.771   19.771
            0.172222  0.298298  0.308000
  -90.499  -90.499  -10.972  -10.972    1.982    1.982    3.931    3.931    4.670    4.670
   16.164   16.164   19.774   19.774
            0.166667  0.288675  0.308000
  -90.499  -90.499  -11.008  -11.008    2.046    2.046    3.991    3.991    4.686    4.686
   16.156   16.156   19.775   19.775
            0.161111  0.279053  0.308000
  -90.499  -90.499  -11.045  -11.045    2.110    2.110    4.048    4.048    4.707    4.707
   16.149   16.149   19.775   19.775
            0.155556  0.269430  0.308000
  -90.499  -90.499  -11.081  -11.081    2.173    2.173    4.103    4.103    4.732    4.732
   16.144   16.144   19.774   19.774
            0.150000  0.259808  0.308000
  -90.499  -90.499  -11.118  -11.118    2.234    2.234    4.156    4.156    4.762    4.762
   16.139   16.139   19.773   19.773
            0.144444  0.250185  0.308000
  -90.499  -90.499  -11.153  -11.153    2.294    2.294    4.208    4.208    4.795    4.795
   16.135   16.135   19.773   19.773
            0.138889  0.240563  0.308000
  -90.499  -90.499  -11.189  -11.189    2.350    2.350    4.259    4.259    4.832    4.832
   16.131   16.131   19.773   19.773
            0.133333  0.230940  0.308000
  -90.499  -90.499  -11.223  -11.223    2.403    2.403    4.311    4.311    4.872    4.872
   16.128   16.128   19.775   19.775
            0.127778  0.221318  0.308000
  -90.499  -90.499  -11.257  -11.257    2.453    2.453    4.365    4.365    4.913    4.913
   16.123   16.123   19.778   19.778
            0.122222  0.211695  0.308000
  -90.499  -90.499  -11.291  -11.291    2.498    2.498    4.420    4.420    4.956    4.956
   16.119   16.119   19.784   19.784
            0.116667  0.202073  0.308000
  -90.499  -90.499  -11.323  -11.323    2.539    2.539    4.478    4.478    5.000    5.000
   16.113   16.113   19.792   19.792
            0.111111  0.192450  0.308000
  -90.499  -90.499  -11.355  -11.355    2.576    2.576    4.538    4.538    5.044    5.044
   16.106   16.106   19.802   19.802
            0.105556  0.182828  0.308000
  -90.499  -90.499  -11.385  -11.385    2.609    2.609    4.600    4.600    5.088    5.088
   16.098   16.098   19.816   19.816
            0.100000  0.173205  0.308000
  -90.499  -90.499  -11.414  -11.414    2.637    2.637    4.665    4.665    5.130    5.130
   16.088   16.088   19.833   19.833
            0.094444  0.163583  0.308000
  -90.499  -90.499  -11.443  -11.443    2.661    2.661    4.733    4.733    5.172    5.172
   16.077   16.077   19.854   19.854
            0.088889  0.153960  0.308000
  -90.499  -90.499  -11.470  -11.470    2.681    2.681    4.801    4.801    5.212    5.212
   16.064   16.064   19.878   19.878
            0.083333  0.144338  0.308000
  -90.499  -90.499  -11.495  -11.495    2.698    2.698    4.871    4.871    5.251    5.251
   16.049   16.049   19.906   19.906
            0.077778  0.134715  0.308000
  -90.499  -90.499  -11.520  -11.520    2.712    2.712    4.940    4.940    5.288    5.288
   16.033   16.033   19.938   19.938
            0.072222  0.125093  0.308000
  -90.499  -90.499  -11.542  -11.542    2.724    2.724    5.010    5.010    5.323    5.323
   16.016   16.016   19.974   19.974
            0.066667  0.115470  0.308000
  -90.500  -90.500  -11.564  -11.564    2.733    2.733    5.078    5.078    5.356    5.356
   15.998   15.998   20.013   20.013
            0.061111  0.105848  0.308000
  -90.500  -90.500  -11.584  -11.584    2.740    2.740    5.144    5.144    5.386    5.386
   15.978   15.978   20.056   20.056
            0.055556  0.096225  0.308000
  -90.500  -90.500  -11.602  -11.602    2.745    2.745    5.207    5.207    5.414    5.414
   15.959   15.959   20.102   20.102
            0.050000  0.086603  0.308000
  -90.500  -90.500  -11.618  -11.618    2.749    2.749    5.267    5.267    5.440    5.440
   15.939   15.939   20.152   20.152
            0.044444  0.076980  0.308000
  -90.500  -90.500  -11.633  -11.633    2.752    2.752    5.323    5.323    5.463    5.463
   15.919   15.919   20.204   20.204
            0.038889  0.067358  0.308000
  -90.500  -90.500  -11.647  -11.647    2.754    2.754    5.373    5.373    5.483    5.483
   15.901   15.901   20.259   20.259
            0.033333  0.057735  0.308000
  -90.500  -90.500  -11.658  -11.658    2.755    2.755    5.419    5.419    5.501    5.501
   15.884   15.884   20.316   20.316
            0.027778  0.048113  0.308000
  -90.500  -90.500  -11.668  -11.668    2.756    2.756    5.458    5.458    5.516    5.516
   15.868   15.868   20.373   20.373
            0.022222  0.038490  0.308000
  -90.500  -90.500  -11.676  -11.676    2.757    2.757    5.491    5.491    5.529    5.529
   15.855   15.855   20.429   20.429
            0.016667  0.028868  0.308000
  -90.500  -90.500  -11.683  -11.683    2.757    2.757    5.517    5.517    5.539    5.539
   15.844   15.844   20.482   20.482
            0.011111  0.019245  0.308000
  -90.500  -90.500  -11.687  -11.687    2.757    2.757    5.536    5.536    5.545    5.545
   15.836   15.836   20.529   20.529
            0.005556  0.009623  0.308000
  -90.500  -90.500  -11.690  -11.690    2.757    2.757    5.547    5.547    5.550    5.550
   15.831   15.831   20.562   20.562
            0.000000  0.000000  0.308000
  -90.500  -90.500  -11.691  -11.691    2.757    2.757    5.551    5.551    5.551    5.551
   15.830   15.830   20.574   20.574
            0.500000  0.288675  0.308000
  -90.498  -90.498  -10.514  -10.514    0.663    0.663    4.249    4.249    4.392    4.392
   15.076   15.076   20.598   20.598
            0.500000  0.288675  0.296592
  -90.498  -90.498  -10.528  -10.499    0.624    0.706    4.200    4.297    4.334    4.444
   15.031   15.127   20.551   20.650
            0.500000  0.288675  0.285185
  -90.498  -90.498  -10.543  -10.485    0.588    0.751    4.153    4.272    4.346    4.491
   14.993   15.182   20.508   20.705
            0.500000  0.288675  0.273777
  -90.498  -90.498  -10.557  -10.470    0.554    0.799    4.106    4.205    4.395    4.531
   14.961   15.242   20.471   20.762
            0.500000  0.288675  0.262370
  -90.498  -90.498  -10.571  -10.456    0.525    0.851    4.060    4.135    4.445    4.565
   14.937   15.305   20.441   20.819
            0.500000  0.288675  0.250963
  -90.498  -90.498  -10.585  -10.441    0.498    0.904    4.015    4.061    4.494    4.593
   14.921   15.370   20.417   20.872
            0.500000  0.288675  0.239555
  -90.498  -90.498  -10.599  -10.427    0.474    0.960    3.972    3.985    4.542    4.614
   14.913   15.437   20.400   20.919
            0.500000  0.288675  0.228148
  -90.498  -90.498  -10.612  -10.414    0.454    1.019    3.906    3.929    4.590    4.628
   14.913   15.504   20.391   20.954
            0.500000  0.288675  0.216740
  -90.498  -90.498  -10.625  -10.400    0.436    1.080    3.826    3.888    4.635    4.638
   14.922   15.572   20.389   20.971
            0.500000  0.288675  0.205333
  -90.498  -90.498  -10.638  -10.387    0.422    1.142    3.744    3.849    4.635    4.684
   14.939   15.639   20.394   20.965
            0.500000  0.288675  0.193926
  -90.498  -90.498  -10.650  -10.375    0.410    1.206    3.662    3.811    4.629    4.730
   14.965   15.703   20.407   20.931
            0.500000  0.288675  0.182518
  -90.498  -90.498  -10.662  -10.362    0.402    1.272    3.581    3.775    4.617    4.774
   14.999   15.766   20.427   20.870
            0.500000  0.288675  0.171111
  -90.498  -90.498  -10.673  -10.351    0.395    1.339    3.500    3.740    4.599    4.817
   15.040   15.826   20.454   20.785
            0.500000  0.288675  0.159704
  -90.498  -90.498  -10.683  -10.340    0.392    1.406    3.420    3.708    4.576    4.858
   15.088   15.883   20.486   20.682
            0.500000  0.288675  0.148296
  -90.498  -90.498  -10.694  -10.329    0.391    1.474    3.342    3.677    4.548    4.897
   15.143   15.936   20.524   20.565
            0.500000  0.288675  0.136889
  -90.498  -90.498  -10.703  -10.319    0.391    1.541    3.267    3.648    4.516    4.934
   15.203   15.984   20.440   20.567
            0.500000  0.288675  0.125481
  -90.498  -90.498  -10.712  -10.310    0.394    1.608    3.194    3.622    4.480    4.969
   15.267   16.029   20.311   20.614
            0.500000  0.288675  0.114074
  -90.498  -90.498  -10.720  -10.301    0.398    1.674    3.126    3.597    4.442    5.001
   15.335   16.070   20.181   20.663
            0.500000  0.288675  0.102667
  -90.499  -90.498  -10.727  -10.293    0.403    1.737    3.061    3.575    4.402    5.031
   15.405   16.106   20.052   20.713
            0.500000  0.288675  0.091259
  -90.499  -90.498  -10.734  -10.286    0.409    1.798    3.001    3.555    4.362    5.059
   15.475   16.138   19.928   20.764
            0.500000  0.288675  0.079852
  -90.499  -90.498  -10.740  -10.280    0.416    1.855    2.947    3.537    4.323    5.083
   15.544   16.166   19.810   20.813
            0.500000  0.288675  0.068444
  -90.499  -90.498  -10.745  -10.274    0.423    1.908    2.898    3.522    4.285    5.104
   15.609   16.190   19.701   20.859
            0.500000  0.288675  0.057037
  -90.499  -90.498  -10.749  -10.269    0.429    1.955    2.856    3.508    4.250    5.123
   15.670   16.210   19.603   20.901
            0.500000  0.288675  0.045630
  -90.499  -90.498  -10.753  -10.266    0.435    1.995    2.820    3.498    4.219    5.138
   15.724   16.226   19.519   20.938
            0.500000  0.288675  0.034222
  -90.499  -90.498  -10.756  -10.263    0.440    2.028    2.792    3.489    4.194    5.150
   15.768   16.238   19.451   20.968
            0.500000  0.288675  0.022815
  -90.499  -90.498  -10.758  -10.260    0.443    2.052    2.772    3.483    4.175    5.158
   15.801   16.247   19.401   20.990
            0.500000  0.288675  0.011407
  -90.499  -90.498  -10.759  -10.259    0.446    2.067    2.760    3.480    4.163    5.163
   15.822   16.252   19.370   21.004
            0.500000  0.288675  0.000000
  -90.499  -90.498  -10.759  -10.259    0.447    2.072    2.756    3.478    4.159    5.165
   15.829   16.254   19.359   21.008
            0.333333  0.577350  0.308000
  -90.498  -90.498  -10.344  -10.344    1.738    1.738    1.756    1.756    4.830    4.830
   17.657   17.657   18.085   18.085
            0.333333  0.577350  0.296592
  -90.498  -90.498  -10.344  -10.344    1.665    1.757    1.757    1.812    4.827    4.827
   17.550   17.758   18.091   18.091
            0.333333  0.577350  0.285185
  -90.498  -90.498  -10.344  -10.344    1.593    1.762    1.762    1.888    4.818    4.818
   17.440   17.855   18.108   18.108
            0.333333  0.577350  0.273777
  -90.498  -90.498  -10.344  -10.344    1.523    1.771    1.771    1.964    4.803    4.803
   17.326   17.947   18.137   18.137
            0.333333  0.577350  0.262370
  -90.498  -90.498  -10.344  -10.344    1.455    1.782    1.782    2.040    4.782    4.782
   17.209   18.034   18.176   18.176
            0.333333  0.577350  0.250963
  -90.498  -90.498  -10.345  -10.345    1.389    1.797    1.797    2.117    4.756    4.756
   17.089   18.115   18.227   18.227
            0.333333  0.577350  0.239555
  -90.498  -90.498  -10.345  -10.345    1.324    1.814    1.814    2.194    4.724    4.724
   16.967   18.192   18.288   18.288
            0.333333  0.577350  0.228148
  -90.498  -90.498  -10.345  -10.345    1.262    1.835    1.835    2.271    4.687    4.687
   16.844   18.262   18.359   18.359
            0.333333  0.577350  0.216740
  -90.498  -90.498  -10.345  -10.345    1.202    1.859    1.859    2.347    4.645    4.645
   16.721   18.328   18.440   18.440
            0.333333  0.577350  0.205333
  -90.498  -90.498  -10.345  -10.345    1.145    1.886    1.886    2.423    4.599    4.599
   16.597   18.388   18.530   18.530
            0.333333  0.577350  0.193926
  -90.498  -90.498  -10.345  -10.345    1.090    1.915    1.915    2.497    4.549    4.549
   16.475   18.444   18.629   18.629
            0.333333  0.577350  0.182518
  -90.498  -90.498  -10.345  -10.345    1.038    1.947    1.947    2.570    4.495    4.495
   16.354   18.494   18.735   18.735
            0.333333  0.577350  0.171111
  -90.498  -90.498  -10.345  -10.345    0.989    1.982    1.982    2.641    4.439    4.439
   16.236   18.540   18.848   18.848
            0.333333  0.577350  0.159704
  -90.498  -90.498  -10.345  -10.345    0.942    2.019    2.019    2.710    4.379    4.379
   16.121   18.582   18.968   18.968
            0.333333  0.577350  0.148296
  -90.498  -90.498  -10.346  -10.346    0.899    2.058    2.058    2.776    4.318    4.318
   16.009   18.620   19.093   19.093
            0.333333  0.577350  0.136889
  -90.498  -90.498  -10.346  -10.346    0.858    2.098    2.098    2.839    4.256    4.256
   15.903   18.654   19.222   19.222
            0.333333  0.577350  0.125481
  -90.498  -90.498  -10.346  -10.346    0.820    2.140    2.140    2.899    4.192    4.192
   15.802   18.684   19.354   19.354
            0.333333  0.577350  0.114074
  -90.498  -90.498  -10.346  -10.346    0.786    2.183    2.183    2.956    4.129    4.129
   15.707   18.710   19.488   19.488
            0.333333  0.577350  0.102667
  -90.498  -90.498  -10.346  -10.346    0.754    2.226    2.226    3.008    4.066    4.066
   15.619   18.734   19.623   19.623
            0.333333  0.577350  0.091259
  -90.498  -90.498  -10.346  -10.346    0.726    2.269    2.269    3.056    4.005    4.005
   15.538   18.754   19.756   19.756
            0.333333  0.577350  0.079852
  -90.498  -90.498  -10.346  -10.346    0.701    2.312    2.312    3.099    3.947    3.947
   15.466   18.772   19.886   19.886
            0.333333  0.577350  0.068444
  -90.498  -90.498  -10.346  -10.346    0.679    2.352    2.352    3.137    3.892    3.892
   15.402   18.787   20.010   20.010
            0.333333  0.577350  0.057037
  -90.498  -90.498  -10.346  -10.346    0.661    2.389    2.389    3.170    3.842    3.842
   15.347   18.799   20.125   20.125
            0.333333  0.577350  0.045630
  -90.498  -90.498  -10.346  -10.346    0.646    2.423    2.423    3.197    3.798    3.798
   15.301   18.809   20.228   20.228
            0.333333  0.577350  0.034222
  -90.498  -90.498  -10.346  -10.346    0.634    2.451    2.451    3.218    3.761    3.761
   15.265   18.817   20.315   20.315
            0.333333  0.577350  0.022815
  -90.498  -90.498  -10.347  -10.347    0.626    2.472    2.472    3.234    3.734    3.734
   15.239   18.822   20.381   20.381
            0.333333  0.577350  0.011407
  -90.498  -90.498  -10.347  -10.347    0.621    2.485    2.485    3.243    3.717    3.717
   15.224   18.825   20.423   20.423
            0.333333  0.577350  0.000000
  -90.498  -90.498  -10.347  -10.347    0.619    2.490    2.490    3.246    3.711    3.711
   15.218   18.826   20.437   20.437
            0.000000  0.000000  0.000000
  -90.501  -90.498  -12.456  -10.688   -0.056    5.089    5.089    6.042    6.042    6.084
   13.588   17.590   20.313   20.313
           -0.009615 -0.005551  0.000000
  -90.501  -90.498  -12.455  -10.687   -0.055    5.084    5.087    6.037    6.041    6.083
   13.593   17.594   20.313   20.316
           -0.019231 -0.011103  0.000000
  -90.501  -90.498  -12.452  -10.685   -0.051    5.070    5.081    6.021    6.039    6.081
   13.605   17.606   20.312   20.324
           -0.028846 -0.016654  0.000000
  -90.501  -90.498  -12.447  -10.683   -0.044    5.048    5.071    5.995    6.036    6.077
   13.625   17.626   20.310   20.338
           -0.038462 -0.022206  0.000000
  -90.501  -90.498  -12.439  -10.678   -0.035    5.016    5.058    5.958    6.031    6.071
   13.653   17.654   20.307   20.357
           -0.048077 -0.027757  0.000000
  -90.501  -90.498  -12.429  -10.673   -0.022    4.975    5.040    5.913    6.025    6.064
   13.689   17.689   20.301   20.381
           -0.057692 -0.033309  0.000000
  -90.501  -90.498  -12.418  -10.667   -0.008    4.926    5.020    5.858    6.018    6.055
   13.732   17.731   20.291   20.410
           -0.067308 -0.038860  0.000000
  -90.501  -90.498  -12.404  -10.659    0.010    4.868    4.996    5.795    6.009    6.045
   13.781   17.779   20.274   20.444
           -0.076923 -0.044412  0.000000
  -90.501  -90.498  -12.388  -10.651    0.030    4.803    4.968    5.725    5.999    6.033
   13.836   17.833   20.245   20.472
           -0.086538 -0.049963  0.000000
  -90.501  -90.498  -12.370  -10.641    0.053    4.729    4.938    5.647    5.987    6.019
   13.896   17.892   20.201   20.440
           -0.096154 -0.055514  0.000000
  -90.501  -90.498  -12.349  -10.631    0.078    4.648    4.905    5.563    5.974    6.003
   13.961   17.956   20.140   20.419
           -0.105769 -0.061066  0.000000
  -90.501  -90.498  -12.327  -10.619    0.106    4.561    4.870    5.473    5.960    5.986
   14.031   18.022   20.067   20.408
           -0.115385 -0.066617  0.000000
  -90.501  -90.498  -12.303  -10.607    0.136    4.466    4.832    5.379    5.944    5.967
   14.104   18.090   19.985   20.403
           -0.125000 -0.072169  0.000000
  -90.501  -90.498  -12.277  -10.593    0.169    4.366    4.792    5.280    5.927    5.947
   14.180   18.159   19.897   20.403
           -0.134615 -0.077720  0.000000
  -90.501  -90.498  -12.249  -10.579    0.204    4.260    4.751    5.177    5.909    5.925
   14.258   18.227   19.804   20.407
           -0.144231 -0.083272  0.000000
  -90.501  -90.498  -12.219  -10.564    0.241    4.149    4.708    5.071    5.889    5.901
   14.338   18.293   19.707   20.416
           -0.153846 -0.088823  0.000000
  -90.500  -90.498  -12.188  -10.549    0.281    4.033    4.663    4.963    5.868    5.875
   14.420   18.355   19.606   20.431
           -0.163462 -0.094375  0.000000
  -90.500  -90.498  -12.154  -10.533    0.323    3.914    4.617    4.852    5.846    5.847
   14.502   18.412   19.502   20.452
           -0.173077 -0.099926  0.000000
  -90.500  -90.498  -12.119  -10.516    0.367    3.792    4.571    4.740    5.818    5.823
   14.585   18.463   19.396   20.480
           -0.182692 -0.105477  0.000000
  -90.500  -90.498  -12.083  -10.499    0.413    3.667    4.523    4.626    5.787    5.799
   14.668   18.506   19.288   20.517
           -0.192308 -0.111029  0.000000
  -90.500  -90.498  -12.044  -10.482    0.460    3.541    4.475    4.512    5.754    5.774
   14.750   18.539   19.178   20.562
           -0.201923 -0.116580  0.000000
  -90.500  -90.498  -12.005  -10.464    0.510    3.413    4.397    4.427    5.719    5.749
   14.831   18.563   19.068   20.615
           -0.211538 -0.122132  0.000000
  -90.500  -90.498  -11.963  -10.447    0.561    3.285    4.282    4.378    5.682    5.723
   14.911   18.574   18.962   20.677
           -0.221154 -0.127683  0.000000
  -90.500  -90.498  -11.921  -10.429    0.613    3.158    4.167    4.330    5.644    5.696
   14.988   18.566   18.866   20.745
           -0.230769 -0.133235  0.000000
  -90.500  -90.498  -11.877  -10.411    0.666    3.031    4.052    4.281    5.603    5.669
   15.064   18.528   18.794   20.818
           -0.240385 -0.138786  0.000000
  -90.500  -90.498  -11.832  -10.394    0.719    2.906    3.938    4.233    5.561    5.642
   15.137   18.453   18.752   20.895
           -0.250000 -0.144338  0.000000
  -90.500  -90.498  -11.786  -10.376    0.773    2.784    3.825    4.186    5.516    5.615
   15.206   18.352   18.734   20.972
           -0.259615 -0.149889  0.000000
  -90.500  -90.498  -11.739  -10.359    0.825    2.666    3.713    4.139    5.470    5.587
   15.273   18.239   18.727   21.048
           -0.269231 -0.155440  0.000000
  -90.500  -90.498  -11.691  -10.343    0.877    2.553    3.603    4.093    5.422    5.560
   15.335   18.119   18.726   21.120
           -0.278846 -0.160992  0.000000
  -90.500  -90.498  -11.643  -10.327    0.925    2.447    3.495    4.048    5.372    5.533
   15.394   17.997   18.729   21.186
           -0.288462 -0.166543  0.000000
  -90.500  -90.498  -11.593  -10.312    0.970    2.348    3.389    4.004    5.320    5.506
   15.448   17.874   18.736   21.244
           -0.298077 -0.172095  0.000000
  -90.500  -90.498  -11.544  -10.298    1.008    2.261    3.286    3.961    5.266    5.480
   15.498   17.752   18.747   21.291
           -0.307692 -0.177646  0.000000
  -90.499  -90.498  -11.494  -10.284    1.038    2.186    3.185    3.919    5.210    5.454
   15.544   17.632   18.762   21.327
           -0.317308 -0.183198  0.000000
  -90.499  -90.498  -11.443  -10.272    1.057    2.127    3.087    3.879    5.153    5.429
   15.585   17.514   18.780   21.351
           -0.326923 -0.188749  0.000000
  -90.499  -90.498  -11.393  -10.261    1.062    2.087    2.993    3.840    5.094    5.404
   15.622   17.398   18.803   21.364
           -0.336538 -0.194301  0.000000
  -90.499  -90.498  -11.343  -10.251    1.053    2.066    2.902    3.803    5.034    5.380
   15.654   17.287   18.830   21.367
           -0.346154 -0.199852  0.000000
  -90.499  -90.498  -11.293  -10.243    1.029    2.065    2.814    3.768    4.972    5.358
   15.683   17.179   18.860   21.360
           -0.355769 -0.205403  0.000000
  -90.499  -90.498  -11.244  -10.236    0.993    2.082    2.731    3.734    4.909    5.336
   15.708   17.076   18.893   21.346
           -0.365385 -0.210955  0.000000
  -90.499  -90.498  -11.195  -10.230    0.947    2.112    2.653    3.702    4.845    5.315
   15.729   16.977   18.930   21.326
           -0.375000 -0.216506  0.000000
  -90.499  -90.498  -11.148  -10.226    0.897    2.153    2.579    3.672    4.780    5.295
   15.747   16.884   18.969   21.301
           -0.384615 -0.222058  0.000000
  -90.499  -90.498  -11.101  -10.223    0.843    2.200    2.511    3.644    4.715    5.277
   15.762   16.796   19.009   21.273
           -0.394231 -0.227609  0.000000
  -90.499  -90.498  -11.056  -10.222    0.789    2.250    2.451    3.618    4.650    5.260
   15.775   16.713   19.051   21.243
           -0.403846 -0.233161  0.000000
  -90.499  -90.498  -11.012  -10.223    0.735    2.290    2.409    3.594    4.586    5.244
   15.786   16.637   19.093   21.211
           -0.413462 -0.238712  0.000000
  -90.499  -90.498  -10.971  -10.224    0.685    2.290    2.415    3.573    4.522    5.229
   15.795   16.567   19.134   21.180
           -0.423077 -0.244264  0.000000
  -90.499  -90.498  -10.932  -10.227    0.637    2.254    2.461    3.553    4.460    5.216
   15.802   16.504   19.175   21.149
           -0.432692 -0.249815  0.000000
  -90.499  -90.498  -10.895  -10.231    0.594    2.215    2.515    3.536    4.400    5.204
   15.809   16.447   19.213   21.120
           -0.442308 -0.255366  0.000000
  -90.499  -90.498  -10.862  -10.236    0.556    2.178    2.569    3.521    4.344    5.194
   15.814   16.397   19.249   21.093
           -0.451923 -0.260918  0.000000
  -90.499  -90.498  -10.833  -10.241    0.523    2.146    2.620    3.508    4.293    5.185
   15.818   16.354   19.280   21.069
           -0.461538 -0.266469  0.000000
  -90.499  -90.498  -10.807  -10.247    0.496    2.120    2.665    3.497    4.248    5.178
   15.822   16.318   19.308   21.048
           -0.471154 -0.272021  0.000000
  -90.499  -90.498  -10.787  -10.251    0.474    2.099    2.703    3.489    4.211    5.172
   15.825   16.290   19.330   21.031
           -0.480769 -0.277572  0.000000
  -90.499  -90.498  -10.772  -10.255    0.459    2.084    2.732    3.483    4.183    5.168
   15.827   16.270   19.346   21.019
           -0.490385 -0.283124  0.000000
  -90.499  -90.498  -10.763  -10.258    0.450    2.075    2.750    3.480    4.165    5.166
   15.829   16.258   19.356   21.011
           -0.500000 -0.288675  0.000000
  -90.499  -90.498  -10.759  -10.259    0.447    2.072    2.756    3.478    4.159    5.165
   15.829   16.254   19.359   21.008
           -0.494253 -0.298629  0.000000
  -90.499  -90.498  -10.759  -10.258    0.447    2.073    2.755    3.476    4.158    5.161
   15.829   16.261   19.356   21.008
           -0.488506 -0.308584  0.000000
  -90.499  -90.498  -10.757  -10.258    0.450    2.076    2.754    3.470    4.157    5.148
   15.831   16.282   19.347   21.006
           -0.482759 -0.318538  0.000000
  -90.499  -90.498  -10.753  -10.257    0.454    2.081    2.752    3.459    4.153    5.127
   15.832   16.317   19.332   21.002
           -0.477011 -0.328492  0.000000
  -90.499  -90.498  -10.749  -10.256    0.459    2.089    2.748    3.445    4.149    5.098
   15.833   16.366   19.315   20.998
           -0.471264 -0.338447  0.000000
  -90.499  -90.498  -10.743  -10.255    0.466    2.098    2.743    3.428    4.143    5.062
   15.834   16.428   19.296   20.992
           -0.465517 -0.348401  0.000000
  -90.499  -90.498  -10.736  -10.253    0.475    2.109    2.736    3.409    4.135    5.018
   15.832   16.502   19.278   20.984
           -0.459770 -0.358355  0.000000
  -90.499  -90.498  -10.727  -10.251    0.484    2.123    2.726    3.390    4.125    4.968
   15.829   16.588   19.264   20.976
           -0.454023 -0.368310  0.000000
  -90.499  -90.498  -10.718  -10.250    0.495    2.138    2.714    3.370    4.114    4.911
   15.822   16.684   19.255   20.966
           -0.448276 -0.378264  0.000000
  -90.498  -90.498  -10.707  -10.248    0.507    2.155    2.698    3.352    4.100    4.850
   15.811   16.791   19.252   20.955
           -0.442529 -0.388218  0.000000
  -90.498  -90.498  -10.695  -10.246    0.519    2.174    2.679    3.336    4.084    4.784
   15.795   16.906   19.258   20.944
           -0.436782 -0.398173  0.000000
  -90.498  -90.498  -10.682  -10.244    0.532    2.195    2.657    3.324    4.064    4.715
   15.775   17.030   19.273   20.931
           -0.431034 -0.408127  0.000000
  -90.498  -90.498  -10.668  -10.243    0.546    2.218    2.630    3.315    4.042    4.643
   15.750   17.159   19.298   20.917
           -0.425287 -0.418081  0.000000
  -90.498  -90.498  -10.653  -10.241    0.559    2.242    2.601    3.311    4.014    4.570
   15.721   17.293   19.332   20.902
           -0.419540 -0.428036  0.000000
  -90.498  -90.498  -10.638  -10.240    0.572    2.267    2.571    3.312    3.982    4.498
   15.687   17.431   19.375   20.887
           -0.413793 -0.437990  0.000000
  -90.498  -90.498  -10.621  -10.240    0.584    2.294    2.539    3.317    3.944    4.427
   15.649   17.571   19.427   20.871
           -0.408046 -0.447944  0.000000
  -90.498  -90.498  -10.604  -10.240    0.596    2.323    2.507    3.326    3.900    4.359
   15.609   17.712   19.487   20.854
           -0.402299 -0.457898  0.000000
  -90.498  -90.498  -10.585  -10.241    0.606    2.352    2.477    3.339    3.848    4.295
   15.567   17.851   19.553   20.837
           -0.396552 -0.467853  0.000000
  -90.498  -90.498  -10.567  -10.242    0.615    2.381    2.449    3.355    3.790    4.236
   15.523   17.987   19.624   20.818
           -0.390805 -0.477807  0.000000
  -90.498  -90.498  -10.547  -10.245    0.622    2.411    2.424    3.375    3.727    4.181
   15.480   18.118   19.700   20.799
           -0.385057 -0.487761  0.000000
  -90.498  -90.498  -10.528  -10.248    0.628    2.404    2.441    3.398    3.659    4.129
   15.438   18.242   19.778   20.778
           -0.379310 -0.497716  0.000000
  -90.498  -90.498  -10.508  -10.253    0.631    2.389    2.469    3.423    3.590    4.081
   15.397   18.358   19.858   20.755
           -0.373563 -0.507670  0.000000
  -90.498  -90.498  -10.487  -10.259    0.633    2.380    2.495    3.451    3.521    4.034
   15.359   18.464   19.938   20.731
           -0.367816 -0.517624  0.000000
  -90.498  -90.498  -10.467  -10.267    0.632    2.377    2.519    3.454    3.482    3.987
   15.324   18.558   20.018   20.703
           -0.362069 -0.527579  0.000000
  -90.498  -90.498  -10.446  -10.276    0.631    2.381    2.537    3.393    3.515    3.941
   15.293   18.639   20.096   20.671
           -0.356322 -0.537533  0.000000
  -90.498  -90.498  -10.426  -10.286    0.628    2.391    2.548    3.340    3.550    3.895
   15.267   18.706   20.171   20.634
           -0.350575 -0.547487  0.000000
  -90.498  -90.498  -10.406  -10.299    0.625    2.407    2.550    3.298    3.588    3.849
   15.246   18.759   20.243   20.592
           -0.344828 -0.557442  0.000000
  -90.498  -90.498  -10.385  -10.313    0.622    2.429    2.541    3.268    3.627    3.803
   15.231   18.796   20.312   20.545
           -0.339080 -0.567396  0.000000
  -90.498  -90.498  -10.366  -10.329    0.620    2.457    2.521    3.251    3.668    3.756
   15.222   18.819   20.376   20.493
           -0.333333 -0.577350  0.000000
  -90.498  -90.498  -10.347  -10.347    0.619    2.490    2.490    3.246    3.711    3.711
   15.218   18.826   20.437   20.437
           -0.327778 -0.567728  0.000000
  -90.498  -90.498  -10.366  -10.329    0.620    2.452    2.527    3.250    3.670    3.755
   15.221   18.819   20.379   20.491
           -0.322222 -0.558105  0.000000
  -90.498  -90.498  -10.387  -10.311    0.623    2.408    2.568    3.256    3.635    3.800
   15.231   18.799   20.320   20.542
           -0.316667 -0.548483  0.000000
  -90.498  -90.498  -10.410  -10.294    0.630    2.360    2.612    3.261    3.608    3.846
   15.246   18.765   20.261   20.588
           -0.311111 -0.538860  0.000000
  -90.498  -90.498  -10.435  -10.279    0.639    2.310    2.661    3.256    3.595    3.894
   15.268   18.719   20.203   20.632
           -0.305556 -0.529238  0.000000
  -90.498  -90.498  -10.462  -10.264    0.653    2.260    2.712    3.239    3.599    3.943
   15.297   18.661   20.147   20.671
           -0.300000 -0.519615  0.000000
  -90.498  -90.498  -10.492  -10.250    0.670    2.210    2.766    3.208    3.620    3.994
   15.332   18.591   20.096   20.708
           -0.294444 -0.509993  0.000000
  -90.498  -90.498  -10.523  -10.237    0.692    2.161    2.822    3.167    3.653    4.046
   15.373   18.511   20.048   20.742
           -0.288889 -0.500370  0.000000
  -90.498  -90.498  -10.556  -10.225    0.719    2.114    2.881    3.120    3.696    4.099
   15.420   18.422   20.006   20.773
           -0.283333 -0.490748  0.000000
  -90.498  -90.498  -10.591  -10.215    0.750    2.069    2.942    3.069    3.745    4.153
   15.474   18.325   19.969   20.802
           -0.277778 -0.481125  0.000000
  -90.498  -90.498  -10.627  -10.205    0.787    2.025    3.004    3.016    3.798    4.208
   15.534   18.222   19.937   20.828
           -0.272222 -0.471503  0.000000
  -90.498  -90.498  -10.666  -10.197    0.829    1.984    2.963    3.067    3.855    4.264
   15.600   18.112   19.910   20.852
           -0.266667 -0.461880  0.000000
  -90.498  -90.498  -10.706  -10.191    0.876    1.944    2.910    3.132    3.914    4.321
   15.671   17.998   19.888   20.873
           -0.261111 -0.452258  0.000000
  -90.498  -90.498  -10.748  -10.186    0.928    1.906    2.859    3.198    3.976    4.378
   15.748   17.880   19.871   20.892
           -0.255556 -0.442635  0.000000
  -90.499  -90.498  -10.791  -10.182    0.986    1.868    2.812    3.265    4.039    4.436
   15.830   17.760   19.859   20.906
           -0.250000 -0.433013  0.000000
  -90.499  -90.498  -10.836  -10.180    1.049    1.830    2.768    3.332    4.103    4.494
   15.917   17.637   19.851   20.916
           -0.244444 -0.423390  0.000000
  -90.499  -90.498  -10.882  -10.179    1.118    1.792    2.729    3.400    4.168    4.553
   16.009   17.513   19.847   20.921
           -0.238889 -0.413768  0.000000
  -90.499  -90.498  -10.929  -10.179    1.191    1.753    2.696    3.468    4.234    4.612
   16.106   17.388   19.848   20.918
           -0.233333 -0.404145  0.000000
  -90.499  -90.498  -10.977  -10.182    1.270    1.711    2.670    3.537    4.300    4.671
   16.207   17.263   19.853   20.906
           -0.227778 -0.394523  0.000000
  -90.499  -90.498  -11.026  -10.185    1.354    1.668    2.652    3.605    4.367    4.730
   16.311   17.138   19.862   20.883
           -0.222222 -0.384900  0.000000
  -90.499  -90.498  -11.076  -10.190    1.443    1.621    2.642    3.674    4.435    4.789
   16.420   17.013   19.875   20.848
           -0.216667 -0.375278  0.000000
  -90.499  -90.498  -11.127  -10.196    1.537    1.572    2.640    3.743    4.502    4.847
   16.532   16.889   19.892   20.800
           -0.211111 -0.365655  0.000000
  -90.499  -90.498  -11.178  -10.204    1.520    1.635    2.647    3.811    4.569    4.905
   16.647   16.766   19.912   20.739
           -0.205556 -0.356033  0.000000
  -90.499  -90.498  -11.229  -10.213    1.465    1.737    2.663    3.879    4.636    4.963
   16.644   16.764   19.936   20.667
           -0.200000 -0.346410  0.000000
  -90.499  -90.498  -11.281  -10.223    1.408    1.844    2.686    3.947    4.703    5.019
   16.523   16.884   19.962   20.586
           -0.194444 -0.336788  0.000000
  -90.499  -90.498  -11.333  -10.234    1.348    1.955    2.717    4.014    4.769    5.075
   16.404   17.006   19.990   20.498
           -0.188889 -0.327165  0.000000
  -90.499  -90.498  -11.385  -10.246    1.288    2.070    2.755    4.081    4.835    5.130
   16.286   17.130   20.021   20.404
           -0.183333 -0.317543  0.000000
  -90.499  -90.498  -11.436  -10.260    1.226    2.188    2.800    4.147    4.900    5.184
   16.170   17.255   20.053   20.307
           -0.177778 -0.307920  0.000000
  -90.499  -90.498  -11.488  -10.274    1.164    2.309    2.851    4.212    4.965    5.237
   16.055   17.381   20.086   20.207
           -0.172222 -0.298298  0.000000
  -90.499  -90.498  -11.539  -10.289    1.101    2.434    2.908    4.277    5.028    5.289
   15.942   17.508   20.106   20.119
           -0.166667 -0.288675  0.000000
  -90.500  -90.498  -11.589  -10.305    1.038    2.561    2.971    4.341    5.090    5.339
   15.830   17.634   20.005   20.151
           -0.161111 -0.279053  0.000000
  -90.500  -90.498  -11.639  -10.321    0.976    2.691    3.038    4.404    5.152    5.388
   15.720   17.760   19.904   20.181
           -0.155556 -0.269430  0.000000
  -90.500  -90.498  -11.688  -10.338    0.914    2.822    3.110    4.466    5.212    5.435
   15.612   17.885   19.805   20.209
           -0.150000 -0.259808  0.000000
  -90.500  -90.498  -11.736  -10.355    0.853    2.955    3.186    4.527    5.270    5.481
   15.505   18.008   19.708   20.234
           -0.144444 -0.250185  0.000000
  -90.500  -90.498  -11.784  -10.373    0.793    3.090    3.266    4.588    5.327    5.525
   15.400   18.128   19.615   20.255
           -0.138889 -0.240563  0.000000
  -90.500  -90.498  -11.830  -10.391    0.735    3.225    3.349    4.648    5.383    5.568
   15.297   18.243   19.527   20.272
           -0.133333 -0.230940  0.000000
  -90.500  -90.498  -11.875  -10.409    0.677    3.361    3.434    4.706    5.436    5.609
   15.195   18.350   19.446   20.286
           -0.127778 -0.221318  0.000000
  -90.500  -90.498  -11.919  -10.427    0.621    3.496    3.523    4.765    5.488    5.648
   15.094   18.446   19.377   20.295
           -0.122222 -0.211695  0.000000
  -90.500  -90.498  -11.962  -10.445    0.567    3.613    3.631    4.823    5.538    5.686
   14.995   18.523   19.326   20.301
           -0.116667 -0.202073  0.000000
  -90.500  -90.498  -12.004  -10.463    0.514    3.704    3.763    4.880    5.586    5.722
   14.898   18.573   19.303   20.305
           -0.111111 -0.192450  0.000000
  -90.500  -90.498  -12.043  -10.481    0.464    3.797    3.894    4.938    5.632    5.756
   14.802   18.589   19.313   20.306
           -0.105556 -0.182828  0.000000
  -90.500  -90.498  -12.082  -10.499    0.415    3.891    4.021    4.995    5.676    5.789
   14.708   18.572   19.357   20.305
           -0.100000 -0.173205  0.000000
  -90.500  -90.498  -12.119  -10.516    0.369    3.984    4.144    5.054    5.717    5.819
   14.615   18.528   19.426   20.304
           -0.094444 -0.163583  0.000000
  -90.500  -90.498  -12.154  -10.532    0.324    4.078    4.262    5.114    5.756    5.848
   14.525   18.469   19.511   20.302
           -0.088889 -0.153960  0.000000
  -90.500  -90.498  -12.187  -10.549    0.282    4.170    4.374    5.175    5.793    5.875
   14.436   18.400   19.604   20.300
           -0.083333 -0.144338  0.000000
  -90.501  -90.498  -12.219  -10.564    0.242    4.261    4.477    5.239    5.827    5.901
   14.350   18.326   19.702   20.298
           -0.077778 -0.134715  0.000000
  -90.501  -90.498  -12.249  -10.579    0.204    4.351    4.573    5.306    5.858    5.925
   14.266   18.250   19.801   20.296
           -0.072222 -0.125093  0.000000
  -90.501  -90.498  -12.277  -10.593    0.169    4.438    4.658    5.376    5.887    5.947
   14.185   18.175   19.900   20.295
           -0.066667 -0.115470  0.000000
  -90.501  -90.498  -12.303  -10.606    0.136    4.522    4.735    5.447    5.913    5.967
   14.107   18.100   19.996   20.295
           -0.061111 -0.105848  0.000000
  -90.501  -90.498  -12.327  -10.619    0.106    4.602    4.801    5.521    5.936    5.986
   14.033   18.028   20.089   20.295
           -0.055556 -0.096225  0.000000
  -90.501  -90.498  -12.349  -10.630    0.078    4.678    4.859    5.594    5.957    6.003
   13.963   17.960   20.176   20.296
           -0.050000 -0.086603  0.000000
  -90.501  -90.498  -12.369  -10.641    0.053    4.750    4.908    5.667    5.975    6.019
   13.897   17.895   20.256   20.298
           -0.044444 -0.076980  0.000000
  -90.501  -90.498  -12.388  -10.651    0.030    4.816    4.950    5.737    5.991    6.032
   13.836   17.835   20.300   20.324
           -0.038889 -0.067358  0.000000
  -90.501  -90.498  -12.404  -10.659    0.010    4.877    4.985    5.802    6.004    6.045
   13.781   17.780   20.302   20.370
           -0.033333 -0.057735  0.000000
  -90.501  -90.498  -12.418  -10.667   -0.008    4.931    5.014    5.862    6.015    6.055
   13.732   17.731   20.304   20.383
           -0.027778 -0.048113  0.000000
  -90.501  -90.498  -12.429  -10.673   -0.022    4.978    5.038    5.914    6.024    6.064
   13.689   17.689   20.307   20.372
           -0.022222 -0.038490  0.000000
  -90.501  -90.498  -12.439  -10.678   -0.035    5.017    5.056    5.959    6.031    6.071
   13.654   17.654   20.309   20.354
           -0.016667 -0.028868  0.000000
  -90.501  -90.498  -12.447  -10.683   -0.044    5.048    5.071    5.995    6.036    6.077
   13.625   17.626   20.311   20.337
           -0.011111 -0.019245  0.000000
  -90.501  -90.498  -12.452  -10.685   -0.051    5.070    5.081    6.021    6.039    6.081
   13.605   17.606   20.312   20.324
           -0.005556 -0.009623  0.000000
  -90.501  -90.498  -12.455  -10.687   -0.055    5.084    5.087    6.037    6.041    6.083
   13.593   17.594   20.313   20.316
            0.000000  0.000000  0.000000
  -90.501  -90.498  -12.456  -10.688   -0.056    5.089    5.089    6.042    6.042    6.084
   13.588   17.590   20.313   20.313
            0.000000  0.000000 -0.011407
  -90.501  -90.498  -12.455  -10.690   -0.051    5.089    5.089    6.041    6.041    6.077
   13.593   17.587   20.314   20.314
            0.000000  0.000000 -0.022815
  -90.501  -90.498  -12.452  -10.696   -0.037    5.092    5.092    6.038    6.038    6.056
   13.608   17.578   20.316   20.316
            0.000000  0.000000 -0.034222
  -90.501  -90.499  -12.446  -10.706   -0.014    5.095    5.095    6.022    6.034    6.034
   13.632   17.564   20.320   20.320
            0.000000  0.000000 -0.045630
  -90.501  -90.499  -12.438  -10.720    0.019    5.101    5.101    5.975    6.028    6.028
   13.666   17.543   20.326   20.326
            0.000000  0.000000 -0.057037
  -90.501  -90.499  -12.427  -10.737    0.061    5.108    5.108    5.916    6.021    6.021
   13.709   17.518   20.333   20.333
            0.000000  0.000000 -0.068444
  -90.501  -90.499  -12.415  -10.759    0.112    5.116    5.116    5.844    6.011    6.011
   13.760   17.486   20.341   20.341
            0.000000  0.000000 -0.079852
  -90.501  -90.499  -12.400  -10.784    0.172    5.125    5.125    5.760    6.001    6.001
   13.819   17.450   20.352   20.352
            0.000000  0.000000 -0.091259
  -90.501  -90.499  -12.383  -10.812    0.241    5.137    5.137    5.666    5.988    5.988
   13.885   17.408   20.364   20.364
            0.000000  0.000000 -0.102667
  -90.501  -90.499  -12.363  -10.843    0.318    5.149    5.149    5.562    5.974    5.974
   13.958   17.360   20.378   20.378
            0.000000  0.000000 -0.114074
  -90.501  -90.499  -12.341  -10.877    0.403    5.163    5.163    5.448    5.959    5.959
   14.038   17.308   20.394   20.394
            0.000000  0.000000 -0.125481
  -90.501  -90.499  -12.318  -10.914    0.495    5.178    5.178    5.325    5.942    5.942
   14.123   17.251   20.412   20.412
            0.000000  0.000000 -0.136889
  -90.501  -90.499  -12.292  -10.954    0.595    5.194    5.194    5.195    5.924    5.924
   14.213   17.189   20.432   20.432
            0.000000  0.000000 -0.148296
  -90.501  -90.499  -12.264  -10.995    0.703    5.058    5.212    5.212    5.905    5.905
   14.307   17.123   20.455   20.455
            0.000000  0.000000 -0.159704
  -90.501  -90.499  -12.234  -11.039    0.817    4.914    5.231    5.231    5.885    5.885
   14.405   17.052   20.480   20.480
            0.000000  0.000000 -0.171111
  -90.501  -90.499  -12.202  -11.085    0.938    4.765    5.251    5.251    5.863    5.863
   14.507   16.978   20.507   20.507
            0.000000  0.000000 -0.182518
  -90.500  -90.499  -12.168  -11.132    1.064    4.611    5.272    5.272    5.841    5.841
   14.611   16.899   20.536   20.536
            0.000000  0.000000 -0.193926
  -90.500  -90.499  -12.132  -11.180    1.197    4.452    5.294    5.294    5.817    5.817
   14.718   16.816   20.569   20.569
            0.000000  0.000000 -0.205333
  -90.500  -90.499  -12.095  -11.230    1.335    4.290    5.316    5.316    5.793    5.793
   14.827   16.730   20.597   20.603
            0.000000  0.000000 -0.216740
  -90.500  -90.499  -12.056  -11.280    1.478    4.125    5.340    5.340    5.768    5.768
   14.937   16.641   20.588   20.640
            0.000000  0.000000 -0.228148
  -90.500  -90.499  -12.015  -11.331    1.626    3.957    5.365    5.365    5.742    5.742
   15.048   16.548   20.580   20.680
            0.000000  0.000000 -0.239555
  -90.500  -90.499  -11.972  -11.383    1.778    3.787    5.390    5.390    5.716    5.716
   15.160   16.453   20.574   20.658
            0.000000  0.000000 -0.250963
  -90.500  -90.499  -11.928  -11.434    1.934    3.616    5.416    5.416    5.689    5.689
   15.272   16.354   20.569   20.638
            0.000000  0.000000 -0.262370
  -90.500  -90.499  -11.883  -11.486    2.093    3.444    5.442    5.442    5.662    5.662
   15.385   16.254   20.566   20.620
            0.000000  0.000000 -0.273777
  -90.500  -90.500  -11.837  -11.538    2.255    3.272    5.469    5.469    5.634    5.634
   15.497   16.150   20.565   20.605
            0.000000  0.000000 -0.285185
  -90.500  -90.500  -11.789  -11.589    2.420    3.100    5.496    5.496    5.607    5.607
   15.609   16.045   20.566   20.592
            0.000000  0.000000 -0.296592
  -90.500  -90.500  -11.740  -11.640    2.588    2.928    5.523    5.523    5.579    5.579
   15.720   15.938   20.569   20.582
            0.000000  0.000000 -0.308000
  -90.500  -90.500  -11.691  -11.691    2.757    2.757    5.551    5.551    5.551    5.551
   15.830   15.830   20.574   20.574
           -0.009615 -0.005551 -0.308000
  -90.500  -90.500  -11.690  -11.690    2.757    2.757    5.547    5.547    5.550    5.550
   15.831   15.831   20.562   20.562
           -0.019231 -0.011103 -0.308000
  -90.500  -90.500  -11.687  -11.687    2.757    2.757    5.536    5.536    5.545    5.545
   15.836   15.836   20.529   20.529
           -0.028846 -0.016654 -0.308000
  -90.500  -90.500  -11.683  -11.683    2.757    2.757    5.517    5.517    5.539    5.539
   15.844   15.844   20.483   20.483
           -0.038462 -0.022206 -0.308000
  -90.500  -90.500  -11.676  -11.676    2.757    2.757    5.491    5.491    5.529    5.529
   15.855   15.855   20.429   20.429
           -0.048077 -0.027757 -0.308000
  -90.500  -90.500  -11.668  -11.668    2.756    2.756    5.458    5.458    5.517    5.517
   15.868   15.868   20.373   20.373
           -0.057692 -0.033309 -0.308000
  -90.500  -90.500  -11.658  -11.658    2.755    2.755    5.418    5.418    5.502    5.502
   15.883   15.883   20.316   20.316
           -0.067308 -0.038860 -0.308000
  -90.500  -90.500  -11.647  -11.647    2.754    2.754    5.373    5.373    5.484    5.484
   15.900   15.900   20.261   20.261
           -0.076923 -0.044412 -0.308000
  -90.500  -90.500  -11.634  -11.634    2.752    2.752    5.321    5.321    5.465    5.465
   15.919   15.919   20.207   20.207
           -0.086538 -0.049963 -0.308000
  -90.500  -90.500  -11.619  -11.619    2.749    2.749    5.265    5.265    5.443    5.443
   15.937   15.937   20.156   20.156
           -0.096154 -0.055514 -0.308000
  -90.500  -90.500  -11.602  -11.602    2.745    2.745    5.204    5.204    5.418    5.418
   15.956   15.956   20.109   20.109
           -0.105769 -0.061066 -0.308000
  -90.500  -90.500  -11.584  -11.584    2.739    2.739    5.140    5.140    5.392    5.392
   15.974   15.974   20.066   20.066
           -0.115385 -0.066617 -0.308000
  -90.500  -90.500  -11.564  -11.564    2.732    2.732    5.073    5.073    5.364    5.364
   15.991   15.991   20.028   20.028
           -0.125000 -0.072169 -0.308000
  -90.499  -90.499  -11.543  -11.543    2.722    2.722    5.003    5.003    5.334    5.334
   16.006   16.006   19.994   19.994
           -0.134615 -0.077720 -0.308000
  -90.499  -90.499  -11.520  -11.520    2.710    2.710    4.932    4.932    5.302    5.302
   16.019   16.019   19.966   19.966
           -0.144231 -0.083272 -0.308000
  -90.499  -90.499  -11.496  -11.496    2.695    2.695    4.862    4.862    5.269    5.269
   16.028   16.028   19.944   19.944
           -0.153846 -0.088823 -0.308000
  -90.499  -90.499  -11.470  -11.470    2.677    2.677    4.791    4.791    5.234    5.234
   16.034   16.034   19.927   19.927
           -0.163462 -0.094375 -0.308000
  -90.499  -90.499  -11.443  -11.443    2.654    2.654    4.723    4.723    5.199    5.199
   16.037   16.037   19.916   19.916
           -0.173077 -0.099926 -0.308000
  -90.499  -90.499  -11.415  -11.415    2.627    2.627    4.656    4.656    5.162    5.162
   16.035   16.035   19.911   19.911
           -0.182692 -0.105477 -0.308000
  -90.499  -90.499  -11.386  -11.386    2.594    2.594    4.593    4.593    5.124    5.124
   16.029   16.029   19.912   19.912
           -0.192308 -0.111029 -0.308000
  -90.499  -90.499  -11.355  -11.355    2.557    2.557    4.535    4.535    5.086    5.086
   16.019   16.019   19.918   19.918
           -0.201923 -0.116580 -0.308000
  -90.499  -90.499  -11.324  -11.324    2.513    2.513    4.481    4.481    5.048    5.048
   16.005   16.005   19.930   19.930
           -0.211538 -0.122132 -0.308000
  -90.499  -90.499  -11.292  -11.292    2.464    2.464    4.433    4.433    5.008    5.008
   15.986   15.986   19.946   19.946
           -0.221154 -0.127683 -0.308000
  -90.499  -90.499  -11.259  -11.259    2.409    2.409    4.390    4.390    4.969    4.969
   15.964   15.964   19.967   19.967
           -0.230769 -0.133235 -0.308000
  -90.499  -90.499  -11.225  -11.225    2.349    2.349    4.353    4.353    4.930    4.930
   15.937   15.937   19.992   19.992
           -0.240385 -0.138786 -0.308000
  -90.499  -90.499  -11.191  -11.191    2.283    2.283    4.322    4.322    4.890    4.890
   15.907   15.907   20.020   20.020
           -0.250000 -0.144338 -0.308000
  -90.499  -90.499  -11.156  -11.156    2.212    2.212    4.297    4.297    4.851    4.851
   15.875   15.875   20.051   20.051
           -0.259615 -0.149889 -0.308000
  -90.499  -90.499  -11.121  -11.121    2.137    2.137    4.277    4.277    4.812    4.812
   15.839   15.839   20.083   20.083
           -0.269231 -0.155440 -0.308000
  -90.499  -90.499  -11.085  -11.085    2.058    2.058    4.263    4.263    4.774    4.774
   15.801   15.801   20.118   20.118
           -0.278846 -0.160992 -0.308000
  -90.499  -90.499  -11.049  -11.049    1.976    1.976    4.253    4.253    4.736    4.736
   15.762   15.762   20.154   20.154
           -0.288462 -0.166543 -0.308000
  -90.499  -90.499  -11.014  -11.014    1.893    1.893    4.247    4.247    4.699    4.699
   15.720   15.720   20.190   20.190
           -0.298077 -0.172095 -0.308000
  -90.499  -90.499  -10.978  -10.978    1.808    1.808    4.244    4.244    4.663    4.663
   15.678   15.678   20.226   20.226
           -0.307692 -0.177646 -0.308000
  -90.499  -90.499  -10.943  -10.943    1.723    1.723    4.245    4.245    4.628    4.628
   15.635   15.635   20.261   20.261
           -0.317308 -0.183198 -0.308000
  -90.499  -90.499  -10.908  -10.908    1.637    1.637    4.248    4.248    4.594    4.594
   15.592   15.592   20.296   20.296
           -0.326923 -0.188749 -0.308000
  -90.499  -90.499  -10.874  -10.874    1.553    1.553    4.253    4.253    4.561    4.561
   15.548   15.548   20.330   20.330
           -0.336538 -0.194301 -0.308000
  -90.499  -90.499  -10.840  -10.840    1.469    1.469    4.260    4.260    4.529    4.529
   15.505   15.505   20.362   20.362
           -0.346154 -0.199852 -0.308000
  -90.498  -90.498  -10.808  -10.808    1.388    1.388    4.269    4.269    4.499    4.499
   15.463   15.463   20.392   20.392
           -0.355769 -0.205403 -0.308000
  -90.498  -90.498  -10.776  -10.776    1.309    1.309    4.278    4.278    4.470    4.470
   15.422   15.422   20.420   20.420
           -0.365385 -0.210955 -0.308000
  -90.498  -90.498  -10.745  -10.745    1.233    1.233    4.289    4.289    4.443    4.443
   15.382   15.382   20.446   20.446
           -0.375000 -0.216506 -0.308000
  -90.498  -90.498  -10.716  -10.716    1.160    1.160    4.299    4.299    4.417    4.417
   15.343   15.343   20.470   20.470
           -0.384615 -0.222058 -0.308000
  -90.498  -90.498  -10.688  -10.688    1.091    1.091    4.310    4.310    4.393    4.393
   15.307   15.307   20.492   20.492
           -0.394231 -0.227609 -0.308000
  -90.498  -90.498  -10.662  -10.662    1.026    1.026    4.321    4.321    4.370    4.370
   15.272   15.272   20.511   20.511
           -0.403846 -0.233161 -0.308000
  -90.498  -90.498  -10.638  -10.638    0.966    0.966    4.332    4.332    4.349    4.349
   15.240   15.240   20.528   20.528
           -0.413462 -0.238712 -0.308000
  -90.498  -90.498  -10.615  -10.615    0.910    0.910    4.331    4.331    4.342    4.342
   15.210   15.210   20.543   20.543
           -0.423077 -0.244264 -0.308000
  -90.498  -90.498  -10.595  -10.595    0.860    0.860    4.314    4.314    4.352    4.352
   15.183   15.183   20.555   20.555
           -0.432692 -0.249815 -0.308000
  -90.498  -90.498  -10.576  -10.576    0.815    0.815    4.298    4.298    4.361    4.361
   15.158   15.158   20.566   20.566
           -0.442308 -0.255366 -0.308000
  -90.498  -90.498  -10.560  -10.560    0.775    0.775    4.285    4.285    4.369    4.369
   15.137   15.137   20.575   20.575
           -0.451923 -0.260918 -0.308000
  -90.498  -90.498  -10.546  -10.546    0.741    0.741    4.274    4.274    4.375    4.375
   15.119   15.119   20.583   20.583
           -0.461538 -0.266469 -0.308000
  -90.498  -90.498  -10.534  -10.534    0.713    0.713    4.265    4.265    4.381    4.381
   15.103   15.103   20.588   20.588
           -0.471154 -0.272021 -0.308000
  -90.498  -90.498  -10.525  -10.525    0.692    0.692    4.258    4.258    4.386    4.386
   15.092   15.092   20.593   20.593
           -0.480769 -0.277572 -0.308000
  -90.498  -90.498  -10.519  -10.519    0.676    0.676    4.253    4.253    4.389    4.389
   15.083   15.083   20.596   20.596
           -0.490385 -0.283124 -0.308000
  -90.498  -90.498  -10.515  -10.515    0.666    0.666    4.250    4.250    4.391    4.391
   15.078   15.078   20.598   20.598
           -0.500000 -0.288675 -0.308000
  -90.498  -90.498  -10.514  -10.514    0.663    0.663    4.249    4.249    4.392    4.392
   15.076   15.076   20.598   20.598
           -0.494253 -0.298629 -0.308000
  -90.498  -90.498  -10.513  -10.513    0.665    0.665    4.230    4.230    4.406    4.406
   15.082   15.082   20.595   20.595
           -0.488506 -0.308584 -0.308000
  -90.498  -90.498  -10.512  -10.512    0.669    0.669    4.185    4.185    4.437    4.437
   15.099   15.099   20.587   20.587
           -0.482759 -0.318538 -0.308000
  -90.498  -90.498  -10.510  -10.510    0.676    0.676    4.129    4.129    4.471    4.471
   15.126   15.126   20.571   20.571
           -0.477011 -0.328492 -0.308000
  -90.498  -90.498  -10.507  -10.507    0.685    0.685    4.064    4.064    4.505    4.505
   15.165   15.165   20.549   20.549
           -0.471264 -0.338447 -0.308000
  -90.498  -90.498  -10.503  -10.503    0.698    0.698    3.993    3.993    4.537    4.537
   15.214   15.214   20.519   20.519
           -0.465517 -0.348401 -0.308000
  -90.498  -90.498  -10.499  -10.499    0.713    0.713    3.917    3.917    4.566    4.566
   15.272   15.272   20.480   20.480
           -0.459770 -0.358355 -0.308000
  -90.498  -90.498  -10.494  -10.494    0.730    0.730    3.836    3.836    4.593    4.593
   15.340   15.340   20.431   20.431
           -0.454023 -0.368310 -0.308000
  -90.498  -90.498  -10.488  -10.488    0.751    0.751    3.751    3.751    4.617    4.617
   15.416   15.416   20.373   20.373
           -0.448276 -0.378264 -0.308000
  -90.498  -90.498  -10.481  -10.481    0.774    0.774    3.661    3.661    4.639    4.639
   15.500   15.500   20.304   20.304
           -0.442529 -0.388218 -0.308000
  -90.498  -90.498  -10.474  -10.474    0.799    0.799    3.568    3.568    4.660    4.660
   15.592   15.592   20.225   20.225
           -0.436782 -0.398173 -0.308000
  -90.498  -90.498  -10.467  -10.467    0.828    0.828    3.471    3.471    4.679    4.679
   15.689   15.689   20.136   20.136
           -0.431034 -0.408127 -0.308000
  -90.498  -90.498  -10.459  -10.459    0.859    0.859    3.372    3.372    4.696    4.696
   15.793   15.793   20.039   20.039
           -0.425287 -0.418081 -0.308000
  -90.498  -90.498  -10.450  -10.450    0.892    0.892    3.271    3.271    4.712    4.712
   15.901   15.901   19.933   19.933
           -0.419540 -0.428036 -0.308000
  -90.498  -90.498  -10.441  -10.441    0.928    0.928    3.167    3.167    4.727    4.727
   16.013   16.013   19.820   19.820
           -0.413793 -0.437990 -0.308000
  -90.498  -90.498  -10.433  -10.433    0.967    0.967    3.063    3.063    4.740    4.740
   16.129   16.129   19.702   19.702
           -0.408046 -0.447944 -0.308000
  -90.498  -90.498  -10.423  -10.423    1.008    1.008    2.958    2.958    4.753    4.753
   16.247   16.247   19.578   19.578
           -0.402299 -0.457898 -0.308000
  -90.498  -90.498  -10.414  -10.414    1.051    1.051    2.853    2.853    4.764    4.764
   16.368   16.368   19.451   19.451
           -0.396552 -0.467853 -0.308000
  -90.498  -90.498  -10.406  -10.406    1.097    1.097    2.748    2.748    4.774    4.774
   16.490   16.490   19.322   19.322
           -0.390805 -0.477807 -0.308000
  -90.498  -90.498  -10.397  -10.397    1.146    1.146    2.644    2.644    4.784    4.784
   16.613   16.613   19.190   19.190
           -0.385057 -0.487761 -0.308000
  -90.498  -90.498  -10.388  -10.388    1.196    1.196    2.541    2.541    4.792    4.792
   16.736   16.736   19.058   19.058
           -0.379310 -0.497716 -0.308000
  -90.498  -90.498  -10.380  -10.380    1.249    1.249    2.440    2.440    4.800    4.800
   16.860   16.860   18.926   18.926
           -0.373563 -0.507670 -0.308000
  -90.498  -90.498  -10.373  -10.373    1.304    1.304    2.342    2.342    4.807    4.807
   16.982   16.982   18.795   18.795
           -0.367816 -0.517624 -0.308000
  -90.498  -90.498  -10.366  -10.366    1.361    1.361    2.246    2.246    4.813    4.813
   17.104   17.104   18.665   18.665
           -0.362069 -0.527579 -0.308000
  -90.498  -90.498  -10.360  -10.360    1.421    1.421    2.153    2.153    4.818    4.818
   17.223   17.223   18.538   18.538
           -0.356322 -0.537533 -0.308000
  -90.498  -90.498  -10.355  -10.355    1.482    1.482    2.063    2.063    4.823    4.823
   17.339   17.339   18.416   18.416
           -0.350575 -0.547487 -0.308000
  -90.498  -90.498  -10.350  -10.350    1.545    1.545    1.978    1.978    4.826    4.826
   17.449   17.449   18.300   18.300
           -0.344828 -0.557442 -0.308000
  -90.498  -90.498  -10.347  -10.347    1.611    1.611    1.896    1.896    4.828    4.828
   17.549   17.549   18.196   18.196
           -0.339080 -0.567396 -0.308000
  -90.498  -90.498  -10.345  -10.345    1.677    1.677    1.820    1.820    4.830    4.830
   17.626   17.626   18.117   18.117
           -0.333333 -0.577350 -0.308000
  -90.498  -90.498  -10.344  -10.344    1.738    1.738    1.756    1.756    4.830    4.830
   17.657   17.657   18.085   18.085
           -0.327778 -0.567728 -0.308000
  -90.498  -90.498  -10.345  -10.345    1.681    1.681    1.816    1.816    4.830    4.830
   17.629   17.629   18.114   18.114
           -0.322222 -0.558105 -0.308000
  -90.498  -90.498  -10.347  -10.347    1.621    1.621    1.885    1.885    4.828    4.828
   17.562   17.562   18.184   18.184
           -0.316667 -0.548483 -0.308000
  -90.498  -90.498  -10.351  -10.351    1.567    1.567    1.956    1.956    4.826    4.826
   17.478   17.478   18.272   18.272
           -0.311111 -0.538860 -0.308000
  -90.498  -90.498  -10.356  -10.356    1.517    1.517    2.029    2.029    4.823    4.823
   17.388   17.388   18.368   18.368
           -0.305556 -0.529238 -0.308000
  -90.498  -90.498  -10.362  -10.362    1.473    1.473    2.102    2.102    4.819    4.819
   17.298   17.298   18.466   18.466
           -0.300000 -0.519615 -0.308000
  -90.498  -90.498  -10.371  -10.371    1.434    1.434    2.177    2.177    4.813    4.813
   17.209   17.209   18.565   18.565
           -0.294444 -0.509993 -0.308000
  -90.498  -90.498  -10.381  -10.381    1.401    1.401    2.253    2.253    4.807    4.807
   17.122   17.122   18.663   18.663
           -0.288889 -0.500370 -0.308000
  -90.498  -90.498  -10.392  -10.392    1.373    1.373    2.330    2.330    4.801    4.801
   17.039   17.039   18.759   18.759
           -0.283333 -0.490748 -0.308000
  -90.498  -90.498  -10.406  -10.406    1.352    1.352    2.408    2.408    4.793    4.793
   16.959   16.959   18.853   18.853
           -0.277778 -0.481125 -0.308000
  -90.498  -90.498  -10.421  -10.421    1.336    1.336    2.487    2.487    4.784    4.784
   16.882   16.882   18.944   18.944
           -0.272222 -0.471503 -0.308000
  -90.498  -90.498  -10.438  -10.438    1.326    1.326    2.566    2.566    4.775    4.775
   16.810   16.810   19.032   19.032
           -0.266667 -0.461880 -0.308000
  -90.498  -90.498  -10.456  -10.456    1.322    1.322    2.646    2.646    4.765    4.765
   16.742   16.742   19.116   19.116
           -0.261111 -0.452258 -0.308000
  -90.498  -90.498  -10.476  -10.476    1.324    1.324    2.726    2.726    4.755    4.755
   16.678   16.678   19.196   19.196
           -0.255556 -0.442635 -0.308000
  -90.498  -90.498  -10.498  -10.498    1.331    1.331    2.807    2.807    4.744    4.744
   16.618   16.618   19.272   19.272
           -0.250000 -0.433013 -0.308000
  -90.498  -90.498  -10.522  -10.522    1.344    1.344    2.888    2.888    4.733    4.733
   16.562   16.562   19.343   19.343
           -0.244444 -0.423390 -0.308000
  -90.498  -90.498  -10.547  -10.547    1.362    1.362    2.969    2.969    4.721    4.721
   16.511   16.511   19.409   19.409
           -0.238889 -0.413768 -0.308000
  -90.498  -90.498  -10.573  -10.573    1.386    1.386    3.049    3.049    4.710    4.710
   16.463   16.463   19.469   19.469
           -0.233333 -0.404145 -0.308000
  -90.498  -90.498  -10.601  -10.601    1.414    1.414    3.129    3.129    4.698    4.698
   16.420   16.420   19.523   19.523
           -0.227778 -0.394523 -0.308000
  -90.498  -90.498  -10.631  -10.631    1.448    1.448    3.209    3.209    4.688    4.688
   16.380   16.380   19.572   19.572
           -0.222222 -0.384900 -0.308000
  -90.498  -90.498  -10.661  -10.661    1.486    1.486    3.288    3.288    4.677    4.677
   16.344   16.344   19.615   19.615
           -0.216667 -0.375278 -0.308000
  -90.498  -90.498  -10.693  -10.693    1.529    1.529    3.366    3.366    4.668    4.668
   16.312   16.312   19.652   19.652
           -0.211111 -0.365655 -0.308000
  -90.498  -90.498  -10.725  -10.725    1.575    1.575    3.444    3.444    4.660    4.660
   16.283   16.283   19.683   19.683
           -0.205556 -0.356033 -0.308000
  -90.498  -90.498  -10.759  -10.759    1.626    1.626    3.519    3.519    4.653    4.653
   16.258   16.258   19.709   19.709
           -0.200000 -0.346410 -0.308000
  -90.498  -90.498  -10.793  -10.793    1.679    1.679    3.593    3.593    4.649    4.649
   16.235   16.235   19.729   19.729
           -0.194444 -0.336788 -0.308000
  -90.499  -90.499  -10.828  -10.828    1.736    1.736    3.666    3.666    4.646    4.646
   16.216   16.216   19.746   19.746
           -0.188889 -0.327165 -0.308000
  -90.499  -90.499  -10.863  -10.863    1.795    1.795    3.736    3.736    4.647    4.647
   16.200   16.200   19.758   19.758
           -0.183333 -0.317543 -0.308000
  -90.499  -90.499  -10.899  -10.899    1.856    1.856    3.804    3.804    4.651    4.651
   16.186   16.186   19.766   19.766
           -0.177778 -0.307920 -0.308000
  -90.499  -90.499  -10.935  -10.935    1.919    1.919    3.869    3.869    4.658    4.658
   16.174   16.174   19.771   19.771
           -0.172222 -0.298298 -0.308000
  -90.499  -90.499  -10.972  -10.972    1.982    1.982    3.931    3.931    4.670    4.670
   16.164   16.164   19.774   19.774
           -0.166667 -0.288675 -0.308000
  -90.499  -90.499  -11.008  -11.008    2.046    2.046    3.991    3.991    4.686    4.686
   16.156   16.156   19.775   19.775
           -0.161111 -0.279053 -0.308000
  -90.499  -90.499  -11.045  -11.045    2.110    2.110    4.048    4.048    4.707    4.707
   16.149   16.149   19.775   19.775
           -0.155556 -0.269430 -0.308000
  -90.499  -90.499  -11.081  -11.081    2.173    2.173    4.103    4.103    4.732    4.732
   16.144   16.144   19.774   19.774
           -0.150000 -0.259808 -0.308000
  -90.499  -90.499  -11.118  -11.118    2.234    2.234    4.156    4.156    4.762    4.762
   16.139   16.139   19.773   19.773
           -0.144444 -0.250185 -0.308000
  -90.499  -90.499  -11.153  -11.153    2.294    2.294    4.208    4.208    4.795    4.795
   16.135   16.135   19.773   19.773
           -0.138889 -0.240563 -0.308000
  -90.499  -90.499  -11.189  -11.189    2.350    2.350    4.259    4.259    4.832    4.832
   16.131   16.131   19.773   19.773
           -0.133333 -0.230940 -0.308000
  -90.499  -90.499  -11.223  -11.223    2.403    2.403    4.311    4.311    4.872    4.872
   16.128   16.128   19.775   19.775
           -0.127778 -0.221318 -0.308000
  -90.499  -90.499  -11.257  -11.257    2.453    2.453    4.365    4.365    4.913    4.913
   16.123   16.123   19.778   19.778
           -0.122222 -0.211695 -0.308000
  -90.499  -90.499  -11.291  -11.291    2.498    2.498    4.420    4.420    4.956    4.956
   16.119   16.119   19.784   19.784
           -0.116667 -0.202073 -0.308000
  -90.499  -90.499  -11.323  -11.323    2.539    2.539    4.478    4.478    5.000    5.000
   16.113   16.113   19.792   19.792
           -0.111111 -0.192450 -0.308000
  -90.499  -90.499  -11.355  -11.355    2.576    2.576    4.538    4.538    5.044    5.044
   16.106   16.106   19.802   19.802
           -0.105556 -0.182828 -0.308000
  -90.499  -90.499  -11.385  -11.385    2.609    2.609    4.600    4.600    5.088    5.088
   16.098   16.098   19.816   19.816
           -0.100000 -0.173205 -0.308000
  -90.499  -90.499  -11.414  -11.414    2.637    2.637    4.665    4.665    5.130    5.130
   16.088   16.088   19.833   19.833
           -0.094444 -0.163583 -0.308000
  -90.499  -90.499  -11.443  -11.443    2.661    2.661    4.733    4.733    5.172    5.172
   16.077   16.077   19.854   19.854
           -0.088889 -0.153960 -0.308000
  -90.499  -90.499  -11.470  -11.470    2.681    2.681    4.801    4.801    5.212    5.212
   16.064   16.064   19.878   19.878
           -0.083333 -0.144338 -0.308000
  -90.499  -90.499  -11.495  -11.495    2.698    2.698    4.871    4.871    5.251    5.251
   16.049   16.049   19.906   19.906
           -0.077778 -0.134715 -0.308000
  -90.499  -90.499  -11.520  -11.520    2.712    2.712    4.940    4.940    5.288    5.288
   16.033   16.033   19.938   19.938
           -0.072222 -0.125093 -0.308000
  -90.499  -90.499  -11.542  -11.542    2.724    2.724    5.010    5.010    5.323    5.323
   16.016   16.016   19.974   19.974
           -0.066667 -0.115470 -0.308000
  -90.500  -90.500  -11.564  -11.564    2.733    2.733    5.078    5.078    5.356    5.356
   15.998   15.998   20.013   20.013
           -0.061111 -0.105848 -0.308000
  -90.500  -90.500  -11.584  -11.584    2.740    2.740    5.144    5.144    5.386    5.386
   15.978   15.978   20.056   20.056
           -0.055556 -0.096225 -0.308000
  -90.500  -90.500  -11.602  -11.602    2.745    2.745    5.207    5.207    5.414    5.414
   15.959   15.959   20.102   20.102
           -0.050000 -0.086603 -0.308000
  -90.500  -90.500  -11.618  -11.618    2.749    2.749    5.267    5.267    5.440    5.440
   15.939   15.939   20.152   20.152
           -0.044444 -0.076980 -0.308000
  -90.500  -90.500  -11.633  -11.633    2.752    2.752    5.323    5.323    5.463    5.463
   15.919   15.919   20.204   20.204
           -0.038889 -0.067358 -0.308000
  -90.500  -90.500  -11.647  -11.647    2.754    2.754    5.373    5.373    5.483    5.483
   15.901   15.901   20.259   20.259
           -0.033333 -0.057735 -0.308000
  -90.500  -90.500  -11.658  -11.658    2.755    2.755    5.419    5.419    5.501    5.501
   15.884   15.884   20.316   20.316
           -0.027778 -0.048113 -0.308000
  -90.500  -90.500  -11.668  -11.668    2.756    2.756    5.458    5.458    5.516    5.516
   15.868   15.868   20.373   20.373
           -0.022222 -0.038490 -0.308000
  -90.500  -90.500  -11.676  -11.676    2.757    2.757    5.491    5.491    5.529    5.529
   15.855   15.855   20.429   20.429
           -0.016667 -0.028868 -0.308000
  -90.500  -90.500  -11.683  -11.683    2.757    2.757    5.517    5.517    5.539    5.539
   15.844   15.844   20.482   20.482
           -0.011111 -0.019245 -0.308000
  -90.500  -90.500  -11.687  -11.687    2.757    2.757    5.536    5.536    5.545    5.545
   15.836   15.836   20.529   20.529
           -0.005556 -0.009623 -0.308000
  -90.500  -90.500  -11.690  -11.690    2.757    2.757    5.547    5.547    5.550    5.550
   15.831   15.831   20.562   20.562
            0.000000  0.000000 -0.308000
  -90.500  -90.500  -11.691  -11.691    2.757    2.757    5.551    5.551    5.551    5.551
   15.830   15.830   20.574   20.574
           -0.500000 -0.288675 -0.308000
  -90.498  -90.498  -10.514  -10.514    0.663    0.663    4.249    4.249    4.392    4.392
   15.076   15.076   20.598   20.598
           -0.500000 -0.288675 -0.296592
  -90.498  -90.498  -10.528  -10.499    0.624    0.706    4.200    4.297    4.334    4.444
   15.031   15.127   20.551   20.650
           -0.500000 -0.288675 -0.285185
  -90.498  -90.498  -10.543  -10.485    0.588    0.751    4.153    4.272    4.346    4.491
   14.993   15.182   20.508   20.705
           -0.500000 -0.288675 -0.273777
  -90.498  -90.498  -10.557  -10.470    0.554    0.799    4.106    4.205    4.395    4.531
   14.961   15.242   20.471   20.762
           -0.500000 -0.288675 -0.262370
  -90.498  -90.498  -10.571  -10.456    0.525    0.851    4.060    4.135    4.445    4.565
   14.937   15.305   20.441   20.819
           -0.500000 -0.288675 -0.250963
  -90.498  -90.498  -10.585  -10.441    0.498    0.904    4.015    4.061    4.494    4.593
   14.921   15.370   20.417   20.872
           -0.500000 -0.288675 -0.239555
  -90.498  -90.498  -10.599  -10.427    0.474    0.960    3.972    3.985    4.542    4.614
   14.913   15.437   20.400   20.919
           -0.500000 -0.288675 -0.228148
  -90.498  -90.498  -10.612  -10.414    0.454    1.019    3.906    3.929    4.590    4.628
   14.913   15.504   20.391   20.954
           -0.500000 -0.288675 -0.216740
  -90.498  -90.498  -10.625  -10.400    0.436    1.080    3.826    3.888    4.635    4.638
   14.922   15.572   20.389   20.971
           -0.500000 -0.288675 -0.205333
  -90.498  -90.498  -10.638  -10.387    0.422    1.142    3.744    3.849    4.635    4.684
   14.939   15.639   20.394   20.965
           -0.500000 -0.288675 -0.193926
  -90.498  -90.498  -10.650  -10.375    0.410    1.206    3.662    3.811    4.629    4.730
   14.965   15.703   20.407   20.931
           -0.500000 -0.288675 -0.182518
  -90.498  -90.498  -10.662  -10.362    0.402    1.272    3.581    3.775    4.617    4.774
   14.999   15.766   20.427   20.870
           -0.500000 -0.288675 -0.171111
  -90.498  -90.498  -10.673  -10.351    0.395    1.339    3.500    3.740    4.599    4.817
   15.040   15.826   20.454   20.785
           -0.500000 -0.288675 -0.159704
  -90.498  -90.498  -10.683  -10.340    0.392    1.406    3.420    3.708    4.576    4.858
   15.088   15.883   20.486   20.682
           -0.500000 -0.288675 -0.148296
  -90.498  -90.498  -10.694  -10.329    0.391    1.474    3.342    3.677    4.548    4.897
   15.143   15.936   20.524   20.565
           -0.500000 -0.288675 -0.136889
  -90.498  -90.498  -10.703  -10.319    0.391    1.541    3.267    3.648    4.516    4.934
   15.203   15.984   20.440   20.567
           -0.500000 -0.288675 -0.125481
  -90.498  -90.498  -10.712  -10.310    0.394    1.608    3.194    3.622    4.480    4.969
   15.267   16.029   20.311   20.614
           -0.500000 -0.288675 -0.114074
  -90.498  -90.498  -10.720  -10.301    0.398    1.674    3.126    3.597    4.442    5.001
   15.335   16.070   20.181   20.663
           -0.500000 -0.288675 -0.102667
  -90.499  -90.498  -10.727  -10.293    0.403    1.737    3.061    3.575    4.402    5.031
   15.405   16.106   20.052   20.713
           -0.500000 -0.288675 -0.091259
  -90.499  -90.498  -10.734  -10.286    0.409    1.798    3.001    3.555    4.362    5.059
   15.475   16.138   19.928   20.764
           -0.500000 -0.288675 -0.079852
  -90.499  -90.498  -10.740  -10.280    0.416    1.855    2.947    3.537    4.323    5.083
   15.544   16.166   19.810   20.813
           -0.500000 -0.288675 -0.068444
  -90.499  -90.498  -10.745  -10.274    0.423    1.908    2.898    3.522    4.285    5.104
   15.609   16.190   19.701   20.859
           -0.500000 -0.288675 -0.057037
  -90.499  -90.498  -10.749  -10.269    0.429    1.955    2.856    3.508    4.250    5.123
   15.670   16.210   19.603   20.901
           -0.500000 -0.288675 -0.045630
  -90.499  -90.498  -10.753  -10.266    0.435    1.995    2.820    3.498    4.219    5.138
   15.724   16.226   19.519   20.938
           -0.500000 -0.288675 -0.034222
  -90.499  -90.498  -10.756  -10.263    0.440    2.028    2.792    3.489    4.194    5.150
   15.768   16.238   19.451   20.968
           -0.500000 -0.288675 -0.022815
  -90.499  -90.498  -10.758  -10.260    0.443    2.052    2.772    3.483    4.175    5.158
   15.801   16.247   19.401   20.990
           -0.500000 -0.288675 -0.011407
  -90.499  -90.498  -10.759  -10.259    0.446    2.067    2.760    3.480    4.163    5.163
   15.822   16.252   19.370   21.004
           -0.500000 -0.288675  0.000000
  -90.499  -90.498  -10.759  -10.259    0.447    2.072    2.756    3.478    4.159    5.165
   15.829   16.254   19.359   21.008
           -0.333333 -0.577350 -0.308000
  -90.498  -90.498  -10.344  -10.344    1.738    1.738    1.756    1.756    4.830    4.830
   17.657   17.657   18.085   18.085
           -0.333333 -0.577350 -0.296592
  -90.498  -90.498  -10.344  -10.344    1.665    1.757    1.757    1.812    4.827    4.827
   17.550   17.758   18.091   18.091
           -0.333333 -0.577350 -0.285185
  -90.498  -90.498  -10.344  -10.344    1.593    1.762    1.762    1.888    4.818    4.818
   17.440   17.855   18.108   18.108
           -0.333333 -0.577350 -0.273777
  -90.498  -90.498  -10.344  -10.344    1.523    1.771    1.771    1.964    4.803    4.803
   17.326   17.947   18.137   18.137
           -0.333333 -0.577350 -0.262370
  -90.498  -90.498  -10.344  -10.344    1.455    1.782    1.782    2.040    4.782    4.782
   17.209   18.034   18.176   18.176
           -0.333333 -0.577350 -0.250963
  -90.498  -90.498  -10.345  -10.345    1.389    1.797    1.797    2.117    4.756    4.756
   17.089   18.115   18.227   18.227
           -0.333333 -0.577350 -0.239555
  -90.498  -90.498  -10.345  -10.345    1.324    1.814    1.814    2.194    4.724    4.724
   16.967   18.192   18.288   18.288
           -0.333333 -0.577350 -0.228148
  -90.498  -90.498  -10.345  -10.345    1.262    1.835    1.835    2.271    4.687    4.687
   16.844   18.262   18.359   18.359
           -0.333333 -0.577350 -0.216740
  -90.498  -90.498  -10.345  -10.345    1.202    1.859    1.859    2.347    4.645    4.645
   16.721   18.328   18.440   18.440
           -0.333333 -0.577350 -0.205333
  -90.498  -90.498  -10.345  -10.345    1.145    1.886    1.886    2.423    4.599    4.599
   16.597   18.388   18.530   18.530
           -0.333333 -0.577350 -0.193926
  -90.498  -90.498  -10.345  -10.345    1.090    1.915    1.915    2.497    4.549    4.549
   16.475   18.444   18.629   18.629
           -0.333333 -0.577350 -0.182518
  -90.498  -90.498  -10.345  -10.345    1.038    1.947    1.947    2.570    4.495    4.495
   16.354   18.494   18.735   18.735
           -0.333333 -0.577350 -0.171111
  -90.498  -90.498  -10.345  -10.345    0.989    1.982    1.982    2.641    4.439    4.439
   16.236   18.540   18.848   18.848
           -0.333333 -0.577350 -0.159704
  -90.498  -90.498  -10.345  -10.345    0.942    2.019    2.019    2.710    4.379    4.379
   16.121   18.582   18.968   18.968
           -0.333333 -0.577350 -0.148296
  -90.498  -90.498  -10.346  -10.346    0.899    2.058    2.058    2.776    4.318    4.318
   16.009   18.620   19.093   19.093
           -0.333333 -0.577350 -0.136889
  -90.498  -90.498  -10.346  -10.346    0.858    2.098    2.098    2.839    4.256    4.256
   15.903   18.654   19.222   19.222
           -0.333333 -0.577350 -0.125481
  -90.498  -90.498  -10.346  -10.346    0.820    2.140    2.140    2.899    4.192    4.192
   15.802   18.684   19.354   19.354
           -0.333333 -0.577350 -0.114074
  -90.498  -90.498  -10.346  -10.346    0.786    2.183    2.183    2.956    4.129    4.129
   15.707   18.710   19.488   19.488
           -0.333333 -0.577350 -0.102667
  -90.498  -90.498  -10.346  -10.346    0.754    2.226    2.226    3.008    4.066    4.066
   15.619   18.734   19.623   19.623
           -0.333333 -0.577350 -0.091259
  -90.498  -90.498  -10.346  -10.346    0.726    2.269    2.269    3.056    4.005    4.005
   15.538   18.754   19.756   19.756
           -0.333333 -0.577350 -0.079852
  -90.498  -90.498  -10.346  -10.346    0.701    2.312    2.312    3.099    3.947    3.947
   15.466   18.772   19.886   19.886
           -0.333333 -0.577350 -0.068444
  -90.498  -90.498  -10.346  -10.346    0.679    2.352    2.352    3.137    3.892    3.892
   15.402   18.787   20.010   20.010
           -0.333333 -0.577350 -0.057037
  -90.498  -90.498  -10.346  -10.346    0.661    2.389    2.389    3.170    3.842    3.842
   15.347   18.799   20.125   20.125
           -0.333333 -0.577350 -0.045630
  -90.498  -90.498  -10.346  -10.346    0.646    2.423    2.423    3.197    3.798    3.798
   15.301   18.809   20.228   20.228
           -0.333333 -0.577350 -0.034222
  -90.498  -90.498  -10.346  -10.346    0.634    2.451    2.451    3.218    3.761    3.761
   15.265   18.817   20.315   20.315
           -0.333333 -0.577350 -0.022815
  -90.498  -90.498  -10.347  -10.347    0.626    2.472    2.472    3.234    3.734    3.734
   15.239   18.822   20.381   20.381
           -0.333333 -0.577350 -0.011407
  -90.498  -90.498  -10.347  -10.347    0.621    2.485    2.485    3.243    3.717    3.717
   15.224   18.825   20.423   20.423
           -0.333333 -0.577350  0.000000
  -90.498  -90.498  -10.347  -10.347    0.619    2.490    2.490    3.246    3.711    3.711
   15.218   18.826   20.437   20.437
