
     Program BANDS v.7.4.1 starts on  1Sep2026 at 12:11:34 

     This program is part of the open-source Quantum ESPRESSO suite
     for quantum simulation of materials; please cite
         "P. Giannozzi et al., J. Phys.:Condens. Matter 21 395502 (2009);
         "P. Giannozzi et al., J. Phys.:Condens. Matter 29 465901 (2017);
         "P. Giannozzi et al., J. Chem. Phys. 152 154105 (2020);
          URL http://www.quantum-espresso.org", 
     in publications or presentations arising from this work. More details at
     http://www.quantum-espresso.org/quote

     Parallel version (MPI), running on     1 processors

     MPI processes distributed on     1 nodes
     14136 MiB available memory on the printing compute node when the environment starts


     Reading xml data from directory:

     ./tmp/BeO_band.save/

     IMPORTANT: XC functional enforced from input :
     Exchange-correlation= PBE
                           (   1   4   3   4   0   0   0)
     Any further DFT definition will be discarded
     Please, verify this is what you really want


     G-vector sticks info
     --------------------
     sticks:   dense  smooth     PW     G-vecs:    dense   smooth      PW
     Sum         913     913    253                35711    35711    5599

     Using Slab Decomposition

     Reading collected, re-writing distributed wavefunctions
     high-symmetry point:  0.0000 0.0000 0.0000   x coordinate   0.0000
     high-symmetry point:  0.5000 0.2887 0.0000   x coordinate   0.5774
     high-symmetry point:  0.3333 0.5774 0.0000   x coordinate   0.9107
     high-symmetry point:  0.0000 0.0000 0.0000   x coordinate   1.5774
     high-symmetry point:  0.0000 0.0000 0.3080   x coordinate   1.8853
     high-symmetry point:  0.5000 0.2887 0.3080   x coordinate   2.4627
     high-symmetry point:  0.3333 0.5774 0.3080   x coordinate   2.7960
     high-symmetry point:  0.0000 0.0000 0.3080   x coordinate   3.4627
     high-symmetry point:  0.5000 0.2887 0.3080   x coordinate   3.4627
     high-symmetry point:  0.5000 0.2887 0.0000   x coordinate   3.7707
     high-symmetry point:  0.3333 0.5774 0.3080   x coordinate   3.7707
     high-symmetry point:  0.3333 0.5774 0.0000   x coordinate   4.0787
     high-symmetry point:  0.0000 0.0000 0.0000   x coordinate   4.0787
     high-symmetry point: -0.5000-0.2887 0.0000   x coordinate   4.6560
     high-symmetry point: -0.3333-0.5774 0.0000   x coordinate   4.9894
     high-symmetry point:  0.0000 0.0000 0.0000   x coordinate   5.6560
     high-symmetry point:  0.0000 0.0000-0.3080   x coordinate   5.9640
     high-symmetry point: -0.5000-0.2887-0.3080   x coordinate   6.5414
     high-symmetry point: -0.3333-0.5774-0.3080   x coordinate   6.8747
     high-symmetry point:  0.0000 0.0000-0.3080   x coordinate   7.5414
     high-symmetry point: -0.5000-0.2887-0.3080   x coordinate   7.5414
     high-symmetry point: -0.5000-0.2887 0.0000   x coordinate   7.8494
     high-symmetry point: -0.3333-0.5774-0.3080   x coordinate   7.8494
     high-symmetry point: -0.3333-0.5774 0.0000   x coordinate   8.1574

     Plottable bands (eV) written to file bands.dat.gnu
     Bands written to file bands.dat

 **************************************************************************

                    xk=(   0.00000,   0.00000,   0.00000  )

     point group C_6v (6mm) 
     there are  6 classes
     the character table:

       E     2C6   2C3   C2    3s_v  3s_d 
A_1    1.00  1.00  1.00  1.00  1.00  1.00
A_2    1.00  1.00  1.00  1.00 -1.00 -1.00
B_1    1.00 -1.00  1.00 -1.00  1.00 -1.00
B_2    1.00 -1.00  1.00 -1.00 -1.00  1.00
E_1    2.00  1.00 -1.00 -2.00  0.00  0.00
E_2    2.00 -1.00 -1.00  2.00  0.00  0.00

     the symmetry operations in each class and the name of the first element:

     E        1
                                                                 
     2C6      3    4
                                                                 
     2C3      5    6
                                                                 
     C2       2
                                                                 
     3s_v     8   12   11
                                                                 
     3s_d     7    9   10
                                                                 

     Band symmetry, C_6v (6mm)  point group:

     e(  1 -  1) =    -90.50095  eV     1   --> A_1            
     e(  2 -  2) =    -90.49849  eV     1   --> B_1            
     e(  3 -  3) =    -12.45643  eV     1   --> A_1            
     e(  4 -  4) =    -10.68783  eV     1   --> B_1            
     e(  5 -  5) =     -0.05614  eV     1   --> B_1            
     e(  6 -  7) =      5.08867  eV     2   --> E_2            
     e(  8 -  9) =      6.04191  eV     2   --> E_1            
     e( 10 - 10) =      6.08387  eV     1   --> A_1            
     e( 11 - 11) =     13.58840  eV     1   --> A_1            
     e( 12 - 12) =     17.58951  eV     1   --> B_1            
     e( 13 - 14) =     20.31347  eV     2   --> E_1            

 **************************************************************************

 **************************************************************************

                    xk=(   0.00962,   0.00555,   0.00000  )

     point group C_s (m)    
     there are  2 classes
     the character table:

       E     s    
A'     1.00  1.00
A''    1.00 -1.00

     the symmetry operations in each class and the name of the first element:

     E        1
                                                                 
     s        2
                                                                 

     Band symmetry, C_s (m)     point group:

     e(  1 -  1) =    -90.50095  eV     1   --> A'             
     e(  2 -  2) =    -90.49849  eV     1   --> A'             
     e(  3 -  3) =    -12.45535  eV     1   --> A'             
     e(  4 -  4) =    -10.68724  eV     1   --> A'             
     e(  5 -  5) =     -0.05479  eV     1   --> A'             
     e(  6 -  6) =      5.08409  eV     1   --> A'             
     e(  7 -  7) =      5.08670  eV     1   --> A''            
     e(  8 -  8) =      6.03658  eV     1   --> A'             
     e(  9 -  9) =      6.04126  eV     1   --> A''            
     e( 10 - 10) =      6.08311  eV     1   --> A'             
     e( 11 - 11) =     13.59254  eV     1   --> A'             
     e( 12 - 12) =     17.59357  eV     1   --> A'             
     e( 13 - 13) =     20.31315  eV     1   --> A'             
     e( 14 - 14) =     20.31623  eV     1   --> A''            

 **************************************************************************

 **************************************************************************

                    xk=(   0.01923,   0.01110,   0.00000  )

     Band symmetry, C_s (m)     point group:

     e(  1 -  1) =    -90.50094  eV     1   --> A'             
     e(  2 -  2) =    -90.49848  eV     1   --> A'             
     e(  3 -  3) =    -12.45211  eV     1   --> A'             
     e(  4 -  4) =    -10.68547  eV     1   --> A'             
     e(  5 -  5) =     -0.05073  eV     1   --> A'             
     e(  6 -  6) =      5.07038  eV     1   --> A'             
     e(  7 -  7) =      5.08081  eV     1   --> A''            
     e(  8 -  8) =      6.02070  eV     1   --> A'             
     e(  9 -  9) =      6.03929  eV     1   --> A''            
     e( 10 - 10) =      6.08081  eV     1   --> A'             
     e( 11 - 11) =     13.60489  eV     1   --> A'             
     e( 12 - 12) =     17.60573  eV     1   --> A'             
     e( 13 - 13) =     20.31211  eV     1   --> A'             
     e( 14 - 14) =     20.32450  eV     1   --> A''            

 **************************************************************************

 **************************************************************************

                    xk=(   0.02885,   0.01665,   0.00000  )

     Band symmetry, C_s (m)     point group:

     e(  1 -  1) =    -90.50093  eV     1   --> A'             
     e(  2 -  2) =    -90.49848  eV     1   --> A'             
     e(  3 -  3) =    -12.44670  eV     1   --> A'             
     e(  4 -  4) =    -10.68252  eV     1   --> A'             
     e(  5 -  5) =     -0.04398  eV     1   --> A'             
     e(  6 -  6) =      5.04759  eV     1   --> A'             
     e(  7 -  7) =      5.07106  eV     1   --> A''            
     e(  8 -  8) =      5.99455  eV     1   --> A'             
     e(  9 -  9) =      6.03600  eV     1   --> A''            
     e( 10 - 10) =      6.07688  eV     1   --> A'             
     e( 11 - 11) =     13.62528  eV     1   --> A'             
     e( 12 - 12) =     17.62582  eV     1   --> A'             
     e( 13 - 13) =     20.31011  eV     1   --> A'             
     e( 14 - 14) =     20.33819  eV     1   --> A''            

 **************************************************************************

 **************************************************************************

                    xk=(   0.03846,   0.02221,   0.00000  )

     Band symmetry, C_s (m)     point group:

     e(  1 -  1) =    -90.50092  eV     1   --> A'             
     e(  2 -  2) =    -90.49847  eV     1   --> A'             
     e(  3 -  3) =    -12.43915  eV     1   --> A'             
     e(  4 -  4) =    -10.67841  eV     1   --> A'             
     e(  5 -  5) =     -0.03454  eV     1   --> A'             
     e(  6 -  6) =      5.01583  eV     1   --> A'             
     e(  7 -  7) =      5.05752  eV     1   --> A''            
     e(  8 -  8) =      5.95847  eV     1   --> A'             
     e(  9 -  9) =      6.03137  eV     1   --> A''            
     e( 10 - 10) =      6.07130  eV     1   --> A'             
     e( 11 - 11) =     13.65347  eV     1   --> A'             
     e( 12 - 12) =     17.65362  eV     1   --> A'             
     e( 13 - 13) =     20.30663  eV     1   --> A'             
     e( 14 - 14) =     20.35720  eV     1   --> A''            

 **************************************************************************

 **************************************************************************

                    xk=(   0.04808,   0.02776,   0.00000  )

     Band symmetry, C_s (m)     point group:

     e(  1 -  1) =    -90.50090  eV     1   --> A'             
     e(  2 -  2) =    -90.49847  eV     1   --> A'             
     e(  3 -  3) =    -12.42945  eV     1   --> A'             
     e(  4 -  4) =    -10.67316  eV     1   --> A'             
     e(  5 -  5) =     -0.02242  eV     1   --> A'             
     e(  6 -  6) =      4.97525  eV     1   --> A'             
     e(  7 -  7) =      5.04032  eV     1   --> A''            
     e(  8 -  8) =      5.91290  eV     1   --> A'             
     e(  9 -  9) =      6.02538  eV     1   --> A''            
     e( 10 - 10) =      6.06407  eV     1   --> A'             
     e( 11 - 11) =     13.68907  eV     1   --> A'             
     e( 12 - 12) =     17.68877  eV     1   --> A'             
     e( 13 - 13) =     20.30076  eV     1   --> A'             
     e( 14 - 14) =     20.38134  eV     1   --> A''            

 **************************************************************************

 **************************************************************************

                    xk=(   0.05769,   0.03331,   0.00000  )

     Band symmetry, C_s (m)     point group:

     e(  1 -  1) =    -90.50088  eV     1   --> A'             
     e(  2 -  2) =    -90.49846  eV     1   --> A'             
     e(  3 -  3) =    -12.41763  eV     1   --> A'             
     e(  4 -  4) =    -10.66678  eV     1   --> A'             
     e(  5 -  5) =     -0.00763  eV     1   --> A'             
     e(  6 -  6) =      4.92605  eV     1   --> A'             
     e(  7 -  7) =      5.01961  eV     1   --> A''            
     e(  8 -  8) =      5.85835  eV     1   --> A'             
     e(  9 -  9) =      6.01801  eV     1   --> A''            
     e( 10 - 10) =      6.05521  eV     1   --> A'             
     e( 11 - 11) =     13.73166  eV     1   --> A'             
     e( 12 - 12) =     17.73082  eV     1   --> A'             
     e( 13 - 13) =     20.29078  eV     1   --> A'             
     e( 14 - 14) =     20.41040  eV     1   --> A''            

 **************************************************************************

 **************************************************************************

                    xk=(   0.06731,   0.03886,   0.00000  )

     Band symmetry, C_s (m)     point group:

     e(  1 -  1) =    -90.50085  eV     1   --> A'             
     e(  2 -  2) =    -90.49844  eV     1   --> A'             
     e(  3 -  3) =    -12.40369  eV     1   --> A'             
     e(  4 -  4) =    -10.65930  eV     1   --> A'             
     e(  5 -  5) =      0.00980  eV     1   --> A'             
     e(  6 -  6) =      4.86846  eV     1   --> A'             
     e(  7 -  7) =      4.99556  eV     1   --> A''            
     e(  8 -  8) =      5.79544  eV     1   --> A'             
     e(  9 -  9) =      6.00924  eV     1   --> A''            
     e( 10 - 10) =      6.04470  eV     1   --> A'             
     e( 11 - 11) =     13.78075  eV     1   --> A'             
     e( 12 - 12) =     17.77925  eV     1   --> A'             
     e( 13 - 13) =     20.27370  eV     1   --> A'             
     e( 14 - 14) =     20.44410  eV     1   --> A''            

 **************************************************************************

 **************************************************************************

                    xk=(   0.07692,   0.04441,   0.00000  )

     Band symmetry, C_s (m)     point group:

     e(  1 -  1) =    -90.50083  eV     1   --> A'             
     e(  2 -  2) =    -90.49843  eV     1   --> A'             
     e(  3 -  3) =    -12.38767  eV     1   --> A'             
     e(  4 -  4) =    -10.65075  eV     1   --> A'             
     e(  5 -  5) =      0.02987  eV     1   --> A'             
     e(  6 -  6) =      4.80277  eV     1   --> A'             
     e(  7 -  7) =      4.96835  eV     1   --> A''            
     e(  8 -  8) =      5.72480  eV     1   --> A'             
     e(  9 -  9) =      5.99905  eV     1   --> A''            
     e( 10 - 10) =      6.03255  eV     1   --> A'             
     e( 11 - 11) =     13.83578  eV     1   --> A'             
     e( 12 - 12) =     17.83338  eV     1   --> A'             
     e( 13 - 13) =     20.24498  eV     1   --> A'             
     e( 14 - 14) =     20.47154  eV     1   --> A'             

 **************************************************************************

 **************************************************************************

                    xk=(   0.08654,   0.04996,   0.00000  )

     Band symmetry, C_s (m)     point group:

     e(  1 -  1) =    -90.50079  eV     1   --> A'             
     e(  2 -  2) =    -90.49842  eV     1   --> A'             
     e(  3 -  3) =    -12.36957  eV     1   --> A'             
     e(  4 -  4) =    -10.64117  eV     1   --> A'             
     e(  5 -  5) =      0.05253  eV     1   --> A'             
     e(  6 -  6) =      4.72929  eV     1   --> A'             
     e(  7 -  7) =      4.93818  eV     1   --> A''            
     e(  8 -  8) =      5.64712  eV     1   --> A'             
     e(  9 -  9) =      5.98745  eV     1   --> A''            
     e( 10 - 10) =      6.01875  eV     1   --> A'             
     e( 11 - 11) =     13.89619  eV     1   --> A'             
     e( 12 - 12) =     17.89245  eV     1   --> A'             
     e( 13 - 13) =     20.20051  eV     1   --> A'             
     e( 14 - 14) =     20.43952  eV     1   --> A'             

 **************************************************************************

 **************************************************************************

                    xk=(   0.09615,   0.05551,   0.00000  )

     Band symmetry, C_s (m)     point group:

     e(  1 -  1) =    -90.50076  eV     1   --> A'             
     e(  2 -  2) =    -90.49840  eV     1   --> A'             
     e(  3 -  3) =    -12.34944  eV     1   --> A'             
     e(  4 -  4) =    -10.63059  eV     1   --> A'             
     e(  5 -  5) =      0.07776  eV     1   --> A'             
     e(  6 -  6) =      4.64840  eV     1   --> A'             
     e(  7 -  7) =      4.90528  eV     1   --> A''            
     e(  8 -  8) =      5.56311  eV     1   --> A'             
     e(  9 -  9) =      5.97442  eV     1   --> A''            
     e( 10 - 10) =      6.00330  eV     1   --> A'             
     e( 11 - 11) =     13.96137  eV     1   --> A'             
     e( 12 - 12) =     17.95559  eV     1   --> A'             
     e( 13 - 13) =     20.14011  eV     1   --> A'             
     e( 14 - 14) =     20.41908  eV     1   --> A'             

 **************************************************************************

 **************************************************************************

                    xk=(   0.10577,   0.06107,   0.00000  )

     Band symmetry, C_s (m)     point group:

     e(  1 -  1) =    -90.50072  eV     1   --> A'             
     e(  2 -  2) =    -90.49838  eV     1   --> A'             
     e(  3 -  3) =    -12.32730  eV     1   --> A'             
     e(  4 -  4) =    -10.61905  eV     1   --> A'             
     e(  5 -  5) =      0.10553  eV     1   --> A'             
     e(  6 -  6) =      4.56051  eV     1   --> A'             
     e(  7 -  7) =      4.86987  eV     1   --> A''            
     e(  8 -  8) =      5.47346  eV     1   --> A'             
     e(  9 -  9) =      5.95999  eV     1   --> A''            
     e( 10 - 10) =      5.98617  eV     1   --> A'             
     e( 11 - 11) =     14.03074  eV     1   --> A'             
     e( 12 - 12) =     18.02178  eV     1   --> A'             
     e( 13 - 13) =     20.06716  eV     1   --> A'             
     e( 14 - 14) =     20.40774  eV     1   --> A'             

 **************************************************************************

 **************************************************************************

                    xk=(   0.11538,   0.06662,   0.00000  )

     Band symmetry, C_s (m)     point group:

     e(  1 -  1) =    -90.50068  eV     1   --> A'             
     e(  2 -  2) =    -90.49836  eV     1   --> A'             
     e(  3 -  3) =    -12.30318  eV     1   --> A'             
     e(  4 -  4) =    -10.60661  eV     1   --> A'             
     e(  5 -  5) =      0.13580  eV     1   --> A'             
     e(  6 -  6) =      4.46607  eV     1   --> A'             
     e(  7 -  7) =      4.83216  eV     1   --> A''            
     e(  8 -  8) =      5.37884  eV     1   --> A'             
     e(  9 -  9) =      5.94417  eV     1   --> A''            
     e( 10 - 10) =      5.96736  eV     1   --> A'             
     e( 11 - 11) =     14.10369  eV     1   --> A'             
     e( 12 - 12) =     18.08990  eV     1   --> A'             
     e( 13 - 13) =     19.98531  eV     1   --> A'             
     e( 14 - 14) =     20.40278  eV     1   --> A'             

 **************************************************************************

 **************************************************************************

                    xk=(   0.12500,   0.07217,   0.00000  )

     Band symmetry, C_s (m)     point group:

     e(  1 -  1) =    -90.50064  eV     1   --> A'             
     e(  2 -  2) =    -90.49834  eV     1   --> A'             
     e(  3 -  3) =    -12.27712  eV     1   --> A'             
     e(  4 -  4) =    -10.59332  eV     1   --> A'             
     e(  5 -  5) =      0.16852  eV     1   --> A'             
     e(  6 -  6) =      4.36558  eV     1   --> A'             
     e(  7 -  7) =      4.79240  eV     1   --> A''            
     e(  8 -  8) =      5.27989  eV     1   --> A'             
     e(  9 -  9) =      5.92700  eV     1   --> A''            
     e( 10 - 10) =      5.94684  eV     1   --> A'             
     e( 11 - 11) =     14.17966  eV     1   --> A'             
     e( 12 - 12) =     18.15869  eV     1   --> A'             
     e( 13 - 13) =     19.89704  eV     1   --> A'             
     e( 14 - 14) =     20.40271  eV     1   --> A'             

 **************************************************************************

 **************************************************************************

                    xk=(   0.13462,   0.07772,   0.00000  )

     Band symmetry, C_s (m)     point group:

     e(  1 -  1) =    -90.50059  eV     1   --> A'             
     e(  2 -  2) =    -90.49832  eV     1   --> A'             
     e(  3 -  3) =    -12.24916  eV     1   --> A'             
     e(  4 -  4) =    -10.57924  eV     1   --> A'             
     e(  5 -  5) =      0.20363  eV     1   --> A'             
     e(  6 -  6) =      4.25956  eV     1   --> A'             
     e(  7 -  7) =      4.75080  eV     1   --> A''            
     e(  8 -  8) =      5.17722  eV     1   --> A'             
     e(  9 -  9) =      5.90852  eV     1   --> A''            
     e( 10 - 10) =      5.92461  eV     1   --> A'             
     e( 11 - 11) =     14.25805  eV     1   --> A'             
     e( 12 - 12) =     18.22678  eV     1   --> A'             
     e( 13 - 13) =     19.80386  eV     1   --> A'             
     e( 14 - 14) =     20.40711  eV     1   --> A'             

 **************************************************************************

 **************************************************************************

                    xk=(   0.14423,   0.08327,   0.00000  )

     Band symmetry, C_s (m)     point group:

     e(  1 -  1) =    -90.50054  eV     1   --> A'             
     e(  2 -  2) =    -90.49830  eV     1   --> A'             
     e(  3 -  3) =    -12.21935  eV     1   --> A'             
     e(  4 -  4) =    -10.56443  eV     1   --> A'             
     e(  5 -  5) =      0.24108  eV     1   --> A'             
     e(  6 -  6) =      4.14858  eV     1   --> A'             
     e(  7 -  7) =      4.70760  eV     1   --> A''            
     e(  8 -  8) =      5.07140  eV     1   --> A'             
     e(  9 -  9) =      5.88879  eV     1   --> A''            
     e( 10 - 10) =      5.90064  eV     1   --> A'             
     e( 11 - 11) =     14.33834  eV     1   --> A'             
     e( 12 - 12) =     18.29272  eV     1   --> A'             
     e( 13 - 13) =     19.70666  eV     1   --> A'             
     e( 14 - 14) =     20.41627  eV     1   --> A'             

 **************************************************************************

 **************************************************************************

                    xk=(   0.15385,   0.08882,   0.00000  )

     Band symmetry, C_s (m)     point group:

     e(  1 -  1) =    -90.50049  eV     1   --> A'             
     e(  2 -  2) =    -90.49828  eV     1   --> A'             
     e(  3 -  3) =    -12.18773  eV     1   --> A'             
     e(  4 -  4) =    -10.54896  eV     1   --> A'             
     e(  5 -  5) =      0.28079  eV     1   --> A'             
     e(  6 -  6) =      4.03324  eV     1   --> A'             
     e(  7 -  7) =      4.66301  eV     1   --> A''            
     e(  8 -  8) =      4.96295  eV     1   --> A'             
     e(  9 -  9) =      5.86789  eV     1   --> A''            
     e( 10 - 10) =      5.87492  eV     1   --> A'             
     e( 11 - 11) =     14.41997  eV     1   --> A'             
     e( 12 - 12) =     18.35499  eV     1   --> A'             
     e( 13 - 13) =     19.60603  eV     1   --> A'             
     e( 14 - 14) =     20.43089  eV     1   --> A'             

 **************************************************************************

 **************************************************************************

                    xk=(   0.16346,   0.09437,   0.00000  )

     Band symmetry, C_s (m)     point group:

     e(  1 -  1) =    -90.50043  eV     1   --> A'             
     e(  2 -  2) =    -90.49825  eV     1   --> A'             
     e(  3 -  3) =    -12.15435  eV     1   --> A'             
     e(  4 -  4) =    -10.53290  eV     1   --> A'             
     e(  5 -  5) =      0.32267  eV     1   --> A'             
     e(  6 -  6) =      3.91415  eV     1   --> A'             
     e(  7 -  7) =      4.61726  eV     1   --> A''            
     e(  8 -  8) =      4.85236  eV     1   --> A'             
     e(  9 -  9) =      5.84588  eV     1   --> A''            
     e( 10 - 10) =      5.84741  eV     1   --> A'             
     e( 11 - 11) =     14.50245  eV     1   --> A'             
     e( 12 - 12) =     18.41212  eV     1   --> A'             
     e( 13 - 13) =     19.50238  eV     1   --> A'             
     e( 14 - 14) =     20.45192  eV     1   --> A'             

 **************************************************************************

 **************************************************************************

                    xk=(   0.17308,   0.09993,   0.00000  )

     Band symmetry, C_s (m)     point group:

     e(  1 -  1) =    -90.50037  eV     1   --> A'             
     e(  2 -  2) =    -90.49823  eV     1   --> A'             
     e(  3 -  3) =    -12.11928  eV     1   --> A'             
     e(  4 -  4) =    -10.51634  eV     1   --> A'             
     e(  5 -  5) =      0.36663  eV     1   --> A'             
     e(  6 -  6) =      3.79195  eV     1   --> A'             
     e(  7 -  7) =      4.57056  eV     1   --> A''            
     e(  8 -  8) =      4.74006  eV     1   --> A'             
     e(  9 -  9) =      5.81810  eV     1   --> A'             
     e( 10 - 10) =      5.82286  eV     1   --> A''            
     e( 11 - 11) =     14.58528  eV     1   --> A'             
     e( 12 - 12) =     18.46271  eV     1   --> A'             
     e( 13 - 13) =     19.39611  eV     1   --> A'             
     e( 14 - 14) =     20.48028  eV     1   --> A'             

 **************************************************************************

 **************************************************************************

                    xk=(   0.18269,   0.10548,   0.00000  )

     Band symmetry, C_s (m)     point group:

     e(  1 -  1) =    -90.50031  eV     1   --> A'             
     e(  2 -  2) =    -90.49820  eV     1   --> A'             
     e(  3 -  3) =    -12.08257  eV     1   --> A'             
     e(  4 -  4) =    -10.49934  eV     1   --> A'             
     e(  5 -  5) =      0.41255  eV     1   --> A'             
     e(  6 -  6) =      3.66728  eV     1   --> A'             
     e(  7 -  7) =      4.52310  eV     1   --> A''            
     e(  8 -  8) =      4.62647  eV     1   --> A'             
     e(  9 -  9) =      5.78698  eV     1   --> A'             
     e( 10 - 10) =      5.79892  eV     1   --> A''            
     e( 11 - 11) =     14.66799  eV     1   --> A'             
     e( 12 - 12) =     18.50550  eV     1   --> A'             
     e( 13 - 13) =     19.28771  eV     1   --> A'             
     e( 14 - 14) =     20.51675  eV     1   --> A'             

 **************************************************************************

 **************************************************************************

                    xk=(   0.19231,   0.11103,   0.00000  )

     Band symmetry, C_s (m)     point group:

     e(  1 -  1) =    -90.50025  eV     1   --> A'             
     e(  2 -  2) =    -90.49818  eV     1   --> A'             
     e(  3 -  3) =    -12.04430  eV     1   --> A'             
     e(  4 -  4) =    -10.48200  eV     1   --> A'             
     e(  5 -  5) =      0.46030  eV     1   --> A'             
     e(  6 -  6) =      3.54082  eV     1   --> A'             
     e(  7 -  7) =      4.47511  eV     1   --> A''            
     e(  8 -  8) =      4.51197  eV     1   --> A'             
     e(  9 -  9) =      5.75400  eV     1   --> A'             
     e( 10 - 10) =      5.77416  eV     1   --> A''            
     e( 11 - 11) =     14.75010  eV     1   --> A'             
     e( 12 - 12) =     18.53934  eV     1   --> A'             
     e( 13 - 13) =     19.17800  eV     1   --> A'             
     e( 14 - 14) =     20.56174  eV     1   --> A'             

 **************************************************************************

 **************************************************************************

                    xk=(   0.20192,   0.11658,   0.00000  )

     Band symmetry, C_s (m)     point group:

     e(  1 -  1) =    -90.50019  eV     1   --> A'             
     e(  2 -  2) =    -90.49815  eV     1   --> A'             
     e(  3 -  3) =    -12.00452  eV     1   --> A'             
     e(  4 -  4) =    -10.46442  eV     1   --> A'             
     e(  5 -  5) =      0.50970  eV     1   --> A'             
     e(  6 -  6) =      3.41325  eV     1   --> A'             
     e(  7 -  7) =      4.39692  eV     1   --> A'             
     e(  8 -  8) =      4.42676  eV     1   --> A''            
     e(  9 -  9) =      5.71917  eV     1   --> A'             
     e( 10 - 10) =      5.74869  eV     1   --> A''            
     e( 11 - 11) =     14.83118  eV     1   --> A'             
     e( 12 - 12) =     18.56284  eV     1   --> A'             
     e( 13 - 13) =     19.06847  eV     1   --> A'             
     e( 14 - 14) =     20.61520  eV     1   --> A'             

 **************************************************************************

 **************************************************************************

                    xk=(   0.21154,   0.12213,   0.00000  )

     Band symmetry, C_s (m)     point group:

     e(  1 -  1) =    -90.50012  eV     1   --> A'             
     e(  2 -  2) =    -90.49813  eV     1   --> A'             
     e(  3 -  3) =    -11.96332  eV     1   --> A'             
     e(  4 -  4) =    -10.44668  eV     1   --> A'             
     e(  5 -  5) =      0.56056  eV     1   --> A'             
     e(  6 -  6) =      3.28526  eV     1   --> A'             
     e(  7 -  7) =      4.28167  eV     1   --> A'             
     e(  8 -  8) =      4.37824  eV     1   --> A''            
     e(  9 -  9) =      5.68245  eV     1   --> A'             
     e( 10 - 10) =      5.72262  eV     1   --> A''            
     e( 11 - 11) =     14.91078  eV     1   --> A'             
     e( 12 - 12) =     18.57353  eV     1   --> A'             
     e( 13 - 13) =     18.96229  eV     1   --> A'             
     e( 14 - 14) =     20.67655  eV     1   --> A'             

 **************************************************************************

 **************************************************************************

                    xk=(   0.22115,   0.12768,   0.00000  )

     Band symmetry, C_s (m)     point group:

     e(  1 -  1) =    -90.50006  eV     1   --> A'             
     e(  2 -  2) =    -90.49810  eV     1   --> A'             
     e(  3 -  3) =    -11.92078  eV     1   --> A'             
     e(  4 -  4) =    -10.42889  eV     1   --> A'             
     e(  5 -  5) =      0.61262  eV     1   --> A'             
     e(  6 -  6) =      3.15759  eV     1   --> A'             
     e(  7 -  7) =      4.16654  eV     1   --> A'             
     e(  8 -  8) =      4.32973  eV     1   --> A''            
     e(  9 -  9) =      5.64384  eV     1   --> A'             
     e( 10 - 10) =      5.69605  eV     1   --> A''            
     e( 11 - 11) =     14.98849  eV     1   --> A'             
     e( 12 - 12) =     18.56556  eV     1   --> A'             
     e( 13 - 13) =     18.86641  eV     1   --> A'             
     e( 14 - 14) =     20.74467  eV     1   --> A'             

 **************************************************************************

 **************************************************************************

                    xk=(   0.23077,   0.13323,   0.00000  )

     Band symmetry, C_s (m)     point group:

     e(  1 -  1) =    -90.49999  eV     1   --> A'             
     e(  2 -  2) =    -90.49807  eV     1   --> A'             
     e(  3 -  3) =    -11.87698  eV     1   --> A'             
     e(  4 -  4) =    -10.41115  eV     1   --> A'             
     e(  5 -  5) =      0.66558  eV     1   --> A'             
     e(  6 -  6) =      3.03098  eV     1   --> A'             
     e(  7 -  7) =      4.05184  eV     1   --> A'             
     e(  8 -  8) =      4.28140  eV     1   --> A''            
     e(  9 -  9) =      5.60331  eV     1   --> A'             
     e( 10 - 10) =      5.66911  eV     1   --> A''            
     e( 11 - 11) =     15.06389  eV     1   --> A'             
     e( 12 - 12) =     18.52772  eV     1   --> A'             
     e( 13 - 13) =     18.79354  eV     1   --> A'             
     e( 14 - 14) =     20.81797  eV     1   --> A'             

 **************************************************************************

 **************************************************************************

                    xk=(   0.24038,   0.13879,   0.00000  )

     Band symmetry, C_s (m)     point group:

     e(  1 -  1) =    -90.49992  eV     1   --> A'             
     e(  2 -  2) =    -90.49805  eV     1   --> A'             
     e(  3 -  3) =    -11.83201  eV     1   --> A'             
     e(  4 -  4) =    -10.39356  eV     1   --> A'             
     e(  5 -  5) =      0.71905  eV     1   --> A'             
     e(  6 -  6) =      2.90628  eV     1   --> A'             
     e(  7 -  7) =      3.93788  eV     1   --> A'             
     e(  8 -  8) =      4.23342  eV     1   --> A''            
     e(  9 -  9) =      5.56086  eV     1   --> A'             
     e( 10 - 10) =      5.64191  eV     1   --> A''            
     e( 11 - 11) =     15.13661  eV     1   --> A'             
     e( 12 - 12) =     18.45323  eV     1   --> A'             
     e( 13 - 13) =     18.75216  eV     1   --> A'             
     e( 14 - 14) =     20.89450  eV     1   --> A'             

 **************************************************************************

 **************************************************************************

                    xk=(   0.25000,   0.14434,   0.00000  )

     Band symmetry, C_s (m)     point group:

     e(  1 -  1) =    -90.49985  eV     1   --> A'             
     e(  2 -  2) =    -90.49802  eV     1   --> A'             
     e(  3 -  3) =    -11.78598  eV     1   --> A'             
     e(  4 -  4) =    -10.37624  eV     1   --> A'             
     e(  5 -  5) =      0.77253  eV     1   --> A'             
     e(  6 -  6) =      2.78437  eV     1   --> A'             
     e(  7 -  7) =      3.82495  eV     1   --> A'             
     e(  8 -  8) =      4.18594  eV     1   --> A''            
     e(  9 -  9) =      5.51648  eV     1   --> A'             
     e( 10 - 10) =      5.61457  eV     1   --> A''            
     e( 11 - 11) =     15.20626  eV     1   --> A'             
     e( 12 - 12) =     18.35244  eV     1   --> A'             
     e( 13 - 13) =     18.73373  eV     1   --> A'             
     e( 14 - 14) =     20.97203  eV     1   --> A'             

 **************************************************************************

 **************************************************************************

                    xk=(   0.25962,   0.14989,   0.00000  )

     Band symmetry, C_s (m)     point group:

     e(  1 -  1) =    -90.49978  eV     1   --> A'             
     e(  2 -  2) =    -90.49800  eV     1   --> A'             
     e(  3 -  3) =    -11.73899  eV     1   --> A'             
     e(  4 -  4) =    -10.35931  eV     1   --> A'             
     e(  5 -  5) =      0.82536  eV     1   --> A'             
     e(  6 -  6) =      2.66628  eV     1   --> A'             
     e(  7 -  7) =      3.71334  eV     1   --> A'             
     e(  8 -  8) =      4.13911  eV     1   --> A''            
     e(  9 -  9) =      5.47019  eV     1   --> A'             
     e( 10 - 10) =      5.58720  eV     1   --> A''            
     e( 11 - 11) =     15.27252  eV     1   --> A'             
     e( 12 - 12) =     18.23863  eV     1   --> A'             
     e( 13 - 13) =     18.72678  eV     1   --> A'             
     e( 14 - 14) =     21.04814  eV     1   --> A'             

 **************************************************************************

 **************************************************************************

                    xk=(   0.26923,   0.15544,   0.00000  )

     Band symmetry, C_s (m)     point group:

     e(  1 -  1) =    -90.49971  eV     1   --> A'             
     e(  2 -  2) =    -90.49797  eV     1   --> A'             
     e(  3 -  3) =    -11.69114  eV     1   --> A'             
     e(  4 -  4) =    -10.34286  eV     1   --> A'             
     e(  5 -  5) =      0.87668  eV     1   --> A'             
     e(  6 -  6) =      2.55321  eV     1   --> A'             
     e(  7 -  7) =      3.60334  eV     1   --> A'             
     e(  8 -  8) =      4.09307  eV     1   --> A''            
     e(  9 -  9) =      5.42197  eV     1   --> A'             
     e( 10 - 10) =      5.55992  eV     1   --> A''            
     e( 11 - 11) =     15.33506  eV     1   --> A'             
     e( 12 - 12) =     18.11895  eV     1   --> A'             
     e( 13 - 13) =     18.72590  eV     1   --> A'             
     e( 14 - 14) =     21.12035  eV     1   --> A'             

 **************************************************************************

 **************************************************************************

                    xk=(   0.27885,   0.16099,   0.00000  )

     Band symmetry, C_s (m)     point group:

     e(  1 -  1) =    -90.49964  eV     1   --> A'             
     e(  2 -  2) =    -90.49795  eV     1   --> A'             
     e(  3 -  3) =    -11.64256  eV     1   --> A'             
     e(  4 -  4) =    -10.32703  eV     1   --> A'             
     e(  5 -  5) =      0.92536  eV     1   --> A'             
     e(  6 -  6) =      2.44663  eV     1   --> A'             
     e(  7 -  7) =      3.49523  eV     1   --> A'             
     e(  8 -  8) =      4.04795  eV     1   --> A''            
     e(  9 -  9) =      5.37186  eV     1   --> A'             
     e( 10 - 10) =      5.53284  eV     1   --> A''            
     e( 11 - 11) =     15.39364  eV     1   --> A'             
     e( 12 - 12) =     17.99684  eV     1   --> A'             
     e( 13 - 13) =     18.72922  eV     1   --> A'             
     e( 14 - 14) =     21.18624  eV     1   --> A'             

 **************************************************************************

 **************************************************************************

                    xk=(   0.28846,   0.16654,   0.00000  )

     Band symmetry, C_s (m)     point group:

     e(  1 -  1) =    -90.49957  eV     1   --> A'             
     e(  2 -  2) =    -90.49793  eV     1   --> A'             
     e(  3 -  3) =    -11.59336  eV     1   --> A'             
     e(  4 -  4) =    -10.31192  eV     1   --> A'             
     e(  5 -  5) =      0.96989  eV     1   --> A'             
     e(  6 -  6) =      2.34833  eV     1   --> A'             
     e(  7 -  7) =      3.38928  eV     1   --> A'             
     e(  8 -  8) =      4.00389  eV     1   --> A''            
     e(  9 -  9) =      5.31988  eV     1   --> A'             
     e( 10 - 10) =      5.50607  eV     1   --> A''            
     e( 11 - 11) =     15.44804  eV     1   --> A'             
     e( 12 - 12) =     17.87418  eV     1   --> A'             
     e( 13 - 13) =     18.73628  eV     1   --> A'             
     e( 14 - 14) =     21.24366  eV     1   --> A'             

 **************************************************************************

 **************************************************************************

                    xk=(   0.29808,   0.17209,   0.00000  )

     Band symmetry, C_s (m)     point group:

     e(  1 -  1) =    -90.49950  eV     1   --> A'             
     e(  2 -  2) =    -90.49791  eV     1   --> A'             
     e(  3 -  3) =    -11.54369  eV     1   --> A'             
     e(  4 -  4) =    -10.29765  eV     1   --> A'             
     e(  5 -  5) =      1.00831  eV     1   --> A'             
     e(  6 -  6) =      2.26052  eV     1   --> A'             
     e(  7 -  7) =      3.28578  eV     1   --> A'             
     e(  8 -  8) =      3.96099  eV     1   --> A''            
     e(  9 -  9) =      5.26607  eV     1   --> A'             
     e( 10 - 10) =      5.47971  eV     1   --> A''            
     e( 11 - 11) =     15.49811  eV     1   --> A'             
     e( 12 - 12) =     17.75218  eV     1   --> A'             
     e( 13 - 13) =     18.74708  eV     1   --> A'             
     e( 14 - 14) =     21.29088  eV     1   --> A'             

 **************************************************************************

 **************************************************************************

                    xk=(   0.30769,   0.17765,   0.00000  )

     Band symmetry, C_s (m)     point group:

     e(  1 -  1) =    -90.49944  eV     1   --> A'             
     e(  2 -  2) =    -90.49789  eV     1   --> A'             
     e(  3 -  3) =    -11.49367  eV     1   --> A'             
     e(  4 -  4) =    -10.28433  eV     1   --> A'             
     e(  5 -  5) =      1.03822  eV     1   --> A'             
     e(  6 -  6) =      2.18583  eV     1   --> A'             
     e(  7 -  7) =      3.18499  eV     1   --> A'             
     e(  8 -  8) =      3.91939  eV     1   --> A''            
     e(  9 -  9) =      5.21048  eV     1   --> A'             
     e( 10 - 10) =      5.45386  eV     1   --> A''            
     e( 11 - 11) =     15.54376  eV     1   --> A'             
     e( 12 - 12) =     17.63176  eV     1   --> A'             
     e( 13 - 13) =     18.76177  eV     1   --> A'             
     e( 14 - 14) =     21.32682  eV     1   --> A'             

 **************************************************************************

 **************************************************************************

                    xk=(   0.31731,   0.18320,   0.00000  )

     Band symmetry, C_s (m)     point group:

     e(  1 -  1) =    -90.49937  eV     1   --> A'             
     e(  2 -  2) =    -90.49787  eV     1   --> A'             
     e(  3 -  3) =    -11.44346  eV     1   --> A'             
     e(  4 -  4) =    -10.27207  eV     1   --> A'             
     e(  5 -  5) =      1.05697  eV     1   --> A'             
     e(  6 -  6) =      2.12709  eV     1   --> A'             
     e(  7 -  7) =      3.08718  eV     1   --> A'             
     e(  8 -  8) =      3.87917  eV     1   --> A''            
     e(  9 -  9) =      5.15319  eV     1   --> A'             
     e( 10 - 10) =      5.42864  eV     1   --> A''            
     e( 11 - 11) =     15.58498  eV     1   --> A'             
     e( 12 - 12) =     17.51364  eV     1   --> A'             
     e( 13 - 13) =     18.78042  eV     1   --> A'             
     e( 14 - 14) =     21.35109  eV     1   --> A'             

 **************************************************************************

 **************************************************************************

                    xk=(   0.32692,   0.18875,   0.00000  )

     Band symmetry, C_s (m)     point group:

     e(  1 -  1) =    -90.49930  eV     1   --> A'             
     e(  2 -  2) =    -90.49785  eV     1   --> A'             
     e(  3 -  3) =    -11.39321  eV     1   --> A'             
     e(  4 -  4) =    -10.26097  eV     1   --> A'             
     e(  5 -  5) =      1.06218  eV     1   --> A'             
     e(  6 -  6) =      2.08683  eV     1   --> A'             
     e(  7 -  7) =      2.99262  eV     1   --> A'             
     e(  8 -  8) =      3.84045  eV     1   --> A''            
     e(  9 -  9) =      5.09427  eV     1   --> A'             
     e( 10 - 10) =      5.40412  eV     1   --> A''            
     e( 11 - 11) =     15.62183  eV     1   --> A'             
     e( 12 - 12) =     17.39844  eV     1   --> A'             
     e( 13 - 13) =     18.80307  eV     1   --> A'             
     e( 14 - 14) =     21.36403  eV     1   --> A'             

 **************************************************************************

 **************************************************************************

                    xk=(   0.33654,   0.19430,   0.00000  )

     Band symmetry, C_s (m)     point group:

     e(  1 -  1) =    -90.49923  eV     1   --> A'             
     e(  2 -  2) =    -90.49784  eV     1   --> A'             
     e(  3 -  3) =    -11.34309  eV     1   --> A'             
     e(  4 -  4) =    -10.25113  eV     1   --> A'             
     e(  5 -  5) =      1.05259  eV     1   --> A'             
     e(  6 -  6) =      2.06643  eV     1   --> A'             
     e(  7 -  7) =      2.90160  eV     1   --> A'             
     e(  8 -  8) =      3.80331  eV     1   --> A''            
     e(  9 -  9) =      5.03386  eV     1   --> A'             
     e( 10 - 10) =      5.38041  eV     1   --> A''            
     e( 11 - 11) =     15.65444  eV     1   --> A'             
     e( 12 - 12) =     17.28672  eV     1   --> A'             
     e( 13 - 13) =     18.82960  eV     1   --> A'             
     e( 14 - 14) =     21.36657  eV     1   --> A'             

 **************************************************************************

 **************************************************************************

                    xk=(   0.34615,   0.19985,   0.00000  )

     Band symmetry, C_s (m)     point group:

     e(  1 -  1) =    -90.49917  eV     1   --> A'             
     e(  2 -  2) =    -90.49782  eV     1   --> A'             
     e(  3 -  3) =    -11.29327  eV     1   --> A'             
     e(  4 -  4) =    -10.24264  eV     1   --> A'             
     e(  5 -  5) =      1.02866  eV     1   --> A'             
     e(  6 -  6) =      2.06548  eV     1   --> A'             
     e(  7 -  7) =      2.81439  eV     1   --> A'             
     e(  8 -  8) =      3.76785  eV     1   --> A''            
     e(  9 -  9) =      4.97208  eV     1   --> A'             
     e( 10 - 10) =      5.35759  eV     1   --> A''            
     e( 11 - 11) =     15.68301  eV     1   --> A'             
     e( 12 - 12) =     17.17895  eV     1   --> A'             
     e( 13 - 13) =     18.85979  eV     1   --> A'             
     e( 14 - 14) =     21.36002  eV     1   --> A'             

 **************************************************************************

 **************************************************************************

                    xk=(   0.35577,   0.20540,   0.00000  )

     Band symmetry, C_s (m)     point group:

     e(  1 -  1) =    -90.49911  eV     1   --> A'             
     e(  2 -  2) =    -90.49781  eV     1   --> A'             
     e(  3 -  3) =    -11.24395  eV     1   --> A'             
     e(  4 -  4) =    -10.23556  eV     1   --> A'             
     e(  5 -  5) =      0.99257  eV     1   --> A'             
     e(  6 -  6) =      2.08177  eV     1   --> A'             
     e(  7 -  7) =      2.73129  eV     1   --> A'             
     e(  8 -  8) =      3.73415  eV     1   --> A''            
     e(  9 -  9) =      4.90911  eV     1   --> A'             
     e( 10 - 10) =      5.33574  eV     1   --> A''            
     e( 11 - 11) =     15.70778  eV     1   --> A'             
     e( 12 - 12) =     17.07557  eV     1   --> A'             
     e( 13 - 13) =     18.89332  eV     1   --> A'             
     e( 14 - 14) =     21.34589  eV     1   --> A'             

 **************************************************************************

 **************************************************************************

                    xk=(   0.36538,   0.21095,   0.00000  )

     Band symmetry, C_s (m)     point group:

     e(  1 -  1) =    -90.49905  eV     1   --> A'             
     e(  2 -  2) =    -90.49780  eV     1   --> A'             
     e(  3 -  3) =    -11.19533  eV     1   --> A'             
     e(  4 -  4) =    -10.22995  eV     1   --> A'             
     e(  5 -  5) =      0.94747  eV     1   --> A'             
     e(  6 -  6) =      2.11203  eV     1   --> A'             
     e(  7 -  7) =      2.65267  eV     1   --> A'             
     e(  8 -  8) =      3.70227  eV     1   --> A''            
     e(  9 -  9) =      4.84515  eV     1   --> A'             
     e( 10 - 10) =      5.31494  eV     1   --> A''            
     e( 11 - 11) =     15.72905  eV     1   --> A'             
     e( 12 - 12) =     16.97698  eV     1   --> A'             
     e( 13 - 13) =     18.92974  eV     1   --> A'             
     e( 14 - 14) =     21.32569  eV     1   --> A'             

 **************************************************************************

 **************************************************************************

                    xk=(   0.37500,   0.21651,   0.00000  )

     Band symmetry, C_s (m)     point group:

     e(  1 -  1) =    -90.49899  eV     1   --> A'             
     e(  2 -  2) =    -90.49779  eV     1   --> A'             
     e(  3 -  3) =    -11.14761  eV     1   --> A'             
     e(  4 -  4) =    -10.22586  eV     1   --> A'             
     e(  5 -  5) =      0.89662  eV     1   --> A'             
     e(  6 -  6) =      2.15270  eV     1   --> A'             
     e(  7 -  7) =      2.57898  eV     1   --> A'             
     e(  8 -  8) =      3.67230  eV     1   --> A''            
     e(  9 -  9) =      4.78047  eV     1   --> A'             
     e( 10 - 10) =      5.29526  eV     1   --> A''            
     e( 11 - 11) =     15.74715  eV     1   --> A'             
     e( 12 - 12) =     16.88353  eV     1   --> A'             
     e( 13 - 13) =     18.96853  eV     1   --> A'             
     e( 14 - 14) =     21.30090  eV     1   --> A'             

 **************************************************************************

 **************************************************************************

                    xk=(   0.38462,   0.22206,   0.00000  )

     Band symmetry, C_s (m)     point group:

     e(  1 -  1) =    -90.49893  eV     1   --> A'             
     e(  2 -  2) =    -90.49778  eV     1   --> A'             
     e(  3 -  3) =    -11.10105  eV     1   --> A'             
     e(  4 -  4) =    -10.22330  eV     1   --> A'             
     e(  5 -  5) =      0.84289  eV     1   --> A'             
     e(  6 -  6) =      2.20014  eV     1   --> A'             
     e(  7 -  7) =      2.51109  eV     1   --> A'             
     e(  8 -  8) =      3.64430  eV     1   --> A''            
     e(  9 -  9) =      4.71537  eV     1   --> A'             
     e( 10 - 10) =      5.27676  eV     1   --> A''            
     e( 11 - 11) =     15.76244  eV     1   --> A'             
     e( 12 - 12) =     16.79555  eV     1   --> A'             
     e( 13 - 13) =     19.00908  eV     1   --> A'             
     e( 14 - 14) =     21.27283  eV     1   --> A'             

 **************************************************************************

 **************************************************************************

                    xk=(   0.39423,   0.22761,   0.00000  )

     Band symmetry, C_s (m)     point group:

     e(  1 -  1) =    -90.49888  eV     1   --> A'             
     e(  2 -  2) =    -90.49777  eV     1   --> A'             
     e(  3 -  3) =    -11.05589  eV     1   --> A'             
     e(  4 -  4) =    -10.22225  eV     1   --> A'             
     e(  5 -  5) =      0.78855  eV     1   --> A'             
     e(  6 -  6) =      2.24985  eV     1   --> A'             
     e(  7 -  7) =      2.45121  eV     1   --> A'             
     e(  8 -  8) =      3.61832  eV     1   --> A''            
     e(  9 -  9) =      4.65024  eV     1   --> A'             
     e( 10 - 10) =      5.25952  eV     1   --> A''            
     e( 11 - 11) =     15.77528  eV     1   --> A'             
     e( 12 - 12) =     16.71330  eV     1   --> A'             
     e( 13 - 13) =     19.05072  eV     1   --> A'             
     e( 14 - 14) =     21.24266  eV     1   --> A'             

 **************************************************************************

 **************************************************************************

                    xk=(   0.40385,   0.23316,   0.00000  )

     Band symmetry, C_s (m)     point group:

     e(  1 -  1) =    -90.49883  eV     1   --> A'             
     e(  2 -  2) =    -90.49776  eV     1   --> A'             
     e(  3 -  3) =    -11.01242  eV     1   --> A'             
     e(  4 -  4) =    -10.22266  eV     1   --> A'             
     e(  5 -  5) =      0.73538  eV     1   --> A'             
     e(  6 -  6) =      2.29047  eV     1   --> A'             
     e(  7 -  7) =      2.40884  eV     1   --> A'             
     e(  8 -  8) =      3.59443  eV     1   --> A''            
     e(  9 -  9) =      4.58553  eV     1   --> A'             
     e( 10 - 10) =      5.24358  eV     1   --> A''            
     e( 11 - 11) =     15.78601  eV     1   --> A'             
     e( 12 - 12) =     16.63706  eV     1   --> A'             
     e( 13 - 13) =     19.09273  eV     1   --> A'             
     e( 14 - 14) =     21.21143  eV     1   --> A'             

 **************************************************************************

 **************************************************************************

                    xk=(   0.41346,   0.23871,   0.00000  )

     Band symmetry, C_s (m)     point group:

     e(  1 -  1) =    -90.49878  eV     1   --> A'             
     e(  2 -  2) =    -90.49776  eV     1   --> A'             
     e(  3 -  3) =    -10.97095  eV     1   --> A'             
     e(  4 -  4) =    -10.22444  eV     1   --> A'             
     e(  5 -  5) =      0.68468  eV     1   --> A'             
     e(  6 -  6) =      2.28959  eV     1   --> A'             
     e(  7 -  7) =      2.41482  eV     1   --> A'             
     e(  8 -  8) =      3.57266  eV     1   --> A''            
     e(  9 -  9) =      4.52182  eV     1   --> A'             
     e( 10 - 10) =      5.22901  eV     1   --> A''            
     e( 11 - 11) =     15.79496  eV     1   --> A'             
     e( 12 - 12) =     16.56707  eV     1   --> A'             
     e( 13 - 13) =     19.13432  eV     1   --> A'             
     e( 14 - 14) =     21.18006  eV     1   --> A'             

 **************************************************************************

 **************************************************************************

                    xk=(   0.42308,   0.24426,   0.00000  )

     Band symmetry, C_s (m)     point group:

     e(  1 -  1) =    -90.49874  eV     1   --> A'             
     e(  2 -  2) =    -90.49776  eV     1   --> A'             
     e(  3 -  3) =    -10.93183  eV     1   --> A'             
     e(  4 -  4) =    -10.22744  eV     1   --> A'             
     e(  5 -  5) =      0.63746  eV     1   --> A'             
     e(  6 -  6) =      2.25442  eV     1   --> A'             
     e(  7 -  7) =      2.46058  eV     1   --> A'             
     e(  8 -  8) =      3.55307  eV     1   --> A''            
     e(  9 -  9) =      4.45979  eV     1   --> A'             
     e( 10 - 10) =      5.21584  eV     1   --> A''            
     e( 11 - 11) =     15.80245  eV     1   --> A'             
     e( 12 - 12) =     16.50353  eV     1   --> A'             
     e( 13 - 13) =     19.17470  eV     1   --> A'             
     e( 14 - 14) =     21.14937  eV     1   --> A'             

 **************************************************************************

 **************************************************************************

                    xk=(   0.43269,   0.24982,   0.00000  )

     Band symmetry, C_s (m)     point group:

     e(  1 -  1) =    -90.49870  eV     1   --> A'             
     e(  2 -  2) =    -90.49775  eV     1   --> A'             
     e(  3 -  3) =    -10.89545  eV     1   --> A'             
     e(  4 -  4) =    -10.23148  eV     1   --> A'             
     e(  5 -  5) =      0.59447  eV     1   --> A'             
     e(  6 -  6) =      2.21483  eV     1   --> A'             
     e(  7 -  7) =      2.51493  eV     1   --> A'             
     e(  8 -  8) =      3.53570  eV     1   --> A''            
     e(  9 -  9) =      4.40029  eV     1   --> A'             
     e( 10 - 10) =      5.20412  eV     1   --> A''            
     e( 11 - 11) =     15.80874  eV     1   --> A'             
     e( 12 - 12) =     16.44668  eV     1   --> A'             
     e( 13 - 13) =     19.21304  eV     1   --> A'             
     e( 14 - 14) =     21.12013  eV     1   --> A'             

 **************************************************************************

 **************************************************************************

                    xk=(   0.44231,   0.25537,   0.00000  )

     Band symmetry, C_s (m)     point group:

     e(  1 -  1) =    -90.49867  eV     1   --> A'             
     e(  2 -  2) =    -90.49775  eV     1   --> A'             
     e(  3 -  3) =    -10.86226  eV     1   --> A'             
     e(  4 -  4) =    -10.23626  eV     1   --> A'             
     e(  5 -  5) =      0.55629  eV     1   --> A'             
     e(  6 -  6) =      2.17819  eV     1   --> A'             
     e(  7 -  7) =      2.56914  eV     1   --> A'             
     e(  8 -  8) =      3.52057  eV     1   --> A''            
     e(  9 -  9) =      4.34433  eV     1   --> A'             
     e( 10 - 10) =      5.19389  eV     1   --> A''            
     e( 11 - 11) =     15.81403  eV     1   --> A'             
     e( 12 - 12) =     16.39671  eV     1   --> A'             
     e( 13 - 13) =     19.24851  eV     1   --> A'             
     e( 14 - 14) =     21.09305  eV     1   --> A'             

 **************************************************************************

 **************************************************************************

                    xk=(   0.45192,   0.26092,   0.00000  )

     Band symmetry, C_s (m)     point group:

     e(  1 -  1) =    -90.49864  eV     1   --> A'             
     e(  2 -  2) =    -90.49775  eV     1   --> A'             
     e(  3 -  3) =    -10.83276  eV     1   --> A'             
     e(  4 -  4) =    -10.24146  eV     1   --> A'             
     e(  5 -  5) =      0.52336  eV     1   --> A'             
     e(  6 -  6) =      2.14628  eV     1   --> A'             
     e(  7 -  7) =      2.62001  eV     1   --> A'             
     e(  8 -  8) =      3.50772  eV     1   --> A''            
     e(  9 -  9) =      4.29313  eV     1   --> A'             
     e( 10 - 10) =      5.18518  eV     1   --> A''            
     e( 11 - 11) =     15.81847  eV     1   --> A'             
     e( 12 - 12) =     16.35384  eV     1   --> A'             
     e( 13 - 13) =     19.28027  eV     1   --> A'             
     e( 14 - 14) =     21.06877  eV     1   --> A'             

 **************************************************************************

 **************************************************************************

                    xk=(   0.46154,   0.26647,   0.00000  )

     Band symmetry, C_s (m)     point group:

     e(  1 -  1) =    -90.49861  eV     1   --> A'             
     e(  2 -  2) =    -90.49775  eV     1   --> A'             
     e(  3 -  3) =    -10.80748  eV     1   --> A'             
     e(  4 -  4) =    -10.24667  eV     1   --> A'             
     e(  5 -  5) =      0.49600  eV     1   --> A'             
     e(  6 -  6) =      2.11974  eV     1   --> A'             
     e(  7 -  7) =      2.66537  eV     1   --> A'             
     e(  8 -  8) =      3.49717  eV     1   --> A''            
     e(  9 -  9) =      4.24807  eV     1   --> A'             
     e( 10 - 10) =      5.17801  eV     1   --> A''            
     e( 11 - 11) =     15.82216  eV     1   --> A'             
     e( 12 - 12) =     16.31829  eV     1   --> A'             
     e( 13 - 13) =     19.30755  eV     1   --> A'             
     e( 14 - 14) =     21.04792  eV     1   --> A'             

 **************************************************************************

 **************************************************************************

                    xk=(   0.47115,   0.27202,   0.00000  )

     Band symmetry, C_s (m)     point group:

     e(  1 -  1) =    -90.49859  eV     1   --> A'             
     e(  2 -  2) =    -90.49775  eV     1   --> A'             
     e(  3 -  3) =    -10.78700  eV     1   --> A'             
     e(  4 -  4) =    -10.25142  eV     1   --> A'             
     e(  5 -  5) =      0.47449  eV     1   --> A'             
     e(  6 -  6) =      2.09889  eV     1   --> A'             
     e(  7 -  7) =      2.70326  eV     1   --> A'             
     e(  8 -  8) =      3.48895  eV     1   --> A''            
     e(  9 -  9) =      4.21070  eV     1   --> A'             
     e( 10 - 10) =      5.17242  eV     1   --> A''            
     e( 11 - 11) =     15.82511  eV     1   --> A'             
     e( 12 - 12) =     16.29031  eV     1   --> A'             
     e( 13 - 13) =     19.32963  eV     1   --> A'             
     e( 14 - 14) =     21.03105  eV     1   --> A'             

 **************************************************************************

 **************************************************************************

                    xk=(   0.48077,   0.27757,   0.00000  )

     Band symmetry, C_s (m)     point group:

     e(  1 -  1) =    -90.49858  eV     1   --> A'             
     e(  2 -  2) =    -90.49775  eV     1   --> A'             
     e(  3 -  3) =    -10.77187  eV     1   --> A'             
     e(  4 -  4) =    -10.25525  eV     1   --> A'             
     e(  5 -  5) =      0.45899  eV     1   --> A'             
     e(  6 -  6) =      2.08390  eV     1   --> A'             
     e(  7 -  7) =      2.73191  eV     1   --> A'             
     e(  8 -  8) =      3.48306  eV     1   --> A''            
     e(  9 -  9) =      4.18255  eV     1   --> A'             
     e( 10 - 10) =      5.16841  eV     1   --> A''            
     e( 11 - 11) =     15.82728  eV     1   --> A'             
     e( 12 - 12) =     16.27011  eV     1   --> A'             
     e( 13 - 13) =     19.34589  eV     1   --> A'             
     e( 14 - 14) =     21.01863  eV     1   --> A'             

 **************************************************************************

 **************************************************************************

                    xk=(   0.49038,   0.28312,   0.00000  )

     Band symmetry, C_s (m)     point group:

     e(  1 -  1) =    -90.49857  eV     1   --> A'             
     e(  2 -  2) =    -90.49775  eV     1   --> A'             
     e(  3 -  3) =    -10.76257  eV     1   --> A'             
     e(  4 -  4) =    -10.25775  eV     1   --> A'             
     e(  5 -  5) =      0.44965  eV     1   --> A'             
     e(  6 -  6) =      2.07487  eV     1   --> A'             
     e(  7 -  7) =      2.74980  eV     1   --> A'             
     e(  8 -  8) =      3.47953  eV     1   --> A''            
     e(  9 -  9) =      4.16501  eV     1   --> A'             
     e( 10 - 10) =      5.16599  eV     1   --> A''            
     e( 11 - 11) =     15.82862  eV     1   --> A'             
     e( 12 - 12) =     16.25790  eV     1   --> A'             
     e( 13 - 13) =     19.35584  eV     1   --> A'             
     e( 14 - 14) =     21.01102  eV     1   --> A'             

 **************************************************************************

 **************************************************************************

                    xk=(   0.50000,   0.28868,   0.00000  )

     point group C_2v (mm2) 
     there are  4 classes
     the character table:

       E     C2    s_v   s_v' 
A_1    1.00  1.00  1.00  1.00
A_2    1.00  1.00 -1.00 -1.00
B_1    1.00 -1.00  1.00 -1.00
B_2    1.00 -1.00 -1.00  1.00

     the symmetry operations in each class and the name of the first element:

     E        1
                                                                 
     C2       2
                                                                 
     s_v      4
                                                                 
     s_v'     3
                                                                 

     Band symmetry, C_2v (mm2)  point group:

     e(  1 -  1) =    -90.49857  eV     1   --> B_1  D_3  S_3  
     e(  2 -  2) =    -90.49775  eV     1   --> A_1  D_1  S_1  
     e(  3 -  3) =    -10.75943  eV     1   --> B_1  D_3  S_3  
     e(  4 -  4) =    -10.25862  eV     1   --> A_1  D_1  S_1  
     e(  5 -  5) =      0.44652  eV     1   --> A_1  D_1  S_1  
     e(  6 -  6) =      2.07185  eV     1   --> B_1  D_3  S_3  
     e(  7 -  7) =      2.75589  eV     1   --> A_1  D_1  S_1  
     e(  8 -  8) =      3.47835  eV     1   --> B_2  D_4  S_4  
     e(  9 -  9) =      4.15905  eV     1   --> B_1  D_3  S_3  
     e( 10 - 10) =      5.16519  eV     1   --> A_2  D_2  S_2  
     e( 11 - 11) =     15.82908  eV     1   --> B_1  D_3  S_3  
     e( 12 - 12) =     16.25381  eV     1   --> A_1  D_1  S_1  
     e( 13 - 13) =     19.35920  eV     1   --> B_1  D_3  S_3  
     e( 14 - 14) =     21.00845  eV     1   --> A_1  D_1  S_1  

 **************************************************************************

 **************************************************************************

                    xk=(   0.49425,   0.29863,   0.00000  )

     point group C_s (m)    
     there are  2 classes
     the character table:

       E     s    
A'     1.00  1.00
A''    1.00 -1.00

     the symmetry operations in each class and the name of the first element:

     E        1
                                                                 
     s        2
                                                                 

     Band symmetry, C_s (m)     point group:

     e(  1 -  1) =    -90.49856  eV     1   --> A''            
     e(  2 -  2) =    -90.49775  eV     1   --> A'             
     e(  3 -  3) =    -10.75877  eV     1   --> A''            
     e(  4 -  4) =    -10.25846  eV     1   --> A'             
     e(  5 -  5) =      0.44734  eV     1   --> A'             
     e(  6 -  6) =      2.07290  eV     1   --> A''            
     e(  7 -  7) =      2.75546  eV     1   --> A'             
     e(  8 -  8) =      3.47613  eV     1   --> A'             
     e(  9 -  9) =      4.15842  eV     1   --> A''            
     e( 10 - 10) =      5.16095  eV     1   --> A''            
     e( 11 - 11) =     15.82947  eV     1   --> A''            
     e( 12 - 12) =     16.26090  eV     1   --> A'             
     e( 13 - 13) =     19.35596  eV     1   --> A''            
     e( 14 - 14) =     21.00777  eV     1   --> A'             

 **************************************************************************

 **************************************************************************

                    xk=(   0.48851,   0.30858,   0.00000  )

     Band symmetry, C_s (m)     point group:

     e(  1 -  1) =    -90.49856  eV     1   --> A''            
     e(  2 -  2) =    -90.49775  eV     1   --> A'             
     e(  3 -  3) =    -10.75678  eV     1   --> A''            
     e(  4 -  4) =    -10.25797  eV     1   --> A'             
     e(  5 -  5) =      0.44977  eV     1   --> A'             
     e(  6 -  6) =      2.07603  eV     1   --> A''            
     e(  7 -  7) =      2.75413  eV     1   --> A'             
     e(  8 -  8) =      3.46959  eV     1   --> A'             
     e(  9 -  9) =      4.15651  eV     1   --> A''            
     e( 10 - 10) =      5.14828  eV     1   --> A''            
     e( 11 - 11) =     15.83052  eV     1   --> A''            
     e( 12 - 12) =     16.28212  eV     1   --> A'             
     e( 13 - 13) =     19.34664  eV     1   --> A''            
     e( 14 - 14) =     21.00574  eV     1   --> A'             

 **************************************************************************

 **************************************************************************

                    xk=(   0.48276,   0.31854,   0.00000  )

     Band symmetry, C_s (m)     point group:

     e(  1 -  1) =    -90.49856  eV     1   --> A''            
     e(  2 -  2) =    -90.49775  eV     1   --> A'             
     e(  3 -  3) =    -10.75349  eV     1   --> A''            
     e(  4 -  4) =    -10.25718  eV     1   --> A'             
     e(  5 -  5) =      0.45379  eV     1   --> A'             
     e(  6 -  6) =      2.08124  eV     1   --> A''            
     e(  7 -  7) =      2.75176  eV     1   --> A'             
     e(  8 -  8) =      3.45903  eV     1   --> A'             
     e(  9 -  9) =      4.15329  eV     1   --> A''            
     e( 10 - 10) =      5.12735  eV     1   --> A''            
     e( 11 - 11) =     15.83191  eV     1   --> A''            
     e( 12 - 12) =     16.31724  eV     1   --> A'             
     e( 13 - 13) =     19.33236  eV     1   --> A''            
     e( 14 - 14) =     21.00237  eV     1   --> A'             

 **************************************************************************

 **************************************************************************

                    xk=(   0.47701,   0.32849,   0.00000  )

     Band symmetry, C_s (m)     point group:

     e(  1 -  1) =    -90.49855  eV     1   --> A''            
     e(  2 -  2) =    -90.49775  eV     1   --> A'             
     e(  3 -  3) =    -10.74889  eV     1   --> A''            
     e(  4 -  4) =    -10.25610  eV     1   --> A'             
     e(  5 -  5) =      0.45935  eV     1   --> A'             
     e(  6 -  6) =      2.08851  eV     1   --> A''            
     e(  7 -  7) =      2.74814  eV     1   --> A'             
     e(  8 -  8) =      3.44495  eV     1   --> A'             
     e(  9 -  9) =      4.14868  eV     1   --> A''            
     e( 10 - 10) =      5.09841  eV     1   --> A''            
     e( 11 - 11) =     15.83313  eV     1   --> A''            
     e( 12 - 12) =     16.36592  eV     1   --> A'             
     e( 13 - 13) =     19.31483  eV     1   --> A''            
     e( 14 - 14) =     20.99768  eV     1   --> A'             

 **************************************************************************

 **************************************************************************

                    xk=(   0.47126,   0.33845,   0.00000  )

     Band symmetry, C_s (m)     point group:

     e(  1 -  1) =    -90.49854  eV     1   --> A''            
     e(  2 -  2) =    -90.49775  eV     1   --> A'             
     e(  3 -  3) =    -10.74301  eV     1   --> A''            
     e(  4 -  4) =    -10.25477  eV     1   --> A'             
     e(  5 -  5) =      0.46638  eV     1   --> A'             
     e(  6 -  6) =      2.09783  eV     1   --> A''            
     e(  7 -  7) =      2.74296  eV     1   --> A'             
     e(  8 -  8) =      3.42807  eV     1   --> A'             
     e(  9 -  9) =      4.14259  eV     1   --> A''            
     e( 10 - 10) =      5.06184  eV     1   --> A''            
     e( 11 - 11) =     15.83351  eV     1   --> A''            
     e( 12 - 12) =     16.42765  eV     1   --> A'             
     e( 13 - 13) =     19.29611  eV     1   --> A''            
     e( 14 - 14) =     20.99168  eV     1   --> A'             

 **************************************************************************

 **************************************************************************

                    xk=(   0.46552,   0.34840,   0.00000  )

     Band symmetry, C_s (m)     point group:

     e(  1 -  1) =    -90.49853  eV     1   --> A''            
     e(  2 -  2) =    -90.49775  eV     1   --> A'             
     e(  3 -  3) =    -10.73587  eV     1   --> A''            
     e(  4 -  4) =    -10.25321  eV     1   --> A'             
     e(  5 -  5) =      0.47478  eV     1   --> A'             
     e(  6 -  6) =      2.10918  eV     1   --> A''            
     e(  7 -  7) =      2.73584  eV     1   --> A'             
     e(  8 -  8) =      3.40925  eV     1   --> A'             
     e(  9 -  9) =      4.13489  eV     1   --> A''            
     e( 10 - 10) =      5.01809  eV     1   --> A''            
     e( 11 - 11) =     15.83227  eV     1   --> A''            
     e( 12 - 12) =     16.50183  eV     1   --> A'             
     e( 13 - 13) =     19.27842  eV     1   --> A''            
     e( 14 - 14) =     20.98442  eV     1   --> A'             

 **************************************************************************

 **************************************************************************

                    xk=(   0.45977,   0.35836,   0.00000  )

     Band symmetry, C_s (m)     point group:

     e(  1 -  1) =    -90.49852  eV     1   --> A''            
     e(  2 -  2) =    -90.49775  eV     1   --> A'             
     e(  3 -  3) =    -10.72749  eV     1   --> A''            
     e(  4 -  4) =    -10.25149  eV     1   --> A'             
     e(  5 -  5) =      0.48443  eV     1   --> A'             
     e(  6 -  6) =      2.12252  eV     1   --> A''            
     e(  7 -  7) =      2.72634  eV     1   --> A'             
     e(  8 -  8) =      3.38952  eV     1   --> A'             
     e(  9 -  9) =      4.12542  eV     1   --> A''            
     e( 10 - 10) =      4.96772  eV     1   --> A''            
     e( 11 - 11) =     15.82859  eV     1   --> A''            
     e( 12 - 12) =     16.58772  eV     1   --> A'             
     e( 13 - 13) =     19.26394  eV     1   --> A''            
     e( 14 - 14) =     20.97592  eV     1   --> A'             

 **************************************************************************

 **************************************************************************

                    xk=(   0.45402,   0.36831,   0.00000  )

     Band symmetry, C_s (m)     point group:

     e(  1 -  1) =    -90.49850  eV     1   --> A''            
     e(  2 -  2) =    -90.49776  eV     1   --> A'             
     e(  3 -  3) =    -10.71791  eV     1   --> A''            
     e(  4 -  4) =    -10.24965  eV     1   --> A'             
     e(  5 -  5) =      0.49520  eV     1   --> A'             
     e(  6 -  6) =      2.13782  eV     1   --> A''            
     e(  7 -  7) =      2.71399  eV     1   --> A'             
     e(  8 -  8) =      3.37001  eV     1   --> A'             
     e(  9 -  9) =      4.11395  eV     1   --> A''            
     e( 10 - 10) =      4.91138  eV     1   --> A''            
     e( 11 - 11) =     15.82166  eV     1   --> A''            
     e( 12 - 12) =     16.68445  eV     1   --> A'             
     e( 13 - 13) =     19.25466  eV     1   --> A''            
     e( 14 - 14) =     20.96625  eV     1   --> A'             

 **************************************************************************

 **************************************************************************

                    xk=(   0.44828,   0.37826,   0.00000  )

     Band symmetry, C_s (m)     point group:

     e(  1 -  1) =    -90.49848  eV     1   --> A''            
     e(  2 -  2) =    -90.49776  eV     1   --> A'             
     e(  3 -  3) =    -10.70717  eV     1   --> A''            
     e(  4 -  4) =    -10.24776  eV     1   --> A'             
     e(  5 -  5) =      0.50692  eV     1   --> A'             
     e(  6 -  6) =      2.15504  eV     1   --> A''            
     e(  7 -  7) =      2.69839  eV     1   --> A'             
     e(  8 -  8) =      3.35187  eV     1   --> A'             
     e(  9 -  9) =      4.10022  eV     1   --> A''            
     e( 10 - 10) =      4.84983  eV     1   --> A''            
     e( 11 - 11) =     15.81080  eV     1   --> A''            
     e( 12 - 12) =     16.79106  eV     1   --> A'             
     e( 13 - 13) =     19.25228  eV     1   --> A''            
     e( 14 - 14) =     20.95546  eV     1   --> A'             

 **************************************************************************

 **************************************************************************

                    xk=(   0.44253,   0.38822,   0.00000  )

     Band symmetry, C_s (m)     point group:

     e(  1 -  1) =    -90.49847  eV     1   --> A''            
     e(  2 -  2) =    -90.49776  eV     1   --> A'             
     e(  3 -  3) =    -10.69530  eV     1   --> A''            
     e(  4 -  4) =    -10.24589  eV     1   --> A'             
     e(  5 -  5) =      0.51938  eV     1   --> A'             
     e(  6 -  6) =      2.17410  eV     1   --> A''            
     e(  7 -  7) =      2.67924  eV     1   --> A'             
     e(  8 -  8) =      3.33616  eV     1   --> A'             
     e(  9 -  9) =      4.08387  eV     1   --> A''            
     e( 10 - 10) =      4.78391  eV     1   --> A''            
     e( 11 - 11) =     15.79545  eV     1   --> A''            
     e( 12 - 12) =     16.90648  eV     1   --> A'             
     e( 13 - 13) =     19.25812  eV     1   --> A''            
     e( 14 - 14) =     20.94361  eV     1   --> A'             

 **************************************************************************

 **************************************************************************

                    xk=(   0.43678,   0.39817,   0.00000  )

     Band symmetry, C_s (m)     point group:

     e(  1 -  1) =    -90.49845  eV     1   --> A''            
     e(  2 -  2) =    -90.49776  eV     1   --> A'             
     e(  3 -  3) =    -10.68236  eV     1   --> A''            
     e(  4 -  4) =    -10.24412  eV     1   --> A'             
     e(  5 -  5) =      0.53239  eV     1   --> A'             
     e(  6 -  6) =      2.19496  eV     1   --> A''            
     e(  7 -  7) =      2.65651  eV     1   --> A'             
     e(  8 -  8) =      3.32379  eV     1   --> A'             
     e(  9 -  9) =      4.06448  eV     1   --> A''            
     e( 10 - 10) =      4.71459  eV     1   --> A''            
     e( 11 - 11) =     15.77531  eV     1   --> A''            
     e( 12 - 12) =     17.02954  eV     1   --> A'             
     e( 13 - 13) =     19.27306  eV     1   --> A''            
     e( 14 - 14) =     20.93076  eV     1   --> A'             

 **************************************************************************

 **************************************************************************

                    xk=(   0.43103,   0.40813,   0.00000  )

     Band symmetry, C_s (m)     point group:

     e(  1 -  1) =    -90.49842  eV     1   --> A''            
     e(  2 -  2) =    -90.49776  eV     1   --> A'             
     e(  3 -  3) =    -10.66840  eV     1   --> A''            
     e(  4 -  4) =    -10.24253  eV     1   --> A'             
     e(  5 -  5) =      0.54568  eV     1   --> A'             
     e(  6 -  6) =      2.21753  eV     1   --> A''            
     e(  7 -  7) =      2.63041  eV     1   --> A'             
     e(  8 -  8) =      3.31542  eV     1   --> A'             
     e(  9 -  9) =      4.04152  eV     1   --> A''            
     e( 10 - 10) =      4.64295  eV     1   --> A''            
     e( 11 - 11) =     15.75030  eV     1   --> A''            
     e( 12 - 12) =     17.15897  eV     1   --> A'             
     e( 13 - 13) =     19.29756  eV     1   --> A''            
     e( 14 - 14) =     20.91700  eV     1   --> A'             

 **************************************************************************

 **************************************************************************

                    xk=(   0.42529,   0.41808,   0.00000  )

     Band symmetry, C_s (m)     point group:

     e(  1 -  1) =    -90.49840  eV     1   --> A''            
     e(  2 -  2) =    -90.49777  eV     1   --> A'             
     e(  3 -  3) =    -10.65347  eV     1   --> A''            
     e(  4 -  4) =    -10.24121  eV     1   --> A'             
     e(  5 -  5) =      0.55898  eV     1   --> A'             
     e(  6 -  6) =      2.24170  eV     1   --> A''            
     e(  7 -  7) =      2.60149  eV     1   --> A'             
     e(  8 -  8) =      3.31141  eV     1   --> A'             
     e(  9 -  9) =      4.01432  eV     1   --> A''            
     e( 10 - 10) =      4.57023  eV     1   --> A''            
     e( 11 - 11) =     15.72062  eV     1   --> A''            
     e( 12 - 12) =     17.29342  eV     1   --> A'             
     e( 13 - 13) =     19.33166  eV     1   --> A''            
     e( 14 - 14) =     20.90239  eV     1   --> A'             

 **************************************************************************

 **************************************************************************

                    xk=(   0.41954,   0.42804,   0.00000  )

     Band symmetry, C_s (m)     point group:

     e(  1 -  1) =    -90.49838  eV     1   --> A''            
     e(  2 -  2) =    -90.49777  eV     1   --> A'             
     e(  3 -  3) =    -10.63764  eV     1   --> A''            
     e(  4 -  4) =    -10.24026  eV     1   --> A'             
     e(  5 -  5) =      0.57201  eV     1   --> A'             
     e(  6 -  6) =      2.26736  eV     1   --> A''            
     e(  7 -  7) =      2.57057  eV     1   --> A'             
     e(  8 -  8) =      3.31188  eV     1   --> A'             
     e(  9 -  9) =      3.98212  eV     1   --> A''            
     e( 10 - 10) =      4.49776  eV     1   --> A''            
     e( 11 - 11) =     15.68669  eV     1   --> A''            
     e( 12 - 12) =     17.43142  eV     1   --> A'             
     e( 13 - 13) =     19.37501  eV     1   --> A''            
     e( 14 - 14) =     20.88700  eV     1   --> A'             

 **************************************************************************

 **************************************************************************

                    xk=(   0.41379,   0.43799,   0.00000  )

     Band symmetry, C_s (m)     point group:

     e(  1 -  1) =    -90.49835  eV     1   --> A''            
     e(  2 -  2) =    -90.49777  eV     1   --> A'             
     e(  3 -  3) =    -10.62097  eV     1   --> A''            
     e(  4 -  4) =    -10.23979  eV     1   --> A'             
     e(  5 -  5) =      0.58445  eV     1   --> A'             
     e(  6 -  6) =      2.29436  eV     1   --> A''            
     e(  7 -  7) =      2.53867  eV     1   --> A'             
     e(  8 -  8) =      3.31672  eV     1   --> A'             
     e(  9 -  9) =      3.94413  eV     1   --> A''            
     e( 10 - 10) =      4.42695  eV     1   --> A''            
     e( 11 - 11) =     15.64916  eV     1   --> A''            
     e( 12 - 12) =     17.57143  eV     1   --> A'             
     e( 13 - 13) =     19.42694  eV     1   --> A''            
     e( 14 - 14) =     20.87089  eV     1   --> A'             

 **************************************************************************

 **************************************************************************

                    xk=(   0.40805,   0.44794,   0.00000  )

     Band symmetry, C_s (m)     point group:

     e(  1 -  1) =    -90.49833  eV     1   --> A''            
     e(  2 -  2) =    -90.49778  eV     1   --> A'             
     e(  3 -  3) =    -10.60353  eV     1   --> A''            
     e(  4 -  4) =    -10.23991  eV     1   --> A'             
     e(  5 -  5) =      0.59600  eV     1   --> A'             
     e(  6 -  6) =      2.32251  eV     1   --> A''            
     e(  7 -  7) =      2.50692  eV     1   --> A'             
     e(  8 -  8) =      3.32573  eV     1   --> A'             
     e(  9 -  9) =      3.89965  eV     1   --> A''            
     e( 10 - 10) =      4.35914  eV     1   --> A''            
     e( 11 - 11) =     15.60880  eV     1   --> A''            
     e( 12 - 12) =     17.71183  eV     1   --> A'             
     e( 13 - 13) =     19.48653  eV     1   --> A''            
     e( 14 - 14) =     20.85406  eV     1   --> A'             

 **************************************************************************

 **************************************************************************

                    xk=(   0.40230,   0.45790,   0.00000  )

     Band symmetry, C_s (m)     point group:

     e(  1 -  1) =    -90.49830  eV     1   --> A''            
     e(  2 -  2) =    -90.49778  eV     1   --> A'             
     e(  3 -  3) =    -10.58540  eV     1   --> A''            
     e(  4 -  4) =    -10.24071  eV     1   --> A'             
     e(  5 -  5) =      0.60635  eV     1   --> A'             
     e(  6 -  6) =      2.35156  eV     1   --> A''            
     e(  7 -  7) =      2.47652  eV     1   --> A'             
     e(  8 -  8) =      3.33861  eV     1   --> A'             
     e(  9 -  9) =      3.84833  eV     1   --> A''            
     e( 10 - 10) =      4.29533  eV     1   --> A''            
     e( 11 - 11) =     15.56652  eV     1   --> A''            
     e( 12 - 12) =     17.85090  eV     1   --> A'             
     e( 13 - 13) =     19.55268  eV     1   --> A''            
     e( 14 - 14) =     20.83650  eV     1   --> A'             

 **************************************************************************

 **************************************************************************

                    xk=(   0.39655,   0.46785,   0.00000  )

     Band symmetry, C_s (m)     point group:

     e(  1 -  1) =    -90.49827  eV     1   --> A''            
     e(  2 -  2) =    -90.49779  eV     1   --> A'             
     e(  3 -  3) =    -10.56665  eV     1   --> A''            
     e(  4 -  4) =    -10.24233  eV     1   --> A'             
     e(  5 -  5) =      0.61521  eV     1   --> A'             
     e(  6 -  6) =      2.38121  eV     1   --> A''            
     e(  7 -  7) =      2.44858  eV     1   --> A'             
     e(  8 -  8) =      3.35507  eV     1   --> A'             
     e(  9 -  9) =      3.79043  eV     1   --> A''            
     e( 10 - 10) =      4.23598  eV     1   --> A''            
     e( 11 - 11) =     15.52325  eV     1   --> A''            
     e( 12 - 12) =     17.98687  eV     1   --> A'             
     e( 13 - 13) =     19.62416  eV     1   --> A''            
     e( 14 - 14) =     20.81811  eV     1   --> A'             

 **************************************************************************

 **************************************************************************

                    xk=(   0.39080,   0.47781,   0.00000  )

     Band symmetry, C_s (m)     point group:

     e(  1 -  1) =    -90.49824  eV     1   --> A''            
     e(  2 -  2) =    -90.49780  eV     1   --> A'             
     e(  3 -  3) =    -10.54738  eV     1   --> A''            
     e(  4 -  4) =    -10.24488  eV     1   --> A'             
     e(  5 -  5) =      0.62237  eV     1   --> A'             
     e(  6 -  6) =      2.41106  eV     1   --> A''            
     e(  7 -  7) =      2.42416  eV     1   --> A'             
     e(  8 -  8) =      3.37483  eV     1   --> A'             
     e(  9 -  9) =      3.72692  eV     1   --> A''            
     e( 10 - 10) =      4.18092  eV     1   --> A''            
     e( 11 - 11) =     15.47994  eV     1   --> A''            
     e( 12 - 12) =     18.11794  eV     1   --> A'             
     e( 13 - 13) =     19.69971  eV     1   --> A''            
     e( 14 - 14) =     20.79870  eV     1   --> A'             

 **************************************************************************

 **************************************************************************

                    xk=(   0.38506,   0.48776,   0.00000  )

     Band symmetry, C_s (m)     point group:

     e(  1 -  1) =    -90.49822  eV     1   --> A''            
     e(  2 -  2) =    -90.49781  eV     1   --> A'             
     e(  3 -  3) =    -10.52767  eV     1   --> A''            
     e(  4 -  4) =    -10.24848  eV     1   --> A'             
     e(  5 -  5) =      0.62767  eV     1   --> A'             
     e(  6 -  6) =      2.40417  eV     1   --> A'             
     e(  7 -  7) =      2.44056  eV     1   --> A''            
     e(  8 -  8) =      3.39763  eV     1   --> A'             
     e(  9 -  9) =      3.65940  eV     1   --> A''            
     e( 10 - 10) =      4.12946  eV     1   --> A''            
     e( 11 - 11) =     15.43753  eV     1   --> A''            
     e( 12 - 12) =     18.24228  eV     1   --> A'             
     e( 13 - 13) =     19.77804  eV     1   --> A''            
     e( 14 - 14) =     20.77797  eV     1   --> A'             

 **************************************************************************

 **************************************************************************

                    xk=(   0.37931,   0.49772,   0.00000  )

     Band symmetry, C_s (m)     point group:

     e(  1 -  1) =    -90.49819  eV     1   --> A''            
     e(  2 -  2) =    -90.49782  eV     1   --> A'             
     e(  3 -  3) =    -10.50761  eV     1   --> A''            
     e(  4 -  4) =    -10.25324  eV     1   --> A'             
     e(  5 -  5) =      0.63104  eV     1   --> A'             
     e(  6 -  6) =      2.38936  eV     1   --> A'             
     e(  7 -  7) =      2.46901  eV     1   --> A''            
     e(  8 -  8) =      3.42324  eV     1   --> A'             
     e(  9 -  9) =      3.58991  eV     1   --> A''            
     e( 10 - 10) =      4.08065  eV     1   --> A''            
     e( 11 - 11) =     15.39689  eV     1   --> A''            
     e( 12 - 12) =     18.35813  eV     1   --> A'             
     e( 13 - 13) =     19.85792  eV     1   --> A''            
     e( 14 - 14) =     20.75545  eV     1   --> A'             

 **************************************************************************

 **************************************************************************

                    xk=(   0.37356,   0.50767,   0.00000  )

     Band symmetry, C_s (m)     point group:

     e(  1 -  1) =    -90.49816  eV     1   --> A''            
     e(  2 -  2) =    -90.49783  eV     1   --> A'             
     e(  3 -  3) =    -10.48729  eV     1   --> A''            
     e(  4 -  4) =    -10.25928  eV     1   --> A'             
     e(  5 -  5) =      0.63253  eV     1   --> A'             
     e(  6 -  6) =      2.38031  eV     1   --> A'             
     e(  7 -  7) =      2.49544  eV     1   --> A''            
     e(  8 -  8) =      3.45148  eV     1   --> A'             
     e(  9 -  9) =      3.52071  eV     1   --> A''            
     e( 10 - 10) =      4.03354  eV     1   --> A''            
     e( 11 - 11) =     15.35885  eV     1   --> A''            
     e( 12 - 12) =     18.46381  eV     1   --> A'             
     e( 13 - 13) =     19.93816  eV     1   --> A''            
     e( 14 - 14) =     20.73055  eV     1   --> A'             

 **************************************************************************

 **************************************************************************

                    xk=(   0.36782,   0.51762,   0.00000  )

     Band symmetry, C_s (m)     point group:

     e(  1 -  1) =    -90.49813  eV     1   --> A''            
     e(  2 -  2) =    -90.49785  eV     1   --> A'             
     e(  3 -  3) =    -10.46683  eV     1   --> A''            
     e(  4 -  4) =    -10.26672  eV     1   --> A'             
     e(  5 -  5) =      0.63233  eV     1   --> A'             
     e(  6 -  6) =      2.37741  eV     1   --> A'             
     e(  7 -  7) =      2.51857  eV     1   --> A''            
     e(  8 -  8) =      3.45425  eV     1   --> A''            
     e(  9 -  9) =      3.48218  eV     1   --> A'             
     e( 10 - 10) =      3.98731  eV     1   --> A''            
     e( 11 - 11) =     15.32415  eV     1   --> A''            
     e( 12 - 12) =     18.55784  eV     1   --> A'             
     e( 13 - 13) =     20.01769  eV     1   --> A''            
     e( 14 - 14) =     20.70256  eV     1   --> A'             

 **************************************************************************

 **************************************************************************

                    xk=(   0.36207,   0.52758,   0.00000  )

     Band symmetry, C_s (m)     point group:

     e(  1 -  1) =    -90.49810  eV     1   --> A''            
     e(  2 -  2) =    -90.49786  eV     1   --> A'             
     e(  3 -  3) =    -10.44630  eV     1   --> A''            
     e(  4 -  4) =    -10.27567  eV     1   --> A'             
     e(  5 -  5) =      0.63072  eV     1   --> A'             
     e(  6 -  6) =      2.38086  eV     1   --> A'             
     e(  7 -  7) =      2.53673  eV     1   --> A''            
     e(  8 -  8) =      3.39312  eV     1   --> A''            
     e(  9 -  9) =      3.51520  eV     1   --> A'             
     e( 10 - 10) =      3.94136  eV     1   --> A''            
     e( 11 - 11) =     15.29347  eV     1   --> A''            
     e( 12 - 12) =     18.63894  eV     1   --> A'             
     e( 13 - 13) =     20.09557  eV     1   --> A''            
     e( 14 - 14) =     20.67067  eV     1   --> A'             

 **************************************************************************

 **************************************************************************

                    xk=(   0.35632,   0.53753,   0.00000  )

     Band symmetry, C_s (m)     point group:

     e(  1 -  1) =    -90.49807  eV     1   --> A''            
     e(  2 -  2) =    -90.49788  eV     1   --> A'             
     e(  3 -  3) =    -10.42583  eV     1   --> A''            
     e(  4 -  4) =    -10.28624  eV     1   --> A'             
     e(  5 -  5) =      0.62813  eV     1   --> A'             
     e(  6 -  6) =      2.39069  eV     1   --> A'             
     e(  7 -  7) =      2.54791  eV     1   --> A''            
     e(  8 -  8) =      3.34004  eV     1   --> A''            
     e(  9 -  9) =      3.55042  eV     1   --> A'             
     e( 10 - 10) =      3.89532  eV     1   --> A''            
     e( 11 - 11) =     15.26740  eV     1   --> A''            
     e( 12 - 12) =     18.70614  eV     1   --> A'             
     e( 13 - 13) =     20.17096  eV     1   --> A''            
     e( 14 - 14) =     20.63417  eV     1   --> A'             

 **************************************************************************

 **************************************************************************

                    xk=(   0.35057,   0.54749,   0.00000  )

     Band symmetry, C_s (m)     point group:

     e(  1 -  1) =    -90.49804  eV     1   --> A''            
     e(  2 -  2) =    -90.49790  eV     1   --> A'             
     e(  3 -  3) =    -10.40551  eV     1   --> A''            
     e(  4 -  4) =    -10.29852  eV     1   --> A'             
     e(  5 -  5) =      0.62506  eV     1   --> A'             
     e(  6 -  6) =      2.40680  eV     1   --> A'             
     e(  7 -  7) =      2.54996  eV     1   --> A''            
     e(  8 -  8) =      3.29763  eV     1   --> A''            
     e(  9 -  9) =      3.58774  eV     1   --> A'             
     e( 10 - 10) =      3.84903  eV     1   --> A''            
     e( 11 - 11) =     15.24645  eV     1   --> A''            
     e( 12 - 12) =     18.75875  eV     1   --> A'             
     e( 13 - 13) =     20.24321  eV     1   --> A''            
     e( 14 - 14) =     20.59250  eV     1   --> A'             

 **************************************************************************

 **************************************************************************

                    xk=(   0.34483,   0.55744,   0.00000  )

     Band symmetry, C_s (m)     point group:

     e(  1 -  2) =    -90.49802  eV     2   --> A'             
     e(  1 -  2) =    -90.49802  eV     2   --> A''            
     e(  3 -  3) =    -10.38545  eV     1   --> A''            
     e(  4 -  4) =    -10.31261  eV     1   --> A'             
     e(  5 -  5) =      0.62209  eV     1   --> A'             
     e(  6 -  6) =      2.42893  eV     1   --> A'             
     e(  7 -  7) =      2.54116  eV     1   --> A''            
     e(  8 -  8) =      3.26782  eV     1   --> A''            
     e(  9 -  9) =      3.62707  eV     1   --> A'             
     e( 10 - 10) =      3.80259  eV     1   --> A''            
     e( 11 - 11) =     15.23107  eV     1   --> A''            
     e( 12 - 12) =     18.79638  eV     1   --> A'             
     e( 13 - 13) =     20.31181  eV     1   --> A''            
     e( 14 - 14) =     20.54547  eV     1   --> A'             

 **************************************************************************

 **************************************************************************

                    xk=(   0.33908,   0.56740,   0.00000  )

     Band symmetry, C_s (m)     point group:

     e(  1 -  2) =    -90.49799  eV     2   --> A'             
     e(  1 -  2) =    -90.49799  eV     2   --> A''            
     e(  3 -  3) =    -10.36576  eV     1   --> A''            
     e(  4 -  4) =    -10.32860  eV     1   --> A'             
     e(  5 -  5) =      0.61985  eV     1   --> A'             
     e(  6 -  6) =      2.45677  eV     1   --> A'             
     e(  7 -  7) =      2.52088  eV     1   --> A''            
     e(  8 -  8) =      3.25115  eV     1   --> A''            
     e(  9 -  9) =      3.66832  eV     1   --> A'             
     e( 10 - 10) =      3.75643  eV     1   --> A''            
     e( 11 - 11) =     15.22163  eV     1   --> A''            
     e( 12 - 12) =     18.81889  eV     1   --> A'             
     e( 13 - 13) =     20.37642  eV     1   --> A''            
     e( 14 - 14) =     20.49333  eV     1   --> A'             

 **************************************************************************

 **************************************************************************

                    xk=(   0.33333,   0.57735,   0.00000  )

     point group C_3v (3m)  
     there are  3 classes
     the character table:

       E     2C3   3s_v 
A_1    1.00  1.00  1.00
A_2    1.00  1.00 -1.00
E      2.00 -1.00  0.00

     the symmetry operations in each class and the name of the first element:

     E        1
                                                                 
     2C3      2    3
                                                                 
     3s_v     4    6    5
                                                                 

     Band symmetry, C_3v (3m)   point group:

     e(  1 -  2) =    -90.49796  eV     2   --> E    L_3       
     e(  3 -  4) =    -10.34654  eV     2   --> E    L_3       
     e(  5 -  5) =      0.61896  eV     1   --> A_1  L_1       
     e(  6 -  7) =      2.48993  eV     2   --> E    L_3       
     e(  8 -  8) =      3.24623  eV     1   --> A_2  L_2       
     e(  9 - 10) =      3.71141  eV     2   --> E    L_3       
     e( 11 - 11) =     15.21842  eV     1   --> A_2  L_2       
     e( 12 - 12) =     18.82636  eV     1   --> A_1  L_1       
     e( 13 - 14) =     20.43684  eV     2   --> E    L_3       

 **************************************************************************

 **************************************************************************

                    xk=(   0.32778,   0.56773,   0.00000  )

     point group C_s (m)    
     there are  2 classes
     the character table:

       E     s    
A'     1.00  1.00
A''    1.00 -1.00

     the symmetry operations in each class and the name of the first element:

     E        1
                                                                 
     s        2
                                                                 

     Band symmetry, C_s (m)     point group:

     e(  1 -  2) =    -90.49799  eV     2   --> A'             
     e(  1 -  2) =    -90.49799  eV     2   --> A''            
     e(  3 -  3) =    -10.36581  eV     1   --> A'             
     e(  4 -  4) =    -10.32851  eV     1   --> A''            
     e(  5 -  5) =      0.61998  eV     1   --> A'             
     e(  6 -  6) =      2.45173  eV     1   --> A''            
     e(  7 -  7) =      2.52666  eV     1   --> A'             
     e(  8 -  8) =      3.24955  eV     1   --> A''            
     e(  9 -  9) =      3.67049  eV     1   --> A''            
     e( 10 - 10) =      3.75474  eV     1   --> A'             
     e( 11 - 11) =     15.22148  eV     1   --> A''            
     e( 12 - 12) =     18.81946  eV     1   --> A'             
     e( 13 - 13) =     20.37921  eV     1   --> A'             
     e( 14 - 14) =     20.49122  eV     1   --> A''            

 **************************************************************************

 **************************************************************************

                    xk=(   0.32222,   0.55811,   0.00000  )

     Band symmetry, C_s (m)     point group:

     e(  1 -  1) =    -90.49802  eV     1   --> A'             
     e(  2 -  2) =    -90.49792  eV     1   --> A''            
     e(  3 -  3) =    -10.38701  eV     1   --> A'             
     e(  4 -  4) =    -10.31112  eV     1   --> A''            
     e(  5 -  5) =      0.62339  eV     1   --> A'             
     e(  6 -  6) =      2.40765  eV     1   --> A''            
     e(  7 -  7) =      2.56759  eV     1   --> A'             
     e(  8 -  8) =      3.25630  eV     1   --> A''            
     e(  9 -  9) =      3.63468  eV     1   --> A''            
     e( 10 - 10) =      3.79967  eV     1   --> A'             
     e( 11 - 11) =     15.23076  eV     1   --> A''            
     e( 12 - 12) =     18.79901  eV     1   --> A'             
     e( 13 - 13) =     20.31998  eV     1   --> A'             
     e( 14 - 14) =     20.54169  eV     1   --> A''            

 **************************************************************************

 **************************************************************************

                    xk=(   0.31667,   0.54848,   0.00000  )

     Band symmetry, C_s (m)     point group:

     e(  1 -  1) =    -90.49805  eV     1   --> A'             
     e(  2 -  2) =    -90.49789  eV     1   --> A''            
     e(  3 -  3) =    -10.41017  eV     1   --> A'             
     e(  4 -  4) =    -10.29446  eV     1   --> A''            
     e(  5 -  5) =      0.62969  eV     1   --> A'             
     e(  6 -  6) =      2.35983  eV     1   --> A''            
     e(  7 -  7) =      2.61234  eV     1   --> A'             
     e(  8 -  8) =      3.26066  eV     1   --> A''            
     e(  9 -  9) =      3.60789  eV     1   --> A''            
     e( 10 - 10) =      3.84611  eV     1   --> A'             
     e( 11 - 11) =     15.24636  eV     1   --> A''            
     e( 12 - 12) =     18.76537  eV     1   --> A'             
     e( 13 - 13) =     20.26064  eV     1   --> A'             
     e( 14 - 14) =     20.58840  eV     1   --> A''            

 **************************************************************************

 **************************************************************************

                    xk=(   0.31111,   0.53886,   0.00000  )

     Band symmetry, C_s (m)     point group:

     e(  1 -  1) =    -90.49808  eV     1   --> A'             
     e(  2 -  2) =    -90.49787  eV     1   --> A''            
     e(  3 -  3) =    -10.43533  eV     1   --> A'             
     e(  4 -  4) =    -10.27862  eV     1   --> A''            
     e(  5 -  5) =      0.63934  eV     1   --> A'             
     e(  6 -  6) =      2.31007  eV     1   --> A''            
     e(  7 -  7) =      2.66053  eV     1   --> A'             
     e(  8 -  8) =      3.25630  eV     1   --> A''            
     e(  9 -  9) =      3.59495  eV     1   --> A''            
     e( 10 - 10) =      3.89402  eV     1   --> A'             
     e( 11 - 11) =     15.26837  eV     1   --> A''            
     e( 12 - 12) =     18.71907  eV     1   --> A'             
     e( 13 - 13) =     20.20264  eV     1   --> A'             
     e( 14 - 14) =     20.63154  eV     1   --> A''            

 **************************************************************************

 **************************************************************************

                    xk=(   0.30556,   0.52924,   0.00000  )

     Band symmetry, C_s (m)     point group:

     e(  1 -  1) =    -90.49811  eV     1   --> A'             
     e(  2 -  2) =    -90.49785  eV     1   --> A''            
     e(  3 -  3) =    -10.46247  eV     1   --> A'             
     e(  4 -  4) =    -10.26369  eV     1   --> A''            
     e(  5 -  5) =      0.65276  eV     1   --> A'             
     e(  6 -  6) =      2.25973  eV     1   --> A''            
     e(  7 -  7) =      2.71182  eV     1   --> A'             
     e(  8 -  8) =      3.23880  eV     1   --> A''            
     e(  9 -  9) =      3.59915  eV     1   --> A''            
     e( 10 - 10) =      3.94330  eV     1   --> A'             
     e( 11 - 11) =     15.29680  eV     1   --> A''            
     e( 12 - 12) =     18.66074  eV     1   --> A'             
     e( 13 - 13) =     20.14729  eV     1   --> A'             
     e( 14 - 14) =     20.67135  eV     1   --> A''            

 **************************************************************************

 **************************************************************************

                    xk=(   0.30000,   0.51962,   0.00000  )

     Band symmetry, C_s (m)     point group:

     e(  1 -  1) =    -90.49815  eV     1   --> A'             
     e(  2 -  2) =    -90.49784  eV     1   --> A''            
     e(  3 -  3) =    -10.49160  eV     1   --> A'             
     e(  4 -  4) =    -10.24975  eV     1   --> A''            
     e(  5 -  5) =      0.67029  eV     1   --> A'             
     e(  6 -  6) =      2.20984  eV     1   --> A''            
     e(  7 -  7) =      2.76586  eV     1   --> A'             
     e(  8 -  8) =      3.20813  eV     1   --> A''            
     e(  9 -  9) =      3.61977  eV     1   --> A''            
     e( 10 - 10) =      3.99391  eV     1   --> A'             
     e( 11 - 11) =     15.33166  eV     1   --> A''            
     e( 12 - 12) =     18.59120  eV     1   --> A'             
     e( 13 - 13) =     20.09562  eV     1   --> A'             
     e( 14 - 14) =     20.70808  eV     1   --> A''            

 **************************************************************************

 **************************************************************************

                    xk=(   0.29444,   0.50999,   0.00000  )

     Band symmetry, C_s (m)     point group:

     e(  1 -  1) =    -90.49819  eV     1   --> A'             
     e(  2 -  2) =    -90.49782  eV     1   --> A''            
     e(  3 -  3) =    -10.52270  eV     1   --> A'             
     e(  4 -  4) =    -10.23688  eV     1   --> A''            
     e(  5 -  5) =      0.69226  eV     1   --> A'             
     e(  6 -  6) =      2.16110  eV     1   --> A''            
     e(  7 -  7) =      2.82236  eV     1   --> A'             
     e(  8 -  8) =      3.16741  eV     1   --> A''            
     e(  9 -  9) =      3.65322  eV     1   --> A''            
     e( 10 - 10) =      4.04575  eV     1   --> A'             
     e( 11 - 11) =     15.37288  eV     1   --> A''            
     e( 12 - 12) =     18.51141  eV     1   --> A'             
     e( 13 - 13) =     20.04838  eV     1   --> A'             
     e( 14 - 14) =     20.74197  eV     1   --> A''            

 **************************************************************************

 **************************************************************************

                    xk=(   0.28889,   0.50037,   0.00000  )

     Band symmetry, C_s (m)     point group:

     e(  1 -  1) =    -90.49823  eV     1   --> A'             
     e(  2 -  2) =    -90.49781  eV     1   --> A''            
     e(  3 -  3) =    -10.55573  eV     1   --> A'             
     e(  4 -  4) =    -10.22515  eV     1   --> A''            
     e(  5 -  5) =      0.71891  eV     1   --> A'             
     e(  6 -  6) =      2.11397  eV     1   --> A''            
     e(  7 -  7) =      2.88102  eV     1   --> A'             
     e(  8 -  8) =      3.12015  eV     1   --> A''            
     e(  9 -  9) =      3.69577  eV     1   --> A''            
     e( 10 - 10) =      4.09875  eV     1   --> A'             
     e( 11 - 11) =     15.42040  eV     1   --> A''            
     e( 12 - 12) =     18.42243  eV     1   --> A'             
     e( 13 - 13) =     20.00605  eV     1   --> A'             
     e( 14 - 14) =     20.77322  eV     1   --> A''            

 **************************************************************************

 **************************************************************************

                    xk=(   0.28333,   0.49075,   0.00000  )

     Band symmetry, C_s (m)     point group:

     e(  1 -  1) =    -90.49827  eV     1   --> A'             
     e(  2 -  2) =    -90.49779  eV     1   --> A''            
     e(  3 -  3) =    -10.59066  eV     1   --> A'             
     e(  4 -  4) =    -10.21463  eV     1   --> A''            
     e(  5 -  5) =      0.75046  eV     1   --> A'             
     e(  6 -  6) =      2.06870  eV     1   --> A''            
     e(  7 -  7) =      2.94157  eV     1   --> A'             
     e(  8 -  8) =      3.06907  eV     1   --> A''            
     e(  9 -  9) =      3.74466  eV     1   --> A''            
     e( 10 - 10) =      4.15282  eV     1   --> A'             
     e( 11 - 11) =     15.47411  eV     1   --> A''            
     e( 12 - 12) =     18.32545  eV     1   --> A'             
     e( 13 - 13) =     19.96883  eV     1   --> A'             
     e( 14 - 14) =     20.80198  eV     1   --> A''            

 **************************************************************************

 **************************************************************************

                    xk=(   0.27778,   0.48113,   0.00000  )

     Band symmetry, C_s (m)     point group:

     e(  1 -  1) =    -90.49831  eV     1   --> A'             
     e(  2 -  2) =    -90.49778  eV     1   --> A''            
     e(  3 -  3) =    -10.62742  eV     1   --> A'             
     e(  4 -  4) =    -10.20537  eV     1   --> A''            
     e(  5 -  5) =      0.78708  eV     1   --> A'             
     e(  6 -  6) =      2.02537  eV     1   --> A''            
     e(  7 -  7) =      3.00376  eV     1   --> A'             
     e(  8 -  8) =      3.01612  eV     1   --> A''            
     e(  9 -  9) =      3.79809  eV     1   --> A''            
     e( 10 - 10) =      4.20787  eV     1   --> A'             
     e( 11 - 11) =     15.53388  eV     1   --> A''            
     e( 12 - 12) =     18.22162  eV     1   --> A'             
     e( 13 - 13) =     19.93680  eV     1   --> A'             
     e( 14 - 14) =     20.82833  eV     1   --> A''            

 **************************************************************************

 **************************************************************************

                    xk=(   0.27222,   0.47150,   0.00000  )

     Band symmetry, C_s (m)     point group:

     e(  1 -  1) =    -90.49836  eV     1   --> A'             
     e(  2 -  2) =    -90.49777  eV     1   --> A''            
     e(  3 -  3) =    -10.66594  eV     1   --> A'             
     e(  4 -  4) =    -10.19744  eV     1   --> A''            
     e(  5 -  5) =      0.82890  eV     1   --> A'             
     e(  6 -  6) =      1.98391  eV     1   --> A''            
     e(  7 -  7) =      2.96274  eV     1   --> A''            
     e(  8 -  8) =      3.06738  eV     1   --> A'             
     e(  9 -  9) =      3.85487  eV     1   --> A''            
     e( 10 - 10) =      4.26381  eV     1   --> A'             
     e( 11 - 11) =     15.59953  eV     1   --> A''            
     e( 12 - 12) =     18.11210  eV     1   --> A'             
     e( 13 - 13) =     19.90988  eV     1   --> A'             
     e( 14 - 14) =     20.85222  eV     1   --> A''            

 **************************************************************************

 **************************************************************************

                    xk=(   0.26667,   0.46188,   0.00000  )

     Band symmetry, C_s (m)     point group:

     e(  1 -  1) =    -90.49841  eV     1   --> A'             
     e(  2 -  2) =    -90.49776  eV     1   --> A''            
     e(  3 -  3) =    -10.70615  eV     1   --> A'             
     e(  4 -  4) =    -10.19087  eV     1   --> A''            
     e(  5 -  5) =      0.87600  eV     1   --> A'             
     e(  6 -  6) =      1.94408  eV     1   --> A''            
     e(  7 -  7) =      2.91013  eV     1   --> A''            
     e(  8 -  8) =      3.13221  eV     1   --> A'             
     e(  9 -  9) =      3.91422  eV     1   --> A''            
     e( 10 - 10) =      4.32054  eV     1   --> A'             
     e( 11 - 11) =     15.67090  eV     1   --> A''            
     e( 12 - 12) =     17.99796  eV     1   --> A'             
     e( 13 - 13) =     19.88796  eV     1   --> A'             
     e( 14 - 14) =     20.87346  eV     1   --> A''            

 **************************************************************************

 **************************************************************************

                    xk=(   0.26111,   0.45226,   0.00000  )

     Band symmetry, C_s (m)     point group:

     e(  1 -  1) =    -90.49846  eV     1   --> A'             
     e(  2 -  2) =    -90.49776  eV     1   --> A''            
     e(  3 -  3) =    -10.74796  eV     1   --> A'             
     e(  4 -  4) =    -10.18571  eV     1   --> A''            
     e(  5 -  5) =      0.92843  eV     1   --> A'             
     e(  6 -  6) =      1.90552  eV     1   --> A''            
     e(  7 -  7) =      2.85939  eV     1   --> A''            
     e(  8 -  8) =      3.19806  eV     1   --> A'             
     e(  9 -  9) =      3.97557  eV     1   --> A''            
     e( 10 - 10) =      4.37794  eV     1   --> A'             
     e( 11 - 11) =     15.74778  eV     1   --> A''            
     e( 12 - 12) =     17.88016  eV     1   --> A'             
     e( 13 - 13) =     19.87088  eV     1   --> A'             
     e( 14 - 14) =     20.89169  eV     1   --> A''            

 **************************************************************************

 **************************************************************************

                    xk=(   0.25556,   0.44264,   0.00000  )

     Band symmetry, C_s (m)     point group:

     e(  1 -  1) =    -90.49851  eV     1   --> A'             
     e(  2 -  2) =    -90.49775  eV     1   --> A''            
     e(  3 -  3) =    -10.79127  eV     1   --> A'             
     e(  4 -  4) =    -10.18198  eV     1   --> A''            
     e(  5 -  5) =      0.98622  eV     1   --> A'             
     e(  6 -  6) =      1.86772  eV     1   --> A''            
     e(  7 -  7) =      2.81158  eV     1   --> A''            
     e(  8 -  8) =      3.26475  eV     1   --> A'             
     e(  9 -  9) =      4.03851  eV     1   --> A''            
     e( 10 - 10) =      4.43590  eV     1   --> A'             
     e( 11 - 11) =     15.82995  eV     1   --> A''            
     e( 12 - 12) =     17.75958  eV     1   --> A'             
     e( 13 - 13) =     19.85851  eV     1   --> A'             
     e( 14 - 14) =     20.90630  eV     1   --> A''            

 **************************************************************************

 **************************************************************************

                    xk=(   0.25000,   0.43301,   0.00000  )

     Band symmetry, C_s (m)     point group:

     e(  1 -  1) =    -90.49857  eV     1   --> A'             
     e(  2 -  2) =    -90.49775  eV     1   --> A''            
     e(  3 -  3) =    -10.83598  eV     1   --> A'             
     e(  4 -  4) =    -10.17969  eV     1   --> A''            
     e(  5 -  5) =      1.04935  eV     1   --> A'             
     e(  6 -  6) =      1.83008  eV     1   --> A''            
     e(  7 -  7) =      2.76775  eV     1   --> A''            
     e(  8 -  8) =      3.33211  eV     1   --> A'             
     e(  9 -  9) =      4.10271  eV     1   --> A''            
     e( 10 - 10) =      4.49432  eV     1   --> A'             
     e( 11 - 11) =     15.91718  eV     1   --> A''            
     e( 12 - 12) =     17.63697  eV     1   --> A'             
     e( 13 - 13) =     19.85069  eV     1   --> A'             
     e( 14 - 14) =     20.91643  eV     1   --> A''            

 **************************************************************************

 **************************************************************************

                    xk=(   0.24444,   0.42339,   0.00000  )

     Band symmetry, C_s (m)     point group:

     e(  1 -  1) =    -90.49862  eV     1   --> A'             
     e(  2 -  2) =    -90.49775  eV     1   --> A''            
     e(  3 -  3) =    -10.88196  eV     1   --> A'             
     e(  4 -  4) =    -10.17886  eV     1   --> A''            
     e(  5 -  5) =      1.11779  eV     1   --> A'             
     e(  6 -  6) =      1.79192  eV     1   --> A''            
     e(  7 -  7) =      2.72894  eV     1   --> A''            
     e(  8 -  8) =      3.40000  eV     1   --> A'             
     e(  9 -  9) =      4.16790  eV     1   --> A''            
     e( 10 - 10) =      4.55306  eV     1   --> A'             
     e( 11 - 11) =     16.00921  eV     1   --> A''            
     e( 12 - 12) =     17.51298  eV     1   --> A'             
     e( 13 - 13) =     19.84729  eV     1   --> A'             
     e( 14 - 14) =     20.92084  eV     1   --> A''            

 **************************************************************************

 **************************************************************************

                    xk=(   0.23889,   0.41377,   0.00000  )

     Band symmetry, C_s (m)     point group:

     e(  1 -  1) =    -90.49868  eV     1   --> A'             
     e(  2 -  2) =    -90.49775  eV     1   --> A''            
     e(  3 -  3) =    -10.92911  eV     1   --> A'             
     e(  4 -  4) =    -10.17949  eV     1   --> A''            
     e(  5 -  5) =      1.19147  eV     1   --> A'             
     e(  6 -  6) =      1.75254  eV     1   --> A''            
     e(  7 -  7) =      2.69614  eV     1   --> A''            
     e(  8 -  8) =      3.46827  eV     1   --> A'             
     e(  9 -  9) =      4.23387  eV     1   --> A''            
     e( 10 - 10) =      4.61200  eV     1   --> A'             
     e( 11 - 11) =     16.10578  eV     1   --> A''            
     e( 12 - 12) =     17.38817  eV     1   --> A'             
     e( 13 - 13) =     19.84819  eV     1   --> A'             
     e( 14 - 14) =     20.91801  eV     1   --> A''            

 **************************************************************************

 **************************************************************************

                    xk=(   0.23333,   0.40415,   0.00000  )

     Band symmetry, C_s (m)     point group:

     e(  1 -  1) =    -90.49874  eV     1   --> A'             
     e(  2 -  2) =    -90.49776  eV     1   --> A''            
     e(  3 -  3) =    -10.97730  eV     1   --> A'             
     e(  4 -  4) =    -10.18157  eV     1   --> A''            
     e(  5 -  5) =      1.27030  eV     1   --> A'             
     e(  6 -  6) =      1.71129  eV     1   --> A''            
     e(  7 -  7) =      2.67027  eV     1   --> A''            
     e(  8 -  8) =      3.53678  eV     1   --> A'             
     e(  9 -  9) =      4.30043  eV     1   --> A''            
     e( 10 - 10) =      4.67102  eV     1   --> A'             
     e( 11 - 11) =     16.20661  eV     1   --> A''            
     e( 12 - 12) =     17.26302  eV     1   --> A'             
     e( 13 - 13) =     19.85326  eV     1   --> A'             
     e( 14 - 14) =     20.90611  eV     1   --> A''            

 **************************************************************************

 **************************************************************************

                    xk=(   0.22778,   0.39452,   0.00000  )

     Band symmetry, C_s (m)     point group:

     e(  1 -  1) =    -90.49880  eV     1   --> A'             
     e(  2 -  2) =    -90.49776  eV     1   --> A''            
     e(  3 -  3) =    -11.02640  eV     1   --> A'             
     e(  4 -  4) =    -10.18508  eV     1   --> A''            
     e(  5 -  5) =      1.35419  eV     1   --> A'             
     e(  6 -  6) =      1.66763  eV     1   --> A''            
     e(  7 -  7) =      2.65205  eV     1   --> A''            
     e(  8 -  8) =      3.60542  eV     1   --> A'             
     e(  9 -  9) =      4.36739  eV     1   --> A''            
     e( 10 - 10) =      4.72998  eV     1   --> A'             
     e( 11 - 11) =     16.31142  eV     1   --> A''            
     e( 12 - 12) =     17.13793  eV     1   --> A'             
     e( 13 - 13) =     19.86237  eV     1   --> A'             
     e( 14 - 14) =     20.88331  eV     1   --> A''            

 **************************************************************************

 **************************************************************************

                    xk=(   0.22222,   0.38490,   0.00000  )

     Band symmetry, C_s (m)     point group:

     e(  1 -  1) =    -90.49887  eV     1   --> A'             
     e(  2 -  2) =    -90.49777  eV     1   --> A''            
     e(  3 -  3) =    -11.07628  eV     1   --> A'             
     e(  4 -  4) =    -10.18999  eV     1   --> A''            
     e(  5 -  5) =      1.44299  eV     1   --> A'             
     e(  6 -  6) =      1.62120  eV     1   --> A''            
     e(  7 -  7) =      2.64200  eV     1   --> A''            
     e(  8 -  8) =      3.67408  eV     1   --> A'             
     e(  9 -  9) =      4.43460  eV     1   --> A''            
     e( 10 - 10) =      4.78876  eV     1   --> A'             
     e( 11 - 11) =     16.41990  eV     1   --> A''            
     e( 12 - 12) =     17.01323  eV     1   --> A'             
     e( 13 - 13) =     19.87535  eV     1   --> A'             
     e( 14 - 14) =     20.84817  eV     1   --> A''            

 **************************************************************************

 **************************************************************************

                    xk=(   0.21667,   0.37528,   0.00000  )

     Band symmetry, C_s (m)     point group:

     e(  1 -  1) =    -90.49893  eV     1   --> A'             
     e(  2 -  2) =    -90.49778  eV     1   --> A''            
     e(  3 -  3) =    -11.12681  eV     1   --> A'             
     e(  4 -  4) =    -10.19627  eV     1   --> A''            
     e(  5 -  5) =      1.53657  eV     1   --> A'             
     e(  6 -  6) =      1.57186  eV     1   --> A''            
     e(  7 -  7) =      2.64040  eV     1   --> A''            
     e(  8 -  8) =      3.74263  eV     1   --> A'             
     e(  9 -  9) =      4.50191  eV     1   --> A''            
     e( 10 - 10) =      4.84722  eV     1   --> A'             
     e( 11 - 11) =     16.53175  eV     1   --> A''            
     e( 12 - 12) =     16.88921  eV     1   --> A'             
     e( 13 - 13) =     19.89202  eV     1   --> A'             
     e( 14 - 14) =     20.80004  eV     1   --> A''            

 **************************************************************************

 **************************************************************************

                    xk=(   0.21111,   0.36566,   0.00000  )

     Band symmetry, C_s (m)     point group:

     e(  1 -  1) =    -90.49900  eV     1   --> A'             
     e(  2 -  2) =    -90.49779  eV     1   --> A''            
     e(  3 -  3) =    -11.17785  eV     1   --> A'             
     e(  4 -  4) =    -10.20387  eV     1   --> A''            
     e(  5 -  5) =      1.51965  eV     1   --> A''            
     e(  6 -  6) =      1.63476  eV     1   --> A'             
     e(  7 -  7) =      2.64730  eV     1   --> A''            
     e(  8 -  8) =      3.81099  eV     1   --> A'             
     e(  9 -  9) =      4.56918  eV     1   --> A''            
     e( 10 - 10) =      4.90524  eV     1   --> A'             
     e( 11 - 11) =     16.64665  eV     1   --> A''            
     e( 12 - 12) =     16.76611  eV     1   --> A'             
     e( 13 - 13) =     19.91217  eV     1   --> A'             
     e( 14 - 14) =     20.73932  eV     1   --> A''            

 **************************************************************************

 **************************************************************************

                    xk=(   0.20556,   0.35603,   0.00000  )

     Band symmetry, C_s (m)     point group:

     e(  1 -  1) =    -90.49907  eV     1   --> A'             
     e(  2 -  2) =    -90.49780  eV     1   --> A''            
     e(  3 -  3) =    -11.22928  eV     1   --> A'             
     e(  4 -  4) =    -10.21274  eV     1   --> A''            
     e(  5 -  5) =      1.46479  eV     1   --> A''            
     e(  6 -  6) =      1.73737  eV     1   --> A'             
     e(  7 -  7) =      2.66255  eV     1   --> A''            
     e(  8 -  8) =      3.87906  eV     1   --> A'             
     e(  9 -  9) =      4.63628  eV     1   --> A''            
     e( 10 - 10) =      4.96268  eV     1   --> A'             
     e( 11 - 11) =     16.64410  eV     1   --> A'             
     e( 12 - 12) =     16.76428  eV     1   --> A''            
     e( 13 - 13) =     19.93552  eV     1   --> A'             
     e( 14 - 14) =     20.66738  eV     1   --> A''            

 **************************************************************************

 **************************************************************************

                    xk=(   0.20000,   0.34641,   0.00000  )

     Band symmetry, C_s (m)     point group:

     e(  1 -  1) =    -90.49914  eV     1   --> A'             
     e(  2 -  2) =    -90.49781  eV     1   --> A''            
     e(  3 -  3) =    -11.28096  eV     1   --> A'             
     e(  4 -  4) =    -10.22281  eV     1   --> A''            
     e(  5 -  5) =      1.40760  eV     1   --> A''            
     e(  6 -  6) =      1.84422  eV     1   --> A'             
     e(  7 -  7) =      2.68585  eV     1   --> A''            
     e(  8 -  8) =      3.94674  eV     1   --> A'             
     e(  9 -  9) =      4.70307  eV     1   --> A''            
     e( 10 - 10) =      5.01943  eV     1   --> A'             
     e( 11 - 11) =     16.52335  eV     1   --> A'             
     e( 12 - 12) =     16.88430  eV     1   --> A''            
     e( 13 - 13) =     19.96173  eV     1   --> A'             
     e( 14 - 14) =     20.58616  eV     1   --> A''            

 **************************************************************************

 **************************************************************************

                    xk=(   0.19444,   0.33679,   0.00000  )

     Band symmetry, C_s (m)     point group:

     e(  1 -  1) =    -90.49920  eV     1   --> A'             
     e(  2 -  2) =    -90.49783  eV     1   --> A''            
     e(  3 -  3) =    -11.33276  eV     1   --> A'             
     e(  4 -  4) =    -10.23403  eV     1   --> A''            
     e(  5 -  5) =      1.34849  eV     1   --> A''            
     e(  6 -  6) =      1.95508  eV     1   --> A'             
     e(  7 -  7) =      2.71682  eV     1   --> A''            
     e(  8 -  8) =      4.01396  eV     1   --> A'             
     e(  9 -  9) =      4.76943  eV     1   --> A''            
     e( 10 - 10) =      5.07536  eV     1   --> A'             
     e( 11 - 11) =     16.40397  eV     1   --> A'             
     e( 12 - 12) =     17.00637  eV     1   --> A''            
     e( 13 - 13) =     19.99040  eV     1   --> A'             
     e( 14 - 14) =     20.49772  eV     1   --> A''            

 **************************************************************************

 **************************************************************************

                    xk=(   0.18889,   0.32717,   0.00000  )

     Band symmetry, C_s (m)     point group:

     e(  1 -  1) =    -90.49927  eV     1   --> A'             
     e(  2 -  2) =    -90.49785  eV     1   --> A''            
     e(  3 -  3) =    -11.38454  eV     1   --> A'             
     e(  4 -  4) =    -10.24631  eV     1   --> A''            
     e(  5 -  5) =      1.28788  eV     1   --> A''            
     e(  6 -  6) =      2.06974  eV     1   --> A'             
     e(  7 -  7) =      2.75500  eV     1   --> A''            
     e(  8 -  8) =      4.08065  eV     1   --> A'             
     e(  9 -  9) =      4.83523  eV     1   --> A''            
     e( 10 - 10) =      5.13036  eV     1   --> A'             
     e( 11 - 11) =     16.28607  eV     1   --> A'             
     e( 12 - 12) =     17.13012  eV     1   --> A''            
     e( 13 - 13) =     20.02106  eV     1   --> A'             
     e( 14 - 14) =     20.40399  eV     1   --> A''            

 **************************************************************************

 **************************************************************************

                    xk=(   0.18333,   0.31754,   0.00000  )

     Band symmetry, C_s (m)     point group:

     e(  1 -  1) =    -90.49935  eV     1   --> A'             
     e(  2 -  2) =    -90.49786  eV     1   --> A''            
     e(  3 -  3) =    -11.43619  eV     1   --> A'             
     e(  4 -  4) =    -10.25959  eV     1   --> A''            
     e(  5 -  5) =      1.22619  eV     1   --> A''            
     e(  6 -  6) =      2.18793  eV     1   --> A'             
     e(  7 -  7) =      2.79994  eV     1   --> A''            
     e(  8 -  8) =      4.14672  eV     1   --> A'             
     e(  9 -  9) =      4.90035  eV     1   --> A''            
     e( 10 - 10) =      5.18433  eV     1   --> A'             
     e( 11 - 11) =     16.16970  eV     1   --> A'             
     e( 12 - 12) =     17.25520  eV     1   --> A''            
     e( 13 - 13) =     20.05312  eV     1   --> A'             
     e( 14 - 14) =     20.30661  eV     1   --> A''            

 **************************************************************************

 **************************************************************************

                    xk=(   0.17778,   0.30792,   0.00000  )

     Band symmetry, C_s (m)     point group:

     e(  1 -  1) =    -90.49942  eV     1   --> A'             
     e(  2 -  2) =    -90.49788  eV     1   --> A''            
     e(  3 -  3) =    -11.48757  eV     1   --> A'             
     e(  4 -  4) =    -10.27377  eV     1   --> A''            
     e(  5 -  5) =      1.16382  eV     1   --> A''            
     e(  6 -  6) =      2.30941  eV     1   --> A'             
     e(  7 -  7) =      2.85117  eV     1   --> A''            
     e(  8 -  8) =      4.21211  eV     1   --> A'             
     e(  9 -  9) =      4.96468  eV     1   --> A''            
     e( 10 - 10) =      5.23715  eV     1   --> A'             
     e( 11 - 11) =     16.05491  eV     1   --> A'             
     e( 12 - 12) =     17.38120  eV     1   --> A''            
     e( 13 - 13) =     20.08594  eV     1   --> A'             
     e( 14 - 14) =     20.20692  eV     1   --> A''            

 **************************************************************************

 **************************************************************************

                    xk=(   0.17222,   0.29830,   0.00000  )

     Band symmetry, C_s (m)     point group:

     e(  1 -  1) =    -90.49949  eV     1   --> A'             
     e(  2 -  2) =    -90.49790  eV     1   --> A''            
     e(  3 -  3) =    -11.53857  eV     1   --> A'             
     e(  4 -  4) =    -10.28877  eV     1   --> A''            
     e(  5 -  5) =      1.10113  eV     1   --> A''            
     e(  6 -  6) =      2.43389  eV     1   --> A'             
     e(  7 -  7) =      2.90823  eV     1   --> A''            
     e(  8 -  8) =      4.27678  eV     1   --> A'             
     e(  9 -  9) =      5.02808  eV     1   --> A''            
     e( 10 - 10) =      5.28873  eV     1   --> A'             
     e( 11 - 11) =     15.94174  eV     1   --> A'             
     e( 12 - 12) =     17.50769  eV     1   --> A''            
     e( 13 - 13) =     20.10605  eV     1   --> A''            
     e( 14 - 14) =     20.11876  eV     1   --> A'             

 **************************************************************************

 **************************************************************************

                    xk=(   0.16667,   0.28868,   0.00000  )

     Band symmetry, C_s (m)     point group:

     e(  1 -  1) =    -90.49956  eV     1   --> A'             
     e(  2 -  2) =    -90.49793  eV     1   --> A''            
     e(  3 -  3) =    -11.58907  eV     1   --> A'             
     e(  4 -  4) =    -10.30450  eV     1   --> A''            
     e(  5 -  5) =      1.03846  eV     1   --> A''            
     e(  6 -  6) =      2.56107  eV     1   --> A'             
     e(  7 -  7) =      2.97067  eV     1   --> A''            
     e(  8 -  8) =      4.34066  eV     1   --> A'             
     e(  9 -  9) =      5.09044  eV     1   --> A''            
     e( 10 - 10) =      5.33900  eV     1   --> A'             
     e( 11 - 11) =     15.83019  eV     1   --> A'             
     e( 12 - 12) =     17.63423  eV     1   --> A''            
     e( 13 - 13) =     20.00492  eV     1   --> A''            
     e( 14 - 14) =     20.15078  eV     1   --> A'             

 **************************************************************************

 **************************************************************************

                    xk=(   0.16111,   0.27905,   0.00000  )

     Band symmetry, C_s (m)     point group:

     e(  1 -  1) =    -90.49963  eV     1   --> A'             
     e(  2 -  2) =    -90.49795  eV     1   --> A''            
     e(  3 -  3) =    -11.63895  eV     1   --> A'             
     e(  4 -  4) =    -10.32087  eV     1   --> A''            
     e(  5 -  5) =      0.97609  eV     1   --> A''            
     e(  6 -  6) =      2.69063  eV     1   --> A'             
     e(  7 -  7) =      3.03805  eV     1   --> A''            
     e(  8 -  8) =      4.40372  eV     1   --> A'             
     e(  9 -  9) =      5.15166  eV     1   --> A''            
     e( 10 - 10) =      5.38787  eV     1   --> A'             
     e( 11 - 11) =     15.72027  eV     1   --> A'             
     e( 12 - 12) =     17.76025  eV     1   --> A''            
     e( 13 - 13) =     19.90436  eV     1   --> A''            
     e( 14 - 14) =     20.18118  eV     1   --> A'             

 **************************************************************************

 **************************************************************************

                    xk=(   0.15556,   0.26943,   0.00000  )

     Band symmetry, C_s (m)     point group:

     e(  1 -  1) =    -90.49970  eV     1   --> A'             
     e(  2 -  2) =    -90.49797  eV     1   --> A''            
     e(  3 -  3) =    -11.68811  eV     1   --> A'             
     e(  4 -  4) =    -10.33778  eV     1   --> A''            
     e(  5 -  5) =      0.91429  eV     1   --> A''            
     e(  6 -  6) =      2.82221  eV     1   --> A'             
     e(  7 -  7) =      3.10995  eV     1   --> A''            
     e(  8 -  8) =      4.46594  eV     1   --> A'             
     e(  9 -  9) =      5.21160  eV     1   --> A''            
     e( 10 - 10) =      5.43527  eV     1   --> A'             
     e( 11 - 11) =     15.61197  eV     1   --> A'             
     e( 12 - 12) =     17.88510  eV     1   --> A''            
     e( 13 - 13) =     19.80520  eV     1   --> A''            
     e( 14 - 14) =     20.20914  eV     1   --> A'             

 **************************************************************************

 **************************************************************************

                    xk=(   0.15000,   0.25981,   0.00000  )

     Band symmetry, C_s (m)     point group:

     e(  1 -  1) =    -90.49978  eV     1   --> A'             
     e(  2 -  2) =    -90.49800  eV     1   --> A''            
     e(  3 -  3) =    -11.73643  eV     1   --> A'             
     e(  4 -  4) =    -10.35514  eV     1   --> A''            
     e(  5 -  5) =      0.85330  eV     1   --> A''            
     e(  6 -  6) =      2.95544  eV     1   --> A'             
     e(  7 -  7) =      3.18594  eV     1   --> A''            
     e(  8 -  8) =      4.52731  eV     1   --> A'             
     e(  9 -  9) =      5.27016  eV     1   --> A''            
     e( 10 - 10) =      5.48114  eV     1   --> A'             
     e( 11 - 11) =     15.50527  eV     1   --> A'             
     e( 12 - 12) =     18.00796  eV     1   --> A''            
     e( 13 - 13) =     19.70835  eV     1   --> A''            
     e( 14 - 14) =     20.23398  eV     1   --> A'             

 **************************************************************************

 **************************************************************************

                    xk=(   0.14444,   0.25019,   0.00000  )

     Band symmetry, C_s (m)     point group:

     e(  1 -  1) =    -90.49985  eV     1   --> A'             
     e(  2 -  2) =    -90.49802  eV     1   --> A''            
     e(  3 -  3) =    -11.78383  eV     1   --> A'             
     e(  4 -  4) =    -10.37284  eV     1   --> A''            
     e(  5 -  5) =      0.79333  eV     1   --> A''            
     e(  6 -  6) =      3.08992  eV     1   --> A'             
     e(  7 -  7) =      3.26562  eV     1   --> A''            
     e(  8 -  8) =      4.58783  eV     1   --> A'             
     e(  9 -  9) =      5.32722  eV     1   --> A''            
     e( 10 - 10) =      5.52543  eV     1   --> A'             
     e( 11 - 11) =     15.40015  eV     1   --> A'             
     e( 12 - 12) =     18.12766  eV     1   --> A''            
     e( 13 - 13) =     19.61495  eV     1   --> A''            
     e( 14 - 14) =     20.25516  eV     1   --> A'             

 **************************************************************************

 **************************************************************************

                    xk=(   0.13889,   0.24056,   0.00000  )

     Band symmetry, C_s (m)     point group:

     e(  1 -  1) =    -90.49992  eV     1   --> A'             
     e(  2 -  2) =    -90.49805  eV     1   --> A''            
     e(  3 -  3) =    -11.83019  eV     1   --> A'             
     e(  4 -  4) =    -10.39080  eV     1   --> A''            
     e(  5 -  5) =      0.73455  eV     1   --> A''            
     e(  6 -  6) =      3.22518  eV     1   --> A'             
     e(  7 -  7) =      3.34855  eV     1   --> A''            
     e(  8 -  8) =      4.64754  eV     1   --> A'             
     e(  9 -  9) =      5.38269  eV     1   --> A''            
     e( 10 - 10) =      5.56809  eV     1   --> A'             
     e( 11 - 11) =     15.29658  eV     1   --> A'             
     e( 12 - 12) =     18.24253  eV     1   --> A''            
     e( 13 - 13) =     19.52664  eV     1   --> A''            
     e( 14 - 14) =     20.27238  eV     1   --> A'             

 **************************************************************************

 **************************************************************************

                    xk=(   0.13333,   0.23094,   0.00000  )

     Band symmetry, C_s (m)     point group:

     e(  1 -  1) =    -90.49999  eV     1   --> A'             
     e(  2 -  2) =    -90.49807  eV     1   --> A''            
     e(  3 -  3) =    -11.87543  eV     1   --> A'             
     e(  4 -  4) =    -10.40892  eV     1   --> A''            
     e(  5 -  5) =      0.67714  eV     1   --> A''            
     e(  6 -  6) =      3.36075  eV     1   --> A'             
     e(  7 -  7) =      3.43432  eV     1   --> A''            
     e(  8 -  8) =      4.70650  eV     1   --> A'             
     e(  9 -  9) =      5.43643  eV     1   --> A''            
     e( 10 - 10) =      5.60910  eV     1   --> A'             
     e( 11 - 11) =     15.19456  eV     1   --> A'             
     e( 12 - 12) =     18.34994  eV     1   --> A''            
     e( 13 - 13) =     19.44597  eV     1   --> A''            
     e( 14 - 14) =     20.28562  eV     1   --> A'             

 **************************************************************************

 **************************************************************************

                    xk=(   0.12778,   0.22132,   0.00000  )

     Band symmetry, C_s (m)     point group:

     e(  1 -  1) =    -90.50005  eV     1   --> A'             
     e(  2 -  2) =    -90.49810  eV     1   --> A''            
     e(  3 -  3) =    -11.91946  eV     1   --> A'             
     e(  4 -  4) =    -10.42710  eV     1   --> A''            
     e(  5 -  5) =      0.62124  eV     1   --> A''            
     e(  6 -  6) =      3.49606  eV     1   --> A'             
     e(  7 -  7) =      3.52252  eV     1   --> A''            
     e(  8 -  8) =      4.76480  eV     1   --> A'             
     e(  9 -  9) =      5.48836  eV     1   --> A''            
     e( 10 - 10) =      5.64842  eV     1   --> A'             
     e( 11 - 11) =     15.09408  eV     1   --> A'             
     e( 12 - 12) =     18.44567  eV     1   --> A''            
     e( 13 - 13) =     19.37706  eV     1   --> A''            
     e( 14 - 14) =     20.29510  eV     1   --> A'             

 **************************************************************************

 **************************************************************************

                    xk=(   0.12222,   0.21170,   0.00000  )

     Band symmetry, C_s (m)     point group:

     e(  1 -  1) =    -90.50012  eV     1   --> A'             
     e(  2 -  2) =    -90.49812  eV     1   --> A''            
     e(  3 -  3) =    -11.96220  eV     1   --> A'             
     e(  4 -  4) =    -10.44526  eV     1   --> A''            
     e(  5 -  5) =      0.56699  eV     1   --> A''            
     e(  6 -  6) =      3.61270  eV     1   --> A''            
     e(  7 -  7) =      3.63051  eV     1   --> A'             
     e(  8 -  8) =      4.82261  eV     1   --> A'             
     e(  9 -  9) =      5.53837  eV     1   --> A''            
     e( 10 - 10) =      5.68603  eV     1   --> A'             
     e( 11 - 11) =     14.99512  eV     1   --> A'             
     e( 12 - 12) =     18.52311  eV     1   --> A''            
     e( 13 - 13) =     19.32640  eV     1   --> A''            
     e( 14 - 14) =     20.30126  eV     1   --> A'             

 **************************************************************************

 **************************************************************************

                    xk=(   0.11667,   0.20207,   0.00000  )

     Band symmetry, C_s (m)     point group:

     e(  1 -  1) =    -90.50019  eV     1   --> A'             
     e(  2 -  2) =    -90.49815  eV     1   --> A''            
     e(  3 -  3) =    -12.00356  eV     1   --> A'             
     e(  4 -  4) =    -10.46328  eV     1   --> A''            
     e(  5 -  5) =      0.51450  eV     1   --> A''            
     e(  6 -  6) =      3.70444  eV     1   --> A''            
     e(  7 -  7) =      3.76341  eV     1   --> A'             
     e(  8 -  8) =      4.88011  eV     1   --> A'             
     e(  9 -  9) =      5.58635  eV     1   --> A''            
     e( 10 - 10) =      5.72192  eV     1   --> A'             
     e( 11 - 11) =     14.89772  eV     1   --> A'             
     e( 12 - 12) =     18.57346  eV     1   --> A''            
     e( 13 - 13) =     19.30270  eV     1   --> A''            
     e( 14 - 14) =     20.30462  eV     1   --> A'             

 **************************************************************************

 **************************************************************************

                    xk=(   0.11111,   0.19245,   0.00000  )

     Band symmetry, C_s (m)     point group:

     e(  1 -  1) =    -90.50025  eV     1   --> A'             
     e(  2 -  2) =    -90.49818  eV     1   --> A''            
     e(  3 -  3) =    -12.04348  eV     1   --> A'             
     e(  4 -  4) =    -10.48110  eV     1   --> A''            
     e(  5 -  5) =      0.46388  eV     1   --> A''            
     e(  6 -  6) =      3.79727  eV     1   --> A''            
     e(  7 -  7) =      3.89397  eV     1   --> A'             
     e(  8 -  8) =      4.93759  eV     1   --> A'             
     e(  9 -  9) =      5.63221  eV     1   --> A''            
     e( 10 - 10) =      5.75608  eV     1   --> A'             
     e( 11 - 11) =     14.80190  eV     1   --> A'             
     e( 12 - 12) =     18.58949  eV     1   --> A''            
     e( 13 - 13) =     19.31308  eV     1   --> A''            
     e( 14 - 14) =     20.30581  eV     1   --> A'             

 **************************************************************************

 **************************************************************************

                    xk=(   0.10556,   0.18283,   0.00000  )

     Band symmetry, C_s (m)     point group:

     e(  1 -  1) =    -90.50031  eV     1   --> A'             
     e(  2 -  2) =    -90.49820  eV     1   --> A''            
     e(  3 -  3) =    -12.08187  eV     1   --> A'             
     e(  4 -  4) =    -10.49863  eV     1   --> A''            
     e(  5 -  5) =      0.41523  eV     1   --> A''            
     e(  6 -  6) =      3.89075  eV     1   --> A''            
     e(  7 -  7) =      4.02131  eV     1   --> A'             
     e(  8 -  8) =      4.99539  eV     1   --> A'             
     e(  9 -  9) =      5.67585  eV     1   --> A''            
     e( 10 - 10) =      5.78851  eV     1   --> A'             
     e( 11 - 11) =     14.70774  eV     1   --> A'             
     e( 12 - 12) =     18.57172  eV     1   --> A''            
     e( 13 - 13) =     19.35692  eV     1   --> A''            
     e( 14 - 14) =     20.30542  eV     1   --> A'             

 **************************************************************************

 **************************************************************************

                    xk=(   0.10000,   0.17321,   0.00000  )

     Band symmetry, C_s (m)     point group:

     e(  1 -  1) =    -90.50037  eV     1   --> A'             
     e(  2 -  2) =    -90.49823  eV     1   --> A''            
     e(  3 -  3) =    -12.11868  eV     1   --> A'             
     e(  4 -  4) =    -10.51577  eV     1   --> A''            
     e(  5 -  5) =      0.36863  eV     1   --> A''            
     e(  6 -  6) =      3.98439  eV     1   --> A''            
     e(  7 -  7) =      4.14445  eV     1   --> A'             
     e(  8 -  8) =      5.05395  eV     1   --> A'             
     e(  9 -  9) =      5.71720  eV     1   --> A''            
     e( 10 - 10) =      5.81921  eV     1   --> A'             
     e( 11 - 11) =     14.61531  eV     1   --> A'             
     e( 12 - 12) =     18.52828  eV     1   --> A''            
     e( 13 - 13) =     19.42602  eV     1   --> A''            
     e( 14 - 14) =     20.30401  eV     1   --> A'             

 **************************************************************************

 **************************************************************************

                    xk=(   0.09444,   0.16358,   0.00000  )

     Band symmetry, C_s (m)     point group:

     e(  1 -  1) =    -90.50043  eV     1   --> A'             
     e(  2 -  2) =    -90.49825  eV     1   --> A''            
     e(  3 -  3) =    -12.15383  eV     1   --> A'             
     e(  4 -  4) =    -10.53246  eV     1   --> A''            
     e(  5 -  5) =      0.32417  eV     1   --> A''            
     e(  6 -  6) =      4.07772  eV     1   --> A''            
     e(  7 -  7) =      4.26229  eV     1   --> A'             
     e(  8 -  8) =      5.11379  eV     1   --> A'             
     e(  9 -  9) =      5.75615  eV     1   --> A''            
     e( 10 - 10) =      5.84817  eV     1   --> A'             
     e( 11 - 11) =     14.52476  eV     1   --> A'             
     e( 12 - 12) =     18.46861  eV     1   --> A''            
     e( 13 - 13) =     19.51087  eV     1   --> A''            
     e( 14 - 14) =     20.30205  eV     1   --> A'             

 **************************************************************************

 **************************************************************************

                    xk=(   0.08889,   0.15396,   0.00000  )

     Band symmetry, C_s (m)     point group:

     e(  1 -  1) =    -90.50049  eV     1   --> A'             
     e(  2 -  2) =    -90.49828  eV     1   --> A''            
     e(  3 -  3) =    -12.18728  eV     1   --> A'             
     e(  4 -  4) =    -10.54861  eV     1   --> A''            
     e(  5 -  5) =      0.28191  eV     1   --> A''            
     e(  6 -  6) =      4.17023  eV     1   --> A''            
     e(  7 -  7) =      4.37368  eV     1   --> A'             
     e(  8 -  8) =      5.17545  eV     1   --> A'             
     e(  9 -  9) =      5.79265  eV     1   --> A''            
     e( 10 - 10) =      5.87542  eV     1   --> A'             
     e( 11 - 11) =     14.43624  eV     1   --> A'             
     e( 12 - 12) =     18.39972  eV     1   --> A''            
     e( 13 - 13) =     19.60442  eV     1   --> A''            
     e( 14 - 14) =     20.29994  eV     1   --> A'             

 **************************************************************************

 **************************************************************************

                    xk=(   0.08333,   0.14434,   0.00000  )

     Band symmetry, C_s (m)     point group:

     e(  1 -  1) =    -90.50054  eV     1   --> A'             
     e(  2 -  2) =    -90.49830  eV     1   --> A''            
     e(  3 -  3) =    -12.21897  eV     1   --> A'             
     e(  4 -  4) =    -10.56415  eV     1   --> A''            
     e(  5 -  5) =      0.24193  eV     1   --> A''            
     e(  6 -  6) =      4.26141  eV     1   --> A''            
     e(  7 -  7) =      4.47748  eV     1   --> A'             
     e(  8 -  8) =      5.23944  eV     1   --> A'             
     e(  9 -  9) =      5.82662  eV     1   --> A''            
     e( 10 - 10) =      5.90095  eV     1   --> A'             
     e( 11 - 11) =     14.34997  eV     1   --> A'             
     e( 12 - 12) =     18.32607  eV     1   --> A''            
     e( 13 - 13) =     19.70214  eV     1   --> A''            
     e( 14 - 14) =     20.29800  eV     1   --> A'             

 **************************************************************************

 **************************************************************************

                    xk=(   0.07778,   0.13472,   0.00000  )

     Band symmetry, C_s (m)     point group:

     e(  1 -  1) =    -90.50059  eV     1   --> A'             
     e(  2 -  2) =    -90.49832  eV     1   --> A''            
     e(  3 -  3) =    -12.24884  eV     1   --> A'             
     e(  4 -  4) =    -10.57902  eV     1   --> A''            
     e(  5 -  5) =      0.20428  eV     1   --> A''            
     e(  6 -  6) =      4.35072  eV     1   --> A''            
     e(  7 -  7) =      4.57266  eV     1   --> A'             
     e(  8 -  8) =      5.30614  eV     1   --> A'             
     e(  9 -  9) =      5.85801  eV     1   --> A''            
     e( 10 - 10) =      5.92477  eV     1   --> A'             
     e( 11 - 11) =     14.26621  eV     1   --> A'             
     e( 12 - 12) =     18.25047  eV     1   --> A''            
     e( 13 - 13) =     19.80119  eV     1   --> A''            
     e( 14 - 14) =     20.29645  eV     1   --> A'             

 **************************************************************************

 **************************************************************************

                    xk=(   0.07222,   0.12509,   0.00000  )

     Band symmetry, C_s (m)     point group:

     e(  1 -  1) =    -90.50064  eV     1   --> A'             
     e(  2 -  2) =    -90.49834  eV     1   --> A''            
     e(  3 -  3) =    -12.27684  eV     1   --> A'             
     e(  4 -  4) =    -10.59314  eV     1   --> A''            
     e(  5 -  5) =      0.16902  eV     1   --> A''            
     e(  6 -  6) =      4.43764  eV     1   --> A''            
     e(  7 -  7) =      4.65850  eV     1   --> A'             
     e(  8 -  8) =      5.37559  eV     1   --> A'             
     e(  9 -  9) =      5.88676  eV     1   --> A''            
     e( 10 - 10) =      5.94690  eV     1   --> A'             
     e( 11 - 11) =     14.18525  eV     1   --> A'             
     e( 12 - 12) =     18.17481  eV     1   --> A''            
     e( 13 - 13) =     19.89959  eV     1   --> A''            
     e( 14 - 14) =     20.29544  eV     1   --> A'             

 **************************************************************************

 **************************************************************************

                    xk=(   0.06667,   0.11547,   0.00000  )

     Band symmetry, C_s (m)     point group:

     e(  1 -  1) =    -90.50068  eV     1   --> A'             
     e(  2 -  2) =    -90.49836  eV     1   --> A''            
     e(  3 -  3) =    -12.30295  eV     1   --> A'             
     e(  4 -  4) =    -10.60647  eV     1   --> A''            
     e(  5 -  5) =      0.13618  eV     1   --> A''            
     e(  6 -  6) =      4.52160  eV     1   --> A''            
     e(  7 -  7) =      4.73465  eV     1   --> A'             
     e(  8 -  8) =      5.44742  eV     1   --> A'             
     e(  9 -  9) =      5.91287  eV     1   --> A''            
     e( 10 - 10) =      5.96735  eV     1   --> A'             
     e( 11 - 11) =     14.10745  eV     1   --> A'             
     e( 12 - 12) =     18.10043  eV     1   --> A''            
     e( 13 - 13) =     19.99583  eV     1   --> A''            
     e( 14 - 14) =     20.29507  eV     1   --> A'             

 **************************************************************************

 **************************************************************************

                    xk=(   0.06111,   0.10585,   0.00000  )

     Band symmetry, C_s (m)     point group:

     e(  1 -  1) =    -90.50072  eV     1   --> A'             
     e(  2 -  2) =    -90.49838  eV     1   --> A''            
     e(  3 -  3) =    -12.32711  eV     1   --> A'             
     e(  4 -  4) =    -10.61893  eV     1   --> A''            
     e(  5 -  5) =      0.10583  eV     1   --> A''            
     e(  6 -  6) =      4.60203  eV     1   --> A''            
     e(  7 -  7) =      4.80123  eV     1   --> A'             
     e(  8 -  8) =      5.52080  eV     1   --> A'             
     e(  9 -  9) =      5.93632  eV     1   --> A''            
     e( 10 - 10) =      5.98612  eV     1   --> A'             
     e( 11 - 11) =     14.03321  eV     1   --> A'             
     e( 12 - 12) =     18.02838  eV     1   --> A''            
     e( 13 - 13) =     20.08853  eV     1   --> A''            
     e( 14 - 14) =     20.29535  eV     1   --> A'             

 **************************************************************************

 **************************************************************************

                    xk=(   0.05556,   0.09623,   0.00000  )

     Band symmetry, C_s (m)     point group:

     e(  1 -  1) =    -90.50076  eV     1   --> A'             
     e(  2 -  2) =    -90.49840  eV     1   --> A''            
     e(  3 -  3) =    -12.34928  eV     1   --> A'             
     e(  4 -  4) =    -10.63049  eV     1   --> A''            
     e(  5 -  5) =      0.07799  eV     1   --> A''            
     e(  6 -  6) =      4.67835  eV     1   --> A''            
     e(  7 -  7) =      4.85875  eV     1   --> A'             
     e(  8 -  8) =      5.59449  eV     1   --> A'             
     e(  9 -  9) =      5.95712  eV     1   --> A''            
     e( 10 - 10) =      6.00323  eV     1   --> A'             
     e( 11 - 11) =     13.96296  eV     1   --> A'             
     e( 12 - 12) =     17.95956  eV     1   --> A''            
     e( 13 - 13) =     20.17609  eV     1   --> A''            
     e( 14 - 14) =     20.29626  eV     1   --> A'             

 **************************************************************************

 **************************************************************************

                    xk=(   0.05000,   0.08660,   0.00000  )

     Band symmetry, C_s (m)     point group:

     e(  1 -  1) =    -90.50079  eV     1   --> A'             
     e(  2 -  2) =    -90.49842  eV     1   --> A''            
     e(  3 -  3) =    -12.36945  eV     1   --> A'             
     e(  4 -  4) =    -10.64109  eV     1   --> A''            
     e(  5 -  5) =      0.05271  eV     1   --> A''            
     e(  6 -  6) =      4.74997  eV     1   --> A''            
     e(  7 -  7) =      4.90794  eV     1   --> A'             
     e(  8 -  8) =      5.66699  eV     1   --> A'             
     e(  9 -  9) =      5.97531  eV     1   --> A''            
     e( 10 - 10) =      6.01869  eV     1   --> A'             
     e( 11 - 11) =     13.89720  eV     1   --> A'             
     e( 12 - 12) =     17.89475  eV     1   --> A''            
     e( 13 - 13) =     20.25613  eV     1   --> A''            
     e( 14 - 14) =     20.29773  eV     1   --> A'             

 **************************************************************************

 **************************************************************************

                    xk=(   0.04444,   0.07698,   0.00000  )

     Band symmetry, C_s (m)     point group:

     e(  1 -  1) =    -90.50083  eV     1   --> A'             
     e(  2 -  2) =    -90.49843  eV     1   --> A''            
     e(  3 -  3) =    -12.38756  eV     1   --> A'             
     e(  4 -  4) =    -10.65070  eV     1   --> A''            
     e(  5 -  5) =      0.03000  eV     1   --> A''            
     e(  6 -  6) =      4.81629  eV     1   --> A''            
     e(  7 -  7) =      4.94965  eV     1   --> A'             
     e(  8 -  8) =      5.73671  eV     1   --> A'             
     e(  9 -  9) =      5.99097  eV     1   --> A''            
     e( 10 - 10) =      6.03249  eV     1   --> A'             
     e( 11 - 11) =     13.83642  eV     1   --> A'             
     e( 12 - 12) =     17.83466  eV     1   --> A''            
     e( 13 - 13) =     20.29965  eV     1   --> A'             
     e( 14 - 14) =     20.32396  eV     1   --> A''            

 **************************************************************************

 **************************************************************************

                    xk=(   0.03889,   0.06736,   0.00000  )

     Band symmetry, C_s (m)     point group:

     e(  1 -  1) =    -90.50085  eV     1   --> A'             
     e(  2 -  2) =    -90.49844  eV     1   --> A''            
     e(  3 -  3) =    -12.40361  eV     1   --> A'             
     e(  4 -  4) =    -10.65926  eV     1   --> A''            
     e(  5 -  5) =      0.00991  eV     1   --> A''            
     e(  6 -  6) =      4.87672  eV     1   --> A''            
     e(  7 -  7) =      4.98470  eV     1   --> A'             
     e(  8 -  8) =      5.80212  eV     1   --> A'             
     e(  9 -  9) =      6.00420  eV     1   --> A''            
     e( 10 - 10) =      6.04465  eV     1   --> A'             
     e( 11 - 11) =     13.78116  eV     1   --> A'             
     e( 12 - 12) =     17.77994  eV     1   --> A''            
     e( 13 - 13) =     20.30188  eV     1   --> A'             
     e( 14 - 14) =     20.36962  eV     1   --> A''            

 **************************************************************************

 **************************************************************************

                    xk=(   0.03333,   0.05774,   0.00000  )

     Band symmetry, C_s (m)     point group:

     e(  1 -  1) =    -90.50088  eV     1   --> A'             
     e(  2 -  2) =    -90.49846  eV     1   --> A''            
     e(  3 -  3) =    -12.41757  eV     1   --> A'             
     e(  4 -  4) =    -10.66675  eV     1   --> A''            
     e(  5 -  5) =     -0.00756  eV     1   --> A''            
     e(  6 -  6) =      4.93065  eV     1   --> A''            
     e(  7 -  7) =      5.01379  eV     1   --> A'             
     e(  8 -  8) =      5.86178  eV     1   --> A'             
     e(  9 -  9) =      6.01512  eV     1   --> A''            
     e( 10 - 10) =      6.05517  eV     1   --> A'             
     e( 11 - 11) =     13.73192  eV     1   --> A'             
     e( 12 - 12) =     17.73120  eV     1   --> A''            
     e( 13 - 13) =     20.30427  eV     1   --> A'             
     e( 14 - 14) =     20.38252  eV     1   --> A''            

 **************************************************************************

 **************************************************************************

                    xk=(   0.02778,   0.04811,   0.00000  )

     Band symmetry, C_s (m)     point group:

     e(  1 -  1) =    -90.50090  eV     1   --> A'             
     e(  2 -  2) =    -90.49847  eV     1   --> A''            
     e(  3 -  3) =    -12.42941  eV     1   --> A'             
     e(  4 -  4) =    -10.67314  eV     1   --> A''            
     e(  5 -  5) =     -0.02237  eV     1   --> A''            
     e(  6 -  6) =      4.97751  eV     1   --> A''            
     e(  7 -  7) =      5.03752  eV     1   --> A'             
     e(  8 -  8) =      5.91445  eV     1   --> A'             
     e(  9 -  9) =      6.02391  eV     1   --> A''            
     e( 10 - 10) =      6.06405  eV     1   --> A'             
     e( 11 - 11) =     13.68923  eV     1   --> A'             
     e( 12 - 12) =     17.68897  eV     1   --> A''            
     e( 13 - 13) =     20.30665  eV     1   --> A'             
     e( 14 - 14) =     20.37192  eV     1   --> A''            

 **************************************************************************

 **************************************************************************

                    xk=(   0.02222,   0.03849,   0.00000  )

     Band symmetry, C_s (m)     point group:

     e(  1 -  1) =    -90.50092  eV     1   --> A'             
     e(  2 -  2) =    -90.49847  eV     1   --> A''            
     e(  3 -  3) =    -12.43912  eV     1   --> A'             
     e(  4 -  4) =    -10.67840  eV     1   --> A''            
     e(  5 -  5) =     -0.03451  eV     1   --> A''            
     e(  6 -  6) =      5.01675  eV     1   --> A''            
     e(  7 -  7) =      5.05636  eV     1   --> A'             
     e(  8 -  8) =      5.95904  eV     1   --> A'             
     e(  9 -  9) =      6.03073  eV     1   --> A''            
     e( 10 - 10) =      6.07128  eV     1   --> A'             
     e( 11 - 11) =     13.65356  eV     1   --> A'             
     e( 12 - 12) =     17.65373  eV     1   --> A''            
     e( 13 - 13) =     20.30887  eV     1   --> A'             
     e( 14 - 14) =     20.35426  eV     1   --> A''            

 **************************************************************************

 **************************************************************************

                    xk=(   0.01667,   0.02887,   0.00000  )

     Band symmetry, C_s (m)     point group:

     e(  1 -  1) =    -90.50093  eV     1   --> A'             
     e(  2 -  2) =    -90.49848  eV     1   --> A''            
     e(  3 -  3) =    -12.44669  eV     1   --> A'             
     e(  4 -  4) =    -10.68251  eV     1   --> A''            
     e(  5 -  5) =     -0.04396  eV     1   --> A''            
     e(  6 -  6) =      5.04786  eV     1   --> A''            
     e(  7 -  7) =      5.07068  eV     1   --> A'             
     e(  8 -  8) =      5.99469  eV     1   --> A'             
     e(  9 -  9) =      6.03579  eV     1   --> A''            
     e( 10 - 10) =      6.07687  eV     1   --> A'             
     e( 11 - 11) =     13.62534  eV     1   --> A'             
     e( 12 - 12) =     17.62588  eV     1   --> A''            
     e( 13 - 13) =     20.31078  eV     1   --> A'             
     e( 14 - 14) =     20.33744  eV     1   --> A''            

 **************************************************************************

 **************************************************************************

                    xk=(   0.01111,   0.01925,   0.00000  )

     Band symmetry, C_s (m)     point group:

     e(  1 -  1) =    -90.50094  eV     1   --> A'             
     e(  2 -  2) =    -90.49848  eV     1   --> A''            
     e(  3 -  3) =    -12.45210  eV     1   --> A'             
     e(  4 -  4) =    -10.68546  eV     1   --> A''            
     e(  5 -  5) =     -0.05072  eV     1   --> A''            
     e(  6 -  6) =      5.07042  eV     1   --> A''            
     e(  7 -  7) =      5.08073  eV     1   --> A'             
     e(  8 -  8) =      6.02071  eV     1   --> A'             
     e(  9 -  9) =      6.03924  eV     1   --> A''            
     e( 10 - 10) =      6.08080  eV     1   --> A'             
     e( 11 - 11) =     13.60491  eV     1   --> A'             
     e( 12 - 12) =     17.60575  eV     1   --> A''            
     e( 13 - 13) =     20.31224  eV     1   --> A'             
     e( 14 - 14) =     20.32438  eV     1   --> A''            

 **************************************************************************

 **************************************************************************

                    xk=(   0.00556,   0.00962,   0.00000  )

     Band symmetry, C_s (m)     point group:

     e(  1 -  1) =    -90.50095  eV     1   --> A'             
     e(  2 -  2) =    -90.49849  eV     1   --> A''            
     e(  3 -  3) =    -12.45535  eV     1   --> A'             
     e(  4 -  4) =    -10.68724  eV     1   --> A''            
     e(  5 -  5) =     -0.05478  eV     1   --> A''            
     e(  6 -  6) =      5.08409  eV     1   --> A''            
     e(  7 -  7) =      5.08670  eV     1   --> A'             
     e(  8 -  8) =      6.03657  eV     1   --> A'             
     e(  9 -  9) =      6.04125  eV     1   --> A''            
     e( 10 - 10) =      6.08311  eV     1   --> A'             
     e( 11 - 11) =     13.59254  eV     1   --> A'             
     e( 12 - 12) =     17.59358  eV     1   --> A''            
     e( 13 - 13) =     20.31316  eV     1   --> A'             
     e( 14 - 14) =     20.31623  eV     1   --> A''            

 **************************************************************************

 **************************************************************************

                    xk=(   0.00000,   0.00000,   0.00000  )

     point group C_6v (6mm) 
     there are  6 classes
     the character table:

       E     2C6   2C3   C2    3s_v  3s_d 
A_1    1.00  1.00  1.00  1.00  1.00  1.00
A_2    1.00  1.00  1.00  1.00 -1.00 -1.00
B_1    1.00 -1.00  1.00 -1.00  1.00 -1.00
B_2    1.00 -1.00  1.00 -1.00 -1.00  1.00
E_1    2.00  1.00 -1.00 -2.00  0.00  0.00
E_2    2.00 -1.00 -1.00  2.00  0.00  0.00

     the symmetry operations in each class and the name of the first element:

     E        1
                                                                 
     2C6      3    4
                                                                 
     2C3      5    6
                                                                 
     C2       2
                                                                 
     3s_v     8   12   11
                                                                 
     3s_d     7    9   10
                                                                 

     Band symmetry, C_6v (6mm)  point group:

     e(  1 -  1) =    -90.50095  eV     1   --> A_1            
     e(  2 -  2) =    -90.49849  eV     1   --> B_1            
     e(  3 -  3) =    -12.45643  eV     1   --> A_1            
     e(  4 -  4) =    -10.68783  eV     1   --> B_1            
     e(  5 -  5) =     -0.05614  eV     1   --> B_1            
     e(  6 -  7) =      5.08867  eV     2   --> E_2            
     e(  8 -  9) =      6.04191  eV     2   --> E_1            
     e( 10 - 10) =      6.08387  eV     1   --> A_1            
     e( 11 - 11) =     13.58840  eV     1   --> A_1            
     e( 12 - 12) =     17.58951  eV     1   --> B_1            
     e( 13 - 14) =     20.31347  eV     2   --> E_1            

 **************************************************************************

 **************************************************************************

                    xk=(   0.00000,   0.00000,   0.01141  )

     Band symmetry, C_6v (6mm)  point group:

     e(  1 -  1) =    -90.50095  eV     1   --> A_1            
     e(  2 -  2) =    -90.49849  eV     1   --> B_1            
     e(  3 -  3) =    -12.45527  eV     1   --> A_1            
     e(  4 -  4) =    -10.68984  eV     1   --> B_1            
     e(  5 -  5) =     -0.05140  eV     1   --> B_1            
     e(  6 -  7) =      5.08943  eV     2   --> E_2            
     e(  8 -  9) =      6.04105  eV     2   --> E_1            
     e( 10 - 10) =      6.07700  eV     1   --> A_1            
     e( 11 - 11) =     13.59333  eV     1   --> A_1            
     e( 12 - 12) =     17.58661  eV     1   --> B_1            
     e( 13 - 14) =     20.31422  eV     2   --> E_1            

 **************************************************************************

 **************************************************************************

                    xk=(   0.00000,   0.00000,   0.02281  )

     Band symmetry, C_6v (6mm)  point group:

     e(  1 -  1) =    -90.50094  eV     1   --> A_1            
     e(  2 -  2) =    -90.49850  eV     1   --> B_1            
     e(  3 -  3) =    -12.45178  eV     1   --> A_1            
     e(  4 -  4) =    -10.69586  eV     1   --> B_1            
     e(  5 -  5) =     -0.03722  eV     1   --> B_1            
     e(  6 -  7) =      5.09171  eV     2   --> E_2            
     e(  8 -  9) =      6.03849  eV     2   --> E_1            
     e( 10 - 10) =      6.05647  eV     1   --> A_1            
     e( 11 - 11) =     13.60804  eV     1   --> A_1            
     e( 12 - 12) =     17.57793  eV     1   --> B_1            
     e( 13 - 14) =     20.31647  eV     2   --> E_1            

 **************************************************************************

 **************************************************************************

                    xk=(   0.00000,   0.00000,   0.03422  )

     Band symmetry, C_6v (6mm)  point group:

     e(  1 -  1) =    -90.50093  eV     1   --> A_1            
     e(  2 -  2) =    -90.49851  eV     1   --> B_1            
     e(  3 -  3) =    -12.44597  eV     1   --> A_1            
     e(  4 -  4) =    -10.70584  eV     1   --> B_1            
     e(  5 -  5) =     -0.01364  eV     1   --> B_1            
     e(  6 -  7) =      5.09549  eV     2   --> E_2            
     e(  8 -  8) =      6.02248  eV     1   --> A_1            
     e(  9 - 10) =      6.03423  eV     2   --> E_1            
     e( 11 - 11) =     13.63237  eV     1   --> A_1            
     e( 12 - 12) =     17.56351  eV     1   --> B_1            
     e( 13 - 14) =     20.32026  eV     2   --> E_1            

 **************************************************************************

 **************************************************************************

                    xk=(   0.00000,   0.00000,   0.04563  )

     Band symmetry, C_6v (6mm)  point group:

     e(  1 -  1) =    -90.50091  eV     1   --> A_1            
     e(  2 -  2) =    -90.49852  eV     1   --> B_1            
     e(  3 -  3) =    -12.43785  eV     1   --> A_1            
     e(  4 -  4) =    -10.71972  eV     1   --> B_1            
     e(  5 -  5) =      0.01925  eV     1   --> B_1            
     e(  6 -  7) =      5.10078  eV     2   --> E_2            
     e(  8 -  8) =      5.97536  eV     1   --> A_1            
     e(  9 - 10) =      6.02829  eV     2   --> E_1            
     e( 11 - 11) =     13.66602  eV     1   --> A_1            
     e( 12 - 12) =     17.54338  eV     1   --> B_1            
     e( 13 - 14) =     20.32560  eV     2   --> E_1            

 **************************************************************************

 **************************************************************************

                    xk=(   0.00000,   0.00000,   0.05704  )

     Band symmetry, C_6v (6mm)  point group:

     e(  1 -  1) =    -90.50090  eV     1   --> A_1            
     e(  2 -  2) =    -90.49854  eV     1   --> B_1            
     e(  3 -  3) =    -12.42743  eV     1   --> A_1            
     e(  4 -  4) =    -10.73738  eV     1   --> B_1            
     e(  5 -  5) =      0.06130  eV     1   --> B_1            
     e(  6 -  7) =      5.10755  eV     2   --> E_2            
     e(  8 -  8) =      5.91557  eV     1   --> A_1            
     e(  9 - 10) =      6.02070  eV     2   --> E_1            
     e( 11 - 11) =     13.70861  eV     1   --> A_1            
     e( 12 - 12) =     17.51763  eV     1   --> B_1            
     e( 13 - 14) =     20.33256  eV     2   --> E_1            

 **************************************************************************

 **************************************************************************

                    xk=(   0.00000,   0.00000,   0.06844  )

     Band symmetry, C_6v (6mm)  point group:

     e(  1 -  1) =    -90.50087  eV     1   --> A_1            
     e(  2 -  2) =    -90.49856  eV     1   --> B_1            
     e(  3 -  3) =    -12.41473  eV     1   --> A_1            
     e(  4 -  4) =    -10.75869  eV     1   --> B_1            
     e(  5 -  5) =      0.11237  eV     1   --> B_1            
     e(  6 -  7) =      5.11578  eV     2   --> E_2            
     e(  8 -  8) =      5.84364  eV     1   --> A_1            
     e(  9 - 10) =      6.01147  eV     2   --> E_1            
     e( 11 - 11) =     13.75969  eV     1   --> A_1            
     e( 12 - 12) =     17.48635  eV     1   --> B_1            
     e( 13 - 14) =     20.34118  eV     2   --> E_1            

 **************************************************************************

 **************************************************************************

                    xk=(   0.00000,   0.00000,   0.07985  )

     Band symmetry, C_6v (6mm)  point group:

     e(  1 -  1) =    -90.50085  eV     1   --> A_1            
     e(  2 -  2) =    -90.49859  eV     1   --> B_1            
     e(  3 -  3) =    -12.39976  eV     1   --> A_1            
     e(  4 -  4) =    -10.78352  eV     1   --> B_1            
     e(  5 -  5) =      0.17226  eV     1   --> B_1            
     e(  6 -  7) =      5.12546  eV     2   --> E_2            
     e(  8 -  8) =      5.76019  eV     1   --> A_1            
     e(  9 - 10) =      6.00066  eV     2   --> E_1            
     e( 11 - 11) =     13.81873  eV     1   --> A_1            
     e( 12 - 12) =     17.44963  eV     1   --> B_1            
     e( 13 - 14) =     20.35154  eV     2   --> E_1            

 **************************************************************************

 **************************************************************************

                    xk=(   0.00000,   0.00000,   0.09126  )

     Band symmetry, C_6v (6mm)  point group:

     e(  1 -  1) =    -90.50082  eV     1   --> A_1            
     e(  2 -  2) =    -90.49862  eV     1   --> B_1            
     e(  3 -  3) =    -12.38255  eV     1   --> A_1            
     e(  4 -  4) =    -10.81167  eV     1   --> B_1            
     e(  5 -  5) =      0.24075  eV     1   --> B_1            
     e(  6 -  7) =      5.13656  eV     2   --> E_2            
     e(  8 -  8) =      5.66592  eV     1   --> A_1            
     e(  9 - 10) =      5.98830  eV     2   --> E_1            
     e( 11 - 11) =     13.88515  eV     1   --> A_1            
     e( 12 - 12) =     17.40762  eV     1   --> B_1            
     e( 13 - 14) =     20.36372  eV     2   --> E_1            

 **************************************************************************

 **************************************************************************

                    xk=(   0.00000,   0.00000,   0.10267  )

     Band symmetry, C_6v (6mm)  point group:

     e(  1 -  1) =    -90.50078  eV     1   --> A_1            
     e(  2 -  2) =    -90.49865  eV     1   --> B_1            
     e(  3 -  3) =    -12.36312  eV     1   --> A_1            
     e(  4 -  4) =    -10.84297  eV     1   --> B_1            
     e(  5 -  5) =      0.31759  eV     1   --> B_1            
     e(  6 -  7) =      5.14903  eV     2   --> E_2            
     e(  8 -  8) =      5.56155  eV     1   --> A_1            
     e(  9 - 10) =      5.97444  eV     2   --> E_1            
     e( 11 - 11) =     13.95837  eV     1   --> A_1            
     e( 12 - 12) =     17.36043  eV     1   --> B_1            
     e( 13 - 14) =     20.37779  eV     2   --> E_1            

 **************************************************************************

 **************************************************************************

                    xk=(   0.00000,   0.00000,   0.11407  )

     Band symmetry, C_6v (6mm)  point group:

     e(  1 -  1) =    -90.50075  eV     1   --> A_1            
     e(  2 -  2) =    -90.49869  eV     1   --> B_1            
     e(  3 -  3) =    -12.34150  eV     1   --> A_1            
     e(  4 -  4) =    -10.87721  eV     1   --> B_1            
     e(  5 -  5) =      0.40251  eV     1   --> B_1            
     e(  6 -  7) =      5.16286  eV     2   --> E_2            
     e(  8 -  8) =      5.44782  eV     1   --> A_1            
     e(  9 - 10) =      5.95914  eV     2   --> E_1            
     e( 11 - 11) =     14.03777  eV     1   --> A_1            
     e( 12 - 12) =     17.30822  eV     1   --> B_1            
     e( 13 - 14) =     20.39384  eV     2   --> E_1            

 **************************************************************************

 **************************************************************************

                    xk=(   0.00000,   0.00000,   0.12548  )

     Band symmetry, C_6v (6mm)  point group:

     e(  1 -  1) =    -90.50070  eV     1   --> A_1            
     e(  2 -  2) =    -90.49873  eV     1   --> B_1            
     e(  3 -  3) =    -12.31773  eV     1   --> A_1            
     e(  4 -  4) =    -10.91417  eV     1   --> B_1            
     e(  5 -  5) =      0.49523  eV     1   --> B_1            
     e(  6 -  7) =      5.17799  eV     2   --> E_2            
     e(  8 -  8) =      5.32549  eV     1   --> A_1            
     e(  9 - 10) =      5.94245  eV     2   --> E_1            
     e( 11 - 11) =     14.12276  eV     1   --> A_1            
     e( 12 - 12) =     17.25114  eV     1   --> B_1            
     e( 13 - 14) =     20.41196  eV     2   --> E_1            

 **************************************************************************

 **************************************************************************

                    xk=(   0.00000,   0.00000,   0.13689  )

     Band symmetry, C_6v (6mm)  point group:

     e(  1 -  1) =    -90.50066  eV     1   --> A_1            
     e(  2 -  2) =    -90.49878  eV     1   --> B_1            
     e(  3 -  3) =    -12.29184  eV     1   --> A_1            
     e(  4 -  4) =    -10.95363  eV     1   --> B_1            
     e(  5 -  5) =      0.59543  eV     1   --> B_1            
     e(  6 -  7) =      5.19439  eV     2   --> E_2            
     e(  8 -  8) =      5.19532  eV     1   --> A_1            
     e(  9 - 10) =      5.92444  eV     2   --> E_1            
     e( 11 - 11) =     14.21272  eV     1   --> A_1            
     e( 12 - 12) =     17.18937  eV     1   --> B_1            
     e( 13 - 14) =     20.43223  eV     2   --> E_1            

 **************************************************************************

 **************************************************************************

                    xk=(   0.00000,   0.00000,   0.14830  )

     Band symmetry, C_6v (6mm)  point group:

     e(  1 -  1) =    -90.50061  eV     1   --> A_1            
     e(  2 -  2) =    -90.49882  eV     1   --> B_1            
     e(  3 -  3) =    -12.26388  eV     1   --> A_1            
     e(  4 -  4) =    -10.99535  eV     1   --> B_1            
     e(  5 -  5) =      0.70280  eV     1   --> B_1            
     e(  6 -  6) =      5.05807  eV     1   --> A_1            
     e(  7 -  8) =      5.21201  eV     2   --> E_2            
     e(  9 - 10) =      5.90518  eV     2   --> E_1            
     e( 11 - 11) =     14.30709  eV     1   --> A_1            
     e( 12 - 12) =     17.12307  eV     1   --> B_1            
     e( 13 - 14) =     20.45473  eV     2   --> E_1            

 **************************************************************************

 **************************************************************************

                    xk=(   0.00000,   0.00000,   0.15970  )

     Band symmetry, C_6v (6mm)  point group:

     e(  1 -  1) =    -90.50056  eV     1   --> A_1            
     e(  2 -  2) =    -90.49887  eV     1   --> B_1            
     e(  3 -  3) =    -12.23390  eV     1   --> A_1            
     e(  4 -  4) =    -11.03909  eV     1   --> B_1            
     e(  5 -  5) =      0.81699  eV     1   --> B_1            
     e(  6 -  6) =      4.91445  eV     1   --> A_1            
     e(  7 -  8) =      5.23079  eV     2   --> E_2            
     e(  9 - 10) =      5.88474  eV     2   --> E_1            
     e( 11 - 11) =     14.40531  eV     1   --> A_1            
     e( 12 - 12) =     17.05244  eV     1   --> B_1            
     e( 13 - 14) =     20.47955  eV     2   --> E_1            

 **************************************************************************

 **************************************************************************

                    xk=(   0.00000,   0.00000,   0.17111  )

     Band symmetry, C_6v (6mm)  point group:

     e(  1 -  1) =    -90.50051  eV     1   --> A_1            
     e(  2 -  2) =    -90.49893  eV     1   --> B_1            
     e(  3 -  3) =    -12.20194  eV     1   --> A_1            
     e(  4 -  4) =    -11.08464  eV     1   --> B_1            
     e(  5 -  5) =      0.93768  eV     1   --> B_1            
     e(  6 -  6) =      4.76518  eV     1   --> A_1            
     e(  7 -  8) =      5.25068  eV     2   --> E_2            
     e(  9 - 10) =      5.86320  eV     2   --> E_1            
     e( 11 - 11) =     14.50685  eV     1   --> A_1            
     e( 12 - 12) =     16.97765  eV     1   --> B_1            
     e( 13 - 14) =     20.50676  eV     2   --> E_1            

 **************************************************************************

 **************************************************************************

                    xk=(   0.00000,   0.00000,   0.18252  )

     Band symmetry, C_6v (6mm)  point group:

     e(  1 -  1) =    -90.50045  eV     1   --> A_1            
     e(  2 -  2) =    -90.49898  eV     1   --> B_1            
     e(  3 -  3) =    -12.16806  eV     1   --> A_1            
     e(  4 -  4) =    -11.13174  eV     1   --> B_1            
     e(  5 -  5) =      1.06449  eV     1   --> B_1            
     e(  6 -  6) =      4.61094  eV     1   --> A_1            
     e(  7 -  8) =      5.27162  eV     2   --> E_2            
     e(  9 - 10) =      5.84064  eV     2   --> E_1            
     e( 11 - 11) =     14.61122  eV     1   --> A_1            
     e( 12 - 12) =     16.89889  eV     1   --> B_1            
     e( 13 - 14) =     20.53641  eV     2   --> E_1            

 **************************************************************************

 **************************************************************************

                    xk=(   0.00000,   0.00000,   0.19393  )

     Band symmetry, C_6v (6mm)  point group:

     e(  1 -  1) =    -90.50039  eV     1   --> A_1            
     e(  2 -  2) =    -90.49904  eV     1   --> B_1            
     e(  3 -  3) =    -12.13232  eV     1   --> A_1            
     e(  4 -  4) =    -11.18016  eV     1   --> B_1            
     e(  5 -  5) =      1.19708  eV     1   --> B_1            
     e(  6 -  6) =      4.45240  eV     1   --> A_1            
     e(  7 -  8) =      5.29355  eV     2   --> E_2            
     e(  9 - 10) =      5.81715  eV     2   --> E_1            
     e( 11 - 11) =     14.71795  eV     1   --> A_1            
     e( 12 - 12) =     16.81637  eV     1   --> B_1            
     e( 13 - 14) =     20.56855  eV     2   --> E_1            

 **************************************************************************

 **************************************************************************

                    xk=(   0.00000,   0.00000,   0.20533  )

     Band symmetry, C_6v (6mm)  point group:

     e(  1 -  1) =    -90.50033  eV     1   --> A_1            
     e(  2 -  2) =    -90.49910  eV     1   --> B_1            
     e(  3 -  3) =    -12.09480  eV     1   --> A_1            
     e(  4 -  4) =    -11.22968  eV     1   --> B_1            
     e(  5 -  5) =      1.33508  eV     1   --> B_1            
     e(  6 -  6) =      4.29018  eV     1   --> A_1            
     e(  7 -  8) =      5.31641  eV     2   --> E_2            
     e(  9 - 10) =      5.79282  eV     2   --> E_1            
     e( 11 - 11) =     14.82659  eV     1   --> A_1            
     e( 12 - 12) =     16.73028  eV     1   --> B_1            
     e( 13 - 13) =     20.59658  eV     1   --> B_1            
     e( 14 - 14) =     20.60323  eV     1   -->   ?

 **************************************************************************

 **************************************************************************

                    xk=(   0.00000,   0.00000,   0.21674  )

     Band symmetry, C_6v (6mm)  point group:

     e(  1 -  1) =    -90.50027  eV     1   --> A_1            
     e(  2 -  2) =    -90.49917  eV     1   --> B_1            
     e(  3 -  3) =    -12.05555  eV     1   --> A_1            
     e(  4 -  4) =    -11.28008  eV     1   --> B_1            
     e(  5 -  5) =      1.47810  eV     1   --> B_1            
     e(  6 -  6) =      4.12489  eV     1   --> A_1            
     e(  7 -  8) =      5.34011  eV     2   --> E_2            
     e(  9 - 10) =      5.76772  eV     2   --> E_1            
     e( 11 - 11) =     14.93674  eV     1   --> A_1            
     e( 12 - 12) =     16.64083  eV     1   --> B_1            
     e( 13 - 13) =     20.58782  eV     1   --> B_1            
     e( 14 - 14) =     20.64048  eV     1   -->   ?

 **************************************************************************

 **************************************************************************

                    xk=(   0.00000,   0.00000,   0.22815  )

     Band symmetry, C_6v (6mm)  point group:

     e(  1 -  1) =    -90.50020  eV     1   --> A_1            
     e(  2 -  2) =    -90.49923  eV     1   --> B_1            
     e(  3 -  3) =    -12.01467  eV     1   --> A_1            
     e(  4 -  4) =    -11.33113  eV     1   --> B_1            
     e(  5 -  5) =      1.62578  eV     1   --> B_1            
     e(  6 -  6) =      3.95712  eV     1   --> A_1            
     e(  7 -  8) =      5.36460  eV     2   --> E_2            
     e(  9 - 10) =      5.74197  eV     2   --> E_1            
     e( 11 - 11) =     15.04801  eV     1   --> A_1            
     e( 12 - 12) =     16.54822  eV     1   --> B_1            
     e( 13 - 13) =     20.58018  eV     1   --> B_1            
     e( 14 - 14) =     20.68030  eV     1   -->   ?

 **************************************************************************

 **************************************************************************

                    xk=(   0.00000,   0.00000,   0.23956  )

     Band symmetry, C_6v (6mm)  point group:

     e(  1 -  1) =    -90.50014  eV     1   --> A_1            
     e(  2 -  2) =    -90.49930  eV     1   --> B_1            
     e(  3 -  3) =    -11.97224  eV     1   --> A_1            
     e(  4 -  4) =    -11.38264  eV     1   --> B_1            
     e(  5 -  5) =      1.77774  eV     1   --> B_1            
     e(  6 -  6) =      3.78741  eV     1   --> A_1            
     e(  7 -  8) =      5.38978  eV     2   --> E_2            
     e(  9 - 10) =      5.71564  eV     2   --> E_1            
     e( 11 - 11) =     15.16002  eV     1   --> A_1            
     e( 12 - 12) =     16.45266  eV     1   --> B_1            
     e( 13 - 13) =     20.57386  eV     1   --> B_1            
     e( 14 - 14) =     20.65838  eV     1   --> A_1            

 **************************************************************************

 **************************************************************************

                    xk=(   0.00000,   0.00000,   0.25096  )

     Band symmetry, C_6v (6mm)  point group:

     e(  1 -  1) =    -90.50007  eV     1   --> A_1            
     e(  2 -  2) =    -90.49936  eV     1   --> B_1            
     e(  3 -  3) =    -11.92835  eV     1   --> A_1            
     e(  4 -  4) =    -11.43440  eV     1   --> B_1            
     e(  5 -  5) =      1.93358  eV     1   --> B_1            
     e(  6 -  6) =      3.61630  eV     1   --> A_1            
     e(  7 -  8) =      5.41559  eV     2   --> E_2            
     e(  9 - 10) =      5.68884  eV     2   --> E_1            
     e( 11 - 11) =     15.27244  eV     1   --> A_1            
     e( 12 - 12) =     16.35437  eV     1   --> B_1            
     e( 13 - 13) =     20.56906  eV     1   --> B_1            
     e( 14 - 14) =     20.63787  eV     1   --> A_1            

 **************************************************************************

 **************************************************************************

                    xk=(   0.00000,   0.00000,   0.26237  )

     Band symmetry, C_6v (6mm)  point group:

     e(  1 -  1) =    -90.50000  eV     1   --> A_1            
     e(  2 -  2) =    -90.49943  eV     1   --> B_1            
     e(  3 -  3) =    -11.88309  eV     1   --> A_1            
     e(  4 -  4) =    -11.48623  eV     1   --> B_1            
     e(  5 -  5) =      2.09291  eV     1   --> B_1            
     e(  6 -  6) =      3.44431  eV     1   --> A_1            
     e(  7 -  8) =      5.44195  eV     2   --> E_2            
     e(  9 - 10) =      5.66166  eV     2   --> E_1            
     e( 11 - 11) =     15.38495  eV     1   --> A_1            
     e( 12 - 12) =     16.25357  eV     1   --> B_1            
     e( 13 - 13) =     20.56596  eV     1   --> B_1            
     e( 14 - 14) =     20.61992  eV     1   --> A_1            

 **************************************************************************

 **************************************************************************

                    xk=(   0.00000,   0.00000,   0.27378  )

     Band symmetry, C_6v (6mm)  point group:

     e(  1 -  1) =    -90.49993  eV     1   --> A_1            
     e(  2 -  2) =    -90.49950  eV     1   --> B_1            
     e(  3 -  3) =    -11.83657  eV     1   --> A_1            
     e(  4 -  4) =    -11.53793  eV     1   --> B_1            
     e(  5 -  5) =      2.25535  eV     1   --> B_1            
     e(  6 -  6) =      3.27194  eV     1   --> A_1            
     e(  7 -  8) =      5.46876  eV     2   --> E_2            
     e(  9 - 10) =      5.63419  eV     2   --> E_1            
     e( 11 - 11) =     15.49722  eV     1   --> A_1            
     e( 12 - 12) =     16.15048  eV     1   --> B_1            
     e( 13 - 13) =     20.56473  eV     1   --> B_1            
     e( 14 - 14) =     20.60456  eV     1   --> A_1            

 **************************************************************************

 **************************************************************************

                    xk=(   0.00000,   0.00000,   0.28518  )

     Band symmetry, C_6v (6mm)  point group:

     e(  1 -  1) =    -90.49986  eV     1   --> A_1            
     e(  2 -  2) =    -90.49957  eV     1   --> B_1            
     e(  3 -  3) =    -11.78890  eV     1   --> A_1            
     e(  4 -  4) =    -11.58934  eV     1   --> B_1            
     e(  5 -  5) =      2.42048  eV     1   --> B_1            
     e(  6 -  6) =      3.09965  eV     1   --> A_1            
     e(  7 -  8) =      5.49593  eV     2   --> E_2            
     e(  9 - 10) =      5.60653  eV     2   --> E_1            
     e( 11 - 11) =     15.60898  eV     1   --> A_1            
     e( 12 - 12) =     16.04533  eV     1   --> B_1            
     e( 13 - 13) =     20.56554  eV     1   --> B_1            
     e( 14 - 14) =     20.59178  eV     1   --> A_1            

 **************************************************************************

 **************************************************************************

                    xk=(   0.00000,   0.00000,   0.29659  )

     Band symmetry, C_6v (6mm)  point group:

     e(  1 -  1) =    -90.49979  eV     1   --> A_1            
     e(  2 -  2) =    -90.49965  eV     1   --> B_1            
     e(  3 -  3) =    -11.74022  eV     1   --> A_1            
     e(  4 -  4) =    -11.64029  eV     1   --> B_1            
     e(  5 -  5) =      2.58790  eV     1   --> B_1            
     e(  6 -  6) =      2.92792  eV     1   --> A_1            
     e(  7 -  8) =      5.52339  eV     2   --> E_2            
     e(  9 - 10) =      5.57879  eV     2   --> E_1            
     e( 11 - 11) =     15.71993  eV     1   --> A_1            
     e( 12 - 12) =     15.93836  eV     1   --> B_1            
     e( 13 - 13) =     20.56854  eV     1   --> B_1            
     e( 14 - 14) =     20.58156  eV     1   --> A_1            

 **************************************************************************

 **************************************************************************

                    xk=(   0.00000,   0.00000,   0.30800  )

     Band symmetry, C_6v (6mm)  point group:

     e(  1 -  2) =    -90.49972  eV     2   --> A_1            
     e(  1 -  2) =    -90.49972  eV     2   --> B_1            
     e(  3 -  4) =    -11.69063  eV     2   --> A_1            
     e(  3 -  4) =    -11.69063  eV     2   --> B_1            
     e(  5 -  6) =      2.75719  eV     2   --> A_1            
     e(  5 -  6) =      2.75719  eV     2   --> B_1            
     e(  7 - 10) =      5.55104  eV     4   --> E_1            
     e(  7 - 10) =      5.55104  eV     4   --> E_2            
     e( 11 - 12) =     15.82981  eV     2   --> A_1            
     e( 11 - 12) =     15.82981  eV     2   --> B_1            
     e( 13 - 14) =     20.57384  eV     2   --> A_1            
     e( 13 - 14) =     20.57384  eV     2   --> B_1            

 **************************************************************************

 **************************************************************************

                    xk=(   0.00962,   0.00555,   0.30800  )

     point group C_s (m)    
     there are  2 classes
     the character table:

       E     s    
A'     1.00  1.00
A''    1.00 -1.00

     the symmetry operations in each class and the name of the first element:

     E        1
                                                                 
     s        2
                                                                 

     Band symmetry, C_s (m)     point group:

     e(  1 -  2) =    -90.49972  eV     2   -->   2 A'             
     e(  3 -  4) =    -11.68973  eV     2   -->   2 A'             
     e(  5 -  6) =      2.75717  eV     2   -->   2 A'             
     e(  7 -  8) =      5.54723  eV     2   -->   2 A'             
     e(  9 - 10) =      5.54965  eV     2   -->   2 A''            
     e( 11 - 12) =     15.83143  eV     2   -->   2 A'             
     e( 13 - 14) =     20.56162  eV     2   -->   2 A'             

 **************************************************************************

 **************************************************************************

                    xk=(   0.01923,   0.01110,   0.30800  )

     Band symmetry, C_s (m)     point group:

     e(  1 -  2) =    -90.49971  eV     2   -->   2 A'             
     e(  3 -  4) =    -11.68703  eV     2   -->   2 A'             
     e(  5 -  6) =      2.75710  eV     2   -->   2 A'             
     e(  7 -  8) =      5.53586  eV     2   -->   2 A'             
     e(  9 - 10) =      5.54549  eV     2   -->   2 A''            
     e( 11 - 12) =     15.83625  eV     2   -->   2 A'             
     e( 13 - 14) =     20.52873  eV     2   -->   2 A'             

 **************************************************************************

 **************************************************************************

                    xk=(   0.02885,   0.01665,   0.30800  )

     Band symmetry, C_s (m)     point group:

     e(  1 -  2) =    -90.49970  eV     2   -->   2 A'             
     e(  3 -  4) =    -11.68252  eV     2   -->   2 A'             
     e(  5 -  6) =      2.75694  eV     2   -->   2 A'             
     e(  7 -  8) =      5.51703  eV     2   -->   2 A'             
     e(  9 - 10) =      5.53857  eV     2   -->   2 A''            
     e( 11 - 12) =     15.84413  eV     2   -->   2 A'             
     e( 13 - 14) =     20.48260  eV     2   -->   2 A'             

 **************************************************************************

 **************************************************************************

                    xk=(   0.03846,   0.02221,   0.30800  )

     Band symmetry, C_s (m)     point group:

     e(  1 -  2) =    -90.49969  eV     2   -->   2 A'             
     e(  3 -  4) =    -11.67623  eV     2   -->   2 A'             
     e(  5 -  6) =      2.75663  eV     2   -->   2 A'             
     e(  7 -  8) =      5.49097  eV     2   -->   2 A'             
     e(  9 - 10) =      5.52895  eV     2   -->   2 A''            
     e( 11 - 12) =     15.85484  eV     2   -->   2 A'             
     e( 13 - 14) =     20.42944  eV     2   -->   2 A'             

 **************************************************************************

 **************************************************************************

                    xk=(   0.04808,   0.02776,   0.30800  )

     Band symmetry, C_s (m)     point group:

     e(  1 -  2) =    -90.49968  eV     2   -->   2 A'             
     e(  3 -  4) =    -11.66817  eV     2   -->   2 A'             
     e(  5 -  6) =      2.75608  eV     2   -->   2 A'             
     e(  7 -  8) =      5.45797  eV     2   -->   2 A'             
     e(  9 - 10) =      5.51667  eV     2   -->   2 A''            
     e( 11 - 12) =     15.86807  eV     2   -->   2 A'             
     e( 13 - 14) =     20.37325  eV     2   -->   2 A'             

 **************************************************************************

 **************************************************************************

                    xk=(   0.05769,   0.03331,   0.30800  )

     Band symmetry, C_s (m)     point group:

     e(  1 -  2) =    -90.49967  eV     2   -->   2 A'             
     e(  3 -  4) =    -11.65835  eV     2   -->   2 A'             
     e(  5 -  6) =      2.75518  eV     2   -->   2 A'             
     e(  7 -  8) =      5.41839  eV     2   -->   2 A'             
     e(  9 - 10) =      5.50180  eV     2   -->   2 A''            
     e( 11 - 12) =     15.88342  eV     2   -->   2 A'             
     e( 13 - 14) =     20.31647  eV     2   -->   2 A'             

 **************************************************************************

 **************************************************************************

                    xk=(   0.06731,   0.03886,   0.30800  )

     Band symmetry, C_s (m)     point group:

     e(  1 -  2) =    -90.49965  eV     2   -->   2 A'             
     e(  3 -  4) =    -11.64679  eV     2   -->   2 A'             
     e(  5 -  6) =      2.75378  eV     2   -->   2 A'             
     e(  7 -  8) =      5.37268  eV     2   -->   2 A'             
     e(  9 - 10) =      5.48443  eV     2   -->   2 A''            
     e( 11 - 12) =     15.90045  eV     2   -->   2 A'             
     e( 13 - 14) =     20.26068  eV     2   -->   2 A'             

 **************************************************************************

 **************************************************************************

                    xk=(   0.07692,   0.04441,   0.30800  )

     Band symmetry, C_s (m)     point group:

     e(  1 -  2) =    -90.49963  eV     2   -->   2 A'             
     e(  3 -  4) =    -11.63352  eV     2   -->   2 A'             
     e(  5 -  6) =      2.75170  eV     2   -->   2 A'             
     e(  7 -  8) =      5.32136  eV     2   -->   2 A'             
     e(  9 - 10) =      5.46464  eV     2   -->   2 A''            
     e( 11 - 12) =     15.91862  eV     2   -->   2 A'             
     e( 13 - 14) =     20.20698  eV     2   -->   2 A'             

 **************************************************************************

 **************************************************************************

                    xk=(   0.08654,   0.04996,   0.30800  )

     Band symmetry, C_s (m)     point group:

     e(  1 -  2) =    -90.49960  eV     2   -->   2 A'             
     e(  3 -  4) =    -11.61856  eV     2   -->   2 A'             
     e(  5 -  6) =      2.74873  eV     2   -->   2 A'             
     e(  7 -  8) =      5.26500  eV     2   -->   2 A'             
     e(  9 - 10) =      5.44256  eV     2   -->   2 A''            
     e( 11 - 12) =     15.93737  eV     2   -->   2 A'             
     e( 13 - 14) =     20.15620  eV     2   -->   2 A'             

 **************************************************************************

 **************************************************************************

                    xk=(   0.09615,   0.05551,   0.30800  )

     Band symmetry, C_s (m)     point group:

     e(  1 -  2) =    -90.49958  eV     2   -->   2 A'             
     e(  3 -  4) =    -11.60196  eV     2   -->   2 A'             
     e(  5 -  6) =      2.74462  eV     2   -->   2 A'             
     e(  7 -  8) =      5.20426  eV     2   -->   2 A'             
     e(  9 - 10) =      5.41828  eV     2   -->   2 A''            
     e( 11 - 12) =     15.95610  eV     2   -->   2 A'             
     e( 13 - 14) =     20.10901  eV     2   -->   2 A'             

 **************************************************************************

 **************************************************************************

                    xk=(   0.10577,   0.06107,   0.30800  )

     Band symmetry, C_s (m)     point group:

     e(  1 -  2) =    -90.49955  eV     2   -->   2 A'             
     e(  3 -  4) =    -11.58374  eV     2   -->   2 A'             
     e(  5 -  6) =      2.73907  eV     2   -->   2 A'             
     e(  7 -  8) =      5.13984  eV     2   -->   2 A'             
     e(  9 - 10) =      5.39195  eV     2   -->   2 A''            
     e( 11 - 12) =     15.97420  eV     2   -->   2 A'             
     e( 13 - 14) =     20.06596  eV     2   -->   2 A'             

 **************************************************************************

 **************************************************************************

                    xk=(   0.11538,   0.06662,   0.30800  )

     Band symmetry, C_s (m)     point group:

     e(  1 -  2) =    -90.49952  eV     2   -->   2 A'             
     e(  3 -  4) =    -11.56395  eV     2   -->   2 A'             
     e(  5 -  6) =      2.73175  eV     2   -->   2 A'             
     e(  7 -  8) =      5.07252  eV     2   -->   2 A'             
     e(  9 - 10) =      5.36369  eV     2   -->   2 A''            
     e( 11 - 12) =     15.99104  eV     2   -->   2 A'             
     e( 13 - 14) =     20.02753  eV     2   -->   2 A'             

 **************************************************************************

 **************************************************************************

                    xk=(   0.12500,   0.07217,   0.30800  )

     Band symmetry, C_s (m)     point group:

     e(  1 -  2) =    -90.49949  eV     2   -->   2 A'             
     e(  3 -  4) =    -11.54263  eV     2   -->   2 A'             
     e(  5 -  6) =      2.72228  eV     2   -->   2 A'             
     e(  7 -  8) =      5.00312  eV     2   -->   2 A'             
     e(  9 - 10) =      5.33365  eV     2   -->   2 A''            
     e( 11 - 12) =     16.00602  eV     2   -->   2 A'             
     e( 13 - 14) =     19.99413  eV     2   -->   2 A'             

 **************************************************************************

 **************************************************************************

                    xk=(   0.13462,   0.07772,   0.30800  )

     Band symmetry, C_s (m)     point group:

     e(  1 -  2) =    -90.49945  eV     2   -->   2 A'             
     e(  3 -  4) =    -11.51984  eV     2   -->   2 A'             
     e(  5 -  6) =      2.71023  eV     2   -->   2 A'             
     e(  7 -  8) =      4.93250  eV     2   -->   2 A'             
     e(  9 - 10) =      5.30197  eV     2   -->   2 A''            
     e( 11 - 12) =     16.01857  eV     2   -->   2 A'             
     e( 13 - 14) =     19.96608  eV     2   -->   2 A'             

 **************************************************************************

 **************************************************************************

                    xk=(   0.14423,   0.08327,   0.30800  )

     Band symmetry, C_s (m)     point group:

     e(  1 -  2) =    -90.49942  eV     2   -->   2 A'             
     e(  3 -  4) =    -11.49563  eV     2   -->   2 A'             
     e(  5 -  6) =      2.69514  eV     2   -->   2 A'             
     e(  7 -  8) =      4.86157  eV     2   -->   2 A'             
     e(  9 - 10) =      5.26881  eV     2   -->   2 A''            
     e( 11 - 12) =     16.02817  eV     2   -->   2 A'             
     e( 13 - 14) =     19.94365  eV     2   -->   2 A'             

 **************************************************************************

 **************************************************************************

                    xk=(   0.15385,   0.08882,   0.30800  )

     Band symmetry, C_s (m)     point group:

     e(  1 -  2) =    -90.49938  eV     2   -->   2 A'             
     e(  3 -  4) =    -11.47005  eV     2   -->   2 A'             
     e(  5 -  6) =      2.67651  eV     2   -->   2 A'             
     e(  7 -  8) =      4.79128  eV     2   -->   2 A'             
     e(  9 - 10) =      5.23432  eV     2   -->   2 A''            
     e( 11 - 12) =     16.03437  eV     2   -->   2 A'             
     e( 13 - 14) =     19.92701  eV     2   -->   2 A'             

 **************************************************************************

 **************************************************************************

                    xk=(   0.16346,   0.09437,   0.30800  )

     Band symmetry, C_s (m)     point group:

     e(  1 -  2) =    -90.49934  eV     2   -->   2 A'             
     e(  3 -  4) =    -11.44318  eV     2   -->   2 A'             
     e(  5 -  6) =      2.65385  eV     2   -->   2 A'             
     e(  7 -  8) =      4.72255  eV     2   -->   2 A'             
     e(  9 - 10) =      5.19867  eV     2   -->   2 A''            
     e( 11 - 12) =     16.03681  eV     2   -->   2 A'             
     e( 13 - 14) =     19.91623  eV     2   -->   2 A'             

 **************************************************************************

 **************************************************************************

                    xk=(   0.17308,   0.09993,   0.30800  )

     Band symmetry, C_s (m)     point group:

     e(  1 -  2) =    -90.49930  eV     2   -->   2 A'             
     e(  3 -  4) =    -11.41507  eV     2   -->   2 A'             
     e(  5 -  6) =      2.62665  eV     2   -->   2 A'             
     e(  7 -  8) =      4.65633  eV     2   -->   2 A'             
     e(  9 - 10) =      5.16200  eV     2   -->   2 A''            
     e( 11 - 12) =     16.03520  eV     2   -->   2 A'             
     e( 13 - 14) =     19.91129  eV     2   -->   2 A'             

 **************************************************************************

 **************************************************************************

                    xk=(   0.18269,   0.10548,   0.30800  )

     Band symmetry, C_s (m)     point group:

     e(  1 -  2) =    -90.49926  eV     2   -->   2 A'             
     e(  3 -  4) =    -11.38581  eV     2   -->   2 A'             
     e(  5 -  6) =      2.59443  eV     2   -->   2 A'             
     e(  7 -  8) =      4.59348  eV     2   -->   2 A'             
     e(  9 - 10) =      5.12448  eV     2   -->   2 A''            
     e( 11 - 12) =     16.02936  eV     2   -->   2 A'             
     e( 13 - 14) =     19.91209  eV     2   -->   2 A'             

 **************************************************************************

 **************************************************************************

                    xk=(   0.19231,   0.11103,   0.30800  )

     Band symmetry, C_s (m)     point group:

     e(  1 -  2) =    -90.49921  eV     2   -->   2 A'             
     e(  3 -  4) =    -11.35547  eV     2   -->   2 A'             
     e(  5 -  6) =      2.55681  eV     2   -->   2 A'             
     e(  7 -  8) =      4.53482  eV     2   -->   2 A'             
     e(  9 - 10) =      5.08627  eV     2   -->   2 A''            
     e( 11 - 12) =     16.01922  eV     2   -->   2 A'             
     e( 13 - 14) =     19.91842  eV     2   -->   2 A'             

 **************************************************************************

 **************************************************************************

                    xk=(   0.20192,   0.11658,   0.30800  )

     Band symmetry, C_s (m)     point group:

     e(  1 -  2) =    -90.49917  eV     2   -->   2 A'             
     e(  3 -  4) =    -11.32413  eV     2   -->   2 A'             
     e(  5 -  6) =      2.51348  eV     2   -->   2 A'             
     e(  7 -  8) =      4.48102  eV     2   -->   2 A'             
     e(  9 - 10) =      5.04752  eV     2   -->   2 A''            
     e( 11 - 12) =     16.00479  eV     2   -->   2 A'             
     e( 13 - 14) =     19.92997  eV     2   -->   2 A'             

 **************************************************************************

 **************************************************************************

                    xk=(   0.21154,   0.12213,   0.30800  )

     Band symmetry, C_s (m)     point group:

     e(  1 -  2) =    -90.49912  eV     2   -->   2 A'             
     e(  3 -  4) =    -11.29189  eV     2   -->   2 A'             
     e(  5 -  6) =      2.46430  eV     2   -->   2 A'             
     e(  7 -  8) =      4.43262  eV     2   -->   2 A'             
     e(  9 - 10) =      5.00840  eV     2   -->   2 A''            
     e( 11 - 12) =     15.98618  eV     2   -->   2 A'             
     e( 13 - 14) =     19.94635  eV     2   -->   2 A'             

 **************************************************************************

 **************************************************************************

                    xk=(   0.22115,   0.12768,   0.30800  )

     Band symmetry, C_s (m)     point group:

     e(  1 -  2) =    -90.49908  eV     2   -->   2 A'             
     e(  3 -  4) =    -11.25884  eV     2   -->   2 A'             
     e(  5 -  6) =      2.40927  eV     2   -->   2 A'             
     e(  7 -  8) =      4.38996  eV     2   -->   2 A'             
     e(  9 - 10) =      4.96905  eV     2   -->   2 A''            
     e( 11 - 12) =     15.96358  eV     2   -->   2 A'             
     e( 13 - 14) =     19.96712  eV     2   -->   2 A'             

 **************************************************************************

 **************************************************************************

                    xk=(   0.23077,   0.13323,   0.30800  )

     Band symmetry, C_s (m)     point group:

     e(  1 -  2) =    -90.49903  eV     2   -->   2 A'             
     e(  3 -  4) =    -11.22508  eV     2   -->   2 A'             
     e(  5 -  6) =      2.34856  eV     2   -->   2 A'             
     e(  7 -  8) =      4.35321  eV     2   -->   2 A'             
     e(  9 - 10) =      4.92963  eV     2   -->   2 A''            
     e( 11 - 12) =     15.93724  eV     2   -->   2 A'             
     e( 13 - 14) =     19.99178  eV     2   -->   2 A'             

 **************************************************************************

 **************************************************************************

                    xk=(   0.24038,   0.13879,   0.30800  )

     Band symmetry, C_s (m)     point group:

     e(  1 -  2) =    -90.49899  eV     2   -->   2 A'             
     e(  3 -  4) =    -11.19071  eV     2   -->   2 A'             
     e(  5 -  6) =      2.28253  eV     2   -->   2 A'             
     e(  7 -  8) =      4.32235  eV     2   -->   2 A'             
     e(  9 - 10) =      4.89027  eV     2   -->   2 A''            
     e( 11 - 12) =     15.90747  eV     2   -->   2 A'             
     e( 13 - 14) =     20.01977  eV     2   -->   2 A'             

 **************************************************************************

 **************************************************************************

                    xk=(   0.25000,   0.14434,   0.30800  )

     Band symmetry, C_s (m)     point group:

     e(  1 -  2) =    -90.49894  eV     2   -->   2 A'             
     e(  3 -  4) =    -11.15585  eV     2   -->   2 A'             
     e(  5 -  6) =      2.21166  eV     2   -->   2 A'             
     e(  7 -  8) =      4.29722  eV     2   -->   2 A'             
     e(  9 - 10) =      4.85113  eV     2   -->   2 A''            
     e( 11 - 12) =     15.87463  eV     2   -->   2 A'             
     e( 13 - 14) =     20.05052  eV     2   -->   2 A'             

 **************************************************************************

 **************************************************************************

                    xk=(   0.25962,   0.14989,   0.30800  )

     Band symmetry, C_s (m)     point group:

     e(  1 -  2) =    -90.49889  eV     2   -->   2 A'             
     e(  3 -  4) =    -11.12060  eV     2   -->   2 A'             
     e(  5 -  6) =      2.13656  eV     2   -->   2 A'             
     e(  7 -  8) =      4.27749  eV     2   -->   2 A'             
     e(  9 - 10) =      4.81234  eV     2   -->   2 A''            
     e( 11 - 12) =     15.83909  eV     2   -->   2 A'             
     e( 13 - 14) =     20.08346  eV     2   -->   2 A'             

 **************************************************************************

 **************************************************************************

                    xk=(   0.26923,   0.15544,   0.30800  )

     Band symmetry, C_s (m)     point group:

     e(  1 -  2) =    -90.49884  eV     2   -->   2 A'             
     e(  3 -  4) =    -11.08510  eV     2   -->   2 A'             
     e(  5 -  6) =      2.05791  eV     2   -->   2 A'             
     e(  7 -  8) =      4.26278  eV     2   -->   2 A'             
     e(  9 - 10) =      4.77402  eV     2   -->   2 A''            
     e( 11 - 12) =     15.80124  eV     2   -->   2 A'             
     e( 13 - 14) =     20.11800  eV     2   -->   2 A'             

 **************************************************************************

 **************************************************************************

                    xk=(   0.27885,   0.16099,   0.30800  )

     Band symmetry, C_s (m)     point group:

     e(  1 -  2) =    -90.49880  eV     2   -->   2 A'             
     e(  3 -  4) =    -11.04945  eV     2   -->   2 A'             
     e(  5 -  6) =      1.97644  eV     2   -->   2 A'             
     e(  7 -  8) =      4.25263  eV     2   -->   2 A'             
     e(  9 - 10) =      4.73631  eV     2   -->   2 A''            
     e( 11 - 12) =     15.76150  eV     2   -->   2 A'             
     e( 13 - 14) =     20.15360  eV     2   -->   2 A'             

 **************************************************************************

 **************************************************************************

                    xk=(   0.28846,   0.16654,   0.30800  )

     Band symmetry, C_s (m)     point group:

     e(  1 -  2) =    -90.49875  eV     2   -->   2 A'             
     e(  3 -  4) =    -11.01381  eV     2   -->   2 A'             
     e(  5 -  6) =      1.89290  eV     2   -->   2 A'             
     e(  7 -  8) =      4.24653  eV     2   -->   2 A'             
     e(  9 - 10) =      4.69934  eV     2   -->   2 A''            
     e( 11 - 12) =     15.72027  eV     2   -->   2 A'             
     e( 13 - 14) =     20.18970  eV     2   -->   2 A'             

 **************************************************************************

 **************************************************************************

                    xk=(   0.29808,   0.17209,   0.30800  )

     Band symmetry, C_s (m)     point group:

     e(  1 -  2) =    -90.49871  eV     2   -->   2 A'             
     e(  3 -  4) =    -10.97829  eV     2   -->   2 A'             
     e(  5 -  6) =      1.80805  eV     2   -->   2 A'             
     e(  7 -  8) =      4.24400  eV     2   -->   2 A'             
     e(  9 - 10) =      4.66321  eV     2   -->   2 A''            
     e( 11 - 12) =     15.67794  eV     2   -->   2 A'             
     e( 13 - 14) =     20.22581  eV     2   -->   2 A'             

 **************************************************************************

 **************************************************************************

                    xk=(   0.30769,   0.17765,   0.30800  )

     Band symmetry, C_s (m)     point group:

     e(  1 -  2) =    -90.49866  eV     2   -->   2 A'             
     e(  3 -  4) =    -10.94304  eV     2   -->   2 A'             
     e(  5 -  6) =      1.72259  eV     2   -->   2 A'             
     e(  7 -  8) =      4.24455  eV     2   -->   2 A'             
     e(  9 - 10) =      4.62804  eV     2   -->   2 A''            
     e( 11 - 12) =     15.63491  eV     2   -->   2 A'             
     e( 13 - 14) =     20.26147  eV     2   -->   2 A'             

 **************************************************************************

 **************************************************************************

                    xk=(   0.31731,   0.18320,   0.30800  )

     Band symmetry, C_s (m)     point group:

     e(  1 -  2) =    -90.49862  eV     2   -->   2 A'             
     e(  3 -  4) =    -10.90821  eV     2   -->   2 A'             
     e(  5 -  6) =      1.63721  eV     2   -->   2 A'             
     e(  7 -  8) =      4.24772  eV     2   -->   2 A'             
     e(  9 - 10) =      4.59393  eV     2   -->   2 A''            
     e( 11 - 12) =     15.59154  eV     2   -->   2 A'             
     e( 13 - 14) =     20.29626  eV     2   -->   2 A'             

 **************************************************************************

 **************************************************************************

                    xk=(   0.32692,   0.18875,   0.30800  )

     Band symmetry, C_s (m)     point group:

     e(  1 -  2) =    -90.49858  eV     2   -->   2 A'             
     e(  3 -  4) =    -10.87393  eV     2   -->   2 A'             
     e(  5 -  6) =      1.55256  eV     2   -->   2 A'             
     e(  7 -  8) =      4.25306  eV     2   -->   2 A'             
     e(  9 - 10) =      4.56098  eV     2   -->   2 A''            
     e( 11 - 12) =     15.54820  eV     2   -->   2 A'             
     e( 13 - 14) =     20.32982  eV     2   -->   2 A'             

 **************************************************************************

 **************************************************************************

                    xk=(   0.33654,   0.19430,   0.30800  )

     Band symmetry, C_s (m)     point group:

     e(  1 -  2) =    -90.49853  eV     2   -->   2 A'             
     e(  3 -  4) =    -10.84035  eV     2   -->   2 A'             
     e(  5 -  6) =      1.46925  eV     2   -->   2 A'             
     e(  7 -  8) =      4.26017  eV     2   -->   2 A'             
     e(  9 - 10) =      4.52929  eV     2   -->   2 A''            
     e( 11 - 12) =     15.50523  eV     2   -->   2 A'             
     e( 13 - 14) =     20.36183  eV     2   -->   2 A'             

 **************************************************************************

 **************************************************************************

                    xk=(   0.34615,   0.19985,   0.30800  )

     Band symmetry, C_s (m)     point group:

     e(  1 -  2) =    -90.49850  eV     2   -->   2 A'             
     e(  3 -  4) =    -10.80763  eV     2   -->   2 A'             
     e(  5 -  6) =      1.38784  eV     2   -->   2 A'             
     e(  7 -  8) =      4.26868  eV     2   -->   2 A'             
     e(  9 - 10) =      4.49895  eV     2   -->   2 A''            
     e( 11 - 12) =     15.46295  eV     2   -->   2 A'             
     e( 13 - 14) =     20.39203  eV     2   -->   2 A'             

 **************************************************************************

 **************************************************************************

                    xk=(   0.35577,   0.20540,   0.30800  )

     Band symmetry, C_s (m)     point group:

     e(  1 -  2) =    -90.49846  eV     2   -->   2 A'             
     e(  3 -  4) =    -10.77592  eV     2   -->   2 A'             
     e(  5 -  6) =      1.30885  eV     2   -->   2 A'             
     e(  7 -  8) =      4.27825  eV     2   -->   2 A'             
     e(  9 - 10) =      4.47004  eV     2   -->   2 A''            
     e( 11 - 12) =     15.42167  eV     2   -->   2 A'             
     e( 13 - 14) =     20.42022  eV     2   -->   2 A'             

 **************************************************************************

 **************************************************************************

                    xk=(   0.36538,   0.21095,   0.30800  )

     Band symmetry, C_s (m)     point group:

     e(  1 -  2) =    -90.49842  eV     2   -->   2 A'             
     e(  3 -  4) =    -10.74536  eV     2   -->   2 A'             
     e(  5 -  6) =      1.23276  eV     2   -->   2 A'             
     e(  7 -  8) =      4.28856  eV     2   -->   2 A'             
     e(  9 - 10) =      4.44264  eV     2   -->   2 A''            
     e( 11 - 12) =     15.38168  eV     2   -->   2 A'             
     e( 13 - 14) =     20.44626  eV     2   -->   2 A'             

 **************************************************************************

 **************************************************************************

                    xk=(   0.37500,   0.21651,   0.30800  )

     Band symmetry, C_s (m)     point group:

     e(  1 -  2) =    -90.49839  eV     2   -->   2 A'             
     e(  3 -  4) =    -10.71612  eV     2   -->   2 A'             
     e(  5 -  6) =      1.16003  eV     2   -->   2 A'             
     e(  7 -  8) =      4.29933  eV     2   -->   2 A'             
     e(  9 - 10) =      4.41682  eV     2   -->   2 A''            
     e( 11 - 12) =     15.34326  eV     2   -->   2 A'             
     e( 13 - 14) =     20.47006  eV     2   -->   2 A'             

 **************************************************************************

 **************************************************************************

                    xk=(   0.38462,   0.22206,   0.30800  )

     Band symmetry, C_s (m)     point group:

     e(  1 -  2) =    -90.49835  eV     2   -->   2 A'             
     e(  3 -  4) =    -10.68832  eV     2   -->   2 A'             
     e(  5 -  6) =      1.09105  eV     2   -->   2 A'             
     e(  7 -  8) =      4.31030  eV     2   -->   2 A'             
     e(  9 - 10) =      4.39265  eV     2   -->   2 A''            
     e( 11 - 12) =     15.30664  eV     2   -->   2 A'             
     e( 13 - 14) =     20.49157  eV     2   -->   2 A'             

 **************************************************************************

 **************************************************************************

                    xk=(   0.39423,   0.22761,   0.30800  )

     Band symmetry, C_s (m)     point group:

     e(  1 -  2) =    -90.49832  eV     2   -->   2 A'             
     e(  3 -  4) =    -10.66213  eV     2   -->   2 A'             
     e(  5 -  6) =      1.02622  eV     2   -->   2 A'             
     e(  7 -  8) =      4.32123  eV     2   -->   2 A'             
     e(  9 - 10) =      4.37019  eV     2   -->   2 A''            
     e( 11 - 12) =     15.27208  eV     2   -->   2 A'             
     e( 13 - 14) =     20.51079  eV     2   -->   2 A'             

 **************************************************************************

 **************************************************************************

                    xk=(   0.40385,   0.23316,   0.30800  )

     Band symmetry, C_s (m)     point group:

     e(  1 -  2) =    -90.49830  eV     2   -->   2 A'             
     e(  3 -  4) =    -10.63768  eV     2   -->   2 A'             
     e(  5 -  6) =      0.96587  eV     2   -->   2 A'             
     e(  7 -  8) =      4.33190  eV     2   -->   2 A'             
     e(  9 - 10) =      4.34949  eV     2   -->   2 A''            
     e( 11 - 12) =     15.23977  eV     2   -->   2 A'             
     e( 13 - 14) =     20.52778  eV     2   -->   2 A'             

 **************************************************************************

 **************************************************************************

                    xk=(   0.41346,   0.23871,   0.30800  )

     Band symmetry, C_s (m)     point group:

     e(  1 -  2) =    -90.49827  eV     2   -->   2 A'             
     e(  3 -  4) =    -10.61510  eV     2   -->   2 A'             
     e(  5 -  6) =      0.91032  eV     2   -->   2 A'             
     e(  7 -  8) =      4.33061  eV     2   -->   2 A''            
     e(  9 - 10) =      4.34213  eV     2   -->   2 A'             
     e( 11 - 12) =     15.20994  eV     2   -->   2 A'             
     e( 13 - 14) =     20.54260  eV     2   -->   2 A'             

 **************************************************************************

 **************************************************************************

                    xk=(   0.42308,   0.24426,   0.30800  )

     Band symmetry, C_s (m)     point group:

     e(  1 -  2) =    -90.49825  eV     2   -->   2 A'             
     e(  3 -  4) =    -10.59453  eV     2   -->   2 A'             
     e(  5 -  6) =      0.85985  eV     2   -->   2 A'             
     e(  7 -  8) =      4.31360  eV     2   -->   2 A''            
     e(  9 - 10) =      4.35175  eV     2   -->   2 A'             
     e( 11 - 12) =     15.18274  eV     2   -->   2 A'             
     e( 13 - 14) =     20.55537  eV     2   -->   2 A'             

 **************************************************************************

 **************************************************************************

                    xk=(   0.43269,   0.24982,   0.30800  )

     Band symmetry, C_s (m)     point group:

     e(  1 -  2) =    -90.49823  eV     2   -->   2 A'             
     e(  3 -  4) =    -10.57607  eV     2   -->   2 A'             
     e(  5 -  6) =      0.81471  eV     2   -->   2 A'             
     e(  7 -  8) =      4.29849  eV     2   -->   2 A''            
     e(  9 - 10) =      4.36059  eV     2   -->   2 A'             
     e( 11 - 12) =     15.15836  eV     2   -->   2 A'             
     e( 13 - 14) =     20.56621  eV     2   -->   2 A'             

 **************************************************************************

 **************************************************************************

                    xk=(   0.44231,   0.25537,   0.30800  )

     Band symmetry, C_s (m)     point group:

     e(  1 -  2) =    -90.49821  eV     2   -->   2 A'             
     e(  3 -  4) =    -10.55984  eV     2   -->   2 A'             
     e(  5 -  6) =      0.77514  eV     2   -->   2 A'             
     e(  7 -  8) =      4.28532  eV     2   -->   2 A''            
     e(  9 - 10) =      4.36852  eV     2   -->   2 A'             
     e( 11 - 12) =     15.13693  eV     2   -->   2 A'             
     e( 13 - 14) =     20.57524  eV     2   -->   2 A'             

 **************************************************************************

 **************************************************************************

                    xk=(   0.45192,   0.26092,   0.30800  )

     Band symmetry, C_s (m)     point group:

     e(  1 -  2) =    -90.49819  eV     2   -->   2 A'             
     e(  3 -  4) =    -10.54594  eV     2   -->   2 A'             
     e(  5 -  6) =      0.74132  eV     2   -->   2 A'             
     e(  7 -  8) =      4.27413  eV     2   -->   2 A''            
     e(  9 - 10) =      4.37543  eV     2   -->   2 A'             
     e( 11 - 12) =     15.11858  eV     2   -->   2 A'             
     e( 13 - 14) =     20.58261  eV     2   -->   2 A'             

 **************************************************************************

 **************************************************************************

                    xk=(   0.46154,   0.26647,   0.30800  )

     Band symmetry, C_s (m)     point group:

     e(  1 -  2) =    -90.49818  eV     2   -->   2 A'             
     e(  3 -  4) =    -10.53444  eV     2   -->   2 A'             
     e(  5 -  6) =      0.71342  eV     2   -->   2 A'             
     e(  7 -  8) =      4.26494  eV     2   -->   2 A''            
     e(  9 - 10) =      4.38121  eV     2   -->   2 A'             
     e( 11 - 12) =     15.10342  eV     2   -->   2 A'             
     e( 13 - 14) =     20.58843  eV     2   -->   2 A'             

 **************************************************************************

 **************************************************************************

                    xk=(   0.47115,   0.27202,   0.30800  )

     Band symmetry, C_s (m)     point group:

     e(  1 -  2) =    -90.49817  eV     2   -->   2 A'             
     e(  3 -  4) =    -10.52543  eV     2   -->   2 A'             
     e(  5 -  6) =      0.69158  eV     2   -->   2 A'             
     e(  7 -  8) =      4.25776  eV     2   -->   2 A''            
     e(  9 - 10) =      4.38580  eV     2   -->   2 A'             
     e( 11 - 12) =     15.09154  eV     2   -->   2 A'             
     e( 13 - 14) =     20.59283  eV     2   -->   2 A'             

 **************************************************************************

 **************************************************************************

                    xk=(   0.48077,   0.27757,   0.30800  )

     Band symmetry, C_s (m)     point group:

     e(  1 -  2) =    -90.49816  eV     2   -->   2 A'             
     e(  3 -  4) =    -10.51895  eV     2   -->   2 A'             
     e(  5 -  6) =      0.67591  eV     2   -->   2 A'             
     e(  7 -  8) =      4.25263  eV     2   -->   2 A''            
     e(  9 - 10) =      4.38912  eV     2   -->   2 A'             
     e( 11 - 12) =     15.08300  eV     2   -->   2 A'             
     e( 13 - 14) =     20.59590  eV     2   -->   2 A'             

 **************************************************************************

 **************************************************************************

                    xk=(   0.49038,   0.28312,   0.30800  )

     Band symmetry, C_s (m)     point group:

     e(  1 -  2) =    -90.49816  eV     2   -->   2 A'             
     e(  3 -  4) =    -10.51504  eV     2   -->   2 A'             
     e(  5 -  6) =      0.66647  eV     2   -->   2 A'             
     e(  7 -  8) =      4.24954  eV     2   -->   2 A''            
     e(  9 - 10) =      4.39113  eV     2   -->   2 A'             
     e( 11 - 12) =     15.07786  eV     2   -->   2 A'             
     e( 13 - 14) =     20.59771  eV     2   -->   2 A'             

 **************************************************************************

 **************************************************************************

                    xk=(   0.50000,   0.28868,   0.30800  )

     point group C_2v (mm2) 
     there are  4 classes
     the character table:

       E     C2    s_v   s_v' 
A_1    1.00  1.00  1.00  1.00
A_2    1.00  1.00 -1.00 -1.00
B_1    1.00 -1.00  1.00 -1.00
B_2    1.00 -1.00 -1.00  1.00

     the symmetry operations in each class and the name of the first element:

     E        1
                                                                 
     C2       2
                                                                 
     s_v      4
                                                                 
     s_v'     3
                                                                 

     Band symmetry, C_2v (mm2)  point group:

     e(  1 -  2) =    -90.49816  eV     2   --> A_1  D_1  S_1  
     e(  1 -  2) =    -90.49816  eV     2   --> B_1  D_3  S_3  
     e(  3 -  4) =    -10.51374  eV     2   --> A_1  D_1  S_1  
     e(  3 -  4) =    -10.51374  eV     2   --> B_1  D_3  S_3  
     e(  5 -  6) =      0.66332  eV     2   --> A_1  D_1  S_1  
     e(  5 -  6) =      0.66332  eV     2   --> B_1  D_3  S_3  
     e(  7 -  8) =      4.24851  eV     2   --> A_2  D_2  S_2  
     e(  7 -  8) =      4.24851  eV     2   --> B_2  D_4  S_4  
     e(  9 - 10) =      4.39180  eV     2   --> A_1  D_1  S_1  
     e(  9 - 10) =      4.39180  eV     2   --> B_1  D_3  S_3  
     e( 11 - 12) =     15.07614  eV     2   --> A_1  D_1  S_1  
     e( 11 - 12) =     15.07614  eV     2   --> B_1  D_3  S_3  
     e( 13 - 14) =     20.59831  eV     2   --> A_1  D_1  S_1  
     e( 13 - 14) =     20.59831  eV     2   --> B_1  D_3  S_3  

 **************************************************************************

 **************************************************************************

                    xk=(   0.49425,   0.29863,   0.30800  )

     point group C_s (m)    
     there are  2 classes
     the character table:

       E     s    
A'     1.00  1.00
A''    1.00 -1.00

     the symmetry operations in each class and the name of the first element:

     E        1
                                                                 
     s        2
                                                                 

     Band symmetry, C_s (m)     point group:

     e(  1 -  2) =    -90.49816  eV     2   --> A'             
     e(  1 -  2) =    -90.49816  eV     2   --> A''            
     e(  3 -  4) =    -10.51332  eV     2   --> A'             
     e(  3 -  4) =    -10.51332  eV     2   --> A''            
     e(  5 -  6) =      0.66469  eV     2   --> A'             
     e(  5 -  6) =      0.66469  eV     2   --> A''            
     e(  7 -  8) =      4.22957  eV     2   --> A'             
     e(  7 -  8) =      4.22957  eV     2   --> A''            
     e(  9 - 10) =      4.40622  eV     2   --> A'             
     e(  9 - 10) =      4.40622  eV     2   --> A''            
     e( 11 - 12) =     15.08176  eV     2   --> A'             
     e( 11 - 12) =     15.08176  eV     2   --> A''            
     e( 13 - 14) =     20.59540  eV     2   --> A'             
     e( 13 - 14) =     20.59540  eV     2   --> A''            

 **************************************************************************

 **************************************************************************

                    xk=(   0.48851,   0.30858,   0.30800  )

     Band symmetry, C_s (m)     point group:

     e(  1 -  2) =    -90.49816  eV     2   --> A'             
     e(  1 -  2) =    -90.49816  eV     2   --> A''            
     e(  3 -  4) =    -10.51205  eV     2   --> A'             
     e(  3 -  4) =    -10.51205  eV     2   --> A''            
     e(  5 -  6) =      0.66880  eV     2   --> A'             
     e(  5 -  6) =      0.66880  eV     2   --> A''            
     e(  7 -  8) =      4.18527  eV     2   --> A'             
     e(  7 -  8) =      4.18527  eV     2   --> A''            
     e(  9 - 10) =      4.43703  eV     2   --> A'             
     e(  9 - 10) =      4.43703  eV     2   --> A''            
     e( 11 - 12) =     15.09857  eV     2   --> A'             
     e( 11 - 12) =     15.09857  eV     2   --> A''            
     e( 13 - 14) =     20.58650  eV     2   --> A'             
     e( 13 - 14) =     20.58650  eV     2   --> A''            

 **************************************************************************

 **************************************************************************

                    xk=(   0.48276,   0.31854,   0.30800  )

     Band symmetry, C_s (m)     point group:

     e(  1 -  2) =    -90.49815  eV     2   --> A'             
     e(  1 -  2) =    -90.49815  eV     2   --> A''            
     e(  3 -  4) =    -10.50995  eV     2   --> A'             
     e(  3 -  4) =    -10.50995  eV     2   --> A''            
     e(  5 -  6) =      0.67565  eV     2   --> A'             
     e(  5 -  6) =      0.67565  eV     2   --> A''            
     e(  7 -  8) =      4.12857  eV     2   --> A'             
     e(  7 -  8) =      4.12857  eV     2   --> A''            
     e(  9 - 10) =      4.47142  eV     2   --> A'             
     e(  9 - 10) =      4.47142  eV     2   --> A''            
     e( 11 - 12) =     15.12636  eV     2   --> A'             
     e( 11 - 12) =     15.12636  eV     2   --> A''            
     e( 13 - 14) =     20.57120  eV     2   --> A'             
     e( 13 - 14) =     20.57120  eV     2   --> A''            

 **************************************************************************

 **************************************************************************

                    xk=(   0.47701,   0.32849,   0.30800  )

     Band symmetry, C_s (m)     point group:

     e(  1 -  2) =    -90.49815  eV     2   --> A'             
     e(  1 -  2) =    -90.49815  eV     2   --> A''            
     e(  3 -  4) =    -10.50703  eV     2   --> A'             
     e(  3 -  4) =    -10.50703  eV     2   --> A''            
     e(  5 -  6) =      0.68523  eV     2   --> A'             
     e(  5 -  6) =      0.68523  eV     2   --> A''            
     e(  7 -  8) =      4.06408  eV     2   --> A'             
     e(  7 -  8) =      4.06408  eV     2   --> A''            
     e(  9 - 10) =      4.50503  eV     2   --> A'             
     e(  9 - 10) =      4.50503  eV     2   --> A''            
     e( 11 - 12) =     15.16486  eV     2   --> A'             
     e( 11 - 12) =     15.16486  eV     2   --> A''            
     e( 13 - 14) =     20.54886  eV     2   --> A'             
     e( 13 - 14) =     20.54886  eV     2   --> A''            

 **************************************************************************

 **************************************************************************

                    xk=(   0.47126,   0.33845,   0.30800  )

     Band symmetry, C_s (m)     point group:

     e(  1 -  2) =    -90.49815  eV     2   --> A'             
     e(  1 -  2) =    -90.49815  eV     2   --> A''            
     e(  3 -  4) =    -10.50332  eV     2   --> A'             
     e(  3 -  4) =    -10.50332  eV     2   --> A''            
     e(  5 -  6) =      0.69753  eV     2   --> A'             
     e(  5 -  6) =      0.69753  eV     2   --> A''            
     e(  7 -  8) =      3.99341  eV     2   --> A'             
     e(  7 -  8) =      3.99341  eV     2   --> A''            
     e(  9 - 10) =      4.53658  eV     2   --> A'             
     e(  9 - 10) =      4.53658  eV     2   --> A''            
     e( 11 - 12) =     15.21364  eV     2   --> A'             
     e( 11 - 12) =     15.21364  eV     2   --> A''            
     e( 13 - 14) =     20.51865  eV     2   --> A'             
     e( 13 - 14) =     20.51865  eV     2   --> A''            

 **************************************************************************

 **************************************************************************

                    xk=(   0.46552,   0.34840,   0.30800  )

     Band symmetry, C_s (m)     point group:

     e(  1 -  2) =    -90.49814  eV     2   --> A'             
     e(  1 -  2) =    -90.49814  eV     2   --> A''            
     e(  3 -  4) =    -10.49885  eV     2   --> A'             
     e(  3 -  4) =    -10.49885  eV     2   --> A''            
     e(  5 -  6) =      0.71254  eV     2   --> A'             
     e(  5 -  6) =      0.71254  eV     2   --> A''            
     e(  7 -  8) =      3.91732  eV     2   --> A'             
     e(  7 -  8) =      3.91732  eV     2   --> A''            
     e(  9 - 10) =      4.56575  eV     2   --> A'             
     e(  9 - 10) =      4.56575  eV     2   --> A''            
     e( 11 - 12) =     15.27221  eV     2   --> A'             
     e( 11 - 12) =     15.27221  eV     2   --> A''            
     e( 13 - 14) =     20.47973  eV     2   --> A'             
     e( 13 - 14) =     20.47973  eV     2   --> A''            

 **************************************************************************

 **************************************************************************

                    xk=(   0.45977,   0.35836,   0.30800  )

     Band symmetry, C_s (m)     point group:

     e(  1 -  2) =    -90.49813  eV     2   --> A'             
     e(  1 -  2) =    -90.49813  eV     2   --> A''            
     e(  3 -  4) =    -10.49365  eV     2   --> A'             
     e(  3 -  4) =    -10.49365  eV     2   --> A''            
     e(  5 -  6) =      0.73026  eV     2   --> A'             
     e(  5 -  6) =      0.73026  eV     2   --> A''            
     e(  7 -  8) =      3.83630  eV     2   --> A'             
     e(  7 -  8) =      3.83630  eV     2   --> A''            
     e(  9 - 10) =      4.59252  eV     2   --> A'             
     e(  9 - 10) =      4.59252  eV     2   --> A''            
     e( 11 - 12) =     15.33998  eV     2   --> A'             
     e( 11 - 12) =     15.33998  eV     2   --> A''            
     e( 13 - 14) =     20.43132  eV     2   --> A'             
     e( 13 - 14) =     20.43132  eV     2   --> A''            

 **************************************************************************

 **************************************************************************

                    xk=(   0.45402,   0.36831,   0.30800  )

     Band symmetry, C_s (m)     point group:

     e(  1 -  2) =    -90.49813  eV     2   --> A'             
     e(  1 -  2) =    -90.49813  eV     2   --> A''            
     e(  3 -  4) =    -10.48777  eV     2   --> A'             
     e(  3 -  4) =    -10.48777  eV     2   --> A''            
     e(  5 -  6) =      0.75066  eV     2   --> A'             
     e(  5 -  6) =      0.75066  eV     2   --> A''            
     e(  7 -  8) =      3.75077  eV     2   --> A'             
     e(  7 -  8) =      3.75077  eV     2   --> A''            
     e(  9 - 10) =      4.61704  eV     2   --> A'             
     e(  9 - 10) =      4.61704  eV     2   --> A''            
     e( 11 - 12) =     15.41631  eV     2   --> A'             
     e( 11 - 12) =     15.41631  eV     2   --> A''            
     e( 13 - 14) =     20.37285  eV     2   --> A'             
     e( 13 - 14) =     20.37285  eV     2   --> A''            

 **************************************************************************

 **************************************************************************

                    xk=(   0.44828,   0.37826,   0.30800  )

     Band symmetry, C_s (m)     point group:

     e(  1 -  2) =    -90.49812  eV     2   --> A'             
     e(  1 -  2) =    -90.49812  eV     2   --> A''            
     e(  3 -  4) =    -10.48126  eV     2   --> A'             
     e(  3 -  4) =    -10.48126  eV     2   --> A''            
     e(  5 -  6) =      0.77372  eV     2   --> A'             
     e(  5 -  6) =      0.77372  eV     2   --> A''            
     e(  7 -  8) =      3.66114  eV     2   --> A'             
     e(  7 -  8) =      3.66114  eV     2   --> A''            
     e(  9 - 10) =      4.63948  eV     2   --> A'             
     e(  9 - 10) =      4.63948  eV     2   --> A''            
     e( 11 - 12) =     15.50048  eV     2   --> A'             
     e( 11 - 12) =     15.50048  eV     2   --> A''            
     e( 13 - 14) =     20.30407  eV     2   --> A'             
     e( 13 - 14) =     20.30407  eV     2   --> A''            

 **************************************************************************

 **************************************************************************

                    xk=(   0.44253,   0.38822,   0.30800  )

     Band symmetry, C_s (m)     point group:

     e(  1 -  2) =    -90.49811  eV     2   --> A'             
     e(  1 -  2) =    -90.49811  eV     2   --> A''            
     e(  3 -  4) =    -10.47417  eV     2   --> A'             
     e(  3 -  4) =    -10.47417  eV     2   --> A''            
     e(  5 -  6) =      0.79944  eV     2   --> A'             
     e(  5 -  6) =      0.79944  eV     2   --> A''            
     e(  7 -  8) =      3.56784  eV     2   --> A'             
     e(  7 -  8) =      3.56784  eV     2   --> A''            
     e(  9 - 10) =      4.66003  eV     2   --> A'             
     e(  9 - 10) =      4.66003  eV     2   --> A''            
     e( 11 - 12) =     15.59177  eV     2   --> A'             
     e( 11 - 12) =     15.59177  eV     2   --> A''            
     e( 13 - 14) =     20.22508  eV     2   --> A'             
     e( 13 - 14) =     20.22508  eV     2   --> A''            

 **************************************************************************

 **************************************************************************

                    xk=(   0.43678,   0.39817,   0.30800  )

     Band symmetry, C_s (m)     point group:

     e(  1 -  2) =    -90.49810  eV     2   --> A'             
     e(  1 -  2) =    -90.49810  eV     2   --> A''            
     e(  3 -  4) =    -10.46657  eV     2   --> A'             
     e(  3 -  4) =    -10.46657  eV     2   --> A''            
     e(  5 -  6) =      0.82778  eV     2   --> A'             
     e(  5 -  6) =      0.82778  eV     2   --> A''            
     e(  7 -  8) =      3.47132  eV     2   --> A'             
     e(  7 -  8) =      3.47132  eV     2   --> A''            
     e(  9 - 10) =      4.67886  eV     2   --> A'             
     e(  9 - 10) =      4.67886  eV     2   --> A''            
     e( 11 - 12) =     15.68943  eV     2   --> A'             
     e( 11 - 12) =     15.68943  eV     2   --> A''            
     e( 13 - 14) =     20.13634  eV     2   --> A'             
     e( 13 - 14) =     20.13634  eV     2   --> A''            

 **************************************************************************

 **************************************************************************

                    xk=(   0.43103,   0.40813,   0.30800  )

     Band symmetry, C_s (m)     point group:

     e(  1 -  2) =    -90.49809  eV     2   --> A'             
     e(  1 -  2) =    -90.49809  eV     2   --> A''            
     e(  3 -  4) =    -10.45852  eV     2   --> A'             
     e(  3 -  4) =    -10.45852  eV     2   --> A''            
     e(  5 -  6) =      0.85873  eV     2   --> A'             
     e(  5 -  6) =      0.85873  eV     2   --> A''            
     e(  7 -  8) =      3.37208  eV     2   --> A'             
     e(  7 -  8) =      3.37208  eV     2   --> A''            
     e(  9 - 10) =      4.69616  eV     2   --> A'             
     e(  9 - 10) =      4.69616  eV     2   --> A''            
     e( 11 - 12) =     15.79269  eV     2   --> A'             
     e( 11 - 12) =     15.79269  eV     2   --> A''            
     e( 13 - 14) =     20.03860  eV     2   --> A'             
     e( 13 - 14) =     20.03860  eV     2   --> A''            

 **************************************************************************

 **************************************************************************

                    xk=(   0.42529,   0.41808,   0.30800  )

     Band symmetry, C_s (m)     point group:

     e(  1 -  2) =    -90.49808  eV     2   --> A'             
     e(  1 -  2) =    -90.49808  eV     2   --> A''            
     e(  3 -  4) =    -10.45011  eV     2   --> A'             
     e(  3 -  4) =    -10.45011  eV     2   --> A''            
     e(  5 -  6) =      0.89225  eV     2   --> A'             
     e(  5 -  6) =      0.89225  eV     2   --> A''            
     e(  7 -  8) =      3.27060  eV     2   --> A'             
     e(  7 -  8) =      3.27060  eV     2   --> A''            
     e(  9 - 10) =      4.71205  eV     2   --> A'             
     e(  9 - 10) =      4.71205  eV     2   --> A''            
     e( 11 - 12) =     15.90081  eV     2   --> A'             
     e( 11 - 12) =     15.90081  eV     2   --> A''            
     e( 13 - 14) =     19.93282  eV     2   --> A'             
     e( 13 - 14) =     19.93282  eV     2   --> A''            

 **************************************************************************

 **************************************************************************

                    xk=(   0.41954,   0.42804,   0.30800  )

     Band symmetry, C_s (m)     point group:

     e(  1 -  2) =    -90.49807  eV     2   --> A'             
     e(  1 -  2) =    -90.49807  eV     2   --> A''            
     e(  3 -  4) =    -10.44141  eV     2   --> A'             
     e(  3 -  4) =    -10.44141  eV     2   --> A''            
     e(  5 -  6) =      0.92832  eV     2   --> A'             
     e(  5 -  6) =      0.92832  eV     2   --> A''            
     e(  7 -  8) =      3.16741  eV     2   --> A'             
     e(  7 -  8) =      3.16741  eV     2   --> A''            
     e(  9 - 10) =      4.72668  eV     2   --> A'             
     e(  9 - 10) =      4.72668  eV     2   --> A''            
     e( 11 - 12) =     16.01306  eV     2   --> A'             
     e( 11 - 12) =     16.01306  eV     2   --> A''            
     e( 13 - 14) =     19.82009  eV     2   --> A'             
     e( 13 - 14) =     19.82009  eV     2   --> A''            

 **************************************************************************

 **************************************************************************

                    xk=(   0.41379,   0.43799,   0.30800  )

     Band symmetry, C_s (m)     point group:

     e(  1 -  2) =    -90.49806  eV     2   --> A'             
     e(  1 -  2) =    -90.49806  eV     2   --> A''            
     e(  3 -  4) =    -10.43250  eV     2   --> A'             
     e(  3 -  4) =    -10.43250  eV     2   --> A''            
     e(  5 -  6) =      0.96690  eV     2   --> A'             
     e(  5 -  6) =      0.96690  eV     2   --> A''            
     e(  7 -  8) =      3.06303  eV     2   --> A'             
     e(  7 -  8) =      3.06303  eV     2   --> A''            
     e(  9 - 10) =      4.74014  eV     2   --> A'             
     e(  9 - 10) =      4.74014  eV     2   --> A''            
     e( 11 - 12) =     16.12873  eV     2   --> A'             
     e( 11 - 12) =     16.12873  eV     2   --> A''            
     e( 13 - 14) =     19.70153  eV     2   --> A'             
     e( 13 - 14) =     19.70153  eV     2   --> A''            

 **************************************************************************

 **************************************************************************

                    xk=(   0.40805,   0.44794,   0.30800  )

     Band symmetry, C_s (m)     point group:

     e(  1 -  2) =    -90.49805  eV     2   --> A'             
     e(  1 -  2) =    -90.49805  eV     2   --> A''            
     e(  3 -  4) =    -10.42349  eV     2   --> A'             
     e(  3 -  4) =    -10.42349  eV     2   --> A''            
     e(  5 -  6) =      1.00797  eV     2   --> A'             
     e(  5 -  6) =      1.00797  eV     2   --> A''            
     e(  7 -  8) =      2.95797  eV     2   --> A'             
     e(  7 -  8) =      2.95797  eV     2   --> A''            
     e(  9 - 10) =      4.75253  eV     2   --> A'             
     e(  9 - 10) =      4.75253  eV     2   --> A''            
     e( 11 - 12) =     16.24716  eV     2   --> A'             
     e( 11 - 12) =     16.24716  eV     2   --> A''            
     e( 13 - 14) =     19.57825  eV     2   --> A'             
     e( 13 - 14) =     19.57825  eV     2   --> A''            

 **************************************************************************

 **************************************************************************

                    xk=(   0.40230,   0.45790,   0.30800  )

     Band symmetry, C_s (m)     point group:

     e(  1 -  2) =    -90.49804  eV     2   --> A'             
     e(  1 -  2) =    -90.49804  eV     2   --> A''            
     e(  3 -  4) =    -10.41446  eV     2   --> A'             
     e(  3 -  4) =    -10.41446  eV     2   --> A''            
     e(  5 -  6) =      1.05147  eV     2   --> A'             
     e(  5 -  6) =      1.05147  eV     2   --> A''            
     e(  7 -  8) =      2.85275  eV     2   --> A'             
     e(  7 -  8) =      2.85275  eV     2   --> A''            
     e(  9 - 10) =      4.76392  eV     2   --> A'             
     e(  9 - 10) =      4.76392  eV     2   --> A''            
     e( 11 - 12) =     16.36771  eV     2   --> A'             
     e( 11 - 12) =     16.36771  eV     2   --> A''            
     e( 13 - 14) =     19.45131  eV     2   --> A'             
     e( 13 - 14) =     19.45131  eV     2   --> A''            

 **************************************************************************

 **************************************************************************

                    xk=(   0.39655,   0.46785,   0.30800  )

     Band symmetry, C_s (m)     point group:

     e(  1 -  2) =    -90.49803  eV     2   --> A'             
     e(  1 -  2) =    -90.49803  eV     2   --> A''            
     e(  3 -  4) =    -10.40552  eV     2   --> A'             
     e(  3 -  4) =    -10.40552  eV     2   --> A''            
     e(  5 -  6) =      1.09738  eV     2   --> A'             
     e(  5 -  6) =      1.09738  eV     2   --> A''            
     e(  7 -  8) =      2.74789  eV     2   --> A'             
     e(  7 -  8) =      2.74789  eV     2   --> A''            
     e(  9 - 10) =      4.77435  eV     2   --> A'             
     e(  9 - 10) =      4.77435  eV     2   --> A''            
     e( 11 - 12) =     16.48979  eV     2   --> A'             
     e( 11 - 12) =     16.48979  eV     2   --> A''            
     e( 13 - 14) =     19.32171  eV     2   --> A'             
     e( 13 - 14) =     19.32171  eV     2   --> A''            

 **************************************************************************

 **************************************************************************

                    xk=(   0.39080,   0.47781,   0.30800  )

     Band symmetry, C_s (m)     point group:

     e(  1 -  2) =    -90.49802  eV     2   --> A'             
     e(  1 -  2) =    -90.49802  eV     2   --> A''            
     e(  3 -  4) =    -10.39677  eV     2   --> A'             
     e(  3 -  4) =    -10.39677  eV     2   --> A''            
     e(  5 -  6) =      1.14565  eV     2   --> A'             
     e(  5 -  6) =      1.14565  eV     2   --> A''            
     e(  7 -  8) =      2.64387  eV     2   --> A'             
     e(  7 -  8) =      2.64387  eV     2   --> A''            
     e(  9 - 10) =      4.78387  eV     2   --> A'             
     e(  9 - 10) =      4.78387  eV     2   --> A''            
     e( 11 - 12) =     16.61283  eV     2   --> A'             
     e( 11 - 12) =     16.61283  eV     2   --> A''            
     e( 13 - 14) =     19.19038  eV     2   --> A'             
     e( 13 - 14) =     19.19038  eV     2   --> A''            

 **************************************************************************

 **************************************************************************

                    xk=(   0.38506,   0.48776,   0.30800  )

     Band symmetry, C_s (m)     point group:

     e(  1 -  2) =    -90.49801  eV     2   --> A'             
     e(  1 -  2) =    -90.49801  eV     2   --> A''            
     e(  3 -  4) =    -10.38832  eV     2   --> A'             
     e(  3 -  4) =    -10.38832  eV     2   --> A''            
     e(  5 -  6) =      1.19624  eV     2   --> A'             
     e(  5 -  6) =      1.19624  eV     2   --> A''            
     e(  7 -  8) =      2.54119  eV     2   --> A'             
     e(  7 -  8) =      2.54119  eV     2   --> A''            
     e(  9 - 10) =      4.79250  eV     2   --> A'             
     e(  9 - 10) =      4.79250  eV     2   --> A''            
     e( 11 - 12) =     16.73631  eV     2   --> A'             
     e( 11 - 12) =     16.73631  eV     2   --> A''            
     e( 13 - 14) =     19.05818  eV     2   --> A'             
     e( 13 - 14) =     19.05818  eV     2   --> A''            

 **************************************************************************

 **************************************************************************

                    xk=(   0.37931,   0.49772,   0.30800  )

     Band symmetry, C_s (m)     point group:

     e(  1 -  2) =    -90.49800  eV     2   --> A'             
     e(  1 -  2) =    -90.49800  eV     2   --> A''            
     e(  3 -  4) =    -10.38028  eV     2   --> A'             
     e(  3 -  4) =    -10.38028  eV     2   --> A''            
     e(  5 -  6) =      1.24909  eV     2   --> A'             
     e(  5 -  6) =      1.24909  eV     2   --> A''            
     e(  7 -  8) =      2.44031  eV     2   --> A'             
     e(  7 -  8) =      2.44031  eV     2   --> A''            
     e(  9 - 10) =      4.80025  eV     2   --> A'             
     e(  9 - 10) =      4.80025  eV     2   --> A''            
     e( 11 - 12) =     16.85969  eV     2   --> A'             
     e( 11 - 12) =     16.85969  eV     2   --> A''            
     e( 13 - 14) =     18.92598  eV     2   --> A'             
     e( 13 - 14) =     18.92598  eV     2   --> A''            

 **************************************************************************

 **************************************************************************

                    xk=(   0.37356,   0.50767,   0.30800  )

     Band symmetry, C_s (m)     point group:

     e(  1 -  2) =    -90.49800  eV     2   --> A'             
     e(  1 -  2) =    -90.49800  eV     2   --> A''            
     e(  3 -  4) =    -10.37277  eV     2   --> A'             
     e(  3 -  4) =    -10.37277  eV     2   --> A''            
     e(  5 -  6) =      1.30416  eV     2   --> A'             
     e(  5 -  6) =      1.30416  eV     2   --> A''            
     e(  7 -  8) =      2.34167  eV     2   --> A'             
     e(  7 -  8) =      2.34167  eV     2   --> A''            
     e(  9 - 10) =      4.80714  eV     2   --> A'             
     e(  9 - 10) =      4.80714  eV     2   --> A''            
     e( 11 - 12) =     16.98243  eV     2   --> A'             
     e( 11 - 12) =     16.98243  eV     2   --> A''            
     e( 13 - 14) =     18.79460  eV     2   --> A'             
     e( 13 - 14) =     18.79460  eV     2   --> A''            

 **************************************************************************

 **************************************************************************

                    xk=(   0.36782,   0.51762,   0.30800  )

     Band symmetry, C_s (m)     point group:

     e(  1 -  2) =    -90.49799  eV     2   --> A'             
     e(  1 -  2) =    -90.49799  eV     2   --> A''            
     e(  3 -  4) =    -10.36589  eV     2   --> A'             
     e(  3 -  4) =    -10.36589  eV     2   --> A''            
     e(  5 -  6) =      1.36139  eV     2   --> A'             
     e(  5 -  6) =      1.36139  eV     2   --> A''            
     e(  7 -  8) =      2.24570  eV     2   --> A'             
     e(  7 -  8) =      2.24570  eV     2   --> A''            
     e(  9 - 10) =      4.81315  eV     2   --> A'             
     e(  9 - 10) =      4.81315  eV     2   --> A''            
     e( 11 - 12) =     17.10388  eV     2   --> A'             
     e( 11 - 12) =     17.10388  eV     2   --> A''            
     e( 13 - 14) =     18.66495  eV     2   --> A'             
     e( 13 - 14) =     18.66495  eV     2   --> A''            

 **************************************************************************

 **************************************************************************

                    xk=(   0.36207,   0.52758,   0.30800  )

     Band symmetry, C_s (m)     point group:

     e(  1 -  2) =    -90.49798  eV     2   --> A'             
     e(  1 -  2) =    -90.49798  eV     2   --> A''            
     e(  3 -  4) =    -10.35977  eV     2   --> A'             
     e(  3 -  4) =    -10.35977  eV     2   --> A''            
     e(  5 -  6) =      1.42071  eV     2   --> A'             
     e(  5 -  6) =      1.42071  eV     2   --> A''            
     e(  7 -  8) =      2.15282  eV     2   --> A'             
     e(  7 -  8) =      2.15282  eV     2   --> A''            
     e(  9 - 10) =      4.81828  eV     2   --> A'             
     e(  9 - 10) =      4.81828  eV     2   --> A''            
     e( 11 - 12) =     17.22322  eV     2   --> A'             
     e( 11 - 12) =     17.22322  eV     2   --> A''            
     e( 13 - 14) =     18.53811  eV     2   --> A'             
     e( 13 - 14) =     18.53811  eV     2   --> A''            

 **************************************************************************

 **************************************************************************

                    xk=(   0.35632,   0.53753,   0.30800  )

     Band symmetry, C_s (m)     point group:

     e(  1 -  2) =    -90.49798  eV     2   --> A'             
     e(  1 -  2) =    -90.49798  eV     2   --> A''            
     e(  3 -  4) =    -10.35451  eV     2   --> A'             
     e(  3 -  4) =    -10.35451  eV     2   --> A''            
     e(  5 -  6) =      1.48208  eV     2   --> A'             
     e(  5 -  6) =      1.48208  eV     2   --> A''            
     e(  7 -  8) =      2.06340  eV     2   --> A'             
     e(  7 -  8) =      2.06340  eV     2   --> A''            
     e(  9 - 10) =      4.82252  eV     2   --> A'             
     e(  9 - 10) =      4.82252  eV     2   --> A''            
     e( 11 - 12) =     17.33916  eV     2   --> A'             
     e( 11 - 12) =     17.33916  eV     2   --> A''            
     e( 13 - 14) =     18.41560  eV     2   --> A'             
     e( 13 - 14) =     18.41560  eV     2   --> A''            

 **************************************************************************

 **************************************************************************

                    xk=(   0.35057,   0.54749,   0.30800  )

     Band symmetry, C_s (m)     point group:

     e(  1 -  2) =    -90.49797  eV     2   --> A'             
     e(  1 -  2) =    -90.49797  eV     2   --> A''            
     e(  3 -  4) =    -10.35024  eV     2   --> A'             
     e(  3 -  4) =    -10.35024  eV     2   --> A''            
     e(  5 -  6) =      1.54541  eV     2   --> A'             
     e(  5 -  6) =      1.54541  eV     2   --> A''            
     e(  7 -  8) =      1.97782  eV     2   --> A'             
     e(  7 -  8) =      1.97782  eV     2   --> A''            
     e(  9 - 10) =      4.82585  eV     2   --> A'             
     e(  9 - 10) =      4.82585  eV     2   --> A''            
     e( 11 - 12) =     17.44935  eV     2   --> A'             
     e( 11 - 12) =     17.44935  eV     2   --> A''            
     e( 13 - 14) =     18.30000  eV     2   --> A'             
     e( 13 - 14) =     18.30000  eV     2   --> A''            

 **************************************************************************

 **************************************************************************

                    xk=(   0.34483,   0.55744,   0.30800  )

     Band symmetry, C_s (m)     point group:

     e(  1 -  2) =    -90.49797  eV     2   --> A'             
     e(  1 -  2) =    -90.49797  eV     2   --> A''            
     e(  3 -  4) =    -10.34705  eV     2   --> A'             
     e(  3 -  4) =    -10.34705  eV     2   --> A''            
     e(  5 -  6) =      1.61060  eV     2   --> A'             
     e(  5 -  6) =      1.61060  eV     2   --> A''            
     e(  7 -  8) =      1.89644  eV     2   --> A'             
     e(  7 -  8) =      1.89644  eV     2   --> A''            
     e(  9 - 10) =      4.82824  eV     2   --> A'             
     e(  9 - 10) =      4.82824  eV     2   --> A''            
     e( 11 - 12) =     17.54878  eV     2   --> A'             
     e( 11 - 12) =     17.54878  eV     2   --> A''            
     e( 13 - 14) =     18.19650  eV     2   --> A'             
     e( 13 - 14) =     18.19650  eV     2   --> A''            

 **************************************************************************

 **************************************************************************

                    xk=(   0.33908,   0.56740,   0.30800  )

     Band symmetry, C_s (m)     point group:

     e(  1 -  2) =    -90.49797  eV     2   --> A'             
     e(  1 -  2) =    -90.49797  eV     2   --> A''            
     e(  3 -  4) =    -10.34507  eV     2   --> A'             
     e(  3 -  4) =    -10.34507  eV     2   --> A''            
     e(  5 -  6) =      1.67746  eV     2   --> A'             
     e(  5 -  6) =      1.67746  eV     2   --> A''            
     e(  7 -  8) =      1.81972  eV     2   --> A'             
     e(  7 -  8) =      1.81972  eV     2   --> A''            
     e(  9 - 10) =      4.82970  eV     2   --> A'             
     e(  9 - 10) =      4.82970  eV     2   --> A''            
     e( 11 - 12) =     17.62563  eV     2   --> A'             
     e( 11 - 12) =     17.62563  eV     2   --> A''            
     e( 13 - 14) =     18.11709  eV     2   --> A'             
     e( 13 - 14) =     18.11709  eV     2   --> A''            

 **************************************************************************

 **************************************************************************

                    xk=(   0.33333,   0.57735,   0.30800  )

     point group C_3v (3m)  
     there are  3 classes
     the character table:

       E     2C3   3s_v 
A_1    1.00  1.00  1.00
A_2    1.00  1.00 -1.00
E      2.00 -1.00  0.00

     the symmetry operations in each class and the name of the first element:

     E        1
                                                                 
     2C3      2    3
                                                                 
     3s_v     4    6    5
                                                                 

     Band symmetry, C_3v (3m)   point group:

     e(  1 -  2) =    -90.49796  eV     2   --> E    L_3       
     e(  3 -  4) =    -10.34438  eV     2   --> E    L_3       
     e(  5 -  6) =      1.73801  eV     2   --> A_1  L_1       
     e(  5 -  6) =      1.73801  eV     2   --> A_2  L_2       
     e(  7 -  8) =      1.75584  eV     2   --> E    L_3       
     e(  9 - 10) =      4.83018  eV     2   --> E    L_3       
     e( 11 - 12) =     17.65666  eV     2   --> A_1  L_1       
     e( 11 - 12) =     17.65666  eV     2   --> A_2  L_2       
     e( 13 - 14) =     18.08519  eV     2   --> E    L_3       

 **************************************************************************

 **************************************************************************

                    xk=(   0.32778,   0.56773,   0.30800  )

     point group C_s (m)    
     there are  2 classes
     the character table:

       E     s    
A'     1.00  1.00
A''    1.00 -1.00

     the symmetry operations in each class and the name of the first element:

     E        1
                                                                 
     s        2
                                                                 

     Band symmetry, C_s (m)     point group:

     e(  1 -  2) =    -90.49797  eV     2   --> A'             
     e(  1 -  2) =    -90.49797  eV     2   --> A''            
     e(  3 -  4) =    -10.34505  eV     2   --> A'             
     e(  3 -  4) =    -10.34505  eV     2   --> A''            
     e(  5 -  6) =      1.68128  eV     2   --> A'             
     e(  5 -  6) =      1.68128  eV     2   --> A''            
     e(  7 -  8) =      1.81574  eV     2   --> A'             
     e(  7 -  8) =      1.81574  eV     2   --> A''            
     e(  9 - 10) =      4.82972  eV     2   --> A'             
     e(  9 - 10) =      4.82972  eV     2   --> A''            
     e( 11 - 12) =     17.62866  eV     2   --> A'             
     e( 11 - 12) =     17.62866  eV     2   --> A''            
     e( 13 - 14) =     18.11404  eV     2   --> A'             
     e( 13 - 14) =     18.11404  eV     2   --> A''            

 **************************************************************************

 **************************************************************************

                    xk=(   0.32222,   0.55811,   0.30800  )

     Band symmetry, C_s (m)     point group:

     e(  1 -  2) =    -90.49797  eV     2   --> A'             
     e(  1 -  2) =    -90.49797  eV     2   --> A''            
     e(  3 -  4) =    -10.34711  eV     2   --> A'             
     e(  3 -  4) =    -10.34711  eV     2   --> A''            
     e(  5 -  6) =      1.62143  eV     2   --> A'             
     e(  5 -  6) =      1.62143  eV     2   --> A''            
     e(  7 -  8) =      1.88517  eV     2   --> A'             
     e(  7 -  8) =      1.88517  eV     2   --> A''            
     e(  9 - 10) =      4.82834  eV     2   --> A'             
     e(  9 - 10) =      4.82834  eV     2   --> A''            
     e( 11 - 12) =     17.56162  eV     2   --> A'             
     e( 11 - 12) =     17.56162  eV     2   --> A''            
     e( 13 - 14) =     18.18369  eV     2   --> A'             
     e( 13 - 14) =     18.18369  eV     2   --> A''            

 **************************************************************************

 **************************************************************************

                    xk=(   0.31667,   0.54848,   0.30800  )

     Band symmetry, C_s (m)     point group:

     e(  1 -  2) =    -90.49797  eV     2   --> A'             
     e(  1 -  2) =    -90.49797  eV     2   --> A''            
     e(  3 -  4) =    -10.35063  eV     2   --> A'             
     e(  3 -  4) =    -10.35063  eV     2   --> A''            
     e(  5 -  6) =      1.56651  eV     2   --> A'             
     e(  5 -  6) =      1.56651  eV     2   --> A''            
     e(  7 -  8) =      1.95623  eV     2   --> A'             
     e(  7 -  8) =      1.95623  eV     2   --> A''            
     e(  9 - 10) =      4.82602  eV     2   --> A'             
     e(  9 - 10) =      4.82602  eV     2   --> A''            
     e( 11 - 12) =     17.47777  eV     2   --> A'             
     e( 11 - 12) =     17.47777  eV     2   --> A''            
     e( 13 - 14) =     18.27194  eV     2   --> A'             
     e( 13 - 14) =     18.27194  eV     2   --> A''            

 **************************************************************************

 **************************************************************************

                    xk=(   0.31111,   0.53886,   0.30800  )

     Band symmetry, C_s (m)     point group:

     e(  1 -  2) =    -90.49798  eV     2   --> A'             
     e(  1 -  2) =    -90.49798  eV     2   --> A''            
     e(  3 -  4) =    -10.35568  eV     2   --> A'             
     e(  3 -  4) =    -10.35568  eV     2   --> A''            
     e(  5 -  6) =      1.51681  eV     2   --> A'             
     e(  5 -  6) =      1.51681  eV     2   --> A''            
     e(  7 -  8) =      2.02869  eV     2   --> A'             
     e(  7 -  8) =      2.02869  eV     2   --> A''            
     e(  9 - 10) =      4.82276  eV     2   --> A'             
     e(  9 - 10) =      4.82276  eV     2   --> A''            
     e( 11 - 12) =     17.38823  eV     2   --> A'             
     e( 11 - 12) =     17.38823  eV     2   --> A''            
     e( 13 - 14) =     18.36768  eV     2   --> A'             
     e( 13 - 14) =     18.36768  eV     2   --> A''            

 **************************************************************************

 **************************************************************************

                    xk=(   0.30556,   0.52924,   0.30800  )

     Band symmetry, C_s (m)     point group:

     e(  1 -  2) =    -90.49798  eV     2   --> A'             
     e(  1 -  2) =    -90.49798  eV     2   --> A''            
     e(  3 -  4) =    -10.36232  eV     2   --> A'             
     e(  3 -  4) =    -10.36232  eV     2   --> A''            
     e(  5 -  6) =      1.47254  eV     2   --> A'             
     e(  5 -  6) =      1.47254  eV     2   --> A''            
     e(  7 -  8) =      2.10244  eV     2   --> A'             
     e(  7 -  8) =      2.10244  eV     2   --> A''            
     e(  9 - 10) =      4.81857  eV     2   --> A'             
     e(  9 - 10) =      4.81857  eV     2   --> A''            
     e( 11 - 12) =     17.29780  eV     2   --> A'             
     e( 11 - 12) =     17.29780  eV     2   --> A''            
     e( 13 - 14) =     18.46610  eV     2   --> A'             
     e( 13 - 14) =     18.46610  eV     2   --> A''            

 **************************************************************************

 **************************************************************************

                    xk=(   0.30000,   0.51962,   0.30800  )

     Band symmetry, C_s (m)     point group:

     e(  1 -  2) =    -90.49799  eV     2   --> A'             
     e(  1 -  2) =    -90.49799  eV     2   --> A''            
     e(  3 -  4) =    -10.37060  eV     2   --> A'             
     e(  3 -  4) =    -10.37060  eV     2   --> A''            
     e(  5 -  6) =      1.43381  eV     2   --> A'             
     e(  5 -  6) =      1.43381  eV     2   --> A''            
     e(  7 -  8) =      2.17737  eV     2   --> A'             
     e(  7 -  8) =      2.17737  eV     2   --> A''            
     e(  9 - 10) =      4.81345  eV     2   --> A'             
     e(  9 - 10) =      4.81345  eV     2   --> A''            
     e( 11 - 12) =     17.20869  eV     2   --> A'             
     e( 11 - 12) =     17.20869  eV     2   --> A''            
     e( 13 - 14) =     18.56492  eV     2   --> A'             
     e( 13 - 14) =     18.56492  eV     2   --> A''            

 **************************************************************************

 **************************************************************************

                    xk=(   0.29444,   0.50999,   0.30800  )

     Band symmetry, C_s (m)     point group:

     e(  1 -  2) =    -90.49800  eV     2   --> A'             
     e(  1 -  2) =    -90.49800  eV     2   --> A''            
     e(  3 -  4) =    -10.38056  eV     2   --> A'             
     e(  3 -  4) =    -10.38056  eV     2   --> A''            
     e(  5 -  6) =      1.40074  eV     2   --> A'             
     e(  5 -  6) =      1.40074  eV     2   --> A''            
     e(  7 -  8) =      2.25339  eV     2   --> A'             
     e(  7 -  8) =      2.25339  eV     2   --> A''            
     e(  9 - 10) =      4.80743  eV     2   --> A'             
     e(  9 - 10) =      4.80743  eV     2   --> A''            
     e( 11 - 12) =     17.12205  eV     2   --> A'             
     e( 11 - 12) =     17.12205  eV     2   --> A''            
     e( 13 - 14) =     18.66285  eV     2   --> A'             
     e( 13 - 14) =     18.66285  eV     2   --> A''            

 **************************************************************************

 **************************************************************************

                    xk=(   0.28889,   0.50037,   0.30800  )

     Band symmetry, C_s (m)     point group:

     e(  1 -  2) =    -90.49802  eV     2   --> A'             
     e(  1 -  2) =    -90.49802  eV     2   --> A''            
     e(  3 -  4) =    -10.39223  eV     2   --> A'             
     e(  3 -  4) =    -10.39223  eV     2   --> A''            
     e(  5 -  6) =      1.37341  eV     2   --> A'             
     e(  5 -  6) =      1.37341  eV     2   --> A''            
     e(  7 -  8) =      2.33040  eV     2   --> A'             
     e(  7 -  8) =      2.33040  eV     2   --> A''            
     e(  9 - 10) =      4.80054  eV     2   --> A'             
     e(  9 - 10) =      4.80054  eV     2   --> A''            
     e( 11 - 12) =     17.03854  eV     2   --> A'             
     e( 11 - 12) =     17.03854  eV     2   --> A''            
     e( 13 - 14) =     18.75910  eV     2   --> A'             
     e( 13 - 14) =     18.75910  eV     2   --> A''            

 **************************************************************************

 **************************************************************************

                    xk=(   0.28333,   0.49075,   0.30800  )

     Band symmetry, C_s (m)     point group:

     e(  1 -  2) =    -90.49803  eV     2   --> A'             
     e(  1 -  2) =    -90.49803  eV     2   --> A''            
     e(  3 -  4) =    -10.40563  eV     2   --> A'             
     e(  3 -  4) =    -10.40563  eV     2   --> A''            
     e(  5 -  6) =      1.35186  eV     2   --> A'             
     e(  5 -  6) =      1.35186  eV     2   --> A''            
     e(  7 -  8) =      2.40829  eV     2   --> A'             
     e(  7 -  8) =      2.40829  eV     2   --> A''            
     e(  9 - 10) =      4.79281  eV     2   --> A'             
     e(  9 - 10) =      4.79281  eV     2   --> A''            
     e( 11 - 12) =     16.95856  eV     2   --> A'             
     e( 11 - 12) =     16.95856  eV     2   --> A''            
     e( 13 - 14) =     18.85304  eV     2   --> A'             
     e( 13 - 14) =     18.85304  eV     2   --> A''            

 **************************************************************************

 **************************************************************************

                    xk=(   0.27778,   0.48113,   0.30800  )

     Band symmetry, C_s (m)     point group:

     e(  1 -  2) =    -90.49805  eV     2   --> A'             
     e(  1 -  2) =    -90.49805  eV     2   --> A''            
     e(  3 -  4) =    -10.42075  eV     2   --> A'             
     e(  3 -  4) =    -10.42075  eV     2   --> A''            
     e(  5 -  6) =      1.33613  eV     2   --> A'             
     e(  5 -  6) =      1.33613  eV     2   --> A''            
     e(  7 -  8) =      2.48696  eV     2   --> A'             
     e(  7 -  8) =      2.48696  eV     2   --> A''            
     e(  9 - 10) =      4.78429  eV     2   --> A'             
     e(  9 - 10) =      4.78429  eV     2   --> A''            
     e( 11 - 12) =     16.88238  eV     2   --> A'             
     e( 11 - 12) =     16.88238  eV     2   --> A''            
     e( 13 - 14) =     18.94419  eV     2   --> A'             
     e( 13 - 14) =     18.94419  eV     2   --> A''            

 **************************************************************************

 **************************************************************************

                    xk=(   0.27222,   0.47150,   0.30800  )

     Band symmetry, C_s (m)     point group:

     e(  1 -  2) =    -90.49807  eV     2   --> A'             
     e(  1 -  2) =    -90.49807  eV     2   --> A''            
     e(  3 -  4) =    -10.43761  eV     2   --> A'             
     e(  3 -  4) =    -10.43761  eV     2   --> A''            
     e(  5 -  6) =      1.32623  eV     2   --> A'             
     e(  5 -  6) =      1.32623  eV     2   --> A''            
     e(  7 -  8) =      2.56630  eV     2   --> A'             
     e(  7 -  8) =      2.56630  eV     2   --> A''            
     e(  9 - 10) =      4.77505  eV     2   --> A'             
     e(  9 - 10) =      4.77505  eV     2   --> A''            
     e( 11 - 12) =     16.81016  eV     2   --> A'             
     e( 11 - 12) =     16.81016  eV     2   --> A''            
     e( 13 - 14) =     19.03209  eV     2   --> A'             
     e( 13 - 14) =     19.03209  eV     2   --> A''            

 **************************************************************************

 **************************************************************************

                    xk=(   0.26667,   0.46188,   0.30800  )

     Band symmetry, C_s (m)     point group:

     e(  1 -  2) =    -90.49809  eV     2   --> A'             
     e(  1 -  2) =    -90.49809  eV     2   --> A''            
     e(  3 -  4) =    -10.45618  eV     2   --> A'             
     e(  3 -  4) =    -10.45618  eV     2   --> A''            
     e(  5 -  6) =      1.32211  eV     2   --> A'             
     e(  5 -  6) =      1.32211  eV     2   --> A''            
     e(  7 -  8) =      2.64618  eV     2   --> A'             
     e(  7 -  8) =      2.64618  eV     2   --> A''            
     e(  9 - 10) =      4.76515  eV     2   --> A'             
     e(  9 - 10) =      4.76515  eV     2   --> A''            
     e( 11 - 12) =     16.74201  eV     2   --> A'             
     e( 11 - 12) =     16.74201  eV     2   --> A''            
     e( 13 - 14) =     19.11631  eV     2   --> A'             
     e( 13 - 14) =     19.11631  eV     2   --> A''            

 **************************************************************************

 **************************************************************************

                    xk=(   0.26111,   0.45226,   0.30800  )

     Band symmetry, C_s (m)     point group:

     e(  1 -  2) =    -90.49811  eV     2   --> A'             
     e(  1 -  2) =    -90.49811  eV     2   --> A''            
     e(  3 -  4) =    -10.47644  eV     2   --> A'             
     e(  3 -  4) =    -10.47644  eV     2   --> A''            
     e(  5 -  6) =      1.32374  eV     2   --> A'             
     e(  5 -  6) =      1.32374  eV     2   --> A''            
     e(  7 -  8) =      2.72648  eV     2   --> A'             
     e(  7 -  8) =      2.72648  eV     2   --> A''            
     e(  9 - 10) =      4.75469  eV     2   --> A'             
     e(  9 - 10) =      4.75469  eV     2   --> A''            
     e( 11 - 12) =     16.67798  eV     2   --> A'             
     e( 11 - 12) =     16.67798  eV     2   --> A''            
     e( 13 - 14) =     19.19645  eV     2   --> A'             
     e( 13 - 14) =     19.19645  eV     2   --> A''            

 **************************************************************************

 **************************************************************************

                    xk=(   0.25556,   0.44264,   0.30800  )

     Band symmetry, C_s (m)     point group:

     e(  1 -  2) =    -90.49813  eV     2   --> A'             
     e(  1 -  2) =    -90.49813  eV     2   --> A''            
     e(  3 -  4) =    -10.49834  eV     2   --> A'             
     e(  3 -  4) =    -10.49834  eV     2   --> A''            
     e(  5 -  6) =      1.33104  eV     2   --> A'             
     e(  5 -  6) =      1.33104  eV     2   --> A''            
     e(  7 -  8) =      2.80708  eV     2   --> A'             
     e(  7 -  8) =      2.80708  eV     2   --> A''            
     e(  9 - 10) =      4.74378  eV     2   --> A'             
     e(  9 - 10) =      4.74378  eV     2   --> A''            
     e( 11 - 12) =     16.61811  eV     2   --> A'             
     e( 11 - 12) =     16.61811  eV     2   --> A''            
     e( 13 - 14) =     19.27210  eV     2   --> A'             
     e( 13 - 14) =     19.27210  eV     2   --> A''            

 **************************************************************************

 **************************************************************************

                    xk=(   0.25000,   0.43301,   0.30800  )

     Band symmetry, C_s (m)     point group:

     e(  1 -  2) =    -90.49816  eV     2   --> A'             
     e(  1 -  2) =    -90.49816  eV     2   --> A''            
     e(  3 -  4) =    -10.52185  eV     2   --> A'             
     e(  3 -  4) =    -10.52185  eV     2   --> A''            
     e(  5 -  6) =      1.34390  eV     2   --> A'             
     e(  5 -  6) =      1.34390  eV     2   --> A''            
     e(  7 -  8) =      2.88782  eV     2   --> A'             
     e(  7 -  8) =      2.88782  eV     2   --> A''            
     e(  9 - 10) =      4.73254  eV     2   --> A'             
     e(  9 - 10) =      4.73254  eV     2   --> A''            
     e( 11 - 12) =     16.56238  eV     2   --> A'             
     e( 11 - 12) =     16.56238  eV     2   --> A''            
     e( 13 - 14) =     19.34291  eV     2   --> A'             
     e( 13 - 14) =     19.34291  eV     2   --> A''            

 **************************************************************************

 **************************************************************************

                    xk=(   0.24444,   0.42339,   0.30800  )

     Band symmetry, C_s (m)     point group:

     e(  1 -  2) =    -90.49819  eV     2   --> A'             
     e(  1 -  2) =    -90.49819  eV     2   --> A''            
     e(  3 -  4) =    -10.54689  eV     2   --> A'             
     e(  3 -  4) =    -10.54689  eV     2   --> A''            
     e(  5 -  6) =      1.36220  eV     2   --> A'             
     e(  5 -  6) =      1.36220  eV     2   --> A''            
     e(  7 -  8) =      2.96857  eV     2   --> A'             
     e(  7 -  8) =      2.96857  eV     2   --> A''            
     e(  9 - 10) =      4.72112  eV     2   --> A'             
     e(  9 - 10) =      4.72112  eV     2   --> A''            
     e( 11 - 12) =     16.51078  eV     2   --> A'             
     e( 11 - 12) =     16.51078  eV     2   --> A''            
     e( 13 - 14) =     19.40855  eV     2   --> A'             
     e( 13 - 14) =     19.40855  eV     2   --> A''            

 **************************************************************************

 **************************************************************************

                    xk=(   0.23889,   0.41377,   0.30800  )

     Band symmetry, C_s (m)     point group:

     e(  1 -  2) =    -90.49822  eV     2   --> A'             
     e(  1 -  2) =    -90.49822  eV     2   --> A''            
     e(  3 -  4) =    -10.57340  eV     2   --> A'             
     e(  3 -  4) =    -10.57340  eV     2   --> A''            
     e(  5 -  6) =      1.38578  eV     2   --> A'             
     e(  5 -  6) =      1.38578  eV     2   --> A''            
     e(  7 -  8) =      3.04916  eV     2   --> A'             
     e(  7 -  8) =      3.04916  eV     2   --> A''            
     e(  9 - 10) =      4.70968  eV     2   --> A'             
     e(  9 - 10) =      4.70968  eV     2   --> A''            
     e( 11 - 12) =     16.46323  eV     2   --> A'             
     e( 11 - 12) =     16.46323  eV     2   --> A''            
     e( 13 - 14) =     19.46872  eV     2   --> A'             
     e( 13 - 14) =     19.46872  eV     2   --> A''            

 **************************************************************************

 **************************************************************************

                    xk=(   0.23333,   0.40415,   0.30800  )

     Band symmetry, C_s (m)     point group:

     e(  1 -  2) =    -90.49825  eV     2   --> A'             
     e(  1 -  2) =    -90.49825  eV     2   --> A''            
     e(  3 -  4) =    -10.60131  eV     2   --> A'             
     e(  3 -  4) =    -10.60131  eV     2   --> A''            
     e(  5 -  6) =      1.41444  eV     2   --> A'             
     e(  5 -  6) =      1.41444  eV     2   --> A''            
     e(  7 -  8) =      3.12944  eV     2   --> A'             
     e(  7 -  8) =      3.12944  eV     2   --> A''            
     e(  9 - 10) =      4.69841  eV     2   --> A'             
     e(  9 - 10) =      4.69841  eV     2   --> A''            
     e( 11 - 12) =     16.41967  eV     2   --> A'             
     e( 11 - 12) =     16.41967  eV     2   --> A''            
     e( 13 - 14) =     19.52321  eV     2   --> A'             
     e( 13 - 14) =     19.52321  eV     2   --> A''            

 **************************************************************************

 **************************************************************************

                    xk=(   0.22778,   0.39452,   0.30800  )

     Band symmetry, C_s (m)     point group:

     e(  1 -  2) =    -90.49828  eV     2   --> A'             
     e(  1 -  2) =    -90.49828  eV     2   --> A''            
     e(  3 -  4) =    -10.63053  eV     2   --> A'             
     e(  3 -  4) =    -10.63053  eV     2   --> A''            
     e(  5 -  6) =      1.44799  eV     2   --> A'             
     e(  5 -  6) =      1.44799  eV     2   --> A''            
     e(  7 -  8) =      3.20921  eV     2   --> A'             
     e(  7 -  8) =      3.20921  eV     2   --> A''            
     e(  9 - 10) =      4.68753  eV     2   --> A'             
     e(  9 - 10) =      4.68753  eV     2   --> A''            
     e( 11 - 12) =     16.38001  eV     2   --> A'             
     e( 11 - 12) =     16.38001  eV     2   --> A''            
     e( 13 - 14) =     19.57187  eV     2   --> A'             
     e( 13 - 14) =     19.57187  eV     2   --> A''            

 **************************************************************************

 **************************************************************************

                    xk=(   0.22222,   0.38490,   0.30800  )

     Band symmetry, C_s (m)     point group:

     e(  1 -  2) =    -90.49832  eV     2   --> A'             
     e(  1 -  2) =    -90.49832  eV     2   --> A''            
     e(  3 -  4) =    -10.66096  eV     2   --> A'             
     e(  3 -  4) =    -10.66096  eV     2   --> A''            
     e(  5 -  6) =      1.48617  eV     2   --> A'             
     e(  5 -  6) =      1.48617  eV     2   --> A''            
     e(  7 -  8) =      3.28829  eV     2   --> A'             
     e(  7 -  8) =      3.28829  eV     2   --> A''            
     e(  9 - 10) =      4.67728  eV     2   --> A'             
     e(  9 - 10) =      4.67728  eV     2   --> A''            
     e( 11 - 12) =     16.34412  eV     2   --> A'             
     e( 11 - 12) =     16.34412  eV     2   --> A''            
     e( 13 - 14) =     19.61465  eV     2   --> A'             
     e( 13 - 14) =     19.61465  eV     2   --> A''            

 **************************************************************************

 **************************************************************************

                    xk=(   0.21667,   0.37528,   0.30800  )

     Band symmetry, C_s (m)     point group:

     e(  1 -  2) =    -90.49835  eV     2   --> A'             
     e(  1 -  2) =    -90.49835  eV     2   --> A''            
     e(  3 -  4) =    -10.69252  eV     2   --> A'             
     e(  3 -  4) =    -10.69252  eV     2   --> A''            
     e(  5 -  6) =      1.52871  eV     2   --> A'             
     e(  5 -  6) =      1.52871  eV     2   --> A''            
     e(  7 -  8) =      3.36648  eV     2   --> A'             
     e(  7 -  8) =      3.36648  eV     2   --> A''            
     e(  9 - 10) =      4.66794  eV     2   --> A'             
     e(  9 - 10) =      4.66794  eV     2   --> A''            
     e( 11 - 12) =     16.31189  eV     2   --> A'             
     e( 11 - 12) =     16.31189  eV     2   --> A''            
     e( 13 - 14) =     19.65160  eV     2   --> A'             
     e( 13 - 14) =     19.65160  eV     2   --> A''            

 **************************************************************************

 **************************************************************************

                    xk=(   0.21111,   0.36566,   0.30800  )

     Band symmetry, C_s (m)     point group:

     e(  1 -  2) =    -90.49839  eV     2   --> A'             
     e(  1 -  2) =    -90.49839  eV     2   --> A''            
     e(  3 -  4) =    -10.72508  eV     2   --> A'             
     e(  3 -  4) =    -10.72508  eV     2   --> A''            
     e(  5 -  6) =      1.57531  eV     2   --> A'             
     e(  5 -  6) =      1.57531  eV     2   --> A''            
     e(  7 -  8) =      3.44355  eV     2   --> A'             
     e(  7 -  8) =      3.44355  eV     2   --> A''            
     e(  9 - 10) =      4.65982  eV     2   --> A'             
     e(  9 - 10) =      4.65982  eV     2   --> A''            
     e( 11 - 12) =     16.28315  eV     2   --> A'             
     e( 11 - 12) =     16.28315  eV     2   --> A''            
     e( 13 - 14) =     19.68287  eV     2   --> A'             
     e( 13 - 14) =     19.68287  eV     2   --> A''            

 **************************************************************************

 **************************************************************************

                    xk=(   0.20556,   0.35603,   0.30800  )

     Band symmetry, C_s (m)     point group:

     e(  1 -  2) =    -90.49843  eV     2   --> A'             
     e(  1 -  2) =    -90.49843  eV     2   --> A''            
     e(  3 -  4) =    -10.75855  eV     2   --> A'             
     e(  3 -  4) =    -10.75855  eV     2   --> A''            
     e(  5 -  6) =      1.62563  eV     2   --> A'             
     e(  5 -  6) =      1.62563  eV     2   --> A''            
     e(  7 -  8) =      3.51927  eV     2   --> A'             
     e(  7 -  8) =      3.51927  eV     2   --> A''            
     e(  9 - 10) =      4.65327  eV     2   --> A'             
     e(  9 - 10) =      4.65327  eV     2   --> A''            
     e( 11 - 12) =     16.25774  eV     2   --> A'             
     e( 11 - 12) =     16.25774  eV     2   --> A''            
     e( 13 - 14) =     19.70870  eV     2   --> A'             
     e( 13 - 14) =     19.70870  eV     2   --> A''            

 **************************************************************************

 **************************************************************************

                    xk=(   0.20000,   0.34641,   0.30800  )

     Band symmetry, C_s (m)     point group:

     e(  1 -  2) =    -90.49847  eV     2   --> A'             
     e(  1 -  2) =    -90.49847  eV     2   --> A''            
     e(  3 -  4) =    -10.79281  eV     2   --> A'             
     e(  3 -  4) =    -10.79281  eV     2   --> A''            
     e(  5 -  6) =      1.67931  eV     2   --> A'             
     e(  5 -  6) =      1.67931  eV     2   --> A''            
     e(  7 -  8) =      3.59338  eV     2   --> A'             
     e(  7 -  8) =      3.59338  eV     2   --> A''            
     e(  9 - 10) =      4.64867  eV     2   --> A'             
     e(  9 - 10) =      4.64867  eV     2   --> A''            
     e( 11 - 12) =     16.23548  eV     2   --> A'             
     e( 11 - 12) =     16.23548  eV     2   --> A''            
     e( 13 - 14) =     19.72946  eV     2   --> A'             
     e( 13 - 14) =     19.72946  eV     2   --> A''            

 **************************************************************************

 **************************************************************************

                    xk=(   0.19444,   0.33679,   0.30800  )

     Band symmetry, C_s (m)     point group:

     e(  1 -  2) =    -90.49852  eV     2   --> A'             
     e(  1 -  2) =    -90.49852  eV     2   --> A''            
     e(  3 -  4) =    -10.82775  eV     2   --> A'             
     e(  3 -  4) =    -10.82775  eV     2   --> A''            
     e(  5 -  6) =      1.73592  eV     2   --> A'             
     e(  5 -  6) =      1.73592  eV     2   --> A''            
     e(  7 -  8) =      3.66564  eV     2   --> A'             
     e(  7 -  8) =      3.66564  eV     2   --> A''            
     e(  9 - 10) =      4.64644  eV     2   --> A'             
     e(  9 - 10) =      4.64644  eV     2   --> A''            
     e( 11 - 12) =     16.21617  eV     2   --> A'             
     e( 11 - 12) =     16.21617  eV     2   --> A''            
     e( 13 - 14) =     19.74556  eV     2   --> A'             
     e( 13 - 14) =     19.74556  eV     2   --> A''            

 **************************************************************************

 **************************************************************************

                    xk=(   0.18889,   0.32717,   0.30800  )

     Band symmetry, C_s (m)     point group:

     e(  1 -  2) =    -90.49856  eV     2   --> A'             
     e(  1 -  2) =    -90.49856  eV     2   --> A''            
     e(  3 -  4) =    -10.86325  eV     2   --> A'             
     e(  3 -  4) =    -10.86325  eV     2   --> A''            
     e(  5 -  6) =      1.79504  eV     2   --> A'             
     e(  5 -  6) =      1.79504  eV     2   --> A''            
     e(  7 -  8) =      3.73578  eV     2   --> A'             
     e(  7 -  8) =      3.73578  eV     2   --> A''            
     e(  9 - 10) =      4.64701  eV     2   --> A'             
     e(  9 - 10) =      4.64701  eV     2   --> A''            
     e( 11 - 12) =     16.19959  eV     2   --> A'             
     e( 11 - 12) =     16.19959  eV     2   --> A''            
     e( 13 - 14) =     19.75752  eV     2   --> A'             
     e( 13 - 14) =     19.75752  eV     2   --> A''            

 **************************************************************************

 **************************************************************************

                    xk=(   0.18333,   0.31754,   0.30800  )

     Band symmetry, C_s (m)     point group:

     e(  1 -  2) =    -90.49860  eV     2   --> A'             
     e(  1 -  2) =    -90.49860  eV     2   --> A''            
     e(  3 -  4) =    -10.89919  eV     2   --> A'             
     e(  3 -  4) =    -10.89919  eV     2   --> A''            
     e(  5 -  6) =      1.85618  eV     2   --> A'             
     e(  5 -  6) =      1.85618  eV     2   --> A''            
     e(  7 -  8) =      3.80355  eV     2   --> A'             
     e(  7 -  8) =      3.80355  eV     2   --> A''            
     e(  9 - 10) =      4.65085  eV     2   --> A'             
     e(  9 - 10) =      4.65085  eV     2   --> A''            
     e( 11 - 12) =     16.18553  eV     2   --> A'             
     e( 11 - 12) =     16.18553  eV     2   --> A''            
     e( 13 - 14) =     19.76587  eV     2   --> A'             
     e( 13 - 14) =     19.76587  eV     2   --> A''            

 **************************************************************************

 **************************************************************************

                    xk=(   0.17778,   0.30792,   0.30800  )

     Band symmetry, C_s (m)     point group:

     e(  1 -  2) =    -90.49865  eV     2   --> A'             
     e(  1 -  2) =    -90.49865  eV     2   --> A''            
     e(  3 -  4) =    -10.93546  eV     2   --> A'             
     e(  3 -  4) =    -10.93546  eV     2   --> A''            
     e(  5 -  6) =      1.91882  eV     2   --> A'             
     e(  5 -  6) =      1.91882  eV     2   --> A''            
     e(  7 -  8) =      3.86873  eV     2   --> A'             
     e(  7 -  8) =      3.86873  eV     2   --> A''            
     e(  9 - 10) =      4.65841  eV     2   --> A'             
     e(  9 - 10) =      4.65841  eV     2   --> A''            
     e( 11 - 12) =     16.17373  eV     2   --> A'             
     e( 11 - 12) =     16.17373  eV     2   --> A''            
     e( 13 - 14) =     19.77121  eV     2   --> A'             
     e( 13 - 14) =     19.77121  eV     2   --> A''            

 **************************************************************************

 **************************************************************************

                    xk=(   0.17222,   0.29830,   0.30800  )

     Band symmetry, C_s (m)     point group:

     e(  1 -  2) =    -90.49870  eV     2   --> A'             
     e(  1 -  2) =    -90.49870  eV     2   --> A''            
     e(  3 -  4) =    -10.97193  eV     2   --> A'             
     e(  3 -  4) =    -10.97193  eV     2   --> A''            
     e(  5 -  6) =      1.98242  eV     2   --> A'             
     e(  5 -  6) =      1.98242  eV     2   --> A''            
     e(  7 -  8) =      3.93120  eV     2   --> A'             
     e(  7 -  8) =      3.93120  eV     2   --> A''            
     e(  9 - 10) =      4.67007  eV     2   --> A'             
     e(  9 - 10) =      4.67007  eV     2   --> A''            
     e( 11 - 12) =     16.16394  eV     2   --> A'             
     e( 11 - 12) =     16.16394  eV     2   --> A''            
     e( 13 - 14) =     19.77413  eV     2   --> A'             
     e( 13 - 14) =     19.77413  eV     2   --> A''            

 **************************************************************************

 **************************************************************************

                    xk=(   0.16667,   0.28868,   0.30800  )

     Band symmetry, C_s (m)     point group:

     e(  1 -  2) =    -90.49874  eV     2   --> A'             
     e(  1 -  2) =    -90.49874  eV     2   --> A''            
     e(  3 -  4) =    -11.00848  eV     2   --> A'             
     e(  3 -  4) =    -11.00848  eV     2   --> A''            
     e(  5 -  6) =      2.04639  eV     2   --> A'             
     e(  5 -  6) =      2.04639  eV     2   --> A''            
     e(  7 -  8) =      3.99092  eV     2   --> A'             
     e(  7 -  8) =      3.99092  eV     2   --> A''            
     e(  9 - 10) =      4.68616  eV     2   --> A'             
     e(  9 - 10) =      4.68616  eV     2   --> A''            
     e( 11 - 12) =     16.15588  eV     2   --> A'             
     e( 11 - 12) =     16.15588  eV     2   --> A''            
     e( 13 - 14) =     19.77522  eV     2   --> A'             
     e( 13 - 14) =     19.77522  eV     2   --> A''            

 **************************************************************************

 **************************************************************************

                    xk=(   0.16111,   0.27905,   0.30800  )

     Band symmetry, C_s (m)     point group:

     e(  1 -  2) =    -90.49879  eV     2   --> A'             
     e(  1 -  2) =    -90.49879  eV     2   --> A''            
     e(  3 -  4) =    -11.04501  eV     2   --> A'             
     e(  3 -  4) =    -11.04501  eV     2   --> A''            
     e(  5 -  6) =      2.11011  eV     2   --> A'             
     e(  5 -  6) =      2.11011  eV     2   --> A''            
     e(  7 -  8) =      4.04801  eV     2   --> A'             
     e(  7 -  8) =      4.04801  eV     2   --> A''            
     e(  9 - 10) =      4.70684  eV     2   --> A'             
     e(  9 - 10) =      4.70684  eV     2   --> A''            
     e( 11 - 12) =     16.14928  eV     2   --> A'             
     e( 11 - 12) =     16.14928  eV     2   --> A''            
     e( 13 - 14) =     19.77507  eV     2   --> A'             
     e( 13 - 14) =     19.77507  eV     2   --> A''            

 **************************************************************************

 **************************************************************************

                    xk=(   0.15556,   0.26943,   0.30800  )

     Band symmetry, C_s (m)     point group:

     e(  1 -  2) =    -90.49884  eV     2   --> A'             
     e(  1 -  2) =    -90.49884  eV     2   --> A''            
     e(  3 -  4) =    -11.08140  eV     2   --> A'             
     e(  3 -  4) =    -11.08140  eV     2   --> A''            
     e(  5 -  6) =      2.17296  eV     2   --> A'             
     e(  5 -  6) =      2.17296  eV     2   --> A''            
     e(  7 -  8) =      4.10281  eV     2   --> A'             
     e(  7 -  8) =      4.10281  eV     2   --> A''            
     e(  9 - 10) =      4.73210  eV     2   --> A'             
     e(  9 - 10) =      4.73210  eV     2   --> A''            
     e( 11 - 12) =     16.14384  eV     2   --> A'             
     e( 11 - 12) =     16.14384  eV     2   --> A''            
     e( 13 - 14) =     19.77426  eV     2   --> A'             
     e( 13 - 14) =     19.77426  eV     2   --> A''            

 **************************************************************************

 **************************************************************************

                    xk=(   0.15000,   0.25981,   0.30800  )

     Band symmetry, C_s (m)     point group:

     e(  1 -  2) =    -90.49889  eV     2   --> A'             
     e(  1 -  2) =    -90.49889  eV     2   --> A''            
     e(  3 -  4) =    -11.11753  eV     2   --> A'             
     e(  3 -  4) =    -11.11753  eV     2   --> A''            
     e(  5 -  6) =      2.23430  eV     2   --> A'             
     e(  5 -  6) =      2.23430  eV     2   --> A''            
     e(  7 -  8) =      4.15582  eV     2   --> A'             
     e(  7 -  8) =      4.15582  eV     2   --> A''            
     e(  9 - 10) =      4.76171  eV     2   --> A'             
     e(  9 - 10) =      4.76171  eV     2   --> A''            
     e( 11 - 12) =     16.13926  eV     2   --> A'             
     e( 11 - 12) =     16.13926  eV     2   --> A''            
     e( 13 - 14) =     19.77333  eV     2   --> A'             
     e( 13 - 14) =     19.77333  eV     2   --> A''            

 **************************************************************************

 **************************************************************************

                    xk=(   0.14444,   0.25019,   0.30800  )

     Band symmetry, C_s (m)     point group:

     e(  1 -  2) =    -90.49893  eV     2   --> A'             
     e(  1 -  2) =    -90.49893  eV     2   --> A''            
     e(  3 -  4) =    -11.15330  eV     2   --> A'             
     e(  3 -  4) =    -11.15330  eV     2   --> A''            
     e(  5 -  6) =      2.29351  eV     2   --> A'             
     e(  5 -  6) =      2.29351  eV     2   --> A''            
     e(  7 -  8) =      4.20773  eV     2   --> A'             
     e(  7 -  8) =      4.20773  eV     2   --> A''            
     e(  9 - 10) =      4.79526  eV     2   --> A'             
     e(  9 - 10) =      4.79526  eV     2   --> A''            
     e( 11 - 12) =     16.13524  eV     2   --> A'             
     e( 11 - 12) =     16.13524  eV     2   --> A''            
     e( 13 - 14) =     19.77278  eV     2   --> A'             
     e( 13 - 14) =     19.77278  eV     2   --> A''            

 **************************************************************************

 **************************************************************************

                    xk=(   0.13889,   0.24056,   0.30800  )

     Band symmetry, C_s (m)     point group:

     e(  1 -  2) =    -90.49898  eV     2   --> A'             
     e(  1 -  2) =    -90.49898  eV     2   --> A''            
     e(  3 -  4) =    -11.18860  eV     2   --> A'             
     e(  3 -  4) =    -11.18860  eV     2   --> A''            
     e(  5 -  6) =      2.34999  eV     2   --> A'             
     e(  5 -  6) =      2.34999  eV     2   --> A''            
     e(  7 -  8) =      4.25933  eV     2   --> A'             
     e(  7 -  8) =      4.25933  eV     2   --> A''            
     e(  9 - 10) =      4.83219  eV     2   --> A'             
     e(  9 - 10) =      4.83219  eV     2   --> A''            
     e( 11 - 12) =     16.13147  eV     2   --> A'             
     e( 11 - 12) =     16.13147  eV     2   --> A''            
     e( 13 - 14) =     19.77311  eV     2   --> A'             
     e( 13 - 14) =     19.77311  eV     2   --> A''            

 **************************************************************************

 **************************************************************************

                    xk=(   0.13333,   0.23094,   0.30800  )

     Band symmetry, C_s (m)     point group:

     e(  1 -  2) =    -90.49903  eV     2   --> A'             
     e(  1 -  2) =    -90.49903  eV     2   --> A''            
     e(  3 -  4) =    -11.22333  eV     2   --> A'             
     e(  3 -  4) =    -11.22333  eV     2   --> A''            
     e(  5 -  6) =      2.40322  eV     2   --> A'             
     e(  5 -  6) =      2.40322  eV     2   --> A''            
     e(  7 -  8) =      4.31144  eV     2   --> A'             
     e(  7 -  8) =      4.31144  eV     2   --> A''            
     e(  9 - 10) =      4.87182  eV     2   --> A'             
     e(  9 - 10) =      4.87182  eV     2   --> A''            
     e( 11 - 12) =     16.12764  eV     2   --> A'             
     e( 11 - 12) =     16.12764  eV     2   --> A''            
     e( 13 - 14) =     19.77476  eV     2   --> A'             
     e( 13 - 14) =     19.77476  eV     2   --> A''            

 **************************************************************************

 **************************************************************************

                    xk=(   0.12778,   0.22132,   0.30800  )

     Band symmetry, C_s (m)     point group:

     e(  1 -  2) =    -90.49908  eV     2   --> A'             
     e(  1 -  2) =    -90.49908  eV     2   --> A''            
     e(  3 -  4) =    -11.25739  eV     2   --> A'             
     e(  3 -  4) =    -11.25739  eV     2   --> A''            
     e(  5 -  6) =      2.45275  eV     2   --> A'             
     e(  5 -  6) =      2.45275  eV     2   --> A''            
     e(  7 -  8) =      4.36481  eV     2   --> A'             
     e(  7 -  8) =      4.36481  eV     2   --> A''            
     e(  9 - 10) =      4.91347  eV     2   --> A'             
     e(  9 - 10) =      4.91347  eV     2   --> A''            
     e( 11 - 12) =     16.12346  eV     2   --> A'             
     e( 11 - 12) =     16.12346  eV     2   --> A''            
     e( 13 - 14) =     19.77816  eV     2   --> A'             
     e( 13 - 14) =     19.77816  eV     2   --> A''            

 **************************************************************************

 **************************************************************************

                    xk=(   0.12222,   0.21170,   0.30800  )

     Band symmetry, C_s (m)     point group:

     e(  1 -  2) =    -90.49912  eV     2   --> A'             
     e(  1 -  2) =    -90.49912  eV     2   --> A''            
     e(  3 -  4) =    -11.29069  eV     2   --> A'             
     e(  3 -  4) =    -11.29069  eV     2   --> A''            
     e(  5 -  6) =      2.49822  eV     2   --> A'             
     e(  5 -  6) =      2.49822  eV     2   --> A''            
     e(  7 -  8) =      4.42007  eV     2   --> A'             
     e(  7 -  8) =      4.42007  eV     2   --> A''            
     e(  9 - 10) =      4.95645  eV     2   --> A'             
     e(  9 - 10) =      4.95645  eV     2   --> A''            
     e( 11 - 12) =     16.11864  eV     2   --> A'             
     e( 11 - 12) =     16.11864  eV     2   --> A''            
     e( 13 - 14) =     19.78368  eV     2   --> A'             
     e( 13 - 14) =     19.78368  eV     2   --> A''            

 **************************************************************************

 **************************************************************************

                    xk=(   0.11667,   0.20207,   0.30800  )

     Band symmetry, C_s (m)     point group:

     e(  1 -  2) =    -90.49917  eV     2   --> A'             
     e(  1 -  2) =    -90.49917  eV     2   --> A''            
     e(  3 -  4) =    -11.32313  eV     2   --> A'             
     e(  3 -  4) =    -11.32313  eV     2   --> A''            
     e(  5 -  6) =      2.53941  eV     2   --> A'             
     e(  5 -  6) =      2.53941  eV     2   --> A''            
     e(  7 -  8) =      4.47765  eV     2   --> A'             
     e(  7 -  8) =      4.47765  eV     2   --> A''            
     e(  9 - 10) =      5.00015  eV     2   --> A'             
     e(  9 - 10) =      5.00015  eV     2   --> A''            
     e( 11 - 12) =     16.11292  eV     2   --> A'             
     e( 11 - 12) =     16.11292  eV     2   --> A''            
     e( 13 - 14) =     19.79166  eV     2   --> A'             
     e( 13 - 14) =     19.79166  eV     2   --> A''            

 **************************************************************************

 **************************************************************************

                    xk=(   0.11111,   0.19245,   0.30800  )

     Band symmetry, C_s (m)     point group:

     e(  1 -  2) =    -90.49921  eV     2   --> A'             
     e(  1 -  2) =    -90.49921  eV     2   --> A''            
     e(  3 -  4) =    -11.35464  eV     2   --> A'             
     e(  3 -  4) =    -11.35464  eV     2   --> A''            
     e(  5 -  6) =      2.57621  eV     2   --> A'             
     e(  5 -  6) =      2.57621  eV     2   --> A''            
     e(  7 -  8) =      4.53776  eV     2   --> A'             
     e(  7 -  8) =      4.53776  eV     2   --> A''            
     e(  9 - 10) =      5.04400  eV     2   --> A'             
     e(  9 - 10) =      5.04400  eV     2   --> A''            
     e( 11 - 12) =     16.10607  eV     2   --> A'             
     e( 11 - 12) =     16.10607  eV     2   --> A''            
     e( 13 - 14) =     19.80244  eV     2   --> A'             
     e( 13 - 14) =     19.80244  eV     2   --> A''            

 **************************************************************************

 **************************************************************************

                    xk=(   0.10556,   0.18283,   0.30800  )

     Band symmetry, C_s (m)     point group:

     e(  1 -  2) =    -90.49926  eV     2   --> A'             
     e(  1 -  2) =    -90.49926  eV     2   --> A''            
     e(  3 -  4) =    -11.38512  eV     2   --> A'             
     e(  3 -  4) =    -11.38512  eV     2   --> A''            
     e(  5 -  6) =      2.60863  eV     2   --> A'             
     e(  5 -  6) =      2.60863  eV     2   --> A''            
     e(  7 -  8) =      4.60043  eV     2   --> A'             
     e(  7 -  8) =      4.60043  eV     2   --> A''            
     e(  9 - 10) =      5.08753  eV     2   --> A'             
     e(  9 - 10) =      5.08753  eV     2   --> A''            
     e( 11 - 12) =     16.09787  eV     2   --> A'             
     e( 11 - 12) =     16.09787  eV     2   --> A''            
     e( 13 - 14) =     19.81627  eV     2   --> A'             
     e( 13 - 14) =     19.81627  eV     2   --> A''            

 **************************************************************************

 **************************************************************************

                    xk=(   0.10000,   0.17321,   0.30800  )

     Band symmetry, C_s (m)     point group:

     e(  1 -  2) =    -90.49930  eV     2   --> A'             
     e(  1 -  2) =    -90.49930  eV     2   --> A''            
     e(  3 -  4) =    -11.41449  eV     2   --> A'             
     e(  3 -  4) =    -11.41449  eV     2   --> A''            
     e(  5 -  6) =      2.63680  eV     2   --> A'             
     e(  5 -  6) =      2.63680  eV     2   --> A''            
     e(  7 -  8) =      4.66547  eV     2   --> A'             
     e(  7 -  8) =      4.66547  eV     2   --> A''            
     e(  9 - 10) =      5.13032  eV     2   --> A'             
     e(  9 - 10) =      5.13032  eV     2   --> A''            
     e( 11 - 12) =     16.08819  eV     2   --> A'             
     e( 11 - 12) =     16.08819  eV     2   --> A''            
     e( 13 - 14) =     19.83340  eV     2   --> A'             
     e( 13 - 14) =     19.83340  eV     2   --> A''            

 **************************************************************************

 **************************************************************************

                    xk=(   0.09444,   0.16358,   0.30800  )

     Band symmetry, C_s (m)     point group:

     e(  1 -  2) =    -90.49934  eV     2   --> A'             
     e(  1 -  2) =    -90.49934  eV     2   --> A''            
     e(  3 -  4) =    -11.44269  eV     2   --> A'             
     e(  3 -  4) =    -11.44269  eV     2   --> A''            
     e(  5 -  6) =      2.66094  eV     2   --> A'             
     e(  5 -  6) =      2.66094  eV     2   --> A''            
     e(  7 -  8) =      4.73254  eV     2   --> A'             
     e(  7 -  8) =      4.73254  eV     2   --> A''            
     e(  9 - 10) =      5.17203  eV     2   --> A'             
     e(  9 - 10) =      5.17203  eV     2   --> A''            
     e( 11 - 12) =     16.07691  eV     2   --> A'             
     e( 11 - 12) =     16.07691  eV     2   --> A''            
     e( 13 - 14) =     19.85402  eV     2   --> A'             
     e( 13 - 14) =     19.85402  eV     2   --> A''            

 **************************************************************************

 **************************************************************************

                    xk=(   0.08889,   0.15396,   0.30800  )

     Band symmetry, C_s (m)     point group:

     e(  1 -  2) =    -90.49938  eV     2   --> A'             
     e(  1 -  2) =    -90.49938  eV     2   --> A''            
     e(  3 -  4) =    -11.46964  eV     2   --> A'             
     e(  3 -  4) =    -11.46964  eV     2   --> A''            
     e(  5 -  6) =      2.68133  eV     2   --> A'             
     e(  5 -  6) =      2.68133  eV     2   --> A''            
     e(  7 -  8) =      4.80113  eV     2   --> A'             
     e(  7 -  8) =      4.80113  eV     2   --> A''            
     e(  9 - 10) =      5.21236  eV     2   --> A'             
     e(  9 - 10) =      5.21236  eV     2   --> A''            
     e( 11 - 12) =     16.06401  eV     2   --> A'             
     e( 11 - 12) =     16.06401  eV     2   --> A''            
     e( 13 - 14) =     19.87828  eV     2   --> A'             
     e( 13 - 14) =     19.87828  eV     2   --> A''            

 **************************************************************************

 **************************************************************************

                    xk=(   0.08333,   0.14434,   0.30800  )

     Band symmetry, C_s (m)     point group:

     e(  1 -  2) =    -90.49942  eV     2   --> A'             
     e(  1 -  2) =    -90.49942  eV     2   --> A''            
     e(  3 -  4) =    -11.49529  eV     2   --> A'             
     e(  3 -  4) =    -11.49529  eV     2   --> A''            
     e(  5 -  6) =      2.69833  eV     2   --> A'             
     e(  5 -  6) =      2.69833  eV     2   --> A''            
     e(  7 -  8) =      4.87064  eV     2   --> A'             
     e(  7 -  8) =      4.87064  eV     2   --> A''            
     e(  9 - 10) =      5.25106  eV     2   --> A'             
     e(  9 - 10) =      5.25106  eV     2   --> A''            
     e( 11 - 12) =     16.04949  eV     2   --> A'             
     e( 11 - 12) =     16.04949  eV     2   --> A''            
     e( 13 - 14) =     19.90628  eV     2   --> A'             
     e( 13 - 14) =     19.90628  eV     2   --> A''            

 **************************************************************************

 **************************************************************************

                    xk=(   0.07778,   0.13472,   0.30800  )

     Band symmetry, C_s (m)     point group:

     e(  1 -  2) =    -90.49945  eV     2   --> A'             
     e(  1 -  2) =    -90.49945  eV     2   --> A''            
     e(  3 -  4) =    -11.51956  eV     2   --> A'             
     e(  3 -  4) =    -11.51956  eV     2   --> A''            
     e(  5 -  6) =      2.71227  eV     2   --> A'             
     e(  5 -  6) =      2.71227  eV     2   --> A''            
     e(  7 -  8) =      4.94040  eV     2   --> A'             
     e(  7 -  8) =      4.94040  eV     2   --> A''            
     e(  9 - 10) =      5.28794  eV     2   --> A'             
     e(  9 - 10) =      5.28794  eV     2   --> A''            
     e( 11 - 12) =     16.03346  eV     2   --> A'             
     e( 11 - 12) =     16.03346  eV     2   --> A''            
     e( 13 - 14) =     19.93808  eV     2   --> A'             
     e( 13 - 14) =     19.93808  eV     2   --> A''            

 **************************************************************************

 **************************************************************************

                    xk=(   0.07222,   0.12509,   0.30800  )

     Band symmetry, C_s (m)     point group:

     e(  1 -  2) =    -90.49949  eV     2   --> A'             
     e(  1 -  2) =    -90.49949  eV     2   --> A''            
     e(  3 -  4) =    -11.54239  eV     2   --> A'             
     e(  3 -  4) =    -11.54239  eV     2   --> A''            
     e(  5 -  6) =      2.72355  eV     2   --> A'             
     e(  5 -  6) =      2.72355  eV     2   --> A''            
     e(  7 -  8) =      5.00968  eV     2   --> A'             
     e(  7 -  8) =      5.00968  eV     2   --> A''            
     e(  9 - 10) =      5.32282  eV     2   --> A'             
     e(  9 - 10) =      5.32282  eV     2   --> A''            
     e( 11 - 12) =     16.01609  eV     2   --> A'             
     e( 11 - 12) =     16.01609  eV     2   --> A''            
     e( 13 - 14) =     19.97368  eV     2   --> A'             
     e( 13 - 14) =     19.97368  eV     2   --> A''            

 **************************************************************************

 **************************************************************************

                    xk=(   0.06667,   0.11547,   0.30800  )

     Band symmetry, C_s (m)     point group:

     e(  1 -  2) =    -90.49952  eV     2   --> A'             
     e(  1 -  2) =    -90.49952  eV     2   --> A''            
     e(  3 -  4) =    -11.56375  eV     2   --> A'             
     e(  3 -  4) =    -11.56375  eV     2   --> A''            
     e(  5 -  6) =      2.73251  eV     2   --> A'             
     e(  5 -  6) =      2.73251  eV     2   --> A''            
     e(  7 -  8) =      5.07772  eV     2   --> A'             
     e(  7 -  8) =      5.07772  eV     2   --> A''            
     e(  9 - 10) =      5.35555  eV     2   --> A'             
     e(  9 - 10) =      5.35555  eV     2   --> A''            
     e( 11 - 12) =     15.99760  eV     2   --> A'             
     e( 11 - 12) =     15.99760  eV     2   --> A''            
     e( 13 - 14) =     20.01302  eV     2   --> A'             
     e( 13 - 14) =     20.01302  eV     2   --> A''            

 **************************************************************************

 **************************************************************************

                    xk=(   0.06111,   0.10585,   0.30800  )

     Band symmetry, C_s (m)     point group:

     e(  1 -  2) =    -90.49955  eV     2   --> A'             
     e(  1 -  2) =    -90.49955  eV     2   --> A''            
     e(  3 -  4) =    -11.58357  eV     2   --> A'             
     e(  3 -  4) =    -11.58357  eV     2   --> A''            
     e(  5 -  6) =      2.73950  eV     2   --> A'             
     e(  5 -  6) =      2.73950  eV     2   --> A''            
     e(  7 -  8) =      5.14377  eV     2   --> A'             
     e(  7 -  8) =      5.14377  eV     2   --> A''            
     e(  9 - 10) =      5.38601  eV     2   --> A'             
     e(  9 - 10) =      5.38601  eV     2   --> A''            
     e( 11 - 12) =     15.97830  eV     2   --> A'             
     e( 11 - 12) =     15.97830  eV     2   --> A''            
     e( 13 - 14) =     20.05599  eV     2   --> A'             
     e( 13 - 14) =     20.05599  eV     2   --> A''            

 **************************************************************************

 **************************************************************************

                    xk=(   0.05556,   0.09623,   0.30800  )

     Band symmetry, C_s (m)     point group:

     e(  1 -  2) =    -90.49958  eV     2   --> A'             
     e(  1 -  2) =    -90.49958  eV     2   --> A''            
     e(  3 -  4) =    -11.60182  eV     2   --> A'             
     e(  3 -  4) =    -11.60182  eV     2   --> A''            
     e(  5 -  6) =      2.74485  eV     2   --> A'             
     e(  5 -  6) =      2.74485  eV     2   --> A''            
     e(  7 -  8) =      5.20708  eV     2   --> A'             
     e(  7 -  8) =      5.20708  eV     2   --> A''            
     e(  9 - 10) =      5.41409  eV     2   --> A'             
     e(  9 - 10) =      5.41409  eV     2   --> A''            
     e( 11 - 12) =     15.95856  eV     2   --> A'             
     e( 11 - 12) =     15.95856  eV     2   --> A''            
     e( 13 - 14) =     20.10240  eV     2   --> A'             
     e( 13 - 14) =     20.10240  eV     2   --> A''            

 **************************************************************************

 **************************************************************************

                    xk=(   0.05000,   0.08660,   0.30800  )

     Band symmetry, C_s (m)     point group:

     e(  1 -  2) =    -90.49960  eV     2   --> A'             
     e(  1 -  2) =    -90.49960  eV     2   --> A''            
     e(  3 -  4) =    -11.61845  eV     2   --> A'             
     e(  3 -  4) =    -11.61845  eV     2   --> A''            
     e(  5 -  6) =      2.74885  eV     2   --> A'             
     e(  5 -  6) =      2.74885  eV     2   --> A''            
     e(  7 -  8) =      5.26690  eV     2   --> A'             
     e(  7 -  8) =      5.26690  eV     2   --> A''            
     e(  9 - 10) =      5.43972  eV     2   --> A'             
     e(  9 - 10) =      5.43972  eV     2   --> A''            
     e( 11 - 12) =     15.93877  eV     2   --> A'             
     e( 11 - 12) =     15.93877  eV     2   --> A''            
     e( 13 - 14) =     20.15200  eV     2   --> A'             
     e( 13 - 14) =     20.15200  eV     2   --> A''            

 **************************************************************************

 **************************************************************************

                    xk=(   0.04444,   0.07698,   0.30800  )

     Band symmetry, C_s (m)     point group:

     e(  1 -  2) =    -90.49963  eV     2   --> A'             
     e(  1 -  2) =    -90.49963  eV     2   --> A''            
     e(  3 -  4) =    -11.63343  eV     2   --> A'             
     e(  3 -  4) =    -11.63343  eV     2   --> A''            
     e(  5 -  6) =      2.75175  eV     2   --> A'             
     e(  5 -  6) =      2.75175  eV     2   --> A''            
     e(  7 -  8) =      5.32255  eV     2   --> A'             
     e(  7 -  8) =      5.32255  eV     2   --> A''            
     e(  9 - 10) =      5.46281  eV     2   --> A'             
     e(  9 - 10) =      5.46281  eV     2   --> A''            
     e( 11 - 12) =     15.91937  eV     2   --> A'             
     e( 11 - 12) =     15.91937  eV     2   --> A''            
     e( 13 - 14) =     20.20442  eV     2   --> A'             
     e( 13 - 14) =     20.20442  eV     2   --> A''            

 **************************************************************************

 **************************************************************************

                    xk=(   0.03889,   0.06736,   0.30800  )

     Band symmetry, C_s (m)     point group:

     e(  1 -  2) =    -90.49965  eV     2   --> A'             
     e(  1 -  2) =    -90.49965  eV     2   --> A''            
     e(  3 -  4) =    -11.64672  eV     2   --> A'             
     e(  3 -  4) =    -11.64672  eV     2   --> A''            
     e(  5 -  6) =      2.75380  eV     2   --> A'             
     e(  5 -  6) =      2.75380  eV     2   --> A''            
     e(  7 -  8) =      5.37336  eV     2   --> A'             
     e(  7 -  8) =      5.37336  eV     2   --> A''            
     e(  9 - 10) =      5.48332  eV     2   --> A'             
     e(  9 - 10) =      5.48332  eV     2   --> A''            
     e( 11 - 12) =     15.90083  eV     2   --> A'             
     e( 11 - 12) =     15.90083  eV     2   --> A''            
     e( 13 - 14) =     20.25919  eV     2   --> A'             
     e( 13 - 14) =     20.25919  eV     2   --> A''            

 **************************************************************************

 **************************************************************************

                    xk=(   0.03333,   0.05774,   0.30800  )

     Band symmetry, C_s (m)     point group:

     e(  1 -  2) =    -90.49967  eV     2   --> A'             
     e(  1 -  2) =    -90.49967  eV     2   --> A''            
     e(  3 -  4) =    -11.65830  eV     2   --> A'             
     e(  3 -  4) =    -11.65830  eV     2   --> A''            
     e(  5 -  6) =      2.75519  eV     2   --> A'             
     e(  5 -  6) =      2.75519  eV     2   --> A''            
     e(  7 -  8) =      5.41872  eV     2   --> A'             
     e(  7 -  8) =      5.41872  eV     2   --> A''            
     e(  9 - 10) =      5.50117  eV     2   --> A'             
     e(  9 - 10) =      5.50117  eV     2   --> A''            
     e( 11 - 12) =     15.88362  eV     2   --> A'             
     e( 11 - 12) =     15.88362  eV     2   --> A''            
     e( 13 - 14) =     20.31564  eV     2   --> A'             
     e( 13 - 14) =     20.31564  eV     2   --> A''            

 **************************************************************************

 **************************************************************************

                    xk=(   0.02778,   0.04811,   0.30800  )

     Band symmetry, C_s (m)     point group:

     e(  1 -  2) =    -90.49968  eV     2   --> A'             
     e(  1 -  2) =    -90.49968  eV     2   --> A''            
     e(  3 -  4) =    -11.66814  eV     2   --> A'             
     e(  3 -  4) =    -11.66814  eV     2   --> A''            
     e(  5 -  6) =      2.75608  eV     2   --> A'             
     e(  5 -  6) =      2.75608  eV     2   --> A''            
     e(  7 -  8) =      5.45810  eV     2   --> A'             
     e(  7 -  8) =      5.45810  eV     2   --> A''            
     e(  9 - 10) =      5.51635  eV     2   --> A'             
     e(  9 - 10) =      5.51635  eV     2   --> A''            
     e( 11 - 12) =     15.86816  eV     2   --> A'             
     e( 11 - 12) =     15.86816  eV     2   --> A''            
     e( 13 - 14) =     20.37280  eV     2   --> A'             
     e( 13 - 14) =     20.37280  eV     2   --> A''            

 **************************************************************************

 **************************************************************************

                    xk=(   0.02222,   0.03849,   0.30800  )

     Band symmetry, C_s (m)     point group:

     e(  1 -  2) =    -90.49969  eV     2   --> A'             
     e(  1 -  2) =    -90.49969  eV     2   --> A''            
     e(  3 -  4) =    -11.67621  eV     2   --> A'             
     e(  3 -  4) =    -11.67621  eV     2   --> A''            
     e(  5 -  6) =      2.75663  eV     2   --> A'             
     e(  5 -  6) =      2.75663  eV     2   --> A''            
     e(  7 -  8) =      5.49099  eV     2   --> A'             
     e(  7 -  8) =      5.49099  eV     2   --> A''            
     e(  9 - 10) =      5.52880  eV     2   --> A'             
     e(  9 - 10) =      5.52880  eV     2   --> A''            
     e( 11 - 12) =     15.85489  eV     2   --> A'             
     e( 11 - 12) =     15.85489  eV     2   --> A''            
     e( 13 - 14) =     20.42920  eV     2   --> A'             
     e( 13 - 14) =     20.42920  eV     2   --> A''            

 **************************************************************************

 **************************************************************************

                    xk=(   0.01667,   0.02887,   0.30800  )

     Band symmetry, C_s (m)     point group:

     e(  1 -  2) =    -90.49970  eV     2   --> A'             
     e(  1 -  2) =    -90.49970  eV     2   --> A''            
     e(  3 -  4) =    -11.68251  eV     2   --> A'             
     e(  3 -  4) =    -11.68251  eV     2   --> A''            
     e(  5 -  6) =      2.75694  eV     2   --> A'             
     e(  5 -  6) =      2.75694  eV     2   --> A''            
     e(  7 -  8) =      5.51702  eV     2   --> A'             
     e(  7 -  8) =      5.51702  eV     2   --> A''            
     e(  9 - 10) =      5.53852  eV     2   --> A'             
     e(  9 - 10) =      5.53852  eV     2   --> A''            
     e( 11 - 12) =     15.84415  eV     2   --> A'             
     e( 11 - 12) =     15.84415  eV     2   --> A''            
     e( 13 - 14) =     20.48247  eV     2   --> A'             
     e( 13 - 14) =     20.48247  eV     2   --> A''            

 **************************************************************************

 **************************************************************************

                    xk=(   0.01111,   0.01925,   0.30800  )

     Band symmetry, C_s (m)     point group:

     e(  1 -  2) =    -90.49971  eV     2   --> A'             
     e(  1 -  2) =    -90.49971  eV     2   --> A''            
     e(  3 -  4) =    -11.68702  eV     2   --> A'             
     e(  3 -  4) =    -11.68702  eV     2   --> A''            
     e(  5 -  6) =      2.75710  eV     2   --> A'             
     e(  5 -  6) =      2.75710  eV     2   --> A''            
     e(  7 -  8) =      5.53584  eV     2   --> A'             
     e(  7 -  8) =      5.53584  eV     2   --> A''            
     e(  9 - 10) =      5.54547  eV     2   --> A'             
     e(  9 - 10) =      5.54547  eV     2   --> A''            
     e( 11 - 12) =     15.83626  eV     2   --> A'             
     e( 11 - 12) =     15.83626  eV     2   --> A''            
     e( 13 - 14) =     20.52867  eV     2   --> A'             
     e( 13 - 14) =     20.52867  eV     2   --> A''            

 **************************************************************************

 **************************************************************************

                    xk=(   0.00556,   0.00962,   0.30800  )

     Band symmetry, C_s (m)     point group:

     e(  1 -  2) =    -90.49972  eV     2   --> A'             
     e(  1 -  2) =    -90.49972  eV     2   --> A''            
     e(  3 -  4) =    -11.68973  eV     2   --> A'             
     e(  3 -  4) =    -11.68973  eV     2   --> A''            
     e(  5 -  6) =      2.75717  eV     2   --> A'             
     e(  5 -  6) =      2.75717  eV     2   --> A''            
     e(  7 -  8) =      5.54723  eV     2   --> A'             
     e(  7 -  8) =      5.54723  eV     2   --> A''            
     e(  9 - 10) =      5.54965  eV     2   --> A'             
     e(  9 - 10) =      5.54965  eV     2   --> A''            
     e( 11 - 12) =     15.83143  eV     2   --> A'             
     e( 11 - 12) =     15.83143  eV     2   --> A''            
     e( 13 - 14) =     20.56161  eV     2   --> A'             
     e( 13 - 14) =     20.56161  eV     2   --> A''            

 **************************************************************************

 **************************************************************************

                    xk=(   0.00000,   0.00000,   0.30800  )

     point group C_6v (6mm) 
     there are  6 classes
     the character table:

       E     2C6   2C3   C2    3s_v  3s_d 
A_1    1.00  1.00  1.00  1.00  1.00  1.00
A_2    1.00  1.00  1.00  1.00 -1.00 -1.00
B_1    1.00 -1.00  1.00 -1.00  1.00 -1.00
B_2    1.00 -1.00  1.00 -1.00 -1.00  1.00
E_1    2.00  1.00 -1.00 -2.00  0.00  0.00
E_2    2.00 -1.00 -1.00  2.00  0.00  0.00

     the symmetry operations in each class and the name of the first element:

     E        1
                                                                 
     2C6      3    4
                                                                 
     2C3      5    6
                                                                 
     C2       2
                                                                 
     3s_v     8   12   11
                                                                 
     3s_d     7    9   10
                                                                 

     Band symmetry, C_6v (6mm)  point group:

     e(  1 -  2) =    -90.49972  eV     2   --> A_1            
     e(  1 -  2) =    -90.49972  eV     2   --> B_1            
     e(  3 -  4) =    -11.69063  eV     2   --> A_1            
     e(  3 -  4) =    -11.69063  eV     2   --> B_1            
     e(  5 -  6) =      2.75719  eV     2   --> A_1            
     e(  5 -  6) =      2.75719  eV     2   --> B_1            
     e(  7 - 10) =      5.55104  eV     4   --> E_1            
     e(  7 - 10) =      5.55104  eV     4   --> E_2            
     e( 11 - 12) =     15.82981  eV     2   --> A_1            
     e( 11 - 12) =     15.82981  eV     2   --> B_1            
     e( 13 - 14) =     20.57384  eV     2   --> A_1            
     e( 13 - 14) =     20.57384  eV     2   --> B_1            

 **************************************************************************

 **************************************************************************

                    xk=(   0.50000,   0.28868,   0.30800  )

     point group C_2v (mm2) 
     there are  4 classes
     the character table:

       E     C2    s_v   s_v' 
A_1    1.00  1.00  1.00  1.00
A_2    1.00  1.00 -1.00 -1.00
B_1    1.00 -1.00  1.00 -1.00
B_2    1.00 -1.00 -1.00  1.00

     the symmetry operations in each class and the name of the first element:

     E        1
                                                                 
     C2       2
                                                                 
     s_v      4
                                                                 
     s_v'     3
                                                                 

     Band symmetry, C_2v (mm2)  point group:

     e(  1 -  2) =    -90.49816  eV     2   --> A_1  D_1  S_1  
     e(  1 -  2) =    -90.49816  eV     2   --> B_1  D_3  S_3  
     e(  3 -  4) =    -10.51374  eV     2   --> A_1  D_1  S_1  
     e(  3 -  4) =    -10.51374  eV     2   --> B_1  D_3  S_3  
     e(  5 -  6) =      0.66332  eV     2   --> A_1  D_1  S_1  
     e(  5 -  6) =      0.66332  eV     2   --> B_1  D_3  S_3  
     e(  7 -  8) =      4.24851  eV     2   --> A_2  D_2  S_2  
     e(  7 -  8) =      4.24851  eV     2   --> B_2  D_4  S_4  
     e(  9 - 10) =      4.39180  eV     2   --> A_1  D_1  S_1  
     e(  9 - 10) =      4.39180  eV     2   --> B_1  D_3  S_3  
     e( 11 - 12) =     15.07614  eV     2   --> A_1  D_1  S_1  
     e( 11 - 12) =     15.07614  eV     2   --> B_1  D_3  S_3  
     e( 13 - 14) =     20.59831  eV     2   --> A_1  D_1  S_1  
     e( 13 - 14) =     20.59831  eV     2   --> B_1  D_3  S_3  

 **************************************************************************

 **************************************************************************

                    xk=(   0.50000,   0.28868,   0.29659  )

     Band symmetry, C_2v (mm2)  point group:

     e(  1 -  2) =    -90.49818  eV     2   --> A_1  D_1  S_1  
     e(  1 -  2) =    -90.49818  eV     2   --> B_1  D_3  S_3  
     e(  3 -  3) =    -10.52831  eV     1   --> B_1  D_3  S_3  
     e(  4 -  4) =    -10.49914  eV     1   --> A_1  D_1  S_1  
     e(  5 -  5) =      0.62393  eV     1   --> A_1  D_1  S_1  
     e(  6 -  6) =      0.70576  eV     1   --> B_1  D_3  S_3  
     e(  7 -  7) =      4.20031  eV     1   --> B_2  D_4  S_4  
     e(  8 -  8) =      4.29720  eV     1   --> A_2  D_2  S_2  
     e(  9 -  9) =      4.33430  eV     1   --> A_1  D_1  S_1  
     e( 10 - 10) =      4.44402  eV     1   --> B_1  D_3  S_3  
     e( 11 - 11) =     15.03124  eV     1   --> B_1  D_3  S_3  
     e( 12 - 12) =     15.12671  eV     1   --> A_1  D_1  S_1  
     e( 13 - 13) =     20.55060  eV     1   --> A_1  D_1  S_1  
     e( 14 - 14) =     20.65030  eV     1   --> B_1  D_3  S_3  

 **************************************************************************

 **************************************************************************

                    xk=(   0.50000,   0.28868,   0.28518  )

     Band symmetry, C_2v (mm2)  point group:

     e(  1 -  2) =    -90.49821  eV     2   --> A_1  D_1  S_1  
     e(  1 -  2) =    -90.49821  eV     2   --> B_1  D_3  S_3  
     e(  3 -  3) =    -10.54279  eV     1   --> B_1  D_3  S_3  
     e(  4 -  4) =    -10.48456  eV     1   --> A_1  D_1  S_1  
     e(  5 -  5) =      0.58764  eV     1   --> A_1  D_1  S_1  
     e(  6 -  6) =      0.75117  eV     1   --> B_1  D_3  S_3  
     e(  7 -  7) =      4.15274  eV     1   --> B_2  D_4  S_4  
     e(  8 -  8) =      4.27197  eV     1   --> A_1  D_1  S_1  
     e(  9 -  9) =      4.34621  eV     1   --> A_2  D_2  S_2  
     e( 10 - 10) =      4.49055  eV     1   --> B_1  D_3  S_3  
     e( 11 - 11) =     14.99268  eV     1   --> B_1  D_3  S_3  
     e( 12 - 12) =     15.18220  eV     1   --> A_1  D_1  S_1  
     e( 13 - 13) =     20.50801  eV     1   --> A_1  D_1  S_1  
     e( 14 - 14) =     20.70547  eV     1   --> B_1  D_3  S_3  

 **************************************************************************

 **************************************************************************

                    xk=(   0.50000,   0.28868,   0.27378  )

     Band symmetry, C_2v (mm2)  point group:

     e(  1 -  1) =    -90.49823  eV     1   --> B_1  D_3  S_3  
     e(  2 -  2) =    -90.49809  eV     1   --> A_1  D_1  S_1  
     e(  3 -  3) =    -10.55715  eV     1   --> B_1  D_3  S_3  
     e(  4 -  4) =    -10.47004  eV     1   --> A_1  D_1  S_1  
     e(  5 -  5) =      0.55450  eV     1   --> A_1  D_1  S_1  
     e(  6 -  6) =      0.79946  eV     1   --> B_1  D_3  S_3  
     e(  7 -  7) =      4.10595  eV     1   --> B_2  D_4  S_4  
     e(  8 -  8) =      4.20530  eV     1   --> A_1  D_1  S_1  
     e(  9 -  9) =      4.39539  eV     1   --> A_2  D_2  S_2  
     e( 10 - 10) =      4.53102  eV     1   --> B_1  D_3  S_3  
     e( 11 - 11) =     14.96107  eV     1   --> B_1  D_3  S_3  
     e( 12 - 12) =     15.24180  eV     1   --> A_1  D_1  S_1  
     e( 13 - 13) =     20.47121  eV     1   --> A_1  D_1  S_1  
     e( 14 - 14) =     20.76233  eV     1   --> B_1  D_3  S_3  

 **************************************************************************

 **************************************************************************

                    xk=(   0.50000,   0.28868,   0.26237  )

     Band symmetry, C_2v (mm2)  point group:

     e(  1 -  1) =    -90.49825  eV     1   --> B_1  D_3  S_3  
     e(  2 -  2) =    -90.49807  eV     1   --> A_1  D_1  S_1  
     e(  3 -  3) =    -10.57132  eV     1   --> B_1  D_3  S_3  
     e(  4 -  4) =    -10.45565  eV     1   --> A_1  D_1  S_1  
     e(  5 -  5) =      0.52452  eV     1   --> A_1  D_1  S_1  
     e(  6 -  6) =      0.85051  eV     1   --> B_1  D_3  S_3  
     e(  7 -  7) =      4.06007  eV     1   --> B_2  D_4  S_4  
     e(  8 -  8) =      4.13481  eV     1   --> A_1  D_1  S_1  
     e(  9 -  9) =      4.44457  eV     1   --> A_2  D_2  S_2  
     e( 10 - 10) =      4.56515  eV     1   --> B_1  D_3  S_3  
     e( 11 - 11) =     14.93693  eV     1   --> B_1  D_3  S_3  
     e( 12 - 12) =     15.30468  eV     1   --> A_1  D_1  S_1  
     e( 13 - 13) =     20.44075  eV     1   --> A_1  D_1  S_1  
     e( 14 - 14) =     20.81892  eV     1   --> B_1  D_3  S_3  

 **************************************************************************

 **************************************************************************

                    xk=(   0.50000,   0.28868,   0.25096  )

     Band symmetry, C_2v (mm2)  point group:

     e(  1 -  1) =    -90.49828  eV     1   --> B_1  D_3  S_3  
     e(  2 -  2) =    -90.49804  eV     1   --> A_1  D_1  S_1  
     e(  3 -  3) =    -10.58527  eV     1   --> B_1  D_3  S_3  
     e(  4 -  4) =    -10.44142  eV     1   --> A_1  D_1  S_1  
     e(  5 -  5) =      0.49772  eV     1   --> A_1  D_1  S_1  
     e(  6 -  6) =      0.90421  eV     1   --> B_1  D_3  S_3  
     e(  7 -  7) =      4.01523  eV     1   --> B_2  D_4  S_4  
     e(  8 -  8) =      4.06103  eV     1   --> A_1  D_1  S_1  
     e(  9 -  9) =      4.49358  eV     1   --> A_2  D_2  S_2  
     e( 10 - 10) =      4.59270  eV     1   --> B_1  D_3  S_3  
     e( 11 - 11) =     14.92069  eV     1   --> B_1  D_3  S_3  
     e( 12 - 12) =     15.37000  eV     1   --> A_1  D_1  S_1  
     e( 13 - 13) =     20.41703  eV     1   --> A_1  D_1  S_1  
     e( 14 - 14) =     20.87249  eV     1   --> B_1  D_3  S_3  

 **************************************************************************

 **************************************************************************

                    xk=(   0.50000,   0.28868,   0.23956  )

     Band symmetry, C_2v (mm2)  point group:

     e(  1 -  1) =    -90.49830  eV     1   --> B_1  D_3  S_3  
     e(  2 -  2) =    -90.49802  eV     1   --> A_1  D_1  S_1  
     e(  3 -  3) =    -10.59895  eV     1   --> B_1  D_3  S_3  
     e(  4 -  4) =    -10.42741  eV     1   --> A_1  D_1  S_1  
     e(  5 -  5) =      0.47408  eV     1   --> A_1  D_1  S_1  
     e(  6 -  6) =      0.96041  eV     1   --> B_1  D_3  S_3  
     e(  7 -  7) =      3.97156  eV     1   --> B_2  D_4  S_4  
     e(  8 -  8) =      3.98452  eV     1   --> A_1  D_1  S_1  
     e(  9 -  9) =      4.54224  eV     1   --> A_2  D_2  S_2  
     e( 10 - 10) =      4.61351  eV     1   --> B_1  D_3  S_3  
     e( 11 - 11) =     14.91266  eV     1   --> B_1  D_3  S_3  
     e( 12 - 12) =     15.43687  eV     1   --> A_1  D_1  S_1  
     e( 13 - 13) =     20.40037  eV     1   --> A_1  D_1  S_1  
     e( 14 - 14) =     20.91927  eV     1   --> B_1  D_3  S_3  

 **************************************************************************

 **************************************************************************

                    xk=(   0.50000,   0.28868,   0.22815  )

     Band symmetry, C_2v (mm2)  point group:

     e(  1 -  1) =    -90.49832  eV     1   --> B_1  D_3  S_3  
     e(  2 -  2) =    -90.49800  eV     1   --> A_1  D_1  S_1  
     e(  3 -  3) =    -10.61231  eV     1   --> B_1  D_3  S_3  
     e(  4 -  4) =    -10.41367  eV     1   --> A_1  D_1  S_1  
     e(  5 -  5) =      0.45358  eV     1   --> A_1  D_1  S_1  
     e(  6 -  6) =      1.01893  eV     1   --> B_1  D_3  S_3  
     e(  7 -  7) =      3.90583  eV     1   --> A_1  D_1  S_1  
     e(  8 -  8) =      3.92917  eV     1   --> B_2  D_4  S_4  
     e(  9 -  9) =      4.59037  eV     1   --> A_2  D_2  S_2  
     e( 10 - 10) =      4.62752  eV     1   --> B_1  D_3  S_3  
     e( 11 - 11) =     14.91306  eV     1   --> B_1  D_3  S_3  
     e( 12 - 12) =     15.50447  eV     1   --> A_1  D_1  S_1  
     e( 13 - 13) =     20.39100  eV     1   --> A_1  D_1  S_1  
     e( 14 - 14) =     20.95427  eV     1   --> B_1  D_3  S_3  

 **************************************************************************

 **************************************************************************

                    xk=(   0.50000,   0.28868,   0.21674  )

     Band symmetry, C_2v (mm2)  point group:

     e(  1 -  1) =    -90.49834  eV     1   --> B_1  D_3  S_3  
     e(  2 -  2) =    -90.49798  eV     1   --> A_1  D_1  S_1  
     e(  3 -  3) =    -10.62530  eV     1   --> B_1  D_3  S_3  
     e(  4 -  4) =    -10.40025  eV     1   --> A_1  D_1  S_1  
     e(  5 -  5) =      0.43615  eV     1   --> A_1  D_1  S_1  
     e(  6 -  6) =      1.07958  eV     1   --> B_1  D_3  S_3  
     e(  7 -  7) =      3.82553  eV     1   --> A_1  D_1  S_1  
     e(  8 -  8) =      3.88818  eV     1   --> B_2  D_4  S_4  
     e(  9 -  9) =      4.63473  eV     1   --> B_1  D_3  S_3  
     e( 10 - 10) =      4.63779  eV     1   --> A_2  D_2  S_2  
     e( 11 - 11) =     14.92195  eV     1   --> B_1  D_3  S_3  
     e( 12 - 12) =     15.57195  eV     1   --> A_1  D_1  S_1  
     e( 13 - 13) =     20.38903  eV     1   --> A_1  D_1  S_1  
     e( 14 - 14) =     20.97149  eV     1   --> B_1  D_3  S_3  

 **************************************************************************

 **************************************************************************

                    xk=(   0.50000,   0.28868,   0.20533  )

     Band symmetry, C_2v (mm2)  point group:

     e(  1 -  1) =    -90.49836  eV     1   --> B_1  D_3  S_3  
     e(  2 -  2) =    -90.49796  eV     1   --> A_1  D_1  S_1  
     e(  3 -  3) =    -10.63790  eV     1   --> B_1  D_3  S_3  
     e(  4 -  4) =    -10.38719  eV     1   --> A_1  D_1  S_1  
     e(  5 -  5) =      0.42174  eV     1   --> A_1  D_1  S_1  
     e(  6 -  6) =      1.14215  eV     1   --> B_1  D_3  S_3  
     e(  7 -  7) =      3.74420  eV     1   --> A_1  D_1  S_1  
     e(  8 -  8) =      3.84868  eV     1   --> B_2  D_4  S_4  
     e(  9 -  9) =      4.63525  eV     1   --> B_1  D_3  S_3  
     e( 10 - 10) =      4.68430  eV     1   --> A_2  D_2  S_2  
     e( 11 - 11) =     14.93931  eV     1   --> B_1  D_3  S_3  
     e( 12 - 12) =     15.63853  eV     1   --> A_1  D_1  S_1  
     e( 13 - 13) =     20.39448  eV     1   --> A_1  D_1  S_1  
     e( 14 - 14) =     20.96504  eV     1   --> B_1  D_3  S_3  

 **************************************************************************

 **************************************************************************

                    xk=(   0.50000,   0.28868,   0.19393  )

     Band symmetry, C_2v (mm2)  point group:

     e(  1 -  1) =    -90.49838  eV     1   --> B_1  D_3  S_3  
     e(  2 -  2) =    -90.49794  eV     1   --> A_1  D_1  S_1  
     e(  3 -  3) =    -10.65006  eV     1   --> B_1  D_3  S_3  
     e(  4 -  4) =    -10.37454  eV     1   --> A_1  D_1  S_1  
     e(  5 -  5) =      0.41023  eV     1   --> A_1  D_1  S_1  
     e(  6 -  6) =      1.20638  eV     1   --> B_1  D_3  S_3  
     e(  7 -  7) =      3.66241  eV     1   --> A_1  D_1  S_1  
     e(  8 -  8) =      3.81079  eV     1   --> B_2  D_4  S_4  
     e(  9 -  9) =      4.62928  eV     1   --> B_1  D_3  S_3  
     e( 10 - 10) =      4.72973  eV     1   --> A_2  D_2  S_2  
     e( 11 - 11) =     14.96498  eV     1   --> B_1  D_3  S_3  
     e( 12 - 12) =     15.70350  eV     1   --> A_1  D_1  S_1  
     e( 13 - 13) =     20.40723  eV     1   --> A_1  D_1  S_1  
     e( 14 - 14) =     20.93116  eV     1   --> B_1  D_3  S_3  

 **************************************************************************

 **************************************************************************

                    xk=(   0.50000,   0.28868,   0.18252  )

     Band symmetry, C_2v (mm2)  point group:

     e(  1 -  1) =    -90.49840  eV     1   --> B_1  D_3  S_3  
     e(  2 -  2) =    -90.49792  eV     1   --> A_1  D_1  S_1  
     e(  3 -  3) =    -10.66173  eV     1   --> B_1  D_3  S_3  
     e(  4 -  4) =    -10.36235  eV     1   --> A_1  D_1  S_1  
     e(  5 -  5) =      0.40153  eV     1   --> A_1  D_1  S_1  
     e(  6 -  6) =      1.27200  eV     1   --> B_1  D_3  S_3  
     e(  7 -  7) =      3.58074  eV     1   --> A_1  D_1  S_1  
     e(  8 -  8) =      3.77458  eV     1   --> B_2  D_4  S_4  
     e(  9 -  9) =      4.61711  eV     1   --> B_1  D_3  S_3  
     e( 10 - 10) =      4.77387  eV     1   --> A_2  D_2  S_2  
     e( 11 - 11) =     14.99864  eV     1   --> B_1  D_3  S_3  
     e( 12 - 12) =     15.76620  eV     1   --> A_1  D_1  S_1  
     e( 13 - 13) =     20.42705  eV     1   --> A_1  D_1  S_1  
     e( 14 - 14) =     20.86991  eV     1   --> B_1  D_3  S_3  

 **************************************************************************

 **************************************************************************

                    xk=(   0.50000,   0.28868,   0.17111  )

     Band symmetry, C_2v (mm2)  point group:

     e(  1 -  1) =    -90.49842  eV     1   --> B_1  D_3  S_3  
     e(  2 -  2) =    -90.49790  eV     1   --> A_1  D_1  S_1  
     e(  3 -  3) =    -10.67288  eV     1   --> B_1  D_3  S_3  
     e(  4 -  4) =    -10.35066  eV     1   --> A_1  D_1  S_1  
     e(  5 -  5) =      0.39547  eV     1   --> A_1  D_1  S_1  
     e(  6 -  6) =      1.33870  eV     1   --> B_1  D_3  S_3  
     e(  7 -  7) =      3.49976  eV     1   --> A_1  D_1  S_1  
     e(  8 -  8) =      3.74015  eV     1   --> B_2  D_4  S_4  
     e(  9 -  9) =      4.59913  eV     1   --> B_1  D_3  S_3  
     e( 10 - 10) =      4.81654  eV     1   --> A_2  D_2  S_2  
     e( 11 - 11) =     15.03988  eV     1   --> B_1  D_3  S_3  
     e( 12 - 12) =     15.82607  eV     1   --> A_1  D_1  S_1  
     e( 13 - 13) =     20.45356  eV     1   --> A_1  D_1  S_1  
     e( 14 - 14) =     20.78491  eV     1   --> B_1  D_3  S_3  

 **************************************************************************

 **************************************************************************

                    xk=(   0.50000,   0.28868,   0.15970  )

     Band symmetry, C_2v (mm2)  point group:

     e(  1 -  1) =    -90.49844  eV     1   --> B_1  D_3  S_3  
     e(  2 -  2) =    -90.49788  eV     1   --> A_1  D_1  S_1  
     e(  3 -  3) =    -10.68349  eV     1   --> B_1  D_3  S_3  
     e(  4 -  4) =    -10.33951  eV     1   --> A_1  D_1  S_1  
     e(  5 -  5) =      0.39190  eV     1   --> A_1  D_1  S_1  
     e(  6 -  6) =      1.40610  eV     1   --> B_1  D_3  S_3  
     e(  7 -  7) =      3.42005  eV     1   --> A_1  D_1  S_1  
     e(  8 -  8) =      3.70758  eV     1   --> B_2  D_4  S_4  
     e(  9 -  9) =      4.57583  eV     1   --> B_1  D_3  S_3  
     e( 10 - 10) =      4.85755  eV     1   --> A_2  D_2  S_2  
     e( 11 - 11) =     15.08813  eV     1   --> B_1  D_3  S_3  
     e( 12 - 12) =     15.88264  eV     1   --> A_1  D_1  S_1  
     e( 13 - 13) =     20.48624  eV     1   --> A_1  D_1  S_1  
     e( 14 - 14) =     20.68150  eV     1   --> B_1  D_3  S_3  

 **************************************************************************

 **************************************************************************

                    xk=(   0.50000,   0.28868,   0.14830  )

     Band symmetry, C_2v (mm2)  point group:

     e(  1 -  1) =    -90.49845  eV     1   --> B_1  D_3  S_3  
     e(  2 -  2) =    -90.49786  eV     1   --> A_1  D_1  S_1  
     e(  3 -  3) =    -10.69350  eV     1   --> B_1  D_3  S_3  
     e(  4 -  4) =    -10.32894  eV     1   --> A_1  D_1  S_1  
     e(  5 -  5) =      0.39060  eV     1   --> A_1  D_1  S_1  
     e(  6 -  6) =      1.47380  eV     1   --> B_1  D_3  S_3  
     e(  7 -  7) =      3.34219  eV     1   --> A_1  D_1  S_1  
     e(  8 -  8) =      3.67693  eV     1   --> B_2  D_4  S_4  
     e(  9 -  9) =      4.54775  eV     1   --> B_1  D_3  S_3  
     e( 10 - 10) =      4.89671  eV     1   --> A_2  D_2  S_2  
     e( 11 - 11) =     15.14267  eV     1   --> B_1  D_3  S_3  
     e( 12 - 12) =     15.93552  eV     1   --> A_1  D_1  S_1  
     e( 13 - 13) =     20.52441  eV     1   --> A_1  D_1  S_1  
     e( 14 - 14) =     20.56512  eV     1   --> B_1  D_3  S_3  

 **************************************************************************

 **************************************************************************

                    xk=(   0.50000,   0.28868,   0.13689  )

     Band symmetry, C_2v (mm2)  point group:

     e(  1 -  1) =    -90.49847  eV     1   --> B_1  D_3  S_3  
     e(  2 -  2) =    -90.49785  eV     1   --> A_1  D_1  S_1  
     e(  3 -  3) =    -10.70291  eV     1   --> B_1  D_3  S_3  
     e(  4 -  4) =    -10.31900  eV     1   --> A_1  D_1  S_1  
     e(  5 -  5) =      0.39136  eV     1   --> A_1  D_1  S_1  
     e(  6 -  6) =      1.54133  eV     1   --> B_1  D_3  S_3  
     e(  7 -  7) =      3.26676  eV     1   --> A_1  D_1  S_1  
     e(  8 -  8) =      3.64829  eV     1   --> B_2  D_4  S_4  
     e(  9 -  9) =      4.51559  eV     1   --> B_1  D_3  S_3  
     e( 10 - 10) =      4.93383  eV     1   --> A_2  D_2  S_2  
     e( 11 - 11) =     15.20268  eV     1   --> B_1  D_3  S_3  
     e( 12 - 12) =     15.98446  eV     1   --> A_1  D_1  S_1  
     e( 13 - 13) =     20.44046  eV     1   --> B_1  D_3  S_3  
     e( 14 - 14) =     20.56725  eV     1   --> A_1  D_1  S_1  

 **************************************************************************

 **************************************************************************

                    xk=(   0.50000,   0.28868,   0.12548  )

     Band symmetry, C_2v (mm2)  point group:

     e(  1 -  1) =    -90.49848  eV     1   --> B_1  D_3  S_3  
     e(  2 -  2) =    -90.49783  eV     1   --> A_1  D_1  S_1  
     e(  3 -  3) =    -10.71166  eV     1   --> B_1  D_3  S_3  
     e(  4 -  4) =    -10.30971  eV     1   --> A_1  D_1  S_1  
     e(  5 -  5) =      0.39390  eV     1   --> A_1  D_1  S_1  
     e(  6 -  6) =      1.60817  eV     1   --> B_1  D_3  S_3  
     e(  7 -  7) =      3.19434  eV     1   --> A_1  D_1  S_1  
     e(  8 -  8) =      3.62172  eV     1   --> B_2  D_4  S_4  
     e(  9 -  9) =      4.48007  eV     1   --> B_1  D_3  S_3  
     e( 10 - 10) =      4.96874  eV     1   --> A_2  D_2  S_2  
     e( 11 - 11) =     15.26713  eV     1   --> B_1  D_3  S_3  
     e( 12 - 12) =     16.02925  eV     1   --> A_1  D_1  S_1  
     e( 13 - 13) =     20.31139  eV     1   --> B_1  D_3  S_3  
     e( 14 - 14) =     20.61378  eV     1   --> A_1  D_1  S_1  

 **************************************************************************

 **************************************************************************

                    xk=(   0.50000,   0.28868,   0.11407  )

     Band symmetry, C_2v (mm2)  point group:

     e(  1 -  1) =    -90.49850  eV     1   --> B_1  D_3  S_3  
     e(  2 -  2) =    -90.49782  eV     1   --> A_1  D_1  S_1  
     e(  3 -  3) =    -10.71974  eV     1   --> B_1  D_3  S_3  
     e(  4 -  4) =    -10.30111  eV     1   --> A_1  D_1  S_1  
     e(  5 -  5) =      0.39795  eV     1   --> A_1  D_1  S_1  
     e(  6 -  6) =      1.67370  eV     1   --> B_1  D_3  S_3  
     e(  7 -  7) =      3.12553  eV     1   --> A_1  D_1  S_1  
     e(  8 -  8) =      3.59726  eV     1   --> B_2  D_4  S_4  
     e(  9 -  9) =      4.44206  eV     1   --> B_1  D_3  S_3  
     e( 10 - 10) =      5.00127  eV     1   --> A_2  D_2  S_2  
     e( 11 - 11) =     15.33487  eV     1   --> B_1  D_3  S_3  
     e( 12 - 12) =     16.06980  eV     1   --> A_1  D_1  S_1  
     e( 13 - 13) =     20.18114  eV     1   --> B_1  D_3  S_3  
     e( 14 - 14) =     20.66289  eV     1   --> A_1  D_1  S_1  

 **************************************************************************

 **************************************************************************

                    xk=(   0.50000,   0.28868,   0.10267  )

     Band symmetry, C_2v (mm2)  point group:

     e(  1 -  1) =    -90.49851  eV     1   --> B_1  D_3  S_3  
     e(  2 -  2) =    -90.49781  eV     1   --> A_1  D_1  S_1  
     e(  3 -  3) =    -10.72713  eV     1   --> B_1  D_3  S_3  
     e(  4 -  4) =    -10.29324  eV     1   --> A_1  D_1  S_1  
     e(  5 -  5) =      0.40318  eV     1   --> A_1  D_1  S_1  
     e(  6 -  6) =      1.73724  eV     1   --> B_1  D_3  S_3  
     e(  7 -  7) =      3.06089  eV     1   --> A_1  D_1  S_1  
     e(  8 -  8) =      3.57498  eV     1   --> B_2  D_4  S_4  
     e(  9 -  9) =      4.40248  eV     1   --> B_1  D_3  S_3  
     e( 10 - 10) =      5.03125  eV     1   --> A_2  D_2  S_2  
     e( 11 - 11) =     15.40457  eV     1   --> B_1  D_3  S_3  
     e( 12 - 12) =     16.10609  eV     1   --> A_1  D_1  S_1  
     e( 13 - 13) =     20.05250  eV     1   --> B_1  D_3  S_3  
     e( 14 - 14) =     20.71336  eV     1   --> A_1  D_1  S_1  

 **************************************************************************

 **************************************************************************

                    xk=(   0.50000,   0.28868,   0.09126  )

     Band symmetry, C_2v (mm2)  point group:

     e(  1 -  1) =    -90.49852  eV     1   --> B_1  D_3  S_3  
     e(  2 -  2) =    -90.49780  eV     1   --> A_1  D_1  S_1  
     e(  3 -  3) =    -10.73380  eV     1   --> B_1  D_3  S_3  
     e(  4 -  4) =    -10.28612  eV     1   --> A_1  D_1  S_1  
     e(  5 -  5) =      0.40926  eV     1   --> A_1  D_1  S_1  
     e(  6 -  6) =      1.79802  eV     1   --> B_1  D_3  S_3  
     e(  7 -  7) =      3.00103  eV     1   --> A_1  D_1  S_1  
     e(  8 -  8) =      3.55492  eV     1   --> B_2  D_4  S_4  
     e(  9 -  9) =      4.36234  eV     1   --> B_1  D_3  S_3  
     e( 10 - 10) =      5.05852  eV     1   --> A_2  D_2  S_2  
     e( 11 - 11) =     15.47473  eV     1   --> B_1  D_3  S_3  
     e( 12 - 12) =     16.13813  eV     1   --> A_1  D_1  S_1  
     e( 13 - 13) =     19.92800  eV     1   --> B_1  D_3  S_3  
     e( 14 - 14) =     20.76385  eV     1   --> A_1  D_1  S_1  

 **************************************************************************

 **************************************************************************

                    xk=(   0.50000,   0.28868,   0.07985  )

     Band symmetry, C_2v (mm2)  point group:

     e(  1 -  1) =    -90.49853  eV     1   --> B_1  D_3  S_3  
     e(  2 -  2) =    -90.49779  eV     1   --> A_1  D_1  S_1  
     e(  3 -  3) =    -10.73974  eV     1   --> B_1  D_3  S_3  
     e(  4 -  4) =    -10.27977  eV     1   --> A_1  D_1  S_1  
     e(  5 -  5) =      0.41582  eV     1   --> A_1  D_1  S_1  
     e(  6 -  6) =      1.85518  eV     1   --> B_1  D_3  S_3  
     e(  7 -  7) =      2.94651  eV     1   --> A_1  D_1  S_1  
     e(  8 -  8) =      3.53712  eV     1   --> B_2  D_4  S_4  
     e(  9 -  9) =      4.32276  eV     1   --> B_1  D_3  S_3  
     e( 10 - 10) =      5.08295  eV     1   --> A_2  D_2  S_2  
     e( 11 - 11) =     15.54365  eV     1   --> B_1  D_3  S_3  
     e( 12 - 12) =     16.16601  eV     1   --> A_1  D_1  S_1  
     e( 13 - 13) =     19.81006  eV     1   --> B_1  D_3  S_3  
     e( 14 - 14) =     20.81298  eV     1   --> A_1  D_1  S_1  

 **************************************************************************

 **************************************************************************

                    xk=(   0.50000,   0.28868,   0.06844  )

     Band symmetry, C_2v (mm2)  point group:

     e(  1 -  1) =    -90.49854  eV     1   --> B_1  D_3  S_3  
     e(  2 -  2) =    -90.49778  eV     1   --> A_1  D_1  S_1  
     e(  3 -  3) =    -10.74492  eV     1   --> B_1  D_3  S_3  
     e(  4 -  4) =    -10.27422  eV     1   --> A_1  D_1  S_1  
     e(  5 -  5) =      0.42250  eV     1   --> A_1  D_1  S_1  
     e(  6 -  6) =      1.90777  eV     1   --> B_1  D_3  S_3  
     e(  7 -  7) =      2.89788  eV     1   --> A_1  D_1  S_1  
     e(  8 -  8) =      3.52162  eV     1   --> B_2  D_4  S_4  
     e(  9 -  9) =      4.28490  eV     1   --> B_1  D_3  S_3  
     e( 10 - 10) =      5.10440  eV     1   --> A_2  D_2  S_2  
     e( 11 - 11) =     15.60948  eV     1   --> B_1  D_3  S_3  
     e( 12 - 12) =     16.18982  eV     1   --> A_1  D_1  S_1  
     e( 13 - 13) =     19.70106  eV     1   --> B_1  D_3  S_3  
     e( 14 - 14) =     20.85933  eV     1   --> A_1  D_1  S_1  

 **************************************************************************

 **************************************************************************

                    xk=(   0.50000,   0.28868,   0.05704  )

     Band symmetry, C_2v (mm2)  point group:

     e(  1 -  1) =    -90.49855  eV     1   --> B_1  D_3  S_3  
     e(  2 -  2) =    -90.49777  eV     1   --> A_1  D_1  S_1  
     e(  3 -  3) =    -10.74932  eV     1   --> B_1  D_3  S_3  
     e(  4 -  4) =    -10.26949  eV     1   --> A_1  D_1  S_1  
     e(  5 -  5) =      0.42894  eV     1   --> A_1  D_1  S_1  
     e(  6 -  6) =      1.95477  eV     1   --> B_1  D_3  S_3  
     e(  7 -  7) =      2.85568  eV     1   --> A_1  D_1  S_1  
     e(  8 -  8) =      3.50845  eV     1   --> B_2  D_4  S_4  
     e(  9 -  9) =      4.24998  eV     1   --> B_1  D_3  S_3  
     e( 10 - 10) =      5.12276  eV     1   --> A_2  D_2  S_2  
     e( 11 - 11) =     15.67022  eV     1   --> B_1  D_3  S_3  
     e( 12 - 12) =     16.20970  eV     1   --> A_1  D_1  S_1  
     e( 13 - 13) =     19.60334  eV     1   --> B_1  D_3  S_3  
     e( 14 - 14) =     20.90150  eV     1   --> A_1  D_1  S_1  

 **************************************************************************

 **************************************************************************

                    xk=(   0.50000,   0.28868,   0.04563  )

     Band symmetry, C_2v (mm2)  point group:

     e(  1 -  1) =    -90.49855  eV     1   --> B_1  D_3  S_3  
     e(  2 -  2) =    -90.49776  eV     1   --> A_1  D_1  S_1  
     e(  3 -  3) =    -10.75295  eV     1   --> B_1  D_3  S_3  
     e(  4 -  4) =    -10.26559  eV     1   --> A_1  D_1  S_1  
     e(  5 -  5) =      0.43477  eV     1   --> A_1  D_1  S_1  
     e(  6 -  6) =      1.99515  eV     1   --> B_1  D_3  S_3  
     e(  7 -  7) =      2.82040  eV     1   --> A_1  D_1  S_1  
     e(  8 -  8) =      3.49764  eV     1   --> B_2  D_4  S_4  
     e(  9 -  9) =      4.21923  eV     1   --> B_1  D_3  S_3  
     e( 10 - 10) =      5.13792  eV     1   --> A_2  D_2  S_2  
     e( 11 - 11) =     15.72381  eV     1   --> B_1  D_3  S_3  
     e( 12 - 12) =     16.22576  eV     1   --> A_1  D_1  S_1  
     e( 13 - 13) =     19.51924  eV     1   --> B_1  D_3  S_3  
     e( 14 - 14) =     20.93815  eV     1   --> A_1  D_1  S_1  

 **************************************************************************

 **************************************************************************

                    xk=(   0.50000,   0.28868,   0.03422  )

     Band symmetry, C_2v (mm2)  point group:

     e(  1 -  1) =    -90.49856  eV     1   --> B_1  D_3  S_3  
     e(  2 -  2) =    -90.49776  eV     1   --> A_1  D_1  S_1  
     e(  3 -  3) =    -10.75578  eV     1   --> B_1  D_3  S_3  
     e(  4 -  4) =    -10.26255  eV     1   --> A_1  D_1  S_1  
     e(  5 -  5) =      0.43969  eV     1   --> A_1  D_1  S_1  
     e(  6 -  6) =      2.02788  eV     1   --> B_1  D_3  S_3  
     e(  7 -  7) =      2.79247  eV     1   --> A_1  D_1  S_1  
     e(  8 -  8) =      3.48921  eV     1   --> B_2  D_4  S_4  
     e(  9 -  9) =      4.19382  eV     1   --> B_1  D_3  S_3  
     e( 10 - 10) =      5.14980  eV     1   --> A_2  D_2  S_2  
     e( 11 - 11) =     15.76817  eV     1   --> B_1  D_3  S_3  
     e( 12 - 12) =     16.23811  eV     1   --> A_1  D_1  S_1  
     e( 13 - 13) =     19.45099  eV     1   --> B_1  D_3  S_3  
     e( 14 - 14) =     20.96807  eV     1   --> A_1  D_1  S_1  

 **************************************************************************

 **************************************************************************

                    xk=(   0.50000,   0.28868,   0.02281  )

     Band symmetry, C_2v (mm2)  point group:

     e(  1 -  1) =    -90.49856  eV     1   --> B_1  D_3  S_3  
     e(  2 -  2) =    -90.49776  eV     1   --> A_1  D_1  S_1  
     e(  3 -  3) =    -10.75780  eV     1   --> B_1  D_3  S_3  
     e(  4 -  4) =    -10.26037  eV     1   --> A_1  D_1  S_1  
     e(  5 -  5) =      0.44341  eV     1   --> A_1  D_1  S_1  
     e(  6 -  6) =      2.05203  eV     1   --> B_1  D_3  S_3  
     e(  7 -  7) =      2.77224  eV     1   --> A_1  D_1  S_1  
     e(  8 -  8) =      3.48318  eV     1   --> B_2  D_4  S_4  
     e(  9 -  9) =      4.17481  eV     1   --> B_1  D_3  S_3  
     e( 10 - 10) =      5.15833  eV     1   --> A_2  D_2  S_2  
     e( 11 - 11) =     15.80144  eV     1   --> B_1  D_3  S_3  
     e( 12 - 12) =     16.24686  eV     1   --> A_1  D_1  S_1  
     e( 13 - 13) =     19.40058  eV     1   --> B_1  D_3  S_3  
     e( 14 - 14) =     20.99023  eV     1   --> A_1  D_1  S_1  

 **************************************************************************

 **************************************************************************

                    xk=(   0.50000,   0.28868,   0.01141  )

     Band symmetry, C_2v (mm2)  point group:

     e(  1 -  1) =    -90.49856  eV     1   --> B_1  D_3  S_3  
     e(  2 -  2) =    -90.49775  eV     1   --> A_1  D_1  S_1  
     e(  3 -  3) =    -10.75902  eV     1   --> B_1  D_3  S_3  
     e(  4 -  4) =    -10.25906  eV     1   --> A_1  D_1  S_1  
     e(  5 -  5) =      0.44574  eV     1   --> A_1  D_1  S_1  
     e(  6 -  6) =      2.06685  eV     1   --> B_1  D_3  S_3  
     e(  7 -  7) =      2.75999  eV     1   --> A_1  D_1  S_1  
     e(  8 -  8) =      3.47955  eV     1   --> B_2  D_4  S_4  
     e(  9 -  9) =      4.16304  eV     1   --> B_1  D_3  S_3  
     e( 10 - 10) =      5.16347  eV     1   --> A_2  D_2  S_2  
     e( 11 - 11) =     15.82208  eV     1   --> B_1  D_3  S_3  
     e( 12 - 12) =     16.25207  eV     1   --> A_1  D_1  S_1  
     e( 13 - 13) =     19.36964  eV     1   --> B_1  D_3  S_3  
     e( 14 - 14) =     21.00385  eV     1   --> A_1  D_1  S_1  

 **************************************************************************

 **************************************************************************

                    xk=(   0.50000,   0.28868,   0.00000  )

     Band symmetry, C_2v (mm2)  point group:

     e(  1 -  1) =    -90.49857  eV     1   --> B_1  D_3  S_3  
     e(  2 -  2) =    -90.49775  eV     1   --> A_1  D_1  S_1  
     e(  3 -  3) =    -10.75943  eV     1   --> B_1  D_3  S_3  
     e(  4 -  4) =    -10.25862  eV     1   --> A_1  D_1  S_1  
     e(  5 -  5) =      0.44652  eV     1   --> A_1  D_1  S_1  
     e(  6 -  6) =      2.07185  eV     1   --> B_1  D_3  S_3  
     e(  7 -  7) =      2.75589  eV     1   --> A_1  D_1  S_1  
     e(  8 -  8) =      3.47835  eV     1   --> B_2  D_4  S_4  
     e(  9 -  9) =      4.15905  eV     1   --> B_1  D_3  S_3  
     e( 10 - 10) =      5.16519  eV     1   --> A_2  D_2  S_2  
     e( 11 - 11) =     15.82908  eV     1   --> B_1  D_3  S_3  
     e( 12 - 12) =     16.25381  eV     1   --> A_1  D_1  S_1  
     e( 13 - 13) =     19.35920  eV     1   --> B_1  D_3  S_3  
     e( 14 - 14) =     21.00845  eV     1   --> A_1  D_1  S_1  

 **************************************************************************

 **************************************************************************

                    xk=(   0.33333,   0.57735,   0.30800  )

     point group C_3v (3m)  
     there are  3 classes
     the character table:

       E     2C3   3s_v 
A_1    1.00  1.00  1.00
A_2    1.00  1.00 -1.00
E      2.00 -1.00  0.00

     the symmetry operations in each class and the name of the first element:

     E        1
                                                                 
     2C3      2    3
                                                                 
     3s_v     4    6    5
                                                                 

     Band symmetry, C_3v (3m)   point group:

     e(  1 -  2) =    -90.49796  eV     2   --> E    L_3       
     e(  3 -  4) =    -10.34438  eV     2   --> E    L_3       
     e(  5 -  6) =      1.73801  eV     2   --> A_1  L_1       
     e(  5 -  6) =      1.73801  eV     2   --> A_2  L_2       
     e(  7 -  8) =      1.75584  eV     2   --> E    L_3       
     e(  9 - 10) =      4.83018  eV     2   --> E    L_3       
     e( 11 - 12) =     17.65666  eV     2   --> A_1  L_1       
     e( 11 - 12) =     17.65666  eV     2   --> A_2  L_2       
     e( 13 - 14) =     18.08519  eV     2   --> E    L_3       

 **************************************************************************

 **************************************************************************

                    xk=(   0.33333,   0.57735,   0.29659  )

     Band symmetry, C_3v (3m)   point group:

     e(  1 -  2) =    -90.49796  eV     2   --> E    L_3       
     e(  3 -  4) =    -10.34439  eV     2   --> E    L_3       
     e(  5 -  5) =      1.66495  eV     1   --> A_1  L_1       
     e(  6 -  7) =      1.75748  eV     2   --> E    L_3       
     e(  8 -  8) =      1.81229  eV     1   --> A_2  L_2       
     e(  9 - 10) =      4.82715  eV     2   --> E    L_3       
     e( 11 - 11) =     17.55041  eV     1   --> A_2  L_2       
     e( 12 - 12) =     17.75842  eV     1   --> A_1  L_1       
     e( 13 - 14) =     18.09094  eV     2   --> E    L_3       

 **************************************************************************

 **************************************************************************

                    xk=(   0.33333,   0.57735,   0.28518  )

     Band symmetry, C_3v (3m)   point group:

     e(  1 -  2) =    -90.49796  eV     2   --> E    L_3       
     e(  3 -  4) =    -10.34441  eV     2   --> E    L_3       
     e(  5 -  5) =      1.59331  eV     1   --> A_1  L_1       
     e(  6 -  7) =      1.76241  eV     2   --> E    L_3       
     e(  8 -  8) =      1.88760  eV     1   --> A_2  L_2       
     e(  9 - 10) =      4.81806  eV     2   --> E    L_3       
     e( 11 - 11) =     17.44004  eV     1   --> A_2  L_2       
     e( 12 - 12) =     17.85538  eV     1   --> A_1  L_1       
     e( 13 - 14) =     18.10813  eV     2   --> E    L_3       

 **************************************************************************

 **************************************************************************

                    xk=(   0.33333,   0.57735,   0.27378  )

     Band symmetry, C_3v (3m)   point group:

     e(  1 -  2) =    -90.49796  eV     2   --> E    L_3       
     e(  3 -  4) =    -10.34445  eV     2   --> E    L_3       
     e(  5 -  5) =      1.52326  eV     1   --> A_1  L_1       
     e(  6 -  7) =      1.77061  eV     2   --> E    L_3       
     e(  8 -  8) =      1.96370  eV     1   --> A_2  L_2       
     e(  9 - 10) =      4.80301  eV     2   --> E    L_3       
     e( 11 - 11) =     17.32602  eV     1   --> A_2  L_2       
     e( 12 - 12) =     17.94730  eV     1   --> A_1  L_1       
     e( 13 - 14) =     18.13666  eV     2   --> E    L_3       

 **************************************************************************

 **************************************************************************

                    xk=(   0.33333,   0.57735,   0.26237  )

     Band symmetry, C_3v (3m)   point group:

     e(  1 -  2) =    -90.49796  eV     2   --> E    L_3       
     e(  3 -  4) =    -10.34450  eV     2   --> E    L_3       
     e(  5 -  5) =      1.45498  eV     1   --> A_1  L_1       
     e(  6 -  7) =      1.78205  eV     2   --> E    L_3       
     e(  8 -  8) =      2.04036  eV     1   --> A_2  L_2       
     e(  9 - 10) =      4.78213  eV     2   --> E    L_3       
     e( 11 - 11) =     17.20885  eV     1   --> A_2  L_2       
     e( 12 - 12) =     18.03402  eV     1   --> A_1  L_1       
     e( 13 - 14) =     18.17634  eV     2   --> E    L_3       

 **************************************************************************

 **************************************************************************

                    xk=(   0.33333,   0.57735,   0.25096  )

     Band symmetry, C_3v (3m)   point group:

     e(  1 -  2) =    -90.49796  eV     2   --> E    L_3       
     e(  3 -  4) =    -10.34456  eV     2   --> E    L_3       
     e(  5 -  5) =      1.38862  eV     1   --> A_1  L_1       
     e(  6 -  7) =      1.79668  eV     2   --> E    L_3       
     e(  8 -  8) =      2.11734  eV     1   --> A_2  L_2       
     e(  9 - 10) =      4.75563  eV     2   --> E    L_3       
     e( 11 - 11) =     17.08911  eV     1   --> A_2  L_2       
     e( 12 - 12) =     18.11543  eV     1   --> A_1  L_1       
     e( 13 - 14) =     18.22689  eV     2   --> E    L_3       

 **************************************************************************

 **************************************************************************

                    xk=(   0.33333,   0.57735,   0.23956  )

     Band symmetry, C_3v (3m)   point group:

     e(  1 -  2) =    -90.49796  eV     2   --> E    L_3       
     e(  3 -  4) =    -10.34463  eV     2   --> E    L_3       
     e(  5 -  5) =      1.32433  eV     1   --> A_1  L_1       
     e(  6 -  7) =      1.81445  eV     2   --> E    L_3       
     e(  8 -  8) =      2.19437  eV     1   --> A_2  L_2       
     e(  9 - 10) =      4.72375  eV     2   --> E    L_3       
     e( 11 - 11) =     16.96742  eV     1   --> A_2  L_2       
     e( 12 - 12) =     18.19151  eV     1   --> A_1  L_1       
     e( 13 - 14) =     18.28798  eV     2   --> E    L_3       

 **************************************************************************

 **************************************************************************

                    xk=(   0.33333,   0.57735,   0.22815  )

     Band symmetry, C_3v (3m)   point group:

     e(  1 -  2) =    -90.49796  eV     2   --> E    L_3       
     e(  3 -  4) =    -10.34472  eV     2   --> E    L_3       
     e(  5 -  5) =      1.26225  eV     1   --> A_1  L_1       
     e(  6 -  7) =      1.83531  eV     2   --> E    L_3       
     e(  8 -  8) =      2.27118  eV     1   --> A_2  L_2       
     e(  9 - 10) =      4.68678  eV     2   --> E    L_3       
     e( 11 - 11) =     16.84444  eV     1   --> A_2  L_2       
     e( 12 - 12) =     18.26227  eV     1   --> A_1  L_1       
     e( 13 - 14) =     18.35920  eV     2   --> E    L_3       

 **************************************************************************

 **************************************************************************

                    xk=(   0.33333,   0.57735,   0.21674  )

     Band symmetry, C_3v (3m)   point group:

     e(  1 -  2) =    -90.49796  eV     2   --> E    L_3       
     e(  3 -  4) =    -10.34482  eV     2   --> E    L_3       
     e(  5 -  5) =      1.20249  eV     1   --> A_1  L_1       
     e(  6 -  7) =      1.85915  eV     2   --> E    L_3       
     e(  8 -  8) =      2.34746  eV     1   --> A_2  L_2       
     e(  9 - 10) =      4.64505  eV     2   --> E    L_3       
     e( 11 - 11) =     16.72089  eV     1   --> A_2  L_2       
     e( 12 - 12) =     18.32780  eV     1   --> A_1  L_1       
     e( 13 - 14) =     18.44007  eV     2   --> E    L_3       

 **************************************************************************

 **************************************************************************

                    xk=(   0.33333,   0.57735,   0.20533  )

     Band symmetry, C_3v (3m)   point group:

     e(  1 -  2) =    -90.49796  eV     2   --> E    L_3       
     e(  3 -  4) =    -10.34492  eV     2   --> E    L_3       
     e(  5 -  5) =      1.14517  eV     1   --> A_1  L_1       
     e(  6 -  7) =      1.88588  eV     2   --> E    L_3       
     e(  8 -  8) =      2.42292  eV     1   --> A_2  L_2       
     e(  9 - 10) =      4.59894  eV     2   --> E    L_3       
     e( 11 - 11) =     16.59749  eV     1   --> A_2  L_2       
     e( 12 - 12) =     18.38821  eV     1   --> A_1  L_1       
     e( 13 - 14) =     18.53004  eV     2   --> E    L_3       

 **************************************************************************

 **************************************************************************

                    xk=(   0.33333,   0.57735,   0.19393  )

     Band symmetry, C_3v (3m)   point group:

     e(  1 -  2) =    -90.49796  eV     2   --> E    L_3       
     e(  3 -  4) =    -10.34503  eV     2   --> E    L_3       
     e(  5 -  5) =      1.09041  eV     1   --> A_1  L_1       
     e(  6 -  7) =      1.91538  eV     2   --> E    L_3       
     e(  8 -  8) =      2.49722  eV     1   --> A_2  L_2       
     e(  9 - 10) =      4.54886  eV     2   --> E    L_3       
     e( 11 - 11) =     16.47501  eV     1   --> A_2  L_2       
     e( 12 - 12) =     18.44366  eV     1   --> A_1  L_1       
     e( 13 - 14) =     18.62850  eV     2   --> E    L_3       

 **************************************************************************

 **************************************************************************

                    xk=(   0.33333,   0.57735,   0.18252  )

     Band symmetry, C_3v (3m)   point group:

     e(  1 -  2) =    -90.49796  eV     2   --> E    L_3       
     e(  3 -  4) =    -10.34515  eV     2   --> E    L_3       
     e(  5 -  5) =      1.03829  eV     1   --> A_1  L_1       
     e(  6 -  7) =      1.94750  eV     2   --> E    L_3       
     e(  8 -  8) =      2.57003  eV     1   --> A_2  L_2       
     e(  9 - 10) =      4.49526  eV     2   --> E    L_3       
     e( 11 - 11) =     16.35419  eV     1   --> A_2  L_2       
     e( 12 - 12) =     18.49433  eV     1   --> A_1  L_1       
     e( 13 - 14) =     18.73478  eV     2   --> E    L_3       

 **************************************************************************

 **************************************************************************

                    xk=(   0.33333,   0.57735,   0.17111  )

     Band symmetry, C_3v (3m)   point group:

     e(  1 -  2) =    -90.49796  eV     2   --> E    L_3       
     e(  3 -  4) =    -10.34527  eV     2   --> E    L_3       
     e(  5 -  5) =      0.98892  eV     1   --> A_1  L_1       
     e(  6 -  7) =      1.98207  eV     2   --> E    L_3       
     e(  8 -  8) =      2.64101  eV     1   --> A_2  L_2       
     e(  9 - 10) =      4.43861  eV     2   --> E    L_3       
     e( 11 - 11) =     16.23582  eV     1   --> A_2  L_2       
     e( 12 - 12) =     18.54045  eV     1   --> A_1  L_1       
     e( 13 - 14) =     18.84812  eV     2   --> E    L_3       

 **************************************************************************

 **************************************************************************

                    xk=(   0.33333,   0.57735,   0.15970  )

     Band symmetry, C_3v (3m)   point group:

     e(  1 -  2) =    -90.49796  eV     2   --> E    L_3       
     e(  3 -  4) =    -10.34540  eV     2   --> E    L_3       
     e(  5 -  5) =      0.94237  eV     1   --> A_1  L_1       
     e(  6 -  7) =      2.01889  eV     2   --> E    L_3       
     e(  8 -  8) =      2.70980  eV     1   --> A_2  L_2       
     e(  9 - 10) =      4.37944  eV     2   --> E    L_3       
     e( 11 - 11) =     16.12066  eV     1   --> A_2  L_2       
     e( 12 - 12) =     18.58221  eV     1   --> A_1  L_1       
     e( 13 - 14) =     18.96770  eV     2   --> E    L_3       

 **************************************************************************

 **************************************************************************

                    xk=(   0.33333,   0.57735,   0.14830  )

     Band symmetry, C_3v (3m)   point group:

     e(  1 -  2) =    -90.49796  eV     2   --> E    L_3       
     e(  3 -  4) =    -10.34552  eV     2   --> E    L_3       
     e(  5 -  5) =      0.89872  eV     1   --> A_1  L_1       
     e(  6 -  7) =      2.05771  eV     2   --> E    L_3       
     e(  8 -  8) =      2.77603  eV     1   --> A_2  L_2       
     e(  9 - 10) =      4.31829  eV     2   --> E    L_3       
     e( 11 - 11) =     16.00948  eV     1   --> A_2  L_2       
     e( 12 - 12) =     18.61986  eV     1   --> A_1  L_1       
     e( 13 - 14) =     19.09259  eV     2   --> E    L_3       

 **************************************************************************

 **************************************************************************

                    xk=(   0.33333,   0.57735,   0.13689  )

     Band symmetry, C_3v (3m)   point group:

     e(  1 -  2) =    -90.49796  eV     2   --> E    L_3       
     e(  3 -  4) =    -10.34565  eV     2   --> E    L_3       
     e(  5 -  5) =      0.85804  eV     1   --> A_1  L_1       
     e(  6 -  7) =      2.09825  eV     2   --> E    L_3       
     e(  8 -  8) =      2.83932  eV     1   --> A_2  L_2       
     e(  9 - 10) =      4.25575  eV     2   --> E    L_3       
     e( 11 - 11) =     15.90301  eV     1   --> A_2  L_2       
     e( 12 - 12) =     18.65363  eV     1   --> A_1  L_1       
     e( 13 - 14) =     19.22179  eV     2   --> E    L_3       

 **************************************************************************

 **************************************************************************

                    xk=(   0.33333,   0.57735,   0.12548  )

     Band symmetry, C_3v (3m)   point group:

     e(  1 -  2) =    -90.49796  eV     2   --> E    L_3       
     e(  3 -  4) =    -10.34577  eV     2   --> E    L_3       
     e(  5 -  5) =      0.82040  eV     1   --> A_1  L_1       
     e(  6 -  7) =      2.14015  eV     2   --> E    L_3       
     e(  8 -  8) =      2.89932  eV     1   --> A_2  L_2       
     e(  9 - 10) =      4.19246  eV     2   --> E    L_3       
     e( 11 - 11) =     15.80198  eV     1   --> A_2  L_2       
     e( 12 - 12) =     18.68374  eV     1   --> A_1  L_1       
     e( 13 - 14) =     19.35414  eV     2   --> E    L_3       

 **************************************************************************

 **************************************************************************

                    xk=(   0.33333,   0.57735,   0.11407  )

     Band symmetry, C_3v (3m)   point group:

     e(  1 -  2) =    -90.49796  eV     2   --> E    L_3       
     e(  3 -  4) =    -10.34589  eV     2   --> E    L_3       
     e(  5 -  5) =      0.78584  eV     1   --> A_1  L_1       
     e(  6 -  7) =      2.18300  eV     2   --> E    L_3       
     e(  8 -  8) =      2.95564  eV     1   --> A_2  L_2       
     e(  9 - 10) =      4.12910  eV     2   --> E    L_3       
     e( 11 - 11) =     15.70709  eV     1   --> A_2  L_2       
     e( 12 - 12) =     18.71042  eV     1   --> A_1  L_1       
     e( 13 - 14) =     19.48837  eV     2   --> E    L_3       

 **************************************************************************

 **************************************************************************

                    xk=(   0.33333,   0.57735,   0.10267  )

     Band symmetry, C_3v (3m)   point group:

     e(  1 -  2) =    -90.49796  eV     2   --> E    L_3       
     e(  3 -  4) =    -10.34600  eV     2   --> E    L_3       
     e(  5 -  5) =      0.75443  eV     1   --> A_1  L_1       
     e(  6 -  7) =      2.22629  eV     2   --> E    L_3       
     e(  8 -  8) =      3.00792  eV     1   --> A_2  L_2       
     e(  9 - 10) =      4.06645  eV     2   --> E    L_3       
     e( 11 - 11) =     15.61901  eV     1   --> A_2  L_2       
     e( 12 - 12) =     18.73387  eV     1   --> A_1  L_1       
     e( 13 - 14) =     19.62298  eV     2   --> E    L_3       

 **************************************************************************

 **************************************************************************

                    xk=(   0.33333,   0.57735,   0.09126  )

     Band symmetry, C_3v (3m)   point group:

     e(  1 -  2) =    -90.49796  eV     2   --> E    L_3       
     e(  3 -  4) =    -10.34610  eV     2   --> E    L_3       
     e(  5 -  5) =      0.72621  eV     1   --> A_1  L_1       
     e(  6 -  7) =      2.26939  eV     2   --> E    L_3       
     e(  8 -  8) =      3.05581  eV     1   --> A_2  L_2       
     e(  9 - 10) =      4.00535  eV     2   --> E    L_3       
     e( 11 - 11) =     15.53836  eV     1   --> A_2  L_2       
     e( 12 - 12) =     18.75429  eV     1   --> A_1  L_1       
     e( 13 - 14) =     19.75623  eV     2   --> E    L_3       

 **************************************************************************

 **************************************************************************

                    xk=(   0.33333,   0.57735,   0.07985  )

     Band symmetry, C_3v (3m)   point group:

     e(  1 -  2) =    -90.49796  eV     2   --> E    L_3       
     e(  3 -  4) =    -10.34620  eV     2   --> E    L_3       
     e(  5 -  5) =      0.70121  eV     1   --> A_1  L_1       
     e(  6 -  7) =      2.31158  eV     2   --> E    L_3       
     e(  8 -  8) =      3.09897  eV     1   --> A_2  L_2       
     e(  9 - 10) =      3.94677  eV     2   --> E    L_3       
     e( 11 - 11) =     15.46572  eV     1   --> A_2  L_2       
     e( 12 - 12) =     18.77187  eV     1   --> A_1  L_1       
     e( 13 - 14) =     19.88607  eV     2   --> E    L_3       

 **************************************************************************

 **************************************************************************

                    xk=(   0.33333,   0.57735,   0.06844  )

     Band symmetry, C_3v (3m)   point group:

     e(  1 -  2) =    -90.49796  eV     2   --> E    L_3       
     e(  3 -  4) =    -10.34629  eV     2   --> E    L_3       
     e(  5 -  5) =      0.67948  eV     1   --> A_1  L_1       
     e(  6 -  7) =      2.35195  eV     2   --> E    L_3       
     e(  8 -  8) =      3.13708  eV     1   --> A_2  L_2       
     e(  9 - 10) =      3.89179  eV     2   --> E    L_3       
     e( 11 - 11) =     15.40162  eV     1   --> A_2  L_2       
     e( 12 - 12) =     18.78677  eV     1   --> A_1  L_1       
     e( 13 - 14) =     20.01006  eV     2   --> E    L_3       

 **************************************************************************

 **************************************************************************

                    xk=(   0.33333,   0.57735,   0.05704  )

     Band symmetry, C_3v (3m)   point group:

     e(  1 -  2) =    -90.49796  eV     2   --> E    L_3       
     e(  3 -  4) =    -10.34636  eV     2   --> E    L_3       
     e(  5 -  5) =      0.66104  eV     1   --> A_1  L_1       
     e(  6 -  7) =      2.38945  eV     2   --> E    L_3       
     e(  8 -  8) =      3.16986  eV     1   --> A_2  L_2       
     e(  9 - 10) =      3.84164  eV     2   --> E    L_3       
     e( 11 - 11) =     15.34654  eV     1   --> A_2  L_2       
     e( 12 - 12) =     18.79913  eV     1   --> A_1  L_1       
     e( 13 - 14) =     20.12524  eV     2   --> E    L_3       

 **************************************************************************

 **************************************************************************

                    xk=(   0.33333,   0.57735,   0.04563  )

     Band symmetry, C_3v (3m)   point group:

     e(  1 -  2) =    -90.49796  eV     2   --> E    L_3       
     e(  3 -  4) =    -10.34642  eV     2   --> E    L_3       
     e(  5 -  5) =      0.64592  eV     1   --> A_1  L_1       
     e(  6 -  7) =      2.42286  eV     2   --> E    L_3       
     e(  8 -  8) =      3.19705  eV     1   --> A_2  L_2       
     e(  9 - 10) =      3.79768  eV     2   --> E    L_3       
     e( 11 - 11) =     15.30089  eV     1   --> A_2  L_2       
     e( 12 - 12) =     18.80907  eV     1   --> A_1  L_1       
     e( 13 - 14) =     20.22815  eV     2   --> E    L_3       

 **************************************************************************

 **************************************************************************

                    xk=(   0.33333,   0.57735,   0.03422  )

     Band symmetry, C_3v (3m)   point group:

     e(  1 -  2) =    -90.49796  eV     2   --> E    L_3       
     e(  3 -  4) =    -10.34647  eV     2   --> E    L_3       
     e(  5 -  5) =      0.63413  eV     1   --> A_1  L_1       
     e(  6 -  7) =      2.45085  eV     2   --> E    L_3       
     e(  8 -  8) =      3.21843  eV     1   --> A_2  L_2       
     e(  9 - 10) =      3.76136  eV     2   --> E    L_3       
     e( 11 - 11) =     15.26502  eV     1   --> A_2  L_2       
     e( 12 - 12) =     18.81669  eV     1   --> A_1  L_1       
     e( 13 - 14) =     20.31479  eV     2   --> E    L_3       

 **************************************************************************

 **************************************************************************

                    xk=(   0.33333,   0.57735,   0.02281  )

     Band symmetry, C_3v (3m)   point group:

     e(  1 -  2) =    -90.49796  eV     2   --> E    L_3       
     e(  3 -  4) =    -10.34651  eV     2   --> E    L_3       
     e(  5 -  5) =      0.62571  eV     1   --> A_1  L_1       
     e(  6 -  7) =      2.47209  eV     2   --> E    L_3       
     e(  8 -  8) =      3.23383  eV     1   --> A_2  L_2       
     e(  9 - 10) =      3.73410  eV     2   --> E    L_3       
     e( 11 - 11) =     15.23920  eV     1   --> A_2  L_2       
     e( 12 - 12) =     18.82208  eV     1   --> A_1  L_1       
     e( 13 - 14) =     20.38094  eV     2   --> E    L_3       

 **************************************************************************

 **************************************************************************

                    xk=(   0.33333,   0.57735,   0.01141  )

     Band symmetry, C_3v (3m)   point group:

     e(  1 -  2) =    -90.49796  eV     2   --> E    L_3       
     e(  3 -  4) =    -10.34653  eV     2   --> E    L_3       
     e(  5 -  5) =      0.62065  eV     1   --> A_1  L_1       
     e(  6 -  7) =      2.48539  eV     2   --> E    L_3       
     e(  8 -  8) =      3.24313  eV     1   --> A_2  L_2       
     e(  9 - 10) =      3.71716  eV     2   --> E    L_3       
     e( 11 - 11) =     15.22363  eV     1   --> A_2  L_2       
     e( 12 - 12) =     18.82529  eV     1   --> A_1  L_1       
     e( 13 - 14) =     20.42259  eV     2   --> E    L_3       

 **************************************************************************

 **************************************************************************

                    xk=(   0.33333,   0.57735,   0.00000  )

     Band symmetry, C_3v (3m)   point group:

     e(  1 -  2) =    -90.49796  eV     2   --> E    L_3       
     e(  3 -  4) =    -10.34654  eV     2   --> E    L_3       
     e(  5 -  5) =      0.61896  eV     1   --> A_1  L_1       
     e(  6 -  7) =      2.48993  eV     2   --> E    L_3       
     e(  8 -  8) =      3.24623  eV     1   --> A_2  L_2       
     e(  9 - 10) =      3.71141  eV     2   --> E    L_3       
     e( 11 - 11) =     15.21842  eV     1   --> A_2  L_2       
     e( 12 - 12) =     18.82636  eV     1   --> A_1  L_1       
     e( 13 - 14) =     20.43684  eV     2   --> E    L_3       

 **************************************************************************

 **************************************************************************

                    xk=(   0.00000,   0.00000,   0.00000  )

     point group C_6v (6mm) 
     there are  6 classes
     the character table:

       E     2C6   2C3   C2    3s_v  3s_d 
A_1    1.00  1.00  1.00  1.00  1.00  1.00
A_2    1.00  1.00  1.00  1.00 -1.00 -1.00
B_1    1.00 -1.00  1.00 -1.00  1.00 -1.00
B_2    1.00 -1.00  1.00 -1.00 -1.00  1.00
E_1    2.00  1.00 -1.00 -2.00  0.00  0.00
E_2    2.00 -1.00 -1.00  2.00  0.00  0.00

     the symmetry operations in each class and the name of the first element:

     E        1
                                                                 
     2C6      3    4
                                                                 
     2C3      5    6
                                                                 
     C2       2
                                                                 
     3s_v     8   12   11
                                                                 
     3s_d     7    9   10
                                                                 

     Band symmetry, C_6v (6mm)  point group:

     e(  1 -  1) =    -90.50095  eV     1   --> A_1            
     e(  2 -  2) =    -90.49849  eV     1   --> B_1            
     e(  3 -  3) =    -12.45643  eV     1   --> A_1            
     e(  4 -  4) =    -10.68783  eV     1   --> B_1            
     e(  5 -  5) =     -0.05614  eV     1   --> B_1            
     e(  6 -  7) =      5.08867  eV     2   --> E_2            
     e(  8 -  9) =      6.04191  eV     2   --> E_1            
     e( 10 - 10) =      6.08387  eV     1   --> A_1            
     e( 11 - 11) =     13.58840  eV     1   --> A_1            
     e( 12 - 12) =     17.58951  eV     1   --> B_1            
     e( 13 - 14) =     20.31347  eV     2   --> E_1            

 **************************************************************************

 **************************************************************************

                    xk=(  -0.00962,  -0.00555,   0.00000  )

     point group C_s (m)    
     there are  2 classes
     the character table:

       E     s    
A'     1.00  1.00
A''    1.00 -1.00

     the symmetry operations in each class and the name of the first element:

     E        1
                                                                 
     s        2
                                                                 

     Band symmetry, C_s (m)     point group:

     e(  1 -  1) =    -90.50095  eV     1   --> A'             
     e(  2 -  2) =    -90.49849  eV     1   --> A'             
     e(  3 -  3) =    -12.45535  eV     1   --> A'             
     e(  4 -  4) =    -10.68724  eV     1   --> A'             
     e(  5 -  5) =     -0.05479  eV     1   --> A'             
     e(  6 -  6) =      5.08409  eV     1   --> A'             
     e(  7 -  7) =      5.08670  eV     1   --> A''            
     e(  8 -  8) =      6.03658  eV     1   --> A'             
     e(  9 -  9) =      6.04126  eV     1   --> A''            
     e( 10 - 10) =      6.08311  eV     1   --> A'             
     e( 11 - 11) =     13.59254  eV     1   --> A'             
     e( 12 - 12) =     17.59357  eV     1   --> A'             
     e( 13 - 13) =     20.31315  eV     1   --> A'             
     e( 14 - 14) =     20.31623  eV     1   --> A''            

 **************************************************************************

 **************************************************************************

                    xk=(  -0.01923,  -0.01110,   0.00000  )

     Band symmetry, C_s (m)     point group:

     e(  1 -  1) =    -90.50094  eV     1   --> A'             
     e(  2 -  2) =    -90.49848  eV     1   --> A'             
     e(  3 -  3) =    -12.45211  eV     1   --> A'             
     e(  4 -  4) =    -10.68547  eV     1   --> A'             
     e(  5 -  5) =     -0.05073  eV     1   --> A'             
     e(  6 -  6) =      5.07038  eV     1   --> A'             
     e(  7 -  7) =      5.08081  eV     1   --> A''            
     e(  8 -  8) =      6.02070  eV     1   --> A'             
     e(  9 -  9) =      6.03929  eV     1   --> A''            
     e( 10 - 10) =      6.08081  eV     1   --> A'             
     e( 11 - 11) =     13.60489  eV     1   --> A'             
     e( 12 - 12) =     17.60573  eV     1   --> A'             
     e( 13 - 13) =     20.31211  eV     1   --> A'             
     e( 14 - 14) =     20.32450  eV     1   --> A''            

 **************************************************************************

 **************************************************************************

                    xk=(  -0.02885,  -0.01665,   0.00000  )

     Band symmetry, C_s (m)     point group:

     e(  1 -  1) =    -90.50093  eV     1   --> A'             
     e(  2 -  2) =    -90.49848  eV     1   --> A'             
     e(  3 -  3) =    -12.44670  eV     1   --> A'             
     e(  4 -  4) =    -10.68252  eV     1   --> A'             
     e(  5 -  5) =     -0.04398  eV     1   --> A'             
     e(  6 -  6) =      5.04759  eV     1   --> A'             
     e(  7 -  7) =      5.07106  eV     1   --> A''            
     e(  8 -  8) =      5.99455  eV     1   --> A'             
     e(  9 -  9) =      6.03600  eV     1   --> A''            
     e( 10 - 10) =      6.07688  eV     1   --> A'             
     e( 11 - 11) =     13.62528  eV     1   --> A'             
     e( 12 - 12) =     17.62582  eV     1   --> A'             
     e( 13 - 13) =     20.31011  eV     1   --> A'             
     e( 14 - 14) =     20.33819  eV     1   --> A''            

 **************************************************************************

 **************************************************************************

                    xk=(  -0.03846,  -0.02221,   0.00000  )

     Band symmetry, C_s (m)     point group:

     e(  1 -  1) =    -90.50092  eV     1   --> A'             
     e(  2 -  2) =    -90.49847  eV     1   --> A'             
     e(  3 -  3) =    -12.43915  eV     1   --> A'             
     e(  4 -  4) =    -10.67841  eV     1   --> A'             
     e(  5 -  5) =     -0.03454  eV     1   --> A'             
     e(  6 -  6) =      5.01583  eV     1   --> A'             
     e(  7 -  7) =      5.05752  eV     1   --> A''            
     e(  8 -  8) =      5.95847  eV     1   --> A'             
     e(  9 -  9) =      6.03137  eV     1   --> A''            
     e( 10 - 10) =      6.07130  eV     1   --> A'             
     e( 11 - 11) =     13.65347  eV     1   --> A'             
     e( 12 - 12) =     17.65362  eV     1   --> A'             
     e( 13 - 13) =     20.30663  eV     1   --> A'             
     e( 14 - 14) =     20.35720  eV     1   --> A''            

 **************************************************************************

 **************************************************************************

                    xk=(  -0.04808,  -0.02776,   0.00000  )

     Band symmetry, C_s (m)     point group:

     e(  1 -  1) =    -90.50090  eV     1   --> A'             
     e(  2 -  2) =    -90.49847  eV     1   --> A'             
     e(  3 -  3) =    -12.42945  eV     1   --> A'             
     e(  4 -  4) =    -10.67316  eV     1   --> A'             
     e(  5 -  5) =     -0.02242  eV     1   --> A'             
     e(  6 -  6) =      4.97525  eV     1   --> A'             
     e(  7 -  7) =      5.04032  eV     1   --> A''            
     e(  8 -  8) =      5.91290  eV     1   --> A'             
     e(  9 -  9) =      6.02538  eV     1   --> A''            
     e( 10 - 10) =      6.06407  eV     1   --> A'             
     e( 11 - 11) =     13.68907  eV     1   --> A'             
     e( 12 - 12) =     17.68877  eV     1   --> A'             
     e( 13 - 13) =     20.30076  eV     1   --> A'             
     e( 14 - 14) =     20.38134  eV     1   --> A''            

 **************************************************************************

 **************************************************************************

                    xk=(  -0.05769,  -0.03331,   0.00000  )

     Band symmetry, C_s (m)     point group:

     e(  1 -  1) =    -90.50088  eV     1   --> A'             
     e(  2 -  2) =    -90.49846  eV     1   --> A'             
     e(  3 -  3) =    -12.41763  eV     1   --> A'             
     e(  4 -  4) =    -10.66678  eV     1   --> A'             
     e(  5 -  5) =     -0.00763  eV     1   --> A'             
     e(  6 -  6) =      4.92605  eV     1   --> A'             
     e(  7 -  7) =      5.01961  eV     1   --> A''            
     e(  8 -  8) =      5.85835  eV     1   --> A'             
     e(  9 -  9) =      6.01801  eV     1   --> A''            
     e( 10 - 10) =      6.05521  eV     1   --> A'             
     e( 11 - 11) =     13.73166  eV     1   --> A'             
     e( 12 - 12) =     17.73082  eV     1   --> A'             
     e( 13 - 13) =     20.29078  eV     1   --> A'             
     e( 14 - 14) =     20.41040  eV     1   --> A''            

 **************************************************************************

 **************************************************************************

                    xk=(  -0.06731,  -0.03886,   0.00000  )

     Band symmetry, C_s (m)     point group:

     e(  1 -  1) =    -90.50085  eV     1   --> A'             
     e(  2 -  2) =    -90.49844  eV     1   --> A'             
     e(  3 -  3) =    -12.40369  eV     1   --> A'             
     e(  4 -  4) =    -10.65930  eV     1   --> A'             
     e(  5 -  5) =      0.00980  eV     1   --> A'             
     e(  6 -  6) =      4.86846  eV     1   --> A'             
     e(  7 -  7) =      4.99556  eV     1   --> A''            
     e(  8 -  8) =      5.79544  eV     1   --> A'             
     e(  9 -  9) =      6.00924  eV     1   --> A''            
     e( 10 - 10) =      6.04470  eV     1   --> A'             
     e( 11 - 11) =     13.78075  eV     1   --> A'             
     e( 12 - 12) =     17.77925  eV     1   --> A'             
     e( 13 - 13) =     20.27370  eV     1   --> A'             
     e( 14 - 14) =     20.44410  eV     1   --> A''            

 **************************************************************************

 **************************************************************************

                    xk=(  -0.07692,  -0.04441,   0.00000  )

     Band symmetry, C_s (m)     point group:

     e(  1 -  1) =    -90.50083  eV     1   --> A'             
     e(  2 -  2) =    -90.49843  eV     1   --> A'             
     e(  3 -  3) =    -12.38767  eV     1   --> A'             
     e(  4 -  4) =    -10.65075  eV     1   --> A'             
     e(  5 -  5) =      0.02987  eV     1   --> A'             
     e(  6 -  6) =      4.80277  eV     1   --> A'             
     e(  7 -  7) =      4.96835  eV     1   --> A''            
     e(  8 -  8) =      5.72480  eV     1   --> A'             
     e(  9 -  9) =      5.99905  eV     1   --> A''            
     e( 10 - 10) =      6.03255  eV     1   --> A'             
     e( 11 - 11) =     13.83578  eV     1   --> A'             
     e( 12 - 12) =     17.83338  eV     1   --> A'             
     e( 13 - 13) =     20.24498  eV     1   --> A'             
     e( 14 - 14) =     20.47154  eV     1   --> A'             

 **************************************************************************

 **************************************************************************

                    xk=(  -0.08654,  -0.04996,   0.00000  )

     Band symmetry, C_s (m)     point group:

     e(  1 -  1) =    -90.50079  eV     1   --> A'             
     e(  2 -  2) =    -90.49842  eV     1   --> A'             
     e(  3 -  3) =    -12.36957  eV     1   --> A'             
     e(  4 -  4) =    -10.64117  eV     1   --> A'             
     e(  5 -  5) =      0.05253  eV     1   --> A'             
     e(  6 -  6) =      4.72929  eV     1   --> A'             
     e(  7 -  7) =      4.93818  eV     1   --> A''            
     e(  8 -  8) =      5.64712  eV     1   --> A'             
     e(  9 -  9) =      5.98745  eV     1   --> A''            
     e( 10 - 10) =      6.01875  eV     1   --> A'             
     e( 11 - 11) =     13.89619  eV     1   --> A'             
     e( 12 - 12) =     17.89245  eV     1   --> A'             
     e( 13 - 13) =     20.20051  eV     1   --> A'             
     e( 14 - 14) =     20.43952  eV     1   --> A'             

 **************************************************************************

 **************************************************************************

                    xk=(  -0.09615,  -0.05551,   0.00000  )

     Band symmetry, C_s (m)     point group:

     e(  1 -  1) =    -90.50076  eV     1   --> A'             
     e(  2 -  2) =    -90.49840  eV     1   --> A'             
     e(  3 -  3) =    -12.34944  eV     1   --> A'             
     e(  4 -  4) =    -10.63059  eV     1   --> A'             
     e(  5 -  5) =      0.07776  eV     1   --> A'             
     e(  6 -  6) =      4.64840  eV     1   --> A'             
     e(  7 -  7) =      4.90528  eV     1   --> A''            
     e(  8 -  8) =      5.56311  eV     1   --> A'             
     e(  9 -  9) =      5.97442  eV     1   --> A''            
     e( 10 - 10) =      6.00330  eV     1   --> A'             
     e( 11 - 11) =     13.96137  eV     1   --> A'             
     e( 12 - 12) =     17.95559  eV     1   --> A'             
     e( 13 - 13) =     20.14011  eV     1   --> A'             
     e( 14 - 14) =     20.41908  eV     1   --> A'             

 **************************************************************************

 **************************************************************************

                    xk=(  -0.10577,  -0.06107,   0.00000  )

     Band symmetry, C_s (m)     point group:

     e(  1 -  1) =    -90.50072  eV     1   --> A'             
     e(  2 -  2) =    -90.49838  eV     1   --> A'             
     e(  3 -  3) =    -12.32730  eV     1   --> A'             
     e(  4 -  4) =    -10.61905  eV     1   --> A'             
     e(  5 -  5) =      0.10553  eV     1   --> A'             
     e(  6 -  6) =      4.56051  eV     1   --> A'             
     e(  7 -  7) =      4.86987  eV     1   --> A''            
     e(  8 -  8) =      5.47346  eV     1   --> A'             
     e(  9 -  9) =      5.95999  eV     1   --> A''            
     e( 10 - 10) =      5.98617  eV     1   --> A'             
     e( 11 - 11) =     14.03074  eV     1   --> A'             
     e( 12 - 12) =     18.02178  eV     1   --> A'             
     e( 13 - 13) =     20.06716  eV     1   --> A'             
     e( 14 - 14) =     20.40774  eV     1   --> A'             

 **************************************************************************

 **************************************************************************

                    xk=(  -0.11538,  -0.06662,   0.00000  )

     Band symmetry, C_s (m)     point group:

     e(  1 -  1) =    -90.50068  eV     1   --> A'             
     e(  2 -  2) =    -90.49836  eV     1   --> A'             
     e(  3 -  3) =    -12.30318  eV     1   --> A'             
     e(  4 -  4) =    -10.60661  eV     1   --> A'             
     e(  5 -  5) =      0.13580  eV     1   --> A'             
     e(  6 -  6) =      4.46607  eV     1   --> A'             
     e(  7 -  7) =      4.83216  eV     1   --> A''            
     e(  8 -  8) =      5.37884  eV     1   --> A'             
     e(  9 -  9) =      5.94417  eV     1   --> A''            
     e( 10 - 10) =      5.96736  eV     1   --> A'             
     e( 11 - 11) =     14.10369  eV     1   --> A'             
     e( 12 - 12) =     18.08990  eV     1   --> A'             
     e( 13 - 13) =     19.98531  eV     1   --> A'             
     e( 14 - 14) =     20.40278  eV     1   --> A'             

 **************************************************************************

 **************************************************************************

                    xk=(  -0.12500,  -0.07217,   0.00000  )

     Band symmetry, C_s (m)     point group:

     e(  1 -  1) =    -90.50064  eV     1   --> A'             
     e(  2 -  2) =    -90.49834  eV     1   --> A'             
     e(  3 -  3) =    -12.27712  eV     1   --> A'             
     e(  4 -  4) =    -10.59332  eV     1   --> A'             
     e(  5 -  5) =      0.16852  eV     1   --> A'             
     e(  6 -  6) =      4.36558  eV     1   --> A'             
     e(  7 -  7) =      4.79240  eV     1   --> A''            
     e(  8 -  8) =      5.27989  eV     1   --> A'             
     e(  9 -  9) =      5.92700  eV     1   --> A''            
     e( 10 - 10) =      5.94684  eV     1   --> A'             
     e( 11 - 11) =     14.17966  eV     1   --> A'             
     e( 12 - 12) =     18.15869  eV     1   --> A'             
     e( 13 - 13) =     19.89704  eV     1   --> A'             
     e( 14 - 14) =     20.40271  eV     1   --> A'             

 **************************************************************************

 **************************************************************************

                    xk=(  -0.13462,  -0.07772,   0.00000  )

     Band symmetry, C_s (m)     point group:

     e(  1 -  1) =    -90.50059  eV     1   --> A'             
     e(  2 -  2) =    -90.49832  eV     1   --> A'             
     e(  3 -  3) =    -12.24916  eV     1   --> A'             
     e(  4 -  4) =    -10.57924  eV     1   --> A'             
     e(  5 -  5) =      0.20363  eV     1   --> A'             
     e(  6 -  6) =      4.25956  eV     1   --> A'             
     e(  7 -  7) =      4.75080  eV     1   --> A''            
     e(  8 -  8) =      5.17722  eV     1   --> A'             
     e(  9 -  9) =      5.90852  eV     1   --> A''            
     e( 10 - 10) =      5.92461  eV     1   --> A'             
     e( 11 - 11) =     14.25805  eV     1   --> A'             
     e( 12 - 12) =     18.22678  eV     1   --> A'             
     e( 13 - 13) =     19.80386  eV     1   --> A'             
     e( 14 - 14) =     20.40711  eV     1   --> A'             

 **************************************************************************

 **************************************************************************

                    xk=(  -0.14423,  -0.08327,   0.00000  )

     Band symmetry, C_s (m)     point group:

     e(  1 -  1) =    -90.50054  eV     1   --> A'             
     e(  2 -  2) =    -90.49830  eV     1   --> A'             
     e(  3 -  3) =    -12.21935  eV     1   --> A'             
     e(  4 -  4) =    -10.56443  eV     1   --> A'             
     e(  5 -  5) =      0.24108  eV     1   --> A'             
     e(  6 -  6) =      4.14858  eV     1   --> A'             
     e(  7 -  7) =      4.70760  eV     1   --> A''            
     e(  8 -  8) =      5.07140  eV     1   --> A'             
     e(  9 -  9) =      5.88879  eV     1   --> A''            
     e( 10 - 10) =      5.90064  eV     1   --> A'             
     e( 11 - 11) =     14.33834  eV     1   --> A'             
     e( 12 - 12) =     18.29272  eV     1   --> A'             
     e( 13 - 13) =     19.70666  eV     1   --> A'             
     e( 14 - 14) =     20.41627  eV     1   --> A'             

 **************************************************************************

 **************************************************************************

                    xk=(  -0.15385,  -0.08882,   0.00000  )

     Band symmetry, C_s (m)     point group:

     e(  1 -  1) =    -90.50049  eV     1   --> A'             
     e(  2 -  2) =    -90.49828  eV     1   --> A'             
     e(  3 -  3) =    -12.18773  eV     1   --> A'             
     e(  4 -  4) =    -10.54896  eV     1   --> A'             
     e(  5 -  5) =      0.28079  eV     1   --> A'             
     e(  6 -  6) =      4.03324  eV     1   --> A'             
     e(  7 -  7) =      4.66301  eV     1   --> A''            
     e(  8 -  8) =      4.96295  eV     1   --> A'             
     e(  9 -  9) =      5.86789  eV     1   --> A''            
     e( 10 - 10) =      5.87492  eV     1   --> A'             
     e( 11 - 11) =     14.41997  eV     1   --> A'             
     e( 12 - 12) =     18.35499  eV     1   --> A'             
     e( 13 - 13) =     19.60603  eV     1   --> A'             
     e( 14 - 14) =     20.43089  eV     1   --> A'             

 **************************************************************************

 **************************************************************************

                    xk=(  -0.16346,  -0.09437,   0.00000  )

     Band symmetry, C_s (m)     point group:

     e(  1 -  1) =    -90.50043  eV     1   --> A'             
     e(  2 -  2) =    -90.49825  eV     1   --> A'             
     e(  3 -  3) =    -12.15435  eV     1   --> A'             
     e(  4 -  4) =    -10.53290  eV     1   --> A'             
     e(  5 -  5) =      0.32267  eV     1   --> A'             
     e(  6 -  6) =      3.91415  eV     1   --> A'             
     e(  7 -  7) =      4.61726  eV     1   --> A''            
     e(  8 -  8) =      4.85236  eV     1   --> A'             
     e(  9 -  9) =      5.84588  eV     1   --> A''            
     e( 10 - 10) =      5.84741  eV     1   --> A'             
     e( 11 - 11) =     14.50245  eV     1   --> A'             
     e( 12 - 12) =     18.41212  eV     1   --> A'             
     e( 13 - 13) =     19.50238  eV     1   --> A'             
     e( 14 - 14) =     20.45192  eV     1   --> A'             

 **************************************************************************

 **************************************************************************

                    xk=(  -0.17308,  -0.09993,   0.00000  )

     Band symmetry, C_s (m)     point group:

     e(  1 -  1) =    -90.50037  eV     1   --> A'             
     e(  2 -  2) =    -90.49823  eV     1   --> A'             
     e(  3 -  3) =    -12.11928  eV     1   --> A'             
     e(  4 -  4) =    -10.51634  eV     1   --> A'             
     e(  5 -  5) =      0.36663  eV     1   --> A'             
     e(  6 -  6) =      3.79195  eV     1   --> A'             
     e(  7 -  7) =      4.57056  eV     1   --> A''            
     e(  8 -  8) =      4.74006  eV     1   --> A'             
     e(  9 -  9) =      5.81810  eV     1   --> A'             
     e( 10 - 10) =      5.82286  eV     1   --> A''            
     e( 11 - 11) =     14.58528  eV     1   --> A'             
     e( 12 - 12) =     18.46271  eV     1   --> A'             
     e( 13 - 13) =     19.39611  eV     1   --> A'             
     e( 14 - 14) =     20.48028  eV     1   --> A'             

 **************************************************************************

 **************************************************************************

                    xk=(  -0.18269,  -0.10548,   0.00000  )

     Band symmetry, C_s (m)     point group:

     e(  1 -  1) =    -90.50031  eV     1   --> A'             
     e(  2 -  2) =    -90.49820  eV     1   --> A'             
     e(  3 -  3) =    -12.08257  eV     1   --> A'             
     e(  4 -  4) =    -10.49934  eV     1   --> A'             
     e(  5 -  5) =      0.41255  eV     1   --> A'             
     e(  6 -  6) =      3.66728  eV     1   --> A'             
     e(  7 -  7) =      4.52310  eV     1   --> A''            
     e(  8 -  8) =      4.62647  eV     1   --> A'             
     e(  9 -  9) =      5.78698  eV     1   --> A'             
     e( 10 - 10) =      5.79892  eV     1   --> A''            
     e( 11 - 11) =     14.66799  eV     1   --> A'             
     e( 12 - 12) =     18.50550  eV     1   --> A'             
     e( 13 - 13) =     19.28771  eV     1   --> A'             
     e( 14 - 14) =     20.51675  eV     1   --> A'             

 **************************************************************************

 **************************************************************************

                    xk=(  -0.19231,  -0.11103,   0.00000  )

     Band symmetry, C_s (m)     point group:

     e(  1 -  1) =    -90.50025  eV     1   --> A'             
     e(  2 -  2) =    -90.49818  eV     1   --> A'             
     e(  3 -  3) =    -12.04430  eV     1   --> A'             
     e(  4 -  4) =    -10.48200  eV     1   --> A'             
     e(  5 -  5) =      0.46030  eV     1   --> A'             
     e(  6 -  6) =      3.54082  eV     1   --> A'             
     e(  7 -  7) =      4.47511  eV     1   --> A''            
     e(  8 -  8) =      4.51197  eV     1   --> A'             
     e(  9 -  9) =      5.75400  eV     1   --> A'             
     e( 10 - 10) =      5.77416  eV     1   --> A''            
     e( 11 - 11) =     14.75010  eV     1   --> A'             
     e( 12 - 12) =     18.53934  eV     1   --> A'             
     e( 13 - 13) =     19.17800  eV     1   --> A'             
     e( 14 - 14) =     20.56174  eV     1   --> A'             

 **************************************************************************

 **************************************************************************

                    xk=(  -0.20192,  -0.11658,   0.00000  )

     Band symmetry, C_s (m)     point group:

     e(  1 -  1) =    -90.50019  eV     1   --> A'             
     e(  2 -  2) =    -90.49815  eV     1   --> A'             
     e(  3 -  3) =    -12.00452  eV     1   --> A'             
     e(  4 -  4) =    -10.46442  eV     1   --> A'             
     e(  5 -  5) =      0.50970  eV     1   --> A'             
     e(  6 -  6) =      3.41325  eV     1   --> A'             
     e(  7 -  7) =      4.39692  eV     1   --> A'             
     e(  8 -  8) =      4.42676  eV     1   --> A''            
     e(  9 -  9) =      5.71917  eV     1   --> A'             
     e( 10 - 10) =      5.74869  eV     1   --> A''            
     e( 11 - 11) =     14.83118  eV     1   --> A'             
     e( 12 - 12) =     18.56284  eV     1   --> A'             
     e( 13 - 13) =     19.06847  eV     1   --> A'             
     e( 14 - 14) =     20.61520  eV     1   --> A'             

 **************************************************************************

 **************************************************************************

                    xk=(  -0.21154,  -0.12213,   0.00000  )

     Band symmetry, C_s (m)     point group:

     e(  1 -  1) =    -90.50012  eV     1   --> A'             
     e(  2 -  2) =    -90.49813  eV     1   --> A'             
     e(  3 -  3) =    -11.96332  eV     1   --> A'             
     e(  4 -  4) =    -10.44668  eV     1   --> A'             
     e(  5 -  5) =      0.56056  eV     1   --> A'             
     e(  6 -  6) =      3.28526  eV     1   --> A'             
     e(  7 -  7) =      4.28167  eV     1   --> A'             
     e(  8 -  8) =      4.37824  eV     1   --> A''            
     e(  9 -  9) =      5.68245  eV     1   --> A'             
     e( 10 - 10) =      5.72262  eV     1   --> A''            
     e( 11 - 11) =     14.91078  eV     1   --> A'             
     e( 12 - 12) =     18.57353  eV     1   --> A'             
     e( 13 - 13) =     18.96229  eV     1   --> A'             
     e( 14 - 14) =     20.67655  eV     1   --> A'             

 **************************************************************************

 **************************************************************************

                    xk=(  -0.22115,  -0.12768,   0.00000  )

     Band symmetry, C_s (m)     point group:

     e(  1 -  1) =    -90.50006  eV     1   --> A'             
     e(  2 -  2) =    -90.49810  eV     1   --> A'             
     e(  3 -  3) =    -11.92078  eV     1   --> A'             
     e(  4 -  4) =    -10.42889  eV     1   --> A'             
     e(  5 -  5) =      0.61262  eV     1   --> A'             
     e(  6 -  6) =      3.15759  eV     1   --> A'             
     e(  7 -  7) =      4.16654  eV     1   --> A'             
     e(  8 -  8) =      4.32973  eV     1   --> A''            
     e(  9 -  9) =      5.64384  eV     1   --> A'             
     e( 10 - 10) =      5.69605  eV     1   --> A''            
     e( 11 - 11) =     14.98849  eV     1   --> A'             
     e( 12 - 12) =     18.56556  eV     1   --> A'             
     e( 13 - 13) =     18.86641  eV     1   --> A'             
     e( 14 - 14) =     20.74467  eV     1   --> A'             

 **************************************************************************

 **************************************************************************

                    xk=(  -0.23077,  -0.13323,   0.00000  )

     Band symmetry, C_s (m)     point group:

     e(  1 -  1) =    -90.49999  eV     1   --> A'             
     e(  2 -  2) =    -90.49807  eV     1   --> A'             
     e(  3 -  3) =    -11.87698  eV     1   --> A'             
     e(  4 -  4) =    -10.41115  eV     1   --> A'             
     e(  5 -  5) =      0.66558  eV     1   --> A'             
     e(  6 -  6) =      3.03098  eV     1   --> A'             
     e(  7 -  7) =      4.05184  eV     1   --> A'             
     e(  8 -  8) =      4.28140  eV     1   --> A''            
     e(  9 -  9) =      5.60331  eV     1   --> A'             
     e( 10 - 10) =      5.66911  eV     1   --> A''            
     e( 11 - 11) =     15.06389  eV     1   --> A'             
     e( 12 - 12) =     18.52772  eV     1   --> A'             
     e( 13 - 13) =     18.79354  eV     1   --> A'             
     e( 14 - 14) =     20.81797  eV     1   --> A'             

 **************************************************************************

 **************************************************************************

                    xk=(  -0.24038,  -0.13879,   0.00000  )

     Band symmetry, C_s (m)     point group:

     e(  1 -  1) =    -90.49992  eV     1   --> A'             
     e(  2 -  2) =    -90.49805  eV     1   --> A'             
     e(  3 -  3) =    -11.83201  eV     1   --> A'             
     e(  4 -  4) =    -10.39356  eV     1   --> A'             
     e(  5 -  5) =      0.71905  eV     1   --> A'             
     e(  6 -  6) =      2.90628  eV     1   --> A'             
     e(  7 -  7) =      3.93788  eV     1   --> A'             
     e(  8 -  8) =      4.23342  eV     1   --> A''            
     e(  9 -  9) =      5.56086  eV     1   --> A'             
     e( 10 - 10) =      5.64191  eV     1   --> A''            
     e( 11 - 11) =     15.13661  eV     1   --> A'             
     e( 12 - 12) =     18.45323  eV     1   --> A'             
     e( 13 - 13) =     18.75216  eV     1   --> A'             
     e( 14 - 14) =     20.89450  eV     1   --> A'             

 **************************************************************************

 **************************************************************************

                    xk=(  -0.25000,  -0.14434,   0.00000  )

     Band symmetry, C_s (m)     point group:

     e(  1 -  1) =    -90.49985  eV     1   --> A'             
     e(  2 -  2) =    -90.49802  eV     1   --> A'             
     e(  3 -  3) =    -11.78598  eV     1   --> A'             
     e(  4 -  4) =    -10.37624  eV     1   --> A'             
     e(  5 -  5) =      0.77253  eV     1   --> A'             
     e(  6 -  6) =      2.78437  eV     1   --> A'             
     e(  7 -  7) =      3.82495  eV     1   --> A'             
     e(  8 -  8) =      4.18594  eV     1   --> A''            
     e(  9 -  9) =      5.51648  eV     1   --> A'             
     e( 10 - 10) =      5.61457  eV     1   --> A''            
     e( 11 - 11) =     15.20626  eV     1   --> A'             
     e( 12 - 12) =     18.35244  eV     1   --> A'             
     e( 13 - 13) =     18.73373  eV     1   --> A'             
     e( 14 - 14) =     20.97203  eV     1   --> A'             

 **************************************************************************

 **************************************************************************

                    xk=(  -0.25962,  -0.14989,   0.00000  )

     Band symmetry, C_s (m)     point group:

     e(  1 -  1) =    -90.49978  eV     1   --> A'             
     e(  2 -  2) =    -90.49800  eV     1   --> A'             
     e(  3 -  3) =    -11.73899  eV     1   --> A'             
     e(  4 -  4) =    -10.35931  eV     1   --> A'             
     e(  5 -  5) =      0.82536  eV     1   --> A'             
     e(  6 -  6) =      2.66628  eV     1   --> A'             
     e(  7 -  7) =      3.71334  eV     1   --> A'             
     e(  8 -  8) =      4.13911  eV     1   --> A''            
     e(  9 -  9) =      5.47019  eV     1   --> A'             
     e( 10 - 10) =      5.58720  eV     1   --> A''            
     e( 11 - 11) =     15.27252  eV     1   --> A'             
     e( 12 - 12) =     18.23863  eV     1   --> A'             
     e( 13 - 13) =     18.72678  eV     1   --> A'             
     e( 14 - 14) =     21.04814  eV     1   --> A'             

 **************************************************************************

 **************************************************************************

                    xk=(  -0.26923,  -0.15544,   0.00000  )

     Band symmetry, C_s (m)     point group:

     e(  1 -  1) =    -90.49971  eV     1   --> A'             
     e(  2 -  2) =    -90.49797  eV     1   --> A'             
     e(  3 -  3) =    -11.69114  eV     1   --> A'             
     e(  4 -  4) =    -10.34286  eV     1   --> A'             
     e(  5 -  5) =      0.87668  eV     1   --> A'             
     e(  6 -  6) =      2.55321  eV     1   --> A'             
     e(  7 -  7) =      3.60334  eV     1   --> A'             
     e(  8 -  8) =      4.09307  eV     1   --> A''            
     e(  9 -  9) =      5.42197  eV     1   --> A'             
     e( 10 - 10) =      5.55992  eV     1   --> A''            
     e( 11 - 11) =     15.33506  eV     1   --> A'             
     e( 12 - 12) =     18.11895  eV     1   --> A'             
     e( 13 - 13) =     18.72590  eV     1   --> A'             
     e( 14 - 14) =     21.12035  eV     1   --> A'             

 **************************************************************************

 **************************************************************************

                    xk=(  -0.27885,  -0.16099,   0.00000  )

     Band symmetry, C_s (m)     point group:

     e(  1 -  1) =    -90.49964  eV     1   --> A'             
     e(  2 -  2) =    -90.49795  eV     1   --> A'             
     e(  3 -  3) =    -11.64256  eV     1   --> A'             
     e(  4 -  4) =    -10.32703  eV     1   --> A'             
     e(  5 -  5) =      0.92536  eV     1   --> A'             
     e(  6 -  6) =      2.44663  eV     1   --> A'             
     e(  7 -  7) =      3.49523  eV     1   --> A'             
     e(  8 -  8) =      4.04795  eV     1   --> A''            
     e(  9 -  9) =      5.37186  eV     1   --> A'             
     e( 10 - 10) =      5.53284  eV     1   --> A''            
     e( 11 - 11) =     15.39364  eV     1   --> A'             
     e( 12 - 12) =     17.99684  eV     1   --> A'             
     e( 13 - 13) =     18.72922  eV     1   --> A'             
     e( 14 - 14) =     21.18624  eV     1   --> A'             

 **************************************************************************

 **************************************************************************

                    xk=(  -0.28846,  -0.16654,   0.00000  )

     Band symmetry, C_s (m)     point group:

     e(  1 -  1) =    -90.49957  eV     1   --> A'             
     e(  2 -  2) =    -90.49793  eV     1   --> A'             
     e(  3 -  3) =    -11.59336  eV     1   --> A'             
     e(  4 -  4) =    -10.31192  eV     1   --> A'             
     e(  5 -  5) =      0.96989  eV     1   --> A'             
     e(  6 -  6) =      2.34833  eV     1   --> A'             
     e(  7 -  7) =      3.38928  eV     1   --> A'             
     e(  8 -  8) =      4.00389  eV     1   --> A''            
     e(  9 -  9) =      5.31988  eV     1   --> A'             
     e( 10 - 10) =      5.50607  eV     1   --> A''            
     e( 11 - 11) =     15.44804  eV     1   --> A'             
     e( 12 - 12) =     17.87418  eV     1   --> A'             
     e( 13 - 13) =     18.73628  eV     1   --> A'             
     e( 14 - 14) =     21.24366  eV     1   --> A'             

 **************************************************************************

 **************************************************************************

                    xk=(  -0.29808,  -0.17209,   0.00000  )

     Band symmetry, C_s (m)     point group:

     e(  1 -  1) =    -90.49950  eV     1   --> A'             
     e(  2 -  2) =    -90.49791  eV     1   --> A'             
     e(  3 -  3) =    -11.54369  eV     1   --> A'             
     e(  4 -  4) =    -10.29765  eV     1   --> A'             
     e(  5 -  5) =      1.00831  eV     1   --> A'             
     e(  6 -  6) =      2.26052  eV     1   --> A'             
     e(  7 -  7) =      3.28578  eV     1   --> A'             
     e(  8 -  8) =      3.96099  eV     1   --> A''            
     e(  9 -  9) =      5.26607  eV     1   --> A'             
     e( 10 - 10) =      5.47971  eV     1   --> A''            
     e( 11 - 11) =     15.49811  eV     1   --> A'             
     e( 12 - 12) =     17.75218  eV     1   --> A'             
     e( 13 - 13) =     18.74708  eV     1   --> A'             
     e( 14 - 14) =     21.29088  eV     1   --> A'             

 **************************************************************************

 **************************************************************************

                    xk=(  -0.30769,  -0.17765,   0.00000  )

     Band symmetry, C_s (m)     point group:

     e(  1 -  1) =    -90.49944  eV     1   --> A'             
     e(  2 -  2) =    -90.49789  eV     1   --> A'             
     e(  3 -  3) =    -11.49367  eV     1   --> A'             
     e(  4 -  4) =    -10.28433  eV     1   --> A'             
     e(  5 -  5) =      1.03822  eV     1   --> A'             
     e(  6 -  6) =      2.18583  eV     1   --> A'             
     e(  7 -  7) =      3.18499  eV     1   --> A'             
     e(  8 -  8) =      3.91939  eV     1   --> A''            
     e(  9 -  9) =      5.21048  eV     1   --> A'             
     e( 10 - 10) =      5.45386  eV     1   --> A''            
     e( 11 - 11) =     15.54376  eV     1   --> A'             
     e( 12 - 12) =     17.63176  eV     1   --> A'             
     e( 13 - 13) =     18.76177  eV     1   --> A'             
     e( 14 - 14) =     21.32682  eV     1   --> A'             

 **************************************************************************

 **************************************************************************

                    xk=(  -0.31731,  -0.18320,   0.00000  )

     Band symmetry, C_s (m)     point group:

     e(  1 -  1) =    -90.49937  eV     1   --> A'             
     e(  2 -  2) =    -90.49787  eV     1   --> A'             
     e(  3 -  3) =    -11.44346  eV     1   --> A'             
     e(  4 -  4) =    -10.27207  eV     1   --> A'             
     e(  5 -  5) =      1.05697  eV     1   --> A'             
     e(  6 -  6) =      2.12709  eV     1   --> A'             
     e(  7 -  7) =      3.08718  eV     1   --> A'             
     e(  8 -  8) =      3.87917  eV     1   --> A''            
     e(  9 -  9) =      5.15319  eV     1   --> A'             
     e( 10 - 10) =      5.42864  eV     1   --> A''            
     e( 11 - 11) =     15.58498  eV     1   --> A'             
     e( 12 - 12) =     17.51364  eV     1   --> A'             
     e( 13 - 13) =     18.78042  eV     1   --> A'             
     e( 14 - 14) =     21.35109  eV     1   --> A'             

 **************************************************************************

 **************************************************************************

                    xk=(  -0.32692,  -0.18875,   0.00000  )

     Band symmetry, C_s (m)     point group:

     e(  1 -  1) =    -90.49930  eV     1   --> A'             
     e(  2 -  2) =    -90.49785  eV     1   --> A'             
     e(  3 -  3) =    -11.39321  eV     1   --> A'             
     e(  4 -  4) =    -10.26097  eV     1   --> A'             
     e(  5 -  5) =      1.06218  eV     1   --> A'             
     e(  6 -  6) =      2.08683  eV     1   --> A'             
     e(  7 -  7) =      2.99262  eV     1   --> A'             
     e(  8 -  8) =      3.84045  eV     1   --> A''            
     e(  9 -  9) =      5.09427  eV     1   --> A'             
     e( 10 - 10) =      5.40412  eV     1   --> A''            
     e( 11 - 11) =     15.62183  eV     1   --> A'             
     e( 12 - 12) =     17.39844  eV     1   --> A'             
     e( 13 - 13) =     18.80307  eV     1   --> A'             
     e( 14 - 14) =     21.36403  eV     1   --> A'             

 **************************************************************************

 **************************************************************************

                    xk=(  -0.33654,  -0.19430,   0.00000  )

     Band symmetry, C_s (m)     point group:

     e(  1 -  1) =    -90.49923  eV     1   --> A'             
     e(  2 -  2) =    -90.49784  eV     1   --> A'             
     e(  3 -  3) =    -11.34309  eV     1   --> A'             
     e(  4 -  4) =    -10.25113  eV     1   --> A'             
     e(  5 -  5) =      1.05259  eV     1   --> A'             
     e(  6 -  6) =      2.06643  eV     1   --> A'             
     e(  7 -  7) =      2.90160  eV     1   --> A'             
     e(  8 -  8) =      3.80331  eV     1   --> A''            
     e(  9 -  9) =      5.03386  eV     1   --> A'             
     e( 10 - 10) =      5.38041  eV     1   --> A''            
     e( 11 - 11) =     15.65444  eV     1   --> A'             
     e( 12 - 12) =     17.28672  eV     1   --> A'             
     e( 13 - 13) =     18.82960  eV     1   --> A'             
     e( 14 - 14) =     21.36657  eV     1   --> A'             

 **************************************************************************

 **************************************************************************

                    xk=(  -0.34615,  -0.19985,   0.00000  )

     Band symmetry, C_s (m)     point group:

     e(  1 -  1) =    -90.49917  eV     1   --> A'             
     e(  2 -  2) =    -90.49782  eV     1   --> A'             
     e(  3 -  3) =    -11.29327  eV     1   --> A'             
     e(  4 -  4) =    -10.24264  eV     1   --> A'             
     e(  5 -  5) =      1.02866  eV     1   --> A'             
     e(  6 -  6) =      2.06548  eV     1   --> A'             
     e(  7 -  7) =      2.81439  eV     1   --> A'             
     e(  8 -  8) =      3.76785  eV     1   --> A''            
     e(  9 -  9) =      4.97208  eV     1   --> A'             
     e( 10 - 10) =      5.35759  eV     1   --> A''            
     e( 11 - 11) =     15.68301  eV     1   --> A'             
     e( 12 - 12) =     17.17895  eV     1   --> A'             
     e( 13 - 13) =     18.85979  eV     1   --> A'             
     e( 14 - 14) =     21.36002  eV     1   --> A'             

 **************************************************************************

 **************************************************************************

                    xk=(  -0.35577,  -0.20540,   0.00000  )

     Band symmetry, C_s (m)     point group:

     e(  1 -  1) =    -90.49911  eV     1   --> A'             
     e(  2 -  2) =    -90.49781  eV     1   --> A'             
     e(  3 -  3) =    -11.24395  eV     1   --> A'             
     e(  4 -  4) =    -10.23556  eV     1   --> A'             
     e(  5 -  5) =      0.99257  eV     1   --> A'             
     e(  6 -  6) =      2.08177  eV     1   --> A'             
     e(  7 -  7) =      2.73129  eV     1   --> A'             
     e(  8 -  8) =      3.73415  eV     1   --> A''            
     e(  9 -  9) =      4.90911  eV     1   --> A'             
     e( 10 - 10) =      5.33574  eV     1   --> A''            
     e( 11 - 11) =     15.70778  eV     1   --> A'             
     e( 12 - 12) =     17.07557  eV     1   --> A'             
     e( 13 - 13) =     18.89332  eV     1   --> A'             
     e( 14 - 14) =     21.34589  eV     1   --> A'             

 **************************************************************************

 **************************************************************************

                    xk=(  -0.36538,  -0.21095,   0.00000  )

     Band symmetry, C_s (m)     point group:

     e(  1 -  1) =    -90.49905  eV     1   --> A'             
     e(  2 -  2) =    -90.49780  eV     1   --> A'             
     e(  3 -  3) =    -11.19533  eV     1   --> A'             
     e(  4 -  4) =    -10.22995  eV     1   --> A'             
     e(  5 -  5) =      0.94747  eV     1   --> A'             
     e(  6 -  6) =      2.11203  eV     1   --> A'             
     e(  7 -  7) =      2.65267  eV     1   --> A'             
     e(  8 -  8) =      3.70227  eV     1   --> A''            
     e(  9 -  9) =      4.84515  eV     1   --> A'             
     e( 10 - 10) =      5.31494  eV     1   --> A''            
     e( 11 - 11) =     15.72905  eV     1   --> A'             
     e( 12 - 12) =     16.97698  eV     1   --> A'             
     e( 13 - 13) =     18.92974  eV     1   --> A'             
     e( 14 - 14) =     21.32569  eV     1   --> A'             

 **************************************************************************

 **************************************************************************

                    xk=(  -0.37500,  -0.21651,   0.00000  )

     Band symmetry, C_s (m)     point group:

     e(  1 -  1) =    -90.49899  eV     1   --> A'             
     e(  2 -  2) =    -90.49779  eV     1   --> A'             
     e(  3 -  3) =    -11.14761  eV     1   --> A'             
     e(  4 -  4) =    -10.22586  eV     1   --> A'             
     e(  5 -  5) =      0.89662  eV     1   --> A'             
     e(  6 -  6) =      2.15270  eV     1   --> A'             
     e(  7 -  7) =      2.57898  eV     1   --> A'             
     e(  8 -  8) =      3.67230  eV     1   --> A''            
     e(  9 -  9) =      4.78047  eV     1   --> A'             
     e( 10 - 10) =      5.29526  eV     1   --> A''            
     e( 11 - 11) =     15.74715  eV     1   --> A'             
     e( 12 - 12) =     16.88353  eV     1   --> A'             
     e( 13 - 13) =     18.96853  eV     1   --> A'             
     e( 14 - 14) =     21.30090  eV     1   --> A'             

 **************************************************************************

 **************************************************************************

                    xk=(  -0.38462,  -0.22206,   0.00000  )

     Band symmetry, C_s (m)     point group:

     e(  1 -  1) =    -90.49893  eV     1   --> A'             
     e(  2 -  2) =    -90.49778  eV     1   --> A'             
     e(  3 -  3) =    -11.10105  eV     1   --> A'             
     e(  4 -  4) =    -10.22330  eV     1   --> A'             
     e(  5 -  5) =      0.84289  eV     1   --> A'             
     e(  6 -  6) =      2.20014  eV     1   --> A'             
     e(  7 -  7) =      2.51109  eV     1   --> A'             
     e(  8 -  8) =      3.64430  eV     1   --> A''            
     e(  9 -  9) =      4.71537  eV     1   --> A'             
     e( 10 - 10) =      5.27676  eV     1   --> A''            
     e( 11 - 11) =     15.76244  eV     1   --> A'             
     e( 12 - 12) =     16.79555  eV     1   --> A'             
     e( 13 - 13) =     19.00908  eV     1   --> A'             
     e( 14 - 14) =     21.27283  eV     1   --> A'             

 **************************************************************************

 **************************************************************************

                    xk=(  -0.39423,  -0.22761,   0.00000  )

     Band symmetry, C_s (m)     point group:

     e(  1 -  1) =    -90.49888  eV     1   --> A'             
     e(  2 -  2) =    -90.49777  eV     1   --> A'             
     e(  3 -  3) =    -11.05589  eV     1   --> A'             
     e(  4 -  4) =    -10.22225  eV     1   --> A'             
     e(  5 -  5) =      0.78855  eV     1   --> A'             
     e(  6 -  6) =      2.24985  eV     1   --> A'             
     e(  7 -  7) =      2.45121  eV     1   --> A'             
     e(  8 -  8) =      3.61832  eV     1   --> A''            
     e(  9 -  9) =      4.65024  eV     1   --> A'             
     e( 10 - 10) =      5.25952  eV     1   --> A''            
     e( 11 - 11) =     15.77528  eV     1   --> A'             
     e( 12 - 12) =     16.71330  eV     1   --> A'             
     e( 13 - 13) =     19.05072  eV     1   --> A'             
     e( 14 - 14) =     21.24266  eV     1   --> A'             

 **************************************************************************

 **************************************************************************

                    xk=(  -0.40385,  -0.23316,   0.00000  )

     Band symmetry, C_s (m)     point group:

     e(  1 -  1) =    -90.49883  eV     1   --> A'             
     e(  2 -  2) =    -90.49776  eV     1   --> A'             
     e(  3 -  3) =    -11.01242  eV     1   --> A'             
     e(  4 -  4) =    -10.22266  eV     1   --> A'             
     e(  5 -  5) =      0.73538  eV     1   --> A'             
     e(  6 -  6) =      2.29047  eV     1   --> A'             
     e(  7 -  7) =      2.40884  eV     1   --> A'             
     e(  8 -  8) =      3.59443  eV     1   --> A''            
     e(  9 -  9) =      4.58553  eV     1   --> A'             
     e( 10 - 10) =      5.24358  eV     1   --> A''            
     e( 11 - 11) =     15.78601  eV     1   --> A'             
     e( 12 - 12) =     16.63706  eV     1   --> A'             
     e( 13 - 13) =     19.09273  eV     1   --> A'             
     e( 14 - 14) =     21.21143  eV     1   --> A'             

 **************************************************************************

 **************************************************************************

                    xk=(  -0.41346,  -0.23871,   0.00000  )

     Band symmetry, C_s (m)     point group:

     e(  1 -  1) =    -90.49878  eV     1   --> A'             
     e(  2 -  2) =    -90.49776  eV     1   --> A'             
     e(  3 -  3) =    -10.97095  eV     1   --> A'             
     e(  4 -  4) =    -10.22444  eV     1   --> A'             
     e(  5 -  5) =      0.68468  eV     1   --> A'             
     e(  6 -  6) =      2.28959  eV     1   --> A'             
     e(  7 -  7) =      2.41482  eV     1   --> A'             
     e(  8 -  8) =      3.57266  eV     1   --> A''            
     e(  9 -  9) =      4.52182  eV     1   --> A'             
     e( 10 - 10) =      5.22901  eV     1   --> A''            
     e( 11 - 11) =     15.79496  eV     1   --> A'             
     e( 12 - 12) =     16.56707  eV     1   --> A'             
     e( 13 - 13) =     19.13432  eV     1   --> A'             
     e( 14 - 14) =     21.18006  eV     1   --> A'             

 **************************************************************************

 **************************************************************************

                    xk=(  -0.42308,  -0.24426,   0.00000  )

     Band symmetry, C_s (m)     point group:

     e(  1 -  1) =    -90.49874  eV     1   --> A'             
     e(  2 -  2) =    -90.49776  eV     1   --> A'             
     e(  3 -  3) =    -10.93183  eV     1   --> A'             
     e(  4 -  4) =    -10.22744  eV     1   --> A'             
     e(  5 -  5) =      0.63746  eV     1   --> A'             
     e(  6 -  6) =      2.25442  eV     1   --> A'             
     e(  7 -  7) =      2.46058  eV     1   --> A'             
     e(  8 -  8) =      3.55307  eV     1   --> A''            
     e(  9 -  9) =      4.45979  eV     1   --> A'             
     e( 10 - 10) =      5.21584  eV     1   --> A''            
     e( 11 - 11) =     15.80245  eV     1   --> A'             
     e( 12 - 12) =     16.50353  eV     1   --> A'             
     e( 13 - 13) =     19.17470  eV     1   --> A'             
     e( 14 - 14) =     21.14937  eV     1   --> A'             

 **************************************************************************

 **************************************************************************

                    xk=(  -0.43269,  -0.24982,   0.00000  )

     Band symmetry, C_s (m)     point group:

     e(  1 -  1) =    -90.49870  eV     1   --> A'             
     e(  2 -  2) =    -90.49775  eV     1   --> A'             
     e(  3 -  3) =    -10.89545  eV     1   --> A'             
     e(  4 -  4) =    -10.23148  eV     1   --> A'             
     e(  5 -  5) =      0.59447  eV     1   --> A'             
     e(  6 -  6) =      2.21483  eV     1   --> A'             
     e(  7 -  7) =      2.51493  eV     1   --> A'             
     e(  8 -  8) =      3.53570  eV     1   --> A''            
     e(  9 -  9) =      4.40029  eV     1   --> A'             
     e( 10 - 10) =      5.20412  eV     1   --> A''            
     e( 11 - 11) =     15.80874  eV     1   --> A'             
     e( 12 - 12) =     16.44668  eV     1   --> A'             
     e( 13 - 13) =     19.21304  eV     1   --> A'             
     e( 14 - 14) =     21.12013  eV     1   --> A'             

 **************************************************************************

 **************************************************************************

                    xk=(  -0.44231,  -0.25537,   0.00000  )

     Band symmetry, C_s (m)     point group:

     e(  1 -  1) =    -90.49867  eV     1   --> A'             
     e(  2 -  2) =    -90.49775  eV     1   --> A'             
     e(  3 -  3) =    -10.86226  eV     1   --> A'             
     e(  4 -  4) =    -10.23626  eV     1   --> A'             
     e(  5 -  5) =      0.55629  eV     1   --> A'             
     e(  6 -  6) =      2.17819  eV     1   --> A'             
     e(  7 -  7) =      2.56914  eV     1   --> A'             
     e(  8 -  8) =      3.52057  eV     1   --> A''            
     e(  9 -  9) =      4.34433  eV     1   --> A'             
     e( 10 - 10) =      5.19389  eV     1   --> A''            
     e( 11 - 11) =     15.81403  eV     1   --> A'             
     e( 12 - 12) =     16.39671  eV     1   --> A'             
     e( 13 - 13) =     19.24851  eV     1   --> A'             
     e( 14 - 14) =     21.09305  eV     1   --> A'             

 **************************************************************************

 **************************************************************************

                    xk=(  -0.45192,  -0.26092,   0.00000  )

     Band symmetry, C_s (m)     point group:

     e(  1 -  1) =    -90.49864  eV     1   --> A'             
     e(  2 -  2) =    -90.49775  eV     1   --> A'             
     e(  3 -  3) =    -10.83276  eV     1   --> A'             
     e(  4 -  4) =    -10.24146  eV     1   --> A'             
     e(  5 -  5) =      0.52336  eV     1   --> A'             
     e(  6 -  6) =      2.14628  eV     1   --> A'             
     e(  7 -  7) =      2.62001  eV     1   --> A'             
     e(  8 -  8) =      3.50772  eV     1   --> A''            
     e(  9 -  9) =      4.29313  eV     1   --> A'             
     e( 10 - 10) =      5.18518  eV     1   --> A''            
     e( 11 - 11) =     15.81847  eV     1   --> A'             
     e( 12 - 12) =     16.35384  eV     1   --> A'             
     e( 13 - 13) =     19.28027  eV     1   --> A'             
     e( 14 - 14) =     21.06877  eV     1   --> A'             

 **************************************************************************

 **************************************************************************

                    xk=(  -0.46154,  -0.26647,   0.00000  )

     Band symmetry, C_s (m)     point group:

     e(  1 -  1) =    -90.49861  eV     1   --> A'             
     e(  2 -  2) =    -90.49775  eV     1   --> A'             
     e(  3 -  3) =    -10.80748  eV     1   --> A'             
     e(  4 -  4) =    -10.24667  eV     1   --> A'             
     e(  5 -  5) =      0.49600  eV     1   --> A'             
     e(  6 -  6) =      2.11974  eV     1   --> A'             
     e(  7 -  7) =      2.66537  eV     1   --> A'             
     e(  8 -  8) =      3.49717  eV     1   --> A''            
     e(  9 -  9) =      4.24807  eV     1   --> A'             
     e( 10 - 10) =      5.17801  eV     1   --> A''            
     e( 11 - 11) =     15.82216  eV     1   --> A'             
     e( 12 - 12) =     16.31829  eV     1   --> A'             
     e( 13 - 13) =     19.30755  eV     1   --> A'             
     e( 14 - 14) =     21.04792  eV     1   --> A'             

 **************************************************************************

 **************************************************************************

                    xk=(  -0.47115,  -0.27202,   0.00000  )

     Band symmetry, C_s (m)     point group:

     e(  1 -  1) =    -90.49859  eV     1   --> A'             
     e(  2 -  2) =    -90.49775  eV     1   --> A'             
     e(  3 -  3) =    -10.78700  eV     1   --> A'             
     e(  4 -  4) =    -10.25142  eV     1   --> A'             
     e(  5 -  5) =      0.47449  eV     1   --> A'             
     e(  6 -  6) =      2.09889  eV     1   --> A'             
     e(  7 -  7) =      2.70326  eV     1   --> A'             
     e(  8 -  8) =      3.48895  eV     1   --> A''            
     e(  9 -  9) =      4.21070  eV     1   --> A'             
     e( 10 - 10) =      5.17242  eV     1   --> A''            
     e( 11 - 11) =     15.82511  eV     1   --> A'             
     e( 12 - 12) =     16.29031  eV     1   --> A'             
     e( 13 - 13) =     19.32963  eV     1   --> A'             
     e( 14 - 14) =     21.03105  eV     1   --> A'             

 **************************************************************************

 **************************************************************************

                    xk=(  -0.48077,  -0.27757,   0.00000  )

     Band symmetry, C_s (m)     point group:

     e(  1 -  1) =    -90.49858  eV     1   --> A'             
     e(  2 -  2) =    -90.49775  eV     1   --> A'             
     e(  3 -  3) =    -10.77187  eV     1   --> A'             
     e(  4 -  4) =    -10.25525  eV     1   --> A'             
     e(  5 -  5) =      0.45899  eV     1   --> A'             
     e(  6 -  6) =      2.08390  eV     1   --> A'             
     e(  7 -  7) =      2.73191  eV     1   --> A'             
     e(  8 -  8) =      3.48306  eV     1   --> A''            
     e(  9 -  9) =      4.18255  eV     1   --> A'             
     e( 10 - 10) =      5.16841  eV     1   --> A''            
     e( 11 - 11) =     15.82728  eV     1   --> A'             
     e( 12 - 12) =     16.27011  eV     1   --> A'             
     e( 13 - 13) =     19.34589  eV     1   --> A'             
     e( 14 - 14) =     21.01863  eV     1   --> A'             

 **************************************************************************

 **************************************************************************

                    xk=(  -0.49038,  -0.28312,   0.00000  )

     Band symmetry, C_s (m)     point group:

     e(  1 -  1) =    -90.49857  eV     1   --> A'             
     e(  2 -  2) =    -90.49775  eV     1   --> A'             
     e(  3 -  3) =    -10.76257  eV     1   --> A'             
     e(  4 -  4) =    -10.25775  eV     1   --> A'             
     e(  5 -  5) =      0.44965  eV     1   --> A'             
     e(  6 -  6) =      2.07487  eV     1   --> A'             
     e(  7 -  7) =      2.74980  eV     1   --> A'             
     e(  8 -  8) =      3.47953  eV     1   --> A''            
     e(  9 -  9) =      4.16501  eV     1   --> A'             
     e( 10 - 10) =      5.16599  eV     1   --> A''            
     e( 11 - 11) =     15.82862  eV     1   --> A'             
     e( 12 - 12) =     16.25790  eV     1   --> A'             
     e( 13 - 13) =     19.35584  eV     1   --> A'             
     e( 14 - 14) =     21.01102  eV     1   --> A'             

 **************************************************************************

 **************************************************************************

                    xk=(  -0.50000,  -0.28868,   0.00000  )

     point group C_2v (mm2) 
     there are  4 classes
     the character table:

       E     C2    s_v   s_v' 
A_1    1.00  1.00  1.00  1.00
A_2    1.00  1.00 -1.00 -1.00
B_1    1.00 -1.00  1.00 -1.00
B_2    1.00 -1.00 -1.00  1.00

     the symmetry operations in each class and the name of the first element:

     E        1
                                                                 
     C2       2
                                                                 
     s_v      4
                                                                 
     s_v'     3
                                                                 

     Band symmetry, C_2v (mm2)  point group:

     e(  1 -  1) =    -90.49857  eV     1   --> B_1  D_3  S_3  
     e(  2 -  2) =    -90.49775  eV     1   --> A_1  D_1  S_1  
     e(  3 -  3) =    -10.75943  eV     1   --> B_1  D_3  S_3  
     e(  4 -  4) =    -10.25862  eV     1   --> A_1  D_1  S_1  
     e(  5 -  5) =      0.44652  eV     1   --> A_1  D_1  S_1  
     e(  6 -  6) =      2.07185  eV     1   --> B_1  D_3  S_3  
     e(  7 -  7) =      2.75589  eV     1   --> A_1  D_1  S_1  
     e(  8 -  8) =      3.47835  eV     1   --> B_2  D_4  S_4  
     e(  9 -  9) =      4.15905  eV     1   --> B_1  D_3  S_3  
     e( 10 - 10) =      5.16519  eV     1   --> A_2  D_2  S_2  
     e( 11 - 11) =     15.82908  eV     1   --> B_1  D_3  S_3  
     e( 12 - 12) =     16.25381  eV     1   --> A_1  D_1  S_1  
     e( 13 - 13) =     19.35920  eV     1   --> B_1  D_3  S_3  
     e( 14 - 14) =     21.00845  eV     1   --> A_1  D_1  S_1  

 **************************************************************************

 **************************************************************************

                    xk=(  -0.49425,  -0.29863,   0.00000  )

     point group C_s (m)    
     there are  2 classes
     the character table:

       E     s    
A'     1.00  1.00
A''    1.00 -1.00

     the symmetry operations in each class and the name of the first element:

     E        1
                                                                 
     s        2
                                                                 

     Band symmetry, C_s (m)     point group:

     e(  1 -  1) =    -90.49856  eV     1   --> A''            
     e(  2 -  2) =    -90.49775  eV     1   --> A'             
     e(  3 -  3) =    -10.75877  eV     1   --> A''            
     e(  4 -  4) =    -10.25846  eV     1   --> A'             
     e(  5 -  5) =      0.44734  eV     1   --> A'             
     e(  6 -  6) =      2.07290  eV     1   --> A''            
     e(  7 -  7) =      2.75546  eV     1   --> A'             
     e(  8 -  8) =      3.47613  eV     1   --> A'             
     e(  9 -  9) =      4.15842  eV     1   --> A''            
     e( 10 - 10) =      5.16095  eV     1   --> A''            
     e( 11 - 11) =     15.82947  eV     1   --> A''            
     e( 12 - 12) =     16.26090  eV     1   --> A'             
     e( 13 - 13) =     19.35596  eV     1   --> A''            
     e( 14 - 14) =     21.00777  eV     1   --> A'             

 **************************************************************************

 **************************************************************************

                    xk=(  -0.48851,  -0.30858,   0.00000  )

     Band symmetry, C_s (m)     point group:

     e(  1 -  1) =    -90.49856  eV     1   --> A''            
     e(  2 -  2) =    -90.49775  eV     1   --> A'             
     e(  3 -  3) =    -10.75678  eV     1   --> A''            
     e(  4 -  4) =    -10.25797  eV     1   --> A'             
     e(  5 -  5) =      0.44977  eV     1   --> A'             
     e(  6 -  6) =      2.07603  eV     1   --> A''            
     e(  7 -  7) =      2.75413  eV     1   --> A'             
     e(  8 -  8) =      3.46959  eV     1   --> A'             
     e(  9 -  9) =      4.15651  eV     1   --> A''            
     e( 10 - 10) =      5.14828  eV     1   --> A''            
     e( 11 - 11) =     15.83052  eV     1   --> A''            
     e( 12 - 12) =     16.28212  eV     1   --> A'             
     e( 13 - 13) =     19.34664  eV     1   --> A''            
     e( 14 - 14) =     21.00574  eV     1   --> A'             

 **************************************************************************

 **************************************************************************

                    xk=(  -0.48276,  -0.31854,   0.00000  )

     Band symmetry, C_s (m)     point group:

     e(  1 -  1) =    -90.49856  eV     1   --> A''            
     e(  2 -  2) =    -90.49775  eV     1   --> A'             
     e(  3 -  3) =    -10.75349  eV     1   --> A''            
     e(  4 -  4) =    -10.25718  eV     1   --> A'             
     e(  5 -  5) =      0.45379  eV     1   --> A'             
     e(  6 -  6) =      2.08124  eV     1   --> A''            
     e(  7 -  7) =      2.75176  eV     1   --> A'             
     e(  8 -  8) =      3.45903  eV     1   --> A'             
     e(  9 -  9) =      4.15329  eV     1   --> A''            
     e( 10 - 10) =      5.12735  eV     1   --> A''            
     e( 11 - 11) =     15.83191  eV     1   --> A''            
     e( 12 - 12) =     16.31724  eV     1   --> A'             
     e( 13 - 13) =     19.33236  eV     1   --> A''            
     e( 14 - 14) =     21.00237  eV     1   --> A'             

 **************************************************************************

 **************************************************************************

                    xk=(  -0.47701,  -0.32849,   0.00000  )

     Band symmetry, C_s (m)     point group:

     e(  1 -  1) =    -90.49855  eV     1   --> A''            
     e(  2 -  2) =    -90.49775  eV     1   --> A'             
     e(  3 -  3) =    -10.74889  eV     1   --> A''            
     e(  4 -  4) =    -10.25610  eV     1   --> A'             
     e(  5 -  5) =      0.45935  eV     1   --> A'             
     e(  6 -  6) =      2.08851  eV     1   --> A''            
     e(  7 -  7) =      2.74814  eV     1   --> A'             
     e(  8 -  8) =      3.44495  eV     1   --> A'             
     e(  9 -  9) =      4.14868  eV     1   --> A''            
     e( 10 - 10) =      5.09841  eV     1   --> A''            
     e( 11 - 11) =     15.83313  eV     1   --> A''            
     e( 12 - 12) =     16.36592  eV     1   --> A'             
     e( 13 - 13) =     19.31483  eV     1   --> A''            
     e( 14 - 14) =     20.99768  eV     1   --> A'             

 **************************************************************************

 **************************************************************************

                    xk=(  -0.47126,  -0.33845,   0.00000  )

     Band symmetry, C_s (m)     point group:

     e(  1 -  1) =    -90.49854  eV     1   --> A''            
     e(  2 -  2) =    -90.49775  eV     1   --> A'             
     e(  3 -  3) =    -10.74301  eV     1   --> A''            
     e(  4 -  4) =    -10.25477  eV     1   --> A'             
     e(  5 -  5) =      0.46638  eV     1   --> A'             
     e(  6 -  6) =      2.09783  eV     1   --> A''            
     e(  7 -  7) =      2.74296  eV     1   --> A'             
     e(  8 -  8) =      3.42807  eV     1   --> A'             
     e(  9 -  9) =      4.14259  eV     1   --> A''            
     e( 10 - 10) =      5.06184  eV     1   --> A''            
     e( 11 - 11) =     15.83351  eV     1   --> A''            
     e( 12 - 12) =     16.42765  eV     1   --> A'             
     e( 13 - 13) =     19.29611  eV     1   --> A''            
     e( 14 - 14) =     20.99168  eV     1   --> A'             

 **************************************************************************

 **************************************************************************

                    xk=(  -0.46552,  -0.34840,   0.00000  )

     Band symmetry, C_s (m)     point group:

     e(  1 -  1) =    -90.49853  eV     1   --> A''            
     e(  2 -  2) =    -90.49775  eV     1   --> A'             
     e(  3 -  3) =    -10.73587  eV     1   --> A''            
     e(  4 -  4) =    -10.25321  eV     1   --> A'             
     e(  5 -  5) =      0.47478  eV     1   --> A'             
     e(  6 -  6) =      2.10918  eV     1   --> A''            
     e(  7 -  7) =      2.73584  eV     1   --> A'             
     e(  8 -  8) =      3.40925  eV     1   --> A'             
     e(  9 -  9) =      4.13489  eV     1   --> A''            
     e( 10 - 10) =      5.01809  eV     1   --> A''            
     e( 11 - 11) =     15.83227  eV     1   --> A''            
     e( 12 - 12) =     16.50183  eV     1   --> A'             
     e( 13 - 13) =     19.27842  eV     1   --> A''            
     e( 14 - 14) =     20.98442  eV     1   --> A'             

 **************************************************************************

 **************************************************************************

                    xk=(  -0.45977,  -0.35836,   0.00000  )

     Band symmetry, C_s (m)     point group:

     e(  1 -  1) =    -90.49852  eV     1   --> A''            
     e(  2 -  2) =    -90.49775  eV     1   --> A'             
     e(  3 -  3) =    -10.72749  eV     1   --> A''            
     e(  4 -  4) =    -10.25149  eV     1   --> A'             
     e(  5 -  5) =      0.48443  eV     1   --> A'             
     e(  6 -  6) =      2.12252  eV     1   --> A''            
     e(  7 -  7) =      2.72634  eV     1   --> A'             
     e(  8 -  8) =      3.38952  eV     1   --> A'             
     e(  9 -  9) =      4.12542  eV     1   --> A''            
     e( 10 - 10) =      4.96772  eV     1   --> A''            
     e( 11 - 11) =     15.82859  eV     1   --> A''            
     e( 12 - 12) =     16.58772  eV     1   --> A'             
     e( 13 - 13) =     19.26394  eV     1   --> A''            
     e( 14 - 14) =     20.97592  eV     1   --> A'             

 **************************************************************************

 **************************************************************************

                    xk=(  -0.45402,  -0.36831,   0.00000  )

     Band symmetry, C_s (m)     point group:

     e(  1 -  1) =    -90.49850  eV     1   --> A''            
     e(  2 -  2) =    -90.49776  eV     1   --> A'             
     e(  3 -  3) =    -10.71791  eV     1   --> A''            
     e(  4 -  4) =    -10.24965  eV     1   --> A'             
     e(  5 -  5) =      0.49520  eV     1   --> A'             
     e(  6 -  6) =      2.13782  eV     1   --> A''            
     e(  7 -  7) =      2.71399  eV     1   --> A'             
     e(  8 -  8) =      3.37001  eV     1   --> A'             
     e(  9 -  9) =      4.11395  eV     1   --> A''            
     e( 10 - 10) =      4.91138  eV     1   --> A''            
     e( 11 - 11) =     15.82166  eV     1   --> A''            
     e( 12 - 12) =     16.68445  eV     1   --> A'             
     e( 13 - 13) =     19.25466  eV     1   --> A''            
     e( 14 - 14) =     20.96625  eV     1   --> A'             

 **************************************************************************

 **************************************************************************

                    xk=(  -0.44828,  -0.37826,   0.00000  )

     Band symmetry, C_s (m)     point group:

     e(  1 -  1) =    -90.49848  eV     1   --> A''            
     e(  2 -  2) =    -90.49776  eV     1   --> A'             
     e(  3 -  3) =    -10.70717  eV     1   --> A''            
     e(  4 -  4) =    -10.24776  eV     1   --> A'             
     e(  5 -  5) =      0.50692  eV     1   --> A'             
     e(  6 -  6) =      2.15504  eV     1   --> A''            
     e(  7 -  7) =      2.69839  eV     1   --> A'             
     e(  8 -  8) =      3.35187  eV     1   --> A'             
     e(  9 -  9) =      4.10022  eV     1   --> A''            
     e( 10 - 10) =      4.84983  eV     1   --> A''            
     e( 11 - 11) =     15.81080  eV     1   --> A''            
     e( 12 - 12) =     16.79106  eV     1   --> A'             
     e( 13 - 13) =     19.25228  eV     1   --> A''            
     e( 14 - 14) =     20.95546  eV     1   --> A'             

 **************************************************************************

 **************************************************************************

                    xk=(  -0.44253,  -0.38822,   0.00000  )

     Band symmetry, C_s (m)     point group:

     e(  1 -  1) =    -90.49847  eV     1   --> A''            
     e(  2 -  2) =    -90.49776  eV     1   --> A'             
     e(  3 -  3) =    -10.69530  eV     1   --> A''            
     e(  4 -  4) =    -10.24589  eV     1   --> A'             
     e(  5 -  5) =      0.51938  eV     1   --> A'             
     e(  6 -  6) =      2.17410  eV     1   --> A''            
     e(  7 -  7) =      2.67924  eV     1   --> A'             
     e(  8 -  8) =      3.33616  eV     1   --> A'             
     e(  9 -  9) =      4.08387  eV     1   --> A''            
     e( 10 - 10) =      4.78391  eV     1   --> A''            
     e( 11 - 11) =     15.79545  eV     1   --> A''            
     e( 12 - 12) =     16.90648  eV     1   --> A'             
     e( 13 - 13) =     19.25812  eV     1   --> A''            
     e( 14 - 14) =     20.94361  eV     1   --> A'             

 **************************************************************************

 **************************************************************************

                    xk=(  -0.43678,  -0.39817,   0.00000  )

     Band symmetry, C_s (m)     point group:

     e(  1 -  1) =    -90.49845  eV     1   --> A''            
     e(  2 -  2) =    -90.49776  eV     1   --> A'             
     e(  3 -  3) =    -10.68236  eV     1   --> A''            
     e(  4 -  4) =    -10.24412  eV     1   --> A'             
     e(  5 -  5) =      0.53239  eV     1   --> A'             
     e(  6 -  6) =      2.19496  eV     1   --> A''            
     e(  7 -  7) =      2.65651  eV     1   --> A'             
     e(  8 -  8) =      3.32379  eV     1   --> A'             
     e(  9 -  9) =      4.06448  eV     1   --> A''            
     e( 10 - 10) =      4.71459  eV     1   --> A''            
     e( 11 - 11) =     15.77531  eV     1   --> A''            
     e( 12 - 12) =     17.02954  eV     1   --> A'             
     e( 13 - 13) =     19.27306  eV     1   --> A''            
     e( 14 - 14) =     20.93076  eV     1   --> A'             

 **************************************************************************

 **************************************************************************

                    xk=(  -0.43103,  -0.40813,   0.00000  )

     Band symmetry, C_s (m)     point group:

     e(  1 -  1) =    -90.49842  eV     1   --> A''            
     e(  2 -  2) =    -90.49776  eV     1   --> A'             
     e(  3 -  3) =    -10.66840  eV     1   --> A''            
     e(  4 -  4) =    -10.24253  eV     1   --> A'             
     e(  5 -  5) =      0.54568  eV     1   --> A'             
     e(  6 -  6) =      2.21753  eV     1   --> A''            
     e(  7 -  7) =      2.63041  eV     1   --> A'             
     e(  8 -  8) =      3.31542  eV     1   --> A'             
     e(  9 -  9) =      4.04152  eV     1   --> A''            
     e( 10 - 10) =      4.64295  eV     1   --> A''            
     e( 11 - 11) =     15.75030  eV     1   --> A''            
     e( 12 - 12) =     17.15897  eV     1   --> A'             
     e( 13 - 13) =     19.29756  eV     1   --> A''            
     e( 14 - 14) =     20.91700  eV     1   --> A'             

 **************************************************************************

 **************************************************************************

                    xk=(  -0.42529,  -0.41808,   0.00000  )

     Band symmetry, C_s (m)     point group:

     e(  1 -  1) =    -90.49840  eV     1   --> A''            
     e(  2 -  2) =    -90.49777  eV     1   --> A'             
     e(  3 -  3) =    -10.65347  eV     1   --> A''            
     e(  4 -  4) =    -10.24121  eV     1   --> A'             
     e(  5 -  5) =      0.55898  eV     1   --> A'             
     e(  6 -  6) =      2.24170  eV     1   --> A''            
     e(  7 -  7) =      2.60149  eV     1   --> A'             
     e(  8 -  8) =      3.31141  eV     1   --> A'             
     e(  9 -  9) =      4.01432  eV     1   --> A''            
     e( 10 - 10) =      4.57023  eV     1   --> A''            
     e( 11 - 11) =     15.72062  eV     1   --> A''            
     e( 12 - 12) =     17.29342  eV     1   --> A'             
     e( 13 - 13) =     19.33166  eV     1   --> A''            
     e( 14 - 14) =     20.90239  eV     1   --> A'             

 **************************************************************************

 **************************************************************************

                    xk=(  -0.41954,  -0.42804,   0.00000  )

     Band symmetry, C_s (m)     point group:

     e(  1 -  1) =    -90.49838  eV     1   --> A''            
     e(  2 -  2) =    -90.49777  eV     1   --> A'             
     e(  3 -  3) =    -10.63764  eV     1   --> A''            
     e(  4 -  4) =    -10.24026  eV     1   --> A'             
     e(  5 -  5) =      0.57201  eV     1   --> A'             
     e(  6 -  6) =      2.26736  eV     1   --> A''            
     e(  7 -  7) =      2.57057  eV     1   --> A'             
     e(  8 -  8) =      3.31188  eV     1   --> A'             
     e(  9 -  9) =      3.98212  eV     1   --> A''            
     e( 10 - 10) =      4.49776  eV     1   --> A''            
     e( 11 - 11) =     15.68669  eV     1   --> A''            
     e( 12 - 12) =     17.43142  eV     1   --> A'             
     e( 13 - 13) =     19.37501  eV     1   --> A''            
     e( 14 - 14) =     20.88700  eV     1   --> A'             

 **************************************************************************

 **************************************************************************

                    xk=(  -0.41379,  -0.43799,   0.00000  )

     Band symmetry, C_s (m)     point group:

     e(  1 -  1) =    -90.49835  eV     1   --> A''            
     e(  2 -  2) =    -90.49777  eV     1   --> A'             
     e(  3 -  3) =    -10.62097  eV     1   --> A''            
     e(  4 -  4) =    -10.23979  eV     1   --> A'             
     e(  5 -  5) =      0.58445  eV     1   --> A'             
     e(  6 -  6) =      2.29436  eV     1   --> A''            
     e(  7 -  7) =      2.53867  eV     1   --> A'             
     e(  8 -  8) =      3.31672  eV     1   --> A'             
     e(  9 -  9) =      3.94413  eV     1   --> A''            
     e( 10 - 10) =      4.42695  eV     1   --> A''            
     e( 11 - 11) =     15.64916  eV     1   --> A''            
     e( 12 - 12) =     17.57143  eV     1   --> A'             
     e( 13 - 13) =     19.42694  eV     1   --> A''            
     e( 14 - 14) =     20.87089  eV     1   --> A'             

 **************************************************************************

 **************************************************************************

                    xk=(  -0.40805,  -0.44794,   0.00000  )

     Band symmetry, C_s (m)     point group:

     e(  1 -  1) =    -90.49833  eV     1   --> A''            
     e(  2 -  2) =    -90.49778  eV     1   --> A'             
     e(  3 -  3) =    -10.60353  eV     1   --> A''            
     e(  4 -  4) =    -10.23991  eV     1   --> A'             
     e(  5 -  5) =      0.59600  eV     1   --> A'             
     e(  6 -  6) =      2.32251  eV     1   --> A''            
     e(  7 -  7) =      2.50692  eV     1   --> A'             
     e(  8 -  8) =      3.32573  eV     1   --> A'             
     e(  9 -  9) =      3.89965  eV     1   --> A''            
     e( 10 - 10) =      4.35914  eV     1   --> A''            
     e( 11 - 11) =     15.60880  eV     1   --> A''            
     e( 12 - 12) =     17.71183  eV     1   --> A'             
     e( 13 - 13) =     19.48653  eV     1   --> A''            
     e( 14 - 14) =     20.85406  eV     1   --> A'             

 **************************************************************************

 **************************************************************************

                    xk=(  -0.40230,  -0.45790,   0.00000  )

     Band symmetry, C_s (m)     point group:

     e(  1 -  1) =    -90.49830  eV     1   --> A''            
     e(  2 -  2) =    -90.49778  eV     1   --> A'             
     e(  3 -  3) =    -10.58540  eV     1   --> A''            
     e(  4 -  4) =    -10.24071  eV     1   --> A'             
     e(  5 -  5) =      0.60635  eV     1   --> A'             
     e(  6 -  6) =      2.35156  eV     1   --> A''            
     e(  7 -  7) =      2.47652  eV     1   --> A'             
     e(  8 -  8) =      3.33861  eV     1   --> A'             
     e(  9 -  9) =      3.84833  eV     1   --> A''            
     e( 10 - 10) =      4.29533  eV     1   --> A''            
     e( 11 - 11) =     15.56652  eV     1   --> A''            
     e( 12 - 12) =     17.85090  eV     1   --> A'             
     e( 13 - 13) =     19.55268  eV     1   --> A''            
     e( 14 - 14) =     20.83650  eV     1   --> A'             

 **************************************************************************

 **************************************************************************

                    xk=(  -0.39655,  -0.46785,   0.00000  )

     Band symmetry, C_s (m)     point group:

     e(  1 -  1) =    -90.49827  eV     1   --> A''            
     e(  2 -  2) =    -90.49779  eV     1   --> A'             
     e(  3 -  3) =    -10.56665  eV     1   --> A''            
     e(  4 -  4) =    -10.24233  eV     1   --> A'             
     e(  5 -  5) =      0.61521  eV     1   --> A'             
     e(  6 -  6) =      2.38121  eV     1   --> A''            
     e(  7 -  7) =      2.44858  eV     1   --> A'             
     e(  8 -  8) =      3.35507  eV     1   --> A'             
     e(  9 -  9) =      3.79043  eV     1   --> A''            
     e( 10 - 10) =      4.23598  eV     1   --> A''            
     e( 11 - 11) =     15.52325  eV     1   --> A''            
     e( 12 - 12) =     17.98687  eV     1   --> A'             
     e( 13 - 13) =     19.62416  eV     1   --> A''            
     e( 14 - 14) =     20.81811  eV     1   --> A'             

 **************************************************************************

 **************************************************************************

                    xk=(  -0.39080,  -0.47781,   0.00000  )

     Band symmetry, C_s (m)     point group:

     e(  1 -  1) =    -90.49824  eV     1   --> A''            
     e(  2 -  2) =    -90.49780  eV     1   --> A'             
     e(  3 -  3) =    -10.54738  eV     1   --> A''            
     e(  4 -  4) =    -10.24488  eV     1   --> A'             
     e(  5 -  5) =      0.62237  eV     1   --> A'             
     e(  6 -  6) =      2.41106  eV     1   --> A''            
     e(  7 -  7) =      2.42416  eV     1   --> A'             
     e(  8 -  8) =      3.37483  eV     1   --> A'             
     e(  9 -  9) =      3.72692  eV     1   --> A''            
     e( 10 - 10) =      4.18092  eV     1   --> A''            
     e( 11 - 11) =     15.47994  eV     1   --> A''            
     e( 12 - 12) =     18.11794  eV     1   --> A'             
     e( 13 - 13) =     19.69971  eV     1   --> A''            
     e( 14 - 14) =     20.79870  eV     1   --> A'             

 **************************************************************************

 **************************************************************************

                    xk=(  -0.38506,  -0.48776,   0.00000  )

     Band symmetry, C_s (m)     point group:

     e(  1 -  1) =    -90.49822  eV     1   --> A''            
     e(  2 -  2) =    -90.49781  eV     1   --> A'             
     e(  3 -  3) =    -10.52767  eV     1   --> A''            
     e(  4 -  4) =    -10.24848  eV     1   --> A'             
     e(  5 -  5) =      0.62767  eV     1   --> A'             
     e(  6 -  6) =      2.40417  eV     1   --> A'             
     e(  7 -  7) =      2.44056  eV     1   --> A''            
     e(  8 -  8) =      3.39763  eV     1   --> A'             
     e(  9 -  9) =      3.65940  eV     1   --> A''            
     e( 10 - 10) =      4.12946  eV     1   --> A''            
     e( 11 - 11) =     15.43753  eV     1   --> A''            
     e( 12 - 12) =     18.24228  eV     1   --> A'             
     e( 13 - 13) =     19.77804  eV     1   --> A''            
     e( 14 - 14) =     20.77797  eV     1   --> A'             

 **************************************************************************

 **************************************************************************

                    xk=(  -0.37931,  -0.49772,   0.00000  )

     Band symmetry, C_s (m)     point group:

     e(  1 -  1) =    -90.49819  eV     1   --> A''            
     e(  2 -  2) =    -90.49782  eV     1   --> A'             
     e(  3 -  3) =    -10.50761  eV     1   --> A''            
     e(  4 -  4) =    -10.25324  eV     1   --> A'             
     e(  5 -  5) =      0.63104  eV     1   --> A'             
     e(  6 -  6) =      2.38936  eV     1   --> A'             
     e(  7 -  7) =      2.46901  eV     1   --> A''            
     e(  8 -  8) =      3.42324  eV     1   --> A'             
     e(  9 -  9) =      3.58991  eV     1   --> A''            
     e( 10 - 10) =      4.08065  eV     1   --> A''            
     e( 11 - 11) =     15.39689  eV     1   --> A''            
     e( 12 - 12) =     18.35813  eV     1   --> A'             
     e( 13 - 13) =     19.85792  eV     1   --> A''            
     e( 14 - 14) =     20.75545  eV     1   --> A'             

 **************************************************************************

 **************************************************************************

                    xk=(  -0.37356,  -0.50767,   0.00000  )

     Band symmetry, C_s (m)     point group:

     e(  1 -  1) =    -90.49816  eV     1   --> A''            
     e(  2 -  2) =    -90.49783  eV     1   --> A'             
     e(  3 -  3) =    -10.48729  eV     1   --> A''            
     e(  4 -  4) =    -10.25928  eV     1   --> A'             
     e(  5 -  5) =      0.63253  eV     1   --> A'             
     e(  6 -  6) =      2.38031  eV     1   --> A'             
     e(  7 -  7) =      2.49544  eV     1   --> A''            
     e(  8 -  8) =      3.45148  eV     1   --> A'             
     e(  9 -  9) =      3.52071  eV     1   --> A''            
     e( 10 - 10) =      4.03354  eV     1   --> A''            
     e( 11 - 11) =     15.35885  eV     1   --> A''            
     e( 12 - 12) =     18.46381  eV     1   --> A'             
     e( 13 - 13) =     19.93816  eV     1   --> A''            
     e( 14 - 14) =     20.73055  eV     1   --> A'             

 **************************************************************************

 **************************************************************************

                    xk=(  -0.36782,  -0.51762,   0.00000  )

     Band symmetry, C_s (m)     point group:

     e(  1 -  1) =    -90.49813  eV     1   --> A''            
     e(  2 -  2) =    -90.49785  eV     1   --> A'             
     e(  3 -  3) =    -10.46683  eV     1   --> A''            
     e(  4 -  4) =    -10.26672  eV     1   --> A'             
     e(  5 -  5) =      0.63233  eV     1   --> A'             
     e(  6 -  6) =      2.37741  eV     1   --> A'             
     e(  7 -  7) =      2.51857  eV     1   --> A''            
     e(  8 -  8) =      3.45425  eV     1   --> A''            
     e(  9 -  9) =      3.48218  eV     1   --> A'             
     e( 10 - 10) =      3.98731  eV     1   --> A''            
     e( 11 - 11) =     15.32415  eV     1   --> A''            
     e( 12 - 12) =     18.55784  eV     1   --> A'             
     e( 13 - 13) =     20.01769  eV     1   --> A''            
     e( 14 - 14) =     20.70256  eV     1   --> A'             

 **************************************************************************

 **************************************************************************

                    xk=(  -0.36207,  -0.52758,   0.00000  )

     Band symmetry, C_s (m)     point group:

     e(  1 -  1) =    -90.49810  eV     1   --> A''            
     e(  2 -  2) =    -90.49786  eV     1   --> A'             
     e(  3 -  3) =    -10.44630  eV     1   --> A''            
     e(  4 -  4) =    -10.27567  eV     1   --> A'             
     e(  5 -  5) =      0.63072  eV     1   --> A'             
     e(  6 -  6) =      2.38086  eV     1   --> A'             
     e(  7 -  7) =      2.53673  eV     1   --> A''            
     e(  8 -  8) =      3.39312  eV     1   --> A''            
     e(  9 -  9) =      3.51520  eV     1   --> A'             
     e( 10 - 10) =      3.94136  eV     1   --> A''            
     e( 11 - 11) =     15.29347  eV     1   --> A''            
     e( 12 - 12) =     18.63894  eV     1   --> A'             
     e( 13 - 13) =     20.09557  eV     1   --> A''            
     e( 14 - 14) =     20.67067  eV     1   --> A'             

 **************************************************************************

 **************************************************************************

                    xk=(  -0.35632,  -0.53753,   0.00000  )

     Band symmetry, C_s (m)     point group:

     e(  1 -  1) =    -90.49807  eV     1   --> A''            
     e(  2 -  2) =    -90.49788  eV     1   --> A'             
     e(  3 -  3) =    -10.42583  eV     1   --> A''            
     e(  4 -  4) =    -10.28624  eV     1   --> A'             
     e(  5 -  5) =      0.62813  eV     1   --> A'             
     e(  6 -  6) =      2.39069  eV     1   --> A'             
     e(  7 -  7) =      2.54791  eV     1   --> A''            
     e(  8 -  8) =      3.34004  eV     1   --> A''            
     e(  9 -  9) =      3.55042  eV     1   --> A'             
     e( 10 - 10) =      3.89532  eV     1   --> A''            
     e( 11 - 11) =     15.26740  eV     1   --> A''            
     e( 12 - 12) =     18.70614  eV     1   --> A'             
     e( 13 - 13) =     20.17096  eV     1   --> A''            
     e( 14 - 14) =     20.63417  eV     1   --> A'             

 **************************************************************************

 **************************************************************************

                    xk=(  -0.35057,  -0.54749,   0.00000  )

     Band symmetry, C_s (m)     point group:

     e(  1 -  1) =    -90.49804  eV     1   --> A''            
     e(  2 -  2) =    -90.49790  eV     1   --> A'             
     e(  3 -  3) =    -10.40551  eV     1   --> A''            
     e(  4 -  4) =    -10.29852  eV     1   --> A'             
     e(  5 -  5) =      0.62506  eV     1   --> A'             
     e(  6 -  6) =      2.40680  eV     1   --> A'             
     e(  7 -  7) =      2.54996  eV     1   --> A''            
     e(  8 -  8) =      3.29763  eV     1   --> A''            
     e(  9 -  9) =      3.58774  eV     1   --> A'             
     e( 10 - 10) =      3.84903  eV     1   --> A''            
     e( 11 - 11) =     15.24645  eV     1   --> A''            
     e( 12 - 12) =     18.75875  eV     1   --> A'             
     e( 13 - 13) =     20.24321  eV     1   --> A''            
     e( 14 - 14) =     20.59250  eV     1   --> A'             

 **************************************************************************

 **************************************************************************

                    xk=(  -0.34483,  -0.55744,   0.00000  )

     Band symmetry, C_s (m)     point group:

     e(  1 -  2) =    -90.49802  eV     2   --> A'             
     e(  1 -  2) =    -90.49802  eV     2   --> A''            
     e(  3 -  3) =    -10.38545  eV     1   --> A''            
     e(  4 -  4) =    -10.31261  eV     1   --> A'             
     e(  5 -  5) =      0.62209  eV     1   --> A'             
     e(  6 -  6) =      2.42893  eV     1   --> A'             
     e(  7 -  7) =      2.54116  eV     1   --> A''            
     e(  8 -  8) =      3.26782  eV     1   --> A''            
     e(  9 -  9) =      3.62707  eV     1   --> A'             
     e( 10 - 10) =      3.80259  eV     1   --> A''            
     e( 11 - 11) =     15.23107  eV     1   --> A''            
     e( 12 - 12) =     18.79638  eV     1   --> A'             
     e( 13 - 13) =     20.31181  eV     1   --> A''            
     e( 14 - 14) =     20.54547  eV     1   --> A'             

 **************************************************************************

 **************************************************************************

                    xk=(  -0.33908,  -0.56740,   0.00000  )

     Band symmetry, C_s (m)     point group:

     e(  1 -  2) =    -90.49799  eV     2   --> A'             
     e(  1 -  2) =    -90.49799  eV     2   --> A''            
     e(  3 -  3) =    -10.36576  eV     1   --> A''            
     e(  4 -  4) =    -10.32860  eV     1   --> A'             
     e(  5 -  5) =      0.61985  eV     1   --> A'             
     e(  6 -  6) =      2.45677  eV     1   --> A'             
     e(  7 -  7) =      2.52088  eV     1   --> A''            
     e(  8 -  8) =      3.25115  eV     1   --> A''            
     e(  9 -  9) =      3.66832  eV     1   --> A'             
     e( 10 - 10) =      3.75643  eV     1   --> A''            
     e( 11 - 11) =     15.22163  eV     1   --> A''            
     e( 12 - 12) =     18.81889  eV     1   --> A'             
     e( 13 - 13) =     20.37642  eV     1   --> A''            
     e( 14 - 14) =     20.49333  eV     1   --> A'             

 **************************************************************************

 **************************************************************************

                    xk=(  -0.33333,  -0.57735,   0.00000  )

     point group C_3v (3m)  
     there are  3 classes
     the character table:

       E     2C3   3s_v 
A_1    1.00  1.00  1.00
A_2    1.00  1.00 -1.00
E      2.00 -1.00  0.00

     the symmetry operations in each class and the name of the first element:

     E        1
                                                                 
     2C3      2    3
                                                                 
     3s_v     4    6    5
                                                                 

     Band symmetry, C_3v (3m)   point group:

     e(  1 -  2) =    -90.49796  eV     2   --> E    L_3       
     e(  3 -  4) =    -10.34654  eV     2   --> E    L_3       
     e(  5 -  5) =      0.61896  eV     1   --> A_1  L_1       
     e(  6 -  7) =      2.48993  eV     2   --> E    L_3       
     e(  8 -  8) =      3.24623  eV     1   --> A_2  L_2       
     e(  9 - 10) =      3.71141  eV     2   --> E    L_3       
     e( 11 - 11) =     15.21842  eV     1   --> A_2  L_2       
     e( 12 - 12) =     18.82636  eV     1   --> A_1  L_1       
     e( 13 - 14) =     20.43684  eV     2   --> E    L_3       

 **************************************************************************

 **************************************************************************

                    xk=(  -0.32778,  -0.56773,   0.00000  )

     point group C_s (m)    
     there are  2 classes
     the character table:

       E     s    
A'     1.00  1.00
A''    1.00 -1.00

     the symmetry operations in each class and the name of the first element:

     E        1
                                                                 
     s        2
                                                                 

     Band symmetry, C_s (m)     point group:

     e(  1 -  2) =    -90.49799  eV     2   --> A'             
     e(  1 -  2) =    -90.49799  eV     2   --> A''            
     e(  3 -  3) =    -10.36581  eV     1   --> A'             
     e(  4 -  4) =    -10.32851  eV     1   --> A''            
     e(  5 -  5) =      0.61998  eV     1   --> A'             
     e(  6 -  6) =      2.45173  eV     1   --> A''            
     e(  7 -  7) =      2.52666  eV     1   --> A'             
     e(  8 -  8) =      3.24955  eV     1   --> A''            
     e(  9 -  9) =      3.67049  eV     1   --> A''            
     e( 10 - 10) =      3.75474  eV     1   --> A'             
     e( 11 - 11) =     15.22148  eV     1   --> A''            
     e( 12 - 12) =     18.81946  eV     1   --> A'             
     e( 13 - 13) =     20.37921  eV     1   --> A'             
     e( 14 - 14) =     20.49122  eV     1   --> A''            

 **************************************************************************

 **************************************************************************

                    xk=(  -0.32222,  -0.55811,   0.00000  )

     Band symmetry, C_s (m)     point group:

     e(  1 -  1) =    -90.49802  eV     1   --> A'             
     e(  2 -  2) =    -90.49792  eV     1   --> A''            
     e(  3 -  3) =    -10.38701  eV     1   --> A'             
     e(  4 -  4) =    -10.31112  eV     1   --> A''            
     e(  5 -  5) =      0.62339  eV     1   --> A'             
     e(  6 -  6) =      2.40765  eV     1   --> A''            
     e(  7 -  7) =      2.56759  eV     1   --> A'             
     e(  8 -  8) =      3.25630  eV     1   --> A''            
     e(  9 -  9) =      3.63468  eV     1   --> A''            
     e( 10 - 10) =      3.79967  eV     1   --> A'             
     e( 11 - 11) =     15.23076  eV     1   --> A''            
     e( 12 - 12) =     18.79901  eV     1   --> A'             
     e( 13 - 13) =     20.31998  eV     1   --> A'             
     e( 14 - 14) =     20.54169  eV     1   --> A''            

 **************************************************************************

 **************************************************************************

                    xk=(  -0.31667,  -0.54848,   0.00000  )

     Band symmetry, C_s (m)     point group:

     e(  1 -  1) =    -90.49805  eV     1   --> A'             
     e(  2 -  2) =    -90.49789  eV     1   --> A''            
     e(  3 -  3) =    -10.41017  eV     1   --> A'             
     e(  4 -  4) =    -10.29446  eV     1   --> A''            
     e(  5 -  5) =      0.62969  eV     1   --> A'             
     e(  6 -  6) =      2.35983  eV     1   --> A''            
     e(  7 -  7) =      2.61234  eV     1   --> A'             
     e(  8 -  8) =      3.26066  eV     1   --> A''            
     e(  9 -  9) =      3.60789  eV     1   --> A''            
     e( 10 - 10) =      3.84611  eV     1   --> A'             
     e( 11 - 11) =     15.24636  eV     1   --> A''            
     e( 12 - 12) =     18.76537  eV     1   --> A'             
     e( 13 - 13) =     20.26064  eV     1   --> A'             
     e( 14 - 14) =     20.58840  eV     1   --> A''            

 **************************************************************************

 **************************************************************************

                    xk=(  -0.31111,  -0.53886,   0.00000  )

     Band symmetry, C_s (m)     point group:

     e(  1 -  1) =    -90.49808  eV     1   --> A'             
     e(  2 -  2) =    -90.49787  eV     1   --> A''            
     e(  3 -  3) =    -10.43533  eV     1   --> A'             
     e(  4 -  4) =    -10.27862  eV     1   --> A''            
     e(  5 -  5) =      0.63934  eV     1   --> A'             
     e(  6 -  6) =      2.31007  eV     1   --> A''            
     e(  7 -  7) =      2.66053  eV     1   --> A'             
     e(  8 -  8) =      3.25630  eV     1   --> A''            
     e(  9 -  9) =      3.59495  eV     1   --> A''            
     e( 10 - 10) =      3.89402  eV     1   --> A'             
     e( 11 - 11) =     15.26837  eV     1   --> A''            
     e( 12 - 12) =     18.71907  eV     1   --> A'             
     e( 13 - 13) =     20.20264  eV     1   --> A'             
     e( 14 - 14) =     20.63154  eV     1   --> A''            

 **************************************************************************

 **************************************************************************

                    xk=(  -0.30556,  -0.52924,   0.00000  )

     Band symmetry, C_s (m)     point group:

     e(  1 -  1) =    -90.49811  eV     1   --> A'             
     e(  2 -  2) =    -90.49785  eV     1   --> A''            
     e(  3 -  3) =    -10.46247  eV     1   --> A'             
     e(  4 -  4) =    -10.26369  eV     1   --> A''            
     e(  5 -  5) =      0.65276  eV     1   --> A'             
     e(  6 -  6) =      2.25973  eV     1   --> A''            
     e(  7 -  7) =      2.71182  eV     1   --> A'             
     e(  8 -  8) =      3.23880  eV     1   --> A''            
     e(  9 -  9) =      3.59915  eV     1   --> A''            
     e( 10 - 10) =      3.94330  eV     1   --> A'             
     e( 11 - 11) =     15.29680  eV     1   --> A''            
     e( 12 - 12) =     18.66074  eV     1   --> A'             
     e( 13 - 13) =     20.14729  eV     1   --> A'             
     e( 14 - 14) =     20.67135  eV     1   --> A''            

 **************************************************************************

 **************************************************************************

                    xk=(  -0.30000,  -0.51962,   0.00000  )

     Band symmetry, C_s (m)     point group:

     e(  1 -  1) =    -90.49815  eV     1   --> A'             
     e(  2 -  2) =    -90.49784  eV     1   --> A''            
     e(  3 -  3) =    -10.49160  eV     1   --> A'             
     e(  4 -  4) =    -10.24975  eV     1   --> A''            
     e(  5 -  5) =      0.67029  eV     1   --> A'             
     e(  6 -  6) =      2.20984  eV     1   --> A''            
     e(  7 -  7) =      2.76586  eV     1   --> A'             
     e(  8 -  8) =      3.20813  eV     1   --> A''            
     e(  9 -  9) =      3.61977  eV     1   --> A''            
     e( 10 - 10) =      3.99391  eV     1   --> A'             
     e( 11 - 11) =     15.33166  eV     1   --> A''            
     e( 12 - 12) =     18.59120  eV     1   --> A'             
     e( 13 - 13) =     20.09562  eV     1   --> A'             
     e( 14 - 14) =     20.70808  eV     1   --> A''            

 **************************************************************************

 **************************************************************************

                    xk=(  -0.29444,  -0.50999,   0.00000  )

     Band symmetry, C_s (m)     point group:

     e(  1 -  1) =    -90.49819  eV     1   --> A'             
     e(  2 -  2) =    -90.49782  eV     1   --> A''            
     e(  3 -  3) =    -10.52270  eV     1   --> A'             
     e(  4 -  4) =    -10.23688  eV     1   --> A''            
     e(  5 -  5) =      0.69226  eV     1   --> A'             
     e(  6 -  6) =      2.16110  eV     1   --> A''            
     e(  7 -  7) =      2.82236  eV     1   --> A'             
     e(  8 -  8) =      3.16741  eV     1   --> A''            
     e(  9 -  9) =      3.65322  eV     1   --> A''            
     e( 10 - 10) =      4.04575  eV     1   --> A'             
     e( 11 - 11) =     15.37288  eV     1   --> A''            
     e( 12 - 12) =     18.51141  eV     1   --> A'             
     e( 13 - 13) =     20.04838  eV     1   --> A'             
     e( 14 - 14) =     20.74197  eV     1   --> A''            

 **************************************************************************

 **************************************************************************

                    xk=(  -0.28889,  -0.50037,   0.00000  )

     Band symmetry, C_s (m)     point group:

     e(  1 -  1) =    -90.49823  eV     1   --> A'             
     e(  2 -  2) =    -90.49781  eV     1   --> A''            
     e(  3 -  3) =    -10.55573  eV     1   --> A'             
     e(  4 -  4) =    -10.22515  eV     1   --> A''            
     e(  5 -  5) =      0.71891  eV     1   --> A'             
     e(  6 -  6) =      2.11397  eV     1   --> A''            
     e(  7 -  7) =      2.88102  eV     1   --> A'             
     e(  8 -  8) =      3.12015  eV     1   --> A''            
     e(  9 -  9) =      3.69577  eV     1   --> A''            
     e( 10 - 10) =      4.09875  eV     1   --> A'             
     e( 11 - 11) =     15.42040  eV     1   --> A''            
     e( 12 - 12) =     18.42243  eV     1   --> A'             
     e( 13 - 13) =     20.00605  eV     1   --> A'             
     e( 14 - 14) =     20.77322  eV     1   --> A''            

 **************************************************************************

 **************************************************************************

                    xk=(  -0.28333,  -0.49075,   0.00000  )

     Band symmetry, C_s (m)     point group:

     e(  1 -  1) =    -90.49827  eV     1   --> A'             
     e(  2 -  2) =    -90.49779  eV     1   --> A''            
     e(  3 -  3) =    -10.59066  eV     1   --> A'             
     e(  4 -  4) =    -10.21463  eV     1   --> A''            
     e(  5 -  5) =      0.75046  eV     1   --> A'             
     e(  6 -  6) =      2.06870  eV     1   --> A''            
     e(  7 -  7) =      2.94157  eV     1   --> A'             
     e(  8 -  8) =      3.06907  eV     1   --> A''            
     e(  9 -  9) =      3.74466  eV     1   --> A''            
     e( 10 - 10) =      4.15282  eV     1   --> A'             
     e( 11 - 11) =     15.47411  eV     1   --> A''            
     e( 12 - 12) =     18.32545  eV     1   --> A'             
     e( 13 - 13) =     19.96883  eV     1   --> A'             
     e( 14 - 14) =     20.80198  eV     1   --> A''            

 **************************************************************************

 **************************************************************************

                    xk=(  -0.27778,  -0.48113,   0.00000  )

     Band symmetry, C_s (m)     point group:

     e(  1 -  1) =    -90.49831  eV     1   --> A'             
     e(  2 -  2) =    -90.49778  eV     1   --> A''            
     e(  3 -  3) =    -10.62742  eV     1   --> A'             
     e(  4 -  4) =    -10.20537  eV     1   --> A''            
     e(  5 -  5) =      0.78708  eV     1   --> A'             
     e(  6 -  6) =      2.02537  eV     1   --> A''            
     e(  7 -  7) =      3.00376  eV     1   --> A'             
     e(  8 -  8) =      3.01612  eV     1   --> A''            
     e(  9 -  9) =      3.79809  eV     1   --> A''            
     e( 10 - 10) =      4.20787  eV     1   --> A'             
     e( 11 - 11) =     15.53388  eV     1   --> A''            
     e( 12 - 12) =     18.22162  eV     1   --> A'             
     e( 13 - 13) =     19.93680  eV     1   --> A'             
     e( 14 - 14) =     20.82833  eV     1   --> A''            

 **************************************************************************

 **************************************************************************

                    xk=(  -0.27222,  -0.47150,   0.00000  )

     Band symmetry, C_s (m)     point group:

     e(  1 -  1) =    -90.49836  eV     1   --> A'             
     e(  2 -  2) =    -90.49777  eV     1   --> A''            
     e(  3 -  3) =    -10.66594  eV     1   --> A'             
     e(  4 -  4) =    -10.19744  eV     1   --> A''            
     e(  5 -  5) =      0.82890  eV     1   --> A'             
     e(  6 -  6) =      1.98391  eV     1   --> A''            
     e(  7 -  7) =      2.96274  eV     1   --> A''            
     e(  8 -  8) =      3.06738  eV     1   --> A'             
     e(  9 -  9) =      3.85487  eV     1   --> A''            
     e( 10 - 10) =      4.26381  eV     1   --> A'             
     e( 11 - 11) =     15.59953  eV     1   --> A''            
     e( 12 - 12) =     18.11210  eV     1   --> A'             
     e( 13 - 13) =     19.90988  eV     1   --> A'             
     e( 14 - 14) =     20.85222  eV     1   --> A''            

 **************************************************************************

 **************************************************************************

                    xk=(  -0.26667,  -0.46188,   0.00000  )

     Band symmetry, C_s (m)     point group:

     e(  1 -  1) =    -90.49841  eV     1   --> A'             
     e(  2 -  2) =    -90.49776  eV     1   --> A''            
     e(  3 -  3) =    -10.70615  eV     1   --> A'             
     e(  4 -  4) =    -10.19087  eV     1   --> A''            
     e(  5 -  5) =      0.87600  eV     1   --> A'             
     e(  6 -  6) =      1.94408  eV     1   --> A''            
     e(  7 -  7) =      2.91013  eV     1   --> A''            
     e(  8 -  8) =      3.13221  eV     1   --> A'             
     e(  9 -  9) =      3.91422  eV     1   --> A''            
     e( 10 - 10) =      4.32054  eV     1   --> A'             
     e( 11 - 11) =     15.67090  eV     1   --> A''            
     e( 12 - 12) =     17.99796  eV     1   --> A'             
     e( 13 - 13) =     19.88796  eV     1   --> A'             
     e( 14 - 14) =     20.87346  eV     1   --> A''            

 **************************************************************************

 **************************************************************************

                    xk=(  -0.26111,  -0.45226,   0.00000  )

     Band symmetry, C_s (m)     point group:

     e(  1 -  1) =    -90.49846  eV     1   --> A'             
     e(  2 -  2) =    -90.49776  eV     1   --> A''            
     e(  3 -  3) =    -10.74796  eV     1   --> A'             
     e(  4 -  4) =    -10.18571  eV     1   --> A''            
     e(  5 -  5) =      0.92843  eV     1   --> A'             
     e(  6 -  6) =      1.90552  eV     1   --> A''            
     e(  7 -  7) =      2.85939  eV     1   --> A''            
     e(  8 -  8) =      3.19806  eV     1   --> A'             
     e(  9 -  9) =      3.97557  eV     1   --> A''            
     e( 10 - 10) =      4.37794  eV     1   --> A'             
     e( 11 - 11) =     15.74778  eV     1   --> A''            
     e( 12 - 12) =     17.88016  eV     1   --> A'             
     e( 13 - 13) =     19.87088  eV     1   --> A'             
     e( 14 - 14) =     20.89169  eV     1   --> A''            

 **************************************************************************

 **************************************************************************

                    xk=(  -0.25556,  -0.44264,   0.00000  )

     Band symmetry, C_s (m)     point group:

     e(  1 -  1) =    -90.49851  eV     1   --> A'             
     e(  2 -  2) =    -90.49775  eV     1   --> A''            
     e(  3 -  3) =    -10.79127  eV     1   --> A'             
     e(  4 -  4) =    -10.18198  eV     1   --> A''            
     e(  5 -  5) =      0.98622  eV     1   --> A'             
     e(  6 -  6) =      1.86772  eV     1   --> A''            
     e(  7 -  7) =      2.81158  eV     1   --> A''            
     e(  8 -  8) =      3.26475  eV     1   --> A'             
     e(  9 -  9) =      4.03851  eV     1   --> A''            
     e( 10 - 10) =      4.43590  eV     1   --> A'             
     e( 11 - 11) =     15.82995  eV     1   --> A''            
     e( 12 - 12) =     17.75958  eV     1   --> A'             
     e( 13 - 13) =     19.85851  eV     1   --> A'             
     e( 14 - 14) =     20.90630  eV     1   --> A''            

 **************************************************************************

 **************************************************************************

                    xk=(  -0.25000,  -0.43301,   0.00000  )

     Band symmetry, C_s (m)     point group:

     e(  1 -  1) =    -90.49857  eV     1   --> A'             
     e(  2 -  2) =    -90.49775  eV     1   --> A''            
     e(  3 -  3) =    -10.83598  eV     1   --> A'             
     e(  4 -  4) =    -10.17969  eV     1   --> A''            
     e(  5 -  5) =      1.04935  eV     1   --> A'             
     e(  6 -  6) =      1.83008  eV     1   --> A''            
     e(  7 -  7) =      2.76775  eV     1   --> A''            
     e(  8 -  8) =      3.33211  eV     1   --> A'             
     e(  9 -  9) =      4.10271  eV     1   --> A''            
     e( 10 - 10) =      4.49432  eV     1   --> A'             
     e( 11 - 11) =     15.91718  eV     1   --> A''            
     e( 12 - 12) =     17.63697  eV     1   --> A'             
     e( 13 - 13) =     19.85069  eV     1   --> A'             
     e( 14 - 14) =     20.91643  eV     1   --> A''            

 **************************************************************************

 **************************************************************************

                    xk=(  -0.24444,  -0.42339,   0.00000  )

     Band symmetry, C_s (m)     point group:

     e(  1 -  1) =    -90.49862  eV     1   --> A'             
     e(  2 -  2) =    -90.49775  eV     1   --> A''            
     e(  3 -  3) =    -10.88196  eV     1   --> A'             
     e(  4 -  4) =    -10.17886  eV     1   --> A''            
     e(  5 -  5) =      1.11779  eV     1   --> A'             
     e(  6 -  6) =      1.79192  eV     1   --> A''            
     e(  7 -  7) =      2.72894  eV     1   --> A''            
     e(  8 -  8) =      3.40000  eV     1   --> A'             
     e(  9 -  9) =      4.16790  eV     1   --> A''            
     e( 10 - 10) =      4.55306  eV     1   --> A'             
     e( 11 - 11) =     16.00921  eV     1   --> A''            
     e( 12 - 12) =     17.51298  eV     1   --> A'             
     e( 13 - 13) =     19.84729  eV     1   --> A'             
     e( 14 - 14) =     20.92084  eV     1   --> A''            

 **************************************************************************

 **************************************************************************

                    xk=(  -0.23889,  -0.41377,   0.00000  )

     Band symmetry, C_s (m)     point group:

     e(  1 -  1) =    -90.49868  eV     1   --> A'             
     e(  2 -  2) =    -90.49775  eV     1   --> A''            
     e(  3 -  3) =    -10.92911  eV     1   --> A'             
     e(  4 -  4) =    -10.17949  eV     1   --> A''            
     e(  5 -  5) =      1.19147  eV     1   --> A'             
     e(  6 -  6) =      1.75254  eV     1   --> A''            
     e(  7 -  7) =      2.69614  eV     1   --> A''            
     e(  8 -  8) =      3.46827  eV     1   --> A'             
     e(  9 -  9) =      4.23387  eV     1   --> A''            
     e( 10 - 10) =      4.61200  eV     1   --> A'             
     e( 11 - 11) =     16.10578  eV     1   --> A''            
     e( 12 - 12) =     17.38817  eV     1   --> A'             
     e( 13 - 13) =     19.84819  eV     1   --> A'             
     e( 14 - 14) =     20.91801  eV     1   --> A''            

 **************************************************************************

 **************************************************************************

                    xk=(  -0.23333,  -0.40415,   0.00000  )

     Band symmetry, C_s (m)     point group:

     e(  1 -  1) =    -90.49874  eV     1   --> A'             
     e(  2 -  2) =    -90.49776  eV     1   --> A''            
     e(  3 -  3) =    -10.97730  eV     1   --> A'             
     e(  4 -  4) =    -10.18157  eV     1   --> A''            
     e(  5 -  5) =      1.27030  eV     1   --> A'             
     e(  6 -  6) =      1.71129  eV     1   --> A''            
     e(  7 -  7) =      2.67027  eV     1   --> A''            
     e(  8 -  8) =      3.53678  eV     1   --> A'             
     e(  9 -  9) =      4.30043  eV     1   --> A''            
     e( 10 - 10) =      4.67102  eV     1   --> A'             
     e( 11 - 11) =     16.20661  eV     1   --> A''            
     e( 12 - 12) =     17.26302  eV     1   --> A'             
     e( 13 - 13) =     19.85326  eV     1   --> A'             
     e( 14 - 14) =     20.90611  eV     1   --> A''            

 **************************************************************************

 **************************************************************************

                    xk=(  -0.22778,  -0.39452,   0.00000  )

     Band symmetry, C_s (m)     point group:

     e(  1 -  1) =    -90.49880  eV     1   --> A'             
     e(  2 -  2) =    -90.49776  eV     1   --> A''            
     e(  3 -  3) =    -11.02640  eV     1   --> A'             
     e(  4 -  4) =    -10.18508  eV     1   --> A''            
     e(  5 -  5) =      1.35419  eV     1   --> A'             
     e(  6 -  6) =      1.66763  eV     1   --> A''            
     e(  7 -  7) =      2.65205  eV     1   --> A''            
     e(  8 -  8) =      3.60542  eV     1   --> A'             
     e(  9 -  9) =      4.36739  eV     1   --> A''            
     e( 10 - 10) =      4.72998  eV     1   --> A'             
     e( 11 - 11) =     16.31142  eV     1   --> A''            
     e( 12 - 12) =     17.13793  eV     1   --> A'             
     e( 13 - 13) =     19.86237  eV     1   --> A'             
     e( 14 - 14) =     20.88331  eV     1   --> A''            

 **************************************************************************

 **************************************************************************

                    xk=(  -0.22222,  -0.38490,   0.00000  )

     Band symmetry, C_s (m)     point group:

     e(  1 -  1) =    -90.49887  eV     1   --> A'             
     e(  2 -  2) =    -90.49777  eV     1   --> A''            
     e(  3 -  3) =    -11.07628  eV     1   --> A'             
     e(  4 -  4) =    -10.18999  eV     1   --> A''            
     e(  5 -  5) =      1.44299  eV     1   --> A'             
     e(  6 -  6) =      1.62120  eV     1   --> A''            
     e(  7 -  7) =      2.64200  eV     1   --> A''            
     e(  8 -  8) =      3.67408  eV     1   --> A'             
     e(  9 -  9) =      4.43460  eV     1   --> A''            
     e( 10 - 10) =      4.78876  eV     1   --> A'             
     e( 11 - 11) =     16.41990  eV     1   --> A''            
     e( 12 - 12) =     17.01323  eV     1   --> A'             
     e( 13 - 13) =     19.87535  eV     1   --> A'             
     e( 14 - 14) =     20.84817  eV     1   --> A''            

 **************************************************************************

 **************************************************************************

                    xk=(  -0.21667,  -0.37528,   0.00000  )

     Band symmetry, C_s (m)     point group:

     e(  1 -  1) =    -90.49893  eV     1   --> A'             
     e(  2 -  2) =    -90.49778  eV     1   --> A''            
     e(  3 -  3) =    -11.12681  eV     1   --> A'             
     e(  4 -  4) =    -10.19627  eV     1   --> A''            
     e(  5 -  5) =      1.53657  eV     1   --> A'             
     e(  6 -  6) =      1.57186  eV     1   --> A''            
     e(  7 -  7) =      2.64040  eV     1   --> A''            
     e(  8 -  8) =      3.74263  eV     1   --> A'             
     e(  9 -  9) =      4.50191  eV     1   --> A''            
     e( 10 - 10) =      4.84722  eV     1   --> A'             
     e( 11 - 11) =     16.53175  eV     1   --> A''            
     e( 12 - 12) =     16.88921  eV     1   --> A'             
     e( 13 - 13) =     19.89202  eV     1   --> A'             
     e( 14 - 14) =     20.80004  eV     1   --> A''            

 **************************************************************************

 **************************************************************************

                    xk=(  -0.21111,  -0.36566,   0.00000  )

     Band symmetry, C_s (m)     point group:

     e(  1 -  1) =    -90.49900  eV     1   --> A'             
     e(  2 -  2) =    -90.49779  eV     1   --> A''            
     e(  3 -  3) =    -11.17785  eV     1   --> A'             
     e(  4 -  4) =    -10.20387  eV     1   --> A''            
     e(  5 -  5) =      1.51965  eV     1   --> A''            
     e(  6 -  6) =      1.63476  eV     1   --> A'             
     e(  7 -  7) =      2.64730  eV     1   --> A''            
     e(  8 -  8) =      3.81099  eV     1   --> A'             
     e(  9 -  9) =      4.56918  eV     1   --> A''            
     e( 10 - 10) =      4.90524  eV     1   --> A'             
     e( 11 - 11) =     16.64665  eV     1   --> A''            
     e( 12 - 12) =     16.76611  eV     1   --> A'             
     e( 13 - 13) =     19.91217  eV     1   --> A'             
     e( 14 - 14) =     20.73932  eV     1   --> A''            

 **************************************************************************

 **************************************************************************

                    xk=(  -0.20556,  -0.35603,   0.00000  )

     Band symmetry, C_s (m)     point group:

     e(  1 -  1) =    -90.49907  eV     1   --> A'             
     e(  2 -  2) =    -90.49780  eV     1   --> A''            
     e(  3 -  3) =    -11.22928  eV     1   --> A'             
     e(  4 -  4) =    -10.21274  eV     1   --> A''            
     e(  5 -  5) =      1.46479  eV     1   --> A''            
     e(  6 -  6) =      1.73737  eV     1   --> A'             
     e(  7 -  7) =      2.66255  eV     1   --> A''            
     e(  8 -  8) =      3.87906  eV     1   --> A'             
     e(  9 -  9) =      4.63628  eV     1   --> A''            
     e( 10 - 10) =      4.96268  eV     1   --> A'             
     e( 11 - 11) =     16.64410  eV     1   --> A'             
     e( 12 - 12) =     16.76428  eV     1   --> A''            
     e( 13 - 13) =     19.93552  eV     1   --> A'             
     e( 14 - 14) =     20.66738  eV     1   --> A''            

 **************************************************************************

 **************************************************************************

                    xk=(  -0.20000,  -0.34641,   0.00000  )

     Band symmetry, C_s (m)     point group:

     e(  1 -  1) =    -90.49914  eV     1   --> A'             
     e(  2 -  2) =    -90.49781  eV     1   --> A''            
     e(  3 -  3) =    -11.28096  eV     1   --> A'             
     e(  4 -  4) =    -10.22281  eV     1   --> A''            
     e(  5 -  5) =      1.40760  eV     1   --> A''            
     e(  6 -  6) =      1.84422  eV     1   --> A'             
     e(  7 -  7) =      2.68585  eV     1   --> A''            
     e(  8 -  8) =      3.94674  eV     1   --> A'             
     e(  9 -  9) =      4.70307  eV     1   --> A''            
     e( 10 - 10) =      5.01943  eV     1   --> A'             
     e( 11 - 11) =     16.52335  eV     1   --> A'             
     e( 12 - 12) =     16.88430  eV     1   --> A''            
     e( 13 - 13) =     19.96173  eV     1   --> A'             
     e( 14 - 14) =     20.58616  eV     1   --> A''            

 **************************************************************************

 **************************************************************************

                    xk=(  -0.19444,  -0.33679,   0.00000  )

     Band symmetry, C_s (m)     point group:

     e(  1 -  1) =    -90.49920  eV     1   --> A'             
     e(  2 -  2) =    -90.49783  eV     1   --> A''            
     e(  3 -  3) =    -11.33276  eV     1   --> A'             
     e(  4 -  4) =    -10.23403  eV     1   --> A''            
     e(  5 -  5) =      1.34849  eV     1   --> A''            
     e(  6 -  6) =      1.95508  eV     1   --> A'             
     e(  7 -  7) =      2.71682  eV     1   --> A''            
     e(  8 -  8) =      4.01396  eV     1   --> A'             
     e(  9 -  9) =      4.76943  eV     1   --> A''            
     e( 10 - 10) =      5.07536  eV     1   --> A'             
     e( 11 - 11) =     16.40397  eV     1   --> A'             
     e( 12 - 12) =     17.00637  eV     1   --> A''            
     e( 13 - 13) =     19.99040  eV     1   --> A'             
     e( 14 - 14) =     20.49772  eV     1   --> A''            

 **************************************************************************

 **************************************************************************

                    xk=(  -0.18889,  -0.32717,   0.00000  )

     Band symmetry, C_s (m)     point group:

     e(  1 -  1) =    -90.49927  eV     1   --> A'             
     e(  2 -  2) =    -90.49785  eV     1   --> A''            
     e(  3 -  3) =    -11.38454  eV     1   --> A'             
     e(  4 -  4) =    -10.24631  eV     1   --> A''            
     e(  5 -  5) =      1.28788  eV     1   --> A''            
     e(  6 -  6) =      2.06974  eV     1   --> A'             
     e(  7 -  7) =      2.75500  eV     1   --> A''            
     e(  8 -  8) =      4.08065  eV     1   --> A'             
     e(  9 -  9) =      4.83523  eV     1   --> A''            
     e( 10 - 10) =      5.13036  eV     1   --> A'             
     e( 11 - 11) =     16.28607  eV     1   --> A'             
     e( 12 - 12) =     17.13012  eV     1   --> A''            
     e( 13 - 13) =     20.02106  eV     1   --> A'             
     e( 14 - 14) =     20.40399  eV     1   --> A''            

 **************************************************************************

 **************************************************************************

                    xk=(  -0.18333,  -0.31754,   0.00000  )

     Band symmetry, C_s (m)     point group:

     e(  1 -  1) =    -90.49935  eV     1   --> A'             
     e(  2 -  2) =    -90.49786  eV     1   --> A''            
     e(  3 -  3) =    -11.43619  eV     1   --> A'             
     e(  4 -  4) =    -10.25959  eV     1   --> A''            
     e(  5 -  5) =      1.22619  eV     1   --> A''            
     e(  6 -  6) =      2.18793  eV     1   --> A'             
     e(  7 -  7) =      2.79994  eV     1   --> A''            
     e(  8 -  8) =      4.14672  eV     1   --> A'             
     e(  9 -  9) =      4.90035  eV     1   --> A''            
     e( 10 - 10) =      5.18433  eV     1   --> A'             
     e( 11 - 11) =     16.16970  eV     1   --> A'             
     e( 12 - 12) =     17.25520  eV     1   --> A''            
     e( 13 - 13) =     20.05312  eV     1   --> A'             
     e( 14 - 14) =     20.30661  eV     1   --> A''            

 **************************************************************************

 **************************************************************************

                    xk=(  -0.17778,  -0.30792,   0.00000  )

     Band symmetry, C_s (m)     point group:

     e(  1 -  1) =    -90.49942  eV     1   --> A'             
     e(  2 -  2) =    -90.49788  eV     1   --> A''            
     e(  3 -  3) =    -11.48757  eV     1   --> A'             
     e(  4 -  4) =    -10.27377  eV     1   --> A''            
     e(  5 -  5) =      1.16382  eV     1   --> A''            
     e(  6 -  6) =      2.30941  eV     1   --> A'             
     e(  7 -  7) =      2.85117  eV     1   --> A''            
     e(  8 -  8) =      4.21211  eV     1   --> A'             
     e(  9 -  9) =      4.96468  eV     1   --> A''            
     e( 10 - 10) =      5.23715  eV     1   --> A'             
     e( 11 - 11) =     16.05491  eV     1   --> A'             
     e( 12 - 12) =     17.38120  eV     1   --> A''            
     e( 13 - 13) =     20.08594  eV     1   --> A'             
     e( 14 - 14) =     20.20692  eV     1   --> A''            

 **************************************************************************

 **************************************************************************

                    xk=(  -0.17222,  -0.29830,   0.00000  )

     Band symmetry, C_s (m)     point group:

     e(  1 -  1) =    -90.49949  eV     1   --> A'             
     e(  2 -  2) =    -90.49790  eV     1   --> A''            
     e(  3 -  3) =    -11.53857  eV     1   --> A'             
     e(  4 -  4) =    -10.28877  eV     1   --> A''            
     e(  5 -  5) =      1.10113  eV     1   --> A''            
     e(  6 -  6) =      2.43389  eV     1   --> A'             
     e(  7 -  7) =      2.90823  eV     1   --> A''            
     e(  8 -  8) =      4.27678  eV     1   --> A'             
     e(  9 -  9) =      5.02808  eV     1   --> A''            
     e( 10 - 10) =      5.28873  eV     1   --> A'             
     e( 11 - 11) =     15.94174  eV     1   --> A'             
     e( 12 - 12) =     17.50769  eV     1   --> A''            
     e( 13 - 13) =     20.10605  eV     1   --> A''            
     e( 14 - 14) =     20.11876  eV     1   --> A'             

 **************************************************************************

 **************************************************************************

                    xk=(  -0.16667,  -0.28868,   0.00000  )

     Band symmetry, C_s (m)     point group:

     e(  1 -  1) =    -90.49956  eV     1   --> A'             
     e(  2 -  2) =    -90.49793  eV     1   --> A''            
     e(  3 -  3) =    -11.58907  eV     1   --> A'             
     e(  4 -  4) =    -10.30450  eV     1   --> A''            
     e(  5 -  5) =      1.03846  eV     1   --> A''            
     e(  6 -  6) =      2.56107  eV     1   --> A'             
     e(  7 -  7) =      2.97067  eV     1   --> A''            
     e(  8 -  8) =      4.34066  eV     1   --> A'             
     e(  9 -  9) =      5.09044  eV     1   --> A''            
     e( 10 - 10) =      5.33900  eV     1   --> A'             
     e( 11 - 11) =     15.83019  eV     1   --> A'             
     e( 12 - 12) =     17.63423  eV     1   --> A''            
     e( 13 - 13) =     20.00492  eV     1   --> A''            
     e( 14 - 14) =     20.15078  eV     1   --> A'             

 **************************************************************************

 **************************************************************************

                    xk=(  -0.16111,  -0.27905,   0.00000  )

     Band symmetry, C_s (m)     point group:

     e(  1 -  1) =    -90.49963  eV     1   --> A'             
     e(  2 -  2) =    -90.49795  eV     1   --> A''            
     e(  3 -  3) =    -11.63895  eV     1   --> A'             
     e(  4 -  4) =    -10.32087  eV     1   --> A''            
     e(  5 -  5) =      0.97609  eV     1   --> A''            
     e(  6 -  6) =      2.69063  eV     1   --> A'             
     e(  7 -  7) =      3.03805  eV     1   --> A''            
     e(  8 -  8) =      4.40372  eV     1   --> A'             
     e(  9 -  9) =      5.15166  eV     1   --> A''            
     e( 10 - 10) =      5.38787  eV     1   --> A'             
     e( 11 - 11) =     15.72027  eV     1   --> A'             
     e( 12 - 12) =     17.76025  eV     1   --> A''            
     e( 13 - 13) =     19.90436  eV     1   --> A''            
     e( 14 - 14) =     20.18118  eV     1   --> A'             

 **************************************************************************

 **************************************************************************

                    xk=(  -0.15556,  -0.26943,   0.00000  )

     Band symmetry, C_s (m)     point group:

     e(  1 -  1) =    -90.49970  eV     1   --> A'             
     e(  2 -  2) =    -90.49797  eV     1   --> A''            
     e(  3 -  3) =    -11.68811  eV     1   --> A'             
     e(  4 -  4) =    -10.33778  eV     1   --> A''            
     e(  5 -  5) =      0.91429  eV     1   --> A''            
     e(  6 -  6) =      2.82221  eV     1   --> A'             
     e(  7 -  7) =      3.10995  eV     1   --> A''            
     e(  8 -  8) =      4.46594  eV     1   --> A'             
     e(  9 -  9) =      5.21160  eV     1   --> A''            
     e( 10 - 10) =      5.43527  eV     1   --> A'             
     e( 11 - 11) =     15.61197  eV     1   --> A'             
     e( 12 - 12) =     17.88510  eV     1   --> A''            
     e( 13 - 13) =     19.80520  eV     1   --> A''            
     e( 14 - 14) =     20.20914  eV     1   --> A'             

 **************************************************************************

 **************************************************************************

                    xk=(  -0.15000,  -0.25981,   0.00000  )

     Band symmetry, C_s (m)     point group:

     e(  1 -  1) =    -90.49978  eV     1   --> A'             
     e(  2 -  2) =    -90.49800  eV     1   --> A''            
     e(  3 -  3) =    -11.73643  eV     1   --> A'             
     e(  4 -  4) =    -10.35514  eV     1   --> A''            
     e(  5 -  5) =      0.85330  eV     1   --> A''            
     e(  6 -  6) =      2.95544  eV     1   --> A'             
     e(  7 -  7) =      3.18594  eV     1   --> A''            
     e(  8 -  8) =      4.52731  eV     1   --> A'             
     e(  9 -  9) =      5.27016  eV     1   --> A''            
     e( 10 - 10) =      5.48114  eV     1   --> A'             
     e( 11 - 11) =     15.50527  eV     1   --> A'             
     e( 12 - 12) =     18.00796  eV     1   --> A''            
     e( 13 - 13) =     19.70835  eV     1   --> A''            
     e( 14 - 14) =     20.23398  eV     1   --> A'             

 **************************************************************************

 **************************************************************************

                    xk=(  -0.14444,  -0.25019,   0.00000  )

     Band symmetry, C_s (m)     point group:

     e(  1 -  1) =    -90.49985  eV     1   --> A'             
     e(  2 -  2) =    -90.49802  eV     1   --> A''            
     e(  3 -  3) =    -11.78383  eV     1   --> A'             
     e(  4 -  4) =    -10.37284  eV     1   --> A''            
     e(  5 -  5) =      0.79333  eV     1   --> A''            
     e(  6 -  6) =      3.08992  eV     1   --> A'             
     e(  7 -  7) =      3.26562  eV     1   --> A''            
     e(  8 -  8) =      4.58783  eV     1   --> A'             
     e(  9 -  9) =      5.32722  eV     1   --> A''            
     e( 10 - 10) =      5.52543  eV     1   --> A'             
     e( 11 - 11) =     15.40015  eV     1   --> A'             
     e( 12 - 12) =     18.12766  eV     1   --> A''            
     e( 13 - 13) =     19.61495  eV     1   --> A''            
     e( 14 - 14) =     20.25516  eV     1   --> A'             

 **************************************************************************

 **************************************************************************

                    xk=(  -0.13889,  -0.24056,   0.00000  )

     Band symmetry, C_s (m)     point group:

     e(  1 -  1) =    -90.49992  eV     1   --> A'             
     e(  2 -  2) =    -90.49805  eV     1   --> A''            
     e(  3 -  3) =    -11.83019  eV     1   --> A'             
     e(  4 -  4) =    -10.39080  eV     1   --> A''            
     e(  5 -  5) =      0.73455  eV     1   --> A''            
     e(  6 -  6) =      3.22518  eV     1   --> A'             
     e(  7 -  7) =      3.34855  eV     1   --> A''            
     e(  8 -  8) =      4.64754  eV     1   --> A'             
     e(  9 -  9) =      5.38269  eV     1   --> A''            
     e( 10 - 10) =      5.56809  eV     1   --> A'             
     e( 11 - 11) =     15.29658  eV     1   --> A'             
     e( 12 - 12) =     18.24253  eV     1   --> A''            
     e( 13 - 13) =     19.52664  eV     1   --> A''            
     e( 14 - 14) =     20.27238  eV     1   --> A'             

 **************************************************************************

 **************************************************************************

                    xk=(  -0.13333,  -0.23094,   0.00000  )

     Band symmetry, C_s (m)     point group:

     e(  1 -  1) =    -90.49999  eV     1   --> A'             
     e(  2 -  2) =    -90.49807  eV     1   --> A''            
     e(  3 -  3) =    -11.87543  eV     1   --> A'             
     e(  4 -  4) =    -10.40892  eV     1   --> A''            
     e(  5 -  5) =      0.67714  eV     1   --> A''            
     e(  6 -  6) =      3.36075  eV     1   --> A'             
     e(  7 -  7) =      3.43432  eV     1   --> A''            
     e(  8 -  8) =      4.70650  eV     1   --> A'             
     e(  9 -  9) =      5.43643  eV     1   --> A''            
     e( 10 - 10) =      5.60910  eV     1   --> A'             
     e( 11 - 11) =     15.19456  eV     1   --> A'             
     e( 12 - 12) =     18.34994  eV     1   --> A''            
     e( 13 - 13) =     19.44597  eV     1   --> A''            
     e( 14 - 14) =     20.28562  eV     1   --> A'             

 **************************************************************************

 **************************************************************************

                    xk=(  -0.12778,  -0.22132,   0.00000  )

     Band symmetry, C_s (m)     point group:

     e(  1 -  1) =    -90.50005  eV     1   --> A'             
     e(  2 -  2) =    -90.49810  eV     1   --> A''            
     e(  3 -  3) =    -11.91946  eV     1   --> A'             
     e(  4 -  4) =    -10.42710  eV     1   --> A''            
     e(  5 -  5) =      0.62124  eV     1   --> A''            
     e(  6 -  6) =      3.49606  eV     1   --> A'             
     e(  7 -  7) =      3.52252  eV     1   --> A''            
     e(  8 -  8) =      4.76480  eV     1   --> A'             
     e(  9 -  9) =      5.48836  eV     1   --> A''            
     e( 10 - 10) =      5.64842  eV     1   --> A'             
     e( 11 - 11) =     15.09408  eV     1   --> A'             
     e( 12 - 12) =     18.44567  eV     1   --> A''            
     e( 13 - 13) =     19.37706  eV     1   --> A''            
     e( 14 - 14) =     20.29510  eV     1   --> A'             

 **************************************************************************

 **************************************************************************

                    xk=(  -0.12222,  -0.21170,   0.00000  )

     Band symmetry, C_s (m)     point group:

     e(  1 -  1) =    -90.50012  eV     1   --> A'             
     e(  2 -  2) =    -90.49812  eV     1   --> A''            
     e(  3 -  3) =    -11.96220  eV     1   --> A'             
     e(  4 -  4) =    -10.44526  eV     1   --> A''            
     e(  5 -  5) =      0.56699  eV     1   --> A''            
     e(  6 -  6) =      3.61270  eV     1   --> A''            
     e(  7 -  7) =      3.63051  eV     1   --> A'             
     e(  8 -  8) =      4.82261  eV     1   --> A'             
     e(  9 -  9) =      5.53837  eV     1   --> A''            
     e( 10 - 10) =      5.68603  eV     1   --> A'             
     e( 11 - 11) =     14.99512  eV     1   --> A'             
     e( 12 - 12) =     18.52311  eV     1   --> A''            
     e( 13 - 13) =     19.32640  eV     1   --> A''            
     e( 14 - 14) =     20.30126  eV     1   --> A'             

 **************************************************************************

 **************************************************************************

                    xk=(  -0.11667,  -0.20207,   0.00000  )

     Band symmetry, C_s (m)     point group:

     e(  1 -  1) =    -90.50019  eV     1   --> A'             
     e(  2 -  2) =    -90.49815  eV     1   --> A''            
     e(  3 -  3) =    -12.00356  eV     1   --> A'             
     e(  4 -  4) =    -10.46328  eV     1   --> A''            
     e(  5 -  5) =      0.51450  eV     1   --> A''            
     e(  6 -  6) =      3.70444  eV     1   --> A''            
     e(  7 -  7) =      3.76341  eV     1   --> A'             
     e(  8 -  8) =      4.88011  eV     1   --> A'             
     e(  9 -  9) =      5.58635  eV     1   --> A''            
     e( 10 - 10) =      5.72192  eV     1   --> A'             
     e( 11 - 11) =     14.89772  eV     1   --> A'             
     e( 12 - 12) =     18.57346  eV     1   --> A''            
     e( 13 - 13) =     19.30270  eV     1   --> A''            
     e( 14 - 14) =     20.30462  eV     1   --> A'             

 **************************************************************************

 **************************************************************************

                    xk=(  -0.11111,  -0.19245,   0.00000  )

     Band symmetry, C_s (m)     point group:

     e(  1 -  1) =    -90.50025  eV     1   --> A'             
     e(  2 -  2) =    -90.49818  eV     1   --> A''            
     e(  3 -  3) =    -12.04348  eV     1   --> A'             
     e(  4 -  4) =    -10.48110  eV     1   --> A''            
     e(  5 -  5) =      0.46388  eV     1   --> A''            
     e(  6 -  6) =      3.79727  eV     1   --> A''            
     e(  7 -  7) =      3.89397  eV     1   --> A'             
     e(  8 -  8) =      4.93759  eV     1   --> A'             
     e(  9 -  9) =      5.63221  eV     1   --> A''            
     e( 10 - 10) =      5.75608  eV     1   --> A'             
     e( 11 - 11) =     14.80190  eV     1   --> A'             
     e( 12 - 12) =     18.58949  eV     1   --> A''            
     e( 13 - 13) =     19.31308  eV     1   --> A''            
     e( 14 - 14) =     20.30581  eV     1   --> A'             

 **************************************************************************

 **************************************************************************

                    xk=(  -0.10556,  -0.18283,   0.00000  )

     Band symmetry, C_s (m)     point group:

     e(  1 -  1) =    -90.50031  eV     1   --> A'             
     e(  2 -  2) =    -90.49820  eV     1   --> A''            
     e(  3 -  3) =    -12.08187  eV     1   --> A'             
     e(  4 -  4) =    -10.49863  eV     1   --> A''            
     e(  5 -  5) =      0.41523  eV     1   --> A''            
     e(  6 -  6) =      3.89075  eV     1   --> A''            
     e(  7 -  7) =      4.02131  eV     1   --> A'             
     e(  8 -  8) =      4.99539  eV     1   --> A'             
     e(  9 -  9) =      5.67585  eV     1   --> A''            
     e( 10 - 10) =      5.78851  eV     1   --> A'             
     e( 11 - 11) =     14.70774  eV     1   --> A'             
     e( 12 - 12) =     18.57172  eV     1   --> A''            
     e( 13 - 13) =     19.35692  eV     1   --> A''            
     e( 14 - 14) =     20.30542  eV     1   --> A'             

 **************************************************************************

 **************************************************************************

                    xk=(  -0.10000,  -0.17321,   0.00000  )

     Band symmetry, C_s (m)     point group:

     e(  1 -  1) =    -90.50037  eV     1   --> A'             
     e(  2 -  2) =    -90.49823  eV     1   --> A''            
     e(  3 -  3) =    -12.11868  eV     1   --> A'             
     e(  4 -  4) =    -10.51577  eV     1   --> A''            
     e(  5 -  5) =      0.36863  eV     1   --> A''            
     e(  6 -  6) =      3.98439  eV     1   --> A''            
     e(  7 -  7) =      4.14445  eV     1   --> A'             
     e(  8 -  8) =      5.05395  eV     1   --> A'             
     e(  9 -  9) =      5.71720  eV     1   --> A''            
     e( 10 - 10) =      5.81921  eV     1   --> A'             
     e( 11 - 11) =     14.61531  eV     1   --> A'             
     e( 12 - 12) =     18.52828  eV     1   --> A''            
     e( 13 - 13) =     19.42602  eV     1   --> A''            
     e( 14 - 14) =     20.30401  eV     1   --> A'             

 **************************************************************************

 **************************************************************************

                    xk=(  -0.09444,  -0.16358,   0.00000  )

     Band symmetry, C_s (m)     point group:

     e(  1 -  1) =    -90.50043  eV     1   --> A'             
     e(  2 -  2) =    -90.49825  eV     1   --> A''            
     e(  3 -  3) =    -12.15383  eV     1   --> A'             
     e(  4 -  4) =    -10.53246  eV     1   --> A''            
     e(  5 -  5) =      0.32417  eV     1   --> A''            
     e(  6 -  6) =      4.07772  eV     1   --> A''            
     e(  7 -  7) =      4.26229  eV     1   --> A'             
     e(  8 -  8) =      5.11379  eV     1   --> A'             
     e(  9 -  9) =      5.75615  eV     1   --> A''            
     e( 10 - 10) =      5.84817  eV     1   --> A'             
     e( 11 - 11) =     14.52476  eV     1   --> A'             
     e( 12 - 12) =     18.46861  eV     1   --> A''            
     e( 13 - 13) =     19.51087  eV     1   --> A''            
     e( 14 - 14) =     20.30205  eV     1   --> A'             

 **************************************************************************

 **************************************************************************

                    xk=(  -0.08889,  -0.15396,   0.00000  )

     Band symmetry, C_s (m)     point group:

     e(  1 -  1) =    -90.50049  eV     1   --> A'             
     e(  2 -  2) =    -90.49828  eV     1   --> A''            
     e(  3 -  3) =    -12.18728  eV     1   --> A'             
     e(  4 -  4) =    -10.54861  eV     1   --> A''            
     e(  5 -  5) =      0.28191  eV     1   --> A''            
     e(  6 -  6) =      4.17023  eV     1   --> A''            
     e(  7 -  7) =      4.37368  eV     1   --> A'             
     e(  8 -  8) =      5.17545  eV     1   --> A'             
     e(  9 -  9) =      5.79265  eV     1   --> A''            
     e( 10 - 10) =      5.87542  eV     1   --> A'             
     e( 11 - 11) =     14.43624  eV     1   --> A'             
     e( 12 - 12) =     18.39972  eV     1   --> A''            
     e( 13 - 13) =     19.60442  eV     1   --> A''            
     e( 14 - 14) =     20.29994  eV     1   --> A'             

 **************************************************************************

 **************************************************************************

                    xk=(  -0.08333,  -0.14434,   0.00000  )

     Band symmetry, C_s (m)     point group:

     e(  1 -  1) =    -90.50054  eV     1   --> A'             
     e(  2 -  2) =    -90.49830  eV     1   --> A''            
     e(  3 -  3) =    -12.21897  eV     1   --> A'             
     e(  4 -  4) =    -10.56415  eV     1   --> A''            
     e(  5 -  5) =      0.24193  eV     1   --> A''            
     e(  6 -  6) =      4.26141  eV     1   --> A''            
     e(  7 -  7) =      4.47748  eV     1   --> A'             
     e(  8 -  8) =      5.23944  eV     1   --> A'             
     e(  9 -  9) =      5.82662  eV     1   --> A''            
     e( 10 - 10) =      5.90095  eV     1   --> A'             
     e( 11 - 11) =     14.34997  eV     1   --> A'             
     e( 12 - 12) =     18.32607  eV     1   --> A''            
     e( 13 - 13) =     19.70214  eV     1   --> A''            
     e( 14 - 14) =     20.29800  eV     1   --> A'             

 **************************************************************************

 **************************************************************************

                    xk=(  -0.07778,  -0.13472,   0.00000  )

     Band symmetry, C_s (m)     point group:

     e(  1 -  1) =    -90.50059  eV     1   --> A'             
     e(  2 -  2) =    -90.49832  eV     1   --> A''            
     e(  3 -  3) =    -12.24884  eV     1   --> A'             
     e(  4 -  4) =    -10.57902  eV     1   --> A''            
     e(  5 -  5) =      0.20428  eV     1   --> A''            
     e(  6 -  6) =      4.35072  eV     1   --> A''            
     e(  7 -  7) =      4.57266  eV     1   --> A'             
     e(  8 -  8) =      5.30614  eV     1   --> A'             
     e(  9 -  9) =      5.85801  eV     1   --> A''            
     e( 10 - 10) =      5.92477  eV     1   --> A'             
     e( 11 - 11) =     14.26621  eV     1   --> A'             
     e( 12 - 12) =     18.25047  eV     1   --> A''            
     e( 13 - 13) =     19.80119  eV     1   --> A''            
     e( 14 - 14) =     20.29645  eV     1   --> A'             

 **************************************************************************

 **************************************************************************

                    xk=(  -0.07222,  -0.12509,   0.00000  )

     Band symmetry, C_s (m)     point group:

     e(  1 -  1) =    -90.50064  eV     1   --> A'             
     e(  2 -  2) =    -90.49834  eV     1   --> A''            
     e(  3 -  3) =    -12.27684  eV     1   --> A'             
     e(  4 -  4) =    -10.59314  eV     1   --> A''            
     e(  5 -  5) =      0.16902  eV     1   --> A''            
     e(  6 -  6) =      4.43764  eV     1   --> A''            
     e(  7 -  7) =      4.65850  eV     1   --> A'             
     e(  8 -  8) =      5.37559  eV     1   --> A'             
     e(  9 -  9) =      5.88676  eV     1   --> A''            
     e( 10 - 10) =      5.94690  eV     1   --> A'             
     e( 11 - 11) =     14.18525  eV     1   --> A'             
     e( 12 - 12) =     18.17481  eV     1   --> A''            
     e( 13 - 13) =     19.89959  eV     1   --> A''            
     e( 14 - 14) =     20.29544  eV     1   --> A'             

 **************************************************************************

 **************************************************************************

                    xk=(  -0.06667,  -0.11547,   0.00000  )

     Band symmetry, C_s (m)     point group:

     e(  1 -  1) =    -90.50068  eV     1   --> A'             
     e(  2 -  2) =    -90.49836  eV     1   --> A''            
     e(  3 -  3) =    -12.30295  eV     1   --> A'             
     e(  4 -  4) =    -10.60647  eV     1   --> A''            
     e(  5 -  5) =      0.13618  eV     1   --> A''            
     e(  6 -  6) =      4.52160  eV     1   --> A''            
     e(  7 -  7) =      4.73465  eV     1   --> A'             
     e(  8 -  8) =      5.44742  eV     1   --> A'             
     e(  9 -  9) =      5.91287  eV     1   --> A''            
     e( 10 - 10) =      5.96735  eV     1   --> A'             
     e( 11 - 11) =     14.10745  eV     1   --> A'             
     e( 12 - 12) =     18.10043  eV     1   --> A''            
     e( 13 - 13) =     19.99583  eV     1   --> A''            
     e( 14 - 14) =     20.29507  eV     1   --> A'             

 **************************************************************************

 **************************************************************************

                    xk=(  -0.06111,  -0.10585,   0.00000  )

     Band symmetry, C_s (m)     point group:

     e(  1 -  1) =    -90.50072  eV     1   --> A'             
     e(  2 -  2) =    -90.49838  eV     1   --> A''            
     e(  3 -  3) =    -12.32711  eV     1   --> A'             
     e(  4 -  4) =    -10.61893  eV     1   --> A''            
     e(  5 -  5) =      0.10583  eV     1   --> A''            
     e(  6 -  6) =      4.60203  eV     1   --> A''            
     e(  7 -  7) =      4.80123  eV     1   --> A'             
     e(  8 -  8) =      5.52080  eV     1   --> A'             
     e(  9 -  9) =      5.93632  eV     1   --> A''            
     e( 10 - 10) =      5.98612  eV     1   --> A'             
     e( 11 - 11) =     14.03321  eV     1   --> A'             
     e( 12 - 12) =     18.02838  eV     1   --> A''            
     e( 13 - 13) =     20.08853  eV     1   --> A''            
     e( 14 - 14) =     20.29535  eV     1   --> A'             

 **************************************************************************

 **************************************************************************

                    xk=(  -0.05556,  -0.09623,   0.00000  )

     Band symmetry, C_s (m)     point group:

     e(  1 -  1) =    -90.50076  eV     1   --> A'             
     e(  2 -  2) =    -90.49840  eV     1   --> A''            
     e(  3 -  3) =    -12.34928  eV     1   --> A'             
     e(  4 -  4) =    -10.63049  eV     1   --> A''            
     e(  5 -  5) =      0.07799  eV     1   --> A''            
     e(  6 -  6) =      4.67835  eV     1   --> A''            
     e(  7 -  7) =      4.85875  eV     1   --> A'             
     e(  8 -  8) =      5.59449  eV     1   --> A'             
     e(  9 -  9) =      5.95712  eV     1   --> A''            
     e( 10 - 10) =      6.00323  eV     1   --> A'             
     e( 11 - 11) =     13.96296  eV     1   --> A'             
     e( 12 - 12) =     17.95956  eV     1   --> A''            
     e( 13 - 13) =     20.17609  eV     1   --> A''            
     e( 14 - 14) =     20.29626  eV     1   --> A'             

 **************************************************************************

 **************************************************************************

                    xk=(  -0.05000,  -0.08660,   0.00000  )

     Band symmetry, C_s (m)     point group:

     e(  1 -  1) =    -90.50079  eV     1   --> A'             
     e(  2 -  2) =    -90.49842  eV     1   --> A''            
     e(  3 -  3) =    -12.36945  eV     1   --> A'             
     e(  4 -  4) =    -10.64109  eV     1   --> A''            
     e(  5 -  5) =      0.05271  eV     1   --> A''            
     e(  6 -  6) =      4.74997  eV     1   --> A''            
     e(  7 -  7) =      4.90794  eV     1   --> A'             
     e(  8 -  8) =      5.66699  eV     1   --> A'             
     e(  9 -  9) =      5.97531  eV     1   --> A''            
     e( 10 - 10) =      6.01869  eV     1   --> A'             
     e( 11 - 11) =     13.89720  eV     1   --> A'             
     e( 12 - 12) =     17.89475  eV     1   --> A''            
     e( 13 - 13) =     20.25613  eV     1   --> A''            
     e( 14 - 14) =     20.29773  eV     1   --> A'             

 **************************************************************************

 **************************************************************************

                    xk=(  -0.04444,  -0.07698,   0.00000  )

     Band symmetry, C_s (m)     point group:

     e(  1 -  1) =    -90.50083  eV     1   --> A'             
     e(  2 -  2) =    -90.49843  eV     1   --> A''            
     e(  3 -  3) =    -12.38756  eV     1   --> A'             
     e(  4 -  4) =    -10.65070  eV     1   --> A''            
     e(  5 -  5) =      0.03000  eV     1   --> A''            
     e(  6 -  6) =      4.81629  eV     1   --> A''            
     e(  7 -  7) =      4.94965  eV     1   --> A'             
     e(  8 -  8) =      5.73671  eV     1   --> A'             
     e(  9 -  9) =      5.99097  eV     1   --> A''            
     e( 10 - 10) =      6.03249  eV     1   --> A'             
     e( 11 - 11) =     13.83642  eV     1   --> A'             
     e( 12 - 12) =     17.83466  eV     1   --> A''            
     e( 13 - 13) =     20.29965  eV     1   --> A'             
     e( 14 - 14) =     20.32396  eV     1   --> A''            

 **************************************************************************

 **************************************************************************

                    xk=(  -0.03889,  -0.06736,   0.00000  )

     Band symmetry, C_s (m)     point group:

     e(  1 -  1) =    -90.50085  eV     1   --> A'             
     e(  2 -  2) =    -90.49844  eV     1   --> A''            
     e(  3 -  3) =    -12.40361  eV     1   --> A'             
     e(  4 -  4) =    -10.65926  eV     1   --> A''            
     e(  5 -  5) =      0.00991  eV     1   --> A''            
     e(  6 -  6) =      4.87672  eV     1   --> A''            
     e(  7 -  7) =      4.98470  eV     1   --> A'             
     e(  8 -  8) =      5.80212  eV     1   --> A'             
     e(  9 -  9) =      6.00420  eV     1   --> A''            
     e( 10 - 10) =      6.04465  eV     1   --> A'             
     e( 11 - 11) =     13.78116  eV     1   --> A'             
     e( 12 - 12) =     17.77994  eV     1   --> A''            
     e( 13 - 13) =     20.30188  eV     1   --> A'             
     e( 14 - 14) =     20.36962  eV     1   --> A''            

 **************************************************************************

 **************************************************************************

                    xk=(  -0.03333,  -0.05774,   0.00000  )

     Band symmetry, C_s (m)     point group:

     e(  1 -  1) =    -90.50088  eV     1   --> A'             
     e(  2 -  2) =    -90.49846  eV     1   --> A''            
     e(  3 -  3) =    -12.41757  eV     1   --> A'             
     e(  4 -  4) =    -10.66675  eV     1   --> A''            
     e(  5 -  5) =     -0.00756  eV     1   --> A''            
     e(  6 -  6) =      4.93065  eV     1   --> A''            
     e(  7 -  7) =      5.01379  eV     1   --> A'             
     e(  8 -  8) =      5.86178  eV     1   --> A'             
     e(  9 -  9) =      6.01512  eV     1   --> A''            
     e( 10 - 10) =      6.05517  eV     1   --> A'             
     e( 11 - 11) =     13.73192  eV     1   --> A'             
     e( 12 - 12) =     17.73120  eV     1   --> A''            
     e( 13 - 13) =     20.30427  eV     1   --> A'             
     e( 14 - 14) =     20.38252  eV     1   --> A''            

 **************************************************************************

 **************************************************************************

                    xk=(  -0.02778,  -0.04811,   0.00000  )

     Band symmetry, C_s (m)     point group:

     e(  1 -  1) =    -90.50090  eV     1   --> A'             
     e(  2 -  2) =    -90.49847  eV     1   --> A''            
     e(  3 -  3) =    -12.42941  eV     1   --> A'             
     e(  4 -  4) =    -10.67314  eV     1   --> A''            
     e(  5 -  5) =     -0.02237  eV     1   --> A''            
     e(  6 -  6) =      4.97751  eV     1   --> A''            
     e(  7 -  7) =      5.03752  eV     1   --> A'             
     e(  8 -  8) =      5.91445  eV     1   --> A'             
     e(  9 -  9) =      6.02391  eV     1   --> A''            
     e( 10 - 10) =      6.06405  eV     1   --> A'             
     e( 11 - 11) =     13.68923  eV     1   --> A'             
     e( 12 - 12) =     17.68897  eV     1   --> A''            
     e( 13 - 13) =     20.30665  eV     1   --> A'             
     e( 14 - 14) =     20.37192  eV     1   --> A''            

 **************************************************************************

 **************************************************************************

                    xk=(  -0.02222,  -0.03849,   0.00000  )

     Band symmetry, C_s (m)     point group:

     e(  1 -  1) =    -90.50092  eV     1   --> A'             
     e(  2 -  2) =    -90.49847  eV     1   --> A''            
     e(  3 -  3) =    -12.43912  eV     1   --> A'             
     e(  4 -  4) =    -10.67840  eV     1   --> A''            
     e(  5 -  5) =     -0.03451  eV     1   --> A''            
     e(  6 -  6) =      5.01675  eV     1   --> A''            
     e(  7 -  7) =      5.05636  eV     1   --> A'             
     e(  8 -  8) =      5.95904  eV     1   --> A'             
     e(  9 -  9) =      6.03073  eV     1   --> A''            
     e( 10 - 10) =      6.07128  eV     1   --> A'             
     e( 11 - 11) =     13.65356  eV     1   --> A'             
     e( 12 - 12) =     17.65373  eV     1   --> A''            
     e( 13 - 13) =     20.30887  eV     1   --> A'             
     e( 14 - 14) =     20.35426  eV     1   --> A''            

 **************************************************************************

 **************************************************************************

                    xk=(  -0.01667,  -0.02887,   0.00000  )

     Band symmetry, C_s (m)     point group:

     e(  1 -  1) =    -90.50093  eV     1   --> A'             
     e(  2 -  2) =    -90.49848  eV     1   --> A''            
     e(  3 -  3) =    -12.44669  eV     1   --> A'             
     e(  4 -  4) =    -10.68251  eV     1   --> A''            
     e(  5 -  5) =     -0.04396  eV     1   --> A''            
     e(  6 -  6) =      5.04786  eV     1   --> A''            
     e(  7 -  7) =      5.07068  eV     1   --> A'             
     e(  8 -  8) =      5.99469  eV     1   --> A'             
     e(  9 -  9) =      6.03579  eV     1   --> A''            
     e( 10 - 10) =      6.07687  eV     1   --> A'             
     e( 11 - 11) =     13.62534  eV     1   --> A'             
     e( 12 - 12) =     17.62588  eV     1   --> A''            
     e( 13 - 13) =     20.31078  eV     1   --> A'             
     e( 14 - 14) =     20.33744  eV     1   --> A''            

 **************************************************************************

 **************************************************************************

                    xk=(  -0.01111,  -0.01925,   0.00000  )

     Band symmetry, C_s (m)     point group:

     e(  1 -  1) =    -90.50094  eV     1   --> A'             
     e(  2 -  2) =    -90.49848  eV     1   --> A''            
     e(  3 -  3) =    -12.45210  eV     1   --> A'             
     e(  4 -  4) =    -10.68546  eV     1   --> A''            
     e(  5 -  5) =     -0.05072  eV     1   --> A''            
     e(  6 -  6) =      5.07042  eV     1   --> A''            
     e(  7 -  7) =      5.08073  eV     1   --> A'             
     e(  8 -  8) =      6.02071  eV     1   --> A'             
     e(  9 -  9) =      6.03924  eV     1   --> A''            
     e( 10 - 10) =      6.08080  eV     1   --> A'             
     e( 11 - 11) =     13.60491  eV     1   --> A'             
     e( 12 - 12) =     17.60575  eV     1   --> A''            
     e( 13 - 13) =     20.31224  eV     1   --> A'             
     e( 14 - 14) =     20.32438  eV     1   --> A''            

 **************************************************************************

 **************************************************************************

                    xk=(  -0.00556,  -0.00962,   0.00000  )

     Band symmetry, C_s (m)     point group:

     e(  1 -  1) =    -90.50095  eV     1   --> A'             
     e(  2 -  2) =    -90.49849  eV     1   --> A''            
     e(  3 -  3) =    -12.45535  eV     1   --> A'             
     e(  4 -  4) =    -10.68724  eV     1   --> A''            
     e(  5 -  5) =     -0.05478  eV     1   --> A''            
     e(  6 -  6) =      5.08409  eV     1   --> A''            
     e(  7 -  7) =      5.08670  eV     1   --> A'             
     e(  8 -  8) =      6.03657  eV     1   --> A'             
     e(  9 -  9) =      6.04125  eV     1   --> A''            
     e( 10 - 10) =      6.08311  eV     1   --> A'             
     e( 11 - 11) =     13.59254  eV     1   --> A'             
     e( 12 - 12) =     17.59358  eV     1   --> A''            
     e( 13 - 13) =     20.31316  eV     1   --> A'             
     e( 14 - 14) =     20.31623  eV     1   --> A''            

 **************************************************************************

 **************************************************************************

                    xk=(   0.00000,   0.00000,   0.00000  )

     point group C_6v (6mm) 
     there are  6 classes
     the character table:

       E     2C6   2C3   C2    3s_v  3s_d 
A_1    1.00  1.00  1.00  1.00  1.00  1.00
A_2    1.00  1.00  1.00  1.00 -1.00 -1.00
B_1    1.00 -1.00  1.00 -1.00  1.00 -1.00
B_2    1.00 -1.00  1.00 -1.00 -1.00  1.00
E_1    2.00  1.00 -1.00 -2.00  0.00  0.00
E_2    2.00 -1.00 -1.00  2.00  0.00  0.00

     the symmetry operations in each class and the name of the first element:

     E        1
                                                                 
     2C6      3    4
                                                                 
     2C3      5    6
                                                                 
     C2       2
                                                                 
     3s_v     8   12   11
                                                                 
     3s_d     7    9   10
                                                                 

     Band symmetry, C_6v (6mm)  point group:

     e(  1 -  1) =    -90.50095  eV     1   --> A_1            
     e(  2 -  2) =    -90.49849  eV     1   --> B_1            
     e(  3 -  3) =    -12.45643  eV     1   --> A_1            
     e(  4 -  4) =    -10.68783  eV     1   --> B_1            
     e(  5 -  5) =     -0.05614  eV     1   --> B_1            
     e(  6 -  7) =      5.08867  eV     2   --> E_2            
     e(  8 -  9) =      6.04191  eV     2   --> E_1            
     e( 10 - 10) =      6.08387  eV     1   --> A_1            
     e( 11 - 11) =     13.58840  eV     1   --> A_1            
     e( 12 - 12) =     17.58951  eV     1   --> B_1            
     e( 13 - 14) =     20.31347  eV     2   --> E_1            

 **************************************************************************

 **************************************************************************

                    xk=(   0.00000,   0.00000,  -0.01141  )

     Band symmetry, C_6v (6mm)  point group:

     e(  1 -  1) =    -90.50095  eV     1   --> A_1            
     e(  2 -  2) =    -90.49849  eV     1   --> B_1            
     e(  3 -  3) =    -12.45527  eV     1   --> A_1            
     e(  4 -  4) =    -10.68984  eV     1   --> B_1            
     e(  5 -  5) =     -0.05140  eV     1   --> B_1            
     e(  6 -  7) =      5.08943  eV     2   --> E_2            
     e(  8 -  9) =      6.04105  eV     2   --> E_1            
     e( 10 - 10) =      6.07700  eV     1   --> A_1            
     e( 11 - 11) =     13.59333  eV     1   --> A_1            
     e( 12 - 12) =     17.58661  eV     1   --> B_1            
     e( 13 - 14) =     20.31422  eV     2   --> E_1            

 **************************************************************************

 **************************************************************************

                    xk=(   0.00000,   0.00000,  -0.02281  )

     Band symmetry, C_6v (6mm)  point group:

     e(  1 -  1) =    -90.50094  eV     1   --> A_1            
     e(  2 -  2) =    -90.49850  eV     1   --> B_1            
     e(  3 -  3) =    -12.45178  eV     1   --> A_1            
     e(  4 -  4) =    -10.69586  eV     1   --> B_1            
     e(  5 -  5) =     -0.03722  eV     1   --> B_1            
     e(  6 -  7) =      5.09171  eV     2   --> E_2            
     e(  8 -  9) =      6.03849  eV     2   --> E_1            
     e( 10 - 10) =      6.05647  eV     1   --> A_1            
     e( 11 - 11) =     13.60804  eV     1   --> A_1            
     e( 12 - 12) =     17.57793  eV     1   --> B_1            
     e( 13 - 14) =     20.31647  eV     2   --> E_1            

 **************************************************************************

 **************************************************************************

                    xk=(   0.00000,   0.00000,  -0.03422  )

     Band symmetry, C_6v (6mm)  point group:

     e(  1 -  1) =    -90.50093  eV     1   --> A_1            
     e(  2 -  2) =    -90.49851  eV     1   --> B_1            
     e(  3 -  3) =    -12.44597  eV     1   --> A_1            
     e(  4 -  4) =    -10.70584  eV     1   --> B_1            
     e(  5 -  5) =     -0.01364  eV     1   --> B_1            
     e(  6 -  7) =      5.09549  eV     2   --> E_2            
     e(  8 -  8) =      6.02248  eV     1   --> A_1            
     e(  9 - 10) =      6.03423  eV     2   --> E_1            
     e( 11 - 11) =     13.63237  eV     1   --> A_1            
     e( 12 - 12) =     17.56351  eV     1   --> B_1            
     e( 13 - 14) =     20.32026  eV     2   --> E_1            

 **************************************************************************

 **************************************************************************

                    xk=(   0.00000,   0.00000,  -0.04563  )

     Band symmetry, C_6v (6mm)  point group:

     e(  1 -  1) =    -90.50091  eV     1   --> A_1            
     e(  2 -  2) =    -90.49852  eV     1   --> B_1            
     e(  3 -  3) =    -12.43785  eV     1   --> A_1            
     e(  4 -  4) =    -10.71972  eV     1   --> B_1            
     e(  5 -  5) =      0.01925  eV     1   --> B_1            
     e(  6 -  7) =      5.10078  eV     2   --> E_2            
     e(  8 -  8) =      5.97536  eV     1   --> A_1            
     e(  9 - 10) =      6.02829  eV     2   --> E_1            
     e( 11 - 11) =     13.66602  eV     1   --> A_1            
     e( 12 - 12) =     17.54338  eV     1   --> B_1            
     e( 13 - 14) =     20.32560  eV     2   --> E_1            

 **************************************************************************

 **************************************************************************

                    xk=(   0.00000,   0.00000,  -0.05704  )

     Band symmetry, C_6v (6mm)  point group:

     e(  1 -  1) =    -90.50090  eV     1   --> A_1            
     e(  2 -  2) =    -90.49854  eV     1   --> B_1            
     e(  3 -  3) =    -12.42743  eV     1   --> A_1            
     e(  4 -  4) =    -10.73738  eV     1   --> B_1            
     e(  5 -  5) =      0.06130  eV     1   --> B_1            
     e(  6 -  7) =      5.10755  eV     2   --> E_2            
     e(  8 -  8) =      5.91557  eV     1   --> A_1            
     e(  9 - 10) =      6.02070  eV     2   --> E_1            
     e( 11 - 11) =     13.70861  eV     1   --> A_1            
     e( 12 - 12) =     17.51763  eV     1   --> B_1            
     e( 13 - 14) =     20.33256  eV     2   --> E_1            

 **************************************************************************

 **************************************************************************

                    xk=(   0.00000,   0.00000,  -0.06844  )

     Band symmetry, C_6v (6mm)  point group:

     e(  1 -  1) =    -90.50087  eV     1   --> A_1            
     e(  2 -  2) =    -90.49856  eV     1   --> B_1            
     e(  3 -  3) =    -12.41473  eV     1   --> A_1            
     e(  4 -  4) =    -10.75869  eV     1   --> B_1            
     e(  5 -  5) =      0.11237  eV     1   --> B_1            
     e(  6 -  7) =      5.11578  eV     2   --> E_2            
     e(  8 -  8) =      5.84364  eV     1   --> A_1            
     e(  9 - 10) =      6.01147  eV     2   --> E_1            
     e( 11 - 11) =     13.75969  eV     1   --> A_1            
     e( 12 - 12) =     17.48635  eV     1   --> B_1            
     e( 13 - 14) =     20.34118  eV     2   --> E_1            

 **************************************************************************

 **************************************************************************

                    xk=(   0.00000,   0.00000,  -0.07985  )

     Band symmetry, C_6v (6mm)  point group:

     e(  1 -  1) =    -90.50085  eV     1   --> A_1            
     e(  2 -  2) =    -90.49859  eV     1   --> B_1            
     e(  3 -  3) =    -12.39976  eV     1   --> A_1            
     e(  4 -  4) =    -10.78352  eV     1   --> B_1            
     e(  5 -  5) =      0.17226  eV     1   --> B_1            
     e(  6 -  7) =      5.12546  eV     2   --> E_2            
     e(  8 -  8) =      5.76019  eV     1   --> A_1            
     e(  9 - 10) =      6.00066  eV     2   --> E_1            
     e( 11 - 11) =     13.81873  eV     1   --> A_1            
     e( 12 - 12) =     17.44963  eV     1   --> B_1            
     e( 13 - 14) =     20.35154  eV     2   --> E_1            

 **************************************************************************

 **************************************************************************

                    xk=(   0.00000,   0.00000,  -0.09126  )

     Band symmetry, C_6v (6mm)  point group:

     e(  1 -  1) =    -90.50082  eV     1   --> A_1            
     e(  2 -  2) =    -90.49862  eV     1   --> B_1            
     e(  3 -  3) =    -12.38255  eV     1   --> A_1            
     e(  4 -  4) =    -10.81167  eV     1   --> B_1            
     e(  5 -  5) =      0.24075  eV     1   --> B_1            
     e(  6 -  7) =      5.13656  eV     2   --> E_2            
     e(  8 -  8) =      5.66592  eV     1   --> A_1            
     e(  9 - 10) =      5.98830  eV     2   --> E_1            
     e( 11 - 11) =     13.88515  eV     1   --> A_1            
     e( 12 - 12) =     17.40762  eV     1   --> B_1            
     e( 13 - 14) =     20.36372  eV     2   --> E_1            

 **************************************************************************

 **************************************************************************

                    xk=(   0.00000,   0.00000,  -0.10267  )

     Band symmetry, C_6v (6mm)  point group:

     e(  1 -  1) =    -90.50078  eV     1   --> A_1            
     e(  2 -  2) =    -90.49865  eV     1   --> B_1            
     e(  3 -  3) =    -12.36312  eV     1   --> A_1            
     e(  4 -  4) =    -10.84297  eV     1   --> B_1            
     e(  5 -  5) =      0.31759  eV     1   --> B_1            
     e(  6 -  7) =      5.14903  eV     2   --> E_2            
     e(  8 -  8) =      5.56155  eV     1   --> A_1            
     e(  9 - 10) =      5.97444  eV     2   --> E_1            
     e( 11 - 11) =     13.95837  eV     1   --> A_1            
     e( 12 - 12) =     17.36043  eV     1   --> B_1            
     e( 13 - 14) =     20.37779  eV     2   --> E_1            

 **************************************************************************

 **************************************************************************

                    xk=(   0.00000,   0.00000,  -0.11407  )

     Band symmetry, C_6v (6mm)  point group:

     e(  1 -  1) =    -90.50075  eV     1   --> A_1            
     e(  2 -  2) =    -90.49869  eV     1   --> B_1            
     e(  3 -  3) =    -12.34150  eV     1   --> A_1            
     e(  4 -  4) =    -10.87721  eV     1   --> B_1            
     e(  5 -  5) =      0.40251  eV     1   --> B_1            
     e(  6 -  7) =      5.16286  eV     2   --> E_2            
     e(  8 -  8) =      5.44782  eV     1   --> A_1            
     e(  9 - 10) =      5.95914  eV     2   --> E_1            
     e( 11 - 11) =     14.03777  eV     1   --> A_1            
     e( 12 - 12) =     17.30822  eV     1   --> B_1            
     e( 13 - 14) =     20.39384  eV     2   --> E_1            

 **************************************************************************

 **************************************************************************

                    xk=(   0.00000,   0.00000,  -0.12548  )

     Band symmetry, C_6v (6mm)  point group:

     e(  1 -  1) =    -90.50070  eV     1   --> A_1            
     e(  2 -  2) =    -90.49873  eV     1   --> B_1            
     e(  3 -  3) =    -12.31773  eV     1   --> A_1            
     e(  4 -  4) =    -10.91417  eV     1   --> B_1            
     e(  5 -  5) =      0.49523  eV     1   --> B_1            
     e(  6 -  7) =      5.17799  eV     2   --> E_2            
     e(  8 -  8) =      5.32549  eV     1   --> A_1            
     e(  9 - 10) =      5.94245  eV     2   --> E_1            
     e( 11 - 11) =     14.12276  eV     1   --> A_1            
     e( 12 - 12) =     17.25114  eV     1   --> B_1            
     e( 13 - 14) =     20.41196  eV     2   --> E_1            

 **************************************************************************

 **************************************************************************

                    xk=(   0.00000,   0.00000,  -0.13689  )

     Band symmetry, C_6v (6mm)  point group:

     e(  1 -  1) =    -90.50066  eV     1   --> A_1            
     e(  2 -  2) =    -90.49878  eV     1   --> B_1            
     e(  3 -  3) =    -12.29184  eV     1   --> A_1            
     e(  4 -  4) =    -10.95363  eV     1   --> B_1            
     e(  5 -  5) =      0.59543  eV     1   --> B_1            
     e(  6 -  7) =      5.19439  eV     2   --> E_2            
     e(  8 -  8) =      5.19532  eV     1   --> A_1            
     e(  9 - 10) =      5.92444  eV     2   --> E_1            
     e( 11 - 11) =     14.21272  eV     1   --> A_1            
     e( 12 - 12) =     17.18937  eV     1   --> B_1            
     e( 13 - 14) =     20.43223  eV     2   --> E_1            

 **************************************************************************

 **************************************************************************

                    xk=(   0.00000,   0.00000,  -0.14830  )

     Band symmetry, C_6v (6mm)  point group:

     e(  1 -  1) =    -90.50061  eV     1   --> A_1            
     e(  2 -  2) =    -90.49882  eV     1   --> B_1            
     e(  3 -  3) =    -12.26388  eV     1   --> A_1            
     e(  4 -  4) =    -10.99535  eV     1   --> B_1            
     e(  5 -  5) =      0.70280  eV     1   --> B_1            
     e(  6 -  6) =      5.05807  eV     1   --> A_1            
     e(  7 -  8) =      5.21201  eV     2   --> E_2            
     e(  9 - 10) =      5.90518  eV     2   --> E_1            
     e( 11 - 11) =     14.30709  eV     1   --> A_1            
     e( 12 - 12) =     17.12307  eV     1   --> B_1            
     e( 13 - 14) =     20.45473  eV     2   --> E_1            

 **************************************************************************

 **************************************************************************

                    xk=(   0.00000,   0.00000,  -0.15970  )

     Band symmetry, C_6v (6mm)  point group:

     e(  1 -  1) =    -90.50056  eV     1   --> A_1            
     e(  2 -  2) =    -90.49887  eV     1   --> B_1            
     e(  3 -  3) =    -12.23390  eV     1   --> A_1            
     e(  4 -  4) =    -11.03909  eV     1   --> B_1            
     e(  5 -  5) =      0.81699  eV     1   --> B_1            
     e(  6 -  6) =      4.91445  eV     1   --> A_1            
     e(  7 -  8) =      5.23079  eV     2   --> E_2            
     e(  9 - 10) =      5.88474  eV     2   --> E_1            
     e( 11 - 11) =     14.40531  eV     1   --> A_1            
     e( 12 - 12) =     17.05244  eV     1   --> B_1            
     e( 13 - 14) =     20.47955  eV     2   --> E_1            

 **************************************************************************

 **************************************************************************

                    xk=(   0.00000,   0.00000,  -0.17111  )

     Band symmetry, C_6v (6mm)  point group:

     e(  1 -  1) =    -90.50051  eV     1   --> A_1            
     e(  2 -  2) =    -90.49893  eV     1   --> B_1            
     e(  3 -  3) =    -12.20194  eV     1   --> A_1            
     e(  4 -  4) =    -11.08464  eV     1   --> B_1            
     e(  5 -  5) =      0.93768  eV     1   --> B_1            
     e(  6 -  6) =      4.76518  eV     1   --> A_1            
     e(  7 -  8) =      5.25068  eV     2   --> E_2            
     e(  9 - 10) =      5.86320  eV     2   --> E_1            
     e( 11 - 11) =     14.50685  eV     1   --> A_1            
     e( 12 - 12) =     16.97765  eV     1   --> B_1            
     e( 13 - 14) =     20.50676  eV     2   --> E_1            

 **************************************************************************

 **************************************************************************

                    xk=(   0.00000,   0.00000,  -0.18252  )

     Band symmetry, C_6v (6mm)  point group:

     e(  1 -  1) =    -90.50045  eV     1   --> A_1            
     e(  2 -  2) =    -90.49898  eV     1   --> B_1            
     e(  3 -  3) =    -12.16806  eV     1   --> A_1            
     e(  4 -  4) =    -11.13174  eV     1   --> B_1            
     e(  5 -  5) =      1.06449  eV     1   --> B_1            
     e(  6 -  6) =      4.61094  eV     1   --> A_1            
     e(  7 -  8) =      5.27162  eV     2   --> E_2            
     e(  9 - 10) =      5.84064  eV     2   --> E_1            
     e( 11 - 11) =     14.61122  eV     1   --> A_1            
     e( 12 - 12) =     16.89889  eV     1   --> B_1            
     e( 13 - 14) =     20.53641  eV     2   --> E_1            

 **************************************************************************

 **************************************************************************

                    xk=(   0.00000,   0.00000,  -0.19393  )

     Band symmetry, C_6v (6mm)  point group:

     e(  1 -  1) =    -90.50039  eV     1   --> A_1            
     e(  2 -  2) =    -90.49904  eV     1   --> B_1            
     e(  3 -  3) =    -12.13232  eV     1   --> A_1            
     e(  4 -  4) =    -11.18016  eV     1   --> B_1            
     e(  5 -  5) =      1.19708  eV     1   --> B_1            
     e(  6 -  6) =      4.45240  eV     1   --> A_1            
     e(  7 -  8) =      5.29355  eV     2   --> E_2            
     e(  9 - 10) =      5.81715  eV     2   --> E_1            
     e( 11 - 11) =     14.71795  eV     1   --> A_1            
     e( 12 - 12) =     16.81637  eV     1   --> B_1            
     e( 13 - 14) =     20.56855  eV     2   --> E_1            

 **************************************************************************

 **************************************************************************

                    xk=(   0.00000,   0.00000,  -0.20533  )

     Band symmetry, C_6v (6mm)  point group:

     e(  1 -  1) =    -90.50033  eV     1   --> A_1            
     e(  2 -  2) =    -90.49910  eV     1   --> B_1            
     e(  3 -  3) =    -12.09480  eV     1   --> A_1            
     e(  4 -  4) =    -11.22968  eV     1   --> B_1            
     e(  5 -  5) =      1.33508  eV     1   --> B_1            
     e(  6 -  6) =      4.29018  eV     1   --> A_1            
     e(  7 -  8) =      5.31641  eV     2   --> E_2            
     e(  9 - 10) =      5.79282  eV     2   --> E_1            
     e( 11 - 11) =     14.82659  eV     1   --> A_1            
     e( 12 - 12) =     16.73028  eV     1   --> B_1            
     e( 13 - 13) =     20.59658  eV     1   --> B_1            
     e( 14 - 14) =     20.60323  eV     1   -->   ?

 **************************************************************************

 **************************************************************************

                    xk=(   0.00000,   0.00000,  -0.21674  )

     Band symmetry, C_6v (6mm)  point group:

     e(  1 -  1) =    -90.50027  eV     1   --> A_1            
     e(  2 -  2) =    -90.49917  eV     1   --> B_1            
     e(  3 -  3) =    -12.05555  eV     1   --> A_1            
     e(  4 -  4) =    -11.28008  eV     1   --> B_1            
     e(  5 -  5) =      1.47810  eV     1   --> B_1            
     e(  6 -  6) =      4.12489  eV     1   --> A_1            
     e(  7 -  8) =      5.34011  eV     2   --> E_2            
     e(  9 - 10) =      5.76772  eV     2   --> E_1            
     e( 11 - 11) =     14.93674  eV     1   --> A_1            
     e( 12 - 12) =     16.64083  eV     1   --> B_1            
     e( 13 - 13) =     20.58782  eV     1   --> B_1            
     e( 14 - 14) =     20.64048  eV     1   -->   ?

 **************************************************************************

 **************************************************************************

                    xk=(   0.00000,   0.00000,  -0.22815  )

     Band symmetry, C_6v (6mm)  point group:

     e(  1 -  1) =    -90.50020  eV     1   --> A_1            
     e(  2 -  2) =    -90.49923  eV     1   --> B_1            
     e(  3 -  3) =    -12.01467  eV     1   --> A_1            
     e(  4 -  4) =    -11.33113  eV     1   --> B_1            
     e(  5 -  5) =      1.62578  eV     1   --> B_1            
     e(  6 -  6) =      3.95712  eV     1   --> A_1            
     e(  7 -  8) =      5.36460  eV     2   --> E_2            
     e(  9 - 10) =      5.74197  eV     2   --> E_1            
     e( 11 - 11) =     15.04801  eV     1   --> A_1            
     e( 12 - 12) =     16.54822  eV     1   --> B_1            
     e( 13 - 13) =     20.58018  eV     1   --> B_1            
     e( 14 - 14) =     20.68030  eV     1   -->   ?

 **************************************************************************

 **************************************************************************

                    xk=(   0.00000,   0.00000,  -0.23956  )

     Band symmetry, C_6v (6mm)  point group:

     e(  1 -  1) =    -90.50014  eV     1   --> A_1            
     e(  2 -  2) =    -90.49930  eV     1   --> B_1            
     e(  3 -  3) =    -11.97224  eV     1   --> A_1            
     e(  4 -  4) =    -11.38264  eV     1   --> B_1            
     e(  5 -  5) =      1.77774  eV     1   --> B_1            
     e(  6 -  6) =      3.78741  eV     1   --> A_1            
     e(  7 -  8) =      5.38978  eV     2   --> E_2            
     e(  9 - 10) =      5.71564  eV     2   --> E_1            
     e( 11 - 11) =     15.16002  eV     1   --> A_1            
     e( 12 - 12) =     16.45266  eV     1   --> B_1            
     e( 13 - 13) =     20.57386  eV     1   --> B_1            
     e( 14 - 14) =     20.65838  eV     1   --> A_1            

 **************************************************************************

 **************************************************************************

                    xk=(   0.00000,   0.00000,  -0.25096  )

     Band symmetry, C_6v (6mm)  point group:

     e(  1 -  1) =    -90.50007  eV     1   --> A_1            
     e(  2 -  2) =    -90.49936  eV     1   --> B_1            
     e(  3 -  3) =    -11.92835  eV     1   --> A_1            
     e(  4 -  4) =    -11.43440  eV     1   --> B_1            
     e(  5 -  5) =      1.93358  eV     1   --> B_1            
     e(  6 -  6) =      3.61630  eV     1   --> A_1            
     e(  7 -  8) =      5.41559  eV     2   --> E_2            
     e(  9 - 10) =      5.68884  eV     2   --> E_1            
     e( 11 - 11) =     15.27244  eV     1   --> A_1            
     e( 12 - 12) =     16.35437  eV     1   --> B_1            
     e( 13 - 13) =     20.56906  eV     1   --> B_1            
     e( 14 - 14) =     20.63787  eV     1   --> A_1            

 **************************************************************************

 **************************************************************************

                    xk=(   0.00000,   0.00000,  -0.26237  )

     Band symmetry, C_6v (6mm)  point group:

     e(  1 -  1) =    -90.50000  eV     1   --> A_1            
     e(  2 -  2) =    -90.49943  eV     1   --> B_1            
     e(  3 -  3) =    -11.88309  eV     1   --> A_1            
     e(  4 -  4) =    -11.48623  eV     1   --> B_1            
     e(  5 -  5) =      2.09291  eV     1   --> B_1            
     e(  6 -  6) =      3.44431  eV     1   --> A_1            
     e(  7 -  8) =      5.44195  eV     2   --> E_2            
     e(  9 - 10) =      5.66166  eV     2   --> E_1            
     e( 11 - 11) =     15.38495  eV     1   --> A_1            
     e( 12 - 12) =     16.25357  eV     1   --> B_1            
     e( 13 - 13) =     20.56596  eV     1   --> B_1            
     e( 14 - 14) =     20.61992  eV     1   --> A_1            

 **************************************************************************

 **************************************************************************

                    xk=(   0.00000,   0.00000,  -0.27378  )

     Band symmetry, C_6v (6mm)  point group:

     e(  1 -  1) =    -90.49993  eV     1   --> A_1            
     e(  2 -  2) =    -90.49950  eV     1   --> B_1            
     e(  3 -  3) =    -11.83657  eV     1   --> A_1            
     e(  4 -  4) =    -11.53793  eV     1   --> B_1            
     e(  5 -  5) =      2.25535  eV     1   --> B_1            
     e(  6 -  6) =      3.27194  eV     1   --> A_1            
     e(  7 -  8) =      5.46876  eV     2   --> E_2            
     e(  9 - 10) =      5.63419  eV     2   --> E_1            
     e( 11 - 11) =     15.49722  eV     1   --> A_1            
     e( 12 - 12) =     16.15048  eV     1   --> B_1            
     e( 13 - 13) =     20.56473  eV     1   --> B_1            
     e( 14 - 14) =     20.60456  eV     1   --> A_1            

 **************************************************************************

 **************************************************************************

                    xk=(   0.00000,   0.00000,  -0.28518  )

     Band symmetry, C_6v (6mm)  point group:

     e(  1 -  1) =    -90.49986  eV     1   --> A_1            
     e(  2 -  2) =    -90.49957  eV     1   --> B_1            
     e(  3 -  3) =    -11.78890  eV     1   --> A_1            
     e(  4 -  4) =    -11.58934  eV     1   --> B_1            
     e(  5 -  5) =      2.42048  eV     1   --> B_1            
     e(  6 -  6) =      3.09965  eV     1   --> A_1            
     e(  7 -  8) =      5.49593  eV     2   --> E_2            
     e(  9 - 10) =      5.60653  eV     2   --> E_1            
     e( 11 - 11) =     15.60898  eV     1   --> A_1            
     e( 12 - 12) =     16.04533  eV     1   --> B_1            
     e( 13 - 13) =     20.56554  eV     1   --> B_1            
     e( 14 - 14) =     20.59178  eV     1   --> A_1            

 **************************************************************************

 **************************************************************************

                    xk=(   0.00000,   0.00000,  -0.29659  )

     Band symmetry, C_6v (6mm)  point group:

     e(  1 -  1) =    -90.49979  eV     1   --> A_1            
     e(  2 -  2) =    -90.49965  eV     1   --> B_1            
     e(  3 -  3) =    -11.74022  eV     1   --> A_1            
     e(  4 -  4) =    -11.64029  eV     1   --> B_1            
     e(  5 -  5) =      2.58790  eV     1   --> B_1            
     e(  6 -  6) =      2.92792  eV     1   --> A_1            
     e(  7 -  8) =      5.52339  eV     2   --> E_2            
     e(  9 - 10) =      5.57879  eV     2   --> E_1            
     e( 11 - 11) =     15.71993  eV     1   --> A_1            
     e( 12 - 12) =     15.93836  eV     1   --> B_1            
     e( 13 - 13) =     20.56854  eV     1   --> B_1            
     e( 14 - 14) =     20.58156  eV     1   --> A_1            

 **************************************************************************

 **************************************************************************

                    xk=(   0.00000,   0.00000,  -0.30800  )

     Band symmetry, C_6v (6mm)  point group:

     e(  1 -  2) =    -90.49972  eV     2   --> A_1            
     e(  1 -  2) =    -90.49972  eV     2   --> B_1            
     e(  3 -  4) =    -11.69063  eV     2   --> A_1            
     e(  3 -  4) =    -11.69063  eV     2   --> B_1            
     e(  5 -  6) =      2.75719  eV     2   --> A_1            
     e(  5 -  6) =      2.75719  eV     2   --> B_1            
     e(  7 - 10) =      5.55104  eV     4   --> E_1            
     e(  7 - 10) =      5.55104  eV     4   --> E_2            
     e( 11 - 12) =     15.82981  eV     2   --> A_1            
     e( 11 - 12) =     15.82981  eV     2   --> B_1            
     e( 13 - 14) =     20.57384  eV     2   --> A_1            
     e( 13 - 14) =     20.57384  eV     2   --> B_1            

 **************************************************************************

 **************************************************************************

                    xk=(  -0.00962,  -0.00555,  -0.30800  )

     point group C_s (m)    
     there are  2 classes
     the character table:

       E     s    
A'     1.00  1.00
A''    1.00 -1.00

     the symmetry operations in each class and the name of the first element:

     E        1
                                                                 
     s        2
                                                                 

     Band symmetry, C_s (m)     point group:

     e(  1 -  2) =    -90.49972  eV     2   -->   2 A'             
     e(  3 -  4) =    -11.68973  eV     2   -->   2 A'             
     e(  5 -  6) =      2.75717  eV     2   -->   2 A'             
     e(  7 -  8) =      5.54723  eV     2   -->   2 A'             
     e(  9 - 10) =      5.54965  eV     2   -->   2 A''            
     e( 11 - 12) =     15.83143  eV     2   -->   2 A'             
     e( 13 - 14) =     20.56162  eV     2   -->   2 A'             

 **************************************************************************

 **************************************************************************

                    xk=(  -0.01923,  -0.01110,  -0.30800  )

     Band symmetry, C_s (m)     point group:

     e(  1 -  2) =    -90.49971  eV     2   -->   2 A'             
     e(  3 -  4) =    -11.68703  eV     2   -->   2 A'             
     e(  5 -  6) =      2.75710  eV     2   -->   2 A'             
     e(  7 -  8) =      5.53586  eV     2   -->   2 A'             
     e(  9 - 10) =      5.54549  eV     2   -->   2 A''            
     e( 11 - 12) =     15.83625  eV     2   -->   2 A'             
     e( 13 - 14) =     20.52873  eV     2   -->   2 A'             

 **************************************************************************

 **************************************************************************

                    xk=(  -0.02885,  -0.01665,  -0.30800  )

     Band symmetry, C_s (m)     point group:

     e(  1 -  2) =    -90.49970  eV     2   -->   2 A'             
     e(  3 -  4) =    -11.68252  eV     2   -->   2 A'             
     e(  5 -  6) =      2.75694  eV     2   -->   2 A'             
     e(  7 -  8) =      5.51703  eV     2   -->   2 A'             
     e(  9 - 10) =      5.53857  eV     2   -->   2 A''            
     e( 11 - 12) =     15.84413  eV     2   -->   2 A'             
     e( 13 - 14) =     20.48260  eV     2   -->   2 A'             

 **************************************************************************

 **************************************************************************

                    xk=(  -0.03846,  -0.02221,  -0.30800  )

     Band symmetry, C_s (m)     point group:

     e(  1 -  2) =    -90.49969  eV     2   -->   2 A'             
     e(  3 -  4) =    -11.67623  eV     2   -->   2 A'             
     e(  5 -  6) =      2.75663  eV     2   -->   2 A'             
     e(  7 -  8) =      5.49097  eV     2   -->   2 A'             
     e(  9 - 10) =      5.52895  eV     2   -->   2 A''            
     e( 11 - 12) =     15.85484  eV     2   -->   2 A'             
     e( 13 - 14) =     20.42944  eV     2   -->   2 A'             

 **************************************************************************

 **************************************************************************

                    xk=(  -0.04808,  -0.02776,  -0.30800  )

     Band symmetry, C_s (m)     point group:

     e(  1 -  2) =    -90.49968  eV     2   -->   2 A'             
     e(  3 -  4) =    -11.66817  eV     2   -->   2 A'             
     e(  5 -  6) =      2.75608  eV     2   -->   2 A'             
     e(  7 -  8) =      5.45797  eV     2   -->   2 A'             
     e(  9 - 10) =      5.51667  eV     2   -->   2 A''            
     e( 11 - 12) =     15.86807  eV     2   -->   2 A'             
     e( 13 - 14) =     20.37325  eV     2   -->   2 A'             

 **************************************************************************

 **************************************************************************

                    xk=(  -0.05769,  -0.03331,  -0.30800  )

     Band symmetry, C_s (m)     point group:

     e(  1 -  2) =    -90.49967  eV     2   -->   2 A'             
     e(  3 -  4) =    -11.65835  eV     2   -->   2 A'             
     e(  5 -  6) =      2.75518  eV     2   -->   2 A'             
     e(  7 -  8) =      5.41839  eV     2   -->   2 A'             
     e(  9 - 10) =      5.50180  eV     2   -->   2 A''            
     e( 11 - 12) =     15.88342  eV     2   -->   2 A'             
     e( 13 - 14) =     20.31647  eV     2   -->   2 A'             

 **************************************************************************

 **************************************************************************

                    xk=(  -0.06731,  -0.03886,  -0.30800  )

     Band symmetry, C_s (m)     point group:

     e(  1 -  2) =    -90.49965  eV     2   -->   2 A'             
     e(  3 -  4) =    -11.64679  eV     2   -->   2 A'             
     e(  5 -  6) =      2.75378  eV     2   -->   2 A'             
     e(  7 -  8) =      5.37268  eV     2   -->   2 A'             
     e(  9 - 10) =      5.48443  eV     2   -->   2 A''            
     e( 11 - 12) =     15.90045  eV     2   -->   2 A'             
     e( 13 - 14) =     20.26068  eV     2   -->   2 A'             

 **************************************************************************

 **************************************************************************

                    xk=(  -0.07692,  -0.04441,  -0.30800  )

     Band symmetry, C_s (m)     point group:

     e(  1 -  2) =    -90.49963  eV     2   -->   2 A'             
     e(  3 -  4) =    -11.63352  eV     2   -->   2 A'             
     e(  5 -  6) =      2.75170  eV     2   -->   2 A'             
     e(  7 -  8) =      5.32136  eV     2   -->   2 A'             
     e(  9 - 10) =      5.46464  eV     2   -->   2 A''            
     e( 11 - 12) =     15.91862  eV     2   -->   2 A'             
     e( 13 - 14) =     20.20698  eV     2   -->   2 A'             

 **************************************************************************

 **************************************************************************

                    xk=(  -0.08654,  -0.04996,  -0.30800  )

     Band symmetry, C_s (m)     point group:

     e(  1 -  2) =    -90.49960  eV     2   -->   2 A'             
     e(  3 -  4) =    -11.61856  eV     2   -->   2 A'             
     e(  5 -  6) =      2.74873  eV     2   -->   2 A'             
     e(  7 -  8) =      5.26500  eV     2   -->   2 A'             
     e(  9 - 10) =      5.44256  eV     2   -->   2 A''            
     e( 11 - 12) =     15.93737  eV     2   -->   2 A'             
     e( 13 - 14) =     20.15620  eV     2   -->   2 A'             

 **************************************************************************

 **************************************************************************

                    xk=(  -0.09615,  -0.05551,  -0.30800  )

     Band symmetry, C_s (m)     point group:

     e(  1 -  2) =    -90.49958  eV     2   -->   2 A'             
     e(  3 -  4) =    -11.60196  eV     2   -->   2 A'             
     e(  5 -  6) =      2.74462  eV     2   -->   2 A'             
     e(  7 -  8) =      5.20426  eV     2   -->   2 A'             
     e(  9 - 10) =      5.41828  eV     2   -->   2 A''            
     e( 11 - 12) =     15.95610  eV     2   -->   2 A'             
     e( 13 - 14) =     20.10901  eV     2   -->   2 A'             

 **************************************************************************

 **************************************************************************

                    xk=(  -0.10577,  -0.06107,  -0.30800  )

     Band symmetry, C_s (m)     point group:

     e(  1 -  2) =    -90.49955  eV     2   -->   2 A'             
     e(  3 -  4) =    -11.58374  eV     2   -->   2 A'             
     e(  5 -  6) =      2.73907  eV     2   -->   2 A'             
     e(  7 -  8) =      5.13984  eV     2   -->   2 A'             
     e(  9 - 10) =      5.39195  eV     2   -->   2 A''            
     e( 11 - 12) =     15.97420  eV     2   -->   2 A'             
     e( 13 - 14) =     20.06596  eV     2   -->   2 A'             

 **************************************************************************

 **************************************************************************

                    xk=(  -0.11538,  -0.06662,  -0.30800  )

     Band symmetry, C_s (m)     point group:

     e(  1 -  2) =    -90.49952  eV     2   -->   2 A'             
     e(  3 -  4) =    -11.56395  eV     2   -->   2 A'             
     e(  5 -  6) =      2.73175  eV     2   -->   2 A'             
     e(  7 -  8) =      5.07252  eV     2   -->   2 A'             
     e(  9 - 10) =      5.36369  eV     2   -->   2 A''            
     e( 11 - 12) =     15.99104  eV     2   -->   2 A'             
     e( 13 - 14) =     20.02753  eV     2   -->   2 A'             

 **************************************************************************

 **************************************************************************

                    xk=(  -0.12500,  -0.07217,  -0.30800  )

     Band symmetry, C_s (m)     point group:

     e(  1 -  2) =    -90.49949  eV     2   -->   2 A'             
     e(  3 -  4) =    -11.54263  eV     2   -->   2 A'             
     e(  5 -  6) =      2.72228  eV     2   -->   2 A'             
     e(  7 -  8) =      5.00312  eV     2   -->   2 A'             
     e(  9 - 10) =      5.33365  eV     2   -->   2 A''            
     e( 11 - 12) =     16.00602  eV     2   -->   2 A'             
     e( 13 - 14) =     19.99413  eV     2   -->   2 A'             

 **************************************************************************

 **************************************************************************

                    xk=(  -0.13462,  -0.07772,  -0.30800  )

     Band symmetry, C_s (m)     point group:

     e(  1 -  2) =    -90.49945  eV     2   -->   2 A'             
     e(  3 -  4) =    -11.51984  eV     2   -->   2 A'             
     e(  5 -  6) =      2.71023  eV     2   -->   2 A'             
     e(  7 -  8) =      4.93250  eV     2   -->   2 A'             
     e(  9 - 10) =      5.30197  eV     2   -->   2 A''            
     e( 11 - 12) =     16.01857  eV     2   -->   2 A'             
     e( 13 - 14) =     19.96608  eV     2   -->   2 A'             

 **************************************************************************

 **************************************************************************

                    xk=(  -0.14423,  -0.08327,  -0.30800  )

     Band symmetry, C_s (m)     point group:

     e(  1 -  2) =    -90.49942  eV     2   -->   2 A'             
     e(  3 -  4) =    -11.49563  eV     2   -->   2 A'             
     e(  5 -  6) =      2.69514  eV     2   -->   2 A'             
     e(  7 -  8) =      4.86157  eV     2   -->   2 A'             
     e(  9 - 10) =      5.26881  eV     2   -->   2 A''            
     e( 11 - 12) =     16.02817  eV     2   -->   2 A'             
     e( 13 - 14) =     19.94365  eV     2   -->   2 A'             

 **************************************************************************

 **************************************************************************

                    xk=(  -0.15385,  -0.08882,  -0.30800  )

     Band symmetry, C_s (m)     point group:

     e(  1 -  2) =    -90.49938  eV     2   -->   2 A'             
     e(  3 -  4) =    -11.47005  eV     2   -->   2 A'             
     e(  5 -  6) =      2.67651  eV     2   -->   2 A'             
     e(  7 -  8) =      4.79128  eV     2   -->   2 A'             
     e(  9 - 10) =      5.23432  eV     2   -->   2 A''            
     e( 11 - 12) =     16.03437  eV     2   -->   2 A'             
     e( 13 - 14) =     19.92701  eV     2   -->   2 A'             

 **************************************************************************

 **************************************************************************

                    xk=(  -0.16346,  -0.09437,  -0.30800  )

     Band symmetry, C_s (m)     point group:

     e(  1 -  2) =    -90.49934  eV     2   -->   2 A'             
     e(  3 -  4) =    -11.44318  eV     2   -->   2 A'             
     e(  5 -  6) =      2.65385  eV     2   -->   2 A'             
     e(  7 -  8) =      4.72255  eV     2   -->   2 A'             
     e(  9 - 10) =      5.19867  eV     2   -->   2 A''            
     e( 11 - 12) =     16.03681  eV     2   -->   2 A'             
     e( 13 - 14) =     19.91623  eV     2   -->   2 A'             

 **************************************************************************

 **************************************************************************

                    xk=(  -0.17308,  -0.09993,  -0.30800  )

     Band symmetry, C_s (m)     point group:

     e(  1 -  2) =    -90.49930  eV     2   -->   2 A'             
     e(  3 -  4) =    -11.41507  eV     2   -->   2 A'             
     e(  5 -  6) =      2.62665  eV     2   -->   2 A'             
     e(  7 -  8) =      4.65633  eV     2   -->   2 A'             
     e(  9 - 10) =      5.16200  eV     2   -->   2 A''            
     e( 11 - 12) =     16.03520  eV     2   -->   2 A'             
     e( 13 - 14) =     19.91129  eV     2   -->   2 A'             

 **************************************************************************

 **************************************************************************

                    xk=(  -0.18269,  -0.10548,  -0.30800  )

     Band symmetry, C_s (m)     point group:

     e(  1 -  2) =    -90.49926  eV     2   -->   2 A'             
     e(  3 -  4) =    -11.38581  eV     2   -->   2 A'             
     e(  5 -  6) =      2.59443  eV     2   -->   2 A'             
     e(  7 -  8) =      4.59348  eV     2   -->   2 A'             
     e(  9 - 10) =      5.12448  eV     2   -->   2 A''            
     e( 11 - 12) =     16.02936  eV     2   -->   2 A'             
     e( 13 - 14) =     19.91209  eV     2   -->   2 A'             

 **************************************************************************

 **************************************************************************

                    xk=(  -0.19231,  -0.11103,  -0.30800  )

     Band symmetry, C_s (m)     point group:

     e(  1 -  2) =    -90.49921  eV     2   -->   2 A'             
     e(  3 -  4) =    -11.35547  eV     2   -->   2 A'             
     e(  5 -  6) =      2.55681  eV     2   -->   2 A'             
     e(  7 -  8) =      4.53482  eV     2   -->   2 A'             
     e(  9 - 10) =      5.08627  eV     2   -->   2 A''            
     e( 11 - 12) =     16.01922  eV     2   -->   2 A'             
     e( 13 - 14) =     19.91842  eV     2   -->   2 A'             

 **************************************************************************

 **************************************************************************

                    xk=(  -0.20192,  -0.11658,  -0.30800  )

     Band symmetry, C_s (m)     point group:

     e(  1 -  2) =    -90.49917  eV     2   -->   2 A'             
     e(  3 -  4) =    -11.32413  eV     2   -->   2 A'             
     e(  5 -  6) =      2.51348  eV     2   -->   2 A'             
     e(  7 -  8) =      4.48102  eV     2   -->   2 A'             
     e(  9 - 10) =      5.04752  eV     2   -->   2 A''            
     e( 11 - 12) =     16.00479  eV     2   -->   2 A'             
     e( 13 - 14) =     19.92997  eV     2   -->   2 A'             

 **************************************************************************

 **************************************************************************

                    xk=(  -0.21154,  -0.12213,  -0.30800  )

     Band symmetry, C_s (m)     point group:

     e(  1 -  2) =    -90.49912  eV     2   -->   2 A'             
     e(  3 -  4) =    -11.29189  eV     2   -->   2 A'             
     e(  5 -  6) =      2.46430  eV     2   -->   2 A'             
     e(  7 -  8) =      4.43262  eV     2   -->   2 A'             
     e(  9 - 10) =      5.00840  eV     2   -->   2 A''            
     e( 11 - 12) =     15.98618  eV     2   -->   2 A'             
     e( 13 - 14) =     19.94635  eV     2   -->   2 A'             

 **************************************************************************

 **************************************************************************

                    xk=(  -0.22115,  -0.12768,  -0.30800  )

     Band symmetry, C_s (m)     point group:

     e(  1 -  2) =    -90.49908  eV     2   -->   2 A'             
     e(  3 -  4) =    -11.25884  eV     2   -->   2 A'             
     e(  5 -  6) =      2.40927  eV     2   -->   2 A'             
     e(  7 -  8) =      4.38996  eV     2   -->   2 A'             
     e(  9 - 10) =      4.96905  eV     2   -->   2 A''            
     e( 11 - 12) =     15.96358  eV     2   -->   2 A'             
     e( 13 - 14) =     19.96712  eV     2   -->   2 A'             

 **************************************************************************

 **************************************************************************

                    xk=(  -0.23077,  -0.13323,  -0.30800  )

     Band symmetry, C_s (m)     point group:

     e(  1 -  2) =    -90.49903  eV     2   -->   2 A'             
     e(  3 -  4) =    -11.22508  eV     2   -->   2 A'             
     e(  5 -  6) =      2.34856  eV     2   -->   2 A'             
     e(  7 -  8) =      4.35321  eV     2   -->   2 A'             
     e(  9 - 10) =      4.92963  eV     2   -->   2 A''            
     e( 11 - 12) =     15.93724  eV     2   -->   2 A'             
     e( 13 - 14) =     19.99178  eV     2   -->   2 A'             

 **************************************************************************

 **************************************************************************

                    xk=(  -0.24038,  -0.13879,  -0.30800  )

     Band symmetry, C_s (m)     point group:

     e(  1 -  2) =    -90.49899  eV     2   -->   2 A'             
     e(  3 -  4) =    -11.19071  eV     2   -->   2 A'             
     e(  5 -  6) =      2.28253  eV     2   -->   2 A'             
     e(  7 -  8) =      4.32235  eV     2   -->   2 A'             
     e(  9 - 10) =      4.89027  eV     2   -->   2 A''            
     e( 11 - 12) =     15.90747  eV     2   -->   2 A'             
     e( 13 - 14) =     20.01977  eV     2   -->   2 A'             

 **************************************************************************

 **************************************************************************

                    xk=(  -0.25000,  -0.14434,  -0.30800  )

     Band symmetry, C_s (m)     point group:

     e(  1 -  2) =    -90.49894  eV     2   -->   2 A'             
     e(  3 -  4) =    -11.15585  eV     2   -->   2 A'             
     e(  5 -  6) =      2.21166  eV     2   -->   2 A'             
     e(  7 -  8) =      4.29722  eV     2   -->   2 A'             
     e(  9 - 10) =      4.85113  eV     2   -->   2 A''            
     e( 11 - 12) =     15.87463  eV     2   -->   2 A'             
     e( 13 - 14) =     20.05052  eV     2   -->   2 A'             

 **************************************************************************

 **************************************************************************

                    xk=(  -0.25962,  -0.14989,  -0.30800  )

     Band symmetry, C_s (m)     point group:

     e(  1 -  2) =    -90.49889  eV     2   -->   2 A'             
     e(  3 -  4) =    -11.12060  eV     2   -->   2 A'             
     e(  5 -  6) =      2.13656  eV     2   -->   2 A'             
     e(  7 -  8) =      4.27749  eV     2   -->   2 A'             
     e(  9 - 10) =      4.81234  eV     2   -->   2 A''            
     e( 11 - 12) =     15.83909  eV     2   -->   2 A'             
     e( 13 - 14) =     20.08346  eV     2   -->   2 A'             

 **************************************************************************

 **************************************************************************

                    xk=(  -0.26923,  -0.15544,  -0.30800  )

     Band symmetry, C_s (m)     point group:

     e(  1 -  2) =    -90.49884  eV     2   -->   2 A'             
     e(  3 -  4) =    -11.08510  eV     2   -->   2 A'             
     e(  5 -  6) =      2.05791  eV     2   -->   2 A'             
     e(  7 -  8) =      4.26278  eV     2   -->   2 A'             
     e(  9 - 10) =      4.77402  eV     2   -->   2 A''            
     e( 11 - 12) =     15.80124  eV     2   -->   2 A'             
     e( 13 - 14) =     20.11800  eV     2   -->   2 A'             

 **************************************************************************

 **************************************************************************

                    xk=(  -0.27885,  -0.16099,  -0.30800  )

     Band symmetry, C_s (m)     point group:

     e(  1 -  2) =    -90.49880  eV     2   -->   2 A'             
     e(  3 -  4) =    -11.04945  eV     2   -->   2 A'             
     e(  5 -  6) =      1.97644  eV     2   -->   2 A'             
     e(  7 -  8) =      4.25263  eV     2   -->   2 A'             
     e(  9 - 10) =      4.73631  eV     2   -->   2 A''            
     e( 11 - 12) =     15.76150  eV     2   -->   2 A'             
     e( 13 - 14) =     20.15360  eV     2   -->   2 A'             

 **************************************************************************

 **************************************************************************

                    xk=(  -0.28846,  -0.16654,  -0.30800  )

     Band symmetry, C_s (m)     point group:

     e(  1 -  2) =    -90.49875  eV     2   -->   2 A'             
     e(  3 -  4) =    -11.01381  eV     2   -->   2 A'             
     e(  5 -  6) =      1.89290  eV     2   -->   2 A'             
     e(  7 -  8) =      4.24653  eV     2   -->   2 A'             
     e(  9 - 10) =      4.69934  eV     2   -->   2 A''            
     e( 11 - 12) =     15.72027  eV     2   -->   2 A'             
     e( 13 - 14) =     20.18970  eV     2   -->   2 A'             

 **************************************************************************

 **************************************************************************

                    xk=(  -0.29808,  -0.17209,  -0.30800  )

     Band symmetry, C_s (m)     point group:

     e(  1 -  2) =    -90.49871  eV     2   -->   2 A'             
     e(  3 -  4) =    -10.97829  eV     2   -->   2 A'             
     e(  5 -  6) =      1.80805  eV     2   -->   2 A'             
     e(  7 -  8) =      4.24400  eV     2   -->   2 A'             
     e(  9 - 10) =      4.66321  eV     2   -->   2 A''            
     e( 11 - 12) =     15.67794  eV     2   -->   2 A'             
     e( 13 - 14) =     20.22581  eV     2   -->   2 A'             

 **************************************************************************

 **************************************************************************

                    xk=(  -0.30769,  -0.17765,  -0.30800  )

     Band symmetry, C_s (m)     point group:

     e(  1 -  2) =    -90.49866  eV     2   -->   2 A'             
     e(  3 -  4) =    -10.94304  eV     2   -->   2 A'             
     e(  5 -  6) =      1.72259  eV     2   -->   2 A'             
     e(  7 -  8) =      4.24455  eV     2   -->   2 A'             
     e(  9 - 10) =      4.62804  eV     2   -->   2 A''            
     e( 11 - 12) =     15.63491  eV     2   -->   2 A'             
     e( 13 - 14) =     20.26147  eV     2   -->   2 A'             

 **************************************************************************

 **************************************************************************

                    xk=(  -0.31731,  -0.18320,  -0.30800  )

     Band symmetry, C_s (m)     point group:

     e(  1 -  2) =    -90.49862  eV     2   -->   2 A'             
     e(  3 -  4) =    -10.90821  eV     2   -->   2 A'             
     e(  5 -  6) =      1.63721  eV     2   -->   2 A'             
     e(  7 -  8) =      4.24772  eV     2   -->   2 A'             
     e(  9 - 10) =      4.59393  eV     2   -->   2 A''            
     e( 11 - 12) =     15.59154  eV     2   -->   2 A'             
     e( 13 - 14) =     20.29626  eV     2   -->   2 A'             

 **************************************************************************

 **************************************************************************

                    xk=(  -0.32692,  -0.18875,  -0.30800  )

     Band symmetry, C_s (m)     point group:

     e(  1 -  2) =    -90.49858  eV     2   -->   2 A'             
     e(  3 -  4) =    -10.87393  eV     2   -->   2 A'             
     e(  5 -  6) =      1.55256  eV     2   -->   2 A'             
     e(  7 -  8) =      4.25306  eV     2   -->   2 A'             
     e(  9 - 10) =      4.56098  eV     2   -->   2 A''            
     e( 11 - 12) =     15.54820  eV     2   -->   2 A'             
     e( 13 - 14) =     20.32982  eV     2   -->   2 A'             

 **************************************************************************

 **************************************************************************

                    xk=(  -0.33654,  -0.19430,  -0.30800  )

     Band symmetry, C_s (m)     point group:

     e(  1 -  2) =    -90.49853  eV     2   -->   2 A'             
     e(  3 -  4) =    -10.84035  eV     2   -->   2 A'             
     e(  5 -  6) =      1.46925  eV     2   -->   2 A'             
     e(  7 -  8) =      4.26017  eV     2   -->   2 A'             
     e(  9 - 10) =      4.52929  eV     2   -->   2 A''            
     e( 11 - 12) =     15.50523  eV     2   -->   2 A'             
     e( 13 - 14) =     20.36183  eV     2   -->   2 A'             

 **************************************************************************

 **************************************************************************

                    xk=(  -0.34615,  -0.19985,  -0.30800  )

     Band symmetry, C_s (m)     point group:

     e(  1 -  2) =    -90.49850  eV     2   -->   2 A'             
     e(  3 -  4) =    -10.80763  eV     2   -->   2 A'             
     e(  5 -  6) =      1.38784  eV     2   -->   2 A'             
     e(  7 -  8) =      4.26868  eV     2   -->   2 A'             
     e(  9 - 10) =      4.49895  eV     2   -->   2 A''            
     e( 11 - 12) =     15.46295  eV     2   -->   2 A'             
     e( 13 - 14) =     20.39203  eV     2   -->   2 A'             

 **************************************************************************

 **************************************************************************

                    xk=(  -0.35577,  -0.20540,  -0.30800  )

     Band symmetry, C_s (m)     point group:

     e(  1 -  2) =    -90.49846  eV     2   -->   2 A'             
     e(  3 -  4) =    -10.77592  eV     2   -->   2 A'             
     e(  5 -  6) =      1.30885  eV     2   -->   2 A'             
     e(  7 -  8) =      4.27825  eV     2   -->   2 A'             
     e(  9 - 10) =      4.47004  eV     2   -->   2 A''            
     e( 11 - 12) =     15.42167  eV     2   -->   2 A'             
     e( 13 - 14) =     20.42022  eV     2   -->   2 A'             

 **************************************************************************

 **************************************************************************

                    xk=(  -0.36538,  -0.21095,  -0.30800  )

     Band symmetry, C_s (m)     point group:

     e(  1 -  2) =    -90.49842  eV     2   -->   2 A'             
     e(  3 -  4) =    -10.74536  eV     2   -->   2 A'             
     e(  5 -  6) =      1.23276  eV     2   -->   2 A'             
     e(  7 -  8) =      4.28856  eV     2   -->   2 A'             
     e(  9 - 10) =      4.44264  eV     2   -->   2 A''            
     e( 11 - 12) =     15.38168  eV     2   -->   2 A'             
     e( 13 - 14) =     20.44626  eV     2   -->   2 A'             

 **************************************************************************

 **************************************************************************

                    xk=(  -0.37500,  -0.21651,  -0.30800  )

     Band symmetry, C_s (m)     point group:

     e(  1 -  2) =    -90.49839  eV     2   -->   2 A'             
     e(  3 -  4) =    -10.71612  eV     2   -->   2 A'             
     e(  5 -  6) =      1.16003  eV     2   -->   2 A'             
     e(  7 -  8) =      4.29933  eV     2   -->   2 A'             
     e(  9 - 10) =      4.41682  eV     2   -->   2 A''            
     e( 11 - 12) =     15.34326  eV     2   -->   2 A'             
     e( 13 - 14) =     20.47006  eV     2   -->   2 A'             

 **************************************************************************

 **************************************************************************

                    xk=(  -0.38462,  -0.22206,  -0.30800  )

     Band symmetry, C_s (m)     point group:

     e(  1 -  2) =    -90.49835  eV     2   -->   2 A'             
     e(  3 -  4) =    -10.68832  eV     2   -->   2 A'             
     e(  5 -  6) =      1.09105  eV     2   -->   2 A'             
     e(  7 -  8) =      4.31030  eV     2   -->   2 A'             
     e(  9 - 10) =      4.39265  eV     2   -->   2 A''            
     e( 11 - 12) =     15.30664  eV     2   -->   2 A'             
     e( 13 - 14) =     20.49157  eV     2   -->   2 A'             

 **************************************************************************

 **************************************************************************

                    xk=(  -0.39423,  -0.22761,  -0.30800  )

     Band symmetry, C_s (m)     point group:

     e(  1 -  2) =    -90.49832  eV     2   -->   2 A'             
     e(  3 -  4) =    -10.66213  eV     2   -->   2 A'             
     e(  5 -  6) =      1.02622  eV     2   -->   2 A'             
     e(  7 -  8) =      4.32123  eV     2   -->   2 A'             
     e(  9 - 10) =      4.37019  eV     2   -->   2 A''            
     e( 11 - 12) =     15.27208  eV     2   -->   2 A'             
     e( 13 - 14) =     20.51079  eV     2   -->   2 A'             

 **************************************************************************

 **************************************************************************

                    xk=(  -0.40385,  -0.23316,  -0.30800  )

     Band symmetry, C_s (m)     point group:

     e(  1 -  2) =    -90.49830  eV     2   -->   2 A'             
     e(  3 -  4) =    -10.63768  eV     2   -->   2 A'             
     e(  5 -  6) =      0.96587  eV     2   -->   2 A'             
     e(  7 -  8) =      4.33190  eV     2   -->   2 A'             
     e(  9 - 10) =      4.34949  eV     2   -->   2 A''            
     e( 11 - 12) =     15.23977  eV     2   -->   2 A'             
     e( 13 - 14) =     20.52778  eV     2   -->   2 A'             

 **************************************************************************

 **************************************************************************

                    xk=(  -0.41346,  -0.23871,  -0.30800  )

     Band symmetry, C_s (m)     point group:

     e(  1 -  2) =    -90.49827  eV     2   -->   2 A'             
     e(  3 -  4) =    -10.61510  eV     2   -->   2 A'             
     e(  5 -  6) =      0.91032  eV     2   -->   2 A'             
     e(  7 -  8) =      4.33061  eV     2   -->   2 A''            
     e(  9 - 10) =      4.34213  eV     2   -->   2 A'             
     e( 11 - 12) =     15.20994  eV     2   -->   2 A'             
     e( 13 - 14) =     20.54260  eV     2   -->   2 A'             

 **************************************************************************

 **************************************************************************

                    xk=(  -0.42308,  -0.24426,  -0.30800  )

     Band symmetry, C_s (m)     point group:

     e(  1 -  2) =    -90.49825  eV     2   -->   2 A'             
     e(  3 -  4) =    -10.59453  eV     2   -->   2 A'             
     e(  5 -  6) =      0.85985  eV     2   -->   2 A'             
     e(  7 -  8) =      4.31360  eV     2   -->   2 A''            
     e(  9 - 10) =      4.35175  eV     2   -->   2 A'             
     e( 11 - 12) =     15.18274  eV     2   -->   2 A'             
     e( 13 - 14) =     20.55537  eV     2   -->   2 A'             

 **************************************************************************

 **************************************************************************

                    xk=(  -0.43269,  -0.24982,  -0.30800  )

     Band symmetry, C_s (m)     point group:

     e(  1 -  2) =    -90.49823  eV     2   -->   2 A'             
     e(  3 -  4) =    -10.57607  eV     2   -->   2 A'             
     e(  5 -  6) =      0.81471  eV     2   -->   2 A'             
     e(  7 -  8) =      4.29849  eV     2   -->   2 A''            
     e(  9 - 10) =      4.36059  eV     2   -->   2 A'             
     e( 11 - 12) =     15.15836  eV     2   -->   2 A'             
     e( 13 - 14) =     20.56621  eV     2   -->   2 A'             

 **************************************************************************

 **************************************************************************

                    xk=(  -0.44231,  -0.25537,  -0.30800  )

     Band symmetry, C_s (m)     point group:

     e(  1 -  2) =    -90.49821  eV     2   -->   2 A'             
     e(  3 -  4) =    -10.55984  eV     2   -->   2 A'             
     e(  5 -  6) =      0.77514  eV     2   -->   2 A'             
     e(  7 -  8) =      4.28532  eV     2   -->   2 A''            
     e(  9 - 10) =      4.36852  eV     2   -->   2 A'             
     e( 11 - 12) =     15.13693  eV     2   -->   2 A'             
     e( 13 - 14) =     20.57524  eV     2   -->   2 A'             

 **************************************************************************

 **************************************************************************

                    xk=(  -0.45192,  -0.26092,  -0.30800  )

     Band symmetry, C_s (m)     point group:

     e(  1 -  2) =    -90.49819  eV     2   -->   2 A'             
     e(  3 -  4) =    -10.54594  eV     2   -->   2 A'             
     e(  5 -  6) =      0.74132  eV     2   -->   2 A'             
     e(  7 -  8) =      4.27413  eV     2   -->   2 A''            
     e(  9 - 10) =      4.37543  eV     2   -->   2 A'             
     e( 11 - 12) =     15.11858  eV     2   -->   2 A'             
     e( 13 - 14) =     20.58261  eV     2   -->   2 A'             

 **************************************************************************

 **************************************************************************

                    xk=(  -0.46154,  -0.26647,  -0.30800  )

     Band symmetry, C_s (m)     point group:

     e(  1 -  2) =    -90.49818  eV     2   -->   2 A'             
     e(  3 -  4) =    -10.53444  eV     2   -->   2 A'             
     e(  5 -  6) =      0.71342  eV     2   -->   2 A'             
     e(  7 -  8) =      4.26494  eV     2   -->   2 A''            
     e(  9 - 10) =      4.38121  eV     2   -->   2 A'             
     e( 11 - 12) =     15.10342  eV     2   -->   2 A'             
     e( 13 - 14) =     20.58843  eV     2   -->   2 A'             

 **************************************************************************

 **************************************************************************

                    xk=(  -0.47115,  -0.27202,  -0.30800  )

     Band symmetry, C_s (m)     point group:

     e(  1 -  2) =    -90.49817  eV     2   -->   2 A'             
     e(  3 -  4) =    -10.52543  eV     2   -->   2 A'             
     e(  5 -  6) =      0.69158  eV     2   -->   2 A'             
     e(  7 -  8) =      4.25776  eV     2   -->   2 A''            
     e(  9 - 10) =      4.38580  eV     2   -->   2 A'             
     e( 11 - 12) =     15.09154  eV     2   -->   2 A'             
     e( 13 - 14) =     20.59283  eV     2   -->   2 A'             

 **************************************************************************

 **************************************************************************

                    xk=(  -0.48077,  -0.27757,  -0.30800  )

     Band symmetry, C_s (m)     point group:

     e(  1 -  2) =    -90.49816  eV     2   -->   2 A'             
     e(  3 -  4) =    -10.51895  eV     2   -->   2 A'             
     e(  5 -  6) =      0.67591  eV     2   -->   2 A'             
     e(  7 -  8) =      4.25263  eV     2   -->   2 A''            
     e(  9 - 10) =      4.38912  eV     2   -->   2 A'             
     e( 11 - 12) =     15.08300  eV     2   -->   2 A'             
     e( 13 - 14) =     20.59590  eV     2   -->   2 A'             

 **************************************************************************

 **************************************************************************

                    xk=(  -0.49038,  -0.28312,  -0.30800  )

     Band symmetry, C_s (m)     point group:

     e(  1 -  2) =    -90.49816  eV     2   -->   2 A'             
     e(  3 -  4) =    -10.51504  eV     2   -->   2 A'             
     e(  5 -  6) =      0.66647  eV     2   -->   2 A'             
     e(  7 -  8) =      4.24954  eV     2   -->   2 A''            
     e(  9 - 10) =      4.39113  eV     2   -->   2 A'             
     e( 11 - 12) =     15.07786  eV     2   -->   2 A'             
     e( 13 - 14) =     20.59771  eV     2   -->   2 A'             

 **************************************************************************

 **************************************************************************

                    xk=(  -0.50000,  -0.28868,  -0.30800  )

     point group C_2v (mm2) 
     there are  4 classes
     the character table:

       E     C2    s_v   s_v' 
A_1    1.00  1.00  1.00  1.00
A_2    1.00  1.00 -1.00 -1.00
B_1    1.00 -1.00  1.00 -1.00
B_2    1.00 -1.00 -1.00  1.00

     the symmetry operations in each class and the name of the first element:

     E        1
                                                                 
     C2       2
                                                                 
     s_v      4
                                                                 
     s_v'     3
                                                                 

     Band symmetry, C_2v (mm2)  point group:

     e(  1 -  2) =    -90.49816  eV     2   --> A_1  D_1  S_1  
     e(  1 -  2) =    -90.49816  eV     2   --> B_1  D_3  S_3  
     e(  3 -  4) =    -10.51374  eV     2   --> A_1  D_1  S_1  
     e(  3 -  4) =    -10.51374  eV     2   --> B_1  D_3  S_3  
     e(  5 -  6) =      0.66332  eV     2   --> A_1  D_1  S_1  
     e(  5 -  6) =      0.66332  eV     2   --> B_1  D_3  S_3  
     e(  7 -  8) =      4.24851  eV     2   --> A_2  D_2  S_2  
     e(  7 -  8) =      4.24851  eV     2   --> B_2  D_4  S_4  
     e(  9 - 10) =      4.39180  eV     2   --> A_1  D_1  S_1  
     e(  9 - 10) =      4.39180  eV     2   --> B_1  D_3  S_3  
     e( 11 - 12) =     15.07614  eV     2   --> A_1  D_1  S_1  
     e( 11 - 12) =     15.07614  eV     2   --> B_1  D_3  S_3  
     e( 13 - 14) =     20.59831  eV     2   --> A_1  D_1  S_1  
     e( 13 - 14) =     20.59831  eV     2   --> B_1  D_3  S_3  

 **************************************************************************

 **************************************************************************

                    xk=(  -0.49425,  -0.29863,  -0.30800  )

     point group C_s (m)    
     there are  2 classes
     the character table:

       E     s    
A'     1.00  1.00
A''    1.00 -1.00

     the symmetry operations in each class and the name of the first element:

     E        1
                                                                 
     s        2
                                                                 

     Band symmetry, C_s (m)     point group:

     e(  1 -  2) =    -90.49816  eV     2   --> A'             
     e(  1 -  2) =    -90.49816  eV     2   --> A''            
     e(  3 -  4) =    -10.51332  eV     2   --> A'             
     e(  3 -  4) =    -10.51332  eV     2   --> A''            
     e(  5 -  6) =      0.66469  eV     2   --> A'             
     e(  5 -  6) =      0.66469  eV     2   --> A''            
     e(  7 -  8) =      4.22957  eV     2   --> A'             
     e(  7 -  8) =      4.22957  eV     2   --> A''            
     e(  9 - 10) =      4.40622  eV     2   --> A'             
     e(  9 - 10) =      4.40622  eV     2   --> A''            
     e( 11 - 12) =     15.08176  eV     2   --> A'             
     e( 11 - 12) =     15.08176  eV     2   --> A''            
     e( 13 - 14) =     20.59540  eV     2   --> A'             
     e( 13 - 14) =     20.59540  eV     2   --> A''            

 **************************************************************************

 **************************************************************************

                    xk=(  -0.48851,  -0.30858,  -0.30800  )

     Band symmetry, C_s (m)     point group:

     e(  1 -  2) =    -90.49816  eV     2   --> A'             
     e(  1 -  2) =    -90.49816  eV     2   --> A''            
     e(  3 -  4) =    -10.51205  eV     2   --> A'             
     e(  3 -  4) =    -10.51205  eV     2   --> A''            
     e(  5 -  6) =      0.66880  eV     2   --> A'             
     e(  5 -  6) =      0.66880  eV     2   --> A''            
     e(  7 -  8) =      4.18527  eV     2   --> A'             
     e(  7 -  8) =      4.18527  eV     2   --> A''            
     e(  9 - 10) =      4.43703  eV     2   --> A'             
     e(  9 - 10) =      4.43703  eV     2   --> A''            
     e( 11 - 12) =     15.09857  eV     2   --> A'             
     e( 11 - 12) =     15.09857  eV     2   --> A''            
     e( 13 - 14) =     20.58650  eV     2   --> A'             
     e( 13 - 14) =     20.58650  eV     2   --> A''            

 **************************************************************************

 **************************************************************************

                    xk=(  -0.48276,  -0.31854,  -0.30800  )

     Band symmetry, C_s (m)     point group:

     e(  1 -  2) =    -90.49815  eV     2   --> A'             
     e(  1 -  2) =    -90.49815  eV     2   --> A''            
     e(  3 -  4) =    -10.50995  eV     2   --> A'             
     e(  3 -  4) =    -10.50995  eV     2   --> A''            
     e(  5 -  6) =      0.67565  eV     2   --> A'             
     e(  5 -  6) =      0.67565  eV     2   --> A''            
     e(  7 -  8) =      4.12857  eV     2   --> A'             
     e(  7 -  8) =      4.12857  eV     2   --> A''            
     e(  9 - 10) =      4.47142  eV     2   --> A'             
     e(  9 - 10) =      4.47142  eV     2   --> A''            
     e( 11 - 12) =     15.12636  eV     2   --> A'             
     e( 11 - 12) =     15.12636  eV     2   --> A''            
     e( 13 - 14) =     20.57120  eV     2   --> A'             
     e( 13 - 14) =     20.57120  eV     2   --> A''            

 **************************************************************************

 **************************************************************************

                    xk=(  -0.47701,  -0.32849,  -0.30800  )

     Band symmetry, C_s (m)     point group:

     e(  1 -  2) =    -90.49815  eV     2   --> A'             
     e(  1 -  2) =    -90.49815  eV     2   --> A''            
     e(  3 -  4) =    -10.50703  eV     2   --> A'             
     e(  3 -  4) =    -10.50703  eV     2   --> A''            
     e(  5 -  6) =      0.68523  eV     2   --> A'             
     e(  5 -  6) =      0.68523  eV     2   --> A''            
     e(  7 -  8) =      4.06408  eV     2   --> A'             
     e(  7 -  8) =      4.06408  eV     2   --> A''            
     e(  9 - 10) =      4.50503  eV     2   --> A'             
     e(  9 - 10) =      4.50503  eV     2   --> A''            
     e( 11 - 12) =     15.16486  eV     2   --> A'             
     e( 11 - 12) =     15.16486  eV     2   --> A''            
     e( 13 - 14) =     20.54886  eV     2   --> A'             
     e( 13 - 14) =     20.54886  eV     2   --> A''            

 **************************************************************************

 **************************************************************************

                    xk=(  -0.47126,  -0.33845,  -0.30800  )

     Band symmetry, C_s (m)     point group:

     e(  1 -  2) =    -90.49815  eV     2   --> A'             
     e(  1 -  2) =    -90.49815  eV     2   --> A''            
     e(  3 -  4) =    -10.50332  eV     2   --> A'             
     e(  3 -  4) =    -10.50332  eV     2   --> A''            
     e(  5 -  6) =      0.69753  eV     2   --> A'             
     e(  5 -  6) =      0.69753  eV     2   --> A''            
     e(  7 -  8) =      3.99341  eV     2   --> A'             
     e(  7 -  8) =      3.99341  eV     2   --> A''            
     e(  9 - 10) =      4.53658  eV     2   --> A'             
     e(  9 - 10) =      4.53658  eV     2   --> A''            
     e( 11 - 12) =     15.21364  eV     2   --> A'             
     e( 11 - 12) =     15.21364  eV     2   --> A''            
     e( 13 - 14) =     20.51865  eV     2   --> A'             
     e( 13 - 14) =     20.51865  eV     2   --> A''            

 **************************************************************************

 **************************************************************************

                    xk=(  -0.46552,  -0.34840,  -0.30800  )

     Band symmetry, C_s (m)     point group:

     e(  1 -  2) =    -90.49814  eV     2   --> A'             
     e(  1 -  2) =    -90.49814  eV     2   --> A''            
     e(  3 -  4) =    -10.49885  eV     2   --> A'             
     e(  3 -  4) =    -10.49885  eV     2   --> A''            
     e(  5 -  6) =      0.71254  eV     2   --> A'             
     e(  5 -  6) =      0.71254  eV     2   --> A''            
     e(  7 -  8) =      3.91732  eV     2   --> A'             
     e(  7 -  8) =      3.91732  eV     2   --> A''            
     e(  9 - 10) =      4.56575  eV     2   --> A'             
     e(  9 - 10) =      4.56575  eV     2   --> A''            
     e( 11 - 12) =     15.27221  eV     2   --> A'             
     e( 11 - 12) =     15.27221  eV     2   --> A''            
     e( 13 - 14) =     20.47973  eV     2   --> A'             
     e( 13 - 14) =     20.47973  eV     2   --> A''            

 **************************************************************************

 **************************************************************************

                    xk=(  -0.45977,  -0.35836,  -0.30800  )

     Band symmetry, C_s (m)     point group:

     e(  1 -  2) =    -90.49813  eV     2   --> A'             
     e(  1 -  2) =    -90.49813  eV     2   --> A''            
     e(  3 -  4) =    -10.49365  eV     2   --> A'             
     e(  3 -  4) =    -10.49365  eV     2   --> A''            
     e(  5 -  6) =      0.73026  eV     2   --> A'             
     e(  5 -  6) =      0.73026  eV     2   --> A''            
     e(  7 -  8) =      3.83630  eV     2   --> A'             
     e(  7 -  8) =      3.83630  eV     2   --> A''            
     e(  9 - 10) =      4.59252  eV     2   --> A'             
     e(  9 - 10) =      4.59252  eV     2   --> A''            
     e( 11 - 12) =     15.33998  eV     2   --> A'             
     e( 11 - 12) =     15.33998  eV     2   --> A''            
     e( 13 - 14) =     20.43132  eV     2   --> A'             
     e( 13 - 14) =     20.43132  eV     2   --> A''            

 **************************************************************************

 **************************************************************************

                    xk=(  -0.45402,  -0.36831,  -0.30800  )

     Band symmetry, C_s (m)     point group:

     e(  1 -  2) =    -90.49813  eV     2   --> A'             
     e(  1 -  2) =    -90.49813  eV     2   --> A''            
     e(  3 -  4) =    -10.48777  eV     2   --> A'             
     e(  3 -  4) =    -10.48777  eV     2   --> A''            
     e(  5 -  6) =      0.75066  eV     2   --> A'             
     e(  5 -  6) =      0.75066  eV     2   --> A''            
     e(  7 -  8) =      3.75077  eV     2   --> A'             
     e(  7 -  8) =      3.75077  eV     2   --> A''            
     e(  9 - 10) =      4.61704  eV     2   --> A'             
     e(  9 - 10) =      4.61704  eV     2   --> A''            
     e( 11 - 12) =     15.41631  eV     2   --> A'             
     e( 11 - 12) =     15.41631  eV     2   --> A''            
     e( 13 - 14) =     20.37285  eV     2   --> A'             
     e( 13 - 14) =     20.37285  eV     2   --> A''            

 **************************************************************************

 **************************************************************************

                    xk=(  -0.44828,  -0.37826,  -0.30800  )

     Band symmetry, C_s (m)     point group:

     e(  1 -  2) =    -90.49812  eV     2   --> A'             
     e(  1 -  2) =    -90.49812  eV     2   --> A''            
     e(  3 -  4) =    -10.48126  eV     2   --> A'             
     e(  3 -  4) =    -10.48126  eV     2   --> A''            
     e(  5 -  6) =      0.77372  eV     2   --> A'             
     e(  5 -  6) =      0.77372  eV     2   --> A''            
     e(  7 -  8) =      3.66114  eV     2   --> A'             
     e(  7 -  8) =      3.66114  eV     2   --> A''            
     e(  9 - 10) =      4.63948  eV     2   --> A'             
     e(  9 - 10) =      4.63948  eV     2   --> A''            
     e( 11 - 12) =     15.50048  eV     2   --> A'             
     e( 11 - 12) =     15.50048  eV     2   --> A''            
     e( 13 - 14) =     20.30407  eV     2   --> A'             
     e( 13 - 14) =     20.30407  eV     2   --> A''            

 **************************************************************************

 **************************************************************************

                    xk=(  -0.44253,  -0.38822,  -0.30800  )

     Band symmetry, C_s (m)     point group:

     e(  1 -  2) =    -90.49811  eV     2   --> A'             
     e(  1 -  2) =    -90.49811  eV     2   --> A''            
     e(  3 -  4) =    -10.47417  eV     2   --> A'             
     e(  3 -  4) =    -10.47417  eV     2   --> A''            
     e(  5 -  6) =      0.79944  eV     2   --> A'             
     e(  5 -  6) =      0.79944  eV     2   --> A''            
     e(  7 -  8) =      3.56784  eV     2   --> A'             
     e(  7 -  8) =      3.56784  eV     2   --> A''            
     e(  9 - 10) =      4.66003  eV     2   --> A'             
     e(  9 - 10) =      4.66003  eV     2   --> A''            
     e( 11 - 12) =     15.59177  eV     2   --> A'             
     e( 11 - 12) =     15.59177  eV     2   --> A''            
     e( 13 - 14) =     20.22508  eV     2   --> A'             
     e( 13 - 14) =     20.22508  eV     2   --> A''            

 **************************************************************************

 **************************************************************************

                    xk=(  -0.43678,  -0.39817,  -0.30800  )

     Band symmetry, C_s (m)     point group:

     e(  1 -  2) =    -90.49810  eV     2   --> A'             
     e(  1 -  2) =    -90.49810  eV     2   --> A''            
     e(  3 -  4) =    -10.46657  eV     2   --> A'             
     e(  3 -  4) =    -10.46657  eV     2   --> A''            
     e(  5 -  6) =      0.82778  eV     2   --> A'             
     e(  5 -  6) =      0.82778  eV     2   --> A''            
     e(  7 -  8) =      3.47132  eV     2   --> A'             
     e(  7 -  8) =      3.47132  eV     2   --> A''            
     e(  9 - 10) =      4.67886  eV     2   --> A'             
     e(  9 - 10) =      4.67886  eV     2   --> A''            
     e( 11 - 12) =     15.68943  eV     2   --> A'             
     e( 11 - 12) =     15.68943  eV     2   --> A''            
     e( 13 - 14) =     20.13634  eV     2   --> A'             
     e( 13 - 14) =     20.13634  eV     2   --> A''            

 **************************************************************************

 **************************************************************************

                    xk=(  -0.43103,  -0.40813,  -0.30800  )

     Band symmetry, C_s (m)     point group:

     e(  1 -  2) =    -90.49809  eV     2   --> A'             
     e(  1 -  2) =    -90.49809  eV     2   --> A''            
     e(  3 -  4) =    -10.45852  eV     2   --> A'             
     e(  3 -  4) =    -10.45852  eV     2   --> A''            
     e(  5 -  6) =      0.85873  eV     2   --> A'             
     e(  5 -  6) =      0.85873  eV     2   --> A''            
     e(  7 -  8) =      3.37208  eV     2   --> A'             
     e(  7 -  8) =      3.37208  eV     2   --> A''            
     e(  9 - 10) =      4.69616  eV     2   --> A'             
     e(  9 - 10) =      4.69616  eV     2   --> A''            
     e( 11 - 12) =     15.79269  eV     2   --> A'             
     e( 11 - 12) =     15.79269  eV     2   --> A''            
     e( 13 - 14) =     20.03860  eV     2   --> A'             
     e( 13 - 14) =     20.03860  eV     2   --> A''            

 **************************************************************************

 **************************************************************************

                    xk=(  -0.42529,  -0.41808,  -0.30800  )

     Band symmetry, C_s (m)     point group:

     e(  1 -  2) =    -90.49808  eV     2   --> A'             
     e(  1 -  2) =    -90.49808  eV     2   --> A''            
     e(  3 -  4) =    -10.45011  eV     2   --> A'             
     e(  3 -  4) =    -10.45011  eV     2   --> A''            
     e(  5 -  6) =      0.89225  eV     2   --> A'             
     e(  5 -  6) =      0.89225  eV     2   --> A''            
     e(  7 -  8) =      3.27060  eV     2   --> A'             
     e(  7 -  8) =      3.27060  eV     2   --> A''            
     e(  9 - 10) =      4.71205  eV     2   --> A'             
     e(  9 - 10) =      4.71205  eV     2   --> A''            
     e( 11 - 12) =     15.90081  eV     2   --> A'             
     e( 11 - 12) =     15.90081  eV     2   --> A''            
     e( 13 - 14) =     19.93282  eV     2   --> A'             
     e( 13 - 14) =     19.93282  eV     2   --> A''            

 **************************************************************************

 **************************************************************************

                    xk=(  -0.41954,  -0.42804,  -0.30800  )

     Band symmetry, C_s (m)     point group:

     e(  1 -  2) =    -90.49807  eV     2   --> A'             
     e(  1 -  2) =    -90.49807  eV     2   --> A''            
     e(  3 -  4) =    -10.44141  eV     2   --> A'             
     e(  3 -  4) =    -10.44141  eV     2   --> A''            
     e(  5 -  6) =      0.92832  eV     2   --> A'             
     e(  5 -  6) =      0.92832  eV     2   --> A''            
     e(  7 -  8) =      3.16741  eV     2   --> A'             
     e(  7 -  8) =      3.16741  eV     2   --> A''            
     e(  9 - 10) =      4.72668  eV     2   --> A'             
     e(  9 - 10) =      4.72668  eV     2   --> A''            
     e( 11 - 12) =     16.01306  eV     2   --> A'             
     e( 11 - 12) =     16.01306  eV     2   --> A''            
     e( 13 - 14) =     19.82009  eV     2   --> A'             
     e( 13 - 14) =     19.82009  eV     2   --> A''            

 **************************************************************************

 **************************************************************************

                    xk=(  -0.41379,  -0.43799,  -0.30800  )

     Band symmetry, C_s (m)     point group:

     e(  1 -  2) =    -90.49806  eV     2   --> A'             
     e(  1 -  2) =    -90.49806  eV     2   --> A''            
     e(  3 -  4) =    -10.43250  eV     2   --> A'             
     e(  3 -  4) =    -10.43250  eV     2   --> A''            
     e(  5 -  6) =      0.96690  eV     2   --> A'             
     e(  5 -  6) =      0.96690  eV     2   --> A''            
     e(  7 -  8) =      3.06303  eV     2   --> A'             
     e(  7 -  8) =      3.06303  eV     2   --> A''            
     e(  9 - 10) =      4.74014  eV     2   --> A'             
     e(  9 - 10) =      4.74014  eV     2   --> A''            
     e( 11 - 12) =     16.12873  eV     2   --> A'             
     e( 11 - 12) =     16.12873  eV     2   --> A''            
     e( 13 - 14) =     19.70153  eV     2   --> A'             
     e( 13 - 14) =     19.70153  eV     2   --> A''            

 **************************************************************************

 **************************************************************************

                    xk=(  -0.40805,  -0.44794,  -0.30800  )

     Band symmetry, C_s (m)     point group:

     e(  1 -  2) =    -90.49805  eV     2   --> A'             
     e(  1 -  2) =    -90.49805  eV     2   --> A''            
     e(  3 -  4) =    -10.42349  eV     2   --> A'             
     e(  3 -  4) =    -10.42349  eV     2   --> A''            
     e(  5 -  6) =      1.00797  eV     2   --> A'             
     e(  5 -  6) =      1.00797  eV     2   --> A''            
     e(  7 -  8) =      2.95797  eV     2   --> A'             
     e(  7 -  8) =      2.95797  eV     2   --> A''            
     e(  9 - 10) =      4.75253  eV     2   --> A'             
     e(  9 - 10) =      4.75253  eV     2   --> A''            
     e( 11 - 12) =     16.24716  eV     2   --> A'             
     e( 11 - 12) =     16.24716  eV     2   --> A''            
     e( 13 - 14) =     19.57825  eV     2   --> A'             
     e( 13 - 14) =     19.57825  eV     2   --> A''            

 **************************************************************************

 **************************************************************************

                    xk=(  -0.40230,  -0.45790,  -0.30800  )

     Band symmetry, C_s (m)     point group:

     e(  1 -  2) =    -90.49804  eV     2   --> A'             
     e(  1 -  2) =    -90.49804  eV     2   --> A''            
     e(  3 -  4) =    -10.41446  eV     2   --> A'             
     e(  3 -  4) =    -10.41446  eV     2   --> A''            
     e(  5 -  6) =      1.05147  eV     2   --> A'             
     e(  5 -  6) =      1.05147  eV     2   --> A''            
     e(  7 -  8) =      2.85275  eV     2   --> A'             
     e(  7 -  8) =      2.85275  eV     2   --> A''            
     e(  9 - 10) =      4.76392  eV     2   --> A'             
     e(  9 - 10) =      4.76392  eV     2   --> A''            
     e( 11 - 12) =     16.36771  eV     2   --> A'             
     e( 11 - 12) =     16.36771  eV     2   --> A''            
     e( 13 - 14) =     19.45131  eV     2   --> A'             
     e( 13 - 14) =     19.45131  eV     2   --> A''            

 **************************************************************************

 **************************************************************************

                    xk=(  -0.39655,  -0.46785,  -0.30800  )

     Band symmetry, C_s (m)     point group:

     e(  1 -  2) =    -90.49803  eV     2   --> A'             
     e(  1 -  2) =    -90.49803  eV     2   --> A''            
     e(  3 -  4) =    -10.40552  eV     2   --> A'             
     e(  3 -  4) =    -10.40552  eV     2   --> A''            
     e(  5 -  6) =      1.09738  eV     2   --> A'             
     e(  5 -  6) =      1.09738  eV     2   --> A''            
     e(  7 -  8) =      2.74789  eV     2   --> A'             
     e(  7 -  8) =      2.74789  eV     2   --> A''            
     e(  9 - 10) =      4.77435  eV     2   --> A'             
     e(  9 - 10) =      4.77435  eV     2   --> A''            
     e( 11 - 12) =     16.48979  eV     2   --> A'             
     e( 11 - 12) =     16.48979  eV     2   --> A''            
     e( 13 - 14) =     19.32171  eV     2   --> A'             
     e( 13 - 14) =     19.32171  eV     2   --> A''            

 **************************************************************************

 **************************************************************************

                    xk=(  -0.39080,  -0.47781,  -0.30800  )

     Band symmetry, C_s (m)     point group:

     e(  1 -  2) =    -90.49802  eV     2   --> A'             
     e(  1 -  2) =    -90.49802  eV     2   --> A''            
     e(  3 -  4) =    -10.39677  eV     2   --> A'             
     e(  3 -  4) =    -10.39677  eV     2   --> A''            
     e(  5 -  6) =      1.14565  eV     2   --> A'             
     e(  5 -  6) =      1.14565  eV     2   --> A''            
     e(  7 -  8) =      2.64387  eV     2   --> A'             
     e(  7 -  8) =      2.64387  eV     2   --> A''            
     e(  9 - 10) =      4.78387  eV     2   --> A'             
     e(  9 - 10) =      4.78387  eV     2   --> A''            
     e( 11 - 12) =     16.61283  eV     2   --> A'             
     e( 11 - 12) =     16.61283  eV     2   --> A''            
     e( 13 - 14) =     19.19038  eV     2   --> A'             
     e( 13 - 14) =     19.19038  eV     2   --> A''            

 **************************************************************************

 **************************************************************************

                    xk=(  -0.38506,  -0.48776,  -0.30800  )

     Band symmetry, C_s (m)     point group:

     e(  1 -  2) =    -90.49801  eV     2   --> A'             
     e(  1 -  2) =    -90.49801  eV     2   --> A''            
     e(  3 -  4) =    -10.38832  eV     2   --> A'             
     e(  3 -  4) =    -10.38832  eV     2   --> A''            
     e(  5 -  6) =      1.19624  eV     2   --> A'             
     e(  5 -  6) =      1.19624  eV     2   --> A''            
     e(  7 -  8) =      2.54119  eV     2   --> A'             
     e(  7 -  8) =      2.54119  eV     2   --> A''            
     e(  9 - 10) =      4.79250  eV     2   --> A'             
     e(  9 - 10) =      4.79250  eV     2   --> A''            
     e( 11 - 12) =     16.73631  eV     2   --> A'             
     e( 11 - 12) =     16.73631  eV     2   --> A''            
     e( 13 - 14) =     19.05818  eV     2   --> A'             
     e( 13 - 14) =     19.05818  eV     2   --> A''            

 **************************************************************************

 **************************************************************************

                    xk=(  -0.37931,  -0.49772,  -0.30800  )

     Band symmetry, C_s (m)     point group:

     e(  1 -  2) =    -90.49800  eV     2   --> A'             
     e(  1 -  2) =    -90.49800  eV     2   --> A''            
     e(  3 -  4) =    -10.38028  eV     2   --> A'             
     e(  3 -  4) =    -10.38028  eV     2   --> A''            
     e(  5 -  6) =      1.24909  eV     2   --> A'             
     e(  5 -  6) =      1.24909  eV     2   --> A''            
     e(  7 -  8) =      2.44031  eV     2   --> A'             
     e(  7 -  8) =      2.44031  eV     2   --> A''            
     e(  9 - 10) =      4.80025  eV     2   --> A'             
     e(  9 - 10) =      4.80025  eV     2   --> A''            
     e( 11 - 12) =     16.85969  eV     2   --> A'             
     e( 11 - 12) =     16.85969  eV     2   --> A''            
     e( 13 - 14) =     18.92598  eV     2   --> A'             
     e( 13 - 14) =     18.92598  eV     2   --> A''            

 **************************************************************************

 **************************************************************************

                    xk=(  -0.37356,  -0.50767,  -0.30800  )

     Band symmetry, C_s (m)     point group:

     e(  1 -  2) =    -90.49800  eV     2   --> A'             
     e(  1 -  2) =    -90.49800  eV     2   --> A''            
     e(  3 -  4) =    -10.37277  eV     2   --> A'             
     e(  3 -  4) =    -10.37277  eV     2   --> A''            
     e(  5 -  6) =      1.30416  eV     2   --> A'             
     e(  5 -  6) =      1.30416  eV     2   --> A''            
     e(  7 -  8) =      2.34167  eV     2   --> A'             
     e(  7 -  8) =      2.34167  eV     2   --> A''            
     e(  9 - 10) =      4.80714  eV     2   --> A'             
     e(  9 - 10) =      4.80714  eV     2   --> A''            
     e( 11 - 12) =     16.98243  eV     2   --> A'             
     e( 11 - 12) =     16.98243  eV     2   --> A''            
     e( 13 - 14) =     18.79460  eV     2   --> A'             
     e( 13 - 14) =     18.79460  eV     2   --> A''            

 **************************************************************************

 **************************************************************************

                    xk=(  -0.36782,  -0.51762,  -0.30800  )

     Band symmetry, C_s (m)     point group:

     e(  1 -  2) =    -90.49799  eV     2   --> A'             
     e(  1 -  2) =    -90.49799  eV     2   --> A''            
     e(  3 -  4) =    -10.36589  eV     2   --> A'             
     e(  3 -  4) =    -10.36589  eV     2   --> A''            
     e(  5 -  6) =      1.36139  eV     2   --> A'             
     e(  5 -  6) =      1.36139  eV     2   --> A''            
     e(  7 -  8) =      2.24570  eV     2   --> A'             
     e(  7 -  8) =      2.24570  eV     2   --> A''            
     e(  9 - 10) =      4.81315  eV     2   --> A'             
     e(  9 - 10) =      4.81315  eV     2   --> A''            
     e( 11 - 12) =     17.10388  eV     2   --> A'             
     e( 11 - 12) =     17.10388  eV     2   --> A''            
     e( 13 - 14) =     18.66495  eV     2   --> A'             
     e( 13 - 14) =     18.66495  eV     2   --> A''            

 **************************************************************************

 **************************************************************************

                    xk=(  -0.36207,  -0.52758,  -0.30800  )

     Band symmetry, C_s (m)     point group:

     e(  1 -  2) =    -90.49798  eV     2   --> A'             
     e(  1 -  2) =    -90.49798  eV     2   --> A''            
     e(  3 -  4) =    -10.35977  eV     2   --> A'             
     e(  3 -  4) =    -10.35977  eV     2   --> A''            
     e(  5 -  6) =      1.42071  eV     2   --> A'             
     e(  5 -  6) =      1.42071  eV     2   --> A''            
     e(  7 -  8) =      2.15282  eV     2   --> A'             
     e(  7 -  8) =      2.15282  eV     2   --> A''            
     e(  9 - 10) =      4.81828  eV     2   --> A'             
     e(  9 - 10) =      4.81828  eV     2   --> A''            
     e( 11 - 12) =     17.22322  eV     2   --> A'             
     e( 11 - 12) =     17.22322  eV     2   --> A''            
     e( 13 - 14) =     18.53811  eV     2   --> A'             
     e( 13 - 14) =     18.53811  eV     2   --> A''            

 **************************************************************************

 **************************************************************************

                    xk=(  -0.35632,  -0.53753,  -0.30800  )

     Band symmetry, C_s (m)     point group:

     e(  1 -  2) =    -90.49798  eV     2   --> A'             
     e(  1 -  2) =    -90.49798  eV     2   --> A''            
     e(  3 -  4) =    -10.35451  eV     2   --> A'             
     e(  3 -  4) =    -10.35451  eV     2   --> A''            
     e(  5 -  6) =      1.48208  eV     2   --> A'             
     e(  5 -  6) =      1.48208  eV     2   --> A''            
     e(  7 -  8) =      2.06340  eV     2   --> A'             
     e(  7 -  8) =      2.06340  eV     2   --> A''            
     e(  9 - 10) =      4.82252  eV     2   --> A'             
     e(  9 - 10) =      4.82252  eV     2   --> A''            
     e( 11 - 12) =     17.33916  eV     2   --> A'             
     e( 11 - 12) =     17.33916  eV     2   --> A''            
     e( 13 - 14) =     18.41560  eV     2   --> A'             
     e( 13 - 14) =     18.41560  eV     2   --> A''            

 **************************************************************************

 **************************************************************************

                    xk=(  -0.35057,  -0.54749,  -0.30800  )

     Band symmetry, C_s (m)     point group:

     e(  1 -  2) =    -90.49797  eV     2   --> A'             
     e(  1 -  2) =    -90.49797  eV     2   --> A''            
     e(  3 -  4) =    -10.35024  eV     2   --> A'             
     e(  3 -  4) =    -10.35024  eV     2   --> A''            
     e(  5 -  6) =      1.54541  eV     2   --> A'             
     e(  5 -  6) =      1.54541  eV     2   --> A''            
     e(  7 -  8) =      1.97782  eV     2   --> A'             
     e(  7 -  8) =      1.97782  eV     2   --> A''            
     e(  9 - 10) =      4.82585  eV     2   --> A'             
     e(  9 - 10) =      4.82585  eV     2   --> A''            
     e( 11 - 12) =     17.44935  eV     2   --> A'             
     e( 11 - 12) =     17.44935  eV     2   --> A''            
     e( 13 - 14) =     18.30000  eV     2   --> A'             
     e( 13 - 14) =     18.30000  eV     2   --> A''            

 **************************************************************************

 **************************************************************************

                    xk=(  -0.34483,  -0.55744,  -0.30800  )

     Band symmetry, C_s (m)     point group:

     e(  1 -  2) =    -90.49797  eV     2   --> A'             
     e(  1 -  2) =    -90.49797  eV     2   --> A''            
     e(  3 -  4) =    -10.34705  eV     2   --> A'             
     e(  3 -  4) =    -10.34705  eV     2   --> A''            
     e(  5 -  6) =      1.61060  eV     2   --> A'             
     e(  5 -  6) =      1.61060  eV     2   --> A''            
     e(  7 -  8) =      1.89644  eV     2   --> A'             
     e(  7 -  8) =      1.89644  eV     2   --> A''            
     e(  9 - 10) =      4.82824  eV     2   --> A'             
     e(  9 - 10) =      4.82824  eV     2   --> A''            
     e( 11 - 12) =     17.54878  eV     2   --> A'             
     e( 11 - 12) =     17.54878  eV     2   --> A''            
     e( 13 - 14) =     18.19650  eV     2   --> A'             
     e( 13 - 14) =     18.19650  eV     2   --> A''            

 **************************************************************************

 **************************************************************************

                    xk=(  -0.33908,  -0.56740,  -0.30800  )

     Band symmetry, C_s (m)     point group:

     e(  1 -  2) =    -90.49797  eV     2   --> A'             
     e(  1 -  2) =    -90.49797  eV     2   --> A''            
     e(  3 -  4) =    -10.34507  eV     2   --> A'             
     e(  3 -  4) =    -10.34507  eV     2   --> A''            
     e(  5 -  6) =      1.67746  eV     2   --> A'             
     e(  5 -  6) =      1.67746  eV     2   --> A''            
     e(  7 -  8) =      1.81972  eV     2   --> A'             
     e(  7 -  8) =      1.81972  eV     2   --> A''            
     e(  9 - 10) =      4.82970  eV     2   --> A'             
     e(  9 - 10) =      4.82970  eV     2   --> A''            
     e( 11 - 12) =     17.62563  eV     2   --> A'             
     e( 11 - 12) =     17.62563  eV     2   --> A''            
     e( 13 - 14) =     18.11709  eV     2   --> A'             
     e( 13 - 14) =     18.11709  eV     2   --> A''            

 **************************************************************************

 **************************************************************************

                    xk=(  -0.33333,  -0.57735,  -0.30800  )

     point group C_3v (3m)  
     there are  3 classes
     the character table:

       E     2C3   3s_v 
A_1    1.00  1.00  1.00
A_2    1.00  1.00 -1.00
E      2.00 -1.00  0.00

     the symmetry operations in each class and the name of the first element:

     E        1
                                                                 
     2C3      2    3
                                                                 
     3s_v     4    6    5
                                                                 

     Band symmetry, C_3v (3m)   point group:

     e(  1 -  2) =    -90.49796  eV     2   --> E    L_3       
     e(  3 -  4) =    -10.34438  eV     2   --> E    L_3       
     e(  5 -  6) =      1.73801  eV     2   --> A_1  L_1       
     e(  5 -  6) =      1.73801  eV     2   --> A_2  L_2       
     e(  7 -  8) =      1.75584  eV     2   --> E    L_3       
     e(  9 - 10) =      4.83018  eV     2   --> E    L_3       
     e( 11 - 12) =     17.65666  eV     2   --> A_1  L_1       
     e( 11 - 12) =     17.65666  eV     2   --> A_2  L_2       
     e( 13 - 14) =     18.08519  eV     2   --> E    L_3       

 **************************************************************************

 **************************************************************************

                    xk=(  -0.32778,  -0.56773,  -0.30800  )

     point group C_s (m)    
     there are  2 classes
     the character table:

       E     s    
A'     1.00  1.00
A''    1.00 -1.00

     the symmetry operations in each class and the name of the first element:

     E        1
                                                                 
     s        2
                                                                 

     Band symmetry, C_s (m)     point group:

     e(  1 -  2) =    -90.49797  eV     2   --> A'             
     e(  1 -  2) =    -90.49797  eV     2   --> A''            
     e(  3 -  4) =    -10.34505  eV     2   --> A'             
     e(  3 -  4) =    -10.34505  eV     2   --> A''            
     e(  5 -  6) =      1.68128  eV     2   --> A'             
     e(  5 -  6) =      1.68128  eV     2   --> A''            
     e(  7 -  8) =      1.81574  eV     2   --> A'             
     e(  7 -  8) =      1.81574  eV     2   --> A''            
     e(  9 - 10) =      4.82972  eV     2   --> A'             
     e(  9 - 10) =      4.82972  eV     2   --> A''            
     e( 11 - 12) =     17.62866  eV     2   --> A'             
     e( 11 - 12) =     17.62866  eV     2   --> A''            
     e( 13 - 14) =     18.11404  eV     2   --> A'             
     e( 13 - 14) =     18.11404  eV     2   --> A''            

 **************************************************************************

 **************************************************************************

                    xk=(  -0.32222,  -0.55811,  -0.30800  )

     Band symmetry, C_s (m)     point group:

     e(  1 -  2) =    -90.49797  eV     2   --> A'             
     e(  1 -  2) =    -90.49797  eV     2   --> A''            
     e(  3 -  4) =    -10.34711  eV     2   --> A'             
     e(  3 -  4) =    -10.34711  eV     2   --> A''            
     e(  5 -  6) =      1.62143  eV     2   --> A'             
     e(  5 -  6) =      1.62143  eV     2   --> A''            
     e(  7 -  8) =      1.88517  eV     2   --> A'             
     e(  7 -  8) =      1.88517  eV     2   --> A''            
     e(  9 - 10) =      4.82834  eV     2   --> A'             
     e(  9 - 10) =      4.82834  eV     2   --> A''            
     e( 11 - 12) =     17.56162  eV     2   --> A'             
     e( 11 - 12) =     17.56162  eV     2   --> A''            
     e( 13 - 14) =     18.18369  eV     2   --> A'             
     e( 13 - 14) =     18.18369  eV     2   --> A''            

 **************************************************************************

 **************************************************************************

                    xk=(  -0.31667,  -0.54848,  -0.30800  )

     Band symmetry, C_s (m)     point group:

     e(  1 -  2) =    -90.49797  eV     2   --> A'             
     e(  1 -  2) =    -90.49797  eV     2   --> A''            
     e(  3 -  4) =    -10.35063  eV     2   --> A'             
     e(  3 -  4) =    -10.35063  eV     2   --> A''            
     e(  5 -  6) =      1.56651  eV     2   --> A'             
     e(  5 -  6) =      1.56651  eV     2   --> A''            
     e(  7 -  8) =      1.95623  eV     2   --> A'             
     e(  7 -  8) =      1.95623  eV     2   --> A''            
     e(  9 - 10) =      4.82602  eV     2   --> A'             
     e(  9 - 10) =      4.82602  eV     2   --> A''            
     e( 11 - 12) =     17.47777  eV     2   --> A'             
     e( 11 - 12) =     17.47777  eV     2   --> A''            
     e( 13 - 14) =     18.27194  eV     2   --> A'             
     e( 13 - 14) =     18.27194  eV     2   --> A''            

 **************************************************************************

 **************************************************************************

                    xk=(  -0.31111,  -0.53886,  -0.30800  )

     Band symmetry, C_s (m)     point group:

     e(  1 -  2) =    -90.49798  eV     2   --> A'             
     e(  1 -  2) =    -90.49798  eV     2   --> A''            
     e(  3 -  4) =    -10.35568  eV     2   --> A'             
     e(  3 -  4) =    -10.35568  eV     2   --> A''            
     e(  5 -  6) =      1.51681  eV     2   --> A'             
     e(  5 -  6) =      1.51681  eV     2   --> A''            
     e(  7 -  8) =      2.02869  eV     2   --> A'             
     e(  7 -  8) =      2.02869  eV     2   --> A''            
     e(  9 - 10) =      4.82276  eV     2   --> A'             
     e(  9 - 10) =      4.82276  eV     2   --> A''            
     e( 11 - 12) =     17.38823  eV     2   --> A'             
     e( 11 - 12) =     17.38823  eV     2   --> A''            
     e( 13 - 14) =     18.36768  eV     2   --> A'             
     e( 13 - 14) =     18.36768  eV     2   --> A''            

 **************************************************************************

 **************************************************************************

                    xk=(  -0.30556,  -0.52924,  -0.30800  )

     Band symmetry, C_s (m)     point group:

     e(  1 -  2) =    -90.49798  eV     2   --> A'             
     e(  1 -  2) =    -90.49798  eV     2   --> A''            
     e(  3 -  4) =    -10.36232  eV     2   --> A'             
     e(  3 -  4) =    -10.36232  eV     2   --> A''            
     e(  5 -  6) =      1.47254  eV     2   --> A'             
     e(  5 -  6) =      1.47254  eV     2   --> A''            
     e(  7 -  8) =      2.10244  eV     2   --> A'             
     e(  7 -  8) =      2.10244  eV     2   --> A''            
     e(  9 - 10) =      4.81857  eV     2   --> A'             
     e(  9 - 10) =      4.81857  eV     2   --> A''            
     e( 11 - 12) =     17.29780  eV     2   --> A'             
     e( 11 - 12) =     17.29780  eV     2   --> A''            
     e( 13 - 14) =     18.46610  eV     2   --> A'             
     e( 13 - 14) =     18.46610  eV     2   --> A''            

 **************************************************************************

 **************************************************************************

                    xk=(  -0.30000,  -0.51962,  -0.30800  )

     Band symmetry, C_s (m)     point group:

     e(  1 -  2) =    -90.49799  eV     2   --> A'             
     e(  1 -  2) =    -90.49799  eV     2   --> A''            
     e(  3 -  4) =    -10.37060  eV     2   --> A'             
     e(  3 -  4) =    -10.37060  eV     2   --> A''            
     e(  5 -  6) =      1.43381  eV     2   --> A'             
     e(  5 -  6) =      1.43381  eV     2   --> A''            
     e(  7 -  8) =      2.17737  eV     2   --> A'             
     e(  7 -  8) =      2.17737  eV     2   --> A''            
     e(  9 - 10) =      4.81345  eV     2   --> A'             
     e(  9 - 10) =      4.81345  eV     2   --> A''            
     e( 11 - 12) =     17.20869  eV     2   --> A'             
     e( 11 - 12) =     17.20869  eV     2   --> A''            
     e( 13 - 14) =     18.56492  eV     2   --> A'             
     e( 13 - 14) =     18.56492  eV     2   --> A''            

 **************************************************************************

 **************************************************************************

                    xk=(  -0.29444,  -0.50999,  -0.30800  )

     Band symmetry, C_s (m)     point group:

     e(  1 -  2) =    -90.49800  eV     2   --> A'             
     e(  1 -  2) =    -90.49800  eV     2   --> A''            
     e(  3 -  4) =    -10.38056  eV     2   --> A'             
     e(  3 -  4) =    -10.38056  eV     2   --> A''            
     e(  5 -  6) =      1.40074  eV     2   --> A'             
     e(  5 -  6) =      1.40074  eV     2   --> A''            
     e(  7 -  8) =      2.25339  eV     2   --> A'             
     e(  7 -  8) =      2.25339  eV     2   --> A''            
     e(  9 - 10) =      4.80743  eV     2   --> A'             
     e(  9 - 10) =      4.80743  eV     2   --> A''            
     e( 11 - 12) =     17.12205  eV     2   --> A'             
     e( 11 - 12) =     17.12205  eV     2   --> A''            
     e( 13 - 14) =     18.66285  eV     2   --> A'             
     e( 13 - 14) =     18.66285  eV     2   --> A''            

 **************************************************************************

 **************************************************************************

                    xk=(  -0.28889,  -0.50037,  -0.30800  )

     Band symmetry, C_s (m)     point group:

     e(  1 -  2) =    -90.49802  eV     2   --> A'             
     e(  1 -  2) =    -90.49802  eV     2   --> A''            
     e(  3 -  4) =    -10.39223  eV     2   --> A'             
     e(  3 -  4) =    -10.39223  eV     2   --> A''            
     e(  5 -  6) =      1.37341  eV     2   --> A'             
     e(  5 -  6) =      1.37341  eV     2   --> A''            
     e(  7 -  8) =      2.33040  eV     2   --> A'             
     e(  7 -  8) =      2.33040  eV     2   --> A''            
     e(  9 - 10) =      4.80054  eV     2   --> A'             
     e(  9 - 10) =      4.80054  eV     2   --> A''            
     e( 11 - 12) =     17.03854  eV     2   --> A'             
     e( 11 - 12) =     17.03854  eV     2   --> A''            
     e( 13 - 14) =     18.75910  eV     2   --> A'             
     e( 13 - 14) =     18.75910  eV     2   --> A''            

 **************************************************************************

 **************************************************************************

                    xk=(  -0.28333,  -0.49075,  -0.30800  )

     Band symmetry, C_s (m)     point group:

     e(  1 -  2) =    -90.49803  eV     2   --> A'             
     e(  1 -  2) =    -90.49803  eV     2   --> A''            
     e(  3 -  4) =    -10.40563  eV     2   --> A'             
     e(  3 -  4) =    -10.40563  eV     2   --> A''            
     e(  5 -  6) =      1.35186  eV     2   --> A'             
     e(  5 -  6) =      1.35186  eV     2   --> A''            
     e(  7 -  8) =      2.40829  eV     2   --> A'             
     e(  7 -  8) =      2.40829  eV     2   --> A''            
     e(  9 - 10) =      4.79281  eV     2   --> A'             
     e(  9 - 10) =      4.79281  eV     2   --> A''            
     e( 11 - 12) =     16.95856  eV     2   --> A'             
     e( 11 - 12) =     16.95856  eV     2   --> A''            
     e( 13 - 14) =     18.85304  eV     2   --> A'             
     e( 13 - 14) =     18.85304  eV     2   --> A''            

 **************************************************************************

 **************************************************************************

                    xk=(  -0.27778,  -0.48113,  -0.30800  )

     Band symmetry, C_s (m)     point group:

     e(  1 -  2) =    -90.49805  eV     2   --> A'             
     e(  1 -  2) =    -90.49805  eV     2   --> A''            
     e(  3 -  4) =    -10.42075  eV     2   --> A'             
     e(  3 -  4) =    -10.42075  eV     2   --> A''            
     e(  5 -  6) =      1.33613  eV     2   --> A'             
     e(  5 -  6) =      1.33613  eV     2   --> A''            
     e(  7 -  8) =      2.48696  eV     2   --> A'             
     e(  7 -  8) =      2.48696  eV     2   --> A''            
     e(  9 - 10) =      4.78429  eV     2   --> A'             
     e(  9 - 10) =      4.78429  eV     2   --> A''            
     e( 11 - 12) =     16.88238  eV     2   --> A'             
     e( 11 - 12) =     16.88238  eV     2   --> A''            
     e( 13 - 14) =     18.94419  eV     2   --> A'             
     e( 13 - 14) =     18.94419  eV     2   --> A''            

 **************************************************************************

 **************************************************************************

                    xk=(  -0.27222,  -0.47150,  -0.30800  )

     Band symmetry, C_s (m)     point group:

     e(  1 -  2) =    -90.49807  eV     2   --> A'             
     e(  1 -  2) =    -90.49807  eV     2   --> A''            
     e(  3 -  4) =    -10.43761  eV     2   --> A'             
     e(  3 -  4) =    -10.43761  eV     2   --> A''            
     e(  5 -  6) =      1.32623  eV     2   --> A'             
     e(  5 -  6) =      1.32623  eV     2   --> A''            
     e(  7 -  8) =      2.56630  eV     2   --> A'             
     e(  7 -  8) =      2.56630  eV     2   --> A''            
     e(  9 - 10) =      4.77505  eV     2   --> A'             
     e(  9 - 10) =      4.77505  eV     2   --> A''            
     e( 11 - 12) =     16.81016  eV     2   --> A'             
     e( 11 - 12) =     16.81016  eV     2   --> A''            
     e( 13 - 14) =     19.03209  eV     2   --> A'             
     e( 13 - 14) =     19.03209  eV     2   --> A''            

 **************************************************************************

 **************************************************************************

                    xk=(  -0.26667,  -0.46188,  -0.30800  )

     Band symmetry, C_s (m)     point group:

     e(  1 -  2) =    -90.49809  eV     2   --> A'             
     e(  1 -  2) =    -90.49809  eV     2   --> A''            
     e(  3 -  4) =    -10.45618  eV     2   --> A'             
     e(  3 -  4) =    -10.45618  eV     2   --> A''            
     e(  5 -  6) =      1.32211  eV     2   --> A'             
     e(  5 -  6) =      1.32211  eV     2   --> A''            
     e(  7 -  8) =      2.64618  eV     2   --> A'             
     e(  7 -  8) =      2.64618  eV     2   --> A''            
     e(  9 - 10) =      4.76515  eV     2   --> A'             
     e(  9 - 10) =      4.76515  eV     2   --> A''            
     e( 11 - 12) =     16.74201  eV     2   --> A'             
     e( 11 - 12) =     16.74201  eV     2   --> A''            
     e( 13 - 14) =     19.11631  eV     2   --> A'             
     e( 13 - 14) =     19.11631  eV     2   --> A''            

 **************************************************************************

 **************************************************************************

                    xk=(  -0.26111,  -0.45226,  -0.30800  )

     Band symmetry, C_s (m)     point group:

     e(  1 -  2) =    -90.49811  eV     2   --> A'             
     e(  1 -  2) =    -90.49811  eV     2   --> A''            
     e(  3 -  4) =    -10.47644  eV     2   --> A'             
     e(  3 -  4) =    -10.47644  eV     2   --> A''            
     e(  5 -  6) =      1.32374  eV     2   --> A'             
     e(  5 -  6) =      1.32374  eV     2   --> A''            
     e(  7 -  8) =      2.72648  eV     2   --> A'             
     e(  7 -  8) =      2.72648  eV     2   --> A''            
     e(  9 - 10) =      4.75469  eV     2   --> A'             
     e(  9 - 10) =      4.75469  eV     2   --> A''            
     e( 11 - 12) =     16.67798  eV     2   --> A'             
     e( 11 - 12) =     16.67798  eV     2   --> A''            
     e( 13 - 14) =     19.19645  eV     2   --> A'             
     e( 13 - 14) =     19.19645  eV     2   --> A''            

 **************************************************************************

 **************************************************************************

                    xk=(  -0.25556,  -0.44264,  -0.30800  )

     Band symmetry, C_s (m)     point group:

     e(  1 -  2) =    -90.49813  eV     2   --> A'             
     e(  1 -  2) =    -90.49813  eV     2   --> A''            
     e(  3 -  4) =    -10.49834  eV     2   --> A'             
     e(  3 -  4) =    -10.49834  eV     2   --> A''            
     e(  5 -  6) =      1.33104  eV     2   --> A'             
     e(  5 -  6) =      1.33104  eV     2   --> A''            
     e(  7 -  8) =      2.80708  eV     2   --> A'             
     e(  7 -  8) =      2.80708  eV     2   --> A''            
     e(  9 - 10) =      4.74378  eV     2   --> A'             
     e(  9 - 10) =      4.74378  eV     2   --> A''            
     e( 11 - 12) =     16.61811  eV     2   --> A'             
     e( 11 - 12) =     16.61811  eV     2   --> A''            
     e( 13 - 14) =     19.27210  eV     2   --> A'             
     e( 13 - 14) =     19.27210  eV     2   --> A''            

 **************************************************************************

 **************************************************************************

                    xk=(  -0.25000,  -0.43301,  -0.30800  )

     Band symmetry, C_s (m)     point group:

     e(  1 -  2) =    -90.49816  eV     2   --> A'             
     e(  1 -  2) =    -90.49816  eV     2   --> A''            
     e(  3 -  4) =    -10.52185  eV     2   --> A'             
     e(  3 -  4) =    -10.52185  eV     2   --> A''            
     e(  5 -  6) =      1.34390  eV     2   --> A'             
     e(  5 -  6) =      1.34390  eV     2   --> A''            
     e(  7 -  8) =      2.88782  eV     2   --> A'             
     e(  7 -  8) =      2.88782  eV     2   --> A''            
     e(  9 - 10) =      4.73254  eV     2   --> A'             
     e(  9 - 10) =      4.73254  eV     2   --> A''            
     e( 11 - 12) =     16.56238  eV     2   --> A'             
     e( 11 - 12) =     16.56238  eV     2   --> A''            
     e( 13 - 14) =     19.34291  eV     2   --> A'             
     e( 13 - 14) =     19.34291  eV     2   --> A''            

 **************************************************************************

 **************************************************************************

                    xk=(  -0.24444,  -0.42339,  -0.30800  )

     Band symmetry, C_s (m)     point group:

     e(  1 -  2) =    -90.49819  eV     2   --> A'             
     e(  1 -  2) =    -90.49819  eV     2   --> A''            
     e(  3 -  4) =    -10.54689  eV     2   --> A'             
     e(  3 -  4) =    -10.54689  eV     2   --> A''            
     e(  5 -  6) =      1.36220  eV     2   --> A'             
     e(  5 -  6) =      1.36220  eV     2   --> A''            
     e(  7 -  8) =      2.96857  eV     2   --> A'             
     e(  7 -  8) =      2.96857  eV     2   --> A''            
     e(  9 - 10) =      4.72112  eV     2   --> A'             
     e(  9 - 10) =      4.72112  eV     2   --> A''            
     e( 11 - 12) =     16.51078  eV     2   --> A'             
     e( 11 - 12) =     16.51078  eV     2   --> A''            
     e( 13 - 14) =     19.40855  eV     2   --> A'             
     e( 13 - 14) =     19.40855  eV     2   --> A''            

 **************************************************************************

 **************************************************************************

                    xk=(  -0.23889,  -0.41377,  -0.30800  )

     Band symmetry, C_s (m)     point group:

     e(  1 -  2) =    -90.49822  eV     2   --> A'             
     e(  1 -  2) =    -90.49822  eV     2   --> A''            
     e(  3 -  4) =    -10.57340  eV     2   --> A'             
     e(  3 -  4) =    -10.57340  eV     2   --> A''            
     e(  5 -  6) =      1.38578  eV     2   --> A'             
     e(  5 -  6) =      1.38578  eV     2   --> A''            
     e(  7 -  8) =      3.04916  eV     2   --> A'             
     e(  7 -  8) =      3.04916  eV     2   --> A''            
     e(  9 - 10) =      4.70968  eV     2   --> A'             
     e(  9 - 10) =      4.70968  eV     2   --> A''            
     e( 11 - 12) =     16.46323  eV     2   --> A'             
     e( 11 - 12) =     16.46323  eV     2   --> A''            
     e( 13 - 14) =     19.46872  eV     2   --> A'             
     e( 13 - 14) =     19.46872  eV     2   --> A''            

 **************************************************************************

 **************************************************************************

                    xk=(  -0.23333,  -0.40415,  -0.30800  )

     Band symmetry, C_s (m)     point group:

     e(  1 -  2) =    -90.49825  eV     2   --> A'             
     e(  1 -  2) =    -90.49825  eV     2   --> A''            
     e(  3 -  4) =    -10.60131  eV     2   --> A'             
     e(  3 -  4) =    -10.60131  eV     2   --> A''            
     e(  5 -  6) =      1.41444  eV     2   --> A'             
     e(  5 -  6) =      1.41444  eV     2   --> A''            
     e(  7 -  8) =      3.12944  eV     2   --> A'             
     e(  7 -  8) =      3.12944  eV     2   --> A''            
     e(  9 - 10) =      4.69841  eV     2   --> A'             
     e(  9 - 10) =      4.69841  eV     2   --> A''            
     e( 11 - 12) =     16.41967  eV     2   --> A'             
     e( 11 - 12) =     16.41967  eV     2   --> A''            
     e( 13 - 14) =     19.52321  eV     2   --> A'             
     e( 13 - 14) =     19.52321  eV     2   --> A''            

 **************************************************************************

 **************************************************************************

                    xk=(  -0.22778,  -0.39452,  -0.30800  )

     Band symmetry, C_s (m)     point group:

     e(  1 -  2) =    -90.49828  eV     2   --> A'             
     e(  1 -  2) =    -90.49828  eV     2   --> A''            
     e(  3 -  4) =    -10.63053  eV     2   --> A'             
     e(  3 -  4) =    -10.63053  eV     2   --> A''            
     e(  5 -  6) =      1.44799  eV     2   --> A'             
     e(  5 -  6) =      1.44799  eV     2   --> A''            
     e(  7 -  8) =      3.20921  eV     2   --> A'             
     e(  7 -  8) =      3.20921  eV     2   --> A''            
     e(  9 - 10) =      4.68753  eV     2   --> A'             
     e(  9 - 10) =      4.68753  eV     2   --> A''            
     e( 11 - 12) =     16.38001  eV     2   --> A'             
     e( 11 - 12) =     16.38001  eV     2   --> A''            
     e( 13 - 14) =     19.57187  eV     2   --> A'             
     e( 13 - 14) =     19.57187  eV     2   --> A''            

 **************************************************************************

 **************************************************************************

                    xk=(  -0.22222,  -0.38490,  -0.30800  )

     Band symmetry, C_s (m)     point group:

     e(  1 -  2) =    -90.49832  eV     2   --> A'             
     e(  1 -  2) =    -90.49832  eV     2   --> A''            
     e(  3 -  4) =    -10.66096  eV     2   --> A'             
     e(  3 -  4) =    -10.66096  eV     2   --> A''            
     e(  5 -  6) =      1.48617  eV     2   --> A'             
     e(  5 -  6) =      1.48617  eV     2   --> A''            
     e(  7 -  8) =      3.28829  eV     2   --> A'             
     e(  7 -  8) =      3.28829  eV     2   --> A''            
     e(  9 - 10) =      4.67728  eV     2   --> A'             
     e(  9 - 10) =      4.67728  eV     2   --> A''            
     e( 11 - 12) =     16.34412  eV     2   --> A'             
     e( 11 - 12) =     16.34412  eV     2   --> A''            
     e( 13 - 14) =     19.61465  eV     2   --> A'             
     e( 13 - 14) =     19.61465  eV     2   --> A''            

 **************************************************************************

 **************************************************************************

                    xk=(  -0.21667,  -0.37528,  -0.30800  )

     Band symmetry, C_s (m)     point group:

     e(  1 -  2) =    -90.49835  eV     2   --> A'             
     e(  1 -  2) =    -90.49835  eV     2   --> A''            
     e(  3 -  4) =    -10.69252  eV     2   --> A'             
     e(  3 -  4) =    -10.69252  eV     2   --> A''            
     e(  5 -  6) =      1.52871  eV     2   --> A'             
     e(  5 -  6) =      1.52871  eV     2   --> A''            
     e(  7 -  8) =      3.36648  eV     2   --> A'             
     e(  7 -  8) =      3.36648  eV     2   --> A''            
     e(  9 - 10) =      4.66794  eV     2   --> A'             
     e(  9 - 10) =      4.66794  eV     2   --> A''            
     e( 11 - 12) =     16.31189  eV     2   --> A'             
     e( 11 - 12) =     16.31189  eV     2   --> A''            
     e( 13 - 14) =     19.65160  eV     2   --> A'             
     e( 13 - 14) =     19.65160  eV     2   --> A''            

 **************************************************************************

 **************************************************************************

                    xk=(  -0.21111,  -0.36566,  -0.30800  )

     Band symmetry, C_s (m)     point group:

     e(  1 -  2) =    -90.49839  eV     2   --> A'             
     e(  1 -  2) =    -90.49839  eV     2   --> A''            
     e(  3 -  4) =    -10.72508  eV     2   --> A'             
     e(  3 -  4) =    -10.72508  eV     2   --> A''            
     e(  5 -  6) =      1.57531  eV     2   --> A'             
     e(  5 -  6) =      1.57531  eV     2   --> A''            
     e(  7 -  8) =      3.44355  eV     2   --> A'             
     e(  7 -  8) =      3.44355  eV     2   --> A''            
     e(  9 - 10) =      4.65982  eV     2   --> A'             
     e(  9 - 10) =      4.65982  eV     2   --> A''            
     e( 11 - 12) =     16.28315  eV     2   --> A'             
     e( 11 - 12) =     16.28315  eV     2   --> A''            
     e( 13 - 14) =     19.68287  eV     2   --> A'             
     e( 13 - 14) =     19.68287  eV     2   --> A''            

 **************************************************************************

 **************************************************************************

                    xk=(  -0.20556,  -0.35603,  -0.30800  )

     Band symmetry, C_s (m)     point group:

     e(  1 -  2) =    -90.49843  eV     2   --> A'             
     e(  1 -  2) =    -90.49843  eV     2   --> A''            
     e(  3 -  4) =    -10.75855  eV     2   --> A'             
     e(  3 -  4) =    -10.75855  eV     2   --> A''            
     e(  5 -  6) =      1.62563  eV     2   --> A'             
     e(  5 -  6) =      1.62563  eV     2   --> A''            
     e(  7 -  8) =      3.51927  eV     2   --> A'             
     e(  7 -  8) =      3.51927  eV     2   --> A''            
     e(  9 - 10) =      4.65327  eV     2   --> A'             
     e(  9 - 10) =      4.65327  eV     2   --> A''            
     e( 11 - 12) =     16.25774  eV     2   --> A'             
     e( 11 - 12) =     16.25774  eV     2   --> A''            
     e( 13 - 14) =     19.70870  eV     2   --> A'             
     e( 13 - 14) =     19.70870  eV     2   --> A''            

 **************************************************************************

 **************************************************************************

                    xk=(  -0.20000,  -0.34641,  -0.30800  )

     Band symmetry, C_s (m)     point group:

     e(  1 -  2) =    -90.49847  eV     2   --> A'             
     e(  1 -  2) =    -90.49847  eV     2   --> A''            
     e(  3 -  4) =    -10.79281  eV     2   --> A'             
     e(  3 -  4) =    -10.79281  eV     2   --> A''            
     e(  5 -  6) =      1.67931  eV     2   --> A'             
     e(  5 -  6) =      1.67931  eV     2   --> A''            
     e(  7 -  8) =      3.59338  eV     2   --> A'             
     e(  7 -  8) =      3.59338  eV     2   --> A''            
     e(  9 - 10) =      4.64867  eV     2   --> A'             
     e(  9 - 10) =      4.64867  eV     2   --> A''            
     e( 11 - 12) =     16.23548  eV     2   --> A'             
     e( 11 - 12) =     16.23548  eV     2   --> A''            
     e( 13 - 14) =     19.72946  eV     2   --> A'             
     e( 13 - 14) =     19.72946  eV     2   --> A''            

 **************************************************************************

 **************************************************************************

                    xk=(  -0.19444,  -0.33679,  -0.30800  )

     Band symmetry, C_s (m)     point group:

     e(  1 -  2) =    -90.49852  eV     2   --> A'             
     e(  1 -  2) =    -90.49852  eV     2   --> A''            
     e(  3 -  4) =    -10.82775  eV     2   --> A'             
     e(  3 -  4) =    -10.82775  eV     2   --> A''            
     e(  5 -  6) =      1.73592  eV     2   --> A'             
     e(  5 -  6) =      1.73592  eV     2   --> A''            
     e(  7 -  8) =      3.66564  eV     2   --> A'             
     e(  7 -  8) =      3.66564  eV     2   --> A''            
     e(  9 - 10) =      4.64644  eV     2   --> A'             
     e(  9 - 10) =      4.64644  eV     2   --> A''            
     e( 11 - 12) =     16.21617  eV     2   --> A'             
     e( 11 - 12) =     16.21617  eV     2   --> A''            
     e( 13 - 14) =     19.74556  eV     2   --> A'             
     e( 13 - 14) =     19.74556  eV     2   --> A''            

 **************************************************************************

 **************************************************************************

                    xk=(  -0.18889,  -0.32717,  -0.30800  )

     Band symmetry, C_s (m)     point group:

     e(  1 -  2) =    -90.49856  eV     2   --> A'             
     e(  1 -  2) =    -90.49856  eV     2   --> A''            
     e(  3 -  4) =    -10.86325  eV     2   --> A'             
     e(  3 -  4) =    -10.86325  eV     2   --> A''            
     e(  5 -  6) =      1.79504  eV     2   --> A'             
     e(  5 -  6) =      1.79504  eV     2   --> A''            
     e(  7 -  8) =      3.73578  eV     2   --> A'             
     e(  7 -  8) =      3.73578  eV     2   --> A''            
     e(  9 - 10) =      4.64701  eV     2   --> A'             
     e(  9 - 10) =      4.64701  eV     2   --> A''            
     e( 11 - 12) =     16.19959  eV     2   --> A'             
     e( 11 - 12) =     16.19959  eV     2   --> A''            
     e( 13 - 14) =     19.75752  eV     2   --> A'             
     e( 13 - 14) =     19.75752  eV     2   --> A''            

 **************************************************************************

 **************************************************************************

                    xk=(  -0.18333,  -0.31754,  -0.30800  )

     Band symmetry, C_s (m)     point group:

     e(  1 -  2) =    -90.49860  eV     2   --> A'             
     e(  1 -  2) =    -90.49860  eV     2   --> A''            
     e(  3 -  4) =    -10.89919  eV     2   --> A'             
     e(  3 -  4) =    -10.89919  eV     2   --> A''            
     e(  5 -  6) =      1.85618  eV     2   --> A'             
     e(  5 -  6) =      1.85618  eV     2   --> A''            
     e(  7 -  8) =      3.80355  eV     2   --> A'             
     e(  7 -  8) =      3.80355  eV     2   --> A''            
     e(  9 - 10) =      4.65085  eV     2   --> A'             
     e(  9 - 10) =      4.65085  eV     2   --> A''            
     e( 11 - 12) =     16.18553  eV     2   --> A'             
     e( 11 - 12) =     16.18553  eV     2   --> A''            
     e( 13 - 14) =     19.76587  eV     2   --> A'             
     e( 13 - 14) =     19.76587  eV     2   --> A''            

 **************************************************************************

 **************************************************************************

                    xk=(  -0.17778,  -0.30792,  -0.30800  )

     Band symmetry, C_s (m)     point group:

     e(  1 -  2) =    -90.49865  eV     2   --> A'             
     e(  1 -  2) =    -90.49865  eV     2   --> A''            
     e(  3 -  4) =    -10.93546  eV     2   --> A'             
     e(  3 -  4) =    -10.93546  eV     2   --> A''            
     e(  5 -  6) =      1.91882  eV     2   --> A'             
     e(  5 -  6) =      1.91882  eV     2   --> A''            
     e(  7 -  8) =      3.86873  eV     2   --> A'             
     e(  7 -  8) =      3.86873  eV     2   --> A''            
     e(  9 - 10) =      4.65841  eV     2   --> A'             
     e(  9 - 10) =      4.65841  eV     2   --> A''            
     e( 11 - 12) =     16.17373  eV     2   --> A'             
     e( 11 - 12) =     16.17373  eV     2   --> A''            
     e( 13 - 14) =     19.77121  eV     2   --> A'             
     e( 13 - 14) =     19.77121  eV     2   --> A''            

 **************************************************************************

 **************************************************************************

                    xk=(  -0.17222,  -0.29830,  -0.30800  )

     Band symmetry, C_s (m)     point group:

     e(  1 -  2) =    -90.49870  eV     2   --> A'             
     e(  1 -  2) =    -90.49870  eV     2   --> A''            
     e(  3 -  4) =    -10.97193  eV     2   --> A'             
     e(  3 -  4) =    -10.97193  eV     2   --> A''            
     e(  5 -  6) =      1.98242  eV     2   --> A'             
     e(  5 -  6) =      1.98242  eV     2   --> A''            
     e(  7 -  8) =      3.93120  eV     2   --> A'             
     e(  7 -  8) =      3.93120  eV     2   --> A''            
     e(  9 - 10) =      4.67007  eV     2   --> A'             
     e(  9 - 10) =      4.67007  eV     2   --> A''            
     e( 11 - 12) =     16.16394  eV     2   --> A'             
     e( 11 - 12) =     16.16394  eV     2   --> A''            
     e( 13 - 14) =     19.77413  eV     2   --> A'             
     e( 13 - 14) =     19.77413  eV     2   --> A''            

 **************************************************************************

 **************************************************************************

                    xk=(  -0.16667,  -0.28868,  -0.30800  )

     Band symmetry, C_s (m)     point group:

     e(  1 -  2) =    -90.49874  eV     2   --> A'             
     e(  1 -  2) =    -90.49874  eV     2   --> A''            
     e(  3 -  4) =    -11.00848  eV     2   --> A'             
     e(  3 -  4) =    -11.00848  eV     2   --> A''            
     e(  5 -  6) =      2.04639  eV     2   --> A'             
     e(  5 -  6) =      2.04639  eV     2   --> A''            
     e(  7 -  8) =      3.99092  eV     2   --> A'             
     e(  7 -  8) =      3.99092  eV     2   --> A''            
     e(  9 - 10) =      4.68616  eV     2   --> A'             
     e(  9 - 10) =      4.68616  eV     2   --> A''            
     e( 11 - 12) =     16.15588  eV     2   --> A'             
     e( 11 - 12) =     16.15588  eV     2   --> A''            
     e( 13 - 14) =     19.77522  eV     2   --> A'             
     e( 13 - 14) =     19.77522  eV     2   --> A''            

 **************************************************************************

 **************************************************************************

                    xk=(  -0.16111,  -0.27905,  -0.30800  )

     Band symmetry, C_s (m)     point group:

     e(  1 -  2) =    -90.49879  eV     2   --> A'             
     e(  1 -  2) =    -90.49879  eV     2   --> A''            
     e(  3 -  4) =    -11.04501  eV     2   --> A'             
     e(  3 -  4) =    -11.04501  eV     2   --> A''            
     e(  5 -  6) =      2.11011  eV     2   --> A'             
     e(  5 -  6) =      2.11011  eV     2   --> A''            
     e(  7 -  8) =      4.04801  eV     2   --> A'             
     e(  7 -  8) =      4.04801  eV     2   --> A''            
     e(  9 - 10) =      4.70684  eV     2   --> A'             
     e(  9 - 10) =      4.70684  eV     2   --> A''            
     e( 11 - 12) =     16.14928  eV     2   --> A'             
     e( 11 - 12) =     16.14928  eV     2   --> A''            
     e( 13 - 14) =     19.77507  eV     2   --> A'             
     e( 13 - 14) =     19.77507  eV     2   --> A''            

 **************************************************************************

 **************************************************************************

                    xk=(  -0.15556,  -0.26943,  -0.30800  )

     Band symmetry, C_s (m)     point group:

     e(  1 -  2) =    -90.49884  eV     2   --> A'             
     e(  1 -  2) =    -90.49884  eV     2   --> A''            
     e(  3 -  4) =    -11.08140  eV     2   --> A'             
     e(  3 -  4) =    -11.08140  eV     2   --> A''            
     e(  5 -  6) =      2.17296  eV     2   --> A'             
     e(  5 -  6) =      2.17296  eV     2   --> A''            
     e(  7 -  8) =      4.10281  eV     2   --> A'             
     e(  7 -  8) =      4.10281  eV     2   --> A''            
     e(  9 - 10) =      4.73210  eV     2   --> A'             
     e(  9 - 10) =      4.73210  eV     2   --> A''            
     e( 11 - 12) =     16.14384  eV     2   --> A'             
     e( 11 - 12) =     16.14384  eV     2   --> A''            
     e( 13 - 14) =     19.77426  eV     2   --> A'             
     e( 13 - 14) =     19.77426  eV     2   --> A''            

 **************************************************************************

 **************************************************************************

                    xk=(  -0.15000,  -0.25981,  -0.30800  )

     Band symmetry, C_s (m)     point group:

     e(  1 -  2) =    -90.49889  eV     2   --> A'             
     e(  1 -  2) =    -90.49889  eV     2   --> A''            
     e(  3 -  4) =    -11.11753  eV     2   --> A'             
     e(  3 -  4) =    -11.11753  eV     2   --> A''            
     e(  5 -  6) =      2.23430  eV     2   --> A'             
     e(  5 -  6) =      2.23430  eV     2   --> A''            
     e(  7 -  8) =      4.15582  eV     2   --> A'             
     e(  7 -  8) =      4.15582  eV     2   --> A''            
     e(  9 - 10) =      4.76171  eV     2   --> A'             
     e(  9 - 10) =      4.76171  eV     2   --> A''            
     e( 11 - 12) =     16.13926  eV     2   --> A'             
     e( 11 - 12) =     16.13926  eV     2   --> A''            
     e( 13 - 14) =     19.77333  eV     2   --> A'             
     e( 13 - 14) =     19.77333  eV     2   --> A''            

 **************************************************************************

 **************************************************************************

                    xk=(  -0.14444,  -0.25019,  -0.30800  )

     Band symmetry, C_s (m)     point group:

     e(  1 -  2) =    -90.49893  eV     2   --> A'             
     e(  1 -  2) =    -90.49893  eV     2   --> A''            
     e(  3 -  4) =    -11.15330  eV     2   --> A'             
     e(  3 -  4) =    -11.15330  eV     2   --> A''            
     e(  5 -  6) =      2.29351  eV     2   --> A'             
     e(  5 -  6) =      2.29351  eV     2   --> A''            
     e(  7 -  8) =      4.20773  eV     2   --> A'             
     e(  7 -  8) =      4.20773  eV     2   --> A''            
     e(  9 - 10) =      4.79526  eV     2   --> A'             
     e(  9 - 10) =      4.79526  eV     2   --> A''            
     e( 11 - 12) =     16.13524  eV     2   --> A'             
     e( 11 - 12) =     16.13524  eV     2   --> A''            
     e( 13 - 14) =     19.77278  eV     2   --> A'             
     e( 13 - 14) =     19.77278  eV     2   --> A''            

 **************************************************************************

 **************************************************************************

                    xk=(  -0.13889,  -0.24056,  -0.30800  )

     Band symmetry, C_s (m)     point group:

     e(  1 -  2) =    -90.49898  eV     2   --> A'             
     e(  1 -  2) =    -90.49898  eV     2   --> A''            
     e(  3 -  4) =    -11.18860  eV     2   --> A'             
     e(  3 -  4) =    -11.18860  eV     2   --> A''            
     e(  5 -  6) =      2.34999  eV     2   --> A'             
     e(  5 -  6) =      2.34999  eV     2   --> A''            
     e(  7 -  8) =      4.25933  eV     2   --> A'             
     e(  7 -  8) =      4.25933  eV     2   --> A''            
     e(  9 - 10) =      4.83219  eV     2   --> A'             
     e(  9 - 10) =      4.83219  eV     2   --> A''            
     e( 11 - 12) =     16.13147  eV     2   --> A'             
     e( 11 - 12) =     16.13147  eV     2   --> A''            
     e( 13 - 14) =     19.77311  eV     2   --> A'             
     e( 13 - 14) =     19.77311  eV     2   --> A''            

 **************************************************************************

 **************************************************************************

                    xk=(  -0.13333,  -0.23094,  -0.30800  )

     Band symmetry, C_s (m)     point group:

     e(  1 -  2) =    -90.49903  eV     2   --> A'             
     e(  1 -  2) =    -90.49903  eV     2   --> A''            
     e(  3 -  4) =    -11.22333  eV     2   --> A'             
     e(  3 -  4) =    -11.22333  eV     2   --> A''            
     e(  5 -  6) =      2.40322  eV     2   --> A'             
     e(  5 -  6) =      2.40322  eV     2   --> A''            
     e(  7 -  8) =      4.31144  eV     2   --> A'             
     e(  7 -  8) =      4.31144  eV     2   --> A''            
     e(  9 - 10) =      4.87182  eV     2   --> A'             
     e(  9 - 10) =      4.87182  eV     2   --> A''            
     e( 11 - 12) =     16.12764  eV     2   --> A'             
     e( 11 - 12) =     16.12764  eV     2   --> A''            
     e( 13 - 14) =     19.77476  eV     2   --> A'             
     e( 13 - 14) =     19.77476  eV     2   --> A''            

 **************************************************************************

 **************************************************************************

                    xk=(  -0.12778,  -0.22132,  -0.30800  )

     Band symmetry, C_s (m)     point group:

     e(  1 -  2) =    -90.49908  eV     2   --> A'             
     e(  1 -  2) =    -90.49908  eV     2   --> A''            
     e(  3 -  4) =    -11.25739  eV     2   --> A'             
     e(  3 -  4) =    -11.25739  eV     2   --> A''            
     e(  5 -  6) =      2.45275  eV     2   --> A'             
     e(  5 -  6) =      2.45275  eV     2   --> A''            
     e(  7 -  8) =      4.36481  eV     2   --> A'             
     e(  7 -  8) =      4.36481  eV     2   --> A''            
     e(  9 - 10) =      4.91347  eV     2   --> A'             
     e(  9 - 10) =      4.91347  eV     2   --> A''            
     e( 11 - 12) =     16.12346  eV     2   --> A'             
     e( 11 - 12) =     16.12346  eV     2   --> A''            
     e( 13 - 14) =     19.77816  eV     2   --> A'             
     e( 13 - 14) =     19.77816  eV     2   --> A''            

 **************************************************************************

 **************************************************************************

                    xk=(  -0.12222,  -0.21170,  -0.30800  )

     Band symmetry, C_s (m)     point group:

     e(  1 -  2) =    -90.49912  eV     2   --> A'             
     e(  1 -  2) =    -90.49912  eV     2   --> A''            
     e(  3 -  4) =    -11.29069  eV     2   --> A'             
     e(  3 -  4) =    -11.29069  eV     2   --> A''            
     e(  5 -  6) =      2.49822  eV     2   --> A'             
     e(  5 -  6) =      2.49822  eV     2   --> A''            
     e(  7 -  8) =      4.42007  eV     2   --> A'             
     e(  7 -  8) =      4.42007  eV     2   --> A''            
     e(  9 - 10) =      4.95645  eV     2   --> A'             
     e(  9 - 10) =      4.95645  eV     2   --> A''            
     e( 11 - 12) =     16.11864  eV     2   --> A'             
     e( 11 - 12) =     16.11864  eV     2   --> A''            
     e( 13 - 14) =     19.78368  eV     2   --> A'             
     e( 13 - 14) =     19.78368  eV     2   --> A''            

 **************************************************************************

 **************************************************************************

                    xk=(  -0.11667,  -0.20207,  -0.30800  )

     Band symmetry, C_s (m)     point group:

     e(  1 -  2) =    -90.49917  eV     2   --> A'             
     e(  1 -  2) =    -90.49917  eV     2   --> A''            
     e(  3 -  4) =    -11.32313  eV     2   --> A'             
     e(  3 -  4) =    -11.32313  eV     2   --> A''            
     e(  5 -  6) =      2.53941  eV     2   --> A'             
     e(  5 -  6) =      2.53941  eV     2   --> A''            
     e(  7 -  8) =      4.47765  eV     2   --> A'             
     e(  7 -  8) =      4.47765  eV     2   --> A''            
     e(  9 - 10) =      5.00015  eV     2   --> A'             
     e(  9 - 10) =      5.00015  eV     2   --> A''            
     e( 11 - 12) =     16.11292  eV     2   --> A'             
     e( 11 - 12) =     16.11292  eV     2   --> A''            
     e( 13 - 14) =     19.79166  eV     2   --> A'             
     e( 13 - 14) =     19.79166  eV     2   --> A''            

 **************************************************************************

 **************************************************************************

                    xk=(  -0.11111,  -0.19245,  -0.30800  )

     Band symmetry, C_s (m)     point group:

     e(  1 -  2) =    -90.49921  eV     2   --> A'             
     e(  1 -  2) =    -90.49921  eV     2   --> A''            
     e(  3 -  4) =    -11.35464  eV     2   --> A'             
     e(  3 -  4) =    -11.35464  eV     2   --> A''            
     e(  5 -  6) =      2.57621  eV     2   --> A'             
     e(  5 -  6) =      2.57621  eV     2   --> A''            
     e(  7 -  8) =      4.53776  eV     2   --> A'             
     e(  7 -  8) =      4.53776  eV     2   --> A''            
     e(  9 - 10) =      5.04400  eV     2   --> A'             
     e(  9 - 10) =      5.04400  eV     2   --> A''            
     e( 11 - 12) =     16.10607  eV     2   --> A'             
     e( 11 - 12) =     16.10607  eV     2   --> A''            
     e( 13 - 14) =     19.80244  eV     2   --> A'             
     e( 13 - 14) =     19.80244  eV     2   --> A''            

 **************************************************************************

 **************************************************************************

                    xk=(  -0.10556,  -0.18283,  -0.30800  )

     Band symmetry, C_s (m)     point group:

     e(  1 -  2) =    -90.49926  eV     2   --> A'             
     e(  1 -  2) =    -90.49926  eV     2   --> A''            
     e(  3 -  4) =    -11.38512  eV     2   --> A'             
     e(  3 -  4) =    -11.38512  eV     2   --> A''            
     e(  5 -  6) =      2.60863  eV     2   --> A'             
     e(  5 -  6) =      2.60863  eV     2   --> A''            
     e(  7 -  8) =      4.60043  eV     2   --> A'             
     e(  7 -  8) =      4.60043  eV     2   --> A''            
     e(  9 - 10) =      5.08753  eV     2   --> A'             
     e(  9 - 10) =      5.08753  eV     2   --> A''            
     e( 11 - 12) =     16.09787  eV     2   --> A'             
     e( 11 - 12) =     16.09787  eV     2   --> A''            
     e( 13 - 14) =     19.81627  eV     2   --> A'             
     e( 13 - 14) =     19.81627  eV     2   --> A''            

 **************************************************************************

 **************************************************************************

                    xk=(  -0.10000,  -0.17321,  -0.30800  )

     Band symmetry, C_s (m)     point group:

     e(  1 -  2) =    -90.49930  eV     2   --> A'             
     e(  1 -  2) =    -90.49930  eV     2   --> A''            
     e(  3 -  4) =    -11.41449  eV     2   --> A'             
     e(  3 -  4) =    -11.41449  eV     2   --> A''            
     e(  5 -  6) =      2.63680  eV     2   --> A'             
     e(  5 -  6) =      2.63680  eV     2   --> A''            
     e(  7 -  8) =      4.66547  eV     2   --> A'             
     e(  7 -  8) =      4.66547  eV     2   --> A''            
     e(  9 - 10) =      5.13032  eV     2   --> A'             
     e(  9 - 10) =      5.13032  eV     2   --> A''            
     e( 11 - 12) =     16.08819  eV     2   --> A'             
     e( 11 - 12) =     16.08819  eV     2   --> A''            
     e( 13 - 14) =     19.83340  eV     2   --> A'             
     e( 13 - 14) =     19.83340  eV     2   --> A''            

 **************************************************************************

 **************************************************************************

                    xk=(  -0.09444,  -0.16358,  -0.30800  )

     Band symmetry, C_s (m)     point group:

     e(  1 -  2) =    -90.49934  eV     2   --> A'             
     e(  1 -  2) =    -90.49934  eV     2   --> A''            
     e(  3 -  4) =    -11.44269  eV     2   --> A'             
     e(  3 -  4) =    -11.44269  eV     2   --> A''            
     e(  5 -  6) =      2.66094  eV     2   --> A'             
     e(  5 -  6) =      2.66094  eV     2   --> A''            
     e(  7 -  8) =      4.73254  eV     2   --> A'             
     e(  7 -  8) =      4.73254  eV     2   --> A''            
     e(  9 - 10) =      5.17203  eV     2   --> A'             
     e(  9 - 10) =      5.17203  eV     2   --> A''            
     e( 11 - 12) =     16.07691  eV     2   --> A'             
     e( 11 - 12) =     16.07691  eV     2   --> A''            
     e( 13 - 14) =     19.85402  eV     2   --> A'             
     e( 13 - 14) =     19.85402  eV     2   --> A''            

 **************************************************************************

 **************************************************************************

                    xk=(  -0.08889,  -0.15396,  -0.30800  )

     Band symmetry, C_s (m)     point group:

     e(  1 -  2) =    -90.49938  eV     2   --> A'             
     e(  1 -  2) =    -90.49938  eV     2   --> A''            
     e(  3 -  4) =    -11.46964  eV     2   --> A'             
     e(  3 -  4) =    -11.46964  eV     2   --> A''            
     e(  5 -  6) =      2.68133  eV     2   --> A'             
     e(  5 -  6) =      2.68133  eV     2   --> A''            
     e(  7 -  8) =      4.80113  eV     2   --> A'             
     e(  7 -  8) =      4.80113  eV     2   --> A''            
     e(  9 - 10) =      5.21236  eV     2   --> A'             
     e(  9 - 10) =      5.21236  eV     2   --> A''            
     e( 11 - 12) =     16.06401  eV     2   --> A'             
     e( 11 - 12) =     16.06401  eV     2   --> A''            
     e( 13 - 14) =     19.87828  eV     2   --> A'             
     e( 13 - 14) =     19.87828  eV     2   --> A''            

 **************************************************************************

 **************************************************************************

                    xk=(  -0.08333,  -0.14434,  -0.30800  )

     Band symmetry, C_s (m)     point group:

     e(  1 -  2) =    -90.49942  eV     2   --> A'             
     e(  1 -  2) =    -90.49942  eV     2   --> A''            
     e(  3 -  4) =    -11.49529  eV     2   --> A'             
     e(  3 -  4) =    -11.49529  eV     2   --> A''            
     e(  5 -  6) =      2.69833  eV     2   --> A'             
     e(  5 -  6) =      2.69833  eV     2   --> A''            
     e(  7 -  8) =      4.87064  eV     2   --> A'             
     e(  7 -  8) =      4.87064  eV     2   --> A''            
     e(  9 - 10) =      5.25106  eV     2   --> A'             
     e(  9 - 10) =      5.25106  eV     2   --> A''            
     e( 11 - 12) =     16.04949  eV     2   --> A'             
     e( 11 - 12) =     16.04949  eV     2   --> A''            
     e( 13 - 14) =     19.90628  eV     2   --> A'             
     e( 13 - 14) =     19.90628  eV     2   --> A''            

 **************************************************************************

 **************************************************************************

                    xk=(  -0.07778,  -0.13472,  -0.30800  )

     Band symmetry, C_s (m)     point group:

     e(  1 -  2) =    -90.49945  eV     2   --> A'             
     e(  1 -  2) =    -90.49945  eV     2   --> A''            
     e(  3 -  4) =    -11.51956  eV     2   --> A'             
     e(  3 -  4) =    -11.51956  eV     2   --> A''            
     e(  5 -  6) =      2.71227  eV     2   --> A'             
     e(  5 -  6) =      2.71227  eV     2   --> A''            
     e(  7 -  8) =      4.94040  eV     2   --> A'             
     e(  7 -  8) =      4.94040  eV     2   --> A''            
     e(  9 - 10) =      5.28794  eV     2   --> A'             
     e(  9 - 10) =      5.28794  eV     2   --> A''            
     e( 11 - 12) =     16.03346  eV     2   --> A'             
     e( 11 - 12) =     16.03346  eV     2   --> A''            
     e( 13 - 14) =     19.93808  eV     2   --> A'             
     e( 13 - 14) =     19.93808  eV     2   --> A''            

 **************************************************************************

 **************************************************************************

                    xk=(  -0.07222,  -0.12509,  -0.30800  )

     Band symmetry, C_s (m)     point group:

     e(  1 -  2) =    -90.49949  eV     2   --> A'             
     e(  1 -  2) =    -90.49949  eV     2   --> A''            
     e(  3 -  4) =    -11.54239  eV     2   --> A'             
     e(  3 -  4) =    -11.54239  eV     2   --> A''            
     e(  5 -  6) =      2.72355  eV     2   --> A'             
     e(  5 -  6) =      2.72355  eV     2   --> A''            
     e(  7 -  8) =      5.00968  eV     2   --> A'             
     e(  7 -  8) =      5.00968  eV     2   --> A''            
     e(  9 - 10) =      5.32282  eV     2   --> A'             
     e(  9 - 10) =      5.32282  eV     2   --> A''            
     e( 11 - 12) =     16.01609  eV     2   --> A'             
     e( 11 - 12) =     16.01609  eV     2   --> A''            
     e( 13 - 14) =     19.97368  eV     2   --> A'             
     e( 13 - 14) =     19.97368  eV     2   --> A''            

 **************************************************************************

 **************************************************************************

                    xk=(  -0.06667,  -0.11547,  -0.30800  )

     Band symmetry, C_s (m)     point group:

     e(  1 -  2) =    -90.49952  eV     2   --> A'             
     e(  1 -  2) =    -90.49952  eV     2   --> A''            
     e(  3 -  4) =    -11.56375  eV     2   --> A'             
     e(  3 -  4) =    -11.56375  eV     2   --> A''            
     e(  5 -  6) =      2.73251  eV     2   --> A'             
     e(  5 -  6) =      2.73251  eV     2   --> A''            
     e(  7 -  8) =      5.07772  eV     2   --> A'             
     e(  7 -  8) =      5.07772  eV     2   --> A''            
     e(  9 - 10) =      5.35555  eV     2   --> A'             
     e(  9 - 10) =      5.35555  eV     2   --> A''            
     e( 11 - 12) =     15.99760  eV     2   --> A'             
     e( 11 - 12) =     15.99760  eV     2   --> A''            
     e( 13 - 14) =     20.01302  eV     2   --> A'             
     e( 13 - 14) =     20.01302  eV     2   --> A''            

 **************************************************************************

 **************************************************************************

                    xk=(  -0.06111,  -0.10585,  -0.30800  )

     Band symmetry, C_s (m)     point group:

     e(  1 -  2) =    -90.49955  eV     2   --> A'             
     e(  1 -  2) =    -90.49955  eV     2   --> A''            
     e(  3 -  4) =    -11.58357  eV     2   --> A'             
     e(  3 -  4) =    -11.58357  eV     2   --> A''            
     e(  5 -  6) =      2.73950  eV     2   --> A'             
     e(  5 -  6) =      2.73950  eV     2   --> A''            
     e(  7 -  8) =      5.14377  eV     2   --> A'             
     e(  7 -  8) =      5.14377  eV     2   --> A''            
     e(  9 - 10) =      5.38601  eV     2   --> A'             
     e(  9 - 10) =      5.38601  eV     2   --> A''            
     e( 11 - 12) =     15.97830  eV     2   --> A'             
     e( 11 - 12) =     15.97830  eV     2   --> A''            
     e( 13 - 14) =     20.05599  eV     2   --> A'             
     e( 13 - 14) =     20.05599  eV     2   --> A''            

 **************************************************************************

 **************************************************************************

                    xk=(  -0.05556,  -0.09623,  -0.30800  )

     Band symmetry, C_s (m)     point group:

     e(  1 -  2) =    -90.49958  eV     2   --> A'             
     e(  1 -  2) =    -90.49958  eV     2   --> A''            
     e(  3 -  4) =    -11.60182  eV     2   --> A'             
     e(  3 -  4) =    -11.60182  eV     2   --> A''            
     e(  5 -  6) =      2.74485  eV     2   --> A'             
     e(  5 -  6) =      2.74485  eV     2   --> A''            
     e(  7 -  8) =      5.20708  eV     2   --> A'             
     e(  7 -  8) =      5.20708  eV     2   --> A''            
     e(  9 - 10) =      5.41409  eV     2   --> A'             
     e(  9 - 10) =      5.41409  eV     2   --> A''            
     e( 11 - 12) =     15.95856  eV     2   --> A'             
     e( 11 - 12) =     15.95856  eV     2   --> A''            
     e( 13 - 14) =     20.10240  eV     2   --> A'             
     e( 13 - 14) =     20.10240  eV     2   --> A''            

 **************************************************************************

 **************************************************************************

                    xk=(  -0.05000,  -0.08660,  -0.30800  )

     Band symmetry, C_s (m)     point group:

     e(  1 -  2) =    -90.49960  eV     2   --> A'             
     e(  1 -  2) =    -90.49960  eV     2   --> A''            
     e(  3 -  4) =    -11.61845  eV     2   --> A'             
     e(  3 -  4) =    -11.61845  eV     2   --> A''            
     e(  5 -  6) =      2.74885  eV     2   --> A'             
     e(  5 -  6) =      2.74885  eV     2   --> A''            
     e(  7 -  8) =      5.26690  eV     2   --> A'             
     e(  7 -  8) =      5.26690  eV     2   --> A''            
     e(  9 - 10) =      5.43972  eV     2   --> A'             
     e(  9 - 10) =      5.43972  eV     2   --> A''            
     e( 11 - 12) =     15.93877  eV     2   --> A'             
     e( 11 - 12) =     15.93877  eV     2   --> A''            
     e( 13 - 14) =     20.15200  eV     2   --> A'             
     e( 13 - 14) =     20.15200  eV     2   --> A''            

 **************************************************************************

 **************************************************************************

                    xk=(  -0.04444,  -0.07698,  -0.30800  )

     Band symmetry, C_s (m)     point group:

     e(  1 -  2) =    -90.49963  eV     2   --> A'             
     e(  1 -  2) =    -90.49963  eV     2   --> A''            
     e(  3 -  4) =    -11.63343  eV     2   --> A'             
     e(  3 -  4) =    -11.63343  eV     2   --> A''            
     e(  5 -  6) =      2.75175  eV     2   --> A'             
     e(  5 -  6) =      2.75175  eV     2   --> A''            
     e(  7 -  8) =      5.32255  eV     2   --> A'             
     e(  7 -  8) =      5.32255  eV     2   --> A''            
     e(  9 - 10) =      5.46281  eV     2   --> A'             
     e(  9 - 10) =      5.46281  eV     2   --> A''            
     e( 11 - 12) =     15.91937  eV     2   --> A'             
     e( 11 - 12) =     15.91937  eV     2   --> A''            
     e( 13 - 14) =     20.20442  eV     2   --> A'             
     e( 13 - 14) =     20.20442  eV     2   --> A''            

 **************************************************************************

 **************************************************************************

                    xk=(  -0.03889,  -0.06736,  -0.30800  )

     Band symmetry, C_s (m)     point group:

     e(  1 -  2) =    -90.49965  eV     2   --> A'             
     e(  1 -  2) =    -90.49965  eV     2   --> A''            
     e(  3 -  4) =    -11.64672  eV     2   --> A'             
     e(  3 -  4) =    -11.64672  eV     2   --> A''            
     e(  5 -  6) =      2.75380  eV     2   --> A'             
     e(  5 -  6) =      2.75380  eV     2   --> A''            
     e(  7 -  8) =      5.37336  eV     2   --> A'             
     e(  7 -  8) =      5.37336  eV     2   --> A''            
     e(  9 - 10) =      5.48332  eV     2   --> A'             
     e(  9 - 10) =      5.48332  eV     2   --> A''            
     e( 11 - 12) =     15.90083  eV     2   --> A'             
     e( 11 - 12) =     15.90083  eV     2   --> A''            
     e( 13 - 14) =     20.25919  eV     2   --> A'             
     e( 13 - 14) =     20.25919  eV     2   --> A''            

 **************************************************************************

 **************************************************************************

                    xk=(  -0.03333,  -0.05774,  -0.30800  )

     Band symmetry, C_s (m)     point group:

     e(  1 -  2) =    -90.49967  eV     2   --> A'             
     e(  1 -  2) =    -90.49967  eV     2   --> A''            
     e(  3 -  4) =    -11.65830  eV     2   --> A'             
     e(  3 -  4) =    -11.65830  eV     2   --> A''            
     e(  5 -  6) =      2.75519  eV     2   --> A'             
     e(  5 -  6) =      2.75519  eV     2   --> A''            
     e(  7 -  8) =      5.41872  eV     2   --> A'             
     e(  7 -  8) =      5.41872  eV     2   --> A''            
     e(  9 - 10) =      5.50117  eV     2   --> A'             
     e(  9 - 10) =      5.50117  eV     2   --> A''            
     e( 11 - 12) =     15.88362  eV     2   --> A'             
     e( 11 - 12) =     15.88362  eV     2   --> A''            
     e( 13 - 14) =     20.31564  eV     2   --> A'             
     e( 13 - 14) =     20.31564  eV     2   --> A''            

 **************************************************************************

 **************************************************************************

                    xk=(  -0.02778,  -0.04811,  -0.30800  )

     Band symmetry, C_s (m)     point group:

     e(  1 -  2) =    -90.49968  eV     2   --> A'             
     e(  1 -  2) =    -90.49968  eV     2   --> A''            
     e(  3 -  4) =    -11.66814  eV     2   --> A'             
     e(  3 -  4) =    -11.66814  eV     2   --> A''            
     e(  5 -  6) =      2.75608  eV     2   --> A'             
     e(  5 -  6) =      2.75608  eV     2   --> A''            
     e(  7 -  8) =      5.45810  eV     2   --> A'             
     e(  7 -  8) =      5.45810  eV     2   --> A''            
     e(  9 - 10) =      5.51635  eV     2   --> A'             
     e(  9 - 10) =      5.51635  eV     2   --> A''            
     e( 11 - 12) =     15.86816  eV     2   --> A'             
     e( 11 - 12) =     15.86816  eV     2   --> A''            
     e( 13 - 14) =     20.37280  eV     2   --> A'             
     e( 13 - 14) =     20.37280  eV     2   --> A''            

 **************************************************************************

 **************************************************************************

                    xk=(  -0.02222,  -0.03849,  -0.30800  )

     Band symmetry, C_s (m)     point group:

     e(  1 -  2) =    -90.49969  eV     2   --> A'             
     e(  1 -  2) =    -90.49969  eV     2   --> A''            
     e(  3 -  4) =    -11.67621  eV     2   --> A'             
     e(  3 -  4) =    -11.67621  eV     2   --> A''            
     e(  5 -  6) =      2.75663  eV     2   --> A'             
     e(  5 -  6) =      2.75663  eV     2   --> A''            
     e(  7 -  8) =      5.49099  eV     2   --> A'             
     e(  7 -  8) =      5.49099  eV     2   --> A''            
     e(  9 - 10) =      5.52880  eV     2   --> A'             
     e(  9 - 10) =      5.52880  eV     2   --> A''            
     e( 11 - 12) =     15.85489  eV     2   --> A'             
     e( 11 - 12) =     15.85489  eV     2   --> A''            
     e( 13 - 14) =     20.42920  eV     2   --> A'             
     e( 13 - 14) =     20.42920  eV     2   --> A''            

 **************************************************************************

 **************************************************************************

                    xk=(  -0.01667,  -0.02887,  -0.30800  )

     Band symmetry, C_s (m)     point group:

     e(  1 -  2) =    -90.49970  eV     2   --> A'             
     e(  1 -  2) =    -90.49970  eV     2   --> A''            
     e(  3 -  4) =    -11.68251  eV     2   --> A'             
     e(  3 -  4) =    -11.68251  eV     2   --> A''            
     e(  5 -  6) =      2.75694  eV     2   --> A'             
     e(  5 -  6) =      2.75694  eV     2   --> A''            
     e(  7 -  8) =      5.51702  eV     2   --> A'             
     e(  7 -  8) =      5.51702  eV     2   --> A''            
     e(  9 - 10) =      5.53852  eV     2   --> A'             
     e(  9 - 10) =      5.53852  eV     2   --> A''            
     e( 11 - 12) =     15.84415  eV     2   --> A'             
     e( 11 - 12) =     15.84415  eV     2   --> A''            
     e( 13 - 14) =     20.48247  eV     2   --> A'             
     e( 13 - 14) =     20.48247  eV     2   --> A''            

 **************************************************************************

 **************************************************************************

                    xk=(  -0.01111,  -0.01925,  -0.30800  )

     Band symmetry, C_s (m)     point group:

     e(  1 -  2) =    -90.49971  eV     2   --> A'             
     e(  1 -  2) =    -90.49971  eV     2   --> A''            
     e(  3 -  4) =    -11.68702  eV     2   --> A'             
     e(  3 -  4) =    -11.68702  eV     2   --> A''            
     e(  5 -  6) =      2.75710  eV     2   --> A'             
     e(  5 -  6) =      2.75710  eV     2   --> A''            
     e(  7 -  8) =      5.53584  eV     2   --> A'             
     e(  7 -  8) =      5.53584  eV     2   --> A''            
     e(  9 - 10) =      5.54547  eV     2   --> A'             
     e(  9 - 10) =      5.54547  eV     2   --> A''            
     e( 11 - 12) =     15.83626  eV     2   --> A'             
     e( 11 - 12) =     15.83626  eV     2   --> A''            
     e( 13 - 14) =     20.52867  eV     2   --> A'             
     e( 13 - 14) =     20.52867  eV     2   --> A''            

 **************************************************************************

 **************************************************************************

                    xk=(  -0.00556,  -0.00962,  -0.30800  )

     Band symmetry, C_s (m)     point group:

     e(  1 -  2) =    -90.49972  eV     2   --> A'             
     e(  1 -  2) =    -90.49972  eV     2   --> A''            
     e(  3 -  4) =    -11.68973  eV     2   --> A'             
     e(  3 -  4) =    -11.68973  eV     2   --> A''            
     e(  5 -  6) =      2.75717  eV     2   --> A'             
     e(  5 -  6) =      2.75717  eV     2   --> A''            
     e(  7 -  8) =      5.54723  eV     2   --> A'             
     e(  7 -  8) =      5.54723  eV     2   --> A''            
     e(  9 - 10) =      5.54965  eV     2   --> A'             
     e(  9 - 10) =      5.54965  eV     2   --> A''            
     e( 11 - 12) =     15.83143  eV     2   --> A'             
     e( 11 - 12) =     15.83143  eV     2   --> A''            
     e( 13 - 14) =     20.56161  eV     2   --> A'             
     e( 13 - 14) =     20.56161  eV     2   --> A''            

 **************************************************************************

 **************************************************************************

                    xk=(   0.00000,   0.00000,  -0.30800  )

     point group C_6v (6mm) 
     there are  6 classes
     the character table:

       E     2C6   2C3   C2    3s_v  3s_d 
A_1    1.00  1.00  1.00  1.00  1.00  1.00
A_2    1.00  1.00  1.00  1.00 -1.00 -1.00
B_1    1.00 -1.00  1.00 -1.00  1.00 -1.00
B_2    1.00 -1.00  1.00 -1.00 -1.00  1.00
E_1    2.00  1.00 -1.00 -2.00  0.00  0.00
E_2    2.00 -1.00 -1.00  2.00  0.00  0.00

     the symmetry operations in each class and the name of the first element:

     E        1
                                                                 
     2C6      3    4
                                                                 
     2C3      5    6
                                                                 
     C2       2
                                                                 
     3s_v     8   12   11
                                                                 
     3s_d     7    9   10
                                                                 

     Band symmetry, C_6v (6mm)  point group:

     e(  1 -  2) =    -90.49972  eV     2   --> A_1            
     e(  1 -  2) =    -90.49972  eV     2   --> B_1            
     e(  3 -  4) =    -11.69063  eV     2   --> A_1            
     e(  3 -  4) =    -11.69063  eV     2   --> B_1            
     e(  5 -  6) =      2.75719  eV     2   --> A_1            
     e(  5 -  6) =      2.75719  eV     2   --> B_1            
     e(  7 - 10) =      5.55104  eV     4   --> E_1            
     e(  7 - 10) =      5.55104  eV     4   --> E_2            
     e( 11 - 12) =     15.82981  eV     2   --> A_1            
     e( 11 - 12) =     15.82981  eV     2   --> B_1            
     e( 13 - 14) =     20.57384  eV     2   --> A_1            
     e( 13 - 14) =     20.57384  eV     2   --> B_1            

 **************************************************************************

 **************************************************************************

                    xk=(  -0.50000,  -0.28868,  -0.30800  )

     point group C_2v (mm2) 
     there are  4 classes
     the character table:

       E     C2    s_v   s_v' 
A_1    1.00  1.00  1.00  1.00
A_2    1.00  1.00 -1.00 -1.00
B_1    1.00 -1.00  1.00 -1.00
B_2    1.00 -1.00 -1.00  1.00

     the symmetry operations in each class and the name of the first element:

     E        1
                                                                 
     C2       2
                                                                 
     s_v      4
                                                                 
     s_v'     3
                                                                 

     Band symmetry, C_2v (mm2)  point group:

     e(  1 -  2) =    -90.49816  eV     2   --> A_1  D_1  S_1  
     e(  1 -  2) =    -90.49816  eV     2   --> B_1  D_3  S_3  
     e(  3 -  4) =    -10.51374  eV     2   --> A_1  D_1  S_1  
     e(  3 -  4) =    -10.51374  eV     2   --> B_1  D_3  S_3  
     e(  5 -  6) =      0.66332  eV     2   --> A_1  D_1  S_1  
     e(  5 -  6) =      0.66332  eV     2   --> B_1  D_3  S_3  
     e(  7 -  8) =      4.24851  eV     2   --> A_2  D_2  S_2  
     e(  7 -  8) =      4.24851  eV     2   --> B_2  D_4  S_4  
     e(  9 - 10) =      4.39180  eV     2   --> A_1  D_1  S_1  
     e(  9 - 10) =      4.39180  eV     2   --> B_1  D_3  S_3  
     e( 11 - 12) =     15.07614  eV     2   --> A_1  D_1  S_1  
     e( 11 - 12) =     15.07614  eV     2   --> B_1  D_3  S_3  
     e( 13 - 14) =     20.59831  eV     2   --> A_1  D_1  S_1  
     e( 13 - 14) =     20.59831  eV     2   --> B_1  D_3  S_3  

 **************************************************************************

 **************************************************************************

                    xk=(  -0.50000,  -0.28868,  -0.29659  )

     Band symmetry, C_2v (mm2)  point group:

     e(  1 -  2) =    -90.49818  eV     2   --> A_1  D_1  S_1  
     e(  1 -  2) =    -90.49818  eV     2   --> B_1  D_3  S_3  
     e(  3 -  3) =    -10.52831  eV     1   --> B_1  D_3  S_3  
     e(  4 -  4) =    -10.49914  eV     1   --> A_1  D_1  S_1  
     e(  5 -  5) =      0.62393  eV     1   --> A_1  D_1  S_1  
     e(  6 -  6) =      0.70576  eV     1   --> B_1  D_3  S_3  
     e(  7 -  7) =      4.20031  eV     1   --> B_2  D_4  S_4  
     e(  8 -  8) =      4.29720  eV     1   --> A_2  D_2  S_2  
     e(  9 -  9) =      4.33430  eV     1   --> A_1  D_1  S_1  
     e( 10 - 10) =      4.44402  eV     1   --> B_1  D_3  S_3  
     e( 11 - 11) =     15.03124  eV     1   --> B_1  D_3  S_3  
     e( 12 - 12) =     15.12671  eV     1   --> A_1  D_1  S_1  
     e( 13 - 13) =     20.55060  eV     1   --> A_1  D_1  S_1  
     e( 14 - 14) =     20.65030  eV     1   --> B_1  D_3  S_3  

 **************************************************************************

 **************************************************************************

                    xk=(  -0.50000,  -0.28868,  -0.28518  )

     Band symmetry, C_2v (mm2)  point group:

     e(  1 -  2) =    -90.49821  eV     2   --> A_1  D_1  S_1  
     e(  1 -  2) =    -90.49821  eV     2   --> B_1  D_3  S_3  
     e(  3 -  3) =    -10.54279  eV     1   --> B_1  D_3  S_3  
     e(  4 -  4) =    -10.48456  eV     1   --> A_1  D_1  S_1  
     e(  5 -  5) =      0.58764  eV     1   --> A_1  D_1  S_1  
     e(  6 -  6) =      0.75117  eV     1   --> B_1  D_3  S_3  
     e(  7 -  7) =      4.15274  eV     1   --> B_2  D_4  S_4  
     e(  8 -  8) =      4.27197  eV     1   --> A_1  D_1  S_1  
     e(  9 -  9) =      4.34621  eV     1   --> A_2  D_2  S_2  
     e( 10 - 10) =      4.49055  eV     1   --> B_1  D_3  S_3  
     e( 11 - 11) =     14.99268  eV     1   --> B_1  D_3  S_3  
     e( 12 - 12) =     15.18220  eV     1   --> A_1  D_1  S_1  
     e( 13 - 13) =     20.50801  eV     1   --> A_1  D_1  S_1  
     e( 14 - 14) =     20.70547  eV     1   --> B_1  D_3  S_3  

 **************************************************************************

 **************************************************************************

                    xk=(  -0.50000,  -0.28868,  -0.27378  )

     Band symmetry, C_2v (mm2)  point group:

     e(  1 -  1) =    -90.49823  eV     1   --> B_1  D_3  S_3  
     e(  2 -  2) =    -90.49809  eV     1   --> A_1  D_1  S_1  
     e(  3 -  3) =    -10.55715  eV     1   --> B_1  D_3  S_3  
     e(  4 -  4) =    -10.47004  eV     1   --> A_1  D_1  S_1  
     e(  5 -  5) =      0.55450  eV     1   --> A_1  D_1  S_1  
     e(  6 -  6) =      0.79946  eV     1   --> B_1  D_3  S_3  
     e(  7 -  7) =      4.10595  eV     1   --> B_2  D_4  S_4  
     e(  8 -  8) =      4.20530  eV     1   --> A_1  D_1  S_1  
     e(  9 -  9) =      4.39539  eV     1   --> A_2  D_2  S_2  
     e( 10 - 10) =      4.53102  eV     1   --> B_1  D_3  S_3  
     e( 11 - 11) =     14.96107  eV     1   --> B_1  D_3  S_3  
     e( 12 - 12) =     15.24180  eV     1   --> A_1  D_1  S_1  
     e( 13 - 13) =     20.47121  eV     1   --> A_1  D_1  S_1  
     e( 14 - 14) =     20.76233  eV     1   --> B_1  D_3  S_3  

 **************************************************************************

 **************************************************************************

                    xk=(  -0.50000,  -0.28868,  -0.26237  )

     Band symmetry, C_2v (mm2)  point group:

     e(  1 -  1) =    -90.49825  eV     1   --> B_1  D_3  S_3  
     e(  2 -  2) =    -90.49807  eV     1   --> A_1  D_1  S_1  
     e(  3 -  3) =    -10.57132  eV     1   --> B_1  D_3  S_3  
     e(  4 -  4) =    -10.45565  eV     1   --> A_1  D_1  S_1  
     e(  5 -  5) =      0.52452  eV     1   --> A_1  D_1  S_1  
     e(  6 -  6) =      0.85051  eV     1   --> B_1  D_3  S_3  
     e(  7 -  7) =      4.06007  eV     1   --> B_2  D_4  S_4  
     e(  8 -  8) =      4.13481  eV     1   --> A_1  D_1  S_1  
     e(  9 -  9) =      4.44457  eV     1   --> A_2  D_2  S_2  
     e( 10 - 10) =      4.56515  eV     1   --> B_1  D_3  S_3  
     e( 11 - 11) =     14.93693  eV     1   --> B_1  D_3  S_3  
     e( 12 - 12) =     15.30468  eV     1   --> A_1  D_1  S_1  
     e( 13 - 13) =     20.44075  eV     1   --> A_1  D_1  S_1  
     e( 14 - 14) =     20.81892  eV     1   --> B_1  D_3  S_3  

 **************************************************************************

 **************************************************************************

                    xk=(  -0.50000,  -0.28868,  -0.25096  )

     Band symmetry, C_2v (mm2)  point group:

     e(  1 -  1) =    -90.49828  eV     1   --> B_1  D_3  S_3  
     e(  2 -  2) =    -90.49804  eV     1   --> A_1  D_1  S_1  
     e(  3 -  3) =    -10.58527  eV     1   --> B_1  D_3  S_3  
     e(  4 -  4) =    -10.44142  eV     1   --> A_1  D_1  S_1  
     e(  5 -  5) =      0.49772  eV     1   --> A_1  D_1  S_1  
     e(  6 -  6) =      0.90421  eV     1   --> B_1  D_3  S_3  
     e(  7 -  7) =      4.01523  eV     1   --> B_2  D_4  S_4  
     e(  8 -  8) =      4.06103  eV     1   --> A_1  D_1  S_1  
     e(  9 -  9) =      4.49358  eV     1   --> A_2  D_2  S_2  
     e( 10 - 10) =      4.59270  eV     1   --> B_1  D_3  S_3  
     e( 11 - 11) =     14.92069  eV     1   --> B_1  D_3  S_3  
     e( 12 - 12) =     15.37000  eV     1   --> A_1  D_1  S_1  
     e( 13 - 13) =     20.41703  eV     1   --> A_1  D_1  S_1  
     e( 14 - 14) =     20.87249  eV     1   --> B_1  D_3  S_3  

 **************************************************************************

 **************************************************************************

                    xk=(  -0.50000,  -0.28868,  -0.23956  )

     Band symmetry, C_2v (mm2)  point group:

     e(  1 -  1) =    -90.49830  eV     1   --> B_1  D_3  S_3  
     e(  2 -  2) =    -90.49802  eV     1   --> A_1  D_1  S_1  
     e(  3 -  3) =    -10.59895  eV     1   --> B_1  D_3  S_3  
     e(  4 -  4) =    -10.42741  eV     1   --> A_1  D_1  S_1  
     e(  5 -  5) =      0.47408  eV     1   --> A_1  D_1  S_1  
     e(  6 -  6) =      0.96041  eV     1   --> B_1  D_3  S_3  
     e(  7 -  7) =      3.97156  eV     1   --> B_2  D_4  S_4  
     e(  8 -  8) =      3.98452  eV     1   --> A_1  D_1  S_1  
     e(  9 -  9) =      4.54224  eV     1   --> A_2  D_2  S_2  
     e( 10 - 10) =      4.61351  eV     1   --> B_1  D_3  S_3  
     e( 11 - 11) =     14.91266  eV     1   --> B_1  D_3  S_3  
     e( 12 - 12) =     15.43687  eV     1   --> A_1  D_1  S_1  
     e( 13 - 13) =     20.40037  eV     1   --> A_1  D_1  S_1  
     e( 14 - 14) =     20.91927  eV     1   --> B_1  D_3  S_3  

 **************************************************************************

 **************************************************************************

                    xk=(  -0.50000,  -0.28868,  -0.22815  )

     Band symmetry, C_2v (mm2)  point group:

     e(  1 -  1) =    -90.49832  eV     1   --> B_1  D_3  S_3  
     e(  2 -  2) =    -90.49800  eV     1   --> A_1  D_1  S_1  
     e(  3 -  3) =    -10.61231  eV     1   --> B_1  D_3  S_3  
     e(  4 -  4) =    -10.41367  eV     1   --> A_1  D_1  S_1  
     e(  5 -  5) =      0.45358  eV     1   --> A_1  D_1  S_1  
     e(  6 -  6) =      1.01893  eV     1   --> B_1  D_3  S_3  
     e(  7 -  7) =      3.90583  eV     1   --> A_1  D_1  S_1  
     e(  8 -  8) =      3.92917  eV     1   --> B_2  D_4  S_4  
     e(  9 -  9) =      4.59037  eV     1   --> A_2  D_2  S_2  
     e( 10 - 10) =      4.62752  eV     1   --> B_1  D_3  S_3  
     e( 11 - 11) =     14.91306  eV     1   --> B_1  D_3  S_3  
     e( 12 - 12) =     15.50447  eV     1   --> A_1  D_1  S_1  
     e( 13 - 13) =     20.39100  eV     1   --> A_1  D_1  S_1  
     e( 14 - 14) =     20.95427  eV     1   --> B_1  D_3  S_3  

 **************************************************************************

 **************************************************************************

                    xk=(  -0.50000,  -0.28868,  -0.21674  )

     Band symmetry, C_2v (mm2)  point group:

     e(  1 -  1) =    -90.49834  eV     1   --> B_1  D_3  S_3  
     e(  2 -  2) =    -90.49798  eV     1   --> A_1  D_1  S_1  
     e(  3 -  3) =    -10.62530  eV     1   --> B_1  D_3  S_3  
     e(  4 -  4) =    -10.40025  eV     1   --> A_1  D_1  S_1  
     e(  5 -  5) =      0.43615  eV     1   --> A_1  D_1  S_1  
     e(  6 -  6) =      1.07958  eV     1   --> B_1  D_3  S_3  
     e(  7 -  7) =      3.82553  eV     1   --> A_1  D_1  S_1  
     e(  8 -  8) =      3.88818  eV     1   --> B_2  D_4  S_4  
     e(  9 -  9) =      4.63473  eV     1   --> B_1  D_3  S_3  
     e( 10 - 10) =      4.63779  eV     1   --> A_2  D_2  S_2  
     e( 11 - 11) =     14.92195  eV     1   --> B_1  D_3  S_3  
     e( 12 - 12) =     15.57195  eV     1   --> A_1  D_1  S_1  
     e( 13 - 13) =     20.38903  eV     1   --> A_1  D_1  S_1  
     e( 14 - 14) =     20.97149  eV     1   --> B_1  D_3  S_3  

 **************************************************************************

 **************************************************************************

                    xk=(  -0.50000,  -0.28868,  -0.20533  )

     Band symmetry, C_2v (mm2)  point group:

     e(  1 -  1) =    -90.49836  eV     1   --> B_1  D_3  S_3  
     e(  2 -  2) =    -90.49796  eV     1   --> A_1  D_1  S_1  
     e(  3 -  3) =    -10.63790  eV     1   --> B_1  D_3  S_3  
     e(  4 -  4) =    -10.38719  eV     1   --> A_1  D_1  S_1  
     e(  5 -  5) =      0.42174  eV     1   --> A_1  D_1  S_1  
     e(  6 -  6) =      1.14215  eV     1   --> B_1  D_3  S_3  
     e(  7 -  7) =      3.74420  eV     1   --> A_1  D_1  S_1  
     e(  8 -  8) =      3.84868  eV     1   --> B_2  D_4  S_4  
     e(  9 -  9) =      4.63525  eV     1   --> B_1  D_3  S_3  
     e( 10 - 10) =      4.68430  eV     1   --> A_2  D_2  S_2  
     e( 11 - 11) =     14.93931  eV     1   --> B_1  D_3  S_3  
     e( 12 - 12) =     15.63853  eV     1   --> A_1  D_1  S_1  
     e( 13 - 13) =     20.39448  eV     1   --> A_1  D_1  S_1  
     e( 14 - 14) =     20.96504  eV     1   --> B_1  D_3  S_3  

 **************************************************************************

 **************************************************************************

                    xk=(  -0.50000,  -0.28868,  -0.19393  )

     Band symmetry, C_2v (mm2)  point group:

     e(  1 -  1) =    -90.49838  eV     1   --> B_1  D_3  S_3  
     e(  2 -  2) =    -90.49794  eV     1   --> A_1  D_1  S_1  
     e(  3 -  3) =    -10.65006  eV     1   --> B_1  D_3  S_3  
     e(  4 -  4) =    -10.37454  eV     1   --> A_1  D_1  S_1  
     e(  5 -  5) =      0.41023  eV     1   --> A_1  D_1  S_1  
     e(  6 -  6) =      1.20638  eV     1   --> B_1  D_3  S_3  
     e(  7 -  7) =      3.66241  eV     1   --> A_1  D_1  S_1  
     e(  8 -  8) =      3.81079  eV     1   --> B_2  D_4  S_4  
     e(  9 -  9) =      4.62928  eV     1   --> B_1  D_3  S_3  
     e( 10 - 10) =      4.72973  eV     1   --> A_2  D_2  S_2  
     e( 11 - 11) =     14.96498  eV     1   --> B_1  D_3  S_3  
     e( 12 - 12) =     15.70350  eV     1   --> A_1  D_1  S_1  
     e( 13 - 13) =     20.40723  eV     1   --> A_1  D_1  S_1  
     e( 14 - 14) =     20.93116  eV     1   --> B_1  D_3  S_3  

 **************************************************************************

 **************************************************************************

                    xk=(  -0.50000,  -0.28868,  -0.18252  )

     Band symmetry, C_2v (mm2)  point group:

     e(  1 -  1) =    -90.49840  eV     1   --> B_1  D_3  S_3  
     e(  2 -  2) =    -90.49792  eV     1   --> A_1  D_1  S_1  
     e(  3 -  3) =    -10.66173  eV     1   --> B_1  D_3  S_3  
     e(  4 -  4) =    -10.36235  eV     1   --> A_1  D_1  S_1  
     e(  5 -  5) =      0.40153  eV     1   --> A_1  D_1  S_1  
     e(  6 -  6) =      1.27200  eV     1   --> B_1  D_3  S_3  
     e(  7 -  7) =      3.58074  eV     1   --> A_1  D_1  S_1  
     e(  8 -  8) =      3.77458  eV     1   --> B_2  D_4  S_4  
     e(  9 -  9) =      4.61711  eV     1   --> B_1  D_3  S_3  
     e( 10 - 10) =      4.77387  eV     1   --> A_2  D_2  S_2  
     e( 11 - 11) =     14.99864  eV     1   --> B_1  D_3  S_3  
     e( 12 - 12) =     15.76620  eV     1   --> A_1  D_1  S_1  
     e( 13 - 13) =     20.42705  eV     1   --> A_1  D_1  S_1  
     e( 14 - 14) =     20.86991  eV     1   --> B_1  D_3  S_3  

 **************************************************************************

 **************************************************************************

                    xk=(  -0.50000,  -0.28868,  -0.17111  )

     Band symmetry, C_2v (mm2)  point group:

     e(  1 -  1) =    -90.49842  eV     1   --> B_1  D_3  S_3  
     e(  2 -  2) =    -90.49790  eV     1   --> A_1  D_1  S_1  
     e(  3 -  3) =    -10.67288  eV     1   --> B_1  D_3  S_3  
     e(  4 -  4) =    -10.35066  eV     1   --> A_1  D_1  S_1  
     e(  5 -  5) =      0.39547  eV     1   --> A_1  D_1  S_1  
     e(  6 -  6) =      1.33870  eV     1   --> B_1  D_3  S_3  
     e(  7 -  7) =      3.49976  eV     1   --> A_1  D_1  S_1  
     e(  8 -  8) =      3.74015  eV     1   --> B_2  D_4  S_4  
     e(  9 -  9) =      4.59913  eV     1   --> B_1  D_3  S_3  
     e( 10 - 10) =      4.81654  eV     1   --> A_2  D_2  S_2  
     e( 11 - 11) =     15.03988  eV     1   --> B_1  D_3  S_3  
     e( 12 - 12) =     15.82607  eV     1   --> A_1  D_1  S_1  
     e( 13 - 13) =     20.45356  eV     1   --> A_1  D_1  S_1  
     e( 14 - 14) =     20.78491  eV     1   --> B_1  D_3  S_3  

 **************************************************************************

 **************************************************************************

                    xk=(  -0.50000,  -0.28868,  -0.15970  )

     Band symmetry, C_2v (mm2)  point group:

     e(  1 -  1) =    -90.49844  eV     1   --> B_1  D_3  S_3  
     e(  2 -  2) =    -90.49788  eV     1   --> A_1  D_1  S_1  
     e(  3 -  3) =    -10.68349  eV     1   --> B_1  D_3  S_3  
     e(  4 -  4) =    -10.33951  eV     1   --> A_1  D_1  S_1  
     e(  5 -  5) =      0.39190  eV     1   --> A_1  D_1  S_1  
     e(  6 -  6) =      1.40610  eV     1   --> B_1  D_3  S_3  
     e(  7 -  7) =      3.42005  eV     1   --> A_1  D_1  S_1  
     e(  8 -  8) =      3.70758  eV     1   --> B_2  D_4  S_4  
     e(  9 -  9) =      4.57583  eV     1   --> B_1  D_3  S_3  
     e( 10 - 10) =      4.85755  eV     1   --> A_2  D_2  S_2  
     e( 11 - 11) =     15.08813  eV     1   --> B_1  D_3  S_3  
     e( 12 - 12) =     15.88264  eV     1   --> A_1  D_1  S_1  
     e( 13 - 13) =     20.48624  eV     1   --> A_1  D_1  S_1  
     e( 14 - 14) =     20.68150  eV     1   --> B_1  D_3  S_3  

 **************************************************************************

 **************************************************************************

                    xk=(  -0.50000,  -0.28868,  -0.14830  )

     Band symmetry, C_2v (mm2)  point group:

     e(  1 -  1) =    -90.49845  eV     1   --> B_1  D_3  S_3  
     e(  2 -  2) =    -90.49786  eV     1   --> A_1  D_1  S_1  
     e(  3 -  3) =    -10.69350  eV     1   --> B_1  D_3  S_3  
     e(  4 -  4) =    -10.32894  eV     1   --> A_1  D_1  S_1  
     e(  5 -  5) =      0.39060  eV     1   --> A_1  D_1  S_1  
     e(  6 -  6) =      1.47380  eV     1   --> B_1  D_3  S_3  
     e(  7 -  7) =      3.34219  eV     1   --> A_1  D_1  S_1  
     e(  8 -  8) =      3.67693  eV     1   --> B_2  D_4  S_4  
     e(  9 -  9) =      4.54775  eV     1   --> B_1  D_3  S_3  
     e( 10 - 10) =      4.89671  eV     1   --> A_2  D_2  S_2  
     e( 11 - 11) =     15.14267  eV     1   --> B_1  D_3  S_3  
     e( 12 - 12) =     15.93552  eV     1   --> A_1  D_1  S_1  
     e( 13 - 13) =     20.52441  eV     1   --> A_1  D_1  S_1  
     e( 14 - 14) =     20.56512  eV     1   --> B_1  D_3  S_3  

 **************************************************************************

 **************************************************************************

                    xk=(  -0.50000,  -0.28868,  -0.13689  )

     Band symmetry, C_2v (mm2)  point group:

     e(  1 -  1) =    -90.49847  eV     1   --> B_1  D_3  S_3  
     e(  2 -  2) =    -90.49785  eV     1   --> A_1  D_1  S_1  
     e(  3 -  3) =    -10.70291  eV     1   --> B_1  D_3  S_3  
     e(  4 -  4) =    -10.31900  eV     1   --> A_1  D_1  S_1  
     e(  5 -  5) =      0.39136  eV     1   --> A_1  D_1  S_1  
     e(  6 -  6) =      1.54133  eV     1   --> B_1  D_3  S_3  
     e(  7 -  7) =      3.26676  eV     1   --> A_1  D_1  S_1  
     e(  8 -  8) =      3.64829  eV     1   --> B_2  D_4  S_4  
     e(  9 -  9) =      4.51559  eV     1   --> B_1  D_3  S_3  
     e( 10 - 10) =      4.93383  eV     1   --> A_2  D_2  S_2  
     e( 11 - 11) =     15.20268  eV     1   --> B_1  D_3  S_3  
     e( 12 - 12) =     15.98446  eV     1   --> A_1  D_1  S_1  
     e( 13 - 13) =     20.44046  eV     1   --> B_1  D_3  S_3  
     e( 14 - 14) =     20.56725  eV     1   --> A_1  D_1  S_1  

 **************************************************************************

 **************************************************************************

                    xk=(  -0.50000,  -0.28868,  -0.12548  )

     Band symmetry, C_2v (mm2)  point group:

     e(  1 -  1) =    -90.49848  eV     1   --> B_1  D_3  S_3  
     e(  2 -  2) =    -90.49783  eV     1   --> A_1  D_1  S_1  
     e(  3 -  3) =    -10.71166  eV     1   --> B_1  D_3  S_3  
     e(  4 -  4) =    -10.30971  eV     1   --> A_1  D_1  S_1  
     e(  5 -  5) =      0.39390  eV     1   --> A_1  D_1  S_1  
     e(  6 -  6) =      1.60817  eV     1   --> B_1  D_3  S_3  
     e(  7 -  7) =      3.19434  eV     1   --> A_1  D_1  S_1  
     e(  8 -  8) =      3.62172  eV     1   --> B_2  D_4  S_4  
     e(  9 -  9) =      4.48007  eV     1   --> B_1  D_3  S_3  
     e( 10 - 10) =      4.96874  eV     1   --> A_2  D_2  S_2  
     e( 11 - 11) =     15.26713  eV     1   --> B_1  D_3  S_3  
     e( 12 - 12) =     16.02925  eV     1   --> A_1  D_1  S_1  
     e( 13 - 13) =     20.31139  eV     1   --> B_1  D_3  S_3  
     e( 14 - 14) =     20.61378  eV     1   --> A_1  D_1  S_1  

 **************************************************************************

 **************************************************************************

                    xk=(  -0.50000,  -0.28868,  -0.11407  )

     Band symmetry, C_2v (mm2)  point group:

     e(  1 -  1) =    -90.49850  eV     1   --> B_1  D_3  S_3  
     e(  2 -  2) =    -90.49782  eV     1   --> A_1  D_1  S_1  
     e(  3 -  3) =    -10.71974  eV     1   --> B_1  D_3  S_3  
     e(  4 -  4) =    -10.30111  eV     1   --> A_1  D_1  S_1  
     e(  5 -  5) =      0.39795  eV     1   --> A_1  D_1  S_1  
     e(  6 -  6) =      1.67370  eV     1   --> B_1  D_3  S_3  
     e(  7 -  7) =      3.12553  eV     1   --> A_1  D_1  S_1  
     e(  8 -  8) =      3.59726  eV     1   --> B_2  D_4  S_4  
     e(  9 -  9) =      4.44206  eV     1   --> B_1  D_3  S_3  
     e( 10 - 10) =      5.00127  eV     1   --> A_2  D_2  S_2  
     e( 11 - 11) =     15.33487  eV     1   --> B_1  D_3  S_3  
     e( 12 - 12) =     16.06980  eV     1   --> A_1  D_1  S_1  
     e( 13 - 13) =     20.18114  eV     1   --> B_1  D_3  S_3  
     e( 14 - 14) =     20.66289  eV     1   --> A_1  D_1  S_1  

 **************************************************************************

 **************************************************************************

                    xk=(  -0.50000,  -0.28868,  -0.10267  )

     Band symmetry, C_2v (mm2)  point group:

     e(  1 -  1) =    -90.49851  eV     1   --> B_1  D_3  S_3  
     e(  2 -  2) =    -90.49781  eV     1   --> A_1  D_1  S_1  
     e(  3 -  3) =    -10.72713  eV     1   --> B_1  D_3  S_3  
     e(  4 -  4) =    -10.29324  eV     1   --> A_1  D_1  S_1  
     e(  5 -  5) =      0.40318  eV     1   --> A_1  D_1  S_1  
     e(  6 -  6) =      1.73724  eV     1   --> B_1  D_3  S_3  
     e(  7 -  7) =      3.06089  eV     1   --> A_1  D_1  S_1  
     e(  8 -  8) =      3.57498  eV     1   --> B_2  D_4  S_4  
     e(  9 -  9) =      4.40248  eV     1   --> B_1  D_3  S_3  
     e( 10 - 10) =      5.03125  eV     1   --> A_2  D_2  S_2  
     e( 11 - 11) =     15.40457  eV     1   --> B_1  D_3  S_3  
     e( 12 - 12) =     16.10609  eV     1   --> A_1  D_1  S_1  
     e( 13 - 13) =     20.05250  eV     1   --> B_1  D_3  S_3  
     e( 14 - 14) =     20.71336  eV     1   --> A_1  D_1  S_1  

 **************************************************************************

 **************************************************************************

                    xk=(  -0.50000,  -0.28868,  -0.09126  )

     Band symmetry, C_2v (mm2)  point group:

     e(  1 -  1) =    -90.49852  eV     1   --> B_1  D_3  S_3  
     e(  2 -  2) =    -90.49780  eV     1   --> A_1  D_1  S_1  
     e(  3 -  3) =    -10.73380  eV     1   --> B_1  D_3  S_3  
     e(  4 -  4) =    -10.28612  eV     1   --> A_1  D_1  S_1  
     e(  5 -  5) =      0.40926  eV     1   --> A_1  D_1  S_1  
     e(  6 -  6) =      1.79802  eV     1   --> B_1  D_3  S_3  
     e(  7 -  7) =      3.00103  eV     1   --> A_1  D_1  S_1  
     e(  8 -  8) =      3.55492  eV     1   --> B_2  D_4  S_4  
     e(  9 -  9) =      4.36234  eV     1   --> B_1  D_3  S_3  
     e( 10 - 10) =      5.05852  eV     1   --> A_2  D_2  S_2  
     e( 11 - 11) =     15.47473  eV     1   --> B_1  D_3  S_3  
     e( 12 - 12) =     16.13813  eV     1   --> A_1  D_1  S_1  
     e( 13 - 13) =     19.92800  eV     1   --> B_1  D_3  S_3  
     e( 14 - 14) =     20.76385  eV     1   --> A_1  D_1  S_1  

 **************************************************************************

 **************************************************************************

                    xk=(  -0.50000,  -0.28868,  -0.07985  )

     Band symmetry, C_2v (mm2)  point group:

     e(  1 -  1) =    -90.49853  eV     1   --> B_1  D_3  S_3  
     e(  2 -  2) =    -90.49779  eV     1   --> A_1  D_1  S_1  
     e(  3 -  3) =    -10.73974  eV     1   --> B_1  D_3  S_3  
     e(  4 -  4) =    -10.27977  eV     1   --> A_1  D_1  S_1  
     e(  5 -  5) =      0.41582  eV     1   --> A_1  D_1  S_1  
     e(  6 -  6) =      1.85518  eV     1   --> B_1  D_3  S_3  
     e(  7 -  7) =      2.94651  eV     1   --> A_1  D_1  S_1  
     e(  8 -  8) =      3.53712  eV     1   --> B_2  D_4  S_4  
     e(  9 -  9) =      4.32276  eV     1   --> B_1  D_3  S_3  
     e( 10 - 10) =      5.08295  eV     1   --> A_2  D_2  S_2  
     e( 11 - 11) =     15.54365  eV     1   --> B_1  D_3  S_3  
     e( 12 - 12) =     16.16601  eV     1   --> A_1  D_1  S_1  
     e( 13 - 13) =     19.81006  eV     1   --> B_1  D_3  S_3  
     e( 14 - 14) =     20.81298  eV     1   --> A_1  D_1  S_1  

 **************************************************************************

 **************************************************************************

                    xk=(  -0.50000,  -0.28868,  -0.06844  )

     Band symmetry, C_2v (mm2)  point group:

     e(  1 -  1) =    -90.49854  eV     1   --> B_1  D_3  S_3  
     e(  2 -  2) =    -90.49778  eV     1   --> A_1  D_1  S_1  
     e(  3 -  3) =    -10.74492  eV     1   --> B_1  D_3  S_3  
     e(  4 -  4) =    -10.27422  eV     1   --> A_1  D_1  S_1  
     e(  5 -  5) =      0.42250  eV     1   --> A_1  D_1  S_1  
     e(  6 -  6) =      1.90777  eV     1   --> B_1  D_3  S_3  
     e(  7 -  7) =      2.89788  eV     1   --> A_1  D_1  S_1  
     e(  8 -  8) =      3.52162  eV     1   --> B_2  D_4  S_4  
     e(  9 -  9) =      4.28490  eV     1   --> B_1  D_3  S_3  
     e( 10 - 10) =      5.10440  eV     1   --> A_2  D_2  S_2  
     e( 11 - 11) =     15.60948  eV     1   --> B_1  D_3  S_3  
     e( 12 - 12) =     16.18982  eV     1   --> A_1  D_1  S_1  
     e( 13 - 13) =     19.70106  eV     1   --> B_1  D_3  S_3  
     e( 14 - 14) =     20.85933  eV     1   --> A_1  D_1  S_1  

 **************************************************************************

 **************************************************************************

                    xk=(  -0.50000,  -0.28868,  -0.05704  )

     Band symmetry, C_2v (mm2)  point group:

     e(  1 -  1) =    -90.49855  eV     1   --> B_1  D_3  S_3  
     e(  2 -  2) =    -90.49777  eV     1   --> A_1  D_1  S_1  
     e(  3 -  3) =    -10.74932  eV     1   --> B_1  D_3  S_3  
     e(  4 -  4) =    -10.26949  eV     1   --> A_1  D_1  S_1  
     e(  5 -  5) =      0.42894  eV     1   --> A_1  D_1  S_1  
     e(  6 -  6) =      1.95477  eV     1   --> B_1  D_3  S_3  
     e(  7 -  7) =      2.85568  eV     1   --> A_1  D_1  S_1  
     e(  8 -  8) =      3.50845  eV     1   --> B_2  D_4  S_4  
     e(  9 -  9) =      4.24998  eV     1   --> B_1  D_3  S_3  
     e( 10 - 10) =      5.12276  eV     1   --> A_2  D_2  S_2  
     e( 11 - 11) =     15.67022  eV     1   --> B_1  D_3  S_3  
     e( 12 - 12) =     16.20970  eV     1   --> A_1  D_1  S_1  
     e( 13 - 13) =     19.60334  eV     1   --> B_1  D_3  S_3  
     e( 14 - 14) =     20.90150  eV     1   --> A_1  D_1  S_1  

 **************************************************************************

 **************************************************************************

                    xk=(  -0.50000,  -0.28868,  -0.04563  )

     Band symmetry, C_2v (mm2)  point group:

     e(  1 -  1) =    -90.49855  eV     1   --> B_1  D_3  S_3  
     e(  2 -  2) =    -90.49776  eV     1   --> A_1  D_1  S_1  
     e(  3 -  3) =    -10.75295  eV     1   --> B_1  D_3  S_3  
     e(  4 -  4) =    -10.26559  eV     1   --> A_1  D_1  S_1  
     e(  5 -  5) =      0.43477  eV     1   --> A_1  D_1  S_1  
     e(  6 -  6) =      1.99515  eV     1   --> B_1  D_3  S_3  
     e(  7 -  7) =      2.82040  eV     1   --> A_1  D_1  S_1  
     e(  8 -  8) =      3.49764  eV     1   --> B_2  D_4  S_4  
     e(  9 -  9) =      4.21923  eV     1   --> B_1  D_3  S_3  
     e( 10 - 10) =      5.13792  eV     1   --> A_2  D_2  S_2  
     e( 11 - 11) =     15.72381  eV     1   --> B_1  D_3  S_3  
     e( 12 - 12) =     16.22576  eV     1   --> A_1  D_1  S_1  
     e( 13 - 13) =     19.51924  eV     1   --> B_1  D_3  S_3  
     e( 14 - 14) =     20.93815  eV     1   --> A_1  D_1  S_1  

 **************************************************************************

 **************************************************************************

                    xk=(  -0.50000,  -0.28868,  -0.03422  )

     Band symmetry, C_2v (mm2)  point group:

     e(  1 -  1) =    -90.49856  eV     1   --> B_1  D_3  S_3  
     e(  2 -  2) =    -90.49776  eV     1   --> A_1  D_1  S_1  
     e(  3 -  3) =    -10.75578  eV     1   --> B_1  D_3  S_3  
     e(  4 -  4) =    -10.26255  eV     1   --> A_1  D_1  S_1  
     e(  5 -  5) =      0.43969  eV     1   --> A_1  D_1  S_1  
     e(  6 -  6) =      2.02788  eV     1   --> B_1  D_3  S_3  
     e(  7 -  7) =      2.79247  eV     1   --> A_1  D_1  S_1  
     e(  8 -  8) =      3.48921  eV     1   --> B_2  D_4  S_4  
     e(  9 -  9) =      4.19382  eV     1   --> B_1  D_3  S_3  
     e( 10 - 10) =      5.14980  eV     1   --> A_2  D_2  S_2  
     e( 11 - 11) =     15.76817  eV     1   --> B_1  D_3  S_3  
     e( 12 - 12) =     16.23811  eV     1   --> A_1  D_1  S_1  
     e( 13 - 13) =     19.45099  eV     1   --> B_1  D_3  S_3  
     e( 14 - 14) =     20.96807  eV     1   --> A_1  D_1  S_1  

 **************************************************************************

 **************************************************************************

                    xk=(  -0.50000,  -0.28868,  -0.02281  )

     Band symmetry, C_2v (mm2)  point group:

     e(  1 -  1) =    -90.49856  eV     1   --> B_1  D_3  S_3  
     e(  2 -  2) =    -90.49776  eV     1   --> A_1  D_1  S_1  
     e(  3 -  3) =    -10.75780  eV     1   --> B_1  D_3  S_3  
     e(  4 -  4) =    -10.26037  eV     1   --> A_1  D_1  S_1  
     e(  5 -  5) =      0.44341  eV     1   --> A_1  D_1  S_1  
     e(  6 -  6) =      2.05203  eV     1   --> B_1  D_3  S_3  
     e(  7 -  7) =      2.77224  eV     1   --> A_1  D_1  S_1  
     e(  8 -  8) =      3.48318  eV     1   --> B_2  D_4  S_4  
     e(  9 -  9) =      4.17481  eV     1   --> B_1  D_3  S_3  
     e( 10 - 10) =      5.15833  eV     1   --> A_2  D_2  S_2  
     e( 11 - 11) =     15.80144  eV     1   --> B_1  D_3  S_3  
     e( 12 - 12) =     16.24686  eV     1   --> A_1  D_1  S_1  
     e( 13 - 13) =     19.40058  eV     1   --> B_1  D_3  S_3  
     e( 14 - 14) =     20.99023  eV     1   --> A_1  D_1  S_1  

 **************************************************************************

 **************************************************************************

                    xk=(  -0.50000,  -0.28868,  -0.01141  )

     Band symmetry, C_2v (mm2)  point group:

     e(  1 -  1) =    -90.49856  eV     1   --> B_1  D_3  S_3  
     e(  2 -  2) =    -90.49775  eV     1   --> A_1  D_1  S_1  
     e(  3 -  3) =    -10.75902  eV     1   --> B_1  D_3  S_3  
     e(  4 -  4) =    -10.25906  eV     1   --> A_1  D_1  S_1  
     e(  5 -  5) =      0.44574  eV     1   --> A_1  D_1  S_1  
     e(  6 -  6) =      2.06685  eV     1   --> B_1  D_3  S_3  
     e(  7 -  7) =      2.75999  eV     1   --> A_1  D_1  S_1  
     e(  8 -  8) =      3.47955  eV     1   --> B_2  D_4  S_4  
     e(  9 -  9) =      4.16304  eV     1   --> B_1  D_3  S_3  
     e( 10 - 10) =      5.16347  eV     1   --> A_2  D_2  S_2  
     e( 11 - 11) =     15.82208  eV     1   --> B_1  D_3  S_3  
     e( 12 - 12) =     16.25207  eV     1   --> A_1  D_1  S_1  
     e( 13 - 13) =     19.36964  eV     1   --> B_1  D_3  S_3  
     e( 14 - 14) =     21.00385  eV     1   --> A_1  D_1  S_1  

 **************************************************************************

 **************************************************************************

                    xk=(  -0.50000,  -0.28868,   0.00000  )

     Band symmetry, C_2v (mm2)  point group:

     e(  1 -  1) =    -90.49857  eV     1   --> B_1  D_3  S_3  
     e(  2 -  2) =    -90.49775  eV     1   --> A_1  D_1  S_1  
     e(  3 -  3) =    -10.75943  eV     1   --> B_1  D_3  S_3  
     e(  4 -  4) =    -10.25862  eV     1   --> A_1  D_1  S_1  
     e(  5 -  5) =      0.44652  eV     1   --> A_1  D_1  S_1  
     e(  6 -  6) =      2.07185  eV     1   --> B_1  D_3  S_3  
     e(  7 -  7) =      2.75589  eV     1   --> A_1  D_1  S_1  
     e(  8 -  8) =      3.47835  eV     1   --> B_2  D_4  S_4  
     e(  9 -  9) =      4.15905  eV     1   --> B_1  D_3  S_3  
     e( 10 - 10) =      5.16519  eV     1   --> A_2  D_2  S_2  
     e( 11 - 11) =     15.82908  eV     1   --> B_1  D_3  S_3  
     e( 12 - 12) =     16.25381  eV     1   --> A_1  D_1  S_1  
     e( 13 - 13) =     19.35920  eV     1   --> B_1  D_3  S_3  
     e( 14 - 14) =     21.00845  eV     1   --> A_1  D_1  S_1  

 **************************************************************************

 **************************************************************************

                    xk=(  -0.33333,  -0.57735,  -0.30800  )

     point group C_3v (3m)  
     there are  3 classes
     the character table:

       E     2C3   3s_v 
A_1    1.00  1.00  1.00
A_2    1.00  1.00 -1.00
E      2.00 -1.00  0.00

     the symmetry operations in each class and the name of the first element:

     E        1
                                                                 
     2C3      2    3
                                                                 
     3s_v     4    6    5
                                                                 

     Band symmetry, C_3v (3m)   point group:

     e(  1 -  2) =    -90.49796  eV     2   --> E    L_3       
     e(  3 -  4) =    -10.34438  eV     2   --> E    L_3       
     e(  5 -  6) =      1.73801  eV     2   --> A_1  L_1       
     e(  5 -  6) =      1.73801  eV     2   --> A_2  L_2       
     e(  7 -  8) =      1.75584  eV     2   --> E    L_3       
     e(  9 - 10) =      4.83018  eV     2   --> E    L_3       
     e( 11 - 12) =     17.65666  eV     2   --> A_1  L_1       
     e( 11 - 12) =     17.65666  eV     2   --> A_2  L_2       
     e( 13 - 14) =     18.08519  eV     2   --> E    L_3       

 **************************************************************************

 **************************************************************************

                    xk=(  -0.33333,  -0.57735,  -0.29659  )

     Band symmetry, C_3v (3m)   point group:

     e(  1 -  2) =    -90.49796  eV     2   --> E    L_3       
     e(  3 -  4) =    -10.34439  eV     2   --> E    L_3       
     e(  5 -  5) =      1.66495  eV     1   --> A_1  L_1       
     e(  6 -  7) =      1.75748  eV     2   --> E    L_3       
     e(  8 -  8) =      1.81229  eV     1   --> A_2  L_2       
     e(  9 - 10) =      4.82715  eV     2   --> E    L_3       
     e( 11 - 11) =     17.55041  eV     1   --> A_2  L_2       
     e( 12 - 12) =     17.75842  eV     1   --> A_1  L_1       
     e( 13 - 14) =     18.09094  eV     2   --> E    L_3       

 **************************************************************************

 **************************************************************************

                    xk=(  -0.33333,  -0.57735,  -0.28518  )

     Band symmetry, C_3v (3m)   point group:

     e(  1 -  2) =    -90.49796  eV     2   --> E    L_3       
     e(  3 -  4) =    -10.34441  eV     2   --> E    L_3       
     e(  5 -  5) =      1.59331  eV     1   --> A_1  L_1       
     e(  6 -  7) =      1.76241  eV     2   --> E    L_3       
     e(  8 -  8) =      1.88760  eV     1   --> A_2  L_2       
     e(  9 - 10) =      4.81806  eV     2   --> E    L_3       
     e( 11 - 11) =     17.44004  eV     1   --> A_2  L_2       
     e( 12 - 12) =     17.85538  eV     1   --> A_1  L_1       
     e( 13 - 14) =     18.10813  eV     2   --> E    L_3       

 **************************************************************************

 **************************************************************************

                    xk=(  -0.33333,  -0.57735,  -0.27378  )

     Band symmetry, C_3v (3m)   point group:

     e(  1 -  2) =    -90.49796  eV     2   --> E    L_3       
     e(  3 -  4) =    -10.34445  eV     2   --> E    L_3       
     e(  5 -  5) =      1.52326  eV     1   --> A_1  L_1       
     e(  6 -  7) =      1.77061  eV     2   --> E    L_3       
     e(  8 -  8) =      1.96370  eV     1   --> A_2  L_2       
     e(  9 - 10) =      4.80301  eV     2   --> E    L_3       
     e( 11 - 11) =     17.32602  eV     1   --> A_2  L_2       
     e( 12 - 12) =     17.94730  eV     1   --> A_1  L_1       
     e( 13 - 14) =     18.13666  eV     2   --> E    L_3       

 **************************************************************************

 **************************************************************************

                    xk=(  -0.33333,  -0.57735,  -0.26237  )

     Band symmetry, C_3v (3m)   point group:

     e(  1 -  2) =    -90.49796  eV     2   --> E    L_3       
     e(  3 -  4) =    -10.34450  eV     2   --> E    L_3       
     e(  5 -  5) =      1.45498  eV     1   --> A_1  L_1       
     e(  6 -  7) =      1.78205  eV     2   --> E    L_3       
     e(  8 -  8) =      2.04036  eV     1   --> A_2  L_2       
     e(  9 - 10) =      4.78213  eV     2   --> E    L_3       
     e( 11 - 11) =     17.20885  eV     1   --> A_2  L_2       
     e( 12 - 12) =     18.03402  eV     1   --> A_1  L_1       
     e( 13 - 14) =     18.17634  eV     2   --> E    L_3       

 **************************************************************************

 **************************************************************************

                    xk=(  -0.33333,  -0.57735,  -0.25096  )

     Band symmetry, C_3v (3m)   point group:

     e(  1 -  2) =    -90.49796  eV     2   --> E    L_3       
     e(  3 -  4) =    -10.34456  eV     2   --> E    L_3       
     e(  5 -  5) =      1.38862  eV     1   --> A_1  L_1       
     e(  6 -  7) =      1.79668  eV     2   --> E    L_3       
     e(  8 -  8) =      2.11734  eV     1   --> A_2  L_2       
     e(  9 - 10) =      4.75563  eV     2   --> E    L_3       
     e( 11 - 11) =     17.08911  eV     1   --> A_2  L_2       
     e( 12 - 12) =     18.11543  eV     1   --> A_1  L_1       
     e( 13 - 14) =     18.22689  eV     2   --> E    L_3       

 **************************************************************************

 **************************************************************************

                    xk=(  -0.33333,  -0.57735,  -0.23956  )

     Band symmetry, C_3v (3m)   point group:

     e(  1 -  2) =    -90.49796  eV     2   --> E    L_3       
     e(  3 -  4) =    -10.34463  eV     2   --> E    L_3       
     e(  5 -  5) =      1.32433  eV     1   --> A_1  L_1       
     e(  6 -  7) =      1.81445  eV     2   --> E    L_3       
     e(  8 -  8) =      2.19437  eV     1   --> A_2  L_2       
     e(  9 - 10) =      4.72375  eV     2   --> E    L_3       
     e( 11 - 11) =     16.96742  eV     1   --> A_2  L_2       
     e( 12 - 12) =     18.19151  eV     1   --> A_1  L_1       
     e( 13 - 14) =     18.28798  eV     2   --> E    L_3       

 **************************************************************************

 **************************************************************************

                    xk=(  -0.33333,  -0.57735,  -0.22815  )

     Band symmetry, C_3v (3m)   point group:

     e(  1 -  2) =    -90.49796  eV     2   --> E    L_3       
     e(  3 -  4) =    -10.34472  eV     2   --> E    L_3       
     e(  5 -  5) =      1.26225  eV     1   --> A_1  L_1       
     e(  6 -  7) =      1.83531  eV     2   --> E    L_3       
     e(  8 -  8) =      2.27118  eV     1   --> A_2  L_2       
     e(  9 - 10) =      4.68678  eV     2   --> E    L_3       
     e( 11 - 11) =     16.84444  eV     1   --> A_2  L_2       
     e( 12 - 12) =     18.26227  eV     1   --> A_1  L_1       
     e( 13 - 14) =     18.35920  eV     2   --> E    L_3       

 **************************************************************************

 **************************************************************************

                    xk=(  -0.33333,  -0.57735,  -0.21674  )

     Band symmetry, C_3v (3m)   point group:

     e(  1 -  2) =    -90.49796  eV     2   --> E    L_3       
     e(  3 -  4) =    -10.34482  eV     2   --> E    L_3       
     e(  5 -  5) =      1.20249  eV     1   --> A_1  L_1       
     e(  6 -  7) =      1.85915  eV     2   --> E    L_3       
     e(  8 -  8) =      2.34746  eV     1   --> A_2  L_2       
     e(  9 - 10) =      4.64505  eV     2   --> E    L_3       
     e( 11 - 11) =     16.72089  eV     1   --> A_2  L_2       
     e( 12 - 12) =     18.32780  eV     1   --> A_1  L_1       
     e( 13 - 14) =     18.44007  eV     2   --> E    L_3       

 **************************************************************************

 **************************************************************************

                    xk=(  -0.33333,  -0.57735,  -0.20533  )

     Band symmetry, C_3v (3m)   point group:

     e(  1 -  2) =    -90.49796  eV     2   --> E    L_3       
     e(  3 -  4) =    -10.34492  eV     2   --> E    L_3       
     e(  5 -  5) =      1.14517  eV     1   --> A_1  L_1       
     e(  6 -  7) =      1.88588  eV     2   --> E    L_3       
     e(  8 -  8) =      2.42292  eV     1   --> A_2  L_2       
     e(  9 - 10) =      4.59894  eV     2   --> E    L_3       
     e( 11 - 11) =     16.59749  eV     1   --> A_2  L_2       
     e( 12 - 12) =     18.38821  eV     1   --> A_1  L_1       
     e( 13 - 14) =     18.53004  eV     2   --> E    L_3       

 **************************************************************************

 **************************************************************************

                    xk=(  -0.33333,  -0.57735,  -0.19393  )

     Band symmetry, C_3v (3m)   point group:

     e(  1 -  2) =    -90.49796  eV     2   --> E    L_3       
     e(  3 -  4) =    -10.34503  eV     2   --> E    L_3       
     e(  5 -  5) =      1.09041  eV     1   --> A_1  L_1       
     e(  6 -  7) =      1.91538  eV     2   --> E    L_3       
     e(  8 -  8) =      2.49722  eV     1   --> A_2  L_2       
     e(  9 - 10) =      4.54886  eV     2   --> E    L_3       
     e( 11 - 11) =     16.47501  eV     1   --> A_2  L_2       
     e( 12 - 12) =     18.44366  eV     1   --> A_1  L_1       
     e( 13 - 14) =     18.62850  eV     2   --> E    L_3       

 **************************************************************************

 **************************************************************************

                    xk=(  -0.33333,  -0.57735,  -0.18252  )

     Band symmetry, C_3v (3m)   point group:

     e(  1 -  2) =    -90.49796  eV     2   --> E    L_3       
     e(  3 -  4) =    -10.34515  eV     2   --> E    L_3       
     e(  5 -  5) =      1.03829  eV     1   --> A_1  L_1       
     e(  6 -  7) =      1.94750  eV     2   --> E    L_3       
     e(  8 -  8) =      2.57003  eV     1   --> A_2  L_2       
     e(  9 - 10) =      4.49526  eV     2   --> E    L_3       
     e( 11 - 11) =     16.35419  eV     1   --> A_2  L_2       
     e( 12 - 12) =     18.49433  eV     1   --> A_1  L_1       
     e( 13 - 14) =     18.73478  eV     2   --> E    L_3       

 **************************************************************************

 **************************************************************************

                    xk=(  -0.33333,  -0.57735,  -0.17111  )

     Band symmetry, C_3v (3m)   point group:

     e(  1 -  2) =    -90.49796  eV     2   --> E    L_3       
     e(  3 -  4) =    -10.34527  eV     2   --> E    L_3       
     e(  5 -  5) =      0.98892  eV     1   --> A_1  L_1       
     e(  6 -  7) =      1.98207  eV     2   --> E    L_3       
     e(  8 -  8) =      2.64101  eV     1   --> A_2  L_2       
     e(  9 - 10) =      4.43861  eV     2   --> E    L_3       
     e( 11 - 11) =     16.23582  eV     1   --> A_2  L_2       
     e( 12 - 12) =     18.54045  eV     1   --> A_1  L_1       
     e( 13 - 14) =     18.84812  eV     2   --> E    L_3       

 **************************************************************************

 **************************************************************************

                    xk=(  -0.33333,  -0.57735,  -0.15970  )

     Band symmetry, C_3v (3m)   point group:

     e(  1 -  2) =    -90.49796  eV     2   --> E    L_3       
     e(  3 -  4) =    -10.34540  eV     2   --> E    L_3       
     e(  5 -  5) =      0.94237  eV     1   --> A_1  L_1       
     e(  6 -  7) =      2.01889  eV     2   --> E    L_3       
     e(  8 -  8) =      2.70980  eV     1   --> A_2  L_2       
     e(  9 - 10) =      4.37944  eV     2   --> E    L_3       
     e( 11 - 11) =     16.12066  eV     1   --> A_2  L_2       
     e( 12 - 12) =     18.58221  eV     1   --> A_1  L_1       
     e( 13 - 14) =     18.96770  eV     2   --> E    L_3       

 **************************************************************************

 **************************************************************************

                    xk=(  -0.33333,  -0.57735,  -0.14830  )

     Band symmetry, C_3v (3m)   point group:

     e(  1 -  2) =    -90.49796  eV     2   --> E    L_3       
     e(  3 -  4) =    -10.34552  eV     2   --> E    L_3       
     e(  5 -  5) =      0.89872  eV     1   --> A_1  L_1       
     e(  6 -  7) =      2.05771  eV     2   --> E    L_3       
     e(  8 -  8) =      2.77603  eV     1   --> A_2  L_2       
     e(  9 - 10) =      4.31829  eV     2   --> E    L_3       
     e( 11 - 11) =     16.00948  eV     1   --> A_2  L_2       
     e( 12 - 12) =     18.61986  eV     1   --> A_1  L_1       
     e( 13 - 14) =     19.09259  eV     2   --> E    L_3       

 **************************************************************************

 **************************************************************************

                    xk=(  -0.33333,  -0.57735,  -0.13689  )

     Band symmetry, C_3v (3m)   point group:

     e(  1 -  2) =    -90.49796  eV     2   --> E    L_3       
     e(  3 -  4) =    -10.34565  eV     2   --> E    L_3       
     e(  5 -  5) =      0.85804  eV     1   --> A_1  L_1       
     e(  6 -  7) =      2.09825  eV     2   --> E    L_3       
     e(  8 -  8) =      2.83932  eV     1   --> A_2  L_2       
     e(  9 - 10) =      4.25575  eV     2   --> E    L_3       
     e( 11 - 11) =     15.90301  eV     1   --> A_2  L_2       
     e( 12 - 12) =     18.65363  eV     1   --> A_1  L_1       
     e( 13 - 14) =     19.22179  eV     2   --> E    L_3       

 **************************************************************************

 **************************************************************************

                    xk=(  -0.33333,  -0.57735,  -0.12548  )

     Band symmetry, C_3v (3m)   point group:

     e(  1 -  2) =    -90.49796  eV     2   --> E    L_3       
     e(  3 -  4) =    -10.34577  eV     2   --> E    L_3       
     e(  5 -  5) =      0.82040  eV     1   --> A_1  L_1       
     e(  6 -  7) =      2.14015  eV     2   --> E    L_3       
     e(  8 -  8) =      2.89932  eV     1   --> A_2  L_2       
     e(  9 - 10) =      4.19246  eV     2   --> E    L_3       
     e( 11 - 11) =     15.80198  eV     1   --> A_2  L_2       
     e( 12 - 12) =     18.68374  eV     1   --> A_1  L_1       
     e( 13 - 14) =     19.35414  eV     2   --> E    L_3       

 **************************************************************************

 **************************************************************************

                    xk=(  -0.33333,  -0.57735,  -0.11407  )

     Band symmetry, C_3v (3m)   point group:

     e(  1 -  2) =    -90.49796  eV     2   --> E    L_3       
     e(  3 -  4) =    -10.34589  eV     2   --> E    L_3       
     e(  5 -  5) =      0.78584  eV     1   --> A_1  L_1       
     e(  6 -  7) =      2.18300  eV     2   --> E    L_3       
     e(  8 -  8) =      2.95564  eV     1   --> A_2  L_2       
     e(  9 - 10) =      4.12910  eV     2   --> E    L_3       
     e( 11 - 11) =     15.70709  eV     1   --> A_2  L_2       
     e( 12 - 12) =     18.71042  eV     1   --> A_1  L_1       
     e( 13 - 14) =     19.48837  eV     2   --> E    L_3       

 **************************************************************************

 **************************************************************************

                    xk=(  -0.33333,  -0.57735,  -0.10267  )

     Band symmetry, C_3v (3m)   point group:

     e(  1 -  2) =    -90.49796  eV     2   --> E    L_3       
     e(  3 -  4) =    -10.34600  eV     2   --> E    L_3       
     e(  5 -  5) =      0.75443  eV     1   --> A_1  L_1       
     e(  6 -  7) =      2.22629  eV     2   --> E    L_3       
     e(  8 -  8) =      3.00792  eV     1   --> A_2  L_2       
     e(  9 - 10) =      4.06645  eV     2   --> E    L_3       
     e( 11 - 11) =     15.61901  eV     1   --> A_2  L_2       
     e( 12 - 12) =     18.73387  eV     1   --> A_1  L_1       
     e( 13 - 14) =     19.62298  eV     2   --> E    L_3       

 **************************************************************************

 **************************************************************************

                    xk=(  -0.33333,  -0.57735,  -0.09126  )

     Band symmetry, C_3v (3m)   point group:

     e(  1 -  2) =    -90.49796  eV     2   --> E    L_3       
     e(  3 -  4) =    -10.34610  eV     2   --> E    L_3       
     e(  5 -  5) =      0.72621  eV     1   --> A_1  L_1       
     e(  6 -  7) =      2.26939  eV     2   --> E    L_3       
     e(  8 -  8) =      3.05581  eV     1   --> A_2  L_2       
     e(  9 - 10) =      4.00535  eV     2   --> E    L_3       
     e( 11 - 11) =     15.53836  eV     1   --> A_2  L_2       
     e( 12 - 12) =     18.75429  eV     1   --> A_1  L_1       
     e( 13 - 14) =     19.75623  eV     2   --> E    L_3       

 **************************************************************************

 **************************************************************************

                    xk=(  -0.33333,  -0.57735,  -0.07985  )

     Band symmetry, C_3v (3m)   point group:

     e(  1 -  2) =    -90.49796  eV     2   --> E    L_3       
     e(  3 -  4) =    -10.34620  eV     2   --> E    L_3       
     e(  5 -  5) =      0.70121  eV     1   --> A_1  L_1       
     e(  6 -  7) =      2.31158  eV     2   --> E    L_3       
     e(  8 -  8) =      3.09897  eV     1   --> A_2  L_2       
     e(  9 - 10) =      3.94677  eV     2   --> E    L_3       
     e( 11 - 11) =     15.46572  eV     1   --> A_2  L_2       
     e( 12 - 12) =     18.77187  eV     1   --> A_1  L_1       
     e( 13 - 14) =     19.88607  eV     2   --> E    L_3       

 **************************************************************************

 **************************************************************************

                    xk=(  -0.33333,  -0.57735,  -0.06844  )

     Band symmetry, C_3v (3m)   point group:

     e(  1 -  2) =    -90.49796  eV     2   --> E    L_3       
     e(  3 -  4) =    -10.34629  eV     2   --> E    L_3       
     e(  5 -  5) =      0.67948  eV     1   --> A_1  L_1       
     e(  6 -  7) =      2.35195  eV     2   --> E    L_3       
     e(  8 -  8) =      3.13708  eV     1   --> A_2  L_2       
     e(  9 - 10) =      3.89179  eV     2   --> E    L_3       
     e( 11 - 11) =     15.40162  eV     1   --> A_2  L_2       
     e( 12 - 12) =     18.78677  eV     1   --> A_1  L_1       
     e( 13 - 14) =     20.01006  eV     2   --> E    L_3       

 **************************************************************************

 **************************************************************************

                    xk=(  -0.33333,  -0.57735,  -0.05704  )

     Band symmetry, C_3v (3m)   point group:

     e(  1 -  2) =    -90.49796  eV     2   --> E    L_3       
     e(  3 -  4) =    -10.34636  eV     2   --> E    L_3       
     e(  5 -  5) =      0.66104  eV     1   --> A_1  L_1       
     e(  6 -  7) =      2.38945  eV     2   --> E    L_3       
     e(  8 -  8) =      3.16986  eV     1   --> A_2  L_2       
     e(  9 - 10) =      3.84164  eV     2   --> E    L_3       
     e( 11 - 11) =     15.34654  eV     1   --> A_2  L_2       
     e( 12 - 12) =     18.79913  eV     1   --> A_1  L_1       
     e( 13 - 14) =     20.12524  eV     2   --> E    L_3       

 **************************************************************************

 **************************************************************************

                    xk=(  -0.33333,  -0.57735,  -0.04563  )

     Band symmetry, C_3v (3m)   point group:

     e(  1 -  2) =    -90.49796  eV     2   --> E    L_3       
     e(  3 -  4) =    -10.34642  eV     2   --> E    L_3       
     e(  5 -  5) =      0.64592  eV     1   --> A_1  L_1       
     e(  6 -  7) =      2.42286  eV     2   --> E    L_3       
     e(  8 -  8) =      3.19705  eV     1   --> A_2  L_2       
     e(  9 - 10) =      3.79768  eV     2   --> E    L_3       
     e( 11 - 11) =     15.30089  eV     1   --> A_2  L_2       
     e( 12 - 12) =     18.80907  eV     1   --> A_1  L_1       
     e( 13 - 14) =     20.22815  eV     2   --> E    L_3       

 **************************************************************************

 **************************************************************************

                    xk=(  -0.33333,  -0.57735,  -0.03422  )

     Band symmetry, C_3v (3m)   point group:

     e(  1 -  2) =    -90.49796  eV     2   --> E    L_3       
     e(  3 -  4) =    -10.34647  eV     2   --> E    L_3       
     e(  5 -  5) =      0.63413  eV     1   --> A_1  L_1       
     e(  6 -  7) =      2.45085  eV     2   --> E    L_3       
     e(  8 -  8) =      3.21843  eV     1   --> A_2  L_2       
     e(  9 - 10) =      3.76136  eV     2   --> E    L_3       
     e( 11 - 11) =     15.26502  eV     1   --> A_2  L_2       
     e( 12 - 12) =     18.81669  eV     1   --> A_1  L_1       
     e( 13 - 14) =     20.31479  eV     2   --> E    L_3       

 **************************************************************************

 **************************************************************************

                    xk=(  -0.33333,  -0.57735,  -0.02281  )

     Band symmetry, C_3v (3m)   point group:

     e(  1 -  2) =    -90.49796  eV     2   --> E    L_3       
     e(  3 -  4) =    -10.34651  eV     2   --> E    L_3       
     e(  5 -  5) =      0.62571  eV     1   --> A_1  L_1       
     e(  6 -  7) =      2.47209  eV     2   --> E    L_3       
     e(  8 -  8) =      3.23383  eV     1   --> A_2  L_2       
     e(  9 - 10) =      3.73410  eV     2   --> E    L_3       
     e( 11 - 11) =     15.23920  eV     1   --> A_2  L_2       
     e( 12 - 12) =     18.82208  eV     1   --> A_1  L_1       
     e( 13 - 14) =     20.38094  eV     2   --> E    L_3       

 **************************************************************************

 **************************************************************************

                    xk=(  -0.33333,  -0.57735,  -0.01141  )

     Band symmetry, C_3v (3m)   point group:

     e(  1 -  2) =    -90.49796  eV     2   --> E    L_3       
     e(  3 -  4) =    -10.34653  eV     2   --> E    L_3       
     e(  5 -  5) =      0.62065  eV     1   --> A_1  L_1       
     e(  6 -  7) =      2.48539  eV     2   --> E    L_3       
     e(  8 -  8) =      3.24313  eV     1   --> A_2  L_2       
     e(  9 - 10) =      3.71716  eV     2   --> E    L_3       
     e( 11 - 11) =     15.22363  eV     1   --> A_2  L_2       
     e( 12 - 12) =     18.82529  eV     1   --> A_1  L_1       
     e( 13 - 14) =     20.42259  eV     2   --> E    L_3       

 **************************************************************************

 **************************************************************************

                    xk=(  -0.33333,  -0.57735,   0.00000  )

     Band symmetry, C_3v (3m)   point group:

     e(  1 -  2) =    -90.49796  eV     2   --> E    L_3       
     e(  3 -  4) =    -10.34654  eV     2   --> E    L_3       
     e(  5 -  5) =      0.61896  eV     1   --> A_1  L_1       
     e(  6 -  7) =      2.48993  eV     2   --> E    L_3       
     e(  8 -  8) =      3.24623  eV     1   --> A_2  L_2       
     e(  9 - 10) =      3.71141  eV     2   --> E    L_3       
     e( 11 - 11) =     15.21842  eV     1   --> A_2  L_2       
     e( 12 - 12) =     18.82636  eV     1   --> A_1  L_1       
     e( 13 - 14) =     20.43684  eV     2   --> E    L_3       

 **************************************************************************

     BANDS        :   1m15.88s CPU   1m25.09s WALL


   This run was terminated on:  12:12:59   1Sep2026            

=------------------------------------------------------------------------------=
   JOB DONE.
=------------------------------------------------------------------------------=
Note: The following floating-point exceptions are signalling: IEEE_DENORMAL
