#  E (eV)   dos(E)     Int dos(E) EFermi =    8.394 eV
 -20.000  0.1607E-84  0.1607E-86
 -19.990  0.1607E-84  0.3214E-86
 -19.980  0.1607E-84  0.4820E-86
 -19.970  0.1607E-84  0.6427E-86
 -19.960  0.1607E-84  0.8034E-86
 -19.950  0.1607E-84  0.9641E-86
 -19.940  0.1607E-84  0.1125E-85
 -19.930  0.1607E-84  0.1285E-85
 -19.920  0.1607E-84  0.1446E-85
 -19.910  0.1607E-84  0.1607E-85
 -19.900  0.1607E-84  0.1767E-85
 -19.890  0.1607E-84  0.1928E-85
 -19.880  0.1607E-84  0.2089E-85
 -19.870  0.1607E-84  0.2250E-85
 -19.860  0.1607E-84  0.2410E-85
 -19.850  0.1607E-84  0.2571E-85
 -19.840  0.1607E-84  0.2732E-85
 -19.830  0.1607E-84  0.2892E-85
 -19.820  0.1607E-84  0.3053E-85
 -19.810  0.1607E-84  0.3214E-85
 -19.800  0.1607E-84  0.3374E-85
 -19.790  0.1607E-84  0.3535E-85
 -19.780  0.1607E-84  0.3696E-85
 -19.770  0.1607E-84  0.3856E-85
 -19.760  0.1607E-84  0.4017E-85
 -19.750  0.1607E-84  0.4178E-85
 -19.740  0.1607E-84  0.4338E-85
 -19.730  0.1607E-84  0.4499E-85
 -19.720  0.1607E-84  0.4660E-85
 -19.710  0.1607E-84  0.4820E-85
 -19.700  0.1607E-84  0.4981E-85
 -19.690  0.1607E-84  0.5142E-85
 -19.680  0.1607E-84  0.5302E-85
 -19.670  0.1607E-84  0.5463E-85
 -19.660  0.1607E-84  0.5624E-85
 -19.650  0.1607E-84  0.5785E-85
 -19.640  0.1607E-84  0.5945E-85
 -19.630  0.1607E-84  0.6106E-85
 -19.620  0.1607E-84  0.6267E-85
 -19.610  0.1607E-84  0.6427E-85
 -19.600  0.1607E-84  0.6588E-85
 -19.590  0.1607E-84  0.6749E-85
 -19.580  0.1607E-84  0.6909E-85
 -19.570  0.1607E-84  0.7070E-85
 -19.560  0.1607E-84  0.7231E-85
 -19.550  0.1607E-84  0.7391E-85
 -19.540  0.1607E-84  0.7552E-85
 -19.530  0.1607E-84  0.7713E-85
 -19.520  0.1607E-84  0.7873E-85
 -19.510  0.1607E-84  0.8034E-85
 -19.500  0.1607E-84  0.8195E-85
 -19.490  0.1607E-84  0.8355E-85
 -19.480  0.1607E-84  0.8516E-85
 -19.470  0.1607E-84  0.8677E-85
 -19.460  0.1607E-84  0.8837E-85
 -19.450  0.1607E-84  0.8998E-85
 -19.440  0.1607E-84  0.9159E-85
 -19.430  0.1607E-84  0.9320E-85
 -19.420  0.1607E-84  0.9480E-85
 -19.410  0.1607E-84  0.9641E-85
 -19.400  0.1607E-84  0.9802E-85
 -19.390  0.1607E-84  0.9962E-85
 -19.380  0.1607E-84  0.1012E-84
 -19.370  0.1607E-84  0.1028E-84
 -19.360  0.1607E-84  0.1044E-84
 -19.350  0.1607E-84  0.1060E-84
 -19.340  0.1607E-84  0.1077E-84
 -19.330  0.1607E-84  0.1093E-84
 -19.320  0.1607E-84  0.1109E-84
 -19.310  0.1607E-84  0.1125E-84
 -19.300  0.1607E-84  0.1141E-84
 -19.290  0.1607E-84  0.1157E-84
 -19.280  0.1607E-84  0.1173E-84
 -19.270  0.1607E-84  0.1189E-84
 -19.260  0.1607E-84  0.1205E-84
 -19.250  0.1607E-84  0.1221E-84
 -19.240  0.1607E-84  0.1237E-84
 -19.230  0.1607E-84  0.1253E-84
 -19.220  0.1607E-84  0.1269E-84
 -19.210  0.1607E-84  0.1285E-84
 -19.200  0.1607E-84  0.1302E-84
 -19.190  0.1607E-84  0.1318E-84
 -19.180  0.1607E-84  0.1334E-84
 -19.170  0.1607E-84  0.1350E-84
 -19.160  0.1607E-84  0.1366E-84
 -19.150  0.1607E-84  0.1382E-84
 -19.140  0.1607E-84  0.1398E-84
 -19.130  0.1607E-84  0.1414E-84
 -19.120  0.1607E-84  0.1430E-84
 -19.110  0.1607E-84  0.1446E-84
 -19.100  0.1607E-84  0.1462E-84
 -19.090  0.1607E-84  0.1478E-84
 -19.080  0.1607E-84  0.1494E-84
 -19.070  0.1607E-84  0.1510E-84
 -19.060  0.1607E-84  0.1526E-84
 -19.050  0.1607E-84  0.1543E-84
 -19.040  0.1607E-84  0.1559E-84
 -19.030  0.1607E-84  0.1575E-84
 -19.020  0.1607E-84  0.1591E-84
 -19.010  0.1607E-84  0.1607E-84
 -19.000  0.1607E-84  0.1623E-84
 -18.990  0.1607E-84  0.1639E-84
 -18.980  0.1607E-84  0.1655E-84
 -18.970  0.1607E-84  0.1671E-84
 -18.960  0.1607E-84  0.1687E-84
 -18.950  0.1607E-84  0.1703E-84
 -18.940  0.1607E-84  0.1719E-84
 -18.930  0.1607E-84  0.1735E-84
 -18.920  0.1607E-84  0.1751E-84
 -18.910  0.1607E-84  0.1767E-84
 -18.900  0.1607E-84  0.1784E-84
 -18.890  0.1607E-84  0.1800E-84
 -18.880  0.1607E-84  0.1816E-84
 -18.870  0.1607E-84  0.1832E-84
 -18.860  0.1607E-84  0.1848E-84
 -18.850  0.1607E-84  0.1864E-84
 -18.840  0.1607E-84  0.1880E-84
 -18.830  0.1607E-84  0.1896E-84
 -18.820  0.1607E-84  0.1912E-84
 -18.810  0.1607E-84  0.1928E-84
 -18.800  0.1607E-84  0.1944E-84
 -18.790  0.1607E-84  0.1960E-84
 -18.780  0.1607E-84  0.1976E-84
 -18.770  0.1607E-84  0.1992E-84
 -18.760  0.1607E-84  0.2009E-84
 -18.750  0.1607E-84  0.2025E-84
 -18.740  0.1607E-84  0.2041E-84
 -18.730  0.1607E-84  0.2057E-84
 -18.720  0.1607E-84  0.2073E-84
 -18.710  0.1607E-84  0.2089E-84
 -18.700  0.1607E-84  0.2105E-84
 -18.690  0.1607E-84  0.2121E-84
 -18.680  0.1607E-84  0.2137E-84
 -18.670  0.1607E-84  0.2153E-84
 -18.660  0.1607E-84  0.2169E-84
 -18.650  0.1607E-84  0.2185E-84
 -18.640  0.1607E-84  0.2201E-84
 -18.630  0.1607E-84  0.2217E-84
 -18.620  0.1607E-84  0.2233E-84
 -18.610  0.1607E-84  0.2250E-84
 -18.600  0.1607E-84  0.2266E-84
 -18.590  0.1607E-84  0.2282E-84
 -18.580  0.1607E-84  0.2298E-84
 -18.570  0.1607E-84  0.2314E-84
 -18.560  0.1607E-84  0.2330E-84
 -18.550  0.1607E-84  0.2346E-84
 -18.540  0.1607E-84  0.2362E-84
 -18.530  0.1607E-84  0.2378E-84
 -18.520  0.1607E-84  0.2394E-84
 -18.510  0.1607E-84  0.2410E-84
 -18.500  0.1607E-84  0.2426E-84
 -18.490  0.1607E-84  0.2442E-84
 -18.480  0.1607E-84  0.2458E-84
 -18.470  0.1607E-84  0.2474E-84
 -18.460  0.1607E-84  0.2491E-84
 -18.450  0.1607E-84  0.2507E-84
 -18.440  0.1607E-84  0.2523E-84
 -18.430  0.1607E-84  0.2539E-84
 -18.420  0.1607E-84  0.2555E-84
 -18.410  0.1607E-84  0.2571E-84
 -18.400  0.1607E-84  0.2587E-84
 -18.390  0.1607E-84  0.2603E-84
 -18.380  0.1607E-84  0.2619E-84
 -18.370  0.1607E-84  0.2635E-84
 -18.360  0.1607E-84  0.2651E-84
 -18.350  0.1607E-84  0.2667E-84
 -18.340  0.1607E-84  0.2683E-84
 -18.330  0.1607E-84  0.2699E-84
 -18.320  0.1607E-84  0.2716E-84
 -18.310  0.1607E-84  0.2732E-84
 -18.300  0.1607E-84  0.2748E-84
 -18.290  0.1607E-84  0.2764E-84
 -18.280  0.1607E-84  0.2780E-84
 -18.270  0.1607E-84  0.2796E-84
 -18.260  0.1607E-84  0.2812E-84
 -18.250  0.1607E-84  0.2828E-84
 -18.240  0.1607E-84  0.2844E-84
 -18.230  0.1607E-84  0.2860E-84
 -18.220  0.1607E-84  0.2876E-84
 -18.210  0.1607E-84  0.2892E-84
 -18.200  0.1607E-84  0.2908E-84
 -18.190  0.1607E-84  0.2924E-84
 -18.180  0.1607E-84  0.2940E-84
 -18.170  0.1607E-84  0.2957E-84
 -18.160  0.1607E-84  0.2973E-84
 -18.150  0.1607E-84  0.2989E-84
 -18.140  0.1607E-84  0.3005E-84
 -18.130  0.1607E-84  0.3021E-84
 -18.120  0.1607E-84  0.3037E-84
 -18.110  0.1607E-84  0.3053E-84
 -18.100  0.1607E-84  0.3069E-84
 -18.090  0.1607E-84  0.3085E-84
 -18.080  0.1607E-84  0.3101E-84
 -18.070  0.1607E-84  0.3117E-84
 -18.060  0.1607E-84  0.3133E-84
 -18.050  0.1607E-84  0.3149E-84
 -18.040  0.1607E-84  0.3165E-84
 -18.030  0.1607E-84  0.3181E-84
 -18.020  0.1607E-84  0.3198E-84
 -18.010  0.1607E-84  0.3214E-84
 -18.000  0.1607E-84  0.3230E-84
 -17.990  0.1607E-84  0.3246E-84
 -17.980  0.1607E-84  0.3262E-84
 -17.970  0.1607E-84  0.3278E-84
 -17.960  0.1607E-84  0.3294E-84
 -17.950  0.1607E-84  0.3310E-84
 -17.940  0.1607E-84  0.3326E-84
 -17.930  0.1607E-84  0.3342E-84
 -17.920  0.1607E-84  0.3358E-84
 -17.910  0.1607E-84  0.3374E-84
 -17.900  0.1607E-84  0.3390E-84
 -17.890  0.1607E-84  0.3406E-84
 -17.880  0.1607E-84  0.3423E-84
 -17.870  0.1607E-84  0.3439E-84
 -17.860  0.1607E-84  0.3455E-84
 -17.850  0.1607E-84  0.3471E-84
 -17.840  0.1607E-84  0.3487E-84
 -17.830  0.1607E-84  0.3503E-84
 -17.820  0.1607E-84  0.3519E-84
 -17.810  0.1607E-84  0.3535E-84
 -17.800  0.1607E-84  0.3551E-84
 -17.790  0.1607E-84  0.3567E-84
 -17.780  0.1607E-84  0.3583E-84
 -17.770  0.1607E-84  0.3599E-84
 -17.760  0.1607E-84  0.3615E-84
 -17.750  0.1607E-84  0.3631E-84
 -17.740  0.1607E-84  0.3647E-84
 -17.730  0.1607E-84  0.3664E-84
 -17.720  0.1607E-84  0.3680E-84
 -17.710  0.1607E-84  0.3696E-84
 -17.700  0.1607E-84  0.3712E-84
 -17.690  0.1607E-84  0.3728E-84
 -17.680  0.1607E-84  0.3744E-84
 -17.670  0.1607E-84  0.3760E-84
 -17.660  0.1607E-84  0.3776E-84
 -17.650  0.1607E-84  0.3792E-84
 -17.640  0.1607E-84  0.3808E-84
 -17.630  0.1607E-84  0.3824E-84
 -17.620  0.1607E-84  0.3840E-84
 -17.610  0.1607E-84  0.3856E-84
 -17.600  0.1607E-84  0.3872E-84
 -17.590  0.1607E-84  0.3888E-84
 -17.580  0.1607E-84  0.3905E-84
 -17.570  0.1607E-84  0.3921E-84
 -17.560  0.1607E-84  0.3937E-84
 -17.550  0.1607E-84  0.3953E-84
 -17.540  0.1607E-84  0.3969E-84
 -17.530  0.1607E-84  0.3985E-84
 -17.520  0.1607E-84  0.4001E-84
 -17.510  0.1607E-84  0.4017E-84
 -17.500  0.1607E-84  0.4033E-84
 -17.490  0.1607E-84  0.4049E-84
 -17.480  0.1607E-84  0.4065E-84
 -17.470  0.1607E-84  0.4081E-84
 -17.460  0.1607E-84  0.4097E-84
 -17.450  0.1607E-84  0.4113E-84
 -17.440  0.1607E-84  0.4130E-84
 -17.430  0.1607E-84  0.4146E-84
 -17.420  0.1607E-84  0.4162E-84
 -17.410  0.1607E-84  0.4178E-84
 -17.400  0.1607E-84  0.4194E-84
 -17.390  0.1607E-84  0.4210E-84
 -17.380  0.1607E-84  0.4226E-84
 -17.370  0.1607E-84  0.4242E-84
 -17.360  0.1607E-84  0.4258E-84
 -17.350  0.1607E-84  0.4274E-84
 -17.340  0.1607E-84  0.4290E-84
 -17.330  0.1607E-84  0.4306E-84
 -17.320  0.1607E-84  0.4322E-84
 -17.310  0.1607E-84  0.4338E-84
 -17.300  0.1607E-84  0.4354E-84
 -17.290  0.1607E-84  0.4371E-84
 -17.280  0.1607E-84  0.4387E-84
 -17.270  0.1607E-84  0.4403E-84
 -17.260  0.1607E-84  0.4419E-84
 -17.250  0.1607E-84  0.4435E-84
 -17.240  0.1607E-84  0.4451E-84
 -17.230  0.1607E-84  0.4467E-84
 -17.220  0.1607E-84  0.4483E-84
 -17.210  0.1607E-84  0.4499E-84
 -17.200  0.1607E-84  0.4515E-84
 -17.190  0.1607E-84  0.4531E-84
 -17.180  0.1607E-84  0.4547E-84
 -17.170  0.1607E-84  0.4563E-84
 -17.160  0.1607E-84  0.4579E-84
 -17.150  0.1607E-84  0.4595E-84
 -17.140  0.1607E-84  0.4612E-84
 -17.130  0.1607E-84  0.4628E-84
 -17.120  0.1607E-84  0.4644E-84
 -17.110  0.1607E-84  0.4660E-84
 -17.100  0.1607E-84  0.4676E-84
 -17.090  0.1607E-84  0.4692E-84
 -17.080  0.1607E-84  0.4708E-84
 -17.070  0.1607E-84  0.4724E-84
 -17.060  0.1607E-84  0.4740E-84
 -17.050  0.1607E-84  0.4756E-84
 -17.040  0.1607E-84  0.4772E-84
 -17.030  0.1607E-84  0.4788E-84
 -17.020  0.1607E-84  0.4804E-84
 -17.010  0.1607E-84  0.4820E-84
 -17.000  0.1607E-84  0.4837E-84
 -16.990  0.1607E-84  0.4853E-84
 -16.980  0.1607E-84  0.4869E-84
 -16.970  0.1607E-84  0.4885E-84
 -16.960  0.1607E-84  0.4901E-84
 -16.950  0.1607E-84  0.4917E-84
 -16.940  0.1607E-84  0.4933E-84
 -16.930  0.1607E-84  0.4949E-84
 -16.920  0.1607E-84  0.4965E-84
 -16.910  0.1607E-84  0.4981E-84
 -16.900  0.1607E-84  0.4997E-84
 -16.890  0.1607E-84  0.5013E-84
 -16.880  0.1607E-84  0.5029E-84
 -16.870  0.1607E-84  0.5045E-84
 -16.860  0.1607E-84  0.5061E-84
 -16.850  0.1607E-84  0.5078E-84
 -16.840  0.1607E-84  0.5094E-84
 -16.830  0.1607E-84  0.5110E-84
 -16.820  0.1607E-84  0.5126E-84
 -16.810  0.1607E-84  0.5142E-84
 -16.800  0.1607E-84  0.5158E-84
 -16.790  0.1607E-84  0.5174E-84
 -16.780  0.1607E-84  0.5190E-84
 -16.770  0.1607E-84  0.5206E-84
 -16.760  0.1607E-84  0.5222E-84
 -16.750  0.1607E-84  0.5238E-84
 -16.740  0.1607E-84  0.5254E-84
 -16.730  0.1607E-84  0.5270E-84
 -16.720  0.1607E-84  0.5286E-84
 -16.710  0.1607E-84  0.5302E-84
 -16.700  0.1607E-84  0.5319E-84
 -16.690  0.1607E-84  0.5335E-84
 -16.680  0.1607E-84  0.5351E-84
 -16.670  0.1607E-84  0.5367E-84
 -16.660  0.1607E-84  0.5383E-84
 -16.650  0.1607E-84  0.5399E-84
 -16.640  0.1607E-84  0.5415E-84
 -16.630  0.1607E-84  0.5431E-84
 -16.620  0.1607E-84  0.5447E-84
 -16.610  0.1607E-84  0.5463E-84
 -16.600  0.1607E-84  0.5479E-84
 -16.590  0.1607E-84  0.5495E-84
 -16.580  0.1607E-84  0.5511E-84
 -16.570  0.1607E-84  0.5527E-84
 -16.560  0.1607E-84  0.5544E-84
 -16.550  0.1607E-84  0.5560E-84
 -16.540  0.1607E-84  0.5576E-84
 -16.530  0.1607E-84  0.5592E-84
 -16.520  0.1607E-84  0.5608E-84
 -16.510  0.1607E-84  0.5624E-84
 -16.500  0.1607E-84  0.5640E-84
 -16.490  0.1607E-84  0.5656E-84
 -16.480  0.1607E-84  0.5672E-84
 -16.470  0.1607E-84  0.5688E-84
 -16.460  0.1607E-84  0.5704E-84
 -16.450  0.1607E-84  0.5720E-84
 -16.440  0.1607E-84  0.5736E-84
 -16.430  0.1607E-84  0.5752E-84
 -16.420  0.1607E-84  0.5768E-84
 -16.410  0.1607E-84  0.5785E-84
 -16.400  0.1607E-84  0.5801E-84
 -16.390  0.1607E-84  0.5817E-84
 -16.380  0.1607E-84  0.5833E-84
 -16.370  0.1607E-84  0.5849E-84
 -16.360  0.1607E-84  0.5865E-84
 -16.350  0.1607E-84  0.5881E-84
 -16.340  0.1607E-84  0.5897E-84
 -16.330  0.1607E-84  0.5913E-84
 -16.320  0.1607E-84  0.5929E-84
 -16.310  0.1607E-84  0.5945E-84
 -16.300  0.1607E-84  0.5961E-84
 -16.290  0.1607E-84  0.5977E-84
 -16.280  0.1607E-84  0.5993E-84
 -16.270  0.1607E-84  0.6009E-84
 -16.260  0.1607E-84  0.6026E-84
 -16.250  0.1607E-84  0.6042E-84
 -16.240  0.1607E-84  0.6058E-84
 -16.230  0.1607E-84  0.6074E-84
 -16.220  0.1607E-84  0.6090E-84
 -16.210  0.1607E-84  0.6106E-84
 -16.200  0.1607E-84  0.6122E-84
 -16.190  0.1607E-84  0.6138E-84
 -16.180  0.1607E-84  0.6154E-84
 -16.170  0.1607E-84  0.6170E-84
 -16.160  0.1607E-84  0.6186E-84
 -16.150  0.1607E-84  0.6202E-84
 -16.140  0.1607E-84  0.6218E-84
 -16.130  0.1607E-84  0.6234E-84
 -16.120  0.1607E-84  0.6251E-84
 -16.110  0.1607E-84  0.6267E-84
 -16.100  0.1607E-84  0.6283E-84
 -16.090  0.1607E-84  0.6299E-84
 -16.080  0.1607E-84  0.6315E-84
 -16.070  0.1607E-84  0.6331E-84
 -16.060  0.1607E-84  0.6347E-84
 -16.050  0.1607E-84  0.6363E-84
 -16.040  0.1607E-84  0.6379E-84
 -16.030  0.1607E-84  0.6395E-84
 -16.020  0.1607E-84  0.6411E-84
 -16.010  0.1607E-84  0.6427E-84
 -16.000  0.1607E-84  0.6443E-84
 -15.990  0.1607E-84  0.6459E-84
 -15.980  0.1607E-84  0.6475E-84
 -15.970  0.1607E-84  0.6492E-84
 -15.960  0.1607E-84  0.6508E-84
 -15.950  0.1607E-84  0.6524E-84
 -15.940  0.1607E-84  0.6540E-84
 -15.930  0.1607E-84  0.6556E-84
 -15.920  0.1607E-84  0.6572E-84
 -15.910  0.1607E-84  0.6588E-84
 -15.900  0.1607E-84  0.6604E-84
 -15.890  0.1607E-84  0.6620E-84
 -15.880  0.1607E-84  0.6636E-84
 -15.870  0.1607E-84  0.6652E-84
 -15.860  0.1607E-84  0.6668E-84
 -15.850  0.1607E-84  0.6684E-84
 -15.840  0.1607E-84  0.6700E-84
 -15.830  0.1607E-84  0.6716E-84
 -15.820  0.1607E-84  0.6733E-84
 -15.810  0.1607E-84  0.6749E-84
 -15.800  0.1607E-84  0.6765E-84
 -15.790  0.1607E-84  0.6781E-84
 -15.780  0.1607E-84  0.6797E-84
 -15.770  0.1607E-84  0.6813E-84
 -15.760  0.1607E-84  0.6829E-84
 -15.750  0.1607E-84  0.6845E-84
 -15.740  0.1607E-84  0.6861E-84
 -15.730  0.1607E-84  0.6877E-84
 -15.720  0.1607E-84  0.6893E-84
 -15.710  0.1607E-84  0.6909E-84
 -15.700  0.1607E-84  0.6925E-84
 -15.690  0.1607E-84  0.6941E-84
 -15.680  0.1607E-84  0.6958E-84
 -15.670  0.1607E-84  0.6974E-84
 -15.660  0.1607E-84  0.6990E-84
 -15.650  0.1607E-84  0.7006E-84
 -15.640  0.1607E-84  0.7022E-84
 -15.630  0.1607E-84  0.7038E-84
 -15.620  0.1607E-84  0.7054E-84
 -15.610  0.1607E-84  0.7070E-84
 -15.600  0.1607E-84  0.7086E-84
 -15.590  0.1607E-84  0.7102E-84
 -15.580  0.1607E-84  0.7118E-84
 -15.570  0.1607E-84  0.7134E-84
 -15.560  0.1607E-84  0.7150E-84
 -15.550  0.1607E-84  0.7166E-84
 -15.540  0.1607E-84  0.7182E-84
 -15.530  0.1607E-84  0.7199E-84
 -15.520  0.1607E-84  0.7215E-84
 -15.510  0.1607E-84  0.7231E-84
 -15.500  0.1607E-84  0.7247E-84
 -15.490  0.1607E-84  0.7263E-84
 -15.480  0.1607E-84  0.7279E-84
 -15.470  0.1607E-84  0.7295E-84
 -15.460  0.1607E-84  0.7311E-84
 -15.450  0.1607E-84  0.7327E-84
 -15.440  0.1607E-84  0.7343E-84
 -15.430  0.1607E-84  0.7359E-84
 -15.420  0.1607E-84  0.7375E-84
 -15.410  0.1607E-84  0.7391E-84
 -15.400  0.1607E-84  0.7407E-84
 -15.390  0.1607E-84  0.7423E-84
 -15.380  0.1607E-84  0.7440E-84
 -15.370  0.1607E-84  0.7456E-84
 -15.360  0.1607E-84  0.7472E-84
 -15.350  0.1607E-84  0.7488E-84
 -15.340  0.1607E-84  0.7504E-84
 -15.330  0.1607E-84  0.7520E-84
 -15.320  0.1607E-84  0.7536E-84
 -15.310  0.1607E-84  0.7552E-84
 -15.300  0.1607E-84  0.7568E-84
 -15.290  0.1607E-84  0.7584E-84
 -15.280  0.1607E-84  0.7600E-84
 -15.270  0.1607E-84  0.7616E-84
 -15.260  0.1607E-84  0.7632E-84
 -15.250  0.1607E-84  0.7648E-84
 -15.240  0.1607E-84  0.7665E-84
 -15.230  0.1607E-84  0.7681E-84
 -15.220  0.1607E-84  0.7697E-84
 -15.210  0.1607E-84  0.7713E-84
 -15.200  0.1607E-84  0.7729E-84
 -15.190  0.1607E-84  0.7745E-84
 -15.180  0.1607E-84  0.7761E-84
 -15.170  0.1607E-84  0.7777E-84
 -15.160  0.1607E-84  0.7793E-84
 -15.150  0.1607E-84  0.7809E-84
 -15.140  0.1607E-84  0.7825E-84
 -15.130  0.1607E-84  0.7841E-84
 -15.120  0.1607E-84  0.7857E-84
 -15.110  0.1607E-84  0.7873E-84
 -15.100  0.1607E-84  0.7889E-84
 -15.090  0.1607E-84  0.7906E-84
 -15.080  0.1607E-84  0.7922E-84
 -15.070  0.1607E-84  0.7938E-84
 -15.060  0.1607E-84  0.7954E-84
 -15.050  0.1607E-84  0.7970E-84
 -15.040  0.1607E-84  0.7986E-84
 -15.030  0.1607E-84  0.8002E-84
 -15.020  0.1607E-84  0.8018E-84
 -15.010  0.1607E-84  0.8034E-84
 -15.000  0.1607E-84  0.8050E-84
 -14.990  0.1607E-84  0.8066E-84
 -14.980  0.1607E-84  0.8082E-84
 -14.970  0.1607E-84  0.8098E-84
 -14.960  0.1607E-84  0.8114E-84
 -14.950  0.1607E-84  0.8130E-84
 -14.940  0.1607E-84  0.8147E-84
 -14.930  0.1607E-84  0.8163E-84
 -14.920  0.1607E-84  0.8179E-84
 -14.910  0.1607E-84  0.8195E-84
 -14.900  0.1607E-84  0.8211E-84
 -14.890  0.1607E-84  0.8227E-84
 -14.880  0.1607E-84  0.8243E-84
 -14.870  0.1607E-84  0.8259E-84
 -14.860  0.1607E-84  0.8275E-84
 -14.850  0.1607E-84  0.8291E-84
 -14.840  0.1607E-84  0.8307E-84
 -14.830  0.1607E-84  0.8323E-84
 -14.820  0.1607E-84  0.8339E-84
 -14.810  0.1607E-84  0.8355E-84
 -14.800  0.1607E-84  0.8372E-84
 -14.790  0.1607E-84  0.8388E-84
 -14.780  0.1607E-84  0.8404E-84
 -14.770  0.1607E-84  0.8420E-84
 -14.760  0.1607E-84  0.8436E-84
 -14.750  0.1607E-84  0.8452E-84
 -14.740  0.1607E-84  0.8468E-84
 -14.730  0.1607E-84  0.8484E-84
 -14.720  0.1607E-84  0.8500E-84
 -14.710  0.1607E-84  0.8516E-84
 -14.700  0.1607E-84  0.8532E-84
 -14.690  0.1607E-84  0.8548E-84
 -14.680  0.1607E-84  0.8564E-84
 -14.670  0.1607E-84  0.8580E-84
 -14.660  0.1607E-84  0.8596E-84
 -14.650  0.1607E-84  0.8613E-84
 -14.640  0.1607E-84  0.8629E-84
 -14.630  0.1607E-84  0.8645E-84
 -14.620  0.1607E-84  0.8661E-84
 -14.610  0.1607E-84  0.8677E-84
 -14.600  0.1607E-84  0.8693E-84
 -14.590  0.1607E-84  0.8709E-84
 -14.580  0.1607E-84  0.8725E-84
 -14.570  0.1607E-84  0.8741E-84
 -14.560  0.1607E-84  0.8757E-84
 -14.550  0.1607E-84  0.8773E-84
 -14.540  0.1607E-84  0.8789E-84
 -14.530  0.1607E-84  0.8805E-84
 -14.520  0.1607E-84  0.8821E-84
 -14.510  0.1607E-84  0.8837E-84
 -14.500  0.1607E-84  0.8854E-84
 -14.490  0.1607E-84  0.8870E-84
 -14.480  0.1607E-84  0.8886E-84
 -14.470  0.1607E-84  0.8902E-84
 -14.460  0.1607E-84  0.8918E-84
 -14.450  0.1607E-84  0.8934E-84
 -14.440  0.1607E-84  0.8950E-84
 -14.430  0.1607E-84  0.8966E-84
 -14.420  0.1607E-84  0.8982E-84
 -14.410  0.1607E-84  0.8998E-84
 -14.400  0.1607E-84  0.9014E-84
 -14.390  0.1607E-84  0.9030E-84
 -14.380  0.1607E-84  0.9046E-84
 -14.370  0.1607E-84  0.9062E-84
 -14.360  0.1609E-84  0.9079E-84
 -14.350  0.1623E-84  0.9095E-84
 -14.340  0.1729E-84  0.9112E-84
 -14.330  0.2542E-84  0.9137E-84
 -14.320  0.8653E-84  0.9224E-84
 -14.310  0.5413E-83  0.9765E-84
 -14.300  0.3888E-82  0.1365E-83
 -14.290  0.2826E-81  0.4191E-83
 -14.280  0.2038E-80  0.2457E-82
 -14.270  0.1455E-79  0.1700E-81
 -14.260  0.1027E-78  0.1197E-80
 -14.250  0.7176E-78  0.8374E-80
 -14.240  0.4960E-77  0.5797E-79
 -14.230  0.3391E-76  0.3971E-78
 -14.220  0.2293E-75  0.2690E-77
 -14.210  0.1535E-74  0.1804E-76
 -14.200  0.1016E-73  0.1196E-75
 -14.190  0.6652E-73  0.7848E-75
 -14.180  0.4309E-72  0.5094E-74
 -14.170  0.2762E-71  0.3271E-73
 -14.160  0.1751E-70  0.2078E-72
 -14.150  0.1098E-69  0.1306E-71
 -14.140  0.6814E-69  0.8120E-71
 -14.130  0.4183E-68  0.4995E-70
 -14.120  0.2540E-67  0.3040E-69
 -14.110  0.1526E-66  0.1830E-68
 -14.100  0.9069E-66  0.1090E-67
 -14.090  0.5332E-65  0.6422E-67
 -14.080  0.3102E-64  0.3744E-66
 -14.070  0.1785E-63  0.2159E-65
 -14.060  0.1016E-62  0.1232E-64
 -14.050  0.5722E-62  0.6954E-64
 -14.040  0.3188E-61  0.3884E-63
 -14.030  0.1757E-60  0.2146E-62
 -14.020  0.9582E-60  0.1173E-61
 -14.010  0.5169E-59  0.6342E-61
 -14.000  0.2759E-58  0.3393E-60
 -13.990  0.1457E-57  0.1796E-59
 -13.980  0.7608E-57  0.9404E-59
 -13.970  0.3931E-56  0.4872E-58
 -13.960  0.2010E-55  0.2497E-57
 -13.950  0.1016E-54  0.1266E-56
 -13.940  0.5086E-54  0.6352E-56
 -13.930  0.2517E-53  0.3153E-55
 -13.920  0.1233E-52  0.1548E-54
 -13.910  0.5973E-52  0.7521E-54
 -13.900  0.2863E-51  0.3615E-53
 -13.890  0.1357E-50  0.1719E-52
 -13.880  0.6368E-50  0.8087E-52
 -13.870  0.2955E-49  0.3764E-51
 -13.860  0.1357E-48  0.1733E-50
 -13.850  0.6164E-48  0.7898E-50
 -13.840  0.2770E-47  0.3560E-49
 -13.830  0.1232E-46  0.1588E-48
 -13.820  0.5418E-46  0.7006E-48
 -13.810  0.2358E-45  0.3058E-47
 -13.800  0.1015E-44  0.1321E-46
 -13.790  0.4324E-44  0.5645E-46
 -13.780  0.1822E-43  0.2387E-45
 -13.770  0.7597E-43  0.9983E-45
 -13.760  0.3134E-42  0.4132E-44
 -13.750  0.1279E-41  0.1692E-43
 -13.740  0.5163E-41  0.6855E-43
 -13.730  0.2062E-40  0.2748E-42
 -13.720  0.8150E-40  0.1090E-41
 -13.710  0.3187E-39  0.4277E-41
 -13.700  0.1233E-38  0.1660E-40
 -13.690  0.4718E-38  0.6378E-40
 -13.680  0.1786E-37  0.2424E-39
 -13.670  0.6693E-37  0.9117E-39
 -13.660  0.2481E-36  0.3392E-38
 -13.650  0.9097E-36  0.1249E-37
 -13.640  0.3301E-35  0.4550E-37
 -13.630  0.1185E-34  0.1640E-36
 -13.620  0.4208E-34  0.5848E-36
 -13.610  0.1479E-33  0.2064E-35
 -13.600  0.5142E-33  0.7205E-35
 -13.590  0.1769E-32  0.2489E-34
 -13.580  0.6020E-32  0.8509E-34
 -13.570  0.2027E-31  0.2878E-33
 -13.560  0.6754E-31  0.9632E-33
 -13.550  0.2227E-30  0.3190E-32
 -13.540  0.7262E-30  0.1045E-31
 -13.530  0.2344E-29  0.3389E-31
 -13.520  0.7484E-29  0.1087E-30
 -13.510  0.2364E-28  0.3452E-30
 -13.500  0.7391E-28  0.1084E-29
 -13.490  0.2286E-27  0.3370E-29
 -13.480  0.6997E-27  0.1037E-28
 -13.470  0.2119E-26  0.3155E-28
 -13.460  0.6348E-26  0.9503E-28
 -13.450  0.1882E-25  0.2832E-27
 -13.440  0.5521E-25  0.8353E-27
 -13.430  0.1602E-24  0.2438E-26
 -13.420  0.4602E-24  0.7040E-26
 -13.410  0.1308E-23  0.2012E-25
 -13.400  0.3678E-23  0.5690E-25
 -13.390  0.1023E-22  0.1592E-24
 -13.380  0.2818E-22  0.4410E-24
 -13.370  0.7676E-22  0.1209E-23
 -13.360  0.2069E-21  0.3278E-23
 -13.350  0.5520E-21  0.8798E-23
 -13.340  0.1457E-20  0.2337E-22
 -13.330  0.3806E-20  0.6142E-22
 -13.320  0.9836E-20  0.1598E-21
 -13.310  0.2516E-19  0.4114E-21
 -13.300  0.6367E-19  0.1048E-20
 -13.290  0.1595E-18  0.2643E-20
 -13.280  0.3952E-18  0.6594E-20
 -13.270  0.9691E-18  0.1629E-19
 -13.260  0.2352E-17  0.3980E-19
 -13.250  0.5648E-17  0.9628E-19
 -13.240  0.1342E-16  0.2305E-18
 -13.230  0.3157E-16  0.5462E-18
 -13.220  0.7347E-16  0.1281E-17
 -13.210  0.1692E-15  0.2973E-17
 -13.200  0.3857E-15  0.6829E-17
 -13.190  0.8698E-15  0.1553E-16
 -13.180  0.1942E-14  0.3494E-16
 -13.170  0.4289E-14  0.7783E-16
 -13.160  0.9376E-14  0.1716E-15
 -13.150  0.2028E-13  0.3744E-15
 -13.140  0.4343E-13  0.8088E-15
 -13.130  0.9203E-13  0.1729E-14
 -13.120  0.1930E-12  0.3659E-14
 -13.110  0.4005E-12  0.7664E-14
 -13.100  0.8227E-12  0.1589E-13
 -13.090  0.1672E-11  0.3261E-13
 -13.080  0.3364E-11  0.6626E-13
 -13.070  0.6699E-11  0.1332E-12
 -13.060  0.1320E-10  0.2653E-12
 -13.050  0.2575E-10  0.5228E-12
 -13.040  0.4970E-10  0.1020E-11
 -13.030  0.9497E-10  0.1969E-11
 -13.020  0.1796E-09  0.3765E-11
 -13.010  0.3361E-09  0.7126E-11
 -13.000  0.6226E-09  0.1335E-10
 -12.990  0.1142E-08  0.2477E-10
 -12.980  0.2072E-08  0.4549E-10
 -12.970  0.3722E-08  0.8271E-10
 -12.960  0.6618E-08  0.1489E-09
 -12.950  0.1165E-07  0.2654E-09
 -12.940  0.2029E-07  0.4683E-09
 -12.930  0.3499E-07  0.8181E-09
 -12.920  0.5972E-07  0.1415E-08
 -12.910  0.1009E-06  0.2424E-08
 -12.900  0.1688E-06  0.4112E-08
 -12.890  0.2794E-06  0.6907E-08
 -12.880  0.4580E-06  0.1149E-07
 -12.870  0.7431E-06  0.1892E-07
 -12.860  0.1194E-05  0.3085E-07
 -12.850  0.1898E-05  0.4984E-07
 -12.840  0.2988E-05  0.7972E-07
 -12.830  0.4657E-05  0.1263E-06
 -12.820  0.7186E-05  0.1982E-06
 -12.810  0.1098E-04  0.3079E-06
 -12.800  0.1661E-04  0.4740E-06
 -12.790  0.2487E-04  0.7227E-06
 -12.780  0.3688E-04  0.1092E-05
 -12.770  0.5416E-04  0.1633E-05
 -12.760  0.7875E-04  0.2421E-05
 -12.750  0.1134E-03  0.3555E-05
 -12.740  0.1617E-03  0.5171E-05
 -12.730  0.2283E-03  0.7455E-05
 -12.720  0.3193E-03  0.1065E-04
 -12.710  0.4423E-03  0.1507E-04
 -12.700  0.6069E-03  0.2114E-04
 -12.690  0.8248E-03  0.2939E-04
 -12.680  0.1110E-02  0.4049E-04
 -12.670  0.1481E-02  0.5530E-04
 -12.660  0.1957E-02  0.7486E-04
 -12.650  0.2561E-02  0.1005E-03
 -12.640  0.3323E-02  0.1337E-03
 -12.630  0.4271E-02  0.1764E-03
 -12.620  0.5441E-02  0.2308E-03
 -12.610  0.6870E-02  0.2995E-03
 -12.600  0.8598E-02  0.3855E-03
 -12.590  0.1067E-01  0.4922E-03
 -12.580  0.1312E-01  0.6234E-03
 -12.570  0.1600E-01  0.7834E-03
 -12.560  0.1936E-01  0.9770E-03
 -12.550  0.2322E-01  0.1209E-02
 -12.540  0.2763E-01  0.1486E-02
 -12.530  0.3262E-01  0.1812E-02
 -12.520  0.3822E-01  0.2194E-02
 -12.510  0.4443E-01  0.2638E-02
 -12.500  0.5127E-01  0.3151E-02
 -12.490  0.5874E-01  0.3738E-02
 -12.480  0.6682E-01  0.4407E-02
 -12.470  0.7550E-01  0.5162E-02
 -12.460  0.8474E-01  0.6009E-02
 -12.450  0.9450E-01  0.6954E-02
 -12.440  0.1047E+00  0.8001E-02
 -12.430  0.1154E+00  0.9155E-02
 -12.420  0.1264E+00  0.1042E-01
 -12.410  0.1377E+00  0.1180E-01
 -12.400  0.1492E+00  0.1329E-01
 -12.390  0.1609E+00  0.1490E-01
 -12.380  0.1727E+00  0.1662E-01
 -12.370  0.1845E+00  0.1847E-01
 -12.360  0.1963E+00  0.2043E-01
 -12.350  0.2080E+00  0.2251E-01
 -12.340  0.2196E+00  0.2471E-01
 -12.330  0.2310E+00  0.2702E-01
 -12.320  0.2423E+00  0.2944E-01
 -12.310  0.2533E+00  0.3197E-01
 -12.300  0.2641E+00  0.3461E-01
 -12.290  0.2747E+00  0.3736E-01
 -12.280  0.2850E+00  0.4021E-01
 -12.270  0.2952E+00  0.4316E-01
 -12.260  0.3051E+00  0.4621E-01
 -12.250  0.3148E+00  0.4936E-01
 -12.240  0.3244E+00  0.5261E-01
 -12.230  0.3338E+00  0.5594E-01
 -12.220  0.3430E+00  0.5937E-01
 -12.210  0.3521E+00  0.6290E-01
 -12.200  0.3612E+00  0.6651E-01
 -12.190  0.3701E+00  0.7021E-01
 -12.180  0.3789E+00  0.7400E-01
 -12.170  0.3876E+00  0.7787E-01
 -12.160  0.3961E+00  0.8183E-01
 -12.150  0.4046E+00  0.8588E-01
 -12.140  0.4129E+00  0.9001E-01
 -12.130  0.4211E+00  0.9422E-01
 -12.120  0.4291E+00  0.9851E-01
 -12.110  0.4369E+00  0.1029E+00
 -12.100  0.4446E+00  0.1073E+00
 -12.090  0.4522E+00  0.1118E+00
 -12.080  0.4597E+00  0.1164E+00
 -12.070  0.4671E+00  0.1211E+00
 -12.060  0.4745E+00  0.1259E+00
 -12.050  0.4819E+00  0.1307E+00
 -12.040  0.4893E+00  0.1356E+00
 -12.030  0.4968E+00  0.1405E+00
 -12.020  0.5045E+00  0.1456E+00
 -12.010  0.5123E+00  0.1507E+00
 -12.000  0.5202E+00  0.1559E+00
 -11.990  0.5283E+00  0.1612E+00
 -11.980  0.5366E+00  0.1666E+00
 -11.970  0.5449E+00  0.1720E+00
 -11.960  0.5534E+00  0.1775E+00
 -11.950  0.5618E+00  0.1832E+00
 -11.940  0.5703E+00  0.1889E+00
 -11.930  0.5786E+00  0.1946E+00
 -11.920  0.5869E+00  0.2005E+00
 -11.910  0.5949E+00  0.2065E+00
 -11.900  0.6028E+00  0.2125E+00
 -11.890  0.6105E+00  0.2186E+00
 -11.880  0.6179E+00  0.2248E+00
 -11.870  0.6251E+00  0.2310E+00
 -11.860  0.6322E+00  0.2374E+00
 -11.850  0.6391E+00  0.2437E+00
 -11.840  0.6460E+00  0.2502E+00
 -11.830  0.6529E+00  0.2567E+00
 -11.820  0.6598E+00  0.2633E+00
 -11.810  0.6669E+00  0.2700E+00
 -11.800  0.6743E+00  0.2767E+00
 -11.790  0.6819E+00  0.2836E+00
 -11.780  0.6899E+00  0.2905E+00
 -11.770  0.6983E+00  0.2974E+00
 -11.760  0.7070E+00  0.3045E+00
 -11.750  0.7161E+00  0.3117E+00
 -11.740  0.7255E+00  0.3189E+00
 -11.730  0.7351E+00  0.3263E+00
 -11.720  0.7450E+00  0.3337E+00
 -11.710  0.7548E+00  0.3413E+00
 -11.700  0.7647E+00  0.3489E+00
 -11.690  0.7745E+00  0.3567E+00
 -11.680  0.7841E+00  0.3645E+00
 -11.670  0.7934E+00  0.3724E+00
 -11.660  0.8025E+00  0.3805E+00
 -11.650  0.8113E+00  0.3886E+00
 -11.640  0.8197E+00  0.3968E+00
 -11.630  0.8280E+00  0.4051E+00
 -11.620  0.8361E+00  0.4134E+00
 -11.610  0.8440E+00  0.4219E+00
 -11.600  0.8521E+00  0.4304E+00
 -11.590  0.8602E+00  0.4390E+00
 -11.580  0.8686E+00  0.4477E+00
 -11.570  0.8772E+00  0.4564E+00
 -11.560  0.8863E+00  0.4653E+00
 -11.550  0.8957E+00  0.4743E+00
 -11.540  0.9056E+00  0.4833E+00
 -11.530  0.9160E+00  0.4925E+00
 -11.520  0.9266E+00  0.5017E+00
 -11.510  0.9377E+00  0.5111E+00
 -11.500  0.9489E+00  0.5206E+00
 -11.490  0.9603E+00  0.5302E+00
 -11.480  0.9718E+00  0.5399E+00
 -11.470  0.9833E+00  0.5498E+00
 -11.460  0.9947E+00  0.5597E+00
 -11.450  0.1006E+01  0.5698E+00
 -11.440  0.1017E+01  0.5799E+00
 -11.430  0.1029E+01  0.5902E+00
 -11.420  0.1040E+01  0.6006E+00
 -11.410  0.1051E+01  0.6111E+00
 -11.400  0.1062E+01  0.6218E+00
 -11.390  0.1074E+01  0.6325E+00
 -11.380  0.1086E+01  0.6434E+00
 -11.370  0.1098E+01  0.6543E+00
 -11.360  0.1110E+01  0.6654E+00
 -11.350  0.1123E+01  0.6767E+00
 -11.340  0.1136E+01  0.6880E+00
 -11.330  0.1150E+01  0.6995E+00
 -11.320  0.1164E+01  0.7112E+00
 -11.310  0.1178E+01  0.7230E+00
 -11.300  0.1193E+01  0.7349E+00
 -11.290  0.1207E+01  0.7470E+00
 -11.280  0.1222E+01  0.7592E+00
 -11.270  0.1237E+01  0.7715E+00
 -11.260  0.1251E+01  0.7840E+00
 -11.250  0.1266E+01  0.7967E+00
 -11.240  0.1281E+01  0.8095E+00
 -11.230  0.1296E+01  0.8225E+00
 -11.220  0.1311E+01  0.8356E+00
 -11.210  0.1327E+01  0.8489E+00
 -11.200  0.1342E+01  0.8623E+00
 -11.190  0.1358E+01  0.8759E+00
 -11.180  0.1375E+01  0.8896E+00
 -11.170  0.1392E+01  0.9035E+00
 -11.160  0.1410E+01  0.9176E+00
 -11.150  0.1429E+01  0.9319E+00
 -11.140  0.1448E+01  0.9464E+00
 -11.130  0.1468E+01  0.9611E+00
 -11.120  0.1489E+01  0.9760E+00
 -11.110  0.1511E+01  0.9911E+00
 -11.100  0.1533E+01  0.1006E+01
 -11.090  0.1556E+01  0.1022E+01
 -11.080  0.1580E+01  0.1038E+01
 -11.070  0.1604E+01  0.1054E+01
 -11.060  0.1629E+01  0.1070E+01
 -11.050  0.1655E+01  0.1087E+01
 -11.040  0.1681E+01  0.1103E+01
 -11.030  0.1707E+01  0.1121E+01
 -11.020  0.1735E+01  0.1138E+01
 -11.010  0.1763E+01  0.1156E+01
 -11.000  0.1792E+01  0.1173E+01
 -10.990  0.1822E+01  0.1192E+01
 -10.980  0.1853E+01  0.1210E+01
 -10.970  0.1886E+01  0.1229E+01
 -10.960  0.1919E+01  0.1248E+01
 -10.950  0.1955E+01  0.1268E+01
 -10.940  0.1992E+01  0.1288E+01
 -10.930  0.2031E+01  0.1308E+01
 -10.920  0.2071E+01  0.1329E+01
 -10.910  0.2114E+01  0.1350E+01
 -10.900  0.2159E+01  0.1371E+01
 -10.890  0.2205E+01  0.1394E+01
 -10.880  0.2254E+01  0.1416E+01
 -10.870  0.2305E+01  0.1439E+01
 -10.860  0.2357E+01  0.1463E+01
 -10.850  0.2411E+01  0.1487E+01
 -10.840  0.2466E+01  0.1511E+01
 -10.830  0.2523E+01  0.1537E+01
 -10.820  0.2580E+01  0.1562E+01
 -10.810  0.2637E+01  0.1589E+01
 -10.800  0.2695E+01  0.1616E+01
 -10.790  0.2753E+01  0.1643E+01
 -10.780  0.2810E+01  0.1671E+01
 -10.770  0.2866E+01  0.1700E+01
 -10.760  0.2922E+01  0.1729E+01
 -10.750  0.2976E+01  0.1759E+01
 -10.740  0.3029E+01  0.1789E+01
 -10.730  0.3080E+01  0.1820E+01
 -10.720  0.3129E+01  0.1851E+01
 -10.710  0.3177E+01  0.1883E+01
 -10.700  0.3222E+01  0.1915E+01
 -10.690  0.3266E+01  0.1948E+01
 -10.680  0.3308E+01  0.1981E+01
 -10.670  0.3347E+01  0.2015E+01
 -10.660  0.3385E+01  0.2048E+01
 -10.650  0.3421E+01  0.2083E+01
 -10.640  0.3455E+01  0.2117E+01
 -10.630  0.3487E+01  0.2152E+01
 -10.620  0.3518E+01  0.2187E+01
 -10.610  0.3548E+01  0.2223E+01
 -10.600  0.3576E+01  0.2259E+01
 -10.590  0.3604E+01  0.2295E+01
 -10.580  0.3630E+01  0.2331E+01
 -10.570  0.3657E+01  0.2367E+01
 -10.560  0.3683E+01  0.2404E+01
 -10.550  0.3710E+01  0.2441E+01
 -10.540  0.3737E+01  0.2479E+01
 -10.530  0.3764E+01  0.2516E+01
 -10.520  0.3793E+01  0.2554E+01
 -10.510  0.3823E+01  0.2593E+01
 -10.500  0.3854E+01  0.2631E+01
 -10.490  0.3886E+01  0.2670E+01
 -10.480  0.3919E+01  0.2709E+01
 -10.470  0.3954E+01  0.2749E+01
 -10.460  0.3990E+01  0.2789E+01
 -10.450  0.4027E+01  0.2829E+01
 -10.440  0.4064E+01  0.2869E+01
 -10.430  0.4102E+01  0.2911E+01
 -10.420  0.4139E+01  0.2952E+01
 -10.410  0.4175E+01  0.2994E+01
 -10.400  0.4208E+01  0.3036E+01
 -10.390  0.4239E+01  0.3078E+01
 -10.380  0.4264E+01  0.3121E+01
 -10.370  0.4284E+01  0.3164E+01
 -10.360  0.4297E+01  0.3207E+01
 -10.350  0.4300E+01  0.3250E+01
 -10.340  0.4293E+01  0.3292E+01
 -10.330  0.4275E+01  0.3335E+01
 -10.320  0.4242E+01  0.3378E+01
 -10.310  0.4195E+01  0.3420E+01
 -10.300  0.4132E+01  0.3461E+01
 -10.290  0.4053E+01  0.3501E+01
 -10.280  0.3956E+01  0.3541E+01
 -10.270  0.3842E+01  0.3579E+01
 -10.260  0.3711E+01  0.3617E+01
 -10.250  0.3565E+01  0.3652E+01
 -10.240  0.3404E+01  0.3686E+01
 -10.230  0.3229E+01  0.3719E+01
 -10.220  0.3043E+01  0.3749E+01
 -10.210  0.2849E+01  0.3777E+01
 -10.200  0.2648E+01  0.3804E+01
 -10.190  0.2443E+01  0.3828E+01
 -10.180  0.2238E+01  0.3851E+01
 -10.170  0.2033E+01  0.3871E+01
 -10.160  0.1833E+01  0.3889E+01
 -10.150  0.1640E+01  0.3906E+01
 -10.140  0.1455E+01  0.3920E+01
 -10.130  0.1280E+01  0.3933E+01
 -10.120  0.1116E+01  0.3944E+01
 -10.110  0.9653E+00  0.3954E+01
 -10.100  0.8275E+00  0.3962E+01
 -10.090  0.7032E+00  0.3969E+01
 -10.080  0.5923E+00  0.3975E+01
 -10.070  0.4944E+00  0.3980E+01
 -10.060  0.4089E+00  0.3984E+01
 -10.050  0.3351E+00  0.3988E+01
 -10.040  0.2721E+00  0.3990E+01
 -10.030  0.2190E+00  0.3992E+01
 -10.020  0.1745E+00  0.3994E+01
 -10.010  0.1378E+00  0.3996E+01
 -10.000  0.1078E+00  0.3997E+01
  -9.990  0.8350E-01  0.3998E+01
  -9.980  0.6407E-01  0.3998E+01
  -9.970  0.4870E-01  0.3999E+01
  -9.960  0.3665E-01  0.3999E+01
  -9.950  0.2732E-01  0.3999E+01
  -9.940  0.2017E-01  0.3999E+01
  -9.930  0.1475E-01  0.4000E+01
  -9.920  0.1068E-01  0.4000E+01
  -9.910  0.7653E-02  0.4000E+01
  -9.900  0.5432E-02  0.4000E+01
  -9.890  0.3818E-02  0.4000E+01
  -9.880  0.2657E-02  0.4000E+01
  -9.870  0.1831E-02  0.4000E+01
  -9.860  0.1249E-02  0.4000E+01
  -9.850  0.8434E-03  0.4000E+01
  -9.840  0.5640E-03  0.4000E+01
  -9.830  0.3733E-03  0.4000E+01
  -9.820  0.2447E-03  0.4000E+01
  -9.810  0.1587E-03  0.4000E+01
  -9.800  0.1020E-03  0.4000E+01
  -9.790  0.6483E-04  0.4000E+01
  -9.780  0.4081E-04  0.4000E+01
  -9.770  0.2543E-04  0.4000E+01
  -9.760  0.1568E-04  0.4000E+01
  -9.750  0.9574E-05  0.4000E+01
  -9.740  0.5786E-05  0.4000E+01
  -9.730  0.3461E-05  0.4000E+01
  -9.720  0.2049E-05  0.4000E+01
  -9.710  0.1201E-05  0.4000E+01
  -9.700  0.6968E-06  0.4000E+01
  -9.690  0.4001E-06  0.4000E+01
  -9.680  0.2274E-06  0.4000E+01
  -9.670  0.1279E-06  0.4000E+01
  -9.660  0.7121E-07  0.4000E+01
  -9.650  0.3924E-07  0.4000E+01
  -9.640  0.2140E-07  0.4000E+01
  -9.630  0.1155E-07  0.4000E+01
  -9.620  0.6171E-08  0.4000E+01
  -9.610  0.3263E-08  0.4000E+01
  -9.600  0.1707E-08  0.4000E+01
  -9.590  0.8841E-09  0.4000E+01
  -9.580  0.4531E-09  0.4000E+01
  -9.570  0.2298E-09  0.4000E+01
  -9.560  0.1154E-09  0.4000E+01
  -9.550  0.5732E-10  0.4000E+01
  -9.540  0.2818E-10  0.4000E+01
  -9.530  0.1371E-10  0.4000E+01
  -9.520  0.6601E-11  0.4000E+01
  -9.510  0.3145E-11  0.4000E+01
  -9.500  0.1483E-11  0.4000E+01
  -9.490  0.6920E-12  0.4000E+01
  -9.480  0.3196E-12  0.4000E+01
  -9.470  0.1460E-12  0.4000E+01
  -9.460  0.6603E-13  0.4000E+01
  -9.450  0.2955E-13  0.4000E+01
  -9.440  0.1308E-13  0.4000E+01
  -9.430  0.5734E-14  0.4000E+01
  -9.420  0.2486E-14  0.4000E+01
  -9.410  0.1067E-14  0.4000E+01
  -9.400  0.4529E-15  0.4000E+01
  -9.390  0.1903E-15  0.4000E+01
  -9.380  0.7912E-16  0.4000E+01
  -9.370  0.3255E-16  0.4000E+01
  -9.360  0.1325E-16  0.4000E+01
  -9.350  0.5338E-17  0.4000E+01
  -9.340  0.2128E-17  0.4000E+01
  -9.330  0.8391E-18  0.4000E+01
  -9.320  0.3275E-18  0.4000E+01
  -9.310  0.1265E-18  0.4000E+01
  -9.300  0.4832E-19  0.4000E+01
  -9.290  0.1827E-19  0.4000E+01
  -9.280  0.6835E-20  0.4000E+01
  -9.270  0.2530E-20  0.4000E+01
  -9.260  0.9268E-21  0.4000E+01
  -9.250  0.3359E-21  0.4000E+01
  -9.240  0.1205E-21  0.4000E+01
  -9.230  0.4274E-22  0.4000E+01
  -9.220  0.1501E-22  0.4000E+01
  -9.210  0.5213E-23  0.4000E+01
  -9.200  0.1792E-23  0.4000E+01
  -9.190  0.6093E-24  0.4000E+01
  -9.180  0.2050E-24  0.4000E+01
  -9.170  0.6827E-25  0.4000E+01
  -9.160  0.2249E-25  0.4000E+01
  -9.150  0.7331E-26  0.4000E+01
  -9.140  0.2364E-26  0.4000E+01
  -9.130  0.7544E-27  0.4000E+01
  -9.120  0.2382E-27  0.4000E+01
  -9.110  0.7440E-28  0.4000E+01
  -9.100  0.2300E-28  0.4000E+01
  -9.090  0.7033E-29  0.4000E+01
  -9.080  0.2128E-29  0.4000E+01
  -9.070  0.6370E-30  0.4000E+01
  -9.060  0.1887E-30  0.4000E+01
  -9.050  0.5529E-31  0.4000E+01
  -9.040  0.1603E-31  0.4000E+01
  -9.030  0.4599E-32  0.4000E+01
  -9.020  0.1305E-32  0.4000E+01
  -9.010  0.3666E-33  0.4000E+01
  -9.000  0.1018E-33  0.4000E+01
  -8.990  0.2800E-34  0.4000E+01
  -8.980  0.7615E-35  0.4000E+01
  -8.970  0.2049E-35  0.4000E+01
  -8.960  0.5455E-36  0.4000E+01
  -8.950  0.1437E-36  0.4000E+01
  -8.940  0.3745E-37  0.4000E+01
  -8.930  0.9656E-38  0.4000E+01
  -8.920  0.2463E-38  0.4000E+01
  -8.910  0.6217E-39  0.4000E+01
  -8.900  0.1552E-39  0.4000E+01
  -8.890  0.3835E-40  0.4000E+01
  -8.880  0.9375E-41  0.4000E+01
  -8.870  0.2267E-41  0.4000E+01
  -8.860  0.5424E-42  0.4000E+01
  -8.850  0.1284E-42  0.4000E+01
  -8.840  0.3007E-43  0.4000E+01
  -8.830  0.6967E-44  0.4000E+01
  -8.820  0.1597E-44  0.4000E+01
  -8.810  0.3622E-45  0.4000E+01
  -8.800  0.8127E-46  0.4000E+01
  -8.790  0.1804E-46  0.4000E+01
  -8.780  0.3962E-47  0.4000E+01
  -8.770  0.8609E-48  0.4000E+01
  -8.760  0.1851E-48  0.4000E+01
  -8.750  0.3936E-49  0.4000E+01
  -8.740  0.8282E-50  0.4000E+01
  -8.730  0.1724E-50  0.4000E+01
  -8.720  0.3551E-51  0.4000E+01
  -8.710  0.7235E-52  0.4000E+01
  -8.700  0.1459E-52  0.4000E+01
  -8.690  0.2909E-53  0.4000E+01
  -8.680  0.5740E-54  0.4000E+01
  -8.670  0.1120E-54  0.4000E+01
  -8.660  0.2164E-55  0.4000E+01
  -8.650  0.4134E-56  0.4000E+01
  -8.640  0.7815E-57  0.4000E+01
  -8.630  0.1461E-57  0.4000E+01
  -8.620  0.2704E-58  0.4000E+01
  -8.610  0.4949E-59  0.4000E+01
  -8.600  0.8962E-60  0.4000E+01
  -8.590  0.1606E-60  0.4000E+01
  -8.580  0.2846E-61  0.4000E+01
  -8.570  0.4990E-62  0.4000E+01
  -8.560  0.8657E-63  0.4000E+01
  -8.550  0.1486E-63  0.4000E+01
  -8.540  0.2523E-64  0.4000E+01
  -8.530  0.4237E-65  0.4000E+01
  -8.520  0.7042E-66  0.4000E+01
  -8.510  0.1158E-66  0.4000E+01
  -8.500  0.1883E-67  0.4000E+01
  -8.490  0.3030E-68  0.4000E+01
  -8.480  0.4824E-69  0.4000E+01
  -8.470  0.7598E-70  0.4000E+01
  -8.460  0.1184E-70  0.4000E+01
  -8.450  0.1825E-71  0.4000E+01
  -8.440  0.2783E-72  0.4000E+01
  -8.430  0.4199E-73  0.4000E+01
  -8.420  0.6267E-74  0.4000E+01
  -8.410  0.9254E-75  0.4000E+01
  -8.400  0.1352E-75  0.4000E+01
  -8.390  0.1954E-76  0.4000E+01
  -8.380  0.2793E-77  0.4000E+01
  -8.370  0.3951E-78  0.4000E+01
  -8.360  0.5529E-79  0.4000E+01
  -8.350  0.7655E-80  0.4000E+01
  -8.340  0.1049E-80  0.4000E+01
  -8.330  0.1422E-81  0.4000E+01
  -8.320  0.1920E-82  0.4000E+01
  -8.310  0.2685E-83  0.4000E+01
  -8.300  0.4911E-84  0.4000E+01
  -8.290  0.2031E-84  0.4000E+01
  -8.280  0.1659E-84  0.4000E+01
  -8.270  0.1612E-84  0.4000E+01
  -8.260  0.1607E-84  0.4000E+01
  -8.250  0.1607E-84  0.4000E+01
  -8.240  0.1607E-84  0.4000E+01
  -8.230  0.1607E-84  0.4000E+01
  -8.220  0.1607E-84  0.4000E+01
  -8.210  0.1607E-84  0.4000E+01
  -8.200  0.1607E-84  0.4000E+01
  -8.190  0.1607E-84  0.4000E+01
  -8.180  0.1607E-84  0.4000E+01
  -8.170  0.1607E-84  0.4000E+01
  -8.160  0.1607E-84  0.4000E+01
  -8.150  0.1607E-84  0.4000E+01
  -8.140  0.1607E-84  0.4000E+01
  -8.130  0.1607E-84  0.4000E+01
  -8.120  0.1607E-84  0.4000E+01
  -8.110  0.1607E-84  0.4000E+01
  -8.100  0.1607E-84  0.4000E+01
  -8.090  0.1607E-84  0.4000E+01
  -8.080  0.1607E-84  0.4000E+01
  -8.070  0.1607E-84  0.4000E+01
  -8.060  0.1607E-84  0.4000E+01
  -8.050  0.1607E-84  0.4000E+01
  -8.040  0.1607E-84  0.4000E+01
  -8.030  0.1607E-84  0.4000E+01
  -8.020  0.1607E-84  0.4000E+01
  -8.010  0.1607E-84  0.4000E+01
  -8.000  0.1607E-84  0.4000E+01
  -7.990  0.1607E-84  0.4000E+01
  -7.980  0.1607E-84  0.4000E+01
  -7.970  0.1607E-84  0.4000E+01
  -7.960  0.1607E-84  0.4000E+01
  -7.950  0.1607E-84  0.4000E+01
  -7.940  0.1607E-84  0.4000E+01
  -7.930  0.1607E-84  0.4000E+01
  -7.920  0.1607E-84  0.4000E+01
  -7.910  0.1607E-84  0.4000E+01
  -7.900  0.1607E-84  0.4000E+01
  -7.890  0.1607E-84  0.4000E+01
  -7.880  0.1607E-84  0.4000E+01
  -7.870  0.1607E-84  0.4000E+01
  -7.860  0.1607E-84  0.4000E+01
  -7.850  0.1607E-84  0.4000E+01
  -7.840  0.1607E-84  0.4000E+01
  -7.830  0.1607E-84  0.4000E+01
  -7.820  0.1607E-84  0.4000E+01
  -7.810  0.1607E-84  0.4000E+01
  -7.800  0.1607E-84  0.4000E+01
  -7.790  0.1607E-84  0.4000E+01
  -7.780  0.1607E-84  0.4000E+01
  -7.770  0.1607E-84  0.4000E+01
  -7.760  0.1607E-84  0.4000E+01
  -7.750  0.1607E-84  0.4000E+01
  -7.740  0.1607E-84  0.4000E+01
  -7.730  0.1607E-84  0.4000E+01
  -7.720  0.1607E-84  0.4000E+01
  -7.710  0.1607E-84  0.4000E+01
  -7.700  0.1607E-84  0.4000E+01
  -7.690  0.1607E-84  0.4000E+01
  -7.680  0.1607E-84  0.4000E+01
  -7.670  0.1607E-84  0.4000E+01
  -7.660  0.1607E-84  0.4000E+01
  -7.650  0.1607E-84  0.4000E+01
  -7.640  0.1607E-84  0.4000E+01
  -7.630  0.1607E-84  0.4000E+01
  -7.620  0.1607E-84  0.4000E+01
  -7.610  0.1607E-84  0.4000E+01
  -7.600  0.1607E-84  0.4000E+01
  -7.590  0.1607E-84  0.4000E+01
  -7.580  0.1607E-84  0.4000E+01
  -7.570  0.1607E-84  0.4000E+01
  -7.560  0.1607E-84  0.4000E+01
  -7.550  0.1607E-84  0.4000E+01
  -7.540  0.1607E-84  0.4000E+01
  -7.530  0.1607E-84  0.4000E+01
  -7.520  0.1607E-84  0.4000E+01
  -7.510  0.1607E-84  0.4000E+01
  -7.500  0.1607E-84  0.4000E+01
  -7.490  0.1607E-84  0.4000E+01
  -7.480  0.1607E-84  0.4000E+01
  -7.470  0.1607E-84  0.4000E+01
  -7.460  0.1607E-84  0.4000E+01
  -7.450  0.1607E-84  0.4000E+01
  -7.440  0.1607E-84  0.4000E+01
  -7.430  0.1607E-84  0.4000E+01
  -7.420  0.1607E-84  0.4000E+01
  -7.410  0.1607E-84  0.4000E+01
  -7.400  0.1607E-84  0.4000E+01
  -7.390  0.1607E-84  0.4000E+01
  -7.380  0.1607E-84  0.4000E+01
  -7.370  0.1607E-84  0.4000E+01
  -7.360  0.1607E-84  0.4000E+01
  -7.350  0.1607E-84  0.4000E+01
  -7.340  0.1607E-84  0.4000E+01
  -7.330  0.1607E-84  0.4000E+01
  -7.320  0.1607E-84  0.4000E+01
  -7.310  0.1607E-84  0.4000E+01
  -7.300  0.1607E-84  0.4000E+01
  -7.290  0.1607E-84  0.4000E+01
  -7.280  0.1607E-84  0.4000E+01
  -7.270  0.1607E-84  0.4000E+01
  -7.260  0.1607E-84  0.4000E+01
  -7.250  0.1607E-84  0.4000E+01
  -7.240  0.1607E-84  0.4000E+01
  -7.230  0.1607E-84  0.4000E+01
  -7.220  0.1607E-84  0.4000E+01
  -7.210  0.1607E-84  0.4000E+01
  -7.200  0.1607E-84  0.4000E+01
  -7.190  0.1607E-84  0.4000E+01
  -7.180  0.1607E-84  0.4000E+01
  -7.170  0.1607E-84  0.4000E+01
  -7.160  0.1607E-84  0.4000E+01
  -7.150  0.1607E-84  0.4000E+01
  -7.140  0.1607E-84  0.4000E+01
  -7.130  0.1607E-84  0.4000E+01
  -7.120  0.1607E-84  0.4000E+01
  -7.110  0.1607E-84  0.4000E+01
  -7.100  0.1607E-84  0.4000E+01
  -7.090  0.1607E-84  0.4000E+01
  -7.080  0.1607E-84  0.4000E+01
  -7.070  0.1607E-84  0.4000E+01
  -7.060  0.1607E-84  0.4000E+01
  -7.050  0.1607E-84  0.4000E+01
  -7.040  0.1607E-84  0.4000E+01
  -7.030  0.1607E-84  0.4000E+01
  -7.020  0.1607E-84  0.4000E+01
  -7.010  0.1607E-84  0.4000E+01
  -7.000  0.1607E-84  0.4000E+01
  -6.990  0.1607E-84  0.4000E+01
  -6.980  0.1607E-84  0.4000E+01
  -6.970  0.1607E-84  0.4000E+01
  -6.960  0.1607E-84  0.4000E+01
  -6.950  0.1607E-84  0.4000E+01
  -6.940  0.1607E-84  0.4000E+01
  -6.930  0.1607E-84  0.4000E+01
  -6.920  0.1607E-84  0.4000E+01
  -6.910  0.1607E-84  0.4000E+01
  -6.900  0.1607E-84  0.4000E+01
  -6.890  0.1607E-84  0.4000E+01
  -6.880  0.1607E-84  0.4000E+01
  -6.870  0.1607E-84  0.4000E+01
  -6.860  0.1607E-84  0.4000E+01
  -6.850  0.1607E-84  0.4000E+01
  -6.840  0.1607E-84  0.4000E+01
  -6.830  0.1607E-84  0.4000E+01
  -6.820  0.1607E-84  0.4000E+01
  -6.810  0.1607E-84  0.4000E+01
  -6.800  0.1607E-84  0.4000E+01
  -6.790  0.1607E-84  0.4000E+01
  -6.780  0.1607E-84  0.4000E+01
  -6.770  0.1607E-84  0.4000E+01
  -6.760  0.1607E-84  0.4000E+01
  -6.750  0.1607E-84  0.4000E+01
  -6.740  0.1607E-84  0.4000E+01
  -6.730  0.1607E-84  0.4000E+01
  -6.720  0.1607E-84  0.4000E+01
  -6.710  0.1607E-84  0.4000E+01
  -6.700  0.1607E-84  0.4000E+01
  -6.690  0.1607E-84  0.4000E+01
  -6.680  0.1607E-84  0.4000E+01
  -6.670  0.1607E-84  0.4000E+01
  -6.660  0.1607E-84  0.4000E+01
  -6.650  0.1607E-84  0.4000E+01
  -6.640  0.1607E-84  0.4000E+01
  -6.630  0.1607E-84  0.4000E+01
  -6.620  0.1607E-84  0.4000E+01
  -6.610  0.1607E-84  0.4000E+01
  -6.600  0.1607E-84  0.4000E+01
  -6.590  0.1607E-84  0.4000E+01
  -6.580  0.1607E-84  0.4000E+01
  -6.570  0.1607E-84  0.4000E+01
  -6.560  0.1607E-84  0.4000E+01
  -6.550  0.1607E-84  0.4000E+01
  -6.540  0.1607E-84  0.4000E+01
  -6.530  0.1607E-84  0.4000E+01
  -6.520  0.1607E-84  0.4000E+01
  -6.510  0.1607E-84  0.4000E+01
  -6.500  0.1607E-84  0.4000E+01
  -6.490  0.1607E-84  0.4000E+01
  -6.480  0.1607E-84  0.4000E+01
  -6.470  0.1607E-84  0.4000E+01
  -6.460  0.1607E-84  0.4000E+01
  -6.450  0.1607E-84  0.4000E+01
  -6.440  0.1607E-84  0.4000E+01
  -6.430  0.1607E-84  0.4000E+01
  -6.420  0.1607E-84  0.4000E+01
  -6.410  0.1607E-84  0.4000E+01
  -6.400  0.1607E-84  0.4000E+01
  -6.390  0.1607E-84  0.4000E+01
  -6.380  0.1607E-84  0.4000E+01
  -6.370  0.1607E-84  0.4000E+01
  -6.360  0.1607E-84  0.4000E+01
  -6.350  0.1607E-84  0.4000E+01
  -6.340  0.1607E-84  0.4000E+01
  -6.330  0.1607E-84  0.4000E+01
  -6.320  0.1607E-84  0.4000E+01
  -6.310  0.1607E-84  0.4000E+01
  -6.300  0.1607E-84  0.4000E+01
  -6.290  0.1607E-84  0.4000E+01
  -6.280  0.1607E-84  0.4000E+01
  -6.270  0.1607E-84  0.4000E+01
  -6.260  0.1607E-84  0.4000E+01
  -6.250  0.1607E-84  0.4000E+01
  -6.240  0.1607E-84  0.4000E+01
  -6.230  0.1607E-84  0.4000E+01
  -6.220  0.1607E-84  0.4000E+01
  -6.210  0.1607E-84  0.4000E+01
  -6.200  0.1607E-84  0.4000E+01
  -6.190  0.1607E-84  0.4000E+01
  -6.180  0.1607E-84  0.4000E+01
  -6.170  0.1607E-84  0.4000E+01
  -6.160  0.1607E-84  0.4000E+01
  -6.150  0.1607E-84  0.4000E+01
  -6.140  0.1607E-84  0.4000E+01
  -6.130  0.1607E-84  0.4000E+01
  -6.120  0.1607E-84  0.4000E+01
  -6.110  0.1607E-84  0.4000E+01
  -6.100  0.1607E-84  0.4000E+01
  -6.090  0.1607E-84  0.4000E+01
  -6.080  0.1607E-84  0.4000E+01
  -6.070  0.1607E-84  0.4000E+01
  -6.060  0.1607E-84  0.4000E+01
  -6.050  0.1607E-84  0.4000E+01
  -6.040  0.1607E-84  0.4000E+01
  -6.030  0.1607E-84  0.4000E+01
  -6.020  0.1607E-84  0.4000E+01
  -6.010  0.1607E-84  0.4000E+01
  -6.000  0.1607E-84  0.4000E+01
  -5.990  0.1607E-84  0.4000E+01
  -5.980  0.1607E-84  0.4000E+01
  -5.970  0.1607E-84  0.4000E+01
  -5.960  0.1607E-84  0.4000E+01
  -5.950  0.1607E-84  0.4000E+01
  -5.940  0.1607E-84  0.4000E+01
  -5.930  0.1607E-84  0.4000E+01
  -5.920  0.1607E-84  0.4000E+01
  -5.910  0.1607E-84  0.4000E+01
  -5.900  0.1607E-84  0.4000E+01
  -5.890  0.1607E-84  0.4000E+01
  -5.880  0.1607E-84  0.4000E+01
  -5.870  0.1607E-84  0.4000E+01
  -5.860  0.1607E-84  0.4000E+01
  -5.850  0.1607E-84  0.4000E+01
  -5.840  0.1607E-84  0.4000E+01
  -5.830  0.1607E-84  0.4000E+01
  -5.820  0.1607E-84  0.4000E+01
  -5.810  0.1607E-84  0.4000E+01
  -5.800  0.1607E-84  0.4000E+01
  -5.790  0.1607E-84  0.4000E+01
  -5.780  0.1607E-84  0.4000E+01
  -5.770  0.1607E-84  0.4000E+01
  -5.760  0.1607E-84  0.4000E+01
  -5.750  0.1607E-84  0.4000E+01
  -5.740  0.1607E-84  0.4000E+01
  -5.730  0.1607E-84  0.4000E+01
  -5.720  0.1607E-84  0.4000E+01
  -5.710  0.1607E-84  0.4000E+01
  -5.700  0.1607E-84  0.4000E+01
  -5.690  0.1607E-84  0.4000E+01
  -5.680  0.1607E-84  0.4000E+01
  -5.670  0.1607E-84  0.4000E+01
  -5.660  0.1607E-84  0.4000E+01
  -5.650  0.1607E-84  0.4000E+01
  -5.640  0.1607E-84  0.4000E+01
  -5.630  0.1607E-84  0.4000E+01
  -5.620  0.1607E-84  0.4000E+01
  -5.610  0.1607E-84  0.4000E+01
  -5.600  0.1607E-84  0.4000E+01
  -5.590  0.1607E-84  0.4000E+01
  -5.580  0.1607E-84  0.4000E+01
  -5.570  0.1607E-84  0.4000E+01
  -5.560  0.1607E-84  0.4000E+01
  -5.550  0.1607E-84  0.4000E+01
  -5.540  0.1607E-84  0.4000E+01
  -5.530  0.1607E-84  0.4000E+01
  -5.520  0.1607E-84  0.4000E+01
  -5.510  0.1607E-84  0.4000E+01
  -5.500  0.1607E-84  0.4000E+01
  -5.490  0.1607E-84  0.4000E+01
  -5.480  0.1607E-84  0.4000E+01
  -5.470  0.1607E-84  0.4000E+01
  -5.460  0.1607E-84  0.4000E+01
  -5.450  0.1607E-84  0.4000E+01
  -5.440  0.1607E-84  0.4000E+01
  -5.430  0.1607E-84  0.4000E+01
  -5.420  0.1607E-84  0.4000E+01
  -5.410  0.1607E-84  0.4000E+01
  -5.400  0.1607E-84  0.4000E+01
  -5.390  0.1607E-84  0.4000E+01
  -5.380  0.1607E-84  0.4000E+01
  -5.370  0.1607E-84  0.4000E+01
  -5.360  0.1607E-84  0.4000E+01
  -5.350  0.1607E-84  0.4000E+01
  -5.340  0.1607E-84  0.4000E+01
  -5.330  0.1607E-84  0.4000E+01
  -5.320  0.1607E-84  0.4000E+01
  -5.310  0.1607E-84  0.4000E+01
  -5.300  0.1607E-84  0.4000E+01
  -5.290  0.1607E-84  0.4000E+01
  -5.280  0.1607E-84  0.4000E+01
  -5.270  0.1607E-84  0.4000E+01
  -5.260  0.1607E-84  0.4000E+01
  -5.250  0.1607E-84  0.4000E+01
  -5.240  0.1607E-84  0.4000E+01
  -5.230  0.1607E-84  0.4000E+01
  -5.220  0.1607E-84  0.4000E+01
  -5.210  0.1607E-84  0.4000E+01
  -5.200  0.1607E-84  0.4000E+01
  -5.190  0.1607E-84  0.4000E+01
  -5.180  0.1607E-84  0.4000E+01
  -5.170  0.1607E-84  0.4000E+01
  -5.160  0.1607E-84  0.4000E+01
  -5.150  0.1607E-84  0.4000E+01
  -5.140  0.1607E-84  0.4000E+01
  -5.130  0.1607E-84  0.4000E+01
  -5.120  0.1607E-84  0.4000E+01
  -5.110  0.1607E-84  0.4000E+01
  -5.100  0.1607E-84  0.4000E+01
  -5.090  0.1607E-84  0.4000E+01
  -5.080  0.1607E-84  0.4000E+01
  -5.070  0.1607E-84  0.4000E+01
  -5.060  0.1607E-84  0.4000E+01
  -5.050  0.1607E-84  0.4000E+01
  -5.040  0.1607E-84  0.4000E+01
  -5.030  0.1607E-84  0.4000E+01
  -5.020  0.1607E-84  0.4000E+01
  -5.010  0.1607E-84  0.4000E+01
  -5.000  0.1607E-84  0.4000E+01
  -4.990  0.1607E-84  0.4000E+01
  -4.980  0.1607E-84  0.4000E+01
  -4.970  0.1607E-84  0.4000E+01
  -4.960  0.1607E-84  0.4000E+01
  -4.950  0.1607E-84  0.4000E+01
  -4.940  0.1607E-84  0.4000E+01
  -4.930  0.1607E-84  0.4000E+01
  -4.920  0.1607E-84  0.4000E+01
  -4.910  0.1607E-84  0.4000E+01
  -4.900  0.1607E-84  0.4000E+01
  -4.890  0.1607E-84  0.4000E+01
  -4.880  0.1607E-84  0.4000E+01
  -4.870  0.1607E-84  0.4000E+01
  -4.860  0.1607E-84  0.4000E+01
  -4.850  0.1607E-84  0.4000E+01
  -4.840  0.1607E-84  0.4000E+01
  -4.830  0.1607E-84  0.4000E+01
  -4.820  0.1607E-84  0.4000E+01
  -4.810  0.1607E-84  0.4000E+01
  -4.800  0.1607E-84  0.4000E+01
  -4.790  0.1607E-84  0.4000E+01
  -4.780  0.1607E-84  0.4000E+01
  -4.770  0.1607E-84  0.4000E+01
  -4.760  0.1607E-84  0.4000E+01
  -4.750  0.1607E-84  0.4000E+01
  -4.740  0.1607E-84  0.4000E+01
  -4.730  0.1607E-84  0.4000E+01
  -4.720  0.1607E-84  0.4000E+01
  -4.710  0.1607E-84  0.4000E+01
  -4.700  0.1607E-84  0.4000E+01
  -4.690  0.1607E-84  0.4000E+01
  -4.680  0.1607E-84  0.4000E+01
  -4.670  0.1607E-84  0.4000E+01
  -4.660  0.1607E-84  0.4000E+01
  -4.650  0.1607E-84  0.4000E+01
  -4.640  0.1607E-84  0.4000E+01
  -4.630  0.1607E-84  0.4000E+01
  -4.620  0.1607E-84  0.4000E+01
  -4.610  0.1607E-84  0.4000E+01
  -4.600  0.1607E-84  0.4000E+01
  -4.590  0.1607E-84  0.4000E+01
  -4.580  0.1607E-84  0.4000E+01
  -4.570  0.1607E-84  0.4000E+01
  -4.560  0.1607E-84  0.4000E+01
  -4.550  0.1607E-84  0.4000E+01
  -4.540  0.1607E-84  0.4000E+01
  -4.530  0.1607E-84  0.4000E+01
  -4.520  0.1607E-84  0.4000E+01
  -4.510  0.1607E-84  0.4000E+01
  -4.500  0.1607E-84  0.4000E+01
  -4.490  0.1607E-84  0.4000E+01
  -4.480  0.1607E-84  0.4000E+01
  -4.470  0.1607E-84  0.4000E+01
  -4.460  0.1607E-84  0.4000E+01
  -4.450  0.1607E-84  0.4000E+01
  -4.440  0.1607E-84  0.4000E+01
  -4.430  0.1607E-84  0.4000E+01
  -4.420  0.1607E-84  0.4000E+01
  -4.410  0.1607E-84  0.4000E+01
  -4.400  0.1607E-84  0.4000E+01
  -4.390  0.1607E-84  0.4000E+01
  -4.380  0.1607E-84  0.4000E+01
  -4.370  0.1607E-84  0.4000E+01
  -4.360  0.1607E-84  0.4000E+01
  -4.350  0.1607E-84  0.4000E+01
  -4.340  0.1607E-84  0.4000E+01
  -4.330  0.1607E-84  0.4000E+01
  -4.320  0.1607E-84  0.4000E+01
  -4.310  0.1607E-84  0.4000E+01
  -4.300  0.1607E-84  0.4000E+01
  -4.290  0.1607E-84  0.4000E+01
  -4.280  0.1607E-84  0.4000E+01
  -4.270  0.1607E-84  0.4000E+01
  -4.260  0.1607E-84  0.4000E+01
  -4.250  0.1607E-84  0.4000E+01
  -4.240  0.1607E-84  0.4000E+01
  -4.230  0.1607E-84  0.4000E+01
  -4.220  0.1607E-84  0.4000E+01
  -4.210  0.1607E-84  0.4000E+01
  -4.200  0.1607E-84  0.4000E+01
  -4.190  0.1607E-84  0.4000E+01
  -4.180  0.1607E-84  0.4000E+01
  -4.170  0.1607E-84  0.4000E+01
  -4.160  0.1607E-84  0.4000E+01
  -4.150  0.1607E-84  0.4000E+01
  -4.140  0.1607E-84  0.4000E+01
  -4.130  0.1607E-84  0.4000E+01
  -4.120  0.1607E-84  0.4000E+01
  -4.110  0.1607E-84  0.4000E+01
  -4.100  0.1607E-84  0.4000E+01
  -4.090  0.1607E-84  0.4000E+01
  -4.080  0.1607E-84  0.4000E+01
  -4.070  0.1607E-84  0.4000E+01
  -4.060  0.1607E-84  0.4000E+01
  -4.050  0.1607E-84  0.4000E+01
  -4.040  0.1607E-84  0.4000E+01
  -4.030  0.1607E-84  0.4000E+01
  -4.020  0.1607E-84  0.4000E+01
  -4.010  0.1607E-84  0.4000E+01
  -4.000  0.1607E-84  0.4000E+01
  -3.990  0.1607E-84  0.4000E+01
  -3.980  0.1607E-84  0.4000E+01
  -3.970  0.1607E-84  0.4000E+01
  -3.960  0.1607E-84  0.4000E+01
  -3.950  0.1607E-84  0.4000E+01
  -3.940  0.1607E-84  0.4000E+01
  -3.930  0.1607E-84  0.4000E+01
  -3.920  0.1607E-84  0.4000E+01
  -3.910  0.1607E-84  0.4000E+01
  -3.900  0.1607E-84  0.4000E+01
  -3.890  0.1607E-84  0.4000E+01
  -3.880  0.1607E-84  0.4000E+01
  -3.870  0.1607E-84  0.4000E+01
  -3.860  0.1607E-84  0.4000E+01
  -3.850  0.1607E-84  0.4000E+01
  -3.840  0.1607E-84  0.4000E+01
  -3.830  0.1607E-84  0.4000E+01
  -3.820  0.1607E-84  0.4000E+01
  -3.810  0.1607E-84  0.4000E+01
  -3.800  0.1607E-84  0.4000E+01
  -3.790  0.1607E-84  0.4000E+01
  -3.780  0.1607E-84  0.4000E+01
  -3.770  0.1607E-84  0.4000E+01
  -3.760  0.1607E-84  0.4000E+01
  -3.750  0.1607E-84  0.4000E+01
  -3.740  0.1607E-84  0.4000E+01
  -3.730  0.1607E-84  0.4000E+01
  -3.720  0.1607E-84  0.4000E+01
  -3.710  0.1607E-84  0.4000E+01
  -3.700  0.1607E-84  0.4000E+01
  -3.690  0.1607E-84  0.4000E+01
  -3.680  0.1607E-84  0.4000E+01
  -3.670  0.1607E-84  0.4000E+01
  -3.660  0.1607E-84  0.4000E+01
  -3.650  0.1607E-84  0.4000E+01
  -3.640  0.1607E-84  0.4000E+01
  -3.630  0.1607E-84  0.4000E+01
  -3.620  0.1607E-84  0.4000E+01
  -3.610  0.1607E-84  0.4000E+01
  -3.600  0.1607E-84  0.4000E+01
  -3.590  0.1607E-84  0.4000E+01
  -3.580  0.1607E-84  0.4000E+01
  -3.570  0.1607E-84  0.4000E+01
  -3.560  0.1607E-84  0.4000E+01
  -3.550  0.1607E-84  0.4000E+01
  -3.540  0.1607E-84  0.4000E+01
  -3.530  0.1607E-84  0.4000E+01
  -3.520  0.1607E-84  0.4000E+01
  -3.510  0.1607E-84  0.4000E+01
  -3.500  0.1607E-84  0.4000E+01
  -3.490  0.1607E-84  0.4000E+01
  -3.480  0.1607E-84  0.4000E+01
  -3.470  0.1607E-84  0.4000E+01
  -3.460  0.1607E-84  0.4000E+01
  -3.450  0.1607E-84  0.4000E+01
  -3.440  0.1607E-84  0.4000E+01
  -3.430  0.1607E-84  0.4000E+01
  -3.420  0.1607E-84  0.4000E+01
  -3.410  0.1607E-84  0.4000E+01
  -3.400  0.1607E-84  0.4000E+01
  -3.390  0.1607E-84  0.4000E+01
  -3.380  0.1607E-84  0.4000E+01
  -3.370  0.1607E-84  0.4000E+01
  -3.360  0.1607E-84  0.4000E+01
  -3.350  0.1607E-84  0.4000E+01
  -3.340  0.1607E-84  0.4000E+01
  -3.330  0.1607E-84  0.4000E+01
  -3.320  0.1607E-84  0.4000E+01
  -3.310  0.1607E-84  0.4000E+01
  -3.300  0.1607E-84  0.4000E+01
  -3.290  0.1607E-84  0.4000E+01
  -3.280  0.1607E-84  0.4000E+01
  -3.270  0.1607E-84  0.4000E+01
  -3.260  0.1607E-84  0.4000E+01
  -3.250  0.1607E-84  0.4000E+01
  -3.240  0.1607E-84  0.4000E+01
  -3.230  0.1607E-84  0.4000E+01
  -3.220  0.1607E-84  0.4000E+01
  -3.210  0.1607E-84  0.4000E+01
  -3.200  0.1607E-84  0.4000E+01
  -3.190  0.1607E-84  0.4000E+01
  -3.180  0.1607E-84  0.4000E+01
  -3.170  0.1607E-84  0.4000E+01
  -3.160  0.1607E-84  0.4000E+01
  -3.150  0.1607E-84  0.4000E+01
  -3.140  0.1607E-84  0.4000E+01
  -3.130  0.1607E-84  0.4000E+01
  -3.120  0.1607E-84  0.4000E+01
  -3.110  0.1607E-84  0.4000E+01
  -3.100  0.1607E-84  0.4000E+01
  -3.090  0.1607E-84  0.4000E+01
  -3.080  0.1607E-84  0.4000E+01
  -3.070  0.1607E-84  0.4000E+01
  -3.060  0.1607E-84  0.4000E+01
  -3.050  0.1607E-84  0.4000E+01
  -3.040  0.1607E-84  0.4000E+01
  -3.030  0.1607E-84  0.4000E+01
  -3.020  0.1607E-84  0.4000E+01
  -3.010  0.1607E-84  0.4000E+01
  -3.000  0.1607E-84  0.4000E+01
  -2.990  0.1607E-84  0.4000E+01
  -2.980  0.1607E-84  0.4000E+01
  -2.970  0.1607E-84  0.4000E+01
  -2.960  0.1607E-84  0.4000E+01
  -2.950  0.1607E-84  0.4000E+01
  -2.940  0.1607E-84  0.4000E+01
  -2.930  0.1607E-84  0.4000E+01
  -2.920  0.1607E-84  0.4000E+01
  -2.910  0.1607E-84  0.4000E+01
  -2.900  0.1607E-84  0.4000E+01
  -2.890  0.1607E-84  0.4000E+01
  -2.880  0.1607E-84  0.4000E+01
  -2.870  0.1607E-84  0.4000E+01
  -2.860  0.1607E-84  0.4000E+01
  -2.850  0.1607E-84  0.4000E+01
  -2.840  0.1607E-84  0.4000E+01
  -2.830  0.1607E-84  0.4000E+01
  -2.820  0.1607E-84  0.4000E+01
  -2.810  0.1607E-84  0.4000E+01
  -2.800  0.1607E-84  0.4000E+01
  -2.790  0.1607E-84  0.4000E+01
  -2.780  0.1607E-84  0.4000E+01
  -2.770  0.1607E-84  0.4000E+01
  -2.760  0.1607E-84  0.4000E+01
  -2.750  0.1607E-84  0.4000E+01
  -2.740  0.1607E-84  0.4000E+01
  -2.730  0.1607E-84  0.4000E+01
  -2.720  0.1607E-84  0.4000E+01
  -2.710  0.1607E-84  0.4000E+01
  -2.700  0.1607E-84  0.4000E+01
  -2.690  0.1607E-84  0.4000E+01
  -2.680  0.1607E-84  0.4000E+01
  -2.670  0.1607E-84  0.4000E+01
  -2.660  0.1607E-84  0.4000E+01
  -2.650  0.1607E-84  0.4000E+01
  -2.640  0.1607E-84  0.4000E+01
  -2.630  0.1607E-84  0.4000E+01
  -2.620  0.1607E-84  0.4000E+01
  -2.610  0.1607E-84  0.4000E+01
  -2.600  0.1607E-84  0.4000E+01
  -2.590  0.1607E-84  0.4000E+01
  -2.580  0.1607E-84  0.4000E+01
  -2.570  0.1607E-84  0.4000E+01
  -2.560  0.1607E-84  0.4000E+01
  -2.550  0.1607E-84  0.4000E+01
  -2.540  0.1607E-84  0.4000E+01
  -2.530  0.1607E-84  0.4000E+01
  -2.520  0.1607E-84  0.4000E+01
  -2.510  0.1607E-84  0.4000E+01
  -2.500  0.1607E-84  0.4000E+01
  -2.490  0.1607E-84  0.4000E+01
  -2.480  0.1607E-84  0.4000E+01
  -2.470  0.1607E-84  0.4000E+01
  -2.460  0.1607E-84  0.4000E+01
  -2.450  0.1607E-84  0.4000E+01
  -2.440  0.1607E-84  0.4000E+01
  -2.430  0.1607E-84  0.4000E+01
  -2.420  0.1607E-84  0.4000E+01
  -2.410  0.1607E-84  0.4000E+01
  -2.400  0.1607E-84  0.4000E+01
  -2.390  0.1607E-84  0.4000E+01
  -2.380  0.1607E-84  0.4000E+01
  -2.370  0.1607E-84  0.4000E+01
  -2.360  0.1607E-84  0.4000E+01
  -2.350  0.1607E-84  0.4000E+01
  -2.340  0.1607E-84  0.4000E+01
  -2.330  0.1607E-84  0.4000E+01
  -2.320  0.1607E-84  0.4000E+01
  -2.310  0.1607E-84  0.4000E+01
  -2.300  0.1607E-84  0.4000E+01
  -2.290  0.1607E-84  0.4000E+01
  -2.280  0.1607E-84  0.4000E+01
  -2.270  0.1607E-84  0.4000E+01
  -2.260  0.1607E-84  0.4000E+01
  -2.250  0.1607E-84  0.4000E+01
  -2.240  0.1607E-84  0.4000E+01
  -2.230  0.1607E-84  0.4000E+01
  -2.220  0.1607E-84  0.4000E+01
  -2.210  0.1607E-84  0.4000E+01
  -2.200  0.1607E-84  0.4000E+01
  -2.190  0.1607E-84  0.4000E+01
  -2.180  0.1607E-84  0.4000E+01
  -2.170  0.1607E-84  0.4000E+01
  -2.160  0.1607E-84  0.4000E+01
  -2.150  0.1607E-84  0.4000E+01
  -2.140  0.1607E-84  0.4000E+01
  -2.130  0.1607E-84  0.4000E+01
  -2.120  0.1607E-84  0.4000E+01
  -2.110  0.1607E-84  0.4000E+01
  -2.100  0.1607E-84  0.4000E+01
  -2.090  0.1607E-84  0.4000E+01
  -2.080  0.1607E-84  0.4000E+01
  -2.070  0.1607E-84  0.4000E+01
  -2.060  0.1607E-84  0.4000E+01
  -2.050  0.1607E-84  0.4000E+01
  -2.040  0.1607E-84  0.4000E+01
  -2.030  0.1607E-84  0.4000E+01
  -2.020  0.1607E-84  0.4000E+01
  -2.010  0.1607E-84  0.4000E+01
  -2.000  0.1607E-84  0.4000E+01
  -1.990  0.1607E-84  0.4000E+01
  -1.980  0.1607E-84  0.4000E+01
  -1.970  0.1607E-84  0.4000E+01
  -1.960  0.1609E-84  0.4000E+01
  -1.950  0.1622E-84  0.4000E+01
  -1.940  0.1721E-84  0.4000E+01
  -1.930  0.2475E-84  0.4000E+01
  -1.920  0.8151E-84  0.4000E+01
  -1.910  0.5037E-83  0.4000E+01
  -1.900  0.3611E-82  0.4000E+01
  -1.890  0.2623E-81  0.4000E+01
  -1.880  0.1892E-80  0.4000E+01
  -1.870  0.1350E-79  0.4000E+01
  -1.860  0.9531E-79  0.4000E+01
  -1.850  0.6657E-78  0.4000E+01
  -1.840  0.4600E-77  0.4000E+01
  -1.830  0.3144E-76  0.4000E+01
  -1.820  0.2126E-75  0.4000E+01
  -1.810  0.1422E-74  0.4000E+01
  -1.800  0.9410E-74  0.4000E+01
  -1.790  0.6160E-73  0.4000E+01
  -1.780  0.3990E-72  0.4000E+01
  -1.770  0.2556E-71  0.4000E+01
  -1.760  0.1620E-70  0.4000E+01
  -1.750  0.1016E-69  0.4000E+01
  -1.740  0.6299E-69  0.4000E+01
  -1.730  0.3865E-68  0.4000E+01
  -1.720  0.2346E-67  0.4000E+01
  -1.710  0.1409E-66  0.4000E+01
  -1.700  0.8369E-66  0.4000E+01
  -1.690  0.4918E-65  0.4000E+01
  -1.680  0.2859E-64  0.4000E+01
  -1.670  0.1644E-63  0.4000E+01
  -1.660  0.9356E-63  0.4000E+01
  -1.650  0.5266E-62  0.4000E+01
  -1.640  0.2932E-61  0.4000E+01
  -1.630  0.1615E-60  0.4000E+01
  -1.620  0.8801E-60  0.4000E+01
  -1.610  0.4744E-59  0.4000E+01
  -1.600  0.2530E-58  0.4000E+01
  -1.590  0.1335E-57  0.4000E+01
  -1.580  0.6966E-57  0.4000E+01
  -1.570  0.3597E-56  0.4000E+01
  -1.560  0.1837E-55  0.4000E+01
  -1.550  0.9283E-55  0.4000E+01
  -1.540  0.4640E-54  0.4000E+01
  -1.530  0.2295E-53  0.4000E+01
  -1.520  0.1123E-52  0.4000E+01
  -1.510  0.5433E-52  0.4000E+01
  -1.500  0.2601E-51  0.4000E+01
  -1.490  0.1232E-50  0.4000E+01
  -1.480  0.5774E-50  0.4000E+01
  -1.470  0.2676E-49  0.4000E+01
  -1.460  0.1227E-48  0.4000E+01
  -1.450  0.5568E-48  0.4000E+01
  -1.440  0.2499E-47  0.4000E+01
  -1.430  0.1110E-46  0.4000E+01
  -1.420  0.4874E-46  0.4000E+01
  -1.410  0.2118E-45  0.4000E+01
  -1.400  0.9105E-45  0.4000E+01
  -1.390  0.3872E-44  0.4000E+01
  -1.380  0.1629E-43  0.4000E+01
  -1.370  0.6782E-43  0.4000E+01
  -1.360  0.2793E-42  0.4000E+01
  -1.350  0.1138E-41  0.4000E+01
  -1.340  0.4585E-41  0.4000E+01
  -1.330  0.1828E-40  0.4000E+01
  -1.320  0.7211E-40  0.4000E+01
  -1.310  0.2814E-39  0.4000E+01
  -1.300  0.1086E-38  0.4000E+01
  -1.290  0.4149E-38  0.4000E+01
  -1.280  0.1568E-37  0.4000E+01
  -1.270  0.5861E-37  0.4000E+01
  -1.260  0.2167E-36  0.4000E+01
  -1.250  0.7930E-36  0.4000E+01
  -1.240  0.2871E-35  0.4000E+01
  -1.230  0.1028E-34  0.4000E+01
  -1.220  0.3642E-34  0.4000E+01
  -1.210  0.1277E-33  0.4000E+01
  -1.200  0.4427E-33  0.4000E+01
  -1.190  0.1519E-32  0.4000E+01
  -1.180  0.5154E-32  0.4000E+01
  -1.170  0.1731E-31  0.4000E+01
  -1.160  0.5750E-31  0.4000E+01
  -1.150  0.1890E-30  0.4000E+01
  -1.140  0.6146E-30  0.4000E+01
  -1.130  0.1977E-29  0.4000E+01
  -1.120  0.6294E-29  0.4000E+01
  -1.110  0.1982E-28  0.4000E+01
  -1.100  0.6175E-28  0.4000E+01
  -1.090  0.1904E-27  0.4000E+01
  -1.080  0.5805E-27  0.4000E+01
  -1.070  0.1752E-26  0.4000E+01
  -1.060  0.5230E-26  0.4000E+01
  -1.050  0.1545E-25  0.4000E+01
  -1.040  0.4514E-25  0.4000E+01
  -1.030  0.1305E-24  0.4000E+01
  -1.020  0.3734E-24  0.4000E+01
  -1.010  0.1057E-23  0.4000E+01
  -1.000  0.2960E-23  0.4000E+01
  -0.990  0.8201E-23  0.4000E+01
  -0.980  0.2248E-22  0.4000E+01
  -0.970  0.6098E-22  0.4000E+01
  -0.960  0.1637E-21  0.4000E+01
  -0.950  0.4346E-21  0.4000E+01
  -0.940  0.1142E-20  0.4000E+01
  -0.930  0.2969E-20  0.4000E+01
  -0.920  0.7637E-20  0.4000E+01
  -0.910  0.1944E-19  0.4000E+01
  -0.900  0.4895E-19  0.4000E+01
  -0.890  0.1220E-18  0.4000E+01
  -0.880  0.3008E-18  0.4000E+01
  -0.870  0.7337E-18  0.4000E+01
  -0.860  0.1771E-17  0.4000E+01
  -0.850  0.4231E-17  0.4000E+01
  -0.840  0.1000E-16  0.4000E+01
  -0.830  0.2339E-16  0.4000E+01
  -0.820  0.5413E-16  0.4000E+01
  -0.810  0.1240E-15  0.4000E+01
  -0.800  0.2809E-15  0.4000E+01
  -0.790  0.6299E-15  0.4000E+01
  -0.780  0.1398E-14  0.4000E+01
  -0.770  0.3069E-14  0.4000E+01
  -0.760  0.6667E-14  0.4000E+01
  -0.750  0.1433E-13  0.4000E+01
  -0.740  0.3050E-13  0.4000E+01
  -0.730  0.6421E-13  0.4000E+01
  -0.720  0.1338E-12  0.4000E+01
  -0.710  0.2758E-12  0.4000E+01
  -0.700  0.5627E-12  0.4000E+01
  -0.690  0.1136E-11  0.4000E+01
  -0.680  0.2270E-11  0.4000E+01
  -0.670  0.4488E-11  0.4000E+01
  -0.660  0.8782E-11  0.4000E+01
  -0.650  0.1701E-10  0.4000E+01
  -0.640  0.3259E-10  0.4000E+01
  -0.630  0.6181E-10  0.4000E+01
  -0.620  0.1160E-09  0.4000E+01
  -0.610  0.2155E-09  0.4000E+01
  -0.600  0.3960E-09  0.4000E+01
  -0.590  0.7205E-09  0.4000E+01
  -0.580  0.1297E-08  0.4000E+01
  -0.570  0.2311E-08  0.4000E+01
  -0.560  0.4076E-08  0.4000E+01
  -0.550  0.7113E-08  0.4000E+01
  -0.540  0.1229E-07  0.4000E+01
  -0.530  0.2100E-07  0.4000E+01
  -0.520  0.3553E-07  0.4000E+01
  -0.510  0.5950E-07  0.4000E+01
  -0.500  0.9861E-07  0.4000E+01
  -0.490  0.1618E-06  0.4000E+01
  -0.480  0.2626E-06  0.4000E+01
  -0.470  0.4220E-06  0.4000E+01
  -0.460  0.6713E-06  0.4000E+01
  -0.450  0.1057E-05  0.4000E+01
  -0.440  0.1647E-05  0.4000E+01
  -0.430  0.2540E-05  0.4000E+01
  -0.420  0.3878E-05  0.4000E+01
  -0.410  0.5862E-05  0.4000E+01
  -0.400  0.8770E-05  0.4000E+01
  -0.390  0.1299E-04  0.4000E+01
  -0.380  0.1905E-04  0.4000E+01
  -0.370  0.2765E-04  0.4000E+01
  -0.360  0.3973E-04  0.4000E+01
  -0.350  0.5653E-04  0.4000E+01
  -0.340  0.7964E-04  0.4000E+01
  -0.330  0.1111E-03  0.4000E+01
  -0.320  0.1534E-03  0.4000E+01
  -0.310  0.2099E-03  0.4000E+01
  -0.300  0.2844E-03  0.4000E+01
  -0.290  0.3815E-03  0.4000E+01
  -0.280  0.5071E-03  0.4000E+01
  -0.270  0.6676E-03  0.4000E+01
  -0.260  0.8707E-03  0.4000E+01
  -0.250  0.1125E-02  0.4000E+01
  -0.240  0.1441E-02  0.4000E+01
  -0.230  0.1829E-02  0.4000E+01
  -0.220  0.2301E-02  0.4000E+01
  -0.210  0.2869E-02  0.4000E+01
  -0.200  0.3548E-02  0.4000E+01
  -0.190  0.4351E-02  0.4000E+01
  -0.180  0.5292E-02  0.4000E+01
  -0.170  0.6386E-02  0.4000E+01
  -0.160  0.7646E-02  0.4000E+01
  -0.150  0.9085E-02  0.4000E+01
  -0.140  0.1072E-01  0.4001E+01
  -0.130  0.1255E-01  0.4001E+01
  -0.120  0.1461E-01  0.4001E+01
  -0.110  0.1688E-01  0.4001E+01
  -0.100  0.1938E-01  0.4001E+01
  -0.090  0.2213E-01  0.4001E+01
  -0.080  0.2511E-01  0.4002E+01
  -0.070  0.2833E-01  0.4002E+01
  -0.060  0.3179E-01  0.4002E+01
  -0.050  0.3549E-01  0.4003E+01
  -0.040  0.3942E-01  0.4003E+01
  -0.030  0.4358E-01  0.4003E+01
  -0.020  0.4795E-01  0.4004E+01
  -0.010  0.5253E-01  0.4004E+01
   0.000  0.5729E-01  0.4005E+01
   0.010  0.6221E-01  0.4006E+01
   0.020  0.6729E-01  0.4006E+01
   0.030  0.7248E-01  0.4007E+01
   0.040  0.7777E-01  0.4008E+01
   0.050  0.8313E-01  0.4009E+01
   0.060  0.8852E-01  0.4010E+01
   0.070  0.9391E-01  0.4011E+01
   0.080  0.9928E-01  0.4012E+01
   0.090  0.1046E+00  0.4013E+01
   0.100  0.1098E+00  0.4014E+01
   0.110  0.1150E+00  0.4015E+01
   0.120  0.1200E+00  0.4016E+01
   0.130  0.1249E+00  0.4017E+01
   0.140  0.1297E+00  0.4019E+01
   0.150  0.1344E+00  0.4020E+01
   0.160  0.1390E+00  0.4021E+01
   0.170  0.1437E+00  0.4023E+01
   0.180  0.1485E+00  0.4024E+01
   0.190  0.1535E+00  0.4026E+01
   0.200  0.1589E+00  0.4027E+01
   0.210  0.1647E+00  0.4029E+01
   0.220  0.1712E+00  0.4031E+01
   0.230  0.1785E+00  0.4032E+01
   0.240  0.1869E+00  0.4034E+01
   0.250  0.1965E+00  0.4036E+01
   0.260  0.2077E+00  0.4038E+01
   0.270  0.2205E+00  0.4041E+01
   0.280  0.2353E+00  0.4043E+01
   0.290  0.2523E+00  0.4045E+01
   0.300  0.2716E+00  0.4048E+01
   0.310  0.2934E+00  0.4051E+01
   0.320  0.3179E+00  0.4054E+01
   0.330  0.3451E+00  0.4058E+01
   0.340  0.3751E+00  0.4062E+01
   0.350  0.4079E+00  0.4066E+01
   0.360  0.4436E+00  0.4070E+01
   0.370  0.4819E+00  0.4075E+01
   0.380  0.5228E+00  0.4080E+01
   0.390  0.5661E+00  0.4086E+01
   0.400  0.6116E+00  0.4092E+01
   0.410  0.6590E+00  0.4098E+01
   0.420  0.7081E+00  0.4106E+01
   0.430  0.7586E+00  0.4113E+01
   0.440  0.8100E+00  0.4121E+01
   0.450  0.8622E+00  0.4130E+01
   0.460  0.9148E+00  0.4139E+01
   0.470  0.9674E+00  0.4149E+01
   0.480  0.1020E+01  0.4159E+01
   0.490  0.1072E+01  0.4170E+01
   0.500  0.1123E+01  0.4181E+01
   0.510  0.1172E+01  0.4193E+01
   0.520  0.1221E+01  0.4205E+01
   0.530  0.1268E+01  0.4217E+01
   0.540  0.1314E+01  0.4231E+01
   0.550  0.1357E+01  0.4244E+01
   0.560  0.1399E+01  0.4258E+01
   0.570  0.1439E+01  0.4272E+01
   0.580  0.1477E+01  0.4287E+01
   0.590  0.1513E+01  0.4302E+01
   0.600  0.1547E+01  0.4318E+01
   0.610  0.1580E+01  0.4334E+01
   0.620  0.1610E+01  0.4350E+01
   0.630  0.1639E+01  0.4366E+01
   0.640  0.1665E+01  0.4383E+01
   0.650  0.1690E+01  0.4400E+01
   0.660  0.1714E+01  0.4417E+01
   0.670  0.1735E+01  0.4434E+01
   0.680  0.1755E+01  0.4452E+01
   0.690  0.1773E+01  0.4469E+01
   0.700  0.1790E+01  0.4487E+01
   0.710  0.1805E+01  0.4505E+01
   0.720  0.1818E+01  0.4524E+01
   0.730  0.1829E+01  0.4542E+01
   0.740  0.1839E+01  0.4560E+01
   0.750  0.1847E+01  0.4579E+01
   0.760  0.1853E+01  0.4597E+01
   0.770  0.1858E+01  0.4616E+01
   0.780  0.1861E+01  0.4634E+01
   0.790  0.1864E+01  0.4653E+01
   0.800  0.1865E+01  0.4672E+01
   0.810  0.1866E+01  0.4690E+01
   0.820  0.1867E+01  0.4709E+01
   0.830  0.1867E+01  0.4728E+01
   0.840  0.1868E+01  0.4746E+01
   0.850  0.1869E+01  0.4765E+01
   0.860  0.1871E+01  0.4784E+01
   0.870  0.1874E+01  0.4803E+01
   0.880  0.1878E+01  0.4821E+01
   0.890  0.1884E+01  0.4840E+01
   0.900  0.1892E+01  0.4859E+01
   0.910  0.1902E+01  0.4878E+01
   0.920  0.1914E+01  0.4897E+01
   0.930  0.1928E+01  0.4917E+01
   0.940  0.1944E+01  0.4936E+01
   0.950  0.1962E+01  0.4956E+01
   0.960  0.1982E+01  0.4975E+01
   0.970  0.2003E+01  0.4995E+01
   0.980  0.2024E+01  0.5016E+01
   0.990  0.2046E+01  0.5036E+01
   1.000  0.2069E+01  0.5057E+01
   1.010  0.2090E+01  0.5078E+01
   1.020  0.2110E+01  0.5099E+01
   1.030  0.2129E+01  0.5120E+01
   1.040  0.2145E+01  0.5142E+01
   1.050  0.2159E+01  0.5163E+01
   1.060  0.2169E+01  0.5185E+01
   1.070  0.2177E+01  0.5207E+01
   1.080  0.2180E+01  0.5228E+01
   1.090  0.2180E+01  0.5250E+01
   1.100  0.2177E+01  0.5272E+01
   1.110  0.2170E+01  0.5294E+01
   1.120  0.2161E+01  0.5315E+01
   1.130  0.2149E+01  0.5337E+01
   1.140  0.2136E+01  0.5358E+01
   1.150  0.2122E+01  0.5379E+01
   1.160  0.2107E+01  0.5400E+01
   1.170  0.2094E+01  0.5421E+01
   1.180  0.2081E+01  0.5442E+01
   1.190  0.2071E+01  0.5463E+01
   1.200  0.2063E+01  0.5484E+01
   1.210  0.2058E+01  0.5504E+01
   1.220  0.2056E+01  0.5525E+01
   1.230  0.2057E+01  0.5545E+01
   1.240  0.2061E+01  0.5566E+01
   1.250  0.2067E+01  0.5587E+01
   1.260  0.2076E+01  0.5607E+01
   1.270  0.2085E+01  0.5628E+01
   1.280  0.2096E+01  0.5649E+01
   1.290  0.2106E+01  0.5670E+01
   1.300  0.2115E+01  0.5691E+01
   1.310  0.2122E+01  0.5713E+01
   1.320  0.2127E+01  0.5734E+01
   1.330  0.2129E+01  0.5755E+01
   1.340  0.2126E+01  0.5776E+01
   1.350  0.2120E+01  0.5798E+01
   1.360  0.2110E+01  0.5819E+01
   1.370  0.2095E+01  0.5840E+01
   1.380  0.2076E+01  0.5860E+01
   1.390  0.2053E+01  0.5881E+01
   1.400  0.2027E+01  0.5901E+01
   1.410  0.1997E+01  0.5921E+01
   1.420  0.1965E+01  0.5941E+01
   1.430  0.1930E+01  0.5960E+01
   1.440  0.1894E+01  0.5979E+01
   1.450  0.1857E+01  0.5998E+01
   1.460  0.1820E+01  0.6016E+01
   1.470  0.1783E+01  0.6034E+01
   1.480  0.1747E+01  0.6051E+01
   1.490  0.1712E+01  0.6068E+01
   1.500  0.1678E+01  0.6085E+01
   1.510  0.1647E+01  0.6102E+01
   1.520  0.1617E+01  0.6118E+01
   1.530  0.1589E+01  0.6134E+01
   1.540  0.1563E+01  0.6149E+01
   1.550  0.1540E+01  0.6165E+01
   1.560  0.1519E+01  0.6180E+01
   1.570  0.1500E+01  0.6195E+01
   1.580  0.1483E+01  0.6210E+01
   1.590  0.1469E+01  0.6224E+01
   1.600  0.1456E+01  0.6239E+01
   1.610  0.1446E+01  0.6253E+01
   1.620  0.1437E+01  0.6268E+01
   1.630  0.1431E+01  0.6282E+01
   1.640  0.1427E+01  0.6296E+01
   1.650  0.1424E+01  0.6311E+01
   1.660  0.1424E+01  0.6325E+01
   1.670  0.1427E+01  0.6339E+01
   1.680  0.1431E+01  0.6353E+01
   1.690  0.1438E+01  0.6368E+01
   1.700  0.1447E+01  0.6382E+01
   1.710  0.1459E+01  0.6397E+01
   1.720  0.1473E+01  0.6412E+01
   1.730  0.1490E+01  0.6426E+01
   1.740  0.1509E+01  0.6442E+01
   1.750  0.1530E+01  0.6457E+01
   1.760  0.1554E+01  0.6472E+01
   1.770  0.1579E+01  0.6488E+01
   1.780  0.1606E+01  0.6504E+01
   1.790  0.1634E+01  0.6521E+01
   1.800  0.1664E+01  0.6537E+01
   1.810  0.1693E+01  0.6554E+01
   1.820  0.1723E+01  0.6571E+01
   1.830  0.1751E+01  0.6589E+01
   1.840  0.1779E+01  0.6607E+01
   1.850  0.1805E+01  0.6625E+01
   1.860  0.1829E+01  0.6643E+01
   1.870  0.1849E+01  0.6662E+01
   1.880  0.1867E+01  0.6680E+01
   1.890  0.1881E+01  0.6699E+01
   1.900  0.1890E+01  0.6718E+01
   1.910  0.1896E+01  0.6737E+01
   1.920  0.1898E+01  0.6756E+01
   1.930  0.1896E+01  0.6775E+01
   1.940  0.1890E+01  0.6794E+01
   1.950  0.1881E+01  0.6813E+01
   1.960  0.1869E+01  0.6831E+01
   1.970  0.1854E+01  0.6850E+01
   1.980  0.1838E+01  0.6868E+01
   1.990  0.1821E+01  0.6886E+01
   2.000  0.1802E+01  0.6904E+01
   2.010  0.1784E+01  0.6922E+01
   2.020  0.1766E+01  0.6940E+01
   2.030  0.1749E+01  0.6957E+01
   2.040  0.1732E+01  0.6975E+01
   2.050  0.1717E+01  0.6992E+01
   2.060  0.1704E+01  0.7009E+01
   2.070  0.1691E+01  0.7026E+01
   2.080  0.1679E+01  0.7043E+01
   2.090  0.1669E+01  0.7059E+01
   2.100  0.1658E+01  0.7076E+01
   2.110  0.1648E+01  0.7092E+01
   2.120  0.1638E+01  0.7109E+01
   2.130  0.1627E+01  0.7125E+01
   2.140  0.1615E+01  0.7141E+01
   2.150  0.1602E+01  0.7157E+01
   2.160  0.1587E+01  0.7173E+01
   2.170  0.1571E+01  0.7189E+01
   2.180  0.1553E+01  0.7204E+01
   2.190  0.1533E+01  0.7220E+01
   2.200  0.1511E+01  0.7235E+01
   2.210  0.1488E+01  0.7250E+01
   2.220  0.1464E+01  0.7264E+01
   2.230  0.1439E+01  0.7279E+01
   2.240  0.1413E+01  0.7293E+01
   2.250  0.1387E+01  0.7307E+01
   2.260  0.1360E+01  0.7320E+01
   2.270  0.1334E+01  0.7334E+01
   2.280  0.1309E+01  0.7347E+01
   2.290  0.1285E+01  0.7359E+01
   2.300  0.1262E+01  0.7372E+01
   2.310  0.1241E+01  0.7384E+01
   2.320  0.1222E+01  0.7397E+01
   2.330  0.1205E+01  0.7409E+01
   2.340  0.1190E+01  0.7421E+01
   2.350  0.1177E+01  0.7432E+01
   2.360  0.1168E+01  0.7444E+01
   2.370  0.1161E+01  0.7456E+01
   2.380  0.1157E+01  0.7467E+01
   2.390  0.1155E+01  0.7479E+01
   2.400  0.1157E+01  0.7490E+01
   2.410  0.1162E+01  0.7502E+01
   2.420  0.1171E+01  0.7514E+01
   2.430  0.1182E+01  0.7526E+01
   2.440  0.1197E+01  0.7538E+01
   2.450  0.1215E+01  0.7550E+01
   2.460  0.1236E+01  0.7562E+01
   2.470  0.1261E+01  0.7575E+01
   2.480  0.1288E+01  0.7588E+01
   2.490  0.1318E+01  0.7601E+01
   2.500  0.1351E+01  0.7614E+01
   2.510  0.1386E+01  0.7628E+01
   2.520  0.1422E+01  0.7642E+01
   2.530  0.1460E+01  0.7657E+01
   2.540  0.1499E+01  0.7672E+01
   2.550  0.1539E+01  0.7687E+01
   2.560  0.1579E+01  0.7703E+01
   2.570  0.1619E+01  0.7719E+01
   2.580  0.1657E+01  0.7736E+01
   2.590  0.1695E+01  0.7753E+01
   2.600  0.1731E+01  0.7770E+01
   2.610  0.1765E+01  0.7788E+01
   2.620  0.1797E+01  0.7806E+01
   2.630  0.1827E+01  0.7824E+01
   2.640  0.1855E+01  0.7843E+01
   2.650  0.1881E+01  0.7861E+01
   2.660  0.1904E+01  0.7880E+01
   2.670  0.1926E+01  0.7900E+01
   2.680  0.1945E+01  0.7919E+01
   2.690  0.1963E+01  0.7939E+01
   2.700  0.1979E+01  0.7959E+01
   2.710  0.1994E+01  0.7978E+01
   2.720  0.2007E+01  0.7999E+01
   2.730  0.2018E+01  0.8019E+01
   2.740  0.2028E+01  0.8039E+01
   2.750  0.2037E+01  0.8059E+01
   2.760  0.2043E+01  0.8080E+01
   2.770  0.2047E+01  0.8100E+01
   2.780  0.2049E+01  0.8121E+01
   2.790  0.2049E+01  0.8141E+01
   2.800  0.2046E+01  0.8162E+01
   2.810  0.2040E+01  0.8182E+01
   2.820  0.2030E+01  0.8202E+01
   2.830  0.2018E+01  0.8223E+01
   2.840  0.2003E+01  0.8243E+01
   2.850  0.1985E+01  0.8262E+01
   2.860  0.1963E+01  0.8282E+01
   2.870  0.1939E+01  0.8301E+01
   2.880  0.1913E+01  0.8321E+01
   2.890  0.1885E+01  0.8339E+01
   2.900  0.1855E+01  0.8358E+01
   2.910  0.1825E+01  0.8376E+01
   2.920  0.1794E+01  0.8394E+01
   2.930  0.1762E+01  0.8412E+01
   2.940  0.1732E+01  0.8429E+01
   2.950  0.1702E+01  0.8446E+01
   2.960  0.1674E+01  0.8463E+01
   2.970  0.1649E+01  0.8479E+01
   2.980  0.1626E+01  0.8496E+01
   2.990  0.1605E+01  0.8512E+01
   3.000  0.1588E+01  0.8528E+01
   3.010  0.1575E+01  0.8543E+01
   3.020  0.1565E+01  0.8559E+01
   3.030  0.1558E+01  0.8575E+01
   3.040  0.1556E+01  0.8590E+01
   3.050  0.1557E+01  0.8606E+01
   3.060  0.1562E+01  0.8621E+01
   3.070  0.1570E+01  0.8637E+01
   3.080  0.1581E+01  0.8653E+01
   3.090  0.1596E+01  0.8669E+01
   3.100  0.1613E+01  0.8685E+01
   3.110  0.1633E+01  0.8701E+01
   3.120  0.1655E+01  0.8718E+01
   3.130  0.1679E+01  0.8735E+01
   3.140  0.1705E+01  0.8752E+01
   3.150  0.1733E+01  0.8769E+01
   3.160  0.1762E+01  0.8787E+01
   3.170  0.1793E+01  0.8805E+01
   3.180  0.1824E+01  0.8823E+01
   3.190  0.1856E+01  0.8841E+01
   3.200  0.1889E+01  0.8860E+01
   3.210  0.1922E+01  0.8879E+01
   3.220  0.1955E+01  0.8899E+01
   3.230  0.1989E+01  0.8919E+01
   3.240  0.2022E+01  0.8939E+01
   3.250  0.2054E+01  0.8960E+01
   3.260  0.2086E+01  0.8980E+01
   3.270  0.2117E+01  0.9002E+01
   3.280  0.2148E+01  0.9023E+01
   3.290  0.2178E+01  0.9045E+01
   3.300  0.2206E+01  0.9067E+01
   3.310  0.2234E+01  0.9089E+01
   3.320  0.2261E+01  0.9112E+01
   3.330  0.2286E+01  0.9135E+01
   3.340  0.2311E+01  0.9158E+01
   3.350  0.2333E+01  0.9181E+01
   3.360  0.2354E+01  0.9205E+01
   3.370  0.2374E+01  0.9229E+01
   3.380  0.2391E+01  0.9252E+01
   3.390  0.2406E+01  0.9276E+01
   3.400  0.2418E+01  0.9301E+01
   3.410  0.2428E+01  0.9325E+01
   3.420  0.2435E+01  0.9349E+01
   3.430  0.2439E+01  0.9374E+01
   3.440  0.2440E+01  0.9398E+01
   3.450  0.2438E+01  0.9422E+01
   3.460  0.2433E+01  0.9447E+01
   3.470  0.2425E+01  0.9471E+01
   3.480  0.2416E+01  0.9495E+01
   3.490  0.2406E+01  0.9519E+01
   3.500  0.2394E+01  0.9543E+01
   3.510  0.2382E+01  0.9567E+01
   3.520  0.2371E+01  0.9591E+01
   3.530  0.2361E+01  0.9614E+01
   3.540  0.2353E+01  0.9638E+01
   3.550  0.2347E+01  0.9661E+01
   3.560  0.2345E+01  0.9685E+01
   3.570  0.2346E+01  0.9708E+01
   3.580  0.2350E+01  0.9732E+01
   3.590  0.2359E+01  0.9755E+01
   3.600  0.2372E+01  0.9779E+01
   3.610  0.2388E+01  0.9803E+01
   3.620  0.2407E+01  0.9827E+01
   3.630  0.2430E+01  0.9851E+01
   3.640  0.2454E+01  0.9876E+01
   3.650  0.2480E+01  0.9901E+01
   3.660  0.2507E+01  0.9926E+01
   3.670  0.2534E+01  0.9951E+01
   3.680  0.2560E+01  0.9977E+01
   3.690  0.2585E+01  0.1000E+02
   3.700  0.2607E+01  0.1003E+02
   3.710  0.2627E+01  0.1005E+02
   3.720  0.2644E+01  0.1008E+02
   3.730  0.2657E+01  0.1011E+02
   3.740  0.2666E+01  0.1013E+02
   3.750  0.2672E+01  0.1016E+02
   3.760  0.2674E+01  0.1019E+02
   3.770  0.2672E+01  0.1021E+02
   3.780  0.2667E+01  0.1024E+02
   3.790  0.2659E+01  0.1027E+02
   3.800  0.2648E+01  0.1029E+02
   3.810  0.2634E+01  0.1032E+02
   3.820  0.2619E+01  0.1035E+02
   3.830  0.2602E+01  0.1037E+02
   3.840  0.2584E+01  0.1040E+02
   3.850  0.2566E+01  0.1042E+02
   3.860  0.2547E+01  0.1045E+02
   3.870  0.2528E+01  0.1048E+02
   3.880  0.2509E+01  0.1050E+02
   3.890  0.2492E+01  0.1053E+02
   3.900  0.2475E+01  0.1055E+02
   3.910  0.2460E+01  0.1057E+02
   3.920  0.2447E+01  0.1060E+02
   3.930  0.2436E+01  0.1062E+02
   3.940  0.2428E+01  0.1065E+02
   3.950  0.2422E+01  0.1067E+02
   3.960  0.2419E+01  0.1070E+02
   3.970  0.2419E+01  0.1072E+02
   3.980  0.2422E+01  0.1074E+02
   3.990  0.2429E+01  0.1077E+02
   4.000  0.2439E+01  0.1079E+02
   4.010  0.2453E+01  0.1082E+02
   4.020  0.2469E+01  0.1084E+02
   4.030  0.2489E+01  0.1087E+02
   4.040  0.2512E+01  0.1089E+02
   4.050  0.2537E+01  0.1092E+02
   4.060  0.2565E+01  0.1094E+02
   4.070  0.2594E+01  0.1097E+02
   4.080  0.2624E+01  0.1100E+02
   4.090  0.2655E+01  0.1102E+02
   4.100  0.2686E+01  0.1105E+02
   4.110  0.2717E+01  0.1108E+02
   4.120  0.2747E+01  0.1110E+02
   4.130  0.2777E+01  0.1113E+02
   4.140  0.2805E+01  0.1116E+02
   4.150  0.2831E+01  0.1119E+02
   4.160  0.2856E+01  0.1122E+02
   4.170  0.2880E+01  0.1125E+02
   4.180  0.2902E+01  0.1127E+02
   4.190  0.2922E+01  0.1130E+02
   4.200  0.2942E+01  0.1133E+02
   4.210  0.2961E+01  0.1136E+02
   4.220  0.2979E+01  0.1139E+02
   4.230  0.2996E+01  0.1142E+02
   4.240  0.3014E+01  0.1145E+02
   4.250  0.3032E+01  0.1148E+02
   4.260  0.3049E+01  0.1151E+02
   4.270  0.3067E+01  0.1154E+02
   4.280  0.3085E+01  0.1157E+02
   4.290  0.3103E+01  0.1161E+02
   4.300  0.3121E+01  0.1164E+02
   4.310  0.3138E+01  0.1167E+02
   4.320  0.3154E+01  0.1170E+02
   4.330  0.3170E+01  0.1173E+02
   4.340  0.3184E+01  0.1176E+02
   4.350  0.3196E+01  0.1180E+02
   4.360  0.3207E+01  0.1183E+02
   4.370  0.3217E+01  0.1186E+02
   4.380  0.3224E+01  0.1189E+02
   4.390  0.3230E+01  0.1192E+02
   4.400  0.3235E+01  0.1196E+02
   4.410  0.3240E+01  0.1199E+02
   4.420  0.3243E+01  0.1202E+02
   4.430  0.3248E+01  0.1205E+02
   4.440  0.3253E+01  0.1209E+02
   4.450  0.3259E+01  0.1212E+02
   4.460  0.3268E+01  0.1215E+02
   4.470  0.3279E+01  0.1218E+02
   4.480  0.3294E+01  0.1222E+02
   4.490  0.3312E+01  0.1225E+02
   4.500  0.3335E+01  0.1228E+02
   4.510  0.3361E+01  0.1232E+02
   4.520  0.3391E+01  0.1235E+02
   4.530  0.3425E+01  0.1239E+02
   4.540  0.3462E+01  0.1242E+02
   4.550  0.3502E+01  0.1246E+02
   4.560  0.3544E+01  0.1249E+02
   4.570  0.3589E+01  0.1253E+02
   4.580  0.3634E+01  0.1256E+02
   4.590  0.3679E+01  0.1260E+02
   4.600  0.3725E+01  0.1264E+02
   4.610  0.3770E+01  0.1267E+02
   4.620  0.3815E+01  0.1271E+02
   4.630  0.3858E+01  0.1275E+02
   4.640  0.3901E+01  0.1279E+02
   4.650  0.3942E+01  0.1283E+02
   4.660  0.3982E+01  0.1287E+02
   4.670  0.4021E+01  0.1291E+02
   4.680  0.4059E+01  0.1295E+02
   4.690  0.4095E+01  0.1299E+02
   4.700  0.4131E+01  0.1303E+02
   4.710  0.4166E+01  0.1307E+02
   4.720  0.4200E+01  0.1312E+02
   4.730  0.4232E+01  0.1316E+02
   4.740  0.4262E+01  0.1320E+02
   4.750  0.4290E+01  0.1324E+02
   4.760  0.4315E+01  0.1329E+02
   4.770  0.4336E+01  0.1333E+02
   4.780  0.4354E+01  0.1337E+02
   4.790  0.4367E+01  0.1342E+02
   4.800  0.4375E+01  0.1346E+02
   4.810  0.4378E+01  0.1351E+02
   4.820  0.4376E+01  0.1355E+02
   4.830  0.4367E+01  0.1359E+02
   4.840  0.4353E+01  0.1364E+02
   4.850  0.4333E+01  0.1368E+02
   4.860  0.4308E+01  0.1372E+02
   4.870  0.4277E+01  0.1377E+02
   4.880  0.4241E+01  0.1381E+02
   4.890  0.4200E+01  0.1385E+02
   4.900  0.4156E+01  0.1389E+02
   4.910  0.4107E+01  0.1393E+02
   4.920  0.4055E+01  0.1397E+02
   4.930  0.4001E+01  0.1401E+02
   4.940  0.3944E+01  0.1405E+02
   4.950  0.3885E+01  0.1409E+02
   4.960  0.3825E+01  0.1413E+02
   4.970  0.3765E+01  0.1417E+02
   4.980  0.3703E+01  0.1420E+02
   4.990  0.3642E+01  0.1424E+02
   5.000  0.3581E+01  0.1428E+02
   5.010  0.3520E+01  0.1431E+02
   5.020  0.3460E+01  0.1435E+02
   5.030  0.3400E+01  0.1438E+02
   5.040  0.3342E+01  0.1441E+02
   5.050  0.3285E+01  0.1445E+02
   5.060  0.3229E+01  0.1448E+02
   5.070  0.3174E+01  0.1451E+02
   5.080  0.3121E+01  0.1454E+02
   5.090  0.3069E+01  0.1457E+02
   5.100  0.3018E+01  0.1460E+02
   5.110  0.2968E+01  0.1463E+02
   5.120  0.2920E+01  0.1466E+02
   5.130  0.2873E+01  0.1469E+02
   5.140  0.2827E+01  0.1472E+02
   5.150  0.2783E+01  0.1475E+02
   5.160  0.2740E+01  0.1477E+02
   5.170  0.2697E+01  0.1480E+02
   5.180  0.2656E+01  0.1483E+02
   5.190  0.2616E+01  0.1485E+02
   5.200  0.2576E+01  0.1488E+02
   5.210  0.2537E+01  0.1490E+02
   5.220  0.2498E+01  0.1493E+02
   5.230  0.2459E+01  0.1495E+02
   5.240  0.2420E+01  0.1498E+02
   5.250  0.2381E+01  0.1500E+02
   5.260  0.2341E+01  0.1503E+02
   5.270  0.2300E+01  0.1505E+02
   5.280  0.2260E+01  0.1507E+02
   5.290  0.2219E+01  0.1509E+02
   5.300  0.2177E+01  0.1512E+02
   5.310  0.2136E+01  0.1514E+02
   5.320  0.2095E+01  0.1516E+02
   5.330  0.2054E+01  0.1518E+02
   5.340  0.2014E+01  0.1520E+02
   5.350  0.1975E+01  0.1522E+02
   5.360  0.1937E+01  0.1524E+02
   5.370  0.1901E+01  0.1526E+02
   5.380  0.1866E+01  0.1527E+02
   5.390  0.1833E+01  0.1529E+02
   5.400  0.1801E+01  0.1531E+02
   5.410  0.1772E+01  0.1533E+02
   5.420  0.1743E+01  0.1535E+02
   5.430  0.1716E+01  0.1536E+02
   5.440  0.1690E+01  0.1538E+02
   5.450  0.1665E+01  0.1540E+02
   5.460  0.1640E+01  0.1541E+02
   5.470  0.1616E+01  0.1543E+02
   5.480  0.1593E+01  0.1545E+02
   5.490  0.1570E+01  0.1546E+02
   5.500  0.1546E+01  0.1548E+02
   5.510  0.1523E+01  0.1549E+02
   5.520  0.1500E+01  0.1551E+02
   5.530  0.1478E+01  0.1552E+02
   5.540  0.1455E+01  0.1554E+02
   5.550  0.1432E+01  0.1555E+02
   5.560  0.1409E+01  0.1556E+02
   5.570  0.1387E+01  0.1558E+02
   5.580  0.1364E+01  0.1559E+02
   5.590  0.1342E+01  0.1561E+02
   5.600  0.1320E+01  0.1562E+02
   5.610  0.1298E+01  0.1563E+02
   5.620  0.1277E+01  0.1564E+02
   5.630  0.1255E+01  0.1566E+02
   5.640  0.1234E+01  0.1567E+02
   5.650  0.1213E+01  0.1568E+02
   5.660  0.1192E+01  0.1569E+02
   5.670  0.1171E+01  0.1571E+02
   5.680  0.1150E+01  0.1572E+02
   5.690  0.1130E+01  0.1573E+02
   5.700  0.1110E+01  0.1574E+02
   5.710  0.1089E+01  0.1575E+02
   5.720  0.1069E+01  0.1576E+02
   5.730  0.1049E+01  0.1577E+02
   5.740  0.1029E+01  0.1578E+02
   5.750  0.1009E+01  0.1579E+02
   5.760  0.9891E+00  0.1580E+02
   5.770  0.9690E+00  0.1581E+02
   5.780  0.9487E+00  0.1582E+02
   5.790  0.9283E+00  0.1583E+02
   5.800  0.9076E+00  0.1584E+02
   5.810  0.8866E+00  0.1585E+02
   5.820  0.8652E+00  0.1586E+02
   5.830  0.8434E+00  0.1587E+02
   5.840  0.8211E+00  0.1587E+02
   5.850  0.7983E+00  0.1588E+02
   5.860  0.7749E+00  0.1589E+02
   5.870  0.7508E+00  0.1590E+02
   5.880  0.7260E+00  0.1590E+02
   5.890  0.7006E+00  0.1591E+02
   5.900  0.6744E+00  0.1592E+02
   5.910  0.6475E+00  0.1592E+02
   5.920  0.6198E+00  0.1593E+02
   5.930  0.5916E+00  0.1594E+02
   5.940  0.5627E+00  0.1594E+02
   5.950  0.5334E+00  0.1595E+02
   5.960  0.5036E+00  0.1595E+02
   5.970  0.4736E+00  0.1596E+02
   5.980  0.4435E+00  0.1596E+02
   5.990  0.4134E+00  0.1597E+02
   6.000  0.3836E+00  0.1597E+02
   6.010  0.3541E+00  0.1597E+02
   6.020  0.3252E+00  0.1598E+02
   6.030  0.2971E+00  0.1598E+02
   6.040  0.2699E+00  0.1598E+02
   6.050  0.2438E+00  0.1598E+02
   6.060  0.2190E+00  0.1599E+02
   6.070  0.1954E+00  0.1599E+02
   6.080  0.1733E+00  0.1599E+02
   6.090  0.1527E+00  0.1599E+02
   6.100  0.1337E+00  0.1599E+02
   6.110  0.1163E+00  0.1599E+02
   6.120  0.1004E+00  0.1600E+02
   6.130  0.8610E-01  0.1600E+02
   6.140  0.7330E-01  0.1600E+02
   6.150  0.6196E-01  0.1600E+02
   6.160  0.5198E-01  0.1600E+02
   6.170  0.4328E-01  0.1600E+02
   6.180  0.3576E-01  0.1600E+02
   6.190  0.2932E-01  0.1600E+02
   6.200  0.2385E-01  0.1600E+02
   6.210  0.1924E-01  0.1600E+02
   6.220  0.1540E-01  0.1600E+02
   6.230  0.1223E-01  0.1600E+02
   6.240  0.9630E-02  0.1600E+02
   6.250  0.7519E-02  0.1600E+02
   6.260  0.5822E-02  0.1600E+02
   6.270  0.4469E-02  0.1600E+02
   6.280  0.3402E-02  0.1600E+02
   6.290  0.2567E-02  0.1600E+02
   6.300  0.1920E-02  0.1600E+02
   6.310  0.1423E-02  0.1600E+02
   6.320  0.1046E-02  0.1600E+02
   6.330  0.7616E-03  0.1600E+02
   6.340  0.5496E-03  0.1600E+02
   6.350  0.3930E-03  0.1600E+02
   6.360  0.2785E-03  0.1600E+02
   6.370  0.1956E-03  0.1600E+02
   6.380  0.1360E-03  0.1600E+02
   6.390  0.9375E-04  0.1600E+02
   6.400  0.6401E-04  0.1600E+02
   6.410  0.4329E-04  0.1600E+02
   6.420  0.2900E-04  0.1600E+02
   6.430  0.1925E-04  0.1600E+02
   6.440  0.1265E-04  0.1600E+02
   6.450  0.8234E-05  0.1600E+02
   6.460  0.5309E-05  0.1600E+02
   6.470  0.3389E-05  0.1600E+02
   6.480  0.2143E-05  0.1600E+02
   6.490  0.1342E-05  0.1600E+02
   6.500  0.8319E-06  0.1600E+02
   6.510  0.5107E-06  0.1600E+02
   6.520  0.3104E-06  0.1600E+02
   6.530  0.1868E-06  0.1600E+02
   6.540  0.1113E-06  0.1600E+02
   6.550  0.6568E-07  0.1600E+02
   6.560  0.3836E-07  0.1600E+02
   6.570  0.2218E-07  0.1600E+02
   6.580  0.1270E-07  0.1600E+02
   6.590  0.7195E-08  0.1600E+02
   6.600  0.4036E-08  0.1600E+02
   6.610  0.2241E-08  0.1600E+02
   6.620  0.1232E-08  0.1600E+02
   6.630  0.6702E-09  0.1600E+02
   6.640  0.3609E-09  0.1600E+02
   6.650  0.1924E-09  0.1600E+02
   6.660  0.1015E-09  0.1600E+02
   6.670  0.5301E-10  0.1600E+02
   6.680  0.2740E-10  0.1600E+02
   6.690  0.1402E-10  0.1600E+02
   6.700  0.7096E-11  0.1600E+02
   6.710  0.3556E-11  0.1600E+02
   6.720  0.1763E-11  0.1600E+02
   6.730  0.8654E-12  0.1600E+02
   6.740  0.4203E-12  0.1600E+02
   6.750  0.2020E-12  0.1600E+02
   6.760  0.9611E-13  0.1600E+02
   6.770  0.4525E-13  0.1600E+02
   6.780  0.2108E-13  0.1600E+02
   6.790  0.9718E-14  0.1600E+02
   6.800  0.4434E-14  0.1600E+02
   6.810  0.2002E-14  0.1600E+02
   6.820  0.8943E-15  0.1600E+02
   6.830  0.3954E-15  0.1600E+02
   6.840  0.1730E-15  0.1600E+02
   6.850  0.7489E-16  0.1600E+02
   6.860  0.3208E-16  0.1600E+02
   6.870  0.1360E-16  0.1600E+02
   6.880  0.5705E-17  0.1600E+02
   6.890  0.2368E-17  0.1600E+02
   6.900  0.9725E-18  0.1600E+02
   6.910  0.3952E-18  0.1600E+02
   6.920  0.1589E-18  0.1600E+02
   6.930  0.6324E-19  0.1600E+02
   6.940  0.2490E-19  0.1600E+02
   6.950  0.9701E-20  0.1600E+02
   6.960  0.3740E-20  0.1600E+02
   6.970  0.1426E-20  0.1600E+02
   6.980  0.5384E-21  0.1600E+02
   6.990  0.2010E-21  0.1600E+02
   7.000  0.7429E-22  0.1600E+02
   7.010  0.2716E-22  0.1600E+02
   7.020  0.9825E-23  0.1600E+02
   7.030  0.3517E-23  0.1600E+02
   7.040  0.1246E-23  0.1600E+02
   7.050  0.4364E-24  0.1600E+02
   7.060  0.1513E-24  0.1600E+02
   7.070  0.5191E-25  0.1600E+02
   7.080  0.1762E-25  0.1600E+02
   7.090  0.5918E-26  0.1600E+02
   7.100  0.1966E-26  0.1600E+02
   7.110  0.6465E-27  0.1600E+02
   7.120  0.2103E-27  0.1600E+02
   7.130  0.6768E-28  0.1600E+02
   7.140  0.2155E-28  0.1600E+02
   7.150  0.6791E-29  0.1600E+02
   7.160  0.2117E-29  0.1600E+02
   7.170  0.6529E-30  0.1600E+02
   7.180  0.1992E-30  0.1600E+02
   7.190  0.6015E-31  0.1600E+02
   7.200  0.1797E-31  0.1600E+02
   7.210  0.5311E-32  0.1600E+02
   7.220  0.1553E-32  0.1600E+02
   7.230  0.4493E-33  0.1600E+02
   7.240  0.1286E-33  0.1600E+02
   7.250  0.3642E-34  0.1600E+02
   7.260  0.1021E-34  0.1600E+02
   7.270  0.2829E-35  0.1600E+02
   7.280  0.7761E-36  0.1600E+02
   7.290  0.2106E-36  0.1600E+02
   7.300  0.5654E-37  0.1600E+02
   7.310  0.1502E-37  0.1600E+02
   7.320  0.3947E-38  0.1600E+02
   7.330  0.1026E-38  0.1600E+02
   7.340  0.2640E-39  0.1600E+02
   7.350  0.6720E-40  0.1600E+02
   7.360  0.1692E-40  0.1600E+02
   7.370  0.4216E-41  0.1600E+02
   7.380  0.1039E-41  0.1600E+02
   7.390  0.2534E-42  0.1600E+02
   7.400  0.6113E-43  0.1600E+02
   7.410  0.1459E-43  0.1600E+02
   7.420  0.3446E-44  0.1600E+02
   7.430  0.8050E-45  0.1600E+02
   7.440  0.1861E-45  0.1600E+02
   7.450  0.4255E-46  0.1600E+02
   7.460  0.9628E-47  0.1600E+02
   7.470  0.2155E-47  0.1600E+02
   7.480  0.4772E-48  0.1600E+02
   7.490  0.1046E-48  0.1600E+02
   7.500  0.2266E-49  0.1600E+02
   7.510  0.4860E-50  0.1600E+02
   7.520  0.1031E-50  0.1600E+02
   7.530  0.2164E-51  0.1600E+02
   7.540  0.4495E-52  0.1600E+02
   7.550  0.9234E-53  0.1600E+02
   7.560  0.1877E-53  0.1600E+02
   7.570  0.3774E-54  0.1600E+02
   7.580  0.7508E-55  0.1600E+02
   7.590  0.1478E-55  0.1600E+02
   7.600  0.2877E-56  0.1600E+02
   7.610  0.5543E-57  0.1600E+02
   7.620  0.1056E-57  0.1600E+02
   7.630  0.1992E-58  0.1600E+02
   7.640  0.3715E-59  0.1600E+02
   7.650  0.6856E-60  0.1600E+02
   7.660  0.1252E-60  0.1600E+02
   7.670  0.2261E-61  0.1600E+02
   7.680  0.4040E-62  0.1600E+02
   7.690  0.7141E-63  0.1600E+02
   7.700  0.1249E-63  0.1600E+02
   7.710  0.2161E-64  0.1600E+02
   7.720  0.3699E-65  0.1600E+02
   7.730  0.6264E-66  0.1600E+02
   7.740  0.1049E-66  0.1600E+02
   7.750  0.1739E-67  0.1600E+02
   7.760  0.2852E-68  0.1600E+02
   7.770  0.4626E-69  0.1600E+02
   7.780  0.7424E-70  0.1600E+02
   7.790  0.1179E-70  0.1600E+02
   7.800  0.1851E-71  0.1600E+02
   7.810  0.2877E-72  0.1600E+02
   7.820  0.4422E-73  0.1600E+02
   7.830  0.6725E-74  0.1600E+02
   7.840  0.1012E-74  0.1600E+02
   7.850  0.1506E-75  0.1600E+02
   7.860  0.2218E-76  0.1600E+02
   7.870  0.3231E-77  0.1600E+02
   7.880  0.4656E-78  0.1600E+02
   7.890  0.6638E-79  0.1600E+02
   7.900  0.9362E-80  0.1600E+02
   7.910  0.1307E-80  0.1600E+02
   7.920  0.1805E-81  0.1600E+02
   7.930  0.2479E-82  0.1600E+02
   7.940  0.3488E-83  0.1600E+02
   7.950  0.6053E-84  0.1600E+02
   7.960  0.2195E-84  0.1600E+02
   7.970  0.1684E-84  0.1600E+02
   7.980  0.1617E-84  0.1600E+02
   7.990  0.1608E-84  0.1600E+02
   8.000  0.1607E-84  0.1600E+02
   8.010  0.1607E-84  0.1600E+02
   8.020  0.1607E-84  0.1600E+02
   8.030  0.1607E-84  0.1600E+02
   8.040  0.1607E-84  0.1600E+02
   8.050  0.1607E-84  0.1600E+02
   8.060  0.1607E-84  0.1600E+02
   8.070  0.1607E-84  0.1600E+02
   8.080  0.1607E-84  0.1600E+02
   8.090  0.1607E-84  0.1600E+02
   8.100  0.1607E-84  0.1600E+02
   8.110  0.1607E-84  0.1600E+02
   8.120  0.1607E-84  0.1600E+02
   8.130  0.1607E-84  0.1600E+02
   8.140  0.1607E-84  0.1600E+02
   8.150  0.1607E-84  0.1600E+02
   8.160  0.1607E-84  0.1600E+02
   8.170  0.1607E-84  0.1600E+02
   8.180  0.1607E-84  0.1600E+02
   8.190  0.1607E-84  0.1600E+02
   8.200  0.1607E-84  0.1600E+02
   8.210  0.1607E-84  0.1600E+02
   8.220  0.1607E-84  0.1600E+02
   8.230  0.1607E-84  0.1600E+02
   8.240  0.1607E-84  0.1600E+02
   8.250  0.1607E-84  0.1600E+02
   8.260  0.1607E-84  0.1600E+02
   8.270  0.1607E-84  0.1600E+02
   8.280  0.1607E-84  0.1600E+02
   8.290  0.1607E-84  0.1600E+02
   8.300  0.1607E-84  0.1600E+02
   8.310  0.1607E-84  0.1600E+02
   8.320  0.1607E-84  0.1600E+02
   8.330  0.1607E-84  0.1600E+02
   8.340  0.1607E-84  0.1600E+02
   8.350  0.1607E-84  0.1600E+02
   8.360  0.1607E-84  0.1600E+02
   8.370  0.1607E-84  0.1600E+02
   8.380  0.1607E-84  0.1600E+02
   8.390  0.1607E-84  0.1600E+02
   8.400  0.1607E-84  0.1600E+02
   8.410  0.1607E-84  0.1600E+02
   8.420  0.1607E-84  0.1600E+02
   8.430  0.1607E-84  0.1600E+02
   8.440  0.1607E-84  0.1600E+02
   8.450  0.1607E-84  0.1600E+02
   8.460  0.1607E-84  0.1600E+02
   8.470  0.1607E-84  0.1600E+02
   8.480  0.1607E-84  0.1600E+02
   8.490  0.1607E-84  0.1600E+02
   8.500  0.1607E-84  0.1600E+02
   8.510  0.1607E-84  0.1600E+02
   8.520  0.1607E-84  0.1600E+02
   8.530  0.1607E-84  0.1600E+02
   8.540  0.1607E-84  0.1600E+02
   8.550  0.1607E-84  0.1600E+02
   8.560  0.1607E-84  0.1600E+02
   8.570  0.1607E-84  0.1600E+02
   8.580  0.1607E-84  0.1600E+02
   8.590  0.1607E-84  0.1600E+02
   8.600  0.1607E-84  0.1600E+02
   8.610  0.1607E-84  0.1600E+02
   8.620  0.1607E-84  0.1600E+02
   8.630  0.1607E-84  0.1600E+02
   8.640  0.1607E-84  0.1600E+02
   8.650  0.1607E-84  0.1600E+02
   8.660  0.1607E-84  0.1600E+02
   8.670  0.1607E-84  0.1600E+02
   8.680  0.1607E-84  0.1600E+02
   8.690  0.1607E-84  0.1600E+02
   8.700  0.1607E-84  0.1600E+02
   8.710  0.1607E-84  0.1600E+02
   8.720  0.1607E-84  0.1600E+02
   8.730  0.1607E-84  0.1600E+02
   8.740  0.1607E-84  0.1600E+02
   8.750  0.1607E-84  0.1600E+02
   8.760  0.1607E-84  0.1600E+02
   8.770  0.1607E-84  0.1600E+02
   8.780  0.1607E-84  0.1600E+02
   8.790  0.1607E-84  0.1600E+02
   8.800  0.1607E-84  0.1600E+02
   8.810  0.1607E-84  0.1600E+02
   8.820  0.1607E-84  0.1600E+02
   8.830  0.1607E-84  0.1600E+02
   8.840  0.1607E-84  0.1600E+02
   8.850  0.1607E-84  0.1600E+02
   8.860  0.1607E-84  0.1600E+02
   8.870  0.1607E-84  0.1600E+02
   8.880  0.1607E-84  0.1600E+02
   8.890  0.1607E-84  0.1600E+02
   8.900  0.1607E-84  0.1600E+02
   8.910  0.1607E-84  0.1600E+02
   8.920  0.1607E-84  0.1600E+02
   8.930  0.1607E-84  0.1600E+02
   8.940  0.1607E-84  0.1600E+02
   8.950  0.1607E-84  0.1600E+02
   8.960  0.1607E-84  0.1600E+02
   8.970  0.1607E-84  0.1600E+02
   8.980  0.1607E-84  0.1600E+02
   8.990  0.1607E-84  0.1600E+02
   9.000  0.1607E-84  0.1600E+02
   9.010  0.1607E-84  0.1600E+02
   9.020  0.1607E-84  0.1600E+02
   9.030  0.1607E-84  0.1600E+02
   9.040  0.1607E-84  0.1600E+02
   9.050  0.1607E-84  0.1600E+02
   9.060  0.1607E-84  0.1600E+02
   9.070  0.1607E-84  0.1600E+02
   9.080  0.1607E-84  0.1600E+02
   9.090  0.1607E-84  0.1600E+02
   9.100  0.1607E-84  0.1600E+02
   9.110  0.1607E-84  0.1600E+02
   9.120  0.1607E-84  0.1600E+02
   9.130  0.1607E-84  0.1600E+02
   9.140  0.1607E-84  0.1600E+02
   9.150  0.1607E-84  0.1600E+02
   9.160  0.1607E-84  0.1600E+02
   9.170  0.1607E-84  0.1600E+02
   9.180  0.1607E-84  0.1600E+02
   9.190  0.1607E-84  0.1600E+02
   9.200  0.1607E-84  0.1600E+02
   9.210  0.1607E-84  0.1600E+02
   9.220  0.1607E-84  0.1600E+02
   9.230  0.1607E-84  0.1600E+02
   9.240  0.1607E-84  0.1600E+02
   9.250  0.1607E-84  0.1600E+02
   9.260  0.1607E-84  0.1600E+02
   9.270  0.1607E-84  0.1600E+02
   9.280  0.1607E-84  0.1600E+02
   9.290  0.1607E-84  0.1600E+02
   9.300  0.1607E-84  0.1600E+02
   9.310  0.1607E-84  0.1600E+02
   9.320  0.1607E-84  0.1600E+02
   9.330  0.1607E-84  0.1600E+02
   9.340  0.1607E-84  0.1600E+02
   9.350  0.1607E-84  0.1600E+02
   9.360  0.1607E-84  0.1600E+02
   9.370  0.1607E-84  0.1600E+02
   9.380  0.1607E-84  0.1600E+02
   9.390  0.1607E-84  0.1600E+02
   9.400  0.1607E-84  0.1600E+02
   9.410  0.1607E-84  0.1600E+02
   9.420  0.1607E-84  0.1600E+02
   9.430  0.1607E-84  0.1600E+02
   9.440  0.1607E-84  0.1600E+02
   9.450  0.1607E-84  0.1600E+02
   9.460  0.1607E-84  0.1600E+02
   9.470  0.1607E-84  0.1600E+02
   9.480  0.1607E-84  0.1600E+02
   9.490  0.1607E-84  0.1600E+02
   9.500  0.1607E-84  0.1600E+02
   9.510  0.1607E-84  0.1600E+02
   9.520  0.1607E-84  0.1600E+02
   9.530  0.1607E-84  0.1600E+02
   9.540  0.1607E-84  0.1600E+02
   9.550  0.1607E-84  0.1600E+02
   9.560  0.1607E-84  0.1600E+02
   9.570  0.1607E-84  0.1600E+02
   9.580  0.1607E-84  0.1600E+02
   9.590  0.1607E-84  0.1600E+02
   9.600  0.1607E-84  0.1600E+02
   9.610  0.1607E-84  0.1600E+02
   9.620  0.1607E-84  0.1600E+02
   9.630  0.1607E-84  0.1600E+02
   9.640  0.1607E-84  0.1600E+02
   9.650  0.1607E-84  0.1600E+02
   9.660  0.1607E-84  0.1600E+02
   9.670  0.1607E-84  0.1600E+02
   9.680  0.1607E-84  0.1600E+02
   9.690  0.1607E-84  0.1600E+02
   9.700  0.1607E-84  0.1600E+02
   9.710  0.1607E-84  0.1600E+02
   9.720  0.1607E-84  0.1600E+02
   9.730  0.1607E-84  0.1600E+02
   9.740  0.1607E-84  0.1600E+02
   9.750  0.1607E-84  0.1600E+02
   9.760  0.1607E-84  0.1600E+02
   9.770  0.1607E-84  0.1600E+02
   9.780  0.1607E-84  0.1600E+02
   9.790  0.1607E-84  0.1600E+02
   9.800  0.1607E-84  0.1600E+02
   9.810  0.1607E-84  0.1600E+02
   9.820  0.1607E-84  0.1600E+02
   9.830  0.1607E-84  0.1600E+02
   9.840  0.1607E-84  0.1600E+02
   9.850  0.1607E-84  0.1600E+02
   9.860  0.1607E-84  0.1600E+02
   9.870  0.1607E-84  0.1600E+02
   9.880  0.1607E-84  0.1600E+02
   9.890  0.1607E-84  0.1600E+02
   9.900  0.1607E-84  0.1600E+02
   9.910  0.1607E-84  0.1600E+02
   9.920  0.1607E-84  0.1600E+02
   9.930  0.1607E-84  0.1600E+02
   9.940  0.1607E-84  0.1600E+02
   9.950  0.1607E-84  0.1600E+02
   9.960  0.1607E-84  0.1600E+02
   9.970  0.1607E-84  0.1600E+02
   9.980  0.1607E-84  0.1600E+02
   9.990  0.1607E-84  0.1600E+02
  10.000  0.1607E-84  0.1600E+02
  10.010  0.1607E-84  0.1600E+02
  10.020  0.1607E-84  0.1600E+02
  10.030  0.1607E-84  0.1600E+02
  10.040  0.1607E-84  0.1600E+02
  10.050  0.1607E-84  0.1600E+02
  10.060  0.1607E-84  0.1600E+02
  10.070  0.1607E-84  0.1600E+02
  10.080  0.1607E-84  0.1600E+02
  10.090  0.1607E-84  0.1600E+02
  10.100  0.1607E-84  0.1600E+02
  10.110  0.1607E-84  0.1600E+02
  10.120  0.1607E-84  0.1600E+02
  10.130  0.1607E-84  0.1600E+02
  10.140  0.1607E-84  0.1600E+02
  10.150  0.1607E-84  0.1600E+02
  10.160  0.1607E-84  0.1600E+02
  10.170  0.1607E-84  0.1600E+02
  10.180  0.1607E-84  0.1600E+02
  10.190  0.1607E-84  0.1600E+02
  10.200  0.1607E-84  0.1600E+02
  10.210  0.1607E-84  0.1600E+02
  10.220  0.1607E-84  0.1600E+02
  10.230  0.1607E-84  0.1600E+02
  10.240  0.1607E-84  0.1600E+02
  10.250  0.1607E-84  0.1600E+02
  10.260  0.1607E-84  0.1600E+02
  10.270  0.1607E-84  0.1600E+02
  10.280  0.1607E-84  0.1600E+02
  10.290  0.1607E-84  0.1600E+02
  10.300  0.1607E-84  0.1600E+02
  10.310  0.1607E-84  0.1600E+02
  10.320  0.1607E-84  0.1600E+02
  10.330  0.1607E-84  0.1600E+02
  10.340  0.1607E-84  0.1600E+02
  10.350  0.1607E-84  0.1600E+02
  10.360  0.1607E-84  0.1600E+02
  10.370  0.1607E-84  0.1600E+02
  10.380  0.1607E-84  0.1600E+02
  10.390  0.1607E-84  0.1600E+02
  10.400  0.1607E-84  0.1600E+02
  10.410  0.1607E-84  0.1600E+02
  10.420  0.1607E-84  0.1600E+02
  10.430  0.1607E-84  0.1600E+02
  10.440  0.1607E-84  0.1600E+02
  10.450  0.1607E-84  0.1600E+02
  10.460  0.1607E-84  0.1600E+02
  10.470  0.1607E-84  0.1600E+02
  10.480  0.1607E-84  0.1600E+02
  10.490  0.1607E-84  0.1600E+02
  10.500  0.1607E-84  0.1600E+02
  10.510  0.1607E-84  0.1600E+02
  10.520  0.1607E-84  0.1600E+02
  10.530  0.1607E-84  0.1600E+02
  10.540  0.1607E-84  0.1600E+02
  10.550  0.1607E-84  0.1600E+02
  10.560  0.1607E-84  0.1600E+02
  10.570  0.1607E-84  0.1600E+02
  10.580  0.1607E-84  0.1600E+02
  10.590  0.1607E-84  0.1600E+02
  10.600  0.1607E-84  0.1600E+02
  10.610  0.1607E-84  0.1600E+02
  10.620  0.1607E-84  0.1600E+02
  10.630  0.1607E-84  0.1600E+02
  10.640  0.1607E-84  0.1600E+02
  10.650  0.1607E-84  0.1600E+02
  10.660  0.1607E-84  0.1600E+02
  10.670  0.1607E-84  0.1600E+02
  10.680  0.1607E-84  0.1600E+02
  10.690  0.1607E-84  0.1600E+02
  10.700  0.1607E-84  0.1600E+02
  10.710  0.1607E-84  0.1600E+02
  10.720  0.1607E-84  0.1600E+02
  10.730  0.1607E-84  0.1600E+02
  10.740  0.1607E-84  0.1600E+02
  10.750  0.1607E-84  0.1600E+02
  10.760  0.1607E-84  0.1600E+02
  10.770  0.1607E-84  0.1600E+02
  10.780  0.1607E-84  0.1600E+02
  10.790  0.1607E-84  0.1600E+02
  10.800  0.1607E-84  0.1600E+02
  10.810  0.1607E-84  0.1600E+02
  10.820  0.1607E-84  0.1600E+02
  10.830  0.1607E-84  0.1600E+02
  10.840  0.1607E-84  0.1600E+02
  10.850  0.1607E-84  0.1600E+02
  10.860  0.1607E-84  0.1600E+02
  10.870  0.1607E-84  0.1600E+02
  10.880  0.1607E-84  0.1600E+02
  10.890  0.1607E-84  0.1600E+02
  10.900  0.1607E-84  0.1600E+02
  10.910  0.1607E-84  0.1600E+02
  10.920  0.1607E-84  0.1600E+02
  10.930  0.1607E-84  0.1600E+02
  10.940  0.1607E-84  0.1600E+02
  10.950  0.1607E-84  0.1600E+02
  10.960  0.1607E-84  0.1600E+02
  10.970  0.1607E-84  0.1600E+02
  10.980  0.1607E-84  0.1600E+02
  10.990  0.1607E-84  0.1600E+02
  11.000  0.1607E-84  0.1600E+02
  11.010  0.1607E-84  0.1600E+02
  11.020  0.1607E-84  0.1600E+02
  11.030  0.1607E-84  0.1600E+02
  11.040  0.1607E-84  0.1600E+02
  11.050  0.1607E-84  0.1600E+02
  11.060  0.1607E-84  0.1600E+02
  11.070  0.1607E-84  0.1600E+02
  11.080  0.1607E-84  0.1600E+02
  11.090  0.1607E-84  0.1600E+02
  11.100  0.1607E-84  0.1600E+02
  11.110  0.1607E-84  0.1600E+02
  11.120  0.1607E-84  0.1600E+02
  11.130  0.1607E-84  0.1600E+02
  11.140  0.1607E-84  0.1600E+02
  11.150  0.1607E-84  0.1600E+02
  11.160  0.1607E-84  0.1600E+02
  11.170  0.1607E-84  0.1600E+02
  11.180  0.1607E-84  0.1600E+02
  11.190  0.1607E-84  0.1600E+02
  11.200  0.1607E-84  0.1600E+02
  11.210  0.1607E-84  0.1600E+02
  11.220  0.1607E-84  0.1600E+02
  11.230  0.1607E-84  0.1600E+02
  11.240  0.1607E-84  0.1600E+02
  11.250  0.1607E-84  0.1600E+02
  11.260  0.1607E-84  0.1600E+02
  11.270  0.1607E-84  0.1600E+02
  11.280  0.1607E-84  0.1600E+02
  11.290  0.1607E-84  0.1600E+02
  11.300  0.1607E-84  0.1600E+02
  11.310  0.1607E-84  0.1600E+02
  11.320  0.1607E-84  0.1600E+02
  11.330  0.1607E-84  0.1600E+02
  11.340  0.1607E-84  0.1600E+02
  11.350  0.1607E-84  0.1600E+02
  11.360  0.1607E-84  0.1600E+02
  11.370  0.1607E-84  0.1600E+02
  11.380  0.1607E-84  0.1600E+02
  11.390  0.1607E-84  0.1600E+02
  11.400  0.1607E-84  0.1600E+02
  11.410  0.1607E-84  0.1600E+02
  11.420  0.1607E-84  0.1600E+02
  11.430  0.1607E-84  0.1600E+02
  11.440  0.1607E-84  0.1600E+02
  11.450  0.1607E-84  0.1600E+02
  11.460  0.1607E-84  0.1600E+02
  11.470  0.1607E-84  0.1600E+02
  11.480  0.1607E-84  0.1600E+02
  11.490  0.1607E-84  0.1600E+02
  11.500  0.1607E-84  0.1600E+02
  11.510  0.1607E-84  0.1600E+02
  11.520  0.1607E-84  0.1600E+02
  11.530  0.1607E-84  0.1600E+02
  11.540  0.1607E-84  0.1600E+02
  11.550  0.1607E-84  0.1600E+02
  11.560  0.1607E-84  0.1600E+02
  11.570  0.1607E-84  0.1600E+02
  11.580  0.1607E-84  0.1600E+02
  11.590  0.1607E-84  0.1600E+02
  11.600  0.1607E-84  0.1600E+02
  11.610  0.1607E-84  0.1600E+02
  11.620  0.1607E-84  0.1600E+02
  11.630  0.1607E-84  0.1600E+02
  11.640  0.1607E-84  0.1600E+02
  11.650  0.1607E-84  0.1600E+02
  11.660  0.1607E-84  0.1600E+02
  11.670  0.1607E-84  0.1600E+02
  11.680  0.1608E-84  0.1600E+02
  11.690  0.1613E-84  0.1600E+02
  11.700  0.1652E-84  0.1600E+02
  11.710  0.1952E-84  0.1600E+02
  11.720  0.4217E-84  0.1600E+02
  11.730  0.2115E-83  0.1600E+02
  11.740  0.1464E-82  0.1600E+02
  11.750  0.1062E-81  0.1600E+02
  11.760  0.7692E-81  0.1600E+02
  11.770  0.5515E-80  0.1600E+02
  11.780  0.3912E-79  0.1600E+02
  11.790  0.2745E-78  0.1600E+02
  11.800  0.1906E-77  0.1600E+02
  11.810  0.1309E-76  0.1600E+02
  11.820  0.8891E-76  0.1600E+02
  11.830  0.5976E-75  0.1600E+02
  11.840  0.3973E-74  0.1600E+02
  11.850  0.2613E-73  0.1600E+02
  11.860  0.1700E-72  0.1600E+02
  11.870  0.1094E-71  0.1600E+02
  11.880  0.6968E-71  0.1600E+02
  11.890  0.4389E-70  0.1600E+02
  11.900  0.2735E-69  0.1600E+02
  11.910  0.1686E-68  0.1600E+02
  11.920  0.1028E-67  0.1600E+02
  11.930  0.6201E-67  0.1600E+02
  11.940  0.3701E-66  0.1600E+02
  11.950  0.2185E-65  0.1600E+02
  11.960  0.1276E-64  0.1600E+02
  11.970  0.7371E-64  0.1600E+02
  11.980  0.4213E-63  0.1600E+02
  11.990  0.2382E-62  0.1600E+02
  12.000  0.1332E-61  0.1600E+02
  12.010  0.7371E-61  0.1600E+02
  12.020  0.4035E-60  0.1600E+02
  12.030  0.2185E-59  0.1600E+02
  12.040  0.1170E-58  0.1600E+02
  12.050  0.6201E-58  0.1600E+02
  12.060  0.3250E-57  0.1600E+02
  12.070  0.1686E-56  0.1600E+02
  12.080  0.8647E-56  0.1600E+02
  12.090  0.4388E-55  0.1600E+02
  12.100  0.2203E-54  0.1600E+02
  12.110  0.1094E-53  0.1600E+02
  12.120  0.5375E-53  0.1600E+02
  12.130  0.2612E-52  0.1600E+02
  12.140  0.1256E-51  0.1600E+02
  12.150  0.5974E-51  0.1600E+02
  12.160  0.2811E-50  0.1600E+02
  12.170  0.1308E-49  0.1600E+02
  12.180  0.6024E-49  0.1600E+02
  12.190  0.2744E-48  0.1600E+02
  12.200  0.1237E-47  0.1600E+02
  12.210  0.5512E-47  0.1600E+02
  12.220  0.2431E-46  0.1600E+02
  12.230  0.1060E-45  0.1600E+02
  12.240  0.4576E-45  0.1600E+02
  12.250  0.1954E-44  0.1600E+02
  12.260  0.8251E-44  0.1600E+02
  12.270  0.3447E-43  0.1600E+02
  12.280  0.1425E-42  0.1600E+02
  12.290  0.5825E-42  0.1600E+02
  12.300  0.2356E-41  0.1600E+02
  12.310  0.9428E-41  0.1600E+02
  12.320  0.3732E-40  0.1600E+02
  12.330  0.1461E-39  0.1600E+02
  12.340  0.5660E-39  0.1600E+02
  12.350  0.2169E-38  0.1600E+02
  12.360  0.8222E-38  0.1600E+02
  12.370  0.3083E-37  0.1600E+02
  12.380  0.1144E-36  0.1600E+02
  12.390  0.4198E-36  0.1600E+02
  12.400  0.1524E-35  0.1600E+02
  12.410  0.5474E-35  0.1600E+02
  12.420  0.1945E-34  0.1600E+02
  12.430  0.6835E-34  0.1600E+02
  12.440  0.2376E-33  0.1600E+02
  12.450  0.8174E-33  0.1600E+02
  12.460  0.2781E-32  0.1600E+02
  12.470  0.9362E-32  0.1600E+02
  12.480  0.3117E-31  0.1600E+02
  12.490  0.1027E-30  0.1600E+02
  12.500  0.3346E-30  0.1600E+02
  12.510  0.1079E-29  0.1600E+02
  12.520  0.3440E-29  0.1600E+02
  12.530  0.1085E-28  0.1600E+02
  12.540  0.3387E-28  0.1600E+02
  12.550  0.1046E-27  0.1600E+02
  12.560  0.3194E-27  0.1600E+02
  12.570  0.9649E-27  0.1600E+02
  12.580  0.2884E-26  0.1600E+02
  12.590  0.8527E-26  0.1600E+02
  12.600  0.2494E-25  0.1600E+02
  12.610  0.7217E-25  0.1600E+02
  12.620  0.2066E-24  0.1600E+02
  12.630  0.5850E-24  0.1600E+02
  12.640  0.1639E-23  0.1600E+02
  12.650  0.4541E-23  0.1600E+02
  12.660  0.1245E-22  0.1600E+02
  12.670  0.3376E-22  0.1600E+02
  12.680  0.9057E-22  0.1600E+02
  12.690  0.2404E-21  0.1600E+02
  12.700  0.6311E-21  0.1600E+02
  12.710  0.1639E-20  0.1600E+02
  12.720  0.4211E-20  0.1600E+02
  12.730  0.1070E-19  0.1600E+02
  12.740  0.2691E-19  0.1600E+02
  12.750  0.6695E-19  0.1600E+02
  12.760  0.1647E-18  0.1600E+02
  12.770  0.4010E-18  0.1600E+02
  12.780  0.9657E-18  0.1600E+02
  12.790  0.2300E-17  0.1600E+02
  12.800  0.5421E-17  0.1600E+02
  12.810  0.1264E-16  0.1600E+02
  12.820  0.2915E-16  0.1600E+02
  12.830  0.6650E-16  0.1600E+02
  12.840  0.1501E-15  0.1600E+02
  12.850  0.3351E-15  0.1600E+02
  12.860  0.7402E-15  0.1600E+02
  12.870  0.1617E-14  0.1600E+02
  12.880  0.3496E-14  0.1600E+02
  12.890  0.7476E-14  0.1600E+02
  12.900  0.1582E-13  0.1600E+02
  12.910  0.3310E-13  0.1600E+02
  12.920  0.6852E-13  0.1600E+02
  12.930  0.1403E-12  0.1600E+02
  12.940  0.2844E-12  0.1600E+02
  12.950  0.5700E-12  0.1600E+02
  12.960  0.1130E-11  0.1600E+02
  12.970  0.2217E-11  0.1600E+02
  12.980  0.4302E-11  0.1600E+02
  12.990  0.8260E-11  0.1600E+02
  13.000  0.1569E-10  0.1600E+02
  13.010  0.2948E-10  0.1600E+02
  13.020  0.5479E-10  0.1600E+02
  13.030  0.1008E-09  0.1600E+02
  13.040  0.1833E-09  0.1600E+02
  13.050  0.3300E-09  0.1600E+02
  13.060  0.5876E-09  0.1600E+02
  13.070  0.1035E-08  0.1600E+02
  13.080  0.1804E-08  0.1600E+02
  13.090  0.3112E-08  0.1600E+02
  13.100  0.5309E-08  0.1600E+02
  13.110  0.8963E-08  0.1600E+02
  13.120  0.1497E-07  0.1600E+02
  13.130  0.2474E-07  0.1600E+02
  13.140  0.4045E-07  0.1600E+02
  13.150  0.6546E-07  0.1600E+02
  13.160  0.1048E-06  0.1600E+02
  13.170  0.1660E-06  0.1600E+02
  13.180  0.2603E-06  0.1600E+02
  13.190  0.4039E-06  0.1600E+02
  13.200  0.6202E-06  0.1600E+02
  13.210  0.9425E-06  0.1600E+02
  13.220  0.1418E-05  0.1600E+02
  13.230  0.2111E-05  0.1600E+02
  13.240  0.3111E-05  0.1600E+02
  13.250  0.4539E-05  0.1600E+02
  13.260  0.6558E-05  0.1600E+02
  13.270  0.9380E-05  0.1600E+02
  13.280  0.1329E-04  0.1600E+02
  13.290  0.1864E-04  0.1600E+02
  13.300  0.2590E-04  0.1600E+02
  13.310  0.3564E-04  0.1600E+02
  13.320  0.4861E-04  0.1600E+02
  13.330  0.6568E-04  0.1600E+02
  13.340  0.8796E-04  0.1600E+02
  13.350  0.1168E-03  0.1600E+02
  13.360  0.1537E-03  0.1600E+02
  13.370  0.2005E-03  0.1600E+02
  13.380  0.2595E-03  0.1600E+02
  13.390  0.3331E-03  0.1600E+02
  13.400  0.4243E-03  0.1600E+02
  13.410  0.5362E-03  0.1600E+02
  13.420  0.6727E-03  0.1600E+02
  13.430  0.8377E-03  0.1600E+02
  13.440  0.1036E-02  0.1600E+02
  13.450  0.1272E-02  0.1600E+02
  13.460  0.1551E-02  0.1600E+02
  13.470  0.1879E-02  0.1600E+02
  13.480  0.2262E-02  0.1600E+02
  13.490  0.2704E-02  0.1600E+02
  13.500  0.3213E-02  0.1600E+02
  13.510  0.3794E-02  0.1600E+02
  13.520  0.4452E-02  0.1600E+02
  13.530  0.5192E-02  0.1600E+02
  13.540  0.6018E-02  0.1600E+02
  13.550  0.6933E-02  0.1600E+02
  13.560  0.7939E-02  0.1600E+02
  13.570  0.9036E-02  0.1600E+02
  13.580  0.1022E-01  0.1600E+02
  13.590  0.1150E-01  0.1600E+02
  13.600  0.1286E-01  0.1600E+02
  13.610  0.1430E-01  0.1600E+02
  13.620  0.1581E-01  0.1600E+02
  13.630  0.1739E-01  0.1600E+02
  13.640  0.1903E-01  0.1600E+02
  13.650  0.2071E-01  0.1600E+02
  13.660  0.2244E-01  0.1600E+02
  13.670  0.2419E-01  0.1600E+02
  13.680  0.2596E-01  0.1600E+02
  13.690  0.2775E-01  0.1600E+02
  13.700  0.2953E-01  0.1600E+02
  13.710  0.3132E-01  0.1600E+02
  13.720  0.3309E-01  0.1600E+02
  13.730  0.3484E-01  0.1600E+02
  13.740  0.3656E-01  0.1600E+02
  13.750  0.3824E-01  0.1600E+02
  13.760  0.3988E-01  0.1601E+02
  13.770  0.4148E-01  0.1601E+02
  13.780  0.4302E-01  0.1601E+02
  13.790  0.4450E-01  0.1601E+02
  13.800  0.4592E-01  0.1601E+02
  13.810  0.4729E-01  0.1601E+02
  13.820  0.4860E-01  0.1601E+02
  13.830  0.4985E-01  0.1601E+02
  13.840  0.5107E-01  0.1601E+02
  13.850  0.5225E-01  0.1601E+02
  13.860  0.5341E-01  0.1601E+02
  13.870  0.5456E-01  0.1601E+02
  13.880  0.5572E-01  0.1601E+02
  13.890  0.5690E-01  0.1601E+02
  13.900  0.5810E-01  0.1601E+02
  13.910  0.5934E-01  0.1601E+02
  13.920  0.6063E-01  0.1601E+02
  13.930  0.6196E-01  0.1601E+02
  13.940  0.6333E-01  0.1601E+02
  13.950  0.6473E-01  0.1602E+02
  13.960  0.6616E-01  0.1602E+02
  13.970  0.6760E-01  0.1602E+02
  13.980  0.6903E-01  0.1602E+02
  13.990  0.7044E-01  0.1602E+02
  14.000  0.7182E-01  0.1602E+02
  14.010  0.7316E-01  0.1602E+02
  14.020  0.7443E-01  0.1602E+02
  14.030  0.7565E-01  0.1602E+02
  14.040  0.7681E-01  0.1602E+02
  14.050  0.7791E-01  0.1602E+02
  14.060  0.7897E-01  0.1602E+02
  14.070  0.8000E-01  0.1602E+02
  14.080  0.8104E-01  0.1603E+02
  14.090  0.8210E-01  0.1603E+02
  14.100  0.8321E-01  0.1603E+02
  14.110  0.8441E-01  0.1603E+02
  14.120  0.8574E-01  0.1603E+02
  14.130  0.8721E-01  0.1603E+02
  14.140  0.8887E-01  0.1603E+02
  14.150  0.9074E-01  0.1603E+02
  14.160  0.9285E-01  0.1603E+02
  14.170  0.9520E-01  0.1603E+02
  14.180  0.9781E-01  0.1603E+02
  14.190  0.1007E+00  0.1603E+02
  14.200  0.1038E+00  0.1604E+02
  14.210  0.1071E+00  0.1604E+02
  14.220  0.1106E+00  0.1604E+02
  14.230  0.1143E+00  0.1604E+02
  14.240  0.1180E+00  0.1604E+02
  14.250  0.1217E+00  0.1604E+02
  14.260  0.1254E+00  0.1604E+02
  14.270  0.1290E+00  0.1604E+02
  14.280  0.1323E+00  0.1605E+02
  14.290  0.1353E+00  0.1605E+02
  14.300  0.1380E+00  0.1605E+02
  14.310  0.1402E+00  0.1605E+02
  14.320  0.1419E+00  0.1605E+02
  14.330  0.1430E+00  0.1605E+02
  14.340  0.1435E+00  0.1605E+02
  14.350  0.1434E+00  0.1606E+02
  14.360  0.1428E+00  0.1606E+02
  14.370  0.1417E+00  0.1606E+02
  14.380  0.1401E+00  0.1606E+02
  14.390  0.1381E+00  0.1606E+02
  14.400  0.1358E+00  0.1606E+02
  14.410  0.1334E+00  0.1606E+02
  14.420  0.1310E+00  0.1607E+02
  14.430  0.1286E+00  0.1607E+02
  14.440  0.1266E+00  0.1607E+02
  14.450  0.1249E+00  0.1607E+02
  14.460  0.1237E+00  0.1607E+02
  14.470  0.1232E+00  0.1607E+02
  14.480  0.1234E+00  0.1607E+02
  14.490  0.1244E+00  0.1607E+02
  14.500  0.1263E+00  0.1608E+02
  14.510  0.1290E+00  0.1608E+02
  14.520  0.1327E+00  0.1608E+02
  14.530  0.1371E+00  0.1608E+02
  14.540  0.1424E+00  0.1608E+02
  14.550  0.1484E+00  0.1608E+02
  14.560  0.1550E+00  0.1608E+02
  14.570  0.1621E+00  0.1609E+02
  14.580  0.1695E+00  0.1609E+02
  14.590  0.1772E+00  0.1609E+02
  14.600  0.1849E+00  0.1609E+02
  14.610  0.1924E+00  0.1609E+02
  14.620  0.1998E+00  0.1609E+02
  14.630  0.2068E+00  0.1610E+02
  14.640  0.2133E+00  0.1610E+02
  14.650  0.2194E+00  0.1610E+02
  14.660  0.2248E+00  0.1610E+02
  14.670  0.2296E+00  0.1611E+02
  14.680  0.2338E+00  0.1611E+02
  14.690  0.2375E+00  0.1611E+02
  14.700  0.2406E+00  0.1611E+02
  14.710  0.2434E+00  0.1611E+02
  14.720  0.2458E+00  0.1612E+02
  14.730  0.2480E+00  0.1612E+02
  14.740  0.2502E+00  0.1612E+02
  14.750  0.2523E+00  0.1612E+02
  14.760  0.2547E+00  0.1613E+02
  14.770  0.2573E+00  0.1613E+02
  14.780  0.2603E+00  0.1613E+02
  14.790  0.2637E+00  0.1614E+02
  14.800  0.2677E+00  0.1614E+02
  14.810  0.2723E+00  0.1614E+02
  14.820  0.2776E+00  0.1614E+02
  14.830  0.2836E+00  0.1615E+02
  14.840  0.2905E+00  0.1615E+02
  14.850  0.2983E+00  0.1615E+02
  14.860  0.3071E+00  0.1616E+02
  14.870  0.3170E+00  0.1616E+02
  14.880  0.3280E+00  0.1616E+02
  14.890  0.3404E+00  0.1616E+02
  14.900  0.3541E+00  0.1617E+02
  14.910  0.3694E+00  0.1617E+02
  14.920  0.3862E+00  0.1618E+02
  14.930  0.4046E+00  0.1618E+02
  14.940  0.4247E+00  0.1618E+02
  14.950  0.4464E+00  0.1619E+02
  14.960  0.4698E+00  0.1619E+02
  14.970  0.4948E+00  0.1620E+02
  14.980  0.5212E+00  0.1620E+02
  14.990  0.5489E+00  0.1621E+02
  15.000  0.5777E+00  0.1621E+02
  15.010  0.6073E+00  0.1622E+02
  15.020  0.6375E+00  0.1623E+02
  15.030  0.6680E+00  0.1623E+02
  15.040  0.6986E+00  0.1624E+02
  15.050  0.7289E+00  0.1625E+02
  15.060  0.7588E+00  0.1626E+02
  15.070  0.7879E+00  0.1626E+02
  15.080  0.8161E+00  0.1627E+02
  15.090  0.8432E+00  0.1628E+02
  15.100  0.8692E+00  0.1629E+02
  15.110  0.8940E+00  0.1630E+02
  15.120  0.9177E+00  0.1631E+02
  15.130  0.9404E+00  0.1632E+02
  15.140  0.9622E+00  0.1633E+02
  15.150  0.9834E+00  0.1634E+02
  15.160  0.1004E+01  0.1635E+02
  15.170  0.1025E+01  0.1636E+02
  15.180  0.1046E+01  0.1637E+02
  15.190  0.1067E+01  0.1638E+02
  15.200  0.1089E+01  0.1639E+02
  15.210  0.1113E+01  0.1640E+02
  15.220  0.1137E+01  0.1641E+02
  15.230  0.1163E+01  0.1642E+02
  15.240  0.1190E+01  0.1643E+02
  15.250  0.1218E+01  0.1645E+02
  15.260  0.1248E+01  0.1646E+02
  15.270  0.1279E+01  0.1647E+02
  15.280  0.1312E+01  0.1648E+02
  15.290  0.1345E+01  0.1650E+02
  15.300  0.1379E+01  0.1651E+02
  15.310  0.1414E+01  0.1653E+02
  15.320  0.1449E+01  0.1654E+02
  15.330  0.1484E+01  0.1656E+02
  15.340  0.1518E+01  0.1657E+02
  15.350  0.1552E+01  0.1659E+02
  15.360  0.1585E+01  0.1660E+02
  15.370  0.1616E+01  0.1662E+02
  15.380  0.1646E+01  0.1663E+02
  15.390  0.1675E+01  0.1665E+02
  15.400  0.1701E+01  0.1667E+02
  15.410  0.1726E+01  0.1669E+02
  15.420  0.1748E+01  0.1670E+02
  15.430  0.1768E+01  0.1672E+02
  15.440  0.1786E+01  0.1674E+02
  15.450  0.1802E+01  0.1676E+02
  15.460  0.1815E+01  0.1678E+02
  15.470  0.1826E+01  0.1679E+02
  15.480  0.1835E+01  0.1681E+02
  15.490  0.1843E+01  0.1683E+02
  15.500  0.1849E+01  0.1685E+02
  15.510  0.1853E+01  0.1687E+02
  15.520  0.1857E+01  0.1689E+02
  15.530  0.1860E+01  0.1690E+02
  15.540  0.1863E+01  0.1692E+02
  15.550  0.1866E+01  0.1694E+02
  15.560  0.1869E+01  0.1696E+02
  15.570  0.1873E+01  0.1698E+02
  15.580  0.1877E+01  0.1700E+02
  15.590  0.1881E+01  0.1702E+02
  15.600  0.1886E+01  0.1704E+02
  15.610  0.1892E+01  0.1705E+02
  15.620  0.1898E+01  0.1707E+02
  15.630  0.1904E+01  0.1709E+02
  15.640  0.1911E+01  0.1711E+02
  15.650  0.1918E+01  0.1713E+02
  15.660  0.1925E+01  0.1715E+02
  15.670  0.1932E+01  0.1717E+02
  15.680  0.1939E+01  0.1719E+02
  15.690  0.1945E+01  0.1721E+02
  15.700  0.1952E+01  0.1723E+02
  15.710  0.1958E+01  0.1725E+02
  15.720  0.1965E+01  0.1727E+02
  15.730  0.1971E+01  0.1729E+02
  15.740  0.1977E+01  0.1731E+02
  15.750  0.1984E+01  0.1733E+02
  15.760  0.1991E+01  0.1735E+02
  15.770  0.1998E+01  0.1737E+02
  15.780  0.2005E+01  0.1739E+02
  15.790  0.2012E+01  0.1741E+02
  15.800  0.2019E+01  0.1743E+02
  15.810  0.2026E+01  0.1745E+02
  15.820  0.2032E+01  0.1747E+02
  15.830  0.2037E+01  0.1749E+02
  15.840  0.2041E+01  0.1751E+02
  15.850  0.2043E+01  0.1753E+02
  15.860  0.2044E+01  0.1755E+02
  15.870  0.2043E+01  0.1757E+02
  15.880  0.2039E+01  0.1759E+02
  15.890  0.2033E+01  0.1761E+02
  15.900  0.2024E+01  0.1763E+02
  15.910  0.2013E+01  0.1765E+02
  15.920  0.1999E+01  0.1767E+02
  15.930  0.1981E+01  0.1769E+02
  15.940  0.1962E+01  0.1771E+02
  15.950  0.1939E+01  0.1773E+02
  15.960  0.1915E+01  0.1775E+02
  15.970  0.1888E+01  0.1777E+02
  15.980  0.1860E+01  0.1779E+02
  15.990  0.1830E+01  0.1780E+02
  16.000  0.1799E+01  0.1782E+02
  16.010  0.1767E+01  0.1784E+02
  16.020  0.1735E+01  0.1786E+02
  16.030  0.1703E+01  0.1787E+02
  16.040  0.1672E+01  0.1789E+02
  16.050  0.1642E+01  0.1791E+02
  16.060  0.1613E+01  0.1792E+02
  16.070  0.1585E+01  0.1794E+02
  16.080  0.1560E+01  0.1795E+02
  16.090  0.1537E+01  0.1797E+02
  16.100  0.1516E+01  0.1799E+02
  16.110  0.1498E+01  0.1800E+02
  16.120  0.1484E+01  0.1802E+02
  16.130  0.1472E+01  0.1803E+02
  16.140  0.1463E+01  0.1804E+02
  16.150  0.1457E+01  0.1806E+02
  16.160  0.1454E+01  0.1807E+02
  16.170  0.1453E+01  0.1809E+02
  16.180  0.1455E+01  0.1810E+02
  16.190  0.1459E+01  0.1812E+02
  16.200  0.1465E+01  0.1813E+02
  16.210  0.1472E+01  0.1815E+02
  16.220  0.1479E+01  0.1816E+02
  16.230  0.1486E+01  0.1818E+02
  16.240  0.1494E+01  0.1819E+02
  16.250  0.1500E+01  0.1821E+02
  16.260  0.1504E+01  0.1822E+02
  16.270  0.1507E+01  0.1824E+02
  16.280  0.1508E+01  0.1825E+02
  16.290  0.1506E+01  0.1827E+02
  16.300  0.1502E+01  0.1828E+02
  16.310  0.1495E+01  0.1830E+02
  16.320  0.1486E+01  0.1831E+02
  16.330  0.1474E+01  0.1833E+02
  16.340  0.1460E+01  0.1834E+02
  16.350  0.1445E+01  0.1835E+02
  16.360  0.1429E+01  0.1837E+02
  16.370  0.1411E+01  0.1838E+02
  16.380  0.1394E+01  0.1840E+02
  16.390  0.1377E+01  0.1841E+02
  16.400  0.1361E+01  0.1842E+02
  16.410  0.1346E+01  0.1844E+02
  16.420  0.1333E+01  0.1845E+02
  16.430  0.1322E+01  0.1846E+02
  16.440  0.1312E+01  0.1848E+02
  16.450  0.1306E+01  0.1849E+02
  16.460  0.1301E+01  0.1850E+02
  16.470  0.1298E+01  0.1852E+02
  16.480  0.1298E+01  0.1853E+02
  16.490  0.1299E+01  0.1854E+02
  16.500  0.1302E+01  0.1856E+02
  16.510  0.1306E+01  0.1857E+02
  16.520  0.1310E+01  0.1858E+02
  16.530  0.1314E+01  0.1860E+02
  16.540  0.1319E+01  0.1861E+02
  16.550  0.1322E+01  0.1862E+02
  16.560  0.1325E+01  0.1863E+02
  16.570  0.1326E+01  0.1865E+02
  16.580  0.1326E+01  0.1866E+02
  16.590  0.1323E+01  0.1867E+02
  16.600  0.1319E+01  0.1869E+02
  16.610  0.1312E+01  0.1870E+02
  16.620  0.1304E+01  0.1871E+02
  16.630  0.1293E+01  0.1873E+02
  16.640  0.1280E+01  0.1874E+02
  16.650  0.1266E+01  0.1875E+02
  16.660  0.1251E+01  0.1876E+02
  16.670  0.1234E+01  0.1878E+02
  16.680  0.1217E+01  0.1879E+02
  16.690  0.1199E+01  0.1880E+02
  16.700  0.1182E+01  0.1881E+02
  16.710  0.1166E+01  0.1882E+02
  16.720  0.1150E+01  0.1884E+02
  16.730  0.1135E+01  0.1885E+02
  16.740  0.1122E+01  0.1886E+02
  16.750  0.1110E+01  0.1887E+02
  16.760  0.1099E+01  0.1888E+02
  16.770  0.1091E+01  0.1889E+02
  16.780  0.1083E+01  0.1890E+02
  16.790  0.1078E+01  0.1891E+02
  16.800  0.1073E+01  0.1892E+02
  16.810  0.1069E+01  0.1893E+02
  16.820  0.1067E+01  0.1895E+02
  16.830  0.1065E+01  0.1896E+02
  16.840  0.1064E+01  0.1897E+02
  16.850  0.1063E+01  0.1898E+02
  16.860  0.1062E+01  0.1899E+02
  16.870  0.1061E+01  0.1900E+02
  16.880  0.1061E+01  0.1901E+02
  16.890  0.1060E+01  0.1902E+02
  16.900  0.1059E+01  0.1903E+02
  16.910  0.1058E+01  0.1904E+02
  16.920  0.1057E+01  0.1905E+02
  16.930  0.1055E+01  0.1906E+02
  16.940  0.1053E+01  0.1907E+02
  16.950  0.1050E+01  0.1908E+02
  16.960  0.1047E+01  0.1909E+02
  16.970  0.1044E+01  0.1910E+02
  16.980  0.1040E+01  0.1911E+02
  16.990  0.1035E+01  0.1912E+02
  17.000  0.1030E+01  0.1914E+02
  17.010  0.1025E+01  0.1915E+02
  17.020  0.1019E+01  0.1916E+02
  17.030  0.1013E+01  0.1917E+02
  17.040  0.1007E+01  0.1918E+02
  17.050  0.1000E+01  0.1919E+02
  17.060  0.9937E+00  0.1920E+02
  17.070  0.9875E+00  0.1921E+02
  17.080  0.9815E+00  0.1922E+02
  17.090  0.9759E+00  0.1923E+02
  17.100  0.9708E+00  0.1923E+02
  17.110  0.9661E+00  0.1924E+02
  17.120  0.9618E+00  0.1925E+02
  17.130  0.9579E+00  0.1926E+02
  17.140  0.9541E+00  0.1927E+02
  17.150  0.9502E+00  0.1928E+02
  17.160  0.9460E+00  0.1929E+02
  17.170  0.9413E+00  0.1930E+02
  17.180  0.9357E+00  0.1931E+02
  17.190  0.9290E+00  0.1932E+02
  17.200  0.9209E+00  0.1933E+02
  17.210  0.9113E+00  0.1934E+02
  17.220  0.9000E+00  0.1935E+02
  17.230  0.8870E+00  0.1936E+02
  17.240  0.8723E+00  0.1937E+02
  17.250  0.8560E+00  0.1937E+02
  17.260  0.8384E+00  0.1938E+02
  17.270  0.8197E+00  0.1939E+02
  17.280  0.8003E+00  0.1940E+02
  17.290  0.7806E+00  0.1941E+02
  17.300  0.7610E+00  0.1941E+02
  17.310  0.7419E+00  0.1942E+02
  17.320  0.7236E+00  0.1943E+02
  17.330  0.7065E+00  0.1944E+02
  17.340  0.6909E+00  0.1944E+02
  17.350  0.6770E+00  0.1945E+02
  17.360  0.6649E+00  0.1946E+02
  17.370  0.6546E+00  0.1946E+02
  17.380  0.6461E+00  0.1947E+02
  17.390  0.6391E+00  0.1948E+02
  17.400  0.6335E+00  0.1948E+02
  17.410  0.6290E+00  0.1949E+02
  17.420  0.6253E+00  0.1949E+02
  17.430  0.6221E+00  0.1950E+02
  17.440  0.6189E+00  0.1951E+02
  17.450  0.6155E+00  0.1951E+02
  17.460  0.6116E+00  0.1952E+02
  17.470  0.6070E+00  0.1952E+02
  17.480  0.6015E+00  0.1953E+02
  17.490  0.5950E+00  0.1954E+02
  17.500  0.5875E+00  0.1954E+02
  17.510  0.5790E+00  0.1955E+02
  17.520  0.5699E+00  0.1955E+02
  17.530  0.5602E+00  0.1956E+02
  17.540  0.5502E+00  0.1957E+02
  17.550  0.5404E+00  0.1957E+02
  17.560  0.5311E+00  0.1958E+02
  17.570  0.5226E+00  0.1958E+02
  17.580  0.5154E+00  0.1959E+02
  17.590  0.5096E+00  0.1959E+02
  17.600  0.5057E+00  0.1960E+02
  17.610  0.5038E+00  0.1960E+02
  17.620  0.5041E+00  0.1961E+02
  17.630  0.5065E+00  0.1961E+02
  17.640  0.5111E+00  0.1962E+02
  17.650  0.5177E+00  0.1962E+02
  17.660  0.5261E+00  0.1963E+02
  17.670  0.5360E+00  0.1963E+02
  17.680  0.5471E+00  0.1964E+02
  17.690  0.5588E+00  0.1964E+02
  17.700  0.5709E+00  0.1965E+02
  17.710  0.5828E+00  0.1966E+02
  17.720  0.5940E+00  0.1966E+02
  17.730  0.6043E+00  0.1967E+02
  17.740  0.6131E+00  0.1967E+02
  17.750  0.6201E+00  0.1968E+02
  17.760  0.6251E+00  0.1969E+02
  17.770  0.6279E+00  0.1969E+02
  17.780  0.6283E+00  0.1970E+02
  17.790  0.6263E+00  0.1970E+02
  17.800  0.6218E+00  0.1971E+02
  17.810  0.6150E+00  0.1972E+02
  17.820  0.6059E+00  0.1972E+02
  17.830  0.5948E+00  0.1973E+02
  17.840  0.5819E+00  0.1973E+02
  17.850  0.5675E+00  0.1974E+02
  17.860  0.5518E+00  0.1975E+02
  17.870  0.5352E+00  0.1975E+02
  17.880  0.5180E+00  0.1976E+02
  17.890  0.5005E+00  0.1976E+02
  17.900  0.4831E+00  0.1977E+02
  17.910  0.4660E+00  0.1977E+02
  17.920  0.4494E+00  0.1978E+02
  17.930  0.4337E+00  0.1978E+02
  17.940  0.4190E+00  0.1978E+02
  17.950  0.4055E+00  0.1979E+02
  17.960  0.3932E+00  0.1979E+02
  17.970  0.3823E+00  0.1980E+02
  17.980  0.3728E+00  0.1980E+02
  17.990  0.3646E+00  0.1980E+02
  18.000  0.3577E+00  0.1981E+02
  18.010  0.3520E+00  0.1981E+02
  18.020  0.3475E+00  0.1981E+02
  18.030  0.3440E+00  0.1982E+02
  18.040  0.3415E+00  0.1982E+02
  18.050  0.3398E+00  0.1982E+02
  18.060  0.3388E+00  0.1983E+02
  18.070  0.3386E+00  0.1983E+02
  18.080  0.3389E+00  0.1983E+02
  18.090  0.3399E+00  0.1984E+02
  18.100  0.3414E+00  0.1984E+02
  18.110  0.3435E+00  0.1984E+02
  18.120  0.3462E+00  0.1985E+02
  18.130  0.3494E+00  0.1985E+02
  18.140  0.3533E+00  0.1985E+02
  18.150  0.3577E+00  0.1986E+02
  18.160  0.3627E+00  0.1986E+02
  18.170  0.3682E+00  0.1987E+02
  18.180  0.3741E+00  0.1987E+02
  18.190  0.3802E+00  0.1987E+02
  18.200  0.3866E+00  0.1988E+02
  18.210  0.3928E+00  0.1988E+02
  18.220  0.3988E+00  0.1989E+02
  18.230  0.4042E+00  0.1989E+02
  18.240  0.4089E+00  0.1989E+02
  18.250  0.4125E+00  0.1990E+02
  18.260  0.4149E+00  0.1990E+02
  18.270  0.4159E+00  0.1991E+02
  18.280  0.4153E+00  0.1991E+02
  18.290  0.4130E+00  0.1991E+02
  18.300  0.4089E+00  0.1992E+02
  18.310  0.4032E+00  0.1992E+02
  18.320  0.3958E+00  0.1993E+02
  18.330  0.3870E+00  0.1993E+02
  18.340  0.3770E+00  0.1993E+02
  18.350  0.3660E+00  0.1994E+02
  18.360  0.3544E+00  0.1994E+02
  18.370  0.3426E+00  0.1994E+02
  18.380  0.3308E+00  0.1995E+02
  18.390  0.3194E+00  0.1995E+02
  18.400  0.3087E+00  0.1995E+02
  18.410  0.2990E+00  0.1996E+02
  18.420  0.2904E+00  0.1996E+02
  18.430  0.2832E+00  0.1996E+02
  18.440  0.2774E+00  0.1997E+02
  18.450  0.2730E+00  0.1997E+02
  18.460  0.2699E+00  0.1997E+02
  18.470  0.2682E+00  0.1997E+02
  18.480  0.2676E+00  0.1998E+02
  18.490  0.2679E+00  0.1998E+02
  18.500  0.2690E+00  0.1998E+02
  18.510  0.2706E+00  0.1998E+02
  18.520  0.2726E+00  0.1999E+02
  18.530  0.2748E+00  0.1999E+02
  18.540  0.2770E+00  0.1999E+02
  18.550  0.2790E+00  0.2000E+02
  18.560  0.2808E+00  0.2000E+02
  18.570  0.2823E+00  0.2000E+02
  18.580  0.2836E+00  0.2000E+02
  18.590  0.2845E+00  0.2001E+02
  18.600  0.2852E+00  0.2001E+02
  18.610  0.2857E+00  0.2001E+02
  18.620  0.2860E+00  0.2002E+02
  18.630  0.2864E+00  0.2002E+02
  18.640  0.2867E+00  0.2002E+02
  18.650  0.2872E+00  0.2002E+02
  18.660  0.2878E+00  0.2003E+02
  18.670  0.2886E+00  0.2003E+02
  18.680  0.2896E+00  0.2003E+02
  18.690  0.2908E+00  0.2004E+02
  18.700  0.2922E+00  0.2004E+02
  18.710  0.2938E+00  0.2004E+02
  18.720  0.2956E+00  0.2004E+02
  18.730  0.2974E+00  0.2005E+02
  18.740  0.2992E+00  0.2005E+02
  18.750  0.3011E+00  0.2005E+02
  18.760  0.3029E+00  0.2006E+02
  18.770  0.3047E+00  0.2006E+02
  18.780  0.3066E+00  0.2006E+02
  18.790  0.3084E+00  0.2007E+02
  18.800  0.3105E+00  0.2007E+02
  18.810  0.3128E+00  0.2007E+02
  18.820  0.3156E+00  0.2007E+02
  18.830  0.3190E+00  0.2008E+02
  18.840  0.3233E+00  0.2008E+02
  18.850  0.3287E+00  0.2008E+02
  18.860  0.3355E+00  0.2009E+02
  18.870  0.3438E+00  0.2009E+02
  18.880  0.3540E+00  0.2009E+02
  18.890  0.3663E+00  0.2010E+02
  18.900  0.3808E+00  0.2010E+02
  18.910  0.3978E+00  0.2011E+02
  18.920  0.4172E+00  0.2011E+02
  18.930  0.4391E+00  0.2011E+02
  18.940  0.4634E+00  0.2012E+02
  18.950  0.4902E+00  0.2012E+02
  18.960  0.5192E+00  0.2013E+02
  18.970  0.5502E+00  0.2014E+02
  18.980  0.5829E+00  0.2014E+02
  18.990  0.6172E+00  0.2015E+02
  19.000  0.6526E+00  0.2015E+02
  19.010  0.6890E+00  0.2016E+02
  19.020  0.7258E+00  0.2017E+02
  19.030  0.7630E+00  0.2018E+02
  19.040  0.8002E+00  0.2018E+02
  19.050  0.8372E+00  0.2019E+02
  19.060  0.8739E+00  0.2020E+02
  19.070  0.9100E+00  0.2021E+02
  19.080  0.9456E+00  0.2022E+02
  19.090  0.9804E+00  0.2023E+02
  19.100  0.1015E+01  0.2024E+02
  19.110  0.1048E+01  0.2025E+02
  19.120  0.1082E+01  0.2026E+02
  19.130  0.1114E+01  0.2027E+02
  19.140  0.1147E+01  0.2028E+02
  19.150  0.1179E+01  0.2029E+02
  19.160  0.1212E+01  0.2031E+02
  19.170  0.1245E+01  0.2032E+02
  19.180  0.1278E+01  0.2033E+02
  19.190  0.1312E+01  0.2035E+02
  19.200  0.1347E+01  0.2036E+02
  19.210  0.1383E+01  0.2037E+02
  19.220  0.1419E+01  0.2039E+02
  19.230  0.1456E+01  0.2040E+02
  19.240  0.1495E+01  0.2042E+02
  19.250  0.1534E+01  0.2043E+02
  19.260  0.1574E+01  0.2045E+02
  19.270  0.1614E+01  0.2046E+02
  19.280  0.1654E+01  0.2048E+02
  19.290  0.1694E+01  0.2050E+02
  19.300  0.1733E+01  0.2051E+02
  19.310  0.1771E+01  0.2053E+02
  19.320  0.1808E+01  0.2055E+02
  19.330  0.1844E+01  0.2057E+02
  19.340  0.1877E+01  0.2059E+02
  19.350  0.1908E+01  0.2061E+02
  19.360  0.1937E+01  0.2063E+02
  19.370  0.1962E+01  0.2065E+02
  19.380  0.1985E+01  0.2067E+02
  19.390  0.2005E+01  0.2069E+02
  19.400  0.2021E+01  0.2071E+02
  19.410  0.2035E+01  0.2073E+02
  19.420  0.2046E+01  0.2075E+02
  19.430  0.2055E+01  0.2077E+02
  19.440  0.2061E+01  0.2079E+02
  19.450  0.2066E+01  0.2081E+02
  19.460  0.2069E+01  0.2083E+02
  19.470  0.2072E+01  0.2085E+02
  19.480  0.2073E+01  0.2087E+02
  19.490  0.2075E+01  0.2089E+02
  19.500  0.2078E+01  0.2091E+02
  19.510  0.2082E+01  0.2093E+02
  19.520  0.2088E+01  0.2095E+02
  19.530  0.2095E+01  0.2097E+02
  19.540  0.2105E+01  0.2100E+02
  19.550  0.2118E+01  0.2102E+02
  19.560  0.2133E+01  0.2104E+02
  19.570  0.2151E+01  0.2106E+02
  19.580  0.2172E+01  0.2108E+02
  19.590  0.2195E+01  0.2110E+02
  19.600  0.2220E+01  0.2113E+02
  19.610  0.2246E+01  0.2115E+02
  19.620  0.2273E+01  0.2117E+02
  19.630  0.2300E+01  0.2119E+02
  19.640  0.2327E+01  0.2122E+02
  19.650  0.2352E+01  0.2124E+02
  19.660  0.2376E+01  0.2126E+02
  19.670  0.2398E+01  0.2129E+02
  19.680  0.2416E+01  0.2131E+02
  19.690  0.2432E+01  0.2134E+02
  19.700  0.2444E+01  0.2136E+02
  19.710  0.2452E+01  0.2139E+02
  19.720  0.2457E+01  0.2141E+02
  19.730  0.2458E+01  0.2143E+02
  19.740  0.2455E+01  0.2146E+02
  19.750  0.2450E+01  0.2148E+02
  19.760  0.2442E+01  0.2151E+02
  19.770  0.2431E+01  0.2153E+02
  19.780  0.2418E+01  0.2156E+02
  19.790  0.2403E+01  0.2158E+02
  19.800  0.2386E+01  0.2160E+02
  19.810  0.2368E+01  0.2163E+02
  19.820  0.2349E+01  0.2165E+02
  19.830  0.2329E+01  0.2167E+02
  19.840  0.2309E+01  0.2170E+02
  19.850  0.2287E+01  0.2172E+02
  19.860  0.2265E+01  0.2174E+02
  19.870  0.2243E+01  0.2177E+02
  19.880  0.2220E+01  0.2179E+02
  19.890  0.2198E+01  0.2181E+02
  19.900  0.2175E+01  0.2183E+02
  19.910  0.2153E+01  0.2185E+02
  19.920  0.2132E+01  0.2187E+02
  19.930  0.2111E+01  0.2190E+02
  19.940  0.2092E+01  0.2192E+02
  19.950  0.2073E+01  0.2194E+02
  19.960  0.2057E+01  0.2196E+02
  19.970  0.2042E+01  0.2198E+02
  19.980  0.2029E+01  0.2200E+02
  19.990  0.2018E+01  0.2202E+02
  20.000  0.2008E+01  0.2204E+02
