
     Program PROJWFC v.7.4.1 starts on 31Aug2026 at 14:24:45 

     This program is part of the open-source Quantum ESPRESSO suite
     for quantum simulation of materials; please cite
         "P. Giannozzi et al., J. Phys.:Condens. Matter 21 395502 (2009);
         "P. Giannozzi et al., J. Phys.:Condens. Matter 29 465901 (2017);
         "P. Giannozzi et al., J. Chem. Phys. 152 154105 (2020);
          URL http://www.quantum-espresso.org", 
     in publications or presentations arising from this work. More details at
     http://www.quantum-espresso.org/quote

     Parallel version (MPI), running on     4 processors

     MPI processes distributed on     1 nodes
     R & G space division:  proc/nbgrp/npool/nimage =       4
     14312 MiB available memory on the printing compute node when the environment starts


     Reading xml data from directory:

     ./tmp/BeO_Electronic.save/

     IMPORTANT: XC functional enforced from input :
     Exchange-correlation= PBE
                           (   1   4   3   4   0   0   0)
     Any further DFT definition will be discarded
     Please, verify this is what you really want


     Parallelization info
     --------------------
     sticks:   dense  smooth     PW     G-vecs:    dense   smooth      PW
     Min         228     228     63                 8926     8926    1397
     Max         229     229     64                 8931     8931    1406
     Sum         913     913    253                35711    35711    5599

     Using Slab Decomposition


     Gaussian broadening (read from input): ngauss,degauss=   0    0.010000


     Calling projwave .... 
     Subspace diagonalization in iterative solution of the eigenvalue problem:
     a serial algorithm will be used


  Problem Sizes 
  natomwfc =           12
  nbnd     =           14
  nkstot   =          264
  npwx     =         1124
  nkb      =           42


     Atomic states used for projection
     (read from pseudopotential files):

     state #   1: atom   1 (Be ), wfc  1 (l=0 m= 1)
     state #   2: atom   1 (Be ), wfc  2 (l=0 m= 1)
     state #   3: atom   2 (Be ), wfc  1 (l=0 m= 1)
     state #   4: atom   2 (Be ), wfc  2 (l=0 m= 1)
     state #   5: atom   3 (O  ), wfc  1 (l=0 m= 1)
     state #   6: atom   3 (O  ), wfc  2 (l=1 m= 1)
     state #   7: atom   3 (O  ), wfc  2 (l=1 m= 2)
     state #   8: atom   3 (O  ), wfc  2 (l=1 m= 3)
     state #   9: atom   4 (O  ), wfc  1 (l=0 m= 1)
     state #  10: atom   4 (O  ), wfc  2 (l=1 m= 1)
     state #  11: atom   4 (O  ), wfc  2 (l=1 m= 2)
     state #  12: atom   4 (O  ), wfc  2 (l=1 m= 3)

 k =   0.0000000000  0.0000000000  0.0000000000
==== e(   1) =   -90.50095 eV ==== 
     psi = 0.494*[#   1]+0.494*[#   3]+0.006*[#   2]+0.006*[#   4]
    |psi|^2 = 1.000
==== e(   2) =   -90.49849 eV ==== 
     psi = 0.496*[#   1]+0.496*[#   3]+0.003*[#   6]+0.003*[#  10]
    |psi|^2 = 1.000
==== e(   3) =   -12.45643 eV ==== 
     psi = 0.268*[#   5]+0.268*[#   9]+0.227*[#   2]+0.227*[#   4]+0.005*[#   1]
          +0.005*[#   3]
    |psi|^2 = 0.999
==== e(   4) =   -10.68783 eV ==== 
     psi = 0.452*[#   5]+0.452*[#   9]+0.041*[#   2]+0.041*[#   4]+0.003*[#   6]
          +0.003*[#  10]
    |psi|^2 = 0.992
==== e(   5) =    -0.05614 eV ==== 
     psi = 0.433*[#   6]+0.433*[#  10]+0.051*[#   2]+0.051*[#   4]+0.002*[#   1]
          +0.002*[#   3]
    |psi|^2 = 0.973
==== e(   6) =     5.08867 eV ==== 
     psi = 0.242*[#   7]+0.242*[#   8]+0.242*[#  11]+0.242*[#  12]
    |psi|^2 = 0.967
==== e(   7) =     5.08867 eV ==== 
     psi = 0.242*[#   7]+0.242*[#   8]+0.242*[#  11]+0.242*[#  12]
    |psi|^2 = 0.967
==== e(   8) =     6.04191 eV ==== 
     psi = 0.247*[#   7]+0.247*[#   8]+0.247*[#  11]+0.247*[#  12]
    |psi|^2 = 0.988
==== e(   9) =     6.04191 eV ==== 
     psi = 0.247*[#   7]+0.247*[#   8]+0.247*[#  11]+0.247*[#  12]
    |psi|^2 = 0.988
==== e(  10) =     6.08387 eV ==== 
     psi = 0.493*[#   6]+0.493*[#  10]
    |psi|^2 = 0.986
==== e(  11) =    13.58840 eV ==== 
     psi = 0.266*[#   2]+0.266*[#   4]+0.228*[#   5]+0.228*[#   9]+0.002*[#   1]
          +0.002*[#   3]
    |psi|^2 = 0.990
==== e(  12) =    17.58951 eV ==== 
     psi = 0.133*[#   2]+0.133*[#   4]+0.024*[#   5]+0.024*[#   9]+0.001*[#   6]
          +0.001*[#  10]
    |psi|^2 = 0.317
==== e(  13) =    20.31347 eV ==== 
     psi = 0.001*[#   7]+0.001*[#   8]+0.001*[#  11]+0.001*[#  12]
    |psi|^2 = 0.004
==== e(  14) =    20.31347 eV ==== 
     psi = 0.001*[#   7]+0.001*[#   8]+0.001*[#  11]+0.001*[#  12]
    |psi|^2 = 0.004

 k =   0.0000000000  0.0000000000  0.0615999300
==== e(   1) =   -90.50089 eV ==== 
     psi = 0.494*[#   1]+0.494*[#   3]+0.006*[#   2]+0.006*[#   4]
    |psi|^2 = 1.000
==== e(   2) =   -90.49855 eV ==== 
     psi = 0.496*[#   1]+0.496*[#   3]+0.003*[#   6]+0.003*[#  10]
    |psi|^2 = 1.000
==== e(   3) =   -12.42263 eV ==== 
     psi = 0.271*[#   5]+0.271*[#   9]+0.224*[#   2]+0.224*[#   4]+0.004*[#   1]
          +0.004*[#   3]
    |psi|^2 = 0.999
==== e(   4) =   -10.74547 eV ==== 
     psi = 0.444*[#   5]+0.444*[#   9]+0.049*[#   2]+0.049*[#   4]+0.003*[#   6]
          +0.003*[#  10]
    |psi|^2 = 0.993
==== e(   5) =     0.08066 eV ==== 
     psi = 0.431*[#   6]+0.431*[#  10]+0.050*[#   2]+0.050*[#   4]+0.004*[#   5]
          +0.004*[#   9]+0.002*[#   1]+0.002*[#   3]
    |psi|^2 = 0.972
==== e(   6) =     5.11067 eV ==== 
     psi = 0.242*[#   7]+0.242*[#   8]+0.242*[#  11]+0.242*[#  12]
    |psi|^2 = 0.968
==== e(   7) =     5.11067 eV ==== 
     psi = 0.242*[#   7]+0.242*[#   8]+0.242*[#  11]+0.242*[#  12]
    |psi|^2 = 0.968
==== e(   8) =     5.88822 eV ==== 
     psi = 0.484*[#   6]+0.484*[#  10]+0.005*[#   5]+0.005*[#   9]+0.003*[#   2]
          +0.003*[#   4]
    |psi|^2 = 0.985
==== e(   9) =     6.01720 eV ==== 
     psi = 0.247*[#   7]+0.247*[#   8]+0.247*[#  11]+0.247*[#  12]
    |psi|^2 = 0.987
==== e(  10) =     6.01720 eV ==== 
     psi = 0.247*[#   7]+0.247*[#   8]+0.247*[#  11]+0.247*[#  12]
    |psi|^2 = 0.987
==== e(  11) =    13.72805 eV ==== 
     psi = 0.264*[#   2]+0.264*[#   4]+0.219*[#   5]+0.219*[#   9]+0.008*[#   6]
          +0.008*[#  10]+0.002*[#   1]+0.002*[#   3]
    |psi|^2 = 0.986
==== e(  12) =    17.50578 eV ==== 
     psi = 0.156*[#   2]+0.156*[#   4]+0.029*[#   5]+0.029*[#   9]+0.005*[#   6]
          +0.005*[#  10]
    |psi|^2 = 0.379
==== e(  13) =    20.33580 eV ==== 
     psi = 0.001*[#   7]+0.001*[#   8]+0.001*[#  11]+0.001*[#  12]
    |psi|^2 = 0.005
==== e(  14) =    20.33580 eV ==== 
     psi = 0.001*[#   7]+0.001*[#   8]+0.001*[#  11]+0.001*[#  12]
    |psi|^2 = 0.005

 k =   0.0000000000  0.0000000000  0.1231998600
==== e(   1) =   -90.50071 eV ==== 
     psi = 0.494*[#   1]+0.494*[#   3]+0.005*[#   2]+0.005*[#   4]
    |psi|^2 = 1.000
==== e(   2) =   -90.49872 eV ==== 
     psi = 0.497*[#   1]+0.497*[#   3]+0.003*[#   6]+0.003*[#  10]
    |psi|^2 = 1.000
==== e(   3) =   -12.32265 eV ==== 
     psi = 0.279*[#   5]+0.279*[#   9]+0.216*[#   2]+0.216*[#   4]+0.004*[#   1]
          +0.004*[#   3]
    |psi|^2 = 0.999
==== e(   4) =   -10.90657 eV ==== 
     psi = 0.422*[#   5]+0.422*[#   9]+0.070*[#   2]+0.070*[#   4]+0.004*[#   6]
          +0.004*[#  10]
    |psi|^2 = 0.994
==== e(   5) =     0.47607 eV ==== 
     psi = 0.425*[#   6]+0.425*[#  10]+0.046*[#   2]+0.046*[#   4]+0.013*[#   5]
          +0.013*[#   9]+0.002*[#   1]+0.002*[#   3]
    |psi|^2 = 0.971
==== e(   6) =     5.17486 eV ==== 
     psi = 0.242*[#   7]+0.242*[#   8]+0.242*[#  11]+0.242*[#  12]
    |psi|^2 = 0.969
==== e(   7) =     5.17486 eV ==== 
     psi = 0.242*[#   7]+0.242*[#   8]+0.242*[#  11]+0.242*[#  12]
    |psi|^2 = 0.969
==== e(   8) =     5.35061 eV ==== 
     psi = 0.462*[#   6]+0.462*[#  10]+0.017*[#   5]+0.017*[#   9]+0.011*[#   2]
          +0.011*[#   4]
    |psi|^2 = 0.982
==== e(   9) =     5.94589 eV ==== 
     psi = 0.246*[#   7]+0.246*[#   8]+0.246*[#  11]+0.246*[#  12]
    |psi|^2 = 0.985
==== e(  10) =     5.94589 eV ==== 
     psi = 0.246*[#   7]+0.246*[#   8]+0.246*[#  11]+0.246*[#  12]
    |psi|^2 = 0.985
==== e(  11) =    14.10534 eV ==== 
     psi = 0.262*[#   2]+0.262*[#   4]+0.198*[#   5]+0.198*[#   9]+0.025*[#   6]
          +0.025*[#  10]+0.001*[#   1]+0.001*[#   3]
    |psi|^2 = 0.974
==== e(  12) =    17.26294 eV ==== 
     psi = 0.203*[#   2]+0.203*[#   4]+0.042*[#   5]+0.042*[#   9]+0.015*[#   6]
          +0.015*[#  10]
    |psi|^2 = 0.521
==== e(  13) =    20.40816 eV ==== 
     psi = 0.002*[#   7]+0.002*[#   8]+0.002*[#  11]+0.002*[#  12]
    |psi|^2 = 0.007
==== e(  14) =    20.40816 eV ==== 
     psi = 0.002*[#   7]+0.002*[#   8]+0.002*[#  11]+0.002*[#  12]
    |psi|^2 = 0.007

 k =   0.0000000000  0.0000000000  0.1847997900
==== e(   1) =   -90.50044 eV ==== 
     psi = 0.495*[#   1]+0.495*[#   3]+0.004*[#   2]+0.004*[#   4]
    |psi|^2 = 1.000
==== e(   2) =   -90.49899 eV ==== 
     psi = 0.497*[#   1]+0.497*[#   3]+0.002*[#   6]+0.002*[#  10]
    |psi|^2 = 1.000
==== e(   3) =   -12.16106 eV ==== 
     psi = 0.292*[#   5]+0.292*[#   9]+0.202*[#   2]+0.202*[#   4]+0.003*[#   1]
          +0.003*[#   3]+0.002*[#   6]+0.002*[#  10]
    |psi|^2 = 0.999
==== e(   4) =   -11.14132 eV ==== 
     psi = 0.393*[#   5]+0.393*[#   9]+0.099*[#   2]+0.099*[#   4]+0.005*[#   6]
          +0.005*[#  10]
    |psi|^2 = 0.996
==== e(   5) =     1.09056 eV ==== 
     psi = 0.418*[#   6]+0.418*[#  10]+0.041*[#   2]+0.041*[#   4]+0.024*[#   5]
          +0.024*[#   9]+0.002*[#   1]+0.002*[#   3]
    |psi|^2 = 0.970
==== e(   6) =     4.57956 eV ==== 
     psi = 0.441*[#   6]+0.441*[#  10]+0.028*[#   5]+0.028*[#   9]+0.019*[#   2]
          +0.019*[#   4]
    |psi|^2 = 0.978
==== e(   7) =     5.27593 eV ==== 
     psi = 0.243*[#   7]+0.243*[#   8]+0.243*[#  11]+0.243*[#  12]
    |psi|^2 = 0.971
==== e(   8) =     5.27593 eV ==== 
     psi = 0.243*[#   7]+0.243*[#   8]+0.243*[#  11]+0.243*[#  12]
    |psi|^2 = 0.971
==== e(   9) =     5.83602 eV ==== 
     psi = 0.246*[#   7]+0.246*[#   8]+0.246*[#  11]+0.246*[#  12]
    |psi|^2 = 0.983
==== e(  10) =     5.83602 eV ==== 
     psi = 0.246*[#   7]+0.246*[#   8]+0.246*[#  11]+0.246*[#  12]
    |psi|^2 = 0.983
==== e(  11) =    14.63239 eV ==== 
     psi = 0.263*[#   2]+0.263*[#   4]+0.172*[#   5]+0.172*[#   9]+0.041*[#   6]
          +0.041*[#  10]
    |psi|^2 = 0.954
==== e(  12) =    16.88269 eV ==== 
     psi = 0.243*[#   2]+0.243*[#   4]+0.063*[#   5]+0.063*[#   9]+0.028*[#   6]
          +0.028*[#  10]
    |psi|^2 = 0.669
==== e(  13) =    20.54263 eV ==== 
     psi = 0.002*[#   7]+0.002*[#   8]+0.002*[#  11]+0.002*[#  12]
    |psi|^2 = 0.009
==== e(  14) =    20.54263 eV ==== 
     psi = 0.002*[#   7]+0.002*[#   8]+0.002*[#  11]+0.002*[#  12]
    |psi|^2 = 0.009

 k =   0.0000000000  0.0000000000  0.2463997200
==== e(   1) =   -90.50010 eV ==== 
     psi = 0.496*[#   1]+0.496*[#   3]+0.002*[#   2]+0.002*[#   4]+0.001*[#   6]
          +0.001*[#  10]
    |psi|^2 = 1.000
==== e(   2) =   -90.49934 eV ==== 
     psi = 0.497*[#   1]+0.497*[#   3]+0.002*[#   6]+0.002*[#  10]
    |psi|^2 = 1.000
==== e(   3) =   -11.94607 eV ==== 
     psi = 0.310*[#   5]+0.310*[#   9]+0.183*[#   2]+0.183*[#   4]+0.003*[#   6]
          +0.003*[#  10]+0.003*[#   1]+0.003*[#   3]
    |psi|^2 = 0.998
==== e(   4) =   -11.41368 eV ==== 
     psi = 0.363*[#   5]+0.363*[#   9]+0.130*[#   2]+0.130*[#   4]+0.005*[#   6]
          +0.005*[#  10]+0.001*[#   1]+0.001*[#   3]
    |psi|^2 = 0.997
==== e(   5) =     1.87080 eV ==== 
     psi = 0.414*[#   6]+0.414*[#  10]+0.037*[#   2]+0.037*[#   4]+0.032*[#   5]
          +0.032*[#   9]+0.002*[#   1]+0.002*[#   3]
    |psi|^2 = 0.970
==== e(   6) =     3.68488 eV ==== 
     psi = 0.424*[#   6]+0.424*[#  10]+0.035*[#   5]+0.035*[#   9]+0.026*[#   2]
          +0.026*[#   4]+0.001*[#   1]+0.001*[#   3]
    |psi|^2 = 0.974
==== e(   7) =     5.40520 eV ==== 
     psi = 0.243*[#   7]+0.243*[#   8]+0.243*[#  11]+0.243*[#  12]
    |psi|^2 = 0.973
==== e(   8) =     5.40520 eV ==== 
     psi = 0.243*[#   7]+0.243*[#   8]+0.243*[#  11]+0.243*[#  12]
    |psi|^2 = 0.973
==== e(   9) =     5.69961 eV ==== 
     psi = 0.245*[#   7]+0.245*[#   8]+0.245*[#  11]+0.245*[#  12]
    |psi|^2 = 0.979
==== e(  10) =     5.69961 eV ==== 
     psi = 0.245*[#   7]+0.245*[#   8]+0.245*[#  11]+0.245*[#  12]
    |psi|^2 = 0.979
==== e(  11) =    15.22745 eV ==== 
     psi = 0.266*[#   2]+0.266*[#   4]+0.144*[#   5]+0.144*[#   9]+0.049*[#   6]
          +0.049*[#  10]
    |psi|^2 = 0.920
==== e(  12) =    16.39400 eV ==== 
     psi = 0.264*[#   2]+0.264*[#   4]+0.088*[#   5]+0.088*[#   9]+0.041*[#   6]
          +0.041*[#  10]
    |psi|^2 = 0.786
==== e(  13) =    20.57079 eV ==== 
     psi = 0.062*[#   2]+0.062*[#   4]+0.034*[#   6]+0.034*[#  10]+0.012*[#   5]
          +0.012*[#   9]
    |psi|^2 = 0.216
==== e(  14) =    20.64577 eV ==== 
     psi = 0.018*[#   6]+0.018*[#  10]+0.018*[#   2]+0.018*[#   4]+0.006*[#   5]
          +0.006*[#   9]
    |psi|^2 = 0.084

 k =   0.0000000000  0.0000000000 -0.3079996500
==== e(   1) =   -90.49972 eV ==== 
     psi = 0.496*[#   1]+0.496*[#   3]+0.002*[#   6]+0.002*[#  10]+0.001*[#   2]
          +0.001*[#   4]
    |psi|^2 = 1.000
==== e(   2) =   -90.49971 eV ==== 
     psi = 0.496*[#   1]+0.496*[#   3]+0.002*[#   6]+0.002*[#  10]+0.001*[#   2]
          +0.001*[#   4]
    |psi|^2 = 1.000
==== e(   3) =   -11.69063 eV ==== 
     psi = 0.334*[#   5]+0.334*[#   9]+0.158*[#   2]+0.158*[#   4]+0.004*[#   6]
          +0.004*[#  10]+0.002*[#   1]+0.002*[#   3]
    |psi|^2 = 0.998
==== e(   4) =   -11.69063 eV ==== 
     psi = 0.334*[#   5]+0.334*[#   9]+0.158*[#   2]+0.158*[#   4]+0.004*[#   6]
          +0.004*[#  10]+0.002*[#   1]+0.002*[#   3]
    |psi|^2 = 0.998
==== e(   5) =     2.75719 eV ==== 
     psi = 0.416*[#   6]+0.416*[#  10]+0.036*[#   5]+0.036*[#   9]+0.032*[#   2]
          +0.032*[#   4]+0.002*[#   1]+0.002*[#   3]
    |psi|^2 = 0.971
==== e(   6) =     2.75719 eV ==== 
     psi = 0.416*[#   6]+0.416*[#  10]+0.036*[#   5]+0.036*[#   9]+0.032*[#   2]
          +0.032*[#   4]+0.002*[#   1]+0.002*[#   3]
    |psi|^2 = 0.971
==== e(   7) =     5.55104 eV ==== 
     psi = 0.244*[#   7]+0.244*[#   8]+0.244*[#  11]+0.244*[#  12]
    |psi|^2 = 0.976
==== e(   8) =     5.55104 eV ==== 
     psi = 0.244*[#   7]+0.244*[#   8]+0.244*[#  11]+0.244*[#  12]
    |psi|^2 = 0.976
==== e(   9) =     5.55104 eV ==== 
     psi = 0.244*[#   7]+0.244*[#   8]+0.244*[#  11]+0.244*[#  12]
    |psi|^2 = 0.976
==== e(  10) =     5.55104 eV ==== 
     psi = 0.244*[#   7]+0.244*[#   8]+0.244*[#  11]+0.244*[#  12]
    |psi|^2 = 0.976
==== e(  11) =    15.82981 eV ==== 
     psi = 0.269*[#   2]+0.269*[#   4]+0.116*[#   5]+0.116*[#   9]+0.049*[#   6]
          +0.049*[#  10]
    |psi|^2 = 0.867
==== e(  12) =    15.82981 eV ==== 
     psi = 0.269*[#   2]+0.269*[#   4]+0.116*[#   5]+0.116*[#   9]+0.049*[#   6]
          +0.049*[#  10]
    |psi|^2 = 0.867
==== e(  13) =    20.57384 eV ==== 
     psi = 0.034*[#   2]+0.034*[#   4]+0.025*[#   6]+0.025*[#  10]+0.009*[#   5]
          +0.009*[#   9]
    |psi|^2 = 0.136
==== e(  14) =    20.57384 eV ==== 
     psi = 0.034*[#   2]+0.034*[#   4]+0.025*[#   6]+0.025*[#  10]+0.009*[#   5]
          +0.009*[#   9]
    |psi|^2 = 0.136

 k =   0.0000000000  0.0577350269  0.0000000000
==== e(   1) =   -90.50090 eV ==== 
     psi = 0.494*[#   1]+0.494*[#   3]+0.006*[#   2]+0.006*[#   4]
    |psi|^2 = 1.000
==== e(   2) =   -90.49846 eV ==== 
     psi = 0.496*[#   1]+0.496*[#   3]+0.003*[#   6]+0.003*[#  10]
    |psi|^2 = 1.000
==== e(   3) =   -12.42725 eV ==== 
     psi = 0.270*[#   5]+0.270*[#   9]+0.224*[#   2]+0.224*[#   4]+0.004*[#   1]
          +0.004*[#   3]
    |psi|^2 = 0.999
==== e(   4) =   -10.67197 eV ==== 
     psi = 0.453*[#   5]+0.453*[#   9]+0.040*[#   2]+0.040*[#   4]+0.003*[#   6]
          +0.003*[#  10]
    |psi|^2 = 0.992
==== e(   5) =    -0.01967 eV ==== 
     psi = 0.434*[#   6]+0.434*[#  10]+0.051*[#   2]+0.051*[#   4]+0.002*[#   1]
          +0.002*[#   3]
    |psi|^2 = 0.972
==== e(   6) =     4.96609 eV ==== 
     psi = 0.240*[#   7]+0.240*[#   8]+0.240*[#  11]+0.240*[#  12]+0.002*[#   2]
          +0.002*[#   4]
    |psi|^2 = 0.967
==== e(   7) =     5.03646 eV ==== 
     psi = 0.242*[#   7]+0.242*[#   8]+0.242*[#  11]+0.242*[#  12]
    |psi|^2 = 0.966
==== e(   8) =     5.90269 eV ==== 
     psi = 0.243*[#   7]+0.243*[#   8]+0.243*[#  11]+0.243*[#  12]+0.004*[#   5]
          +0.004*[#   9]+0.003*[#   2]+0.003*[#   4]+0.001*[#   6]+0.001*[#  10]
          
    |psi|^2 = 0.988
==== e(   9) =     6.02401 eV ==== 
     psi = 0.247*[#   7]+0.247*[#   8]+0.247*[#  11]+0.247*[#  12]
    |psi|^2 = 0.987
==== e(  10) =     6.06243 eV ==== 
     psi = 0.491*[#   6]+0.491*[#  10]
    |psi|^2 = 0.985
==== e(  11) =    13.69704 eV ==== 
     psi = 0.264*[#   2]+0.264*[#   4]+0.220*[#   5]+0.220*[#   9]+0.003*[#   7]
          +0.003*[#   8]+0.003*[#  11]+0.003*[#  12]+0.002*[#   1]+0.002*[#   3]
          
    |psi|^2 = 0.983
==== e(  12) =    17.69664 eV ==== 
     psi = 0.129*[#   2]+0.129*[#   4]+0.023*[#   5]+0.023*[#   9]+0.001*[#   6]
          +0.001*[#  10]
    |psi|^2 = 0.309
==== e(  13) =    20.29916 eV ==== 
     psi = 0.009*[#   2]+0.009*[#   4]+0.002*[#   5]+0.002*[#   6]+0.002*[#   9]
          +0.002*[#  10]+0.001*[#   7]+0.001*[#   8]+0.001*[#  11]+0.001*[#  12]
          
    |psi|^2 = 0.030
==== e(  14) =    20.38676 eV ==== 
     psi = 0.001*[#   7]+0.001*[#   8]+0.001*[#  11]+0.001*[#  12]
    |psi|^2 = 0.005

 k =   0.0000000000  0.0577350269  0.0615999300
==== e(   1) =   -90.50084 eV ==== 
     psi = 0.494*[#   1]+0.494*[#   3]+0.005*[#   2]+0.005*[#   4]
    |psi|^2 = 1.000
==== e(   2) =   -90.49852 eV ==== 
     psi = 0.496*[#   1]+0.496*[#   3]+0.003*[#   6]+0.003*[#  10]
    |psi|^2 = 1.000
==== e(   3) =   -12.39364 eV ==== 
     psi = 0.273*[#   5]+0.273*[#   9]+0.222*[#   2]+0.222*[#   4]+0.004*[#   1]
          +0.004*[#   3]
    |psi|^2 = 0.999
==== e(   4) =   -10.72905 eV ==== 
     psi = 0.445*[#   5]+0.445*[#   9]+0.048*[#   2]+0.048*[#   4]+0.003*[#   6]
          +0.003*[#  10]
    |psi|^2 = 0.993
==== e(   5) =     0.11557 eV ==== 
     psi = 0.431*[#   6]+0.431*[#  10]+0.049*[#   2]+0.049*[#   4]+0.004*[#   5]
          +0.004*[#   9]+0.002*[#   1]+0.002*[#   3]
    |psi|^2 = 0.972
==== e(   6) =     4.98884 eV ==== 
     psi = 0.241*[#   7]+0.241*[#   8]+0.241*[#  11]+0.241*[#  12]+0.002*[#   2]
          +0.002*[#   4]
    |psi|^2 = 0.967
==== e(   7) =     5.05911 eV ==== 
     psi = 0.242*[#   7]+0.242*[#   8]+0.242*[#  11]+0.242*[#  12]
    |psi|^2 = 0.967
==== e(   8) =     5.77308 eV ==== 
     psi = 0.249*[#   6]+0.249*[#  10]+0.115*[#   7]+0.115*[#   8]+0.115*[#  11]
          +0.115*[#  12]+0.009*[#   5]+0.009*[#   9]+0.006*[#   2]+0.006*[#   4]
          
    |psi|^2 = 0.986
==== e(   9) =     5.97845 eV ==== 
     psi = 0.235*[#   6]+0.235*[#  10]+0.129*[#   7]+0.129*[#   8]+0.129*[#  11]
          +0.129*[#  12]
    |psi|^2 = 0.985
==== e(  10) =     5.99824 eV ==== 
     psi = 0.247*[#   7]+0.247*[#   8]+0.247*[#  11]+0.247*[#  12]
    |psi|^2 = 0.987
==== e(  11) =    13.82796 eV ==== 
     psi = 0.262*[#   2]+0.262*[#   4]+0.212*[#   5]+0.212*[#   9]+0.008*[#   6]
          +0.008*[#  10]+0.003*[#   7]+0.003*[#   8]+0.003*[#  11]+0.003*[#  12]
          +0.001*[#   1]+0.001*[#   3]
    |psi|^2 = 0.979
==== e(  12) =    17.60718 eV ==== 
     psi = 0.153*[#   2]+0.153*[#   4]+0.027*[#   5]+0.027*[#   9]+0.005*[#   6]
          +0.005*[#  10]
    |psi|^2 = 0.373
==== e(  13) =    20.32021 eV ==== 
     psi = 0.010*[#   2]+0.010*[#   4]+0.002*[#   6]+0.002*[#  10]+0.002*[#   5]
          +0.002*[#   9]+0.002*[#   7]+0.002*[#   8]+0.002*[#  11]+0.002*[#  12]
          
    |psi|^2 = 0.034
==== e(  14) =    20.40970 eV ==== 
     psi = 0.001*[#   7]+0.001*[#   8]+0.001*[#  11]+0.001*[#  12]
    |psi|^2 = 0.006

 k =   0.0000000000  0.0577350269  0.1231998600
==== e(   1) =   -90.50066 eV ==== 
     psi = 0.494*[#   1]+0.494*[#   3]+0.005*[#   2]+0.005*[#   4]
    |psi|^2 = 1.000
==== e(   2) =   -90.49870 eV ==== 
     psi = 0.496*[#   1]+0.496*[#   3]+0.003*[#   6]+0.003*[#  10]
    |psi|^2 = 1.000
==== e(   3) =   -12.29426 eV ==== 
     psi = 0.281*[#   5]+0.281*[#   9]+0.214*[#   2]+0.214*[#   4]+0.004*[#   1]
          +0.004*[#   3]
    |psi|^2 = 0.999
==== e(   4) =   -10.88861 eV ==== 
     psi = 0.424*[#   5]+0.424*[#   9]+0.069*[#   2]+0.069*[#   4]+0.004*[#   6]
          +0.004*[#  10]
    |psi|^2 = 0.994
==== e(   5) =     0.50643 eV ==== 
     psi = 0.425*[#   6]+0.425*[#  10]+0.045*[#   2]+0.045*[#   4]+0.013*[#   5]
          +0.013*[#   9]+0.002*[#   1]+0.002*[#   3]
    |psi|^2 = 0.970
==== e(   6) =     5.05417 eV ==== 
     psi = 0.239*[#   7]+0.239*[#   8]+0.239*[#  11]+0.239*[#  12]+0.004*[#   6]
          +0.004*[#  10]+0.002*[#   2]+0.002*[#   4]
    |psi|^2 = 0.968
==== e(   7) =     5.12526 eV ==== 
     psi = 0.242*[#   7]+0.242*[#   8]+0.242*[#  11]+0.242*[#  12]
    |psi|^2 = 0.968
==== e(   8) =     5.28294 eV ==== 
     psi = 0.408*[#   6]+0.408*[#  10]+0.026*[#   7]+0.026*[#   8]+0.026*[#  11]
          +0.026*[#  12]+0.019*[#   5]+0.019*[#   9]+0.013*[#   2]+0.013*[#   4]
          
    |psi|^2 = 0.983
==== e(   9) =     5.87639 eV ==== 
     psi = 0.219*[#   7]+0.219*[#   8]+0.219*[#  11]+0.219*[#  12]+0.053*[#   6]
          +0.053*[#  10]
    |psi|^2 = 0.984
==== e(  10) =     5.92393 eV ==== 
     psi = 0.246*[#   7]+0.246*[#   8]+0.246*[#  11]+0.246*[#  12]
    |psi|^2 = 0.985
==== e(  11) =    14.18489 eV ==== 
     psi = 0.261*[#   2]+0.261*[#   4]+0.192*[#   5]+0.192*[#   9]+0.024*[#   6]
          +0.024*[#  10]+0.002*[#   7]+0.002*[#   8]+0.002*[#  11]+0.002*[#  12]
          +0.001*[#   1]+0.001*[#   3]
    |psi|^2 = 0.966
==== e(  12) =    17.34903 eV ==== 
     psi = 0.202*[#   2]+0.202*[#   4]+0.040*[#   5]+0.040*[#   9]+0.015*[#   6]
          +0.015*[#  10]
    |psi|^2 = 0.520
==== e(  13) =    20.37297 eV ==== 
     psi = 0.017*[#   2]+0.017*[#   4]+0.004*[#   6]+0.004*[#  10]+0.003*[#   5]
          +0.003*[#   9]+0.002*[#   7]+0.002*[#   8]+0.002*[#  11]+0.002*[#  12]
          
    |psi|^2 = 0.056
==== e(  14) =    20.48366 eV ==== 
     psi = 0.002*[#   7]+0.002*[#   8]+0.002*[#  11]+0.002*[#  12]
    |psi|^2 = 0.007

 k =   0.0000000000  0.0577350269  0.1847997900
==== e(   1) =   -90.50039 eV ==== 
     psi = 0.495*[#   1]+0.495*[#   3]+0.004*[#   2]+0.004*[#   4]
    |psi|^2 = 1.000
==== e(   2) =   -90.49896 eV ==== 
     psi = 0.497*[#   1]+0.497*[#   3]+0.002*[#   6]+0.002*[#  10]
    |psi|^2 = 1.000
==== e(   3) =   -12.13364 eV ==== 
     psi = 0.294*[#   5]+0.294*[#   9]+0.200*[#   2]+0.200*[#   4]+0.003*[#   1]
          +0.003*[#   3]+0.002*[#   6]+0.002*[#  10]
    |psi|^2 = 0.999
==== e(   4) =   -11.12129 eV ==== 
     psi = 0.395*[#   5]+0.395*[#   9]+0.097*[#   2]+0.097*[#   4]+0.005*[#   6]
          +0.005*[#  10]
    |psi|^2 = 0.996
==== e(   5) =     1.11348 eV ==== 
     psi = 0.417*[#   6]+0.417*[#  10]+0.041*[#   2]+0.041*[#   4]+0.024*[#   5]
          +0.024*[#   9]+0.002*[#   1]+0.002*[#   3]
    |psi|^2 = 0.970
==== e(   6) =     4.53741 eV ==== 
     psi = 0.422*[#   6]+0.422*[#  10]+0.030*[#   5]+0.030*[#   9]+0.021*[#   2]
          +0.021*[#   4]+0.008*[#   7]+0.008*[#   8]+0.008*[#  11]+0.008*[#  12]
          
    |psi|^2 = 0.979
==== e(   7) =     5.16242 eV ==== 
     psi = 0.241*[#   7]+0.241*[#   8]+0.241*[#  11]+0.241*[#  12]+0.002*[#   6]
          +0.002*[#  10]
    |psi|^2 = 0.970
==== e(   8) =     5.22951 eV ==== 
     psi = 0.242*[#   7]+0.242*[#   8]+0.242*[#  11]+0.242*[#  12]
    |psi|^2 = 0.970
==== e(   9) =     5.75414 eV ==== 
     psi = 0.235*[#   7]+0.235*[#   8]+0.235*[#  11]+0.235*[#  12]+0.019*[#   6]
          +0.019*[#  10]
    |psi|^2 = 0.981
==== e(  10) =     5.80959 eV ==== 
     psi = 0.245*[#   7]+0.245*[#   8]+0.245*[#  11]+0.245*[#  12]
    |psi|^2 = 0.982
==== e(  11) =    14.69077 eV ==== 
     psi = 0.261*[#   2]+0.261*[#   4]+0.167*[#   5]+0.167*[#   9]+0.040*[#   6]
          +0.040*[#  10]+0.002*[#   7]+0.002*[#   8]+0.002*[#  11]+0.002*[#  12]
          
    |psi|^2 = 0.944
==== e(  12) =    16.94919 eV ==== 
     psi = 0.243*[#   2]+0.243*[#   4]+0.061*[#   5]+0.061*[#   9]+0.029*[#   6]
          +0.029*[#  10]
    |psi|^2 = 0.669
==== e(  13) =    20.39915 eV ==== 
     psi = 0.048*[#   2]+0.048*[#   4]+0.019*[#   6]+0.019*[#  10]+0.007*[#   5]
          +0.007*[#   9]+0.001*[#   7]+0.001*[#   8]+0.001*[#  11]+0.001*[#  12]
          
    |psi|^2 = 0.155
==== e(  14) =    20.46121 eV ==== 
     psi = 0.036*[#   2]+0.036*[#   4]+0.016*[#   6]+0.016*[#  10]+0.006*[#   5]
          +0.006*[#   9]+0.001*[#   7]+0.001*[#   8]+0.001*[#  11]+0.001*[#  12]
          
    |psi|^2 = 0.121

 k =   0.0000000000  0.0577350269  0.2463997200
==== e(   1) =   -90.50006 eV ==== 
     psi = 0.496*[#   1]+0.496*[#   3]+0.002*[#   2]+0.002*[#   4]+0.001*[#   6]
          +0.001*[#  10]
    |psi|^2 = 1.000
==== e(   2) =   -90.49930 eV ==== 
     psi = 0.497*[#   1]+0.497*[#   3]+0.002*[#   6]+0.002*[#  10]
    |psi|^2 = 1.000
==== e(   3) =   -11.92004 eV ==== 
     psi = 0.313*[#   5]+0.313*[#   9]+0.181*[#   2]+0.181*[#   4]+0.003*[#   6]
          +0.003*[#  10]+0.003*[#   1]+0.003*[#   3]
    |psi|^2 = 0.998
==== e(   4) =   -11.39144 eV ==== 
     psi = 0.365*[#   5]+0.365*[#   9]+0.127*[#   2]+0.127*[#   4]+0.005*[#   6]
          +0.005*[#  10]+0.001*[#   1]+0.001*[#   3]
    |psi|^2 = 0.997
==== e(   5) =     1.88332 eV ==== 
     psi = 0.413*[#   6]+0.413*[#  10]+0.037*[#   2]+0.037*[#   4]+0.032*[#   5]
          +0.032*[#   9]+0.002*[#   1]+0.002*[#   3]
    |psi|^2 = 0.970
==== e(   6) =     3.66574 eV ==== 
     psi = 0.417*[#   6]+0.417*[#  10]+0.036*[#   5]+0.036*[#   9]+0.027*[#   2]
          +0.027*[#   4]+0.003*[#   7]+0.003*[#   8]+0.003*[#  11]+0.003*[#  12]
          +0.001*[#   1]+0.001*[#   3]
    |psi|^2 = 0.975
==== e(   7) =     5.29727 eV ==== 
     psi = 0.241*[#   7]+0.241*[#   8]+0.241*[#  11]+0.241*[#  12]+0.003*[#   6]
          +0.003*[#  10]
    |psi|^2 = 0.972
==== e(   8) =     5.36302 eV ==== 
     psi = 0.243*[#   7]+0.243*[#   8]+0.243*[#  11]+0.243*[#  12]
    |psi|^2 = 0.972
==== e(   9) =     5.60790 eV ==== 
     psi = 0.239*[#   7]+0.239*[#   8]+0.239*[#  11]+0.239*[#  12]+0.009*[#   6]
          +0.009*[#  10]
    |psi|^2 = 0.978
==== e(  10) =     5.66791 eV ==== 
     psi = 0.245*[#   7]+0.245*[#   8]+0.245*[#  11]+0.245*[#  12]
    |psi|^2 = 0.979
==== e(  11) =    15.27173 eV ==== 
     psi = 0.265*[#   2]+0.265*[#   4]+0.140*[#   5]+0.140*[#   9]+0.048*[#   6]
          +0.048*[#  10]+0.001*[#   7]+0.001*[#   8]+0.001*[#  11]+0.001*[#  12]
          
    |psi|^2 = 0.910
==== e(  12) =    16.44355 eV ==== 
     psi = 0.263*[#   2]+0.263*[#   4]+0.085*[#   5]+0.085*[#   9]+0.041*[#   6]
          +0.041*[#  10]
    |psi|^2 = 0.783
==== e(  13) =    20.36611 eV ==== 
     psi = 0.039*[#   2]+0.039*[#   4]+0.022*[#   6]+0.022*[#  10]+0.008*[#   5]
          +0.008*[#   9]
    |psi|^2 = 0.141
==== e(  14) =    20.40679 eV ==== 
     psi = 0.010*[#   6]+0.010*[#  10]+0.009*[#   2]+0.009*[#   4]+0.003*[#   5]
          +0.003*[#   9]+0.001*[#   7]+0.001*[#   8]+0.001*[#  11]+0.001*[#  12]
          
    |psi|^2 = 0.049

 k =   0.0000000000  0.0577350269 -0.3079996500
==== e(   1) =   -90.49968 eV ==== 
     psi = 0.497*[#   1]+0.497*[#   3]+0.002*[#   6]+0.002*[#  10]+0.001*[#   2]
          +0.001*[#   4]
    |psi|^2 = 1.000
==== e(   2) =   -90.49967 eV ==== 
     psi = 0.497*[#   1]+0.497*[#   3]+0.002*[#   6]+0.002*[#  10]+0.001*[#   2]
          +0.001*[#   4]
    |psi|^2 = 1.000
==== e(   3) =   -11.66635 eV ==== 
     psi = 0.337*[#   5]+0.337*[#   9]+0.156*[#   2]+0.156*[#   4]+0.004*[#   6]
          +0.004*[#  10]+0.002*[#   1]+0.002*[#   3]
    |psi|^2 = 0.997
==== e(   4) =   -11.66634 eV ==== 
     psi = 0.337*[#   5]+0.337*[#   9]+0.156*[#   2]+0.156*[#   4]+0.004*[#   6]
          +0.004*[#  10]+0.002*[#   1]+0.002*[#   3]
    |psi|^2 = 0.997
==== e(   5) =     2.75593 eV ==== 
     psi = 0.412*[#   6]+0.412*[#  10]+0.037*[#   5]+0.037*[#   9]+0.032*[#   2]
          +0.032*[#   4]+0.002*[#   1]+0.002*[#   3]+0.002*[#   7]+0.002*[#   8]
          +0.002*[#  11]+0.002*[#  12]
    |psi|^2 = 0.972
==== e(   6) =     2.75593 eV ==== 
     psi = 0.412*[#   6]+0.412*[#  10]+0.037*[#   5]+0.037*[#   9]+0.032*[#   2]
          +0.032*[#   4]+0.002*[#   1]+0.002*[#   3]+0.002*[#   7]+0.002*[#   8]
          +0.002*[#  11]+0.002*[#  12]
    |psi|^2 = 0.972
==== e(   7) =     5.45057 eV ==== 
     psi = 0.241*[#   7]+0.241*[#   8]+0.241*[#  11]+0.241*[#  12]+0.005*[#   6]
          +0.005*[#  10]
    |psi|^2 = 0.975
==== e(   8) =     5.45057 eV ==== 
     psi = 0.241*[#   7]+0.241*[#   8]+0.241*[#  11]+0.241*[#  12]+0.005*[#   6]
          +0.005*[#  10]
    |psi|^2 = 0.975
==== e(   9) =     5.51390 eV ==== 
     psi = 0.244*[#   7]+0.244*[#   8]+0.244*[#  11]+0.244*[#  12]
    |psi|^2 = 0.975
==== e(  10) =     5.51390 eV ==== 
     psi = 0.244*[#   7]+0.244*[#   8]+0.244*[#  11]+0.244*[#  12]
    |psi|^2 = 0.975
==== e(  11) =    15.87098 eV ==== 
     psi = 0.267*[#   2]+0.267*[#   4]+0.112*[#   5]+0.112*[#   9]+0.048*[#   6]
          +0.048*[#  10]+0.001*[#   7]+0.001*[#   8]+0.001*[#  11]+0.001*[#  12]
          
    |psi|^2 = 0.860
==== e(  12) =    15.87099 eV ==== 
     psi = 0.267*[#   2]+0.267*[#   4]+0.112*[#   5]+0.112*[#   9]+0.048*[#   6]
          +0.048*[#  10]+0.001*[#   7]+0.001*[#   8]+0.001*[#  11]+0.001*[#  12]
          
    |psi|^2 = 0.860
==== e(  13) =    20.36188 eV ==== 
     psi = 0.018*[#   2]+0.018*[#   4]+0.016*[#   6]+0.016*[#  10]+0.005*[#   5]
          +0.005*[#   9]
    |psi|^2 = 0.082
==== e(  14) =    20.36188 eV ==== 
     psi = 0.018*[#   2]+0.018*[#   4]+0.016*[#   6]+0.016*[#  10]+0.005*[#   5]
          +0.005*[#   9]
    |psi|^2 = 0.082

 k =   0.0000000000  0.1154700538  0.0000000000
==== e(   1) =   -90.50074 eV ==== 
     psi = 0.494*[#   1]+0.494*[#   3]+0.005*[#   2]+0.005*[#   4]
    |psi|^2 = 1.000
==== e(   2) =   -90.49839 eV ==== 
     psi = 0.496*[#   1]+0.496*[#   3]+0.003*[#   6]+0.003*[#  10]
    |psi|^2 = 1.000
==== e(   3) =   -12.34083 eV ==== 
     psi = 0.277*[#   5]+0.277*[#   9]+0.218*[#   2]+0.218*[#   4]+0.004*[#   1]
          +0.004*[#   3]
    |psi|^2 = 0.999
==== e(   4) =   -10.62608 eV ==== 
     psi = 0.456*[#   5]+0.456*[#   9]+0.037*[#   2]+0.037*[#   4]+0.002*[#   6]
          +0.002*[#  10]
    |psi|^2 = 0.992
==== e(   5) =     0.08857 eV ==== 
     psi = 0.434*[#   6]+0.434*[#  10]+0.048*[#   2]+0.048*[#   4]+0.002*[#   1]
          +0.002*[#   3]
    |psi|^2 = 0.971
==== e(   6) =     4.61406 eV ==== 
     psi = 0.236*[#   7]+0.236*[#   8]+0.236*[#  11]+0.236*[#  12]+0.007*[#   2]
          +0.007*[#   4]+0.003*[#   5]+0.003*[#   9]
    |psi|^2 = 0.967
==== e(   7) =     4.89141 eV ==== 
     psi = 0.241*[#   7]+0.241*[#   8]+0.241*[#  11]+0.241*[#  12]
    |psi|^2 = 0.964
==== e(   8) =     5.52789 eV ==== 
     psi = 0.235*[#   7]+0.235*[#   8]+0.235*[#  11]+0.235*[#  12]+0.014*[#   5]
          +0.014*[#   9]+0.009*[#   2]+0.009*[#   4]
    |psi|^2 = 0.987
==== e(   9) =     5.96882 eV ==== 
     psi = 0.246*[#   7]+0.246*[#   8]+0.246*[#  11]+0.246*[#  12]
    |psi|^2 = 0.986
==== e(  10) =     5.99665 eV ==== 
     psi = 0.491*[#   6]+0.491*[#  10]
    |psi|^2 = 0.984
==== e(  11) =    13.98865 eV ==== 
     psi = 0.259*[#   2]+0.259*[#   4]+0.200*[#   5]+0.200*[#   9]+0.011*[#   7]
          +0.011*[#   8]+0.011*[#  11]+0.011*[#  12]+0.001*[#   1]+0.001*[#   3]
          
    |psi|^2 = 0.962
==== e(  12) =    17.98176 eV ==== 
     psi = 0.114*[#   2]+0.114*[#   4]+0.019*[#   5]+0.019*[#   9]+0.002*[#   7]
          +0.002*[#   8]+0.002*[#  11]+0.002*[#  12]
    |psi|^2 = 0.276
==== e(  13) =    20.11221 eV ==== 
     psi = 0.155*[#   2]+0.155*[#   4]+0.031*[#   6]+0.031*[#  10]+0.013*[#   5]
          +0.013*[#   9]+0.001*[#   7]+0.001*[#   8]+0.001*[#  11]+0.001*[#  12]
          +0.001*[#   1]+0.001*[#   3]
    |psi|^2 = 0.406
==== e(  14) =    20.41363 eV ==== 
     psi = 0.061*[#   2]+0.061*[#   4]+0.015*[#   6]+0.015*[#  10]+0.007*[#   5]
          +0.007*[#   9]+0.001*[#   7]+0.001*[#   8]+0.001*[#  11]+0.001*[#  12]
          
    |psi|^2 = 0.172

 k =   0.0000000000  0.1154700538  0.0615999300
==== e(   1) =   -90.50069 eV ==== 
     psi = 0.494*[#   1]+0.494*[#   3]+0.005*[#   2]+0.005*[#   4]
    |psi|^2 = 1.000
==== e(   2) =   -90.49845 eV ==== 
     psi = 0.496*[#   1]+0.496*[#   3]+0.003*[#   6]+0.003*[#  10]
    |psi|^2 = 1.000
==== e(   3) =   -12.30781 eV ==== 
     psi = 0.280*[#   5]+0.280*[#   9]+0.215*[#   2]+0.215*[#   4]+0.004*[#   1]
          +0.004*[#   3]
    |psi|^2 = 0.999
==== e(   4) =   -10.68143 eV ==== 
     psi = 0.449*[#   5]+0.449*[#   9]+0.044*[#   2]+0.044*[#   4]+0.003*[#   6]
          +0.003*[#  10]
    |psi|^2 = 0.993
==== e(   5) =     0.21894 eV ==== 
     psi = 0.431*[#   6]+0.431*[#  10]+0.047*[#   2]+0.047*[#   4]+0.004*[#   5]
          +0.004*[#   9]+0.002*[#   1]+0.002*[#   3]
    |psi|^2 = 0.971
==== e(   6) =     4.63837 eV ==== 
     psi = 0.236*[#   7]+0.236*[#   8]+0.236*[#  11]+0.236*[#  12]+0.007*[#   2]
          +0.007*[#   4]+0.003*[#   5]+0.003*[#   9]+0.002*[#   6]+0.002*[#  10]
          
    |psi|^2 = 0.967
==== e(   7) =     4.91576 eV ==== 
     psi = 0.241*[#   7]+0.241*[#   8]+0.241*[#  11]+0.241*[#  12]
    |psi|^2 = 0.965
==== e(   8) =     5.41993 eV ==== 
     psi = 0.190*[#   7]+0.190*[#   8]+0.190*[#  11]+0.190*[#  12]+0.084*[#   6]
          +0.084*[#  10]+0.017*[#   5]+0.017*[#   9]+0.011*[#   2]+0.011*[#   4]
          
    |psi|^2 = 0.987
==== e(   9) =     5.90944 eV ==== 
     psi = 0.400*[#   6]+0.400*[#  10]+0.046*[#   7]+0.046*[#   8]+0.046*[#  11]
          +0.046*[#  12]
    |psi|^2 = 0.982
==== e(  10) =     5.94023 eV ==== 
     psi = 0.246*[#   7]+0.246*[#   8]+0.246*[#  11]+0.246*[#  12]
    |psi|^2 = 0.985
==== e(  11) =    14.09592 eV ==== 
     psi = 0.258*[#   2]+0.258*[#   4]+0.193*[#   5]+0.193*[#   9]+0.010*[#   7]
          +0.010*[#   8]+0.010*[#  11]+0.010*[#  12]+0.006*[#   6]+0.006*[#  10]
          +0.001*[#   1]+0.001*[#   3]
    |psi|^2 = 0.956
==== e(  12) =    17.87229 eV ==== 
     psi = 0.143*[#   2]+0.143*[#   4]+0.024*[#   5]+0.024*[#   9]+0.005*[#   6]
          +0.005*[#  10]+0.002*[#   7]+0.002*[#   8]+0.002*[#  11]+0.002*[#  12]
          
    |psi|^2 = 0.352
==== e(  13) =    20.11018 eV ==== 
     psi = 0.144*[#   2]+0.144*[#   4]+0.031*[#   6]+0.031*[#  10]+0.013*[#   5]
          +0.013*[#   9]+0.001*[#   7]+0.001*[#   8]+0.001*[#  11]+0.001*[#  12]
          
    |psi|^2 = 0.383
==== e(  14) =    20.41112 eV ==== 
     psi = 0.039*[#   2]+0.039*[#   4]+0.011*[#   6]+0.011*[#  10]+0.005*[#   5]
          +0.005*[#   9]+0.002*[#   7]+0.002*[#   8]+0.002*[#  11]+0.002*[#  12]
          
    |psi|^2 = 0.118

 k =   0.0000000000  0.1154700538  0.1231998600
==== e(   1) =   -90.50052 eV ==== 
     psi = 0.495*[#   1]+0.495*[#   3]+0.004*[#   2]+0.004*[#   4]
    |psi|^2 = 1.000
==== e(   2) =   -90.49862 eV ==== 
     psi = 0.496*[#   1]+0.496*[#   3]+0.003*[#   6]+0.003*[#  10]
    |psi|^2 = 1.000
==== e(   3) =   -12.21023 eV ==== 
     psi = 0.288*[#   5]+0.288*[#   9]+0.207*[#   2]+0.207*[#   4]+0.004*[#   1]
          +0.004*[#   3]
    |psi|^2 = 0.999
==== e(   4) =   -10.83637 eV ==== 
     psi = 0.428*[#   5]+0.428*[#   9]+0.064*[#   2]+0.064*[#   4]+0.004*[#   6]
          +0.004*[#  10]
    |psi|^2 = 0.994
==== e(   5) =     0.59540 eV ==== 
     psi = 0.424*[#   6]+0.424*[#  10]+0.045*[#   2]+0.045*[#   4]+0.013*[#   5]
          +0.013*[#   9]+0.002*[#   1]+0.002*[#   3]+0.001*[#   7]+0.001*[#   8]
          +0.001*[#  11]+0.001*[#  12]
    |psi|^2 = 0.970
==== e(   6) =     4.70233 eV ==== 
     psi = 0.229*[#   7]+0.229*[#   8]+0.229*[#  11]+0.229*[#  12]+0.015*[#   6]
          +0.015*[#  10]+0.007*[#   2]+0.007*[#   4]+0.005*[#   5]+0.005*[#   9]
          
    |psi|^2 = 0.968
==== e(   7) =     4.98697 eV ==== 
     psi = 0.241*[#   7]+0.241*[#   8]+0.241*[#  11]+0.241*[#  12]
    |psi|^2 = 0.966
==== e(   8) =     5.05159 eV ==== 
     psi = 0.252*[#   6]+0.252*[#  10]+0.100*[#   7]+0.100*[#   8]+0.100*[#  11]
          +0.100*[#  12]+0.023*[#   5]+0.023*[#   9]+0.016*[#   2]+0.016*[#   4]
          
    |psi|^2 = 0.984
==== e(   9) =     5.73575 eV ==== 
     psi = 0.202*[#   6]+0.202*[#  10]+0.144*[#   7]+0.144*[#   8]+0.144*[#  11]
          +0.144*[#  12]
    |psi|^2 = 0.980
==== e(  10) =     5.85794 eV ==== 
     psi = 0.246*[#   7]+0.246*[#   8]+0.246*[#  11]+0.246*[#  12]
    |psi|^2 = 0.983
==== e(  11) =    14.39640 eV ==== 
     psi = 0.256*[#   2]+0.256*[#   4]+0.176*[#   5]+0.176*[#   9]+0.021*[#   6]
          +0.021*[#  10]+0.008*[#   7]+0.008*[#   8]+0.008*[#  11]+0.008*[#  12]
          
    |psi|^2 = 0.939
==== e(  12) =    17.56347 eV ==== 
     psi = 0.199*[#   2]+0.199*[#   4]+0.036*[#   5]+0.036*[#   9]+0.017*[#   6]
          +0.017*[#  10]+0.002*[#   7]+0.002*[#   8]+0.002*[#  11]+0.002*[#  12]
          
    |psi|^2 = 0.512
==== e(  13) =    20.09358 eV ==== 
     psi = 0.104*[#   2]+0.104*[#   4]+0.029*[#   6]+0.029*[#  10]+0.012*[#   5]
          +0.012*[#   9]+0.001*[#   7]+0.001*[#   8]+0.001*[#  11]+0.001*[#  12]
          
    |psi|^2 = 0.297
==== e(  14) =    20.39398 eV ==== 
     psi = 0.011*[#   2]+0.011*[#   4]+0.004*[#   6]+0.004*[#  10]+0.003*[#   5]
          +0.003*[#   9]+0.002*[#   7]+0.002*[#   8]+0.002*[#  11]+0.002*[#  12]
          
    |psi|^2 = 0.046

 k =   0.0000000000  0.1154700538  0.1847997900
==== e(   1) =   -90.50026 eV ==== 
     psi = 0.495*[#   1]+0.495*[#   3]+0.003*[#   2]+0.003*[#   4]
    |psi|^2 = 1.000
==== e(   2) =   -90.49888 eV ==== 
     psi = 0.497*[#   1]+0.497*[#   3]+0.002*[#   6]+0.002*[#  10]
    |psi|^2 = 1.000
==== e(   3) =   -12.05262 eV ==== 
     psi = 0.301*[#   5]+0.301*[#   9]+0.193*[#   2]+0.193*[#   4]+0.003*[#   1]
          +0.003*[#   3]+0.002*[#   6]+0.002*[#  10]
    |psi|^2 = 0.998
==== e(   4) =   -11.06276 eV ==== 
     psi = 0.401*[#   5]+0.401*[#   9]+0.091*[#   2]+0.091*[#   4]+0.005*[#   6]
          +0.005*[#  10]
    |psi|^2 = 0.995
==== e(   5) =     1.17877 eV ==== 
     psi = 0.415*[#   6]+0.415*[#  10]+0.041*[#   2]+0.041*[#   4]+0.023*[#   5]
          +0.023*[#   9]+0.002*[#   7]+0.002*[#   8]+0.002*[#  11]+0.002*[#  12]
          +0.002*[#   1]+0.002*[#   3]
    |psi|^2 = 0.970
==== e(   6) =     4.37777 eV ==== 
     psi = 0.346*[#   6]+0.346*[#  10]+0.043*[#   7]+0.043*[#   8]+0.043*[#  11]
          +0.043*[#  12]+0.033*[#   5]+0.033*[#   9]+0.024*[#   2]+0.024*[#   4]
          +0.001*[#   1]+0.001*[#   3]
    |psi|^2 = 0.981
==== e(   7) =     4.85485 eV ==== 
     psi = 0.230*[#   7]+0.230*[#   8]+0.230*[#  11]+0.230*[#  12]+0.018*[#   6]
          +0.018*[#  10]+0.004*[#   2]+0.004*[#   4]+0.002*[#   5]+0.002*[#   9]
          
    |psi|^2 = 0.967
==== e(   8) =     5.09944 eV ==== 
     psi = 0.242*[#   7]+0.242*[#   8]+0.242*[#  11]+0.242*[#  12]
    |psi|^2 = 0.967
==== e(   9) =     5.55555 eV ==== 
     psi = 0.200*[#   7]+0.200*[#   8]+0.200*[#  11]+0.200*[#  12]+0.087*[#   6]
          +0.087*[#  10]
    |psi|^2 = 0.977
==== e(  10) =     5.73180 eV ==== 
     psi = 0.245*[#   7]+0.245*[#   8]+0.245*[#  11]+0.245*[#  12]
    |psi|^2 = 0.980
==== e(  11) =    14.84131 eV ==== 
     psi = 0.256*[#   2]+0.256*[#   4]+0.152*[#   5]+0.152*[#   9]+0.035*[#   6]
          +0.035*[#  10]+0.006*[#   7]+0.006*[#   8]+0.006*[#  11]+0.006*[#  12]
          
    |psi|^2 = 0.913
==== e(  12) =    17.10451 eV ==== 
     psi = 0.240*[#   2]+0.240*[#   4]+0.055*[#   5]+0.055*[#   9]+0.030*[#   6]
          +0.030*[#  10]+0.002*[#   7]+0.002*[#   8]+0.002*[#  11]+0.002*[#  12]
          
    |psi|^2 = 0.661
==== e(  13) =    20.06478 eV ==== 
     psi = 0.058*[#   2]+0.058*[#   4]+0.022*[#   6]+0.022*[#  10]+0.009*[#   5]
          +0.009*[#   9]+0.002*[#   7]+0.002*[#   8]+0.002*[#  11]+0.002*[#  12]
          
    |psi|^2 = 0.184
==== e(  14) =    20.31285 eV ==== 
     psi = 0.003*[#   2]+0.003*[#   4]+0.003*[#   6]+0.003*[#   7]+0.003*[#   8]
          +0.003*[#  10]+0.003*[#  11]+0.003*[#  12]+0.002*[#   5]+0.002*[#   9]
          
    |psi|^2 = 0.025

 k =   0.0000000000  0.1154700538  0.2463997200
==== e(   1) =   -90.49993 eV ==== 
     psi = 0.496*[#   1]+0.496*[#   3]+0.002*[#   2]+0.002*[#   4]+0.001*[#   6]
          +0.001*[#  10]
    |psi|^2 = 1.000
==== e(   2) =   -90.49920 eV ==== 
     psi = 0.497*[#   1]+0.497*[#   3]+0.002*[#   6]+0.002*[#  10]
    |psi|^2 = 1.000
==== e(   3) =   -11.84322 eV ==== 
     psi = 0.320*[#   5]+0.320*[#   9]+0.174*[#   2]+0.174*[#   4]+0.003*[#   6]
          +0.003*[#  10]+0.002*[#   1]+0.002*[#   3]
    |psi|^2 = 0.998
==== e(   4) =   -11.32621 eV ==== 
     psi = 0.371*[#   5]+0.371*[#   9]+0.121*[#   2]+0.121*[#   4]+0.005*[#   6]
          +0.005*[#  10]+0.001*[#   1]+0.001*[#   3]
    |psi|^2 = 0.996
==== e(   5) =     1.91512 eV ==== 
     psi = 0.406*[#   6]+0.406*[#  10]+0.038*[#   2]+0.038*[#   4]+0.032*[#   5]
          +0.032*[#   9]+0.004*[#   7]+0.004*[#   8]+0.004*[#  11]+0.004*[#  12]
          +0.002*[#   1]+0.002*[#   3]
    |psi|^2 = 0.971
==== e(   6) =     3.59194 eV ==== 
     psi = 0.386*[#   6]+0.386*[#  10]+0.038*[#   5]+0.038*[#   9]+0.030*[#   2]
          +0.030*[#   4]+0.017*[#   7]+0.017*[#   8]+0.017*[#  11]+0.017*[#  12]
          +0.001*[#   1]+0.001*[#   3]
    |psi|^2 = 0.977
==== e(   7) =     5.00111 eV ==== 
     psi = 0.233*[#   7]+0.233*[#   8]+0.233*[#  11]+0.233*[#  12]+0.013*[#   6]
          +0.013*[#  10]+0.002*[#   2]+0.002*[#   4]+0.002*[#   5]+0.002*[#   9]
          
    |psi|^2 = 0.968
==== e(   8) =     5.24396 eV ==== 
     psi = 0.242*[#   7]+0.242*[#   8]+0.242*[#  11]+0.242*[#  12]
    |psi|^2 = 0.970
==== e(   9) =     5.36829 eV ==== 
     psi = 0.222*[#   7]+0.222*[#   8]+0.222*[#  11]+0.222*[#  12]+0.042*[#   6]
          +0.042*[#  10]
    |psi|^2 = 0.974
==== e(  10) =     5.57623 eV ==== 
     psi = 0.244*[#   7]+0.244*[#   8]+0.244*[#  11]+0.244*[#  12]
    |psi|^2 = 0.976
==== e(  11) =    15.37877 eV ==== 
     psi = 0.259*[#   2]+0.259*[#   4]+0.127*[#   5]+0.127*[#   9]+0.044*[#   6]
          +0.044*[#  10]+0.004*[#   7]+0.004*[#   8]+0.004*[#  11]+0.004*[#  12]
          
    |psi|^2 = 0.878
==== e(  12) =    16.55362 eV ==== 
     psi = 0.259*[#   2]+0.259*[#   4]+0.077*[#   5]+0.077*[#   9]+0.041*[#   6]
          +0.041*[#  10]+0.003*[#   7]+0.003*[#   8]+0.003*[#  11]+0.003*[#  12]
          
    |psi|^2 = 0.764
==== e(  13) =    20.05421 eV ==== 
     psi = 0.027*[#   2]+0.027*[#   4]+0.015*[#   6]+0.015*[#  10]+0.006*[#   5]
          +0.006*[#   9]+0.002*[#   7]+0.002*[#   8]+0.002*[#  11]+0.002*[#  12]
          
    |psi|^2 = 0.103
==== e(  14) =    20.18659 eV ==== 
     psi = 0.005*[#   2]+0.005*[#   4]+0.005*[#   6]+0.005*[#  10]+0.002*[#   5]
          +0.002*[#   9]+0.002*[#   7]+0.002*[#   8]+0.002*[#  11]+0.002*[#  12]
          
    |psi|^2 = 0.034

 k =   0.0000000000  0.1154700538 -0.3079996500
==== e(   1) =   -90.49957 eV ==== 
     psi = 0.497*[#   1]+0.497*[#   3]+0.002*[#   6]+0.002*[#  10]
    |psi|^2 = 1.000
==== e(   2) =   -90.49956 eV ==== 
     psi = 0.497*[#   1]+0.497*[#   3]+0.002*[#   6]+0.002*[#  10]
    |psi|^2 = 1.000
==== e(   3) =   -11.59486 eV ==== 
     psi = 0.343*[#   5]+0.343*[#   9]+0.149*[#   2]+0.149*[#   4]+0.004*[#   6]
          +0.004*[#  10]+0.002*[#   1]+0.002*[#   3]
    |psi|^2 = 0.997
==== e(   4) =   -11.59486 eV ==== 
     psi = 0.343*[#   5]+0.343*[#   9]+0.149*[#   2]+0.149*[#   4]+0.004*[#   6]
          +0.004*[#  10]+0.002*[#   1]+0.002*[#   3]
    |psi|^2 = 0.997
==== e(   5) =     2.74259 eV ==== 
     psi = 0.398*[#   6]+0.398*[#  10]+0.037*[#   5]+0.037*[#   9]+0.034*[#   2]
          +0.034*[#   4]+0.008*[#   7]+0.008*[#   8]+0.008*[#  11]+0.008*[#  12]
          +0.001*[#   1]+0.001*[#   3]
    |psi|^2 = 0.974
==== e(   6) =     2.74259 eV ==== 
     psi = 0.398*[#   6]+0.398*[#  10]+0.037*[#   5]+0.037*[#   9]+0.034*[#   2]
          +0.034*[#   4]+0.008*[#   7]+0.008*[#   8]+0.008*[#  11]+0.008*[#  12]
          +0.001*[#   1]+0.001*[#   3]
    |psi|^2 = 0.974
==== e(   7) =     5.17889 eV ==== 
     psi = 0.230*[#   7]+0.230*[#   8]+0.230*[#  11]+0.230*[#  12]+0.022*[#   6]
          +0.022*[#  10]+0.002*[#   2]+0.002*[#   4]+0.001*[#   5]+0.001*[#   9]
          
    |psi|^2 = 0.971
==== e(   8) =     5.17889 eV ==== 
     psi = 0.230*[#   7]+0.230*[#   8]+0.230*[#  11]+0.230*[#  12]+0.022*[#   6]
          +0.022*[#  10]+0.002*[#   2]+0.002*[#   4]+0.001*[#   5]+0.001*[#   9]
          
    |psi|^2 = 0.971
==== e(   9) =     5.40799 eV ==== 
     psi = 0.243*[#   7]+0.243*[#   8]+0.243*[#  11]+0.243*[#  12]
    |psi|^2 = 0.973
==== e(  10) =     5.40799 eV ==== 
     psi = 0.243*[#   7]+0.243*[#   8]+0.243*[#  11]+0.243*[#  12]
    |psi|^2 = 0.973
==== e(  11) =    15.96345 eV ==== 
     psi = 0.261*[#   2]+0.261*[#   4]+0.102*[#   5]+0.102*[#   9]+0.046*[#   6]
          +0.046*[#  10]+0.003*[#   7]+0.003*[#   8]+0.003*[#  11]+0.003*[#  12]
          
    |psi|^2 = 0.832
==== e(  12) =    15.96345 eV ==== 
     psi = 0.261*[#   2]+0.261*[#   4]+0.102*[#   5]+0.102*[#   9]+0.046*[#   6]
          +0.046*[#  10]+0.003*[#   7]+0.003*[#   8]+0.003*[#  11]+0.003*[#  12]
          
    |psi|^2 = 0.832
==== e(  13) =    20.09126 eV ==== 
     psi = 0.012*[#   2]+0.012*[#   4]+0.009*[#   6]+0.009*[#  10]+0.004*[#   5]
          +0.004*[#   9]+0.002*[#   7]+0.002*[#   8]+0.002*[#  11]+0.002*[#  12]
          
    |psi|^2 = 0.058
==== e(  14) =    20.09126 eV ==== 
     psi = 0.012*[#   2]+0.012*[#   4]+0.009*[#   6]+0.009*[#  10]+0.004*[#   5]
          +0.004*[#   9]+0.002*[#   7]+0.002*[#   8]+0.002*[#  11]+0.002*[#  12]
          
    |psi|^2 = 0.058

 k =   0.0000000000  0.1732050808  0.0000000000
==== e(   1) =   -90.50051 eV ==== 
     psi = 0.495*[#   1]+0.495*[#   3]+0.004*[#   2]+0.004*[#   4]
    |psi|^2 = 1.000
==== e(   2) =   -90.49829 eV ==== 
     psi = 0.495*[#   1]+0.495*[#   3]+0.003*[#   6]+0.003*[#  10]
    |psi|^2 = 1.000
==== e(   3) =   -12.20059 eV ==== 
     psi = 0.288*[#   5]+0.288*[#   9]+0.206*[#   2]+0.206*[#   4]+0.004*[#   1]
          +0.004*[#   3]
    |psi|^2 = 0.999
==== e(   4) =   -10.55523 eV ==== 
     psi = 0.462*[#   5]+0.462*[#   9]+0.032*[#   2]+0.032*[#   4]+0.002*[#   6]
          +0.002*[#  10]
    |psi|^2 = 0.992
==== e(   5) =     0.26464 eV ==== 
     psi = 0.434*[#   6]+0.434*[#  10]+0.045*[#   2]+0.045*[#   4]+0.002*[#   7]
          +0.002*[#   8]+0.002*[#  11]+0.002*[#  12]+0.001*[#   1]+0.001*[#   3]
          
    |psi|^2 = 0.968
==== e(   6) =     4.07986 eV ==== 
     psi = 0.229*[#   7]+0.229*[#   8]+0.229*[#  11]+0.229*[#  12]+0.016*[#   2]
          +0.016*[#   4]+0.007*[#   5]+0.007*[#   9]+0.002*[#   6]+0.002*[#  10]
          
    |psi|^2 = 0.968
==== e(   7) =     4.68100 eV ==== 
     psi = 0.240*[#   7]+0.240*[#   8]+0.240*[#  11]+0.240*[#  12]
    |psi|^2 = 0.961
==== e(   8) =     5.00662 eV ==== 
     psi = 0.227*[#   7]+0.227*[#   8]+0.227*[#  11]+0.227*[#  12]+0.022*[#   5]
          +0.022*[#   9]+0.016*[#   2]+0.016*[#   4]
    |psi|^2 = 0.986
==== e(   9) =     5.87639 eV ==== 
     psi = 0.246*[#   7]+0.246*[#   8]+0.246*[#  11]+0.246*[#  12]
    |psi|^2 = 0.983
==== e(  10) =     5.88542 eV ==== 
     psi = 0.490*[#   6]+0.490*[#  10]
    |psi|^2 = 0.981
==== e(  11) =    14.38719 eV ==== 
     psi = 0.253*[#   2]+0.253*[#   4]+0.172*[#   5]+0.172*[#   9]+0.018*[#   7]
          +0.018*[#   8]+0.018*[#  11]+0.018*[#  12]
    |psi|^2 = 0.924
==== e(  12) =    18.33062 eV ==== 
     psi = 0.081*[#   2]+0.081*[#   4]+0.014*[#   5]+0.014*[#   9]+0.003*[#   7]
          +0.003*[#   8]+0.003*[#  11]+0.003*[#  12]
    |psi|^2 = 0.201
==== e(  13) =    19.64667 eV ==== 
     psi = 0.193*[#   2]+0.193*[#   4]+0.038*[#   6]+0.038*[#  10]+0.015*[#   5]
          +0.015*[#   9]+0.001*[#   1]+0.001*[#   3]+0.001*[#   7]+0.001*[#   8]
          +0.001*[#  11]+0.001*[#  12]
    |psi|^2 = 0.500
==== e(  14) =    20.42433 eV ==== 
     psi = 0.013*[#   2]+0.013*[#   4]+0.007*[#   5]+0.007*[#   9]+0.005*[#   7]
          +0.005*[#   8]+0.005*[#  11]+0.005*[#  12]+0.002*[#   6]+0.002*[#  10]
          
    |psi|^2 = 0.063

 k =   0.0000000000  0.1732050808  0.0615999300
==== e(   1) =   -90.50045 eV ==== 
     psi = 0.495*[#   1]+0.495*[#   3]+0.004*[#   2]+0.004*[#   4]
    |psi|^2 = 1.000
==== e(   2) =   -90.49834 eV ==== 
     psi = 0.496*[#   1]+0.496*[#   3]+0.003*[#   6]+0.003*[#  10]
    |psi|^2 = 1.000
==== e(   3) =   -12.16861 eV ==== 
     psi = 0.291*[#   5]+0.291*[#   9]+0.203*[#   2]+0.203*[#   4]+0.003*[#   1]
          +0.003*[#   3]
    |psi|^2 = 0.999
==== e(   4) =   -10.60767 eV ==== 
     psi = 0.455*[#   5]+0.455*[#   9]+0.038*[#   2]+0.038*[#   4]+0.002*[#   6]
          +0.002*[#  10]
    |psi|^2 = 0.992
==== e(   5) =     0.38600 eV ==== 
     psi = 0.430*[#   6]+0.430*[#  10]+0.044*[#   2]+0.044*[#   4]+0.003*[#   5]
          +0.003*[#   9]+0.002*[#   7]+0.002*[#   8]+0.002*[#  11]+0.002*[#  12]
          +0.001*[#   1]+0.001*[#   3]
    |psi|^2 = 0.968
==== e(   6) =     4.10662 eV ==== 
     psi = 0.228*[#   7]+0.228*[#   8]+0.228*[#  11]+0.228*[#  12]+0.015*[#   2]
          +0.015*[#   4]+0.007*[#   5]+0.007*[#   9]+0.005*[#   6]+0.005*[#  10]
          
    |psi|^2 = 0.967
==== e(   7) =     4.70754 eV ==== 
     psi = 0.240*[#   7]+0.240*[#   8]+0.240*[#  11]+0.240*[#  12]
    |psi|^2 = 0.962
==== e(   8) =     4.91331 eV ==== 
     psi = 0.207*[#   7]+0.207*[#   8]+0.207*[#  11]+0.207*[#  12]+0.038*[#   6]
          +0.038*[#  10]+0.023*[#   5]+0.023*[#   9]+0.017*[#   2]+0.017*[#   4]
          
    |psi|^2 = 0.985
==== e(   9) =     5.80923 eV ==== 
     psi = 0.445*[#   6]+0.445*[#  10]+0.022*[#   7]+0.022*[#   8]+0.022*[#  11]
          +0.022*[#  12]
    |psi|^2 = 0.980
==== e(  10) =     5.84400 eV ==== 
     psi = 0.246*[#   7]+0.246*[#   8]+0.246*[#  11]+0.246*[#  12]
    |psi|^2 = 0.982
==== e(  11) =    14.46030 eV ==== 
     psi = 0.252*[#   2]+0.252*[#   4]+0.167*[#   5]+0.167*[#   9]+0.017*[#   7]
          +0.017*[#   8]+0.017*[#  11]+0.017*[#  12]+0.005*[#   6]+0.005*[#  10]
          
    |psi|^2 = 0.914
==== e(  12) =    18.17297 eV ==== 
     psi = 0.121*[#   2]+0.121*[#   4]+0.019*[#   5]+0.019*[#   9]+0.007*[#   6]
          +0.007*[#  10]+0.002*[#   7]+0.002*[#   8]+0.002*[#  11]+0.002*[#  12]
          
    |psi|^2 = 0.304
==== e(  13) =    19.67883 eV ==== 
     psi = 0.155*[#   2]+0.155*[#   4]+0.032*[#   6]+0.032*[#  10]+0.014*[#   5]
          +0.014*[#   9]+0.002*[#   7]+0.002*[#   8]+0.002*[#  11]+0.002*[#  12]
          +0.001*[#   1]+0.001*[#   3]
    |psi|^2 = 0.410
==== e(  14) =    20.42032 eV ==== 
     psi = 0.013*[#   2]+0.013*[#   4]+0.007*[#   5]+0.007*[#   9]+0.005*[#   7]
          +0.005*[#   8]+0.005*[#  11]+0.005*[#  12]+0.001*[#   6]+0.001*[#  10]
          
    |psi|^2 = 0.062

 k =   0.0000000000  0.1732050808  0.1231998600
==== e(   1) =   -90.50029 eV ==== 
     psi = 0.495*[#   1]+0.495*[#   3]+0.003*[#   2]+0.003*[#   4]
    |psi|^2 = 1.000
==== e(   2) =   -90.49850 eV ==== 
     psi = 0.496*[#   1]+0.496*[#   3]+0.002*[#   6]+0.002*[#  10]
    |psi|^2 = 1.000
==== e(   3) =   -12.07415 eV ==== 
     psi = 0.299*[#   5]+0.299*[#   9]+0.195*[#   2]+0.195*[#   4]+0.003*[#   1]
          +0.003*[#   3]
    |psi|^2 = 0.998
==== e(   4) =   -10.75479 eV ==== 
     psi = 0.436*[#   5]+0.436*[#   9]+0.056*[#   2]+0.056*[#   4]+0.003*[#   6]
          +0.003*[#  10]
    |psi|^2 = 0.994
==== e(   5) =     0.73561 eV ==== 
     psi = 0.421*[#   6]+0.421*[#  10]+0.043*[#   2]+0.043*[#   4]+0.012*[#   5]
          +0.012*[#   9]+0.004*[#   7]+0.004*[#   8]+0.004*[#  11]+0.004*[#  12]
          +0.001*[#   1]+0.001*[#   3]
    |psi|^2 = 0.969
==== e(   6) =     4.17146 eV ==== 
     psi = 0.218*[#   7]+0.218*[#   8]+0.218*[#  11]+0.218*[#  12]+0.022*[#   6]
          +0.022*[#  10]+0.015*[#   2]+0.015*[#   4]+0.011*[#   5]+0.011*[#   9]
          
    |psi|^2 = 0.968
==== e(   7) =     4.64149 eV ==== 
     psi = 0.161*[#   7]+0.161*[#   8]+0.161*[#  11]+0.161*[#  12]+0.126*[#   6]
          +0.126*[#  10]+0.024*[#   5]+0.024*[#   9]+0.019*[#   2]+0.019*[#   4]
          
    |psi|^2 = 0.982
==== e(   8) =     4.78525 eV ==== 
     psi = 0.241*[#   7]+0.241*[#   8]+0.241*[#  11]+0.241*[#  12]
    |psi|^2 = 0.963
==== e(   9) =     5.61003 eV ==== 
     psi = 0.329*[#   6]+0.329*[#  10]+0.080*[#   7]+0.080*[#   8]+0.080*[#  11]
          +0.080*[#  12]
    |psi|^2 = 0.977
==== e(  10) =     5.75102 eV ==== 
     psi = 0.245*[#   7]+0.245*[#   8]+0.245*[#  11]+0.245*[#  12]
    |psi|^2 = 0.980
==== e(  11) =    14.67666 eV ==== 
     psi = 0.249*[#   2]+0.249*[#   4]+0.152*[#   5]+0.152*[#   9]+0.016*[#   6]
          +0.016*[#  10]+0.014*[#   7]+0.014*[#   8]+0.014*[#  11]+0.014*[#  12]
          
    |psi|^2 = 0.890
==== e(  12) =    17.76695 eV ==== 
     psi = 0.186*[#   2]+0.186*[#   4]+0.029*[#   5]+0.029*[#   9]+0.020*[#   6]
          +0.020*[#  10]+0.002*[#   7]+0.002*[#   8]+0.002*[#  11]+0.002*[#  12]
          
    |psi|^2 = 0.482
==== e(  13) =    19.73905 eV ==== 
     psi = 0.091*[#   2]+0.091*[#   4]+0.022*[#   6]+0.022*[#  10]+0.012*[#   5]
          +0.012*[#   9]+0.002*[#   7]+0.002*[#   8]+0.002*[#  11]+0.002*[#  12]
          
    |psi|^2 = 0.260
==== e(  14) =    20.37228 eV ==== 
     psi = 0.014*[#   2]+0.014*[#   4]+0.006*[#   5]+0.006*[#   9]+0.005*[#   7]
          +0.005*[#   8]+0.005*[#  11]+0.005*[#  12]+0.001*[#   6]+0.001*[#  10]
          
    |psi|^2 = 0.060

 k =   0.0000000000  0.1732050808  0.1847997900
==== e(   1) =   -90.50005 eV ==== 
     psi = 0.496*[#   1]+0.496*[#   3]+0.002*[#   2]+0.002*[#   4]
    |psi|^2 = 1.000
==== e(   2) =   -90.49874 eV ==== 
     psi = 0.496*[#   1]+0.496*[#   3]+0.002*[#   6]+0.002*[#  10]
    |psi|^2 = 1.000
==== e(   3) =   -11.92175 eV ==== 
     psi = 0.312*[#   5]+0.312*[#   9]+0.181*[#   2]+0.181*[#   4]+0.003*[#   1]
          +0.003*[#   3]+0.002*[#   6]+0.002*[#  10]
    |psi|^2 = 0.998
==== e(   4) =   -10.97051 eV ==== 
     psi = 0.410*[#   5]+0.410*[#   9]+0.082*[#   2]+0.082*[#   4]+0.004*[#   6]
          +0.004*[#  10]
    |psi|^2 = 0.995
==== e(   5) =     1.27415 eV ==== 
     psi = 0.407*[#   6]+0.407*[#  10]+0.042*[#   2]+0.042*[#   4]+0.022*[#   5]
          +0.022*[#   9]+0.006*[#   7]+0.006*[#   8]+0.006*[#  11]+0.006*[#  12]
          +0.001*[#   1]+0.001*[#   3]
    |psi|^2 = 0.970
==== e(   6) =     4.02136 eV ==== 
     psi = 0.210*[#   6]+0.210*[#  10]+0.108*[#   7]+0.108*[#   8]+0.108*[#  11]
          +0.108*[#  12]+0.036*[#   5]+0.036*[#   9]+0.028*[#   2]+0.028*[#   4]
          +0.001*[#   1]+0.001*[#   3]
    |psi|^2 = 0.981
==== e(   7) =     4.44186 eV ==== 
     psi = 0.207*[#   7]+0.207*[#   8]+0.207*[#  11]+0.207*[#  12]+0.057*[#   6]
          +0.057*[#  10]+0.008*[#   2]+0.008*[#   4]+0.004*[#   5]+0.004*[#   9]
          
    |psi|^2 = 0.967
==== e(   8) =     4.90832 eV ==== 
     psi = 0.241*[#   7]+0.241*[#   8]+0.241*[#  11]+0.241*[#  12]
    |psi|^2 = 0.964
==== e(   9) =     5.35027 eV ==== 
     psi = 0.201*[#   6]+0.201*[#  10]+0.142*[#   7]+0.142*[#   8]+0.142*[#  11]
          +0.142*[#  12]
    |psi|^2 = 0.972
==== e(  10) =     5.60915 eV ==== 
     psi = 0.244*[#   7]+0.244*[#   8]+0.244*[#  11]+0.244*[#  12]
    |psi|^2 = 0.977
==== e(  11) =    15.02563 eV ==== 
     psi = 0.247*[#   2]+0.247*[#   4]+0.131*[#   5]+0.131*[#   9]+0.029*[#   6]
          +0.029*[#  10]+0.010*[#   7]+0.010*[#   8]+0.010*[#  11]+0.010*[#  12]
          
    |psi|^2 = 0.856
==== e(  12) =    17.22347 eV ==== 
     psi = 0.226*[#   2]+0.226*[#   4]+0.045*[#   5]+0.045*[#   9]+0.032*[#   6]
          +0.032*[#  10]+0.003*[#   7]+0.003*[#   8]+0.003*[#  11]+0.003*[#  12]
          
    |psi|^2 = 0.619
==== e(  13) =    19.79180 eV ==== 
     psi = 0.048*[#   2]+0.048*[#   4]+0.014*[#   6]+0.014*[#  10]+0.009*[#   5]
          +0.009*[#   9]+0.003*[#   7]+0.003*[#   8]+0.003*[#  11]+0.003*[#  12]
          
    |psi|^2 = 0.156
==== e(  14) =    20.23561 eV ==== 
     psi = 0.014*[#   2]+0.014*[#   4]+0.005*[#   5]+0.005*[#   7]+0.005*[#   8]
          +0.005*[#   9]+0.005*[#  11]+0.005*[#  12]+0.002*[#   6]+0.002*[#  10]
          
    |psi|^2 = 0.060

 k =   0.0000000000  0.1732050808  0.2463997200
==== e(   1) =   -90.49974 eV ==== 
     psi = 0.496*[#   1]+0.496*[#   3]+0.001*[#   2]+0.001*[#   4]+0.001*[#   6]
          +0.001*[#  10]
    |psi|^2 = 1.000
==== e(   2) =   -90.49905 eV ==== 
     psi = 0.497*[#   1]+0.497*[#   3]+0.002*[#   6]+0.002*[#  10]
    |psi|^2 = 1.000
==== e(   3) =   -11.71962 eV ==== 
     psi = 0.331*[#   5]+0.331*[#   9]+0.162*[#   2]+0.162*[#   4]+0.003*[#   6]
          +0.003*[#  10]+0.002*[#   1]+0.002*[#   3]
    |psi|^2 = 0.998
==== e(   4) =   -11.22252 eV ==== 
     psi = 0.381*[#   5]+0.381*[#   9]+0.110*[#   2]+0.110*[#   4]+0.004*[#   6]
          +0.004*[#  10]
    |psi|^2 = 0.996
==== e(   5) =     1.94586 eV ==== 
     psi = 0.389*[#   6]+0.389*[#  10]+0.040*[#   2]+0.040*[#   4]+0.031*[#   5]
          +0.031*[#   9]+0.012*[#   7]+0.012*[#   8]+0.012*[#  11]+0.012*[#  12]
          +0.001*[#   1]+0.001*[#   3]
    |psi|^2 = 0.973
==== e(   6) =     3.41294 eV ==== 
     psi = 0.319*[#   6]+0.319*[#  10]+0.048*[#   7]+0.048*[#   8]+0.048*[#  11]
          +0.048*[#  12]+0.040*[#   5]+0.040*[#   9]+0.034*[#   2]+0.034*[#   4]
          +0.001*[#   1]+0.001*[#   3]
    |psi|^2 = 0.980
==== e(   7) =     4.59261 eV ==== 
     psi = 0.219*[#   7]+0.219*[#   8]+0.219*[#  11]+0.219*[#  12]+0.038*[#   6]
          +0.038*[#  10]+0.004*[#   2]+0.004*[#   4]+0.002*[#   5]+0.002*[#   9]
          
    |psi|^2 = 0.964
==== e(   8) =     5.06711 eV ==== 
     psi = 0.242*[#   7]+0.242*[#   8]+0.242*[#  11]+0.242*[#  12]
    |psi|^2 = 0.967
==== e(   9) =     5.07822 eV ==== 
     psi = 0.186*[#   7]+0.186*[#   8]+0.186*[#  11]+0.186*[#  12]+0.111*[#   6]
          +0.111*[#  10]+0.001*[#   2]+0.001*[#   4]
    |psi|^2 = 0.968
==== e(  10) =     5.43520 eV ==== 
     psi = 0.243*[#   7]+0.243*[#   8]+0.243*[#  11]+0.243*[#  12]
    |psi|^2 = 0.973
==== e(  11) =    15.48706 eV ==== 
     psi = 0.247*[#   2]+0.247*[#   4]+0.108*[#   5]+0.108*[#   9]+0.038*[#   6]
          +0.038*[#  10]+0.007*[#   7]+0.007*[#   8]+0.007*[#  11]+0.007*[#  12]
          
    |psi|^2 = 0.816
==== e(  12) =    16.62581 eV ==== 
     psi = 0.242*[#   2]+0.242*[#   4]+0.064*[#   5]+0.064*[#   9]+0.040*[#   6]
          +0.040*[#  10]+0.004*[#   7]+0.004*[#   8]+0.004*[#  11]+0.004*[#  12]
          
    |psi|^2 = 0.708
==== e(  13) =    19.84711 eV ==== 
     psi = 0.027*[#   2]+0.027*[#   4]+0.009*[#   6]+0.009*[#  10]+0.007*[#   5]
          +0.007*[#   9]+0.004*[#   7]+0.004*[#   8]+0.004*[#  11]+0.004*[#  12]
          
    |psi|^2 = 0.101
==== e(  14) =    20.06713 eV ==== 
     psi = 0.015*[#   2]+0.015*[#   4]+0.005*[#   5]+0.005*[#   9]+0.004*[#   7]
          +0.004*[#   8]+0.004*[#  11]+0.004*[#  12]+0.003*[#   6]+0.003*[#  10]
          
    |psi|^2 = 0.063

 k =   0.0000000000  0.1732050808 -0.3079996500
==== e(   1) =   -90.49940 eV ==== 
     psi = 0.497*[#   1]+0.497*[#   3]+0.002*[#   6]+0.002*[#  10]
    |psi|^2 = 1.000
==== e(   2) =   -90.49939 eV ==== 
     psi = 0.497*[#   1]+0.497*[#   3]+0.002*[#   6]+0.002*[#  10]
    |psi|^2 = 1.000
==== e(   3) =   -11.48044 eV ==== 
     psi = 0.354*[#   5]+0.354*[#   9]+0.138*[#   2]+0.138*[#   4]+0.004*[#   6]
          +0.004*[#  10]+0.001*[#   1]+0.001*[#   3]
    |psi|^2 = 0.997
==== e(   4) =   -11.48044 eV ==== 
     psi = 0.354*[#   5]+0.354*[#   9]+0.138*[#   2]+0.138*[#   4]+0.004*[#   6]
          +0.004*[#  10]+0.001*[#   1]+0.001*[#   3]
    |psi|^2 = 0.997
==== e(   5) =     2.68442 eV ==== 
     psi = 0.364*[#   6]+0.364*[#  10]+0.038*[#   5]+0.038*[#   9]+0.037*[#   2]
          +0.037*[#   4]+0.024*[#   7]+0.024*[#   8]+0.024*[#  11]+0.024*[#  12]
          +0.001*[#   1]+0.001*[#   3]
    |psi|^2 = 0.976
==== e(   6) =     2.68442 eV ==== 
     psi = 0.364*[#   6]+0.364*[#  10]+0.038*[#   5]+0.038*[#   9]+0.037*[#   2]
          +0.037*[#   4]+0.024*[#   7]+0.024*[#   8]+0.024*[#  11]+0.024*[#  12]
          +0.001*[#   1]+0.001*[#   3]
    |psi|^2 = 0.976
==== e(   7) =     4.81926 eV ==== 
     psi = 0.209*[#   7]+0.209*[#   8]+0.209*[#  11]+0.209*[#  12]+0.061*[#   6]
          +0.061*[#  10]+0.002*[#   2]+0.002*[#   4]+0.001*[#   5]+0.001*[#   9]
          
    |psi|^2 = 0.965
==== e(   8) =     4.81926 eV ==== 
     psi = 0.209*[#   7]+0.209*[#   8]+0.209*[#  11]+0.209*[#  12]+0.061*[#   6]
          +0.061*[#  10]+0.002*[#   2]+0.002*[#   4]+0.001*[#   5]+0.001*[#   9]
          
    |psi|^2 = 0.965
==== e(   9) =     5.24827 eV ==== 
     psi = 0.242*[#   7]+0.242*[#   8]+0.242*[#  11]+0.242*[#  12]
    |psi|^2 = 0.970
==== e(  10) =     5.24827 eV ==== 
     psi = 0.242*[#   7]+0.242*[#   8]+0.242*[#  11]+0.242*[#  12]
    |psi|^2 = 0.970
==== e(  11) =    16.03232 eV ==== 
     psi = 0.246*[#   2]+0.246*[#   4]+0.085*[#   5]+0.085*[#   9]+0.042*[#   6]
          +0.042*[#  10]+0.005*[#   7]+0.005*[#   8]+0.005*[#  11]+0.005*[#  12]
          
    |psi|^2 = 0.769
==== e(  12) =    16.03233 eV ==== 
     psi = 0.246*[#   2]+0.246*[#   4]+0.085*[#   5]+0.085*[#   9]+0.042*[#   6]
          +0.042*[#  10]+0.005*[#   7]+0.005*[#   8]+0.005*[#  11]+0.005*[#  12]
          
    |psi|^2 = 0.769
==== e(  13) =    19.93296 eV ==== 
     psi = 0.018*[#   2]+0.018*[#   4]+0.006*[#   5]+0.006*[#   9]+0.005*[#   6]
          +0.005*[#  10]+0.004*[#   7]+0.004*[#   8]+0.004*[#  11]+0.004*[#  12]
          
    |psi|^2 = 0.075
==== e(  14) =    19.93297 eV ==== 
     psi = 0.018*[#   2]+0.018*[#   4]+0.006*[#   5]+0.006*[#   9]+0.005*[#   6]
          +0.005*[#  10]+0.004*[#   7]+0.004*[#   8]+0.004*[#  11]+0.004*[#  12]
          
    |psi|^2 = 0.075

 k =   0.0000000000  0.2309401077  0.0000000000
==== e(   1) =   -90.50020 eV ==== 
     psi = 0.496*[#   1]+0.496*[#   3]+0.003*[#   2]+0.003*[#   4]
    |psi|^2 = 1.000
==== e(   2) =   -90.49816 eV ==== 
     psi = 0.495*[#   1]+0.495*[#   3]+0.002*[#   6]+0.002*[#  10]+0.001*[#   2]
          +0.001*[#   4]
    |psi|^2 = 1.000
==== e(   3) =   -12.01259 eV ==== 
     psi = 0.304*[#   5]+0.304*[#   9]+0.189*[#   2]+0.189*[#   4]+0.003*[#   1]
          +0.003*[#   3]+0.001*[#   7]+0.001*[#   8]+0.001*[#  11]+0.001*[#  12]
          
    |psi|^2 = 0.998
==== e(   4) =   -10.46795 eV ==== 
     psi = 0.468*[#   5]+0.468*[#   9]+0.025*[#   2]+0.025*[#   4]+0.001*[#   6]
          +0.001*[#  10]
    |psi|^2 = 0.991
==== e(   5) =     0.49970 eV ==== 
     psi = 0.432*[#   6]+0.432*[#  10]+0.038*[#   2]+0.038*[#   4]+0.005*[#   7]
          +0.005*[#   8]+0.005*[#  11]+0.005*[#  12]
    |psi|^2 = 0.964
==== e(   6) =     3.43882 eV ==== 
     psi = 0.220*[#   7]+0.220*[#   8]+0.220*[#  11]+0.220*[#  12]+0.027*[#   2]
          +0.027*[#   4]+0.012*[#   5]+0.012*[#   9]+0.006*[#   6]+0.006*[#  10]
          
    |psi|^2 = 0.971
==== e(   7) =     4.41996 eV ==== 
     psi = 0.222*[#   7]+0.222*[#   8]+0.222*[#  11]+0.222*[#  12]+0.026*[#   5]
          +0.026*[#   9]+0.022*[#   2]+0.022*[#   4]+0.001*[#   1]+0.001*[#   3]
          
    |psi|^2 = 0.984
==== e(   8) =     4.43645 eV ==== 
     psi = 0.240*[#   7]+0.240*[#   8]+0.240*[#  11]+0.240*[#  12]
    |psi|^2 = 0.959
==== e(   9) =     5.72629 eV ==== 
     psi = 0.488*[#   6]+0.488*[#  10]
    |psi|^2 = 0.977
==== e(  10) =     5.75384 eV ==== 
     psi = 0.245*[#   7]+0.245*[#   8]+0.245*[#  11]+0.245*[#  12]
    |psi|^2 = 0.980
==== e(  11) =    14.81507 eV ==== 
     psi = 0.244*[#   2]+0.244*[#   4]+0.141*[#   5]+0.141*[#   9]+0.022*[#   7]
          +0.022*[#   8]+0.022*[#  11]+0.022*[#  12]
    |psi|^2 = 0.859
==== e(  12) =    18.55906 eV ==== 
     psi = 0.030*[#   2]+0.030*[#   4]+0.011*[#   5]+0.011*[#   9]+0.004*[#   6]
          +0.004*[#  10]+0.003*[#   7]+0.003*[#   8]+0.003*[#  11]+0.003*[#  12]
          
    |psi|^2 = 0.102
==== e(  13) =    19.09025 eV ==== 
     psi = 0.180*[#   2]+0.180*[#   4]+0.030*[#   6]+0.030*[#  10]+0.013*[#   5]
          +0.013*[#   9]+0.001*[#   1]+0.001*[#   3]+0.001*[#   7]+0.001*[#   8]
          +0.001*[#  11]+0.001*[#  12]
    |psi|^2 = 0.454
==== e(  14) =    20.60385 eV ==== 
     psi = 0.048*[#   2]+0.048*[#   4]+0.011*[#   5]+0.011*[#   9]+0.009*[#   7]
          +0.009*[#   8]+0.009*[#  11]+0.009*[#  12]+0.001*[#   6]+0.001*[#  10]
          
    |psi|^2 = 0.157

 k =   0.0000000000  0.2309401077  0.0615999300
==== e(   1) =   -90.50015 eV ==== 
     psi = 0.496*[#   1]+0.496*[#   3]+0.003*[#   2]+0.003*[#   4]
    |psi|^2 = 1.000
==== e(   2) =   -90.49821 eV ==== 
     psi = 0.495*[#   1]+0.495*[#   3]+0.002*[#   6]+0.002*[#  10]+0.001*[#   2]
          +0.001*[#   4]
    |psi|^2 = 1.000
==== e(   3) =   -11.98216 eV ==== 
     psi = 0.307*[#   5]+0.307*[#   9]+0.187*[#   2]+0.187*[#   4]+0.003*[#   1]
          +0.003*[#   3]+0.001*[#   7]+0.001*[#   8]+0.001*[#  11]+0.001*[#  12]
          
    |psi|^2 = 0.998
==== e(   4) =   -10.51629 eV ==== 
     psi = 0.462*[#   5]+0.462*[#   9]+0.031*[#   2]+0.031*[#   4]+0.002*[#   6]
          +0.002*[#  10]
    |psi|^2 = 0.992
==== e(   5) =     0.60590 eV ==== 
     psi = 0.427*[#   6]+0.427*[#  10]+0.039*[#   2]+0.039*[#   4]+0.006*[#   7]
          +0.006*[#   8]+0.006*[#  11]+0.006*[#  12]+0.003*[#   5]+0.003*[#   9]
          +0.001*[#   1]+0.001*[#   3]
    |psi|^2 = 0.965
==== e(   6) =     3.47126 eV ==== 
     psi = 0.218*[#   7]+0.218*[#   8]+0.218*[#  11]+0.218*[#  12]+0.026*[#   2]
          +0.026*[#   4]+0.013*[#   5]+0.013*[#   9]+0.010*[#   6]+0.010*[#  10]
          
    |psi|^2 = 0.970
==== e(   7) =     4.33709 eV ==== 
     psi = 0.210*[#   7]+0.210*[#   8]+0.210*[#  11]+0.210*[#  12]+0.026*[#   5]
          +0.026*[#   9]+0.022*[#   2]+0.022*[#   4]+0.022*[#   6]+0.022*[#  10]
          +0.001*[#   1]+0.001*[#   3]
    |psi|^2 = 0.983
==== e(   8) =     4.46519 eV ==== 
     psi = 0.240*[#   7]+0.240*[#   8]+0.240*[#  11]+0.240*[#  12]
    |psi|^2 = 0.959
==== e(   9) =     5.66869 eV ==== 
     psi = 0.460*[#   6]+0.460*[#  10]+0.014*[#   7]+0.014*[#   8]+0.014*[#  11]
          +0.014*[#  12]
    |psi|^2 = 0.977
==== e(  10) =     5.71740 eV ==== 
     psi = 0.245*[#   7]+0.245*[#   8]+0.245*[#  11]+0.245*[#  12]
    |psi|^2 = 0.979
==== e(  11) =    14.84641 eV ==== 
     psi = 0.242*[#   2]+0.242*[#   4]+0.137*[#   5]+0.137*[#   9]+0.020*[#   7]
          +0.020*[#   8]+0.020*[#  11]+0.020*[#  12]+0.003*[#   6]+0.003*[#  10]
          
    |psi|^2 = 0.846
==== e(  12) =    18.27387 eV ==== 
     psi = 0.101*[#   2]+0.101*[#   4]+0.015*[#   6]+0.015*[#  10]+0.014*[#   5]
          +0.014*[#   9]+0.002*[#   7]+0.002*[#   8]+0.002*[#  11]+0.002*[#  12]
          
    |psi|^2 = 0.268
==== e(  13) =    19.27645 eV ==== 
     psi = 0.116*[#   2]+0.116*[#   4]+0.020*[#   6]+0.020*[#  10]+0.013*[#   5]
          +0.013*[#   9]+0.003*[#   7]+0.003*[#   8]+0.003*[#  11]+0.003*[#  12]
          
    |psi|^2 = 0.309
==== e(  14) =    20.58143 eV ==== 
     psi = 0.051*[#   2]+0.051*[#   4]+0.011*[#   5]+0.011*[#   9]+0.009*[#   7]
          +0.009*[#   8]+0.009*[#  11]+0.009*[#  12]+0.002*[#   6]+0.002*[#  10]
          
    |psi|^2 = 0.164

 k =   0.0000000000  0.2309401077  0.1231998600
==== e(   1) =   -90.50001 eV ==== 
     psi = 0.496*[#   1]+0.496*[#   3]+0.002*[#   2]+0.002*[#   4]
    |psi|^2 = 1.000
==== e(   2) =   -90.49835 eV ==== 
     psi = 0.496*[#   1]+0.496*[#   3]+0.002*[#   6]+0.002*[#  10]
    |psi|^2 = 1.000
==== e(   3) =   -11.89231 eV ==== 
     psi = 0.315*[#   5]+0.315*[#   9]+0.178*[#   2]+0.178*[#   4]+0.002*[#   1]
          +0.002*[#   3]+0.001*[#   7]+0.001*[#   8]+0.001*[#  11]+0.001*[#  12]
          
    |psi|^2 = 0.998
==== e(   4) =   -10.65231 eV ==== 
     psi = 0.446*[#   5]+0.446*[#   9]+0.047*[#   2]+0.047*[#   4]+0.003*[#   6]
          +0.003*[#  10]
    |psi|^2 = 0.993
==== e(   5) =     0.90987 eV ==== 
     psi = 0.412*[#   6]+0.412*[#  10]+0.040*[#   2]+0.040*[#   4]+0.011*[#   5]
          +0.011*[#   9]+0.010*[#   7]+0.010*[#   8]+0.010*[#  11]+0.010*[#  12]
          +0.001*[#   1]+0.001*[#   3]
    |psi|^2 = 0.967
==== e(   6) =     3.54825 eV ==== 
     psi = 0.206*[#   7]+0.206*[#   8]+0.206*[#  11]+0.206*[#  12]+0.030*[#   6]
          +0.030*[#  10]+0.024*[#   2]+0.024*[#   4]+0.018*[#   5]+0.018*[#   9]
          
    |psi|^2 = 0.969
==== e(   7) =     4.12340 eV ==== 
     psi = 0.187*[#   7]+0.187*[#   8]+0.187*[#  11]+0.187*[#  12]+0.071*[#   6]
          +0.071*[#  10]+0.022*[#   5]+0.022*[#   9]+0.022*[#   2]+0.022*[#   4]
          +0.001*[#   1]+0.001*[#   3]
    |psi|^2 = 0.980
==== e(   8) =     4.54946 eV ==== 
     psi = 0.240*[#   7]+0.240*[#   8]+0.240*[#  11]+0.240*[#  12]
    |psi|^2 = 0.960
==== e(   9) =     5.49283 eV ==== 
     psi = 0.390*[#   6]+0.390*[#  10]+0.048*[#   7]+0.048*[#   8]+0.048*[#  11]
          +0.048*[#  12]
    |psi|^2 = 0.975
==== e(  10) =     5.61310 eV ==== 
     psi = 0.244*[#   7]+0.244*[#   8]+0.244*[#  11]+0.244*[#  12]
    |psi|^2 = 0.977
==== e(  11) =    14.95765 eV ==== 
     psi = 0.237*[#   2]+0.237*[#   4]+0.124*[#   5]+0.124*[#   9]+0.017*[#   7]
          +0.017*[#   8]+0.017*[#  11]+0.017*[#  12]+0.011*[#   6]+0.011*[#  10]
          
    |psi|^2 = 0.812
==== e(  12) =    17.75423 eV ==== 
     psi = 0.157*[#   2]+0.157*[#   4]+0.024*[#   6]+0.024*[#  10]+0.021*[#   5]
          +0.021*[#   9]+0.002*[#   7]+0.002*[#   8]+0.002*[#  11]+0.002*[#  12]
          
    |psi|^2 = 0.415
==== e(  13) =    19.51058 eV ==== 
     psi = 0.071*[#   2]+0.071*[#   4]+0.013*[#   5]+0.013*[#   9]+0.013*[#   6]
          +0.013*[#  10]+0.004*[#   7]+0.004*[#   8]+0.004*[#  11]+0.004*[#  12]
          
    |psi|^2 = 0.211
==== e(  14) =    20.48254 eV ==== 
     psi = 0.054*[#   2]+0.054*[#   4]+0.009*[#   5]+0.009*[#   9]+0.008*[#   7]
          +0.008*[#   8]+0.008*[#  11]+0.008*[#  12]+0.003*[#   6]+0.003*[#  10]
          
    |psi|^2 = 0.166

 k =   0.0000000000  0.2309401077  0.1847997900
==== e(   1) =   -90.49978 eV ==== 
     psi = 0.496*[#   1]+0.496*[#   3]+0.001*[#   2]+0.001*[#   4]
    |psi|^2 = 1.000
==== e(   2) =   -90.49858 eV ==== 
     psi = 0.496*[#   1]+0.496*[#   3]+0.002*[#   6]+0.002*[#  10]
    |psi|^2 = 1.000
==== e(   3) =   -11.74761 eV ==== 
     psi = 0.328*[#   5]+0.328*[#   9]+0.164*[#   2]+0.164*[#   4]+0.002*[#   1]
          +0.002*[#   3]+0.002*[#   6]+0.002*[#  10]+0.001*[#   7]+0.001*[#   8]
          +0.001*[#  11]+0.001*[#  12]
    |psi|^2 = 0.998
==== e(   4) =   -10.85272 eV ==== 
     psi = 0.422*[#   5]+0.422*[#   9]+0.070*[#   2]+0.070*[#   4]+0.004*[#   6]
          +0.004*[#  10]
    |psi|^2 = 0.994
==== e(   5) =     1.37114 eV ==== 
     psi = 0.386*[#   6]+0.386*[#  10]+0.042*[#   2]+0.042*[#   4]+0.021*[#   5]
          +0.021*[#   9]+0.017*[#   7]+0.017*[#   8]+0.017*[#  11]+0.017*[#  12]
          +0.001*[#   1]+0.001*[#   3]
    |psi|^2 = 0.970
==== e(   6) =     3.48649 eV ==== 
     psi = 0.149*[#   7]+0.149*[#   8]+0.149*[#  11]+0.149*[#  12]+0.123*[#   6]
          +0.123*[#  10]+0.036*[#   5]+0.036*[#   9]+0.032*[#   2]+0.032*[#   4]
          +0.001*[#   1]+0.001*[#   3]
    |psi|^2 = 0.978
==== e(   7) =     3.99126 eV ==== 
     psi = 0.195*[#   7]+0.195*[#   8]+0.195*[#  11]+0.195*[#  12]+0.075*[#   6]
          +0.075*[#  10]+0.012*[#   2]+0.012*[#   4]+0.005*[#   5]+0.005*[#   9]
          
    |psi|^2 = 0.966
==== e(   8) =     4.68327 eV ==== 
     psi = 0.240*[#   7]+0.240*[#   8]+0.240*[#  11]+0.240*[#  12]
    |psi|^2 = 0.961
==== e(   9) =     5.20760 eV ==== 
     psi = 0.300*[#   6]+0.300*[#  10]+0.092*[#   7]+0.092*[#   8]+0.092*[#  11]
          +0.092*[#  12]
    |psi|^2 = 0.970
==== e(  10) =     5.45467 eV ==== 
     psi = 0.243*[#   7]+0.243*[#   8]+0.243*[#  11]+0.243*[#  12]
    |psi|^2 = 0.973
==== e(  11) =    15.18174 eV ==== 
     psi = 0.232*[#   2]+0.232*[#   4]+0.106*[#   5]+0.106*[#   9]+0.022*[#   6]
          +0.022*[#  10]+0.012*[#   7]+0.012*[#   8]+0.012*[#  11]+0.012*[#  12]
          
    |psi|^2 = 0.767
==== e(  12) =    17.16499 eV ==== 
     psi = 0.191*[#   2]+0.191*[#   4]+0.032*[#   5]+0.032*[#   9]+0.031*[#   6]
          +0.031*[#  10]+0.003*[#   7]+0.003*[#   8]+0.003*[#  11]+0.003*[#  12]
          
    |psi|^2 = 0.523
==== e(  13) =    19.67444 eV ==== 
     psi = 0.048*[#   2]+0.048*[#   4]+0.012*[#   5]+0.012*[#   9]+0.008*[#   6]
          +0.008*[#  10]+0.006*[#   7]+0.006*[#   8]+0.006*[#  11]+0.006*[#  12]
          
    |psi|^2 = 0.159
==== e(  14) =    20.29572 eV ==== 
     psi = 0.047*[#   2]+0.047*[#   4]+0.008*[#   5]+0.008*[#   9]+0.008*[#   7]
          +0.008*[#   8]+0.008*[#  11]+0.008*[#  12]+0.003*[#   6]+0.003*[#  10]
          
    |psi|^2 = 0.147

 k =   0.0000000000  0.2309401077  0.2463997200
==== e(   1) =   -90.49949 eV ==== 
     psi = 0.497*[#   1]+0.497*[#   3]+0.001*[#   6]+0.001*[#  10]
    |psi|^2 = 1.000
==== e(   2) =   -90.49886 eV ==== 
     psi = 0.497*[#   1]+0.497*[#   3]+0.002*[#   6]+0.002*[#  10]
    |psi|^2 = 1.000
==== e(   3) =   -11.55618 eV ==== 
     psi = 0.347*[#   5]+0.347*[#   9]+0.145*[#   2]+0.145*[#   4]+0.003*[#   6]
          +0.003*[#  10]+0.002*[#   1]+0.002*[#   3]+0.001*[#   7]+0.001*[#   8]
          +0.001*[#  11]+0.001*[#  12]
    |psi|^2 = 0.997
==== e(   4) =   -11.08819 eV ==== 
     psi = 0.396*[#   5]+0.396*[#   9]+0.096*[#   2]+0.096*[#   4]+0.004*[#   6]
          +0.004*[#  10]
    |psi|^2 = 0.996
==== e(   5) =     1.93130 eV ==== 
     psi = 0.349*[#   6]+0.349*[#  10]+0.043*[#   2]+0.043*[#   4]+0.032*[#   7]
          +0.032*[#   8]+0.032*[#  11]+0.032*[#  12]+0.030*[#   5]+0.030*[#   9]
          +0.001*[#   1]+0.001*[#   3]
    |psi|^2 = 0.975
==== e(   6) =     3.07453 eV ==== 
     psi = 0.225*[#   6]+0.225*[#  10]+0.093*[#   7]+0.093*[#   8]+0.093*[#  11]
          +0.093*[#  12]+0.040*[#   5]+0.040*[#   9]+0.038*[#   2]+0.038*[#   4]
          +0.002*[#   1]+0.002*[#   3]
    |psi|^2 = 0.981
==== e(   7) =     4.17712 eV ==== 
     psi = 0.194*[#   7]+0.194*[#   8]+0.194*[#  11]+0.194*[#  12]+0.085*[#   6]
          +0.085*[#  10]+0.005*[#   2]+0.005*[#   4]+0.001*[#   5]+0.001*[#   9]
          
    |psi|^2 = 0.960
==== e(   8) =     4.85374 eV ==== 
     psi = 0.210*[#   6]+0.210*[#  10]+0.135*[#   7]+0.135*[#   8]+0.135*[#  11]
          +0.135*[#  12]+0.001*[#   2]+0.001*[#   4]
    |psi|^2 = 0.965
==== e(   9) =     4.85659 eV ==== 
     psi = 0.241*[#   7]+0.241*[#   8]+0.241*[#  11]+0.241*[#  12]
    |psi|^2 = 0.963
==== e(  10) =     5.26156 eV ==== 
     psi = 0.242*[#   7]+0.242*[#   8]+0.242*[#  11]+0.242*[#  12]
    |psi|^2 = 0.970
==== e(  11) =    15.53565 eV ==== 
     psi = 0.226*[#   2]+0.226*[#   4]+0.086*[#   5]+0.086*[#   9]+0.031*[#   6]
          +0.031*[#  10]+0.008*[#   7]+0.008*[#   8]+0.008*[#  11]+0.008*[#  12]
          
    |psi|^2 = 0.719
==== e(  12) =    16.56599 eV ==== 
     psi = 0.210*[#   2]+0.210*[#   4]+0.048*[#   5]+0.048*[#   9]+0.035*[#   6]
          +0.035*[#  10]+0.004*[#   7]+0.004*[#   8]+0.004*[#  11]+0.004*[#  12]
          
    |psi|^2 = 0.603
==== e(  13) =    19.79732 eV ==== 
     psi = 0.038*[#   2]+0.038*[#   4]+0.011*[#   5]+0.011*[#   9]+0.006*[#   7]
          +0.006*[#   8]+0.006*[#  11]+0.006*[#  12]+0.006*[#   6]+0.006*[#  10]
          
    |psi|^2 = 0.133
==== e(  14) =    20.09395 eV ==== 
     psi = 0.039*[#   2]+0.039*[#   4]+0.009*[#   5]+0.009*[#   9]+0.007*[#   7]
          +0.007*[#   8]+0.007*[#  11]+0.007*[#  12]+0.003*[#   6]+0.003*[#  10]
          
    |psi|^2 = 0.131

 k =   0.0000000000  0.2309401077 -0.3079996500
==== e(   1) =   -90.49918 eV ==== 
     psi = 0.497*[#   1]+0.497*[#   3]+0.001*[#   6]+0.001*[#  10]
    |psi|^2 = 1.000
==== e(   2) =   -90.49917 eV ==== 
     psi = 0.497*[#   1]+0.497*[#   3]+0.001*[#   6]+0.001*[#  10]
    |psi|^2 = 1.000
==== e(   3) =   -11.33048 eV ==== 
     psi = 0.370*[#   5]+0.370*[#   9]+0.122*[#   2]+0.122*[#   4]+0.003*[#   6]
          +0.003*[#  10]+0.001*[#   1]+0.001*[#   3]
    |psi|^2 = 0.996
==== e(   4) =   -11.33048 eV ==== 
     psi = 0.370*[#   5]+0.370*[#   9]+0.122*[#   2]+0.122*[#   4]+0.003*[#   6]
          +0.003*[#  10]+0.001*[#   1]+0.001*[#   3]
    |psi|^2 = 0.996
==== e(   5) =     2.52261 eV ==== 
     psi = 0.297*[#   6]+0.297*[#  10]+0.056*[#   7]+0.056*[#   8]+0.056*[#  11]
          +0.056*[#  12]+0.041*[#   2]+0.041*[#   4]+0.037*[#   5]+0.037*[#   9]
          +0.001*[#   1]+0.001*[#   3]
    |psi|^2 = 0.979
==== e(   6) =     2.52261 eV ==== 
     psi = 0.297*[#   6]+0.297*[#  10]+0.056*[#   7]+0.056*[#   8]+0.056*[#  11]
          +0.056*[#  12]+0.041*[#   2]+0.041*[#   4]+0.037*[#   5]+0.037*[#   9]
          +0.001*[#   1]+0.001*[#   3]
    |psi|^2 = 0.979
==== e(   7) =     4.49136 eV ==== 
     psi = 0.171*[#   7]+0.171*[#   8]+0.171*[#  11]+0.171*[#  12]+0.135*[#   6]
          +0.135*[#  10]+0.002*[#   2]+0.002*[#   4]
    |psi|^2 = 0.961
==== e(   8) =     4.49137 eV ==== 
     psi = 0.171*[#   7]+0.171*[#   8]+0.171*[#  11]+0.171*[#  12]+0.135*[#   6]
          +0.135*[#  10]+0.002*[#   2]+0.002*[#   4]
    |psi|^2 = 0.961
==== e(   9) =     5.05531 eV ==== 
     psi = 0.242*[#   7]+0.242*[#   8]+0.242*[#  11]+0.242*[#  12]
    |psi|^2 = 0.966
==== e(  10) =     5.05531 eV ==== 
     psi = 0.242*[#   7]+0.242*[#   8]+0.242*[#  11]+0.242*[#  12]
    |psi|^2 = 0.966
==== e(  11) =    16.00801 eV ==== 
     psi = 0.220*[#   2]+0.220*[#   4]+0.066*[#   5]+0.066*[#   9]+0.035*[#   6]
          +0.035*[#  10]+0.006*[#   7]+0.006*[#   8]+0.006*[#  11]+0.006*[#  12]
          
    |psi|^2 = 0.666
==== e(  12) =    16.00802 eV ==== 
     psi = 0.220*[#   2]+0.220*[#   4]+0.066*[#   5]+0.066*[#   9]+0.035*[#   6]
          +0.035*[#  10]+0.006*[#   7]+0.006*[#   8]+0.006*[#  11]+0.006*[#  12]
          
    |psi|^2 = 0.666
==== e(  13) =    19.92725 eV ==== 
     psi = 0.036*[#   2]+0.036*[#   4]+0.010*[#   5]+0.010*[#   9]+0.007*[#   7]
          +0.007*[#   8]+0.007*[#  11]+0.007*[#  12]+0.004*[#   6]+0.004*[#  10]
          
    |psi|^2 = 0.126
==== e(  14) =    19.92726 eV ==== 
     psi = 0.036*[#   2]+0.036*[#   4]+0.010*[#   5]+0.010*[#   9]+0.007*[#   7]
          +0.007*[#   8]+0.007*[#  11]+0.007*[#  12]+0.004*[#   6]+0.004*[#  10]
          
    |psi|^2 = 0.126

 k =   0.0000000000  0.2886751346  0.0000000000
==== e(   1) =   -90.49985 eV ==== 
     psi = 0.496*[#   1]+0.496*[#   3]+0.002*[#   2]+0.002*[#   4]
    |psi|^2 = 1.000
==== e(   2) =   -90.49802 eV ==== 
     psi = 0.495*[#   1]+0.495*[#   3]+0.002*[#   6]+0.002*[#  10]+0.002*[#   2]
          +0.002*[#   4]
    |psi|^2 = 1.000
==== e(   3) =   -11.78598 eV ==== 
     psi = 0.325*[#   5]+0.325*[#   9]+0.168*[#   2]+0.168*[#   4]+0.002*[#   1]
          +0.002*[#   3]+0.002*[#   7]+0.002*[#   8]+0.002*[#  11]+0.002*[#  12]
          
    |psi|^2 = 0.998
==== e(   4) =   -10.37624 eV ==== 
     psi = 0.476*[#   5]+0.476*[#   9]+0.017*[#   2]+0.017*[#   4]
    |psi|^2 = 0.991
==== e(   5) =     0.77253 eV ==== 
     psi = 0.423*[#   6]+0.423*[#  10]+0.028*[#   2]+0.028*[#   4]+0.014*[#   7]
          +0.014*[#   8]+0.014*[#  11]+0.014*[#  12]
    |psi|^2 = 0.958
==== e(   6) =     2.78436 eV ==== 
     psi = 0.206*[#   7]+0.206*[#   8]+0.206*[#  11]+0.206*[#  12]+0.042*[#   2]
          +0.042*[#   4]+0.018*[#   6]+0.018*[#  10]+0.015*[#   5]+0.015*[#   9]
          +0.001*[#   1]+0.001*[#   3]
    |psi|^2 = 0.977
==== e(   7) =     3.82495 eV ==== 
     psi = 0.219*[#   7]+0.219*[#   8]+0.219*[#  11]+0.219*[#  12]+0.027*[#   2]
          +0.027*[#   4]+0.025*[#   5]+0.025*[#   9]+0.001*[#   1]+0.001*[#   3]
          
    |psi|^2 = 0.983
==== e(   8) =     4.18594 eV ==== 
     psi = 0.239*[#   7]+0.239*[#   8]+0.239*[#  11]+0.239*[#  12]
    |psi|^2 = 0.956
==== e(   9) =     5.51648 eV ==== 
     psi = 0.485*[#   6]+0.485*[#  10]
    |psi|^2 = 0.972
==== e(  10) =     5.61457 eV ==== 
     psi = 0.244*[#   7]+0.244*[#   8]+0.244*[#  11]+0.244*[#  12]
    |psi|^2 = 0.977
==== e(  11) =    15.20626 eV ==== 
     psi = 0.226*[#   2]+0.226*[#   4]+0.107*[#   5]+0.107*[#   9]+0.021*[#   7]
          +0.021*[#   8]+0.021*[#  11]+0.021*[#  12]+0.001*[#   6]+0.001*[#  10]
          
    |psi|^2 = 0.754
==== e(  12) =    18.35245 eV ==== 
     psi = 0.079*[#   2]+0.079*[#   4]+0.028*[#   6]+0.028*[#  10]+0.007*[#   5]
          +0.007*[#   9]+0.003*[#   7]+0.003*[#   8]+0.003*[#  11]+0.003*[#  12]
          
    |psi|^2 = 0.242
==== e(  13) =    18.73373 eV ==== 
     psi = 0.084*[#   2]+0.084*[#   4]+0.020*[#   5]+0.020*[#   9]+0.003*[#   7]
          +0.003*[#   8]+0.003*[#  11]+0.003*[#  12]
    |psi|^2 = 0.222
==== e(  14) =    20.97203 eV ==== 
     psi = 0.089*[#   2]+0.089*[#   4]+0.013*[#   7]+0.013*[#   8]+0.013*[#  11]
          +0.013*[#  12]+0.011*[#   5]+0.011*[#   9]+0.002*[#   6]+0.002*[#  10]
          
    |psi|^2 = 0.256

 k =   0.0000000000  0.2886751346  0.0615999300
==== e(   1) =   -90.49981 eV ==== 
     psi = 0.496*[#   1]+0.496*[#   3]+0.001*[#   2]+0.001*[#   4]
    |psi|^2 = 1.000
==== e(   2) =   -90.49807 eV ==== 
     psi = 0.495*[#   1]+0.495*[#   3]+0.002*[#   6]+0.002*[#  10]+0.001*[#   2]
          +0.001*[#   4]
    |psi|^2 = 1.000
==== e(   3) =   -11.75767 eV ==== 
     psi = 0.327*[#   5]+0.327*[#   9]+0.166*[#   2]+0.166*[#   4]+0.002*[#   1]
          +0.002*[#   3]+0.002*[#   7]+0.002*[#   8]+0.002*[#  11]+0.002*[#  12]
          
    |psi|^2 = 0.998
==== e(   4) =   -10.41928 eV ==== 
     psi = 0.471*[#   5]+0.471*[#   9]+0.022*[#   2]+0.022*[#   4]+0.001*[#   6]
          +0.001*[#  10]
    |psi|^2 = 0.991
==== e(   5) =     0.85219 eV ==== 
     psi = 0.412*[#   6]+0.412*[#  10]+0.030*[#   2]+0.030*[#   4]+0.017*[#   7]
          +0.017*[#   8]+0.017*[#  11]+0.017*[#  12]+0.003*[#   5]+0.003*[#   9]
          
    |psi|^2 = 0.960
==== e(   6) =     2.83027 eV ==== 
     psi = 0.202*[#   7]+0.202*[#   8]+0.202*[#  11]+0.202*[#  12]+0.040*[#   2]
          +0.040*[#   4]+0.027*[#   6]+0.027*[#  10]+0.016*[#   5]+0.016*[#   9]
          +0.001*[#   1]+0.001*[#   3]
    |psi|^2 = 0.975
==== e(   7) =     3.74967 eV ==== 
     psi = 0.211*[#   7]+0.211*[#   8]+0.211*[#  11]+0.211*[#  12]+0.027*[#   2]
          +0.027*[#   4]+0.024*[#   5]+0.024*[#   9]+0.017*[#   6]+0.017*[#  10]
          +0.001*[#   1]+0.001*[#   3]
    |psi|^2 = 0.981
==== e(   8) =     4.21665 eV ==== 
     psi = 0.239*[#   7]+0.239*[#   8]+0.239*[#  11]+0.239*[#  12]
    |psi|^2 = 0.957
==== e(   9) =     5.48274 eV ==== 
     psi = 0.465*[#   6]+0.465*[#  10]+0.010*[#   7]+0.010*[#   8]+0.010*[#  11]
          +0.010*[#  12]
    |psi|^2 = 0.973
==== e(  10) =     5.57435 eV ==== 
     psi = 0.244*[#   7]+0.244*[#   8]+0.244*[#  11]+0.244*[#  12]
    |psi|^2 = 0.976
==== e(  11) =    15.19083 eV ==== 
     psi = 0.223*[#   2]+0.223*[#   4]+0.104*[#   5]+0.104*[#   9]+0.020*[#   7]
          +0.020*[#   8]+0.020*[#  11]+0.020*[#  12]+0.003*[#   6]+0.003*[#  10]
          
    |psi|^2 = 0.739
==== e(  12) =    17.99109 eV ==== 
     psi = 0.097*[#   2]+0.097*[#   4]+0.022*[#   6]+0.022*[#  10]+0.010*[#   5]
          +0.010*[#   9]+0.002*[#   7]+0.002*[#   8]+0.002*[#  11]+0.002*[#  12]
          
    |psi|^2 = 0.268
==== e(  13) =    19.05198 eV ==== 
     psi = 0.074*[#   2]+0.074*[#   4]+0.018*[#   5]+0.018*[#   9]+0.008*[#   6]
          +0.008*[#  10]+0.005*[#   7]+0.005*[#   8]+0.005*[#  11]+0.005*[#  12]
          
    |psi|^2 = 0.220
==== e(  14) =    20.94022 eV ==== 
     psi = 0.096*[#   2]+0.096*[#   4]+0.013*[#   7]+0.013*[#   8]+0.013*[#  11]
          +0.013*[#  12]+0.011*[#   5]+0.011*[#   9]+0.003*[#   6]+0.003*[#  10]
          
    |psi|^2 = 0.272

 k =   0.0000000000  0.2886751346  0.1231998600
==== e(   1) =   -90.49968 eV ==== 
     psi = 0.496*[#   1]+0.496*[#   3]+0.001*[#   2]+0.001*[#   4]
    |psi|^2 = 1.000
==== e(   2) =   -90.49820 eV ==== 
     psi = 0.495*[#   1]+0.495*[#   3]+0.002*[#   6]+0.002*[#  10]
    |psi|^2 = 1.000
==== e(   3) =   -11.67419 eV ==== 
     psi = 0.336*[#   5]+0.336*[#   9]+0.157*[#   2]+0.157*[#   4]+0.002*[#   1]
          +0.002*[#   3]+0.002*[#   7]+0.002*[#   8]+0.002*[#  11]+0.002*[#  12]
          
    |psi|^2 = 0.997
==== e(   4) =   -10.54085 eV ==== 
     psi = 0.457*[#   5]+0.457*[#   9]+0.035*[#   2]+0.035*[#   4]+0.002*[#   6]
          +0.002*[#  10]
    |psi|^2 = 0.992
==== e(   5) =     1.07683 eV ==== 
     psi = 0.381*[#   6]+0.381*[#  10]+0.036*[#   2]+0.036*[#   4]+0.027*[#   7]
          +0.027*[#   8]+0.027*[#  11]+0.027*[#  12]+0.010*[#   5]+0.010*[#   9]
          
    |psi|^2 = 0.965
==== e(   6) =     2.93675 eV ==== 
     psi = 0.187*[#   7]+0.187*[#   8]+0.187*[#  11]+0.187*[#  12]+0.054*[#   6]
          +0.054*[#  10]+0.035*[#   2]+0.035*[#   4]+0.023*[#   5]+0.023*[#   9]
          +0.001*[#   1]+0.001*[#   3]
    |psi|^2 = 0.972
==== e(   7) =     3.58111 eV ==== 
     psi = 0.194*[#   7]+0.194*[#   8]+0.194*[#  11]+0.194*[#  12]+0.057*[#   6]
          +0.057*[#  10]+0.025*[#   2]+0.025*[#   4]+0.017*[#   5]+0.017*[#   9]
          +0.001*[#   1]+0.001*[#   3]
    |psi|^2 = 0.977
==== e(   8) =     4.30676 eV ==== 
     psi = 0.239*[#   7]+0.239*[#   8]+0.239*[#  11]+0.239*[#  12]
    |psi|^2 = 0.957
==== e(   9) =     5.35831 eV ==== 
     psi = 0.418*[#   6]+0.418*[#  10]+0.034*[#   7]+0.034*[#   8]+0.034*[#  11]
          +0.034*[#  12]
    |psi|^2 = 0.973
==== e(  10) =     5.45947 eV ==== 
     psi = 0.243*[#   7]+0.243*[#   8]+0.243*[#  11]+0.243*[#  12]
    |psi|^2 = 0.974
==== e(  11) =    15.18427 eV ==== 
     psi = 0.216*[#   2]+0.216*[#   4]+0.094*[#   5]+0.094*[#   9]+0.016*[#   7]
          +0.016*[#   8]+0.016*[#  11]+0.016*[#  12]+0.007*[#   6]+0.007*[#  10]
          
    |psi|^2 = 0.699
==== e(  12) =    17.46702 eV ==== 
     psi = 0.123*[#   2]+0.123*[#   4]+0.024*[#   6]+0.024*[#  10]+0.014*[#   5]
          +0.014*[#   9]+0.002*[#   7]+0.002*[#   8]+0.002*[#  11]+0.002*[#  12]
          
    |psi|^2 = 0.329
==== e(  13) =    19.41505 eV ==== 
     psi = 0.065*[#   2]+0.065*[#   4]+0.018*[#   5]+0.018*[#   9]+0.008*[#   6]
          +0.008*[#  10]+0.007*[#   7]+0.007*[#   8]+0.007*[#  11]+0.007*[#  12]
          
    |psi|^2 = 0.211
==== e(  14) =    20.79788 eV ==== 
     psi = 0.101*[#   2]+0.101*[#   4]+0.012*[#   7]+0.012*[#   8]+0.012*[#  11]
          +0.012*[#  12]+0.011*[#   5]+0.011*[#   9]+0.004*[#   6]+0.004*[#  10]
          
    |psi|^2 = 0.279

 k =   0.0000000000  0.2886751346  0.1847997900
==== e(   1) =   -90.49948 eV ==== 
     psi = 0.497*[#   1]+0.497*[#   3]
    |psi|^2 = 1.000
==== e(   2) =   -90.49840 eV ==== 
     psi = 0.496*[#   1]+0.496*[#   3]+0.002*[#   6]+0.002*[#  10]
    |psi|^2 = 1.000
==== e(   3) =   -11.54006 eV ==== 
     psi = 0.349*[#   5]+0.349*[#   9]+0.144*[#   2]+0.144*[#   4]+0.002*[#   1]
          +0.002*[#   3]+0.002*[#   7]+0.002*[#   8]+0.002*[#  11]+0.002*[#  12]
          +0.001*[#   6]+0.001*[#  10]
    |psi|^2 = 0.997
==== e(   4) =   -10.72115 eV ==== 
     psi = 0.436*[#   5]+0.436*[#   9]+0.055*[#   2]+0.055*[#   4]+0.003*[#   6]
          +0.003*[#  10]
    |psi|^2 = 0.993
==== e(   5) =     1.40878 eV ==== 
     psi = 0.333*[#   6]+0.333*[#  10]+0.045*[#   7]+0.045*[#   8]+0.045*[#  11]
          +0.045*[#  12]+0.043*[#   2]+0.043*[#   4]+0.019*[#   5]+0.019*[#   9]
          +0.001*[#   1]+0.001*[#   3]
    |psi|^2 = 0.971
==== e(   6) =     2.90473 eV ==== 
     psi = 0.158*[#   7]+0.158*[#   8]+0.158*[#  11]+0.158*[#  12]+0.099*[#   6]
          +0.099*[#  10]+0.038*[#   2]+0.038*[#   4]+0.036*[#   5]+0.036*[#   9]
          +0.002*[#   1]+0.002*[#   3]
    |psi|^2 = 0.978
==== e(   7) =     3.56766 eV ==== 
     psi = 0.179*[#   7]+0.179*[#   8]+0.179*[#  11]+0.179*[#  12]+0.105*[#   6]
          +0.105*[#  10]+0.014*[#   2]+0.014*[#   4]+0.003*[#   5]+0.003*[#   9]
          
    |psi|^2 = 0.964
==== e(   8) =     4.45018 eV ==== 
     psi = 0.240*[#   7]+0.240*[#   8]+0.240*[#  11]+0.240*[#  12]
    |psi|^2 = 0.959
==== e(   9) =     5.10865 eV ==== 
     psi = 0.358*[#   6]+0.358*[#  10]+0.063*[#   7]+0.063*[#   8]+0.063*[#  11]
          +0.063*[#  12]
    |psi|^2 = 0.970
==== e(  10) =     5.28570 eV ==== 
     psi = 0.243*[#   7]+0.243*[#   8]+0.243*[#  11]+0.243*[#  12]
    |psi|^2 = 0.970
==== e(  11) =    15.26744 eV ==== 
     psi = 0.207*[#   2]+0.207*[#   4]+0.080*[#   5]+0.080*[#   9]+0.015*[#   6]
          +0.015*[#  10]+0.012*[#   7]+0.012*[#   8]+0.012*[#  11]+0.012*[#  12]
          
    |psi|^2 = 0.649
==== e(  12) =    16.91325 eV ==== 
     psi = 0.149*[#   2]+0.149*[#   4]+0.027*[#   6]+0.027*[#  10]+0.022*[#   5]
          +0.022*[#   9]+0.002*[#   7]+0.002*[#   8]+0.002*[#  11]+0.002*[#  12]
          
    |psi|^2 = 0.405
==== e(  13) =    19.67001 eV ==== 
     psi = 0.058*[#   2]+0.058*[#   4]+0.016*[#   5]+0.016*[#   9]+0.008*[#   7]
          +0.008*[#   8]+0.008*[#  11]+0.008*[#  12]+0.007*[#   6]+0.007*[#  10]
          
    |psi|^2 = 0.193
==== e(  14) =    20.54255 eV ==== 
     psi = 0.085*[#   2]+0.085*[#   4]+0.010*[#   7]+0.010*[#   8]+0.010*[#  11]
          +0.010*[#  12]+0.010*[#   5]+0.010*[#   9]+0.004*[#   6]+0.004*[#  10]
          
    |psi|^2 = 0.239

 k =   0.0000000000  0.2886751346  0.2463997200
==== e(   1) =   -90.49922 eV ==== 
     psi = 0.497*[#   1]+0.497*[#   3]
    |psi|^2 = 1.000
==== e(   2) =   -90.49866 eV ==== 
     psi = 0.496*[#   1]+0.496*[#   3]+0.002*[#   6]+0.002*[#  10]
    |psi|^2 = 1.000
==== e(   3) =   -11.36326 eV ==== 
     psi = 0.367*[#   5]+0.367*[#   9]+0.125*[#   2]+0.125*[#   4]+0.002*[#   6]
          +0.002*[#  10]+0.001*[#   7]+0.001*[#   8]+0.001*[#  11]+0.001*[#  12]
          +0.001*[#   1]+0.001*[#   3]
    |psi|^2 = 0.996
==== e(   4) =   -10.93460 eV ==== 
     psi = 0.413*[#   5]+0.413*[#   9]+0.079*[#   2]+0.079*[#   4]+0.003*[#   6]
          +0.003*[#  10]+0.001*[#   7]+0.001*[#   8]+0.001*[#  11]+0.001*[#  12]
          
    |psi|^2 = 0.995
==== e(   5) =     1.80105 eV ==== 
     psi = 0.273*[#   6]+0.273*[#  10]+0.071*[#   7]+0.071*[#   8]+0.071*[#  11]
          +0.071*[#  12]+0.046*[#   2]+0.046*[#   4]+0.027*[#   5]+0.027*[#   9]
          +0.001*[#   1]+0.001*[#   3]
    |psi|^2 = 0.977
==== e(   6) =     2.60365 eV ==== 
     psi = 0.153*[#   6]+0.153*[#  10]+0.129*[#   7]+0.129*[#   8]+0.129*[#  11]
          +0.129*[#  12]+0.042*[#   2]+0.042*[#   4]+0.037*[#   5]+0.037*[#   9]
          +0.002*[#   1]+0.002*[#   3]
    |psi|^2 = 0.980
==== e(   7) =     3.86907 eV ==== 
     psi = 0.162*[#   6]+0.162*[#  10]+0.154*[#   7]+0.154*[#   8]+0.154*[#  11]
          +0.154*[#  12]+0.007*[#   2]+0.007*[#   4]
    |psi|^2 = 0.958
==== e(   8) =     4.63654 eV ==== 
     psi = 0.240*[#   7]+0.240*[#   8]+0.240*[#  11]+0.240*[#  12]
    |psi|^2 = 0.961
==== e(   9) =     4.73765 eV ==== 
     psi = 0.294*[#   6]+0.294*[#  10]+0.093*[#   7]+0.093*[#   8]+0.093*[#  11]
          +0.093*[#  12]+0.001*[#   2]+0.001*[#   4]+0.001*[#   5]+0.001*[#   9]
          
    |psi|^2 = 0.964
==== e(  10) =     5.07497 eV ==== 
     psi = 0.242*[#   7]+0.242*[#   8]+0.242*[#  11]+0.242*[#  12]
    |psi|^2 = 0.967
==== e(  11) =    15.49639 eV ==== 
     psi = 0.197*[#   2]+0.197*[#   4]+0.063*[#   5]+0.063*[#   9]+0.022*[#   6]
          +0.022*[#  10]+0.008*[#   7]+0.008*[#   8]+0.008*[#  11]+0.008*[#  12]
          
    |psi|^2 = 0.597
==== e(  12) =    16.36515 eV ==== 
     psi = 0.170*[#   2]+0.170*[#   4]+0.033*[#   5]+0.033*[#   9]+0.029*[#   6]
          +0.029*[#  10]+0.003*[#   7]+0.003*[#   8]+0.003*[#  11]+0.003*[#  12]
          
    |psi|^2 = 0.477
==== e(  13) =    19.85935 eV ==== 
     psi = 0.055*[#   2]+0.055*[#   4]+0.013*[#   5]+0.013*[#   9]+0.009*[#   7]
          +0.009*[#   8]+0.009*[#  11]+0.009*[#  12]+0.005*[#   6]+0.005*[#  10]
          
    |psi|^2 = 0.182
==== e(  14) =    20.27799 eV ==== 
     psi = 0.068*[#   2]+0.068*[#   4]+0.011*[#   5]+0.011*[#   9]+0.009*[#   7]
          +0.009*[#   8]+0.009*[#  11]+0.009*[#  12]+0.004*[#   6]+0.004*[#  10]
          
    |psi|^2 = 0.204

 k =   0.0000000000  0.2886751346 -0.3079996500
==== e(   1) =   -90.49894 eV ==== 
     psi = 0.497*[#   1]+0.497*[#   3]+0.001*[#   6]+0.001*[#  10]
    |psi|^2 = 1.000
==== e(   2) =   -90.49893 eV ==== 
     psi = 0.497*[#   1]+0.497*[#   3]+0.001*[#   6]+0.001*[#  10]
    |psi|^2 = 1.000
==== e(   3) =   -11.15585 eV ==== 
     psi = 0.389*[#   5]+0.389*[#   9]+0.103*[#   2]+0.103*[#   4]+0.003*[#   6]
          +0.003*[#  10]+0.001*[#   7]+0.001*[#   8]+0.001*[#  11]+0.001*[#  12]
          
    |psi|^2 = 0.996
==== e(   4) =   -11.15585 eV ==== 
     psi = 0.389*[#   5]+0.389*[#   9]+0.103*[#   2]+0.103*[#   4]+0.003*[#   6]
          +0.003*[#  10]+0.001*[#   7]+0.001*[#   8]+0.001*[#  11]+0.001*[#  12]
          
    |psi|^2 = 0.996
==== e(   5) =     2.21166 eV ==== 
     psi = 0.211*[#   6]+0.211*[#  10]+0.100*[#   7]+0.100*[#   8]+0.100*[#  11]
          +0.100*[#  12]+0.045*[#   2]+0.045*[#   4]+0.033*[#   5]+0.033*[#   9]
          +0.002*[#   1]+0.002*[#   3]
    |psi|^2 = 0.980
==== e(   6) =     2.21166 eV ==== 
     psi = 0.211*[#   6]+0.211*[#  10]+0.100*[#   7]+0.100*[#   8]+0.100*[#  11]
          +0.100*[#  12]+0.045*[#   2]+0.045*[#   4]+0.033*[#   5]+0.033*[#   9]
          +0.002*[#   1]+0.002*[#   3]
    |psi|^2 = 0.980
==== e(   7) =     4.29722 eV ==== 
     psi = 0.227*[#   6]+0.227*[#  10]+0.124*[#   7]+0.124*[#   8]+0.124*[#  11]
          +0.124*[#  12]+0.003*[#   2]+0.003*[#   4]
    |psi|^2 = 0.959
==== e(   8) =     4.29722 eV ==== 
     psi = 0.227*[#   6]+0.227*[#  10]+0.124*[#   7]+0.124*[#   8]+0.124*[#  11]
          +0.124*[#  12]+0.003*[#   2]+0.003*[#   4]
    |psi|^2 = 0.959
==== e(   9) =     4.85113 eV ==== 
     psi = 0.241*[#   7]+0.241*[#   8]+0.241*[#  11]+0.241*[#  12]
    |psi|^2 = 0.963
==== e(  10) =     4.85113 eV ==== 
     psi = 0.241*[#   7]+0.241*[#   8]+0.241*[#  11]+0.241*[#  12]
    |psi|^2 = 0.963
==== e(  11) =    15.87463 eV ==== 
     psi = 0.185*[#   2]+0.185*[#   4]+0.047*[#   5]+0.047*[#   9]+0.027*[#   6]
          +0.027*[#  10]+0.005*[#   7]+0.005*[#   8]+0.005*[#  11]+0.005*[#  12]
          
    |psi|^2 = 0.541
==== e(  12) =    15.87463 eV ==== 
     psi = 0.185*[#   2]+0.185*[#   4]+0.047*[#   5]+0.047*[#   9]+0.027*[#   6]
          +0.027*[#  10]+0.005*[#   7]+0.005*[#   8]+0.005*[#  11]+0.005*[#  12]
          
    |psi|^2 = 0.541
==== e(  13) =    20.05052 eV ==== 
     psi = 0.058*[#   2]+0.058*[#   4]+0.012*[#   5]+0.012*[#   9]+0.009*[#   7]
          +0.009*[#   8]+0.009*[#  11]+0.009*[#  12]+0.004*[#   6]+0.004*[#  10]
          
    |psi|^2 = 0.185
==== e(  14) =    20.05052 eV ==== 
     psi = 0.058*[#   2]+0.058*[#   4]+0.012*[#   5]+0.012*[#   9]+0.009*[#   7]
          +0.009*[#   8]+0.009*[#  11]+0.009*[#  12]+0.004*[#   6]+0.004*[#  10]
          
    |psi|^2 = 0.185

 k =   0.0000000000  0.3464101615  0.0000000000
==== e(   1) =   -90.49949 eV ==== 
     psi = 0.497*[#   1]+0.497*[#   3]
    |psi|^2 = 1.000
==== e(   2) =   -90.49790 eV ==== 
     psi = 0.494*[#   1]+0.494*[#   3]+0.002*[#   2]+0.002*[#   4]+0.002*[#   6]
          +0.002*[#  10]
    |psi|^2 = 1.000
==== e(   3) =   -11.53371 eV ==== 
     psi = 0.349*[#   5]+0.349*[#   9]+0.143*[#   2]+0.143*[#   4]+0.002*[#   7]
          +0.002*[#   8]+0.002*[#  11]+0.002*[#  12]+0.002*[#   1]+0.002*[#   3]
          
    |psi|^2 = 0.997
==== e(   4) =   -10.29491 eV ==== 
     psi = 0.484*[#   5]+0.484*[#   9]+0.010*[#   2]+0.010*[#   4]
    |psi|^2 = 0.990
==== e(   5) =     1.01506 eV ==== 
     psi = 0.368*[#   6]+0.368*[#  10]+0.046*[#   7]+0.046*[#   8]+0.046*[#  11]
          +0.046*[#  12]+0.011*[#   2]+0.011*[#   4]+0.002*[#   5]+0.002*[#   9]
          
    |psi|^2 = 0.948
==== e(   6) =     2.24444 eV ==== 
     psi = 0.169*[#   7]+0.169*[#   8]+0.169*[#  11]+0.169*[#  12]+0.077*[#   6]
          +0.077*[#  10]+0.062*[#   2]+0.062*[#   4]+0.014*[#   5]+0.014*[#   9]
          +0.001*[#   1]+0.001*[#   3]
    |psi|^2 = 0.987
==== e(   7) =     3.26539 eV ==== 
     psi = 0.217*[#   7]+0.217*[#   8]+0.217*[#  11]+0.217*[#  12]+0.032*[#   2]
          +0.032*[#   4]+0.022*[#   5]+0.022*[#   9]+0.001*[#   1]+0.001*[#   3]
          
    |psi|^2 = 0.982
==== e(   8) =     3.95257 eV ==== 
     psi = 0.239*[#   7]+0.239*[#   8]+0.239*[#  11]+0.239*[#  12]
    |psi|^2 = 0.955
==== e(   9) =     5.25509 eV ==== 
     psi = 0.482*[#   6]+0.482*[#  10]
    |psi|^2 = 0.966
==== e(  10) =     5.47449 eV ==== 
     psi = 0.244*[#   7]+0.244*[#   8]+0.244*[#  11]+0.244*[#  12]
    |psi|^2 = 0.975
==== e(  11) =    15.50759 eV ==== 
     psi = 0.190*[#   2]+0.190*[#   4]+0.073*[#   5]+0.073*[#   9]+0.017*[#   7]
          +0.017*[#   8]+0.017*[#  11]+0.017*[#  12]+0.003*[#   6]+0.003*[#  10]
          
    |psi|^2 = 0.600
==== e(  12) =    17.72795 eV ==== 
     psi = 0.074*[#   2]+0.074*[#   4]+0.022*[#   6]+0.022*[#  10]+0.005*[#   5]
          +0.005*[#   9]+0.002*[#   7]+0.002*[#   8]+0.002*[#  11]+0.002*[#  12]
          
    |psi|^2 = 0.211
==== e(  13) =    18.74971 eV ==== 
     psi = 0.091*[#   2]+0.091*[#   4]+0.031*[#   5]+0.031*[#   9]+0.008*[#   7]
          +0.008*[#   8]+0.008*[#  11]+0.008*[#  12]+0.002*[#   6]+0.002*[#  10]
          
    |psi|^2 = 0.282
==== e(  14) =    21.29899 eV ==== 
     psi = 0.104*[#   2]+0.104*[#   4]+0.014*[#   7]+0.014*[#   8]+0.014*[#  11]
          +0.014*[#  12]+0.007*[#   5]+0.007*[#   9]+0.002*[#   6]+0.002*[#  10]
          
    |psi|^2 = 0.285

 k =   0.0000000000  0.3464101615  0.0615999300
==== e(   1) =   -90.49945 eV ==== 
     psi = 0.497*[#   1]+0.497*[#   3]
    |psi|^2 = 1.000
==== e(   2) =   -90.49794 eV ==== 
     psi = 0.494*[#   1]+0.494*[#   3]+0.002*[#   2]+0.002*[#   4]+0.002*[#   6]
          +0.002*[#  10]
    |psi|^2 = 1.000
==== e(   3) =   -11.50819 eV ==== 
     psi = 0.352*[#   5]+0.352*[#   9]+0.141*[#   2]+0.141*[#   4]+0.002*[#   7]
          +0.002*[#   8]+0.002*[#  11]+0.002*[#  12]+0.001*[#   1]+0.001*[#   3]
          
    |psi|^2 = 0.997
==== e(   4) =   -10.33154 eV ==== 
     psi = 0.480*[#   5]+0.480*[#   9]+0.013*[#   2]+0.013*[#   4]
    |psi|^2 = 0.990
==== e(   5) =     1.04449 eV ==== 
     psi = 0.345*[#   6]+0.345*[#  10]+0.054*[#   7]+0.054*[#   8]+0.054*[#  11]
          +0.054*[#  12]+0.018*[#   2]+0.018*[#   4]+0.004*[#   5]+0.004*[#   9]
          
    |psi|^2 = 0.953
==== e(   6) =     2.32009 eV ==== 
     psi = 0.162*[#   7]+0.162*[#   8]+0.162*[#  11]+0.162*[#  12]+0.094*[#   6]
          +0.094*[#  10]+0.055*[#   2]+0.055*[#   4]+0.016*[#   5]+0.016*[#   9]
          +0.001*[#   1]+0.001*[#   3]
    |psi|^2 = 0.982
==== e(   7) =     3.19918 eV ==== 
     psi = 0.209*[#   7]+0.209*[#   8]+0.209*[#  11]+0.209*[#  12]+0.031*[#   2]
          +0.031*[#   4]+0.020*[#   5]+0.020*[#   9]+0.019*[#   6]+0.019*[#  10]
          +0.001*[#   1]+0.001*[#   3]
    |psi|^2 = 0.980
==== e(   8) =     3.98489 eV ==== 
     psi = 0.239*[#   7]+0.239*[#   8]+0.239*[#  11]+0.239*[#  12]
    |psi|^2 = 0.955
==== e(   9) =     5.24904 eV ==== 
     psi = 0.466*[#   6]+0.466*[#  10]+0.009*[#   7]+0.009*[#   8]+0.009*[#  11]
          +0.009*[#  12]
    |psi|^2 = 0.967
==== e(  10) =     5.43102 eV ==== 
     psi = 0.243*[#   7]+0.243*[#   8]+0.243*[#  11]+0.243*[#  12]
    |psi|^2 = 0.974
==== e(  11) =    15.44559 eV ==== 
     psi = 0.188*[#   2]+0.188*[#   4]+0.071*[#   5]+0.071*[#   9]+0.016*[#   7]
          +0.016*[#   8]+0.016*[#  11]+0.016*[#  12]+0.003*[#   6]+0.003*[#  10]
          
    |psi|^2 = 0.588
==== e(  12) =    17.48504 eV ==== 
     psi = 0.077*[#   2]+0.077*[#   4]+0.019*[#   6]+0.019*[#  10]+0.007*[#   5]
          +0.007*[#   9]+0.002*[#   7]+0.002*[#   8]+0.002*[#  11]+0.002*[#  12]
          
    |psi|^2 = 0.215
==== e(  13) =    19.01170 eV ==== 
     psi = 0.093*[#   2]+0.093*[#   4]+0.028*[#   5]+0.028*[#   9]+0.009*[#   7]
          +0.009*[#   8]+0.009*[#  11]+0.009*[#  12]+0.006*[#   6]+0.006*[#  10]
          
    |psi|^2 = 0.291
==== e(  14) =    21.29233 eV ==== 
     psi = 0.112*[#   2]+0.112*[#   4]+0.015*[#   7]+0.015*[#   8]+0.015*[#  11]
          +0.015*[#  12]+0.008*[#   5]+0.008*[#   9]+0.003*[#   6]+0.003*[#  10]
          
    |psi|^2 = 0.306

 k =   0.0000000000  0.3464101615  0.1231998600
==== e(   1) =   -90.49934 eV ==== 
     psi = 0.497*[#   1]+0.497*[#   3]
    |psi|^2 = 1.000
==== e(   2) =   -90.49806 eV ==== 
     psi = 0.495*[#   1]+0.495*[#   3]+0.002*[#   6]+0.002*[#  10]+0.001*[#   2]
          +0.001*[#   4]
    |psi|^2 = 1.000
==== e(   3) =   -11.43308 eV ==== 
     psi = 0.360*[#   5]+0.360*[#   9]+0.133*[#   2]+0.133*[#   4]+0.002*[#   7]
          +0.002*[#   8]+0.002*[#  11]+0.002*[#  12]+0.001*[#   1]+0.001*[#   3]
          
    |psi|^2 = 0.997
==== e(   4) =   -10.43550 eV ==== 
     psi = 0.469*[#   5]+0.469*[#   9]+0.024*[#   2]+0.024*[#   4]+0.002*[#   6]
          +0.002*[#  10]
    |psi|^2 = 0.991
==== e(   5) =     1.13614 eV ==== 
     psi = 0.291*[#   6]+0.291*[#  10]+0.074*[#   7]+0.074*[#   8]+0.074*[#  11]
          +0.074*[#  12]+0.032*[#   2]+0.032*[#   4]+0.009*[#   5]+0.009*[#   9]
          
    |psi|^2 = 0.963
==== e(   6) =     2.46110 eV ==== 
     psi = 0.153*[#   7]+0.153*[#   8]+0.153*[#  11]+0.153*[#  12]+0.111*[#   6]
          +0.111*[#  10]+0.045*[#   2]+0.045*[#   4]+0.025*[#   5]+0.025*[#   9]
          +0.001*[#   1]+0.001*[#   3]
    |psi|^2 = 0.977
==== e(   7) =     3.10420 eV ==== 
     psi = 0.183*[#   7]+0.183*[#   8]+0.183*[#  11]+0.183*[#  12]+0.084*[#   6]
          +0.084*[#  10]+0.027*[#   2]+0.027*[#   4]+0.009*[#   5]+0.009*[#   9]
          +0.001*[#   1]+0.001*[#   3]
    |psi|^2 = 0.973
==== e(   8) =     4.07981 eV ==== 
     psi = 0.239*[#   7]+0.239*[#   8]+0.239*[#  11]+0.239*[#  12]
    |psi|^2 = 0.955
==== e(   9) =     5.19243 eV ==== 
     psi = 0.430*[#   6]+0.430*[#  10]+0.027*[#   7]+0.027*[#   8]+0.027*[#  11]
          +0.027*[#  12]
    |psi|^2 = 0.970
==== e(  10) =     5.30709 eV ==== 
     psi = 0.243*[#   7]+0.243*[#   8]+0.243*[#  11]+0.243*[#  12]
    |psi|^2 = 0.971
==== e(  11) =    15.32325 eV ==== 
     psi = 0.182*[#   2]+0.182*[#   4]+0.065*[#   5]+0.065*[#   9]+0.013*[#   7]
          +0.013*[#   8]+0.013*[#  11]+0.013*[#  12]+0.005*[#   6]+0.005*[#  10]
          
    |psi|^2 = 0.556
==== e(  12) =    17.04743 eV ==== 
     psi = 0.089*[#   2]+0.089*[#   4]+0.019*[#   6]+0.019*[#  10]+0.010*[#   5]
          +0.010*[#   9]+0.002*[#   7]+0.002*[#   8]+0.002*[#  11]+0.002*[#  12]
          
    |psi|^2 = 0.243
==== e(  13) =    19.42591 eV ==== 
     psi = 0.090*[#   2]+0.090*[#   4]+0.024*[#   5]+0.024*[#   9]+0.010*[#   7]
          +0.010*[#   8]+0.010*[#  11]+0.010*[#  12]+0.009*[#   6]+0.009*[#  10]
          
    |psi|^2 = 0.288
==== e(  14) =    21.20253 eV ==== 
     psi = 0.132*[#   2]+0.132*[#   4]+0.015*[#   7]+0.015*[#   8]+0.015*[#  11]
          +0.015*[#  12]+0.009*[#   5]+0.009*[#   9]+0.004*[#   6]+0.004*[#  10]
          +0.001*[#   1]+0.001*[#   3]
    |psi|^2 = 0.353

 k =   0.0000000000  0.3464101615  0.1847997900
==== e(   1) =   -90.49916 eV ==== 
     psi = 0.497*[#   1]+0.497*[#   3]
    |psi|^2 = 1.000
==== e(   2) =   -90.49823 eV ==== 
     psi = 0.495*[#   1]+0.495*[#   3]+0.002*[#   6]+0.002*[#  10]
    |psi|^2 = 1.000
==== e(   3) =   -11.31280 eV ==== 
     psi = 0.373*[#   5]+0.373*[#   9]+0.119*[#   2]+0.119*[#   4]+0.002*[#   7]
          +0.002*[#   8]+0.002*[#  11]+0.002*[#  12]+0.001*[#   6]+0.001*[#  10]
          +0.001*[#   1]+0.001*[#   3]
    |psi|^2 = 0.996
==== e(   4) =   -10.59095 eV ==== 
     psi = 0.452*[#   5]+0.452*[#   9]+0.040*[#   2]+0.040*[#   4]+0.002*[#   6]
          +0.002*[#  10]
    |psi|^2 = 0.992
==== e(   5) =     1.29420 eV ==== 
     psi = 0.233*[#   6]+0.233*[#  10]+0.096*[#   7]+0.096*[#   8]+0.096*[#  11]
          +0.096*[#  12]+0.044*[#   2]+0.044*[#   4]+0.015*[#   5]+0.015*[#   9]
          +0.001*[#   1]+0.001*[#   3]
    |psi|^2 = 0.972
==== e(   6) =     2.37423 eV ==== 
     psi = 0.158*[#   7]+0.158*[#   8]+0.158*[#  11]+0.158*[#  12]+0.097*[#   6]
          +0.097*[#  10]+0.043*[#   2]+0.043*[#   4]+0.032*[#   5]+0.032*[#   9]
          +0.002*[#   1]+0.002*[#   3]
    |psi|^2 = 0.979
==== e(   7) =     3.29844 eV ==== 
     psi = 0.187*[#   6]+0.187*[#  10]+0.138*[#   7]+0.138*[#   8]+0.138*[#  11]
          +0.138*[#  12]+0.016*[#   2]+0.016*[#   4]+0.001*[#   5]+0.001*[#   9]
          
    |psi|^2 = 0.962
==== e(   8) =     4.23114 eV ==== 
     psi = 0.239*[#   7]+0.239*[#   8]+0.239*[#  11]+0.239*[#  12]
    |psi|^2 = 0.957
==== e(   9) =     5.01688 eV ==== 
     psi = 0.388*[#   6]+0.388*[#  10]+0.048*[#   7]+0.048*[#   8]+0.048*[#  11]
          +0.048*[#  12]
    |psi|^2 = 0.969
==== e(  10) =     5.12026 eV ==== 
     psi = 0.242*[#   7]+0.242*[#   8]+0.242*[#  11]+0.242*[#  12]
    |psi|^2 = 0.968
==== e(  11) =    15.27073 eV ==== 
     psi = 0.174*[#   2]+0.174*[#   4]+0.055*[#   5]+0.055*[#   9]+0.009*[#   7]
          +0.009*[#   8]+0.009*[#  11]+0.009*[#  12]+0.009*[#   6]+0.009*[#  10]
          
    |psi|^2 = 0.512
==== e(  12) =    16.56919 eV ==== 
     psi = 0.109*[#   2]+0.109*[#   4]+0.020*[#   6]+0.020*[#  10]+0.014*[#   5]
          +0.014*[#   9]+0.002*[#   7]+0.002*[#   8]+0.002*[#  11]+0.002*[#  12]
          
    |psi|^2 = 0.296
==== e(  13) =    19.73689 eV ==== 
     psi = 0.080*[#   2]+0.080*[#   4]+0.018*[#   5]+0.018*[#   9]+0.011*[#   7]
          +0.011*[#   8]+0.011*[#  11]+0.011*[#  12]+0.008*[#   6]+0.008*[#  10]
          
    |psi|^2 = 0.253
==== e(  14) =    20.89185 eV ==== 
     psi = 0.108*[#   2]+0.108*[#   4]+0.012*[#   7]+0.012*[#   8]+0.012*[#  11]
          +0.012*[#  12]+0.009*[#   5]+0.009*[#   9]+0.004*[#   6]+0.004*[#  10]
          
    |psi|^2 = 0.291

 k =   0.0000000000  0.3464101615  0.2463997200
==== e(   1) =   -90.49894 eV ==== 
     psi = 0.497*[#   1]+0.497*[#   3]
    |psi|^2 = 1.000
==== e(   2) =   -90.49845 eV ==== 
     psi = 0.496*[#   1]+0.496*[#   3]+0.002*[#   6]+0.002*[#  10]
    |psi|^2 = 1.000
==== e(   3) =   -11.15504 eV ==== 
     psi = 0.390*[#   5]+0.390*[#   9]+0.102*[#   2]+0.102*[#   4]+0.002*[#   6]
          +0.002*[#  10]+0.002*[#   7]+0.002*[#   8]+0.002*[#  11]+0.002*[#  12]
          
    |psi|^2 = 0.996
==== e(   4) =   -10.77677 eV ==== 
     psi = 0.432*[#   5]+0.432*[#   9]+0.060*[#   2]+0.060*[#   4]+0.003*[#   6]
          +0.003*[#  10]+0.001*[#   7]+0.001*[#   8]+0.001*[#  11]+0.001*[#  12]
          
    |psi|^2 = 0.993
==== e(   5) =     1.51622 eV ==== 
     psi = 0.184*[#   6]+0.184*[#  10]+0.117*[#   7]+0.117*[#   8]+0.117*[#  11]
          +0.117*[#  12]+0.048*[#   2]+0.048*[#   4]+0.021*[#   5]+0.021*[#   9]
          +0.001*[#   1]+0.001*[#   3]
    |psi|^2 = 0.977
==== e(   6) =     2.09522 eV ==== 
     psi = 0.149*[#   7]+0.149*[#   8]+0.149*[#  11]+0.149*[#  12]+0.114*[#   6]
          +0.114*[#  10]+0.046*[#   2]+0.046*[#   4]+0.030*[#   5]+0.030*[#   9]
          +0.002*[#   1]+0.002*[#   3]
    |psi|^2 = 0.979
==== e(   7) =     3.74452 eV ==== 
     psi = 0.252*[#   6]+0.252*[#  10]+0.109*[#   7]+0.109*[#   8]+0.109*[#  11]
          +0.109*[#  12]+0.008*[#   2]+0.008*[#   4]+0.001*[#   5]+0.001*[#   9]
          
    |psi|^2 = 0.958
==== e(   8) =     4.42830 eV ==== 
     psi = 0.240*[#   7]+0.240*[#   8]+0.240*[#  11]+0.240*[#  12]
    |psi|^2 = 0.958
==== e(   9) =     4.69158 eV ==== 
     psi = 0.345*[#   6]+0.345*[#  10]+0.067*[#   7]+0.067*[#   8]+0.067*[#  11]
          +0.067*[#  12]+0.002*[#   2]+0.002*[#   4]+0.001*[#   5]+0.001*[#   9]
          
    |psi|^2 = 0.966
==== e(  10) =     4.89467 eV ==== 
     psi = 0.241*[#   7]+0.241*[#   8]+0.241*[#  11]+0.241*[#  12]
    |psi|^2 = 0.964
==== e(  11) =    15.38123 eV ==== 
     psi = 0.162*[#   2]+0.162*[#   4]+0.044*[#   5]+0.044*[#   9]+0.014*[#   6]
          +0.014*[#  10]+0.006*[#   7]+0.006*[#   8]+0.006*[#  11]+0.006*[#  12]
          
    |psi|^2 = 0.465
==== e(  12) =    16.08915 eV ==== 
     psi = 0.130*[#   2]+0.130*[#   4]+0.022*[#   5]+0.022*[#   9]+0.021*[#   6]
          +0.021*[#  10]+0.003*[#   7]+0.003*[#   8]+0.003*[#  11]+0.003*[#  12]
          
    |psi|^2 = 0.357
==== e(  13) =    19.97624 eV ==== 
     psi = 0.072*[#   2]+0.072*[#   4]+0.014*[#   5]+0.014*[#   9]+0.010*[#   7]
          +0.010*[#   8]+0.010*[#  11]+0.010*[#  12]+0.006*[#   6]+0.006*[#  10]
          
    |psi|^2 = 0.225
==== e(  14) =    20.54141 eV ==== 
     psi = 0.085*[#   2]+0.085*[#   4]+0.011*[#   7]+0.011*[#   8]+0.011*[#  11]
          +0.011*[#  12]+0.009*[#   5]+0.009*[#   9]+0.004*[#   6]+0.004*[#  10]
          
    |psi|^2 = 0.242

 k =   0.0000000000  0.3464101615 -0.3079996500
==== e(   1) =   -90.49870 eV ==== 
     psi = 0.496*[#   1]+0.496*[#   3]+0.001*[#   6]+0.001*[#  10]
    |psi|^2 = 1.000
==== e(   2) =   -90.49869 eV ==== 
     psi = 0.496*[#   1]+0.496*[#   3]+0.001*[#   6]+0.001*[#  10]
    |psi|^2 = 1.000
==== e(   3) =   -10.97122 eV ==== 
     psi = 0.410*[#   5]+0.410*[#   9]+0.081*[#   2]+0.081*[#   4]+0.003*[#   6]
          +0.003*[#  10]+0.001*[#   7]+0.001*[#   8]+0.001*[#  11]+0.001*[#  12]
          
    |psi|^2 = 0.995
==== e(   4) =   -10.97121 eV ==== 
     psi = 0.410*[#   5]+0.410*[#   9]+0.081*[#   2]+0.081*[#   4]+0.003*[#   6]
          +0.003*[#  10]+0.001*[#   7]+0.001*[#   8]+0.001*[#  11]+0.001*[#  12]
          
    |psi|^2 = 0.995
==== e(   5) =     1.79098 eV ==== 
     psi = 0.145*[#   6]+0.145*[#  10]+0.135*[#   7]+0.135*[#   8]+0.135*[#  11]
          +0.135*[#  12]+0.048*[#   2]+0.048*[#   4]+0.026*[#   5]+0.026*[#   9]
          +0.002*[#   1]+0.002*[#   3]
    |psi|^2 = 0.979
==== e(   6) =     1.79098 eV ==== 
     psi = 0.145*[#   6]+0.145*[#  10]+0.135*[#   7]+0.135*[#   8]+0.135*[#  11]
          +0.135*[#  12]+0.048*[#   2]+0.048*[#   4]+0.026*[#   5]+0.026*[#   9]
          +0.002*[#   1]+0.002*[#   3]
    |psi|^2 = 0.979
==== e(   7) =     4.24388 eV ==== 
     psi = 0.301*[#   6]+0.301*[#  10]+0.087*[#   7]+0.087*[#   8]+0.087*[#  11]
          +0.087*[#  12]+0.004*[#   2]+0.004*[#   4]+0.002*[#   5]+0.002*[#   9]
          
    |psi|^2 = 0.961
==== e(   8) =     4.24388 eV ==== 
     psi = 0.301*[#   6]+0.301*[#  10]+0.087*[#   7]+0.087*[#   8]+0.087*[#  11]
          +0.087*[#  12]+0.004*[#   2]+0.004*[#   4]+0.002*[#   5]+0.002*[#   9]
          
    |psi|^2 = 0.961
==== e(   9) =     4.65609 eV ==== 
     psi = 0.240*[#   7]+0.240*[#   8]+0.240*[#  11]+0.240*[#  12]
    |psi|^2 = 0.961
==== e(  10) =     4.65609 eV ==== 
     psi = 0.240*[#   7]+0.240*[#   8]+0.240*[#  11]+0.240*[#  12]
    |psi|^2 = 0.961
==== e(  11) =    15.66938 eV ==== 
     psi = 0.148*[#   2]+0.148*[#   4]+0.032*[#   5]+0.032*[#   9]+0.019*[#   6]
          +0.019*[#  10]+0.004*[#   7]+0.004*[#   8]+0.004*[#  11]+0.004*[#  12]
          
    |psi|^2 = 0.414
==== e(  12) =    15.66938 eV ==== 
     psi = 0.148*[#   2]+0.148*[#   4]+0.032*[#   5]+0.032*[#   9]+0.019*[#   6]
          +0.019*[#  10]+0.004*[#   7]+0.004*[#   8]+0.004*[#  11]+0.004*[#  12]
          
    |psi|^2 = 0.414
==== e(  13) =    20.23300 eV ==== 
     psi = 0.074*[#   2]+0.074*[#   4]+0.011*[#   5]+0.011*[#   9]+0.010*[#   7]
          +0.010*[#   8]+0.010*[#  11]+0.010*[#  12]+0.005*[#   6]+0.005*[#  10]
          
    |psi|^2 = 0.221
==== e(  14) =    20.23300 eV ==== 
     psi = 0.074*[#   2]+0.074*[#   4]+0.011*[#   5]+0.011*[#   9]+0.010*[#   7]
          +0.010*[#   8]+0.010*[#  11]+0.010*[#  12]+0.005*[#   6]+0.005*[#  10]
          
    |psi|^2 = 0.221

 k =   0.0000000000  0.4041451884  0.0000000000
==== e(   1) =   -90.49914 eV ==== 
     psi = 0.497*[#   1]+0.497*[#   3]+0.001*[#   7]+0.001*[#   8]+0.001*[#  11]
          +0.001*[#  12]
    |psi|^2 = 1.000
==== e(   2) =   -90.49782 eV ==== 
     psi = 0.494*[#   1]+0.494*[#   3]+0.002*[#   2]+0.002*[#   4]+0.002*[#   6]
          +0.002*[#  10]+0.001*[#   7]+0.001*[#   8]+0.001*[#  11]+0.001*[#  12]
          
    |psi|^2 = 1.000
==== e(   3) =   -11.27347 eV ==== 
     psi = 0.377*[#   5]+0.377*[#   9]+0.116*[#   2]+0.116*[#   4]+0.002*[#   7]
          +0.002*[#   8]+0.002*[#  11]+0.002*[#  12]
    |psi|^2 = 0.996
==== e(   4) =   -10.23963 eV ==== 
     psi = 0.490*[#   5]+0.490*[#   9]+0.003*[#   2]+0.003*[#   4]
    |psi|^2 = 0.989
==== e(   5) =     1.01552 eV ==== 
     psi = 0.186*[#   6]+0.186*[#  10]+0.136*[#   7]+0.136*[#   8]+0.136*[#  11]
          +0.136*[#  12]+0.008*[#   2]+0.008*[#   4]+0.008*[#   5]+0.008*[#   9]
          
    |psi|^2 = 0.948
==== e(   6) =     2.07009 eV ==== 
     psi = 0.262*[#   6]+0.262*[#  10]+0.078*[#   7]+0.078*[#   8]+0.078*[#  11]
          +0.078*[#  12]+0.067*[#   2]+0.067*[#   4]+0.007*[#   5]+0.007*[#   9]
          +0.001*[#   1]+0.001*[#   3]
    |psi|^2 = 0.987
==== e(   7) =     2.78064 eV ==== 
     psi = 0.216*[#   7]+0.216*[#   8]+0.216*[#  11]+0.216*[#  12]+0.037*[#   2]
          +0.037*[#   4]+0.017*[#   5]+0.017*[#   9]+0.002*[#   6]+0.002*[#  10]
          +0.002*[#   1]+0.002*[#   3]
    |psi|^2 = 0.982
==== e(   8) =     3.75416 eV ==== 
     psi = 0.238*[#   7]+0.238*[#   8]+0.238*[#  11]+0.238*[#  12]
    |psi|^2 = 0.954
==== e(   9) =     4.94702 eV ==== 
     psi = 0.478*[#   6]+0.478*[#  10]
    |psi|^2 = 0.959
==== e(  10) =     5.34873 eV ==== 
     psi = 0.243*[#   7]+0.243*[#   8]+0.243*[#  11]+0.243*[#  12]
    |psi|^2 = 0.972
==== e(  11) =    15.69335 eV ==== 
     psi = 0.136*[#   2]+0.136*[#   4]+0.042*[#   5]+0.042*[#   9]+0.011*[#   7]
          +0.011*[#   8]+0.011*[#  11]+0.011*[#  12]+0.007*[#   6]+0.007*[#  10]
          
    |psi|^2 = 0.416
==== e(  12) =    17.13705 eV ==== 
     psi = 0.044*[#   2]+0.044*[#   4]+0.016*[#   6]+0.016*[#  10]+0.003*[#   5]
          +0.003*[#   9]+0.002*[#   7]+0.002*[#   8]+0.002*[#  11]+0.002*[#  12]
          
    |psi|^2 = 0.136
==== e(  13) =    18.87282 eV ==== 
     psi = 0.158*[#   2]+0.158*[#   4]+0.041*[#   5]+0.041*[#   9]+0.013*[#   7]
          +0.013*[#   8]+0.013*[#  11]+0.013*[#  12]+0.004*[#   6]+0.004*[#  10]
          
    |psi|^2 = 0.458
==== e(  14) =    21.35519 eV ==== 
     psi = 0.103*[#   2]+0.103*[#   4]+0.014*[#   7]+0.014*[#   8]+0.014*[#  11]
          +0.014*[#  12]+0.003*[#   5]+0.003*[#   9]+0.002*[#   6]+0.002*[#  10]
          
    |psi|^2 = 0.275

 k =   0.0000000000  0.4041451884  0.0615999300
==== e(   1) =   -90.49911 eV ==== 
     psi = 0.497*[#   1]+0.497*[#   3]+0.001*[#   7]+0.001*[#   8]+0.001*[#  11]
          +0.001*[#  12]
    |psi|^2 = 1.000
==== e(   2) =   -90.49785 eV ==== 
     psi = 0.494*[#   1]+0.494*[#   3]+0.002*[#   2]+0.002*[#   4]+0.002*[#   6]
          +0.002*[#  10]+0.001*[#   7]+0.001*[#   8]+0.001*[#  11]+0.001*[#  12]
          
    |psi|^2 = 1.000
==== e(   3) =   -11.25149 eV ==== 
     psi = 0.379*[#   5]+0.379*[#   9]+0.114*[#   2]+0.114*[#   4]+0.002*[#   7]
          +0.002*[#   8]+0.002*[#  11]+0.002*[#  12]
    |psi|^2 = 0.996
==== e(   4) =   -10.26903 eV ==== 
     psi = 0.487*[#   5]+0.487*[#   9]+0.006*[#   2]+0.006*[#   4]
    |psi|^2 = 0.990
==== e(   5) =     0.99229 eV ==== 
     psi = 0.178*[#   6]+0.178*[#  10]+0.137*[#   7]+0.137*[#   8]+0.137*[#  11]
          +0.137*[#  12]+0.018*[#   2]+0.018*[#   4]+0.008*[#   5]+0.008*[#   9]
          
    |psi|^2 = 0.955
==== e(   6) =     2.15417 eV ==== 
     psi = 0.239*[#   6]+0.239*[#  10]+0.090*[#   7]+0.090*[#   8]+0.090*[#  11]
          +0.090*[#  12]+0.057*[#   2]+0.057*[#   4]+0.013*[#   5]+0.013*[#   9]
          +0.001*[#   1]+0.001*[#   3]
    |psi|^2 = 0.982
==== e(   7) =     2.74181 eV ==== 
     psi = 0.197*[#   7]+0.197*[#   8]+0.197*[#  11]+0.197*[#  12]+0.045*[#   6]
          +0.045*[#  10]+0.036*[#   2]+0.036*[#   4]+0.013*[#   5]+0.013*[#   9]
          +0.002*[#   1]+0.002*[#   3]
    |psi|^2 = 0.980
==== e(   8) =     3.78771 eV ==== 
     psi = 0.238*[#   7]+0.238*[#   8]+0.238*[#  11]+0.238*[#  12]
    |psi|^2 = 0.954
==== e(   9) =     4.97138 eV ==== 
     psi = 0.463*[#   6]+0.463*[#  10]+0.008*[#   7]+0.008*[#   8]+0.008*[#  11]
          +0.008*[#  12]
    |psi|^2 = 0.961
==== e(  10) =     5.30268 eV ==== 
     psi = 0.243*[#   7]+0.243*[#   8]+0.243*[#  11]+0.243*[#  12]
    |psi|^2 = 0.972
==== e(  11) =    15.59124 eV ==== 
     psi = 0.138*[#   2]+0.138*[#   4]+0.042*[#   5]+0.042*[#   9]+0.011*[#   7]
          +0.011*[#   8]+0.011*[#  11]+0.011*[#  12]+0.006*[#   6]+0.006*[#  10]
          
    |psi|^2 = 0.415
==== e(  12) =    16.96933 eV ==== 
     psi = 0.049*[#   2]+0.049*[#   4]+0.014*[#   6]+0.014*[#  10]+0.005*[#   5]
          +0.005*[#   9]+0.002*[#   7]+0.002*[#   8]+0.002*[#  11]+0.002*[#  12]
          
    |psi|^2 = 0.143
==== e(  13) =    19.11683 eV ==== 
     psi = 0.152*[#   2]+0.152*[#   4]+0.037*[#   5]+0.037*[#   9]+0.013*[#   7]
          +0.013*[#   8]+0.013*[#  11]+0.013*[#  12]+0.007*[#   6]+0.007*[#  10]
          
    |psi|^2 = 0.446
==== e(  14) =    21.34056 eV ==== 
     psi = 0.104*[#   2]+0.104*[#   4]+0.014*[#   7]+0.014*[#   8]+0.014*[#  11]
          +0.014*[#  12]+0.004*[#   5]+0.004*[#   9]+0.003*[#   6]+0.003*[#  10]
          
    |psi|^2 = 0.278

 k =   0.0000000000  0.4041451884  0.1231998600
==== e(   1) =   -90.49902 eV ==== 
     psi = 0.497*[#   1]+0.497*[#   3]+0.001*[#   7]+0.001*[#   8]+0.001*[#  11]
          +0.001*[#  12]
    |psi|^2 = 1.000
==== e(   2) =   -90.49794 eV ==== 
     psi = 0.494*[#   1]+0.494*[#   3]+0.002*[#   2]+0.002*[#   4]+0.002*[#   6]
          +0.002*[#  10]+0.001*[#   7]+0.001*[#   8]+0.001*[#  11]+0.001*[#  12]
          
    |psi|^2 = 1.000
==== e(   3) =   -11.18690 eV ==== 
     psi = 0.387*[#   5]+0.387*[#   9]+0.106*[#   2]+0.106*[#   4]+0.002*[#   7]
          +0.002*[#   8]+0.002*[#  11]+0.002*[#  12]
    |psi|^2 = 0.996
==== e(   4) =   -10.35290 eV ==== 
     psi = 0.479*[#   5]+0.479*[#   9]+0.013*[#   2]+0.013*[#   4]+0.001*[#   6]
          +0.001*[#  10]
    |psi|^2 = 0.990
==== e(   5) =     0.97221 eV ==== 
     psi = 0.160*[#   6]+0.160*[#  10]+0.139*[#   7]+0.139*[#   8]+0.139*[#  11]
          +0.139*[#  12]+0.036*[#   2]+0.036*[#   4]+0.008*[#   5]+0.008*[#   9]
          
    |psi|^2 = 0.966
==== e(   6) =     2.16533 eV ==== 
     psi = 0.147*[#   7]+0.147*[#   8]+0.147*[#  11]+0.147*[#  12]+0.124*[#   6]
          +0.124*[#  10]+0.047*[#   2]+0.047*[#   4]+0.024*[#   5]+0.024*[#   9]
          +0.002*[#   1]+0.002*[#   3]
    |psi|^2 = 0.979
==== e(   7) =     2.84813 eV ==== 
     psi = 0.204*[#   6]+0.204*[#  10]+0.124*[#   7]+0.124*[#   8]+0.124*[#  11]
          +0.124*[#  12]+0.029*[#   2]+0.029*[#   4]+0.002*[#   5]+0.002*[#   9]
          +0.001*[#   1]+0.001*[#   3]
    |psi|^2 = 0.970
==== e(   8) =     3.88631 eV ==== 
     psi = 0.239*[#   7]+0.239*[#   8]+0.239*[#  11]+0.239*[#  12]
    |psi|^2 = 0.954
==== e(   9) =     4.99189 eV ==== 
     psi = 0.434*[#   6]+0.434*[#  10]+0.024*[#   7]+0.024*[#   8]+0.024*[#  11]
          +0.024*[#  12]
    |psi|^2 = 0.965
==== e(  10) =     5.17158 eV ==== 
     psi = 0.242*[#   7]+0.242*[#   8]+0.242*[#  11]+0.242*[#  12]
    |psi|^2 = 0.969
==== e(  11) =    15.37040 eV ==== 
     psi = 0.139*[#   2]+0.139*[#   4]+0.040*[#   5]+0.040*[#   9]+0.008*[#   7]
          +0.008*[#   8]+0.008*[#  11]+0.008*[#  12]+0.005*[#   6]+0.005*[#  10]
          
    |psi|^2 = 0.401
==== e(  12) =    16.63100 eV ==== 
     psi = 0.058*[#   2]+0.058*[#   4]+0.013*[#   6]+0.013*[#  10]+0.007*[#   5]
          +0.007*[#   9]+0.002*[#   7]+0.002*[#   8]+0.002*[#  11]+0.002*[#  12]
          
    |psi|^2 = 0.164
==== e(  13) =    19.55300 eV ==== 
     psi = 0.135*[#   2]+0.135*[#   4]+0.028*[#   5]+0.028*[#   9]+0.013*[#   7]
          +0.013*[#   8]+0.013*[#  11]+0.013*[#  12]+0.010*[#   6]+0.010*[#  10]
          
    |psi|^2 = 0.398
==== e(  14) =    21.35188 eV ==== 
     psi = 0.130*[#   2]+0.130*[#   4]+0.016*[#   7]+0.016*[#   8]+0.016*[#  11]
          +0.016*[#  12]+0.008*[#   5]+0.008*[#   9]+0.003*[#   6]+0.003*[#  10]
          +0.001*[#   1]+0.001*[#   3]
    |psi|^2 = 0.347

 k =   0.0000000000  0.4041451884  0.1847997900
==== e(   1) =   -90.49887 eV ==== 
     psi = 0.496*[#   1]+0.496*[#   3]+0.001*[#   7]+0.001*[#   8]+0.001*[#  11]
          +0.001*[#  12]
    |psi|^2 = 1.000
==== e(   2) =   -90.49809 eV ==== 
     psi = 0.495*[#   1]+0.495*[#   3]+0.002*[#   6]+0.002*[#  10]+0.001*[#   2]
          +0.001*[#   4]+0.001*[#   7]+0.001*[#   8]+0.001*[#  11]+0.001*[#  12]
          
    |psi|^2 = 1.000
==== e(   3) =   -11.08393 eV ==== 
     psi = 0.399*[#   5]+0.399*[#   9]+0.093*[#   2]+0.093*[#   4]+0.002*[#   7]
          +0.002*[#   8]+0.002*[#  11]+0.002*[#  12]
    |psi|^2 = 0.995
==== e(   4) =   -10.47952 eV ==== 
     psi = 0.467*[#   5]+0.467*[#   9]+0.025*[#   2]+0.025*[#   4]+0.002*[#   6]
          +0.002*[#  10]
    |psi|^2 = 0.991
==== e(   5) =     1.01656 eV ==== 
     psi = 0.144*[#   7]+0.144*[#   8]+0.144*[#  11]+0.144*[#  12]+0.140*[#   6]
          +0.140*[#  10]+0.047*[#   2]+0.047*[#   4]+0.010*[#   5]+0.010*[#   9]
          +0.001*[#   1]+0.001*[#   3]
    |psi|^2 = 0.973
==== e(   6) =     1.92614 eV ==== 
     psi = 0.165*[#   7]+0.165*[#   8]+0.165*[#  11]+0.165*[#  12]+0.087*[#   6]
          +0.087*[#  10]+0.047*[#   2]+0.047*[#   4]+0.024*[#   5]+0.024*[#   9]
          +0.002*[#   1]+0.002*[#   3]
    |psi|^2 = 0.979
==== e(   7) =     3.26126 eV ==== 
     psi = 0.285*[#   6]+0.285*[#  10]+0.088*[#   7]+0.088*[#   8]+0.088*[#  11]
          +0.088*[#  12]+0.017*[#   2]+0.017*[#   4]+0.002*[#   5]+0.002*[#   9]
          
    |psi|^2 = 0.962
==== e(   8) =     4.04372 eV ==== 
     psi = 0.239*[#   7]+0.239*[#   8]+0.239*[#  11]+0.239*[#  12]
    |psi|^2 = 0.955
==== e(   9) =     4.91130 eV ==== 
     psi = 0.403*[#   6]+0.403*[#  10]+0.040*[#   7]+0.040*[#   8]+0.040*[#  11]
          +0.040*[#  12]
    |psi|^2 = 0.968
==== e(  10) =     4.97448 eV ==== 
     psi = 0.241*[#   7]+0.241*[#   8]+0.241*[#  11]+0.241*[#  12]
    |psi|^2 = 0.965
==== e(  11) =    15.20733 eV ==== 
     psi = 0.134*[#   2]+0.134*[#   4]+0.035*[#   5]+0.035*[#   9]+0.006*[#   7]
          +0.006*[#   8]+0.006*[#  11]+0.006*[#  12]+0.005*[#   6]+0.005*[#  10]
          
    |psi|^2 = 0.373
==== e(  12) =    16.23270 eV ==== 
     psi = 0.073*[#   2]+0.073*[#   4]+0.013*[#   6]+0.013*[#  10]+0.010*[#   5]
          +0.010*[#   9]+0.002*[#   7]+0.002*[#   8]+0.002*[#  11]+0.002*[#  12]
          
    |psi|^2 = 0.202
==== e(  13) =    19.87237 eV ==== 
     psi = 0.103*[#   2]+0.103*[#   4]+0.017*[#   5]+0.017*[#   9]+0.012*[#   7]
          +0.012*[#   8]+0.012*[#  11]+0.012*[#  12]+0.008*[#   6]+0.008*[#  10]
          
    |psi|^2 = 0.305
==== e(  14) =    21.17284 eV ==== 
     psi = 0.120*[#   2]+0.120*[#   4]+0.015*[#   7]+0.015*[#   8]+0.015*[#  11]
          +0.015*[#  12]+0.006*[#   5]+0.006*[#   9]+0.002*[#   6]+0.002*[#  10]
          
    |psi|^2 = 0.318

 k =   0.0000000000  0.4041451884  0.2463997200
==== e(   1) =   -90.49869 eV ==== 
     psi = 0.496*[#   1]+0.496*[#   3]+0.001*[#   7]+0.001*[#   8]+0.001*[#  11]
          +0.001*[#  12]
    |psi|^2 = 1.000
==== e(   2) =   -90.49827 eV ==== 
     psi = 0.495*[#   1]+0.495*[#   3]+0.001*[#   6]+0.001*[#  10]+0.001*[#   7]
          +0.001*[#   8]+0.001*[#  11]+0.001*[#  12]
    |psi|^2 = 1.000
==== e(   3) =   -10.94977 eV ==== 
     psi = 0.415*[#   5]+0.415*[#   9]+0.077*[#   2]+0.077*[#   4]+0.001*[#   6]
          +0.002*[#   7]+0.002*[#   8]+0.001*[#  10]+0.002*[#  11]+0.002*[#  12]
          
    |psi|^2 = 0.994
==== e(   4) =   -10.63266 eV ==== 
     psi = 0.450*[#   5]+0.450*[#   9]+0.041*[#   2]+0.041*[#   4]+0.002*[#   6]
          +0.002*[#  10]+0.001*[#   7]+0.001*[#   8]+0.001*[#  11]+0.001*[#  12]
          
    |psi|^2 = 0.992
==== e(   5) =     1.14587 eV ==== 
     psi = 0.150*[#   7]+0.150*[#   8]+0.150*[#  11]+0.150*[#  12]+0.122*[#   6]
          +0.122*[#  10]+0.052*[#   2]+0.052*[#   4]+0.014*[#   5]+0.014*[#   9]
          +0.001*[#   1]+0.001*[#   3]
    |psi|^2 = 0.977
==== e(   6) =     1.62801 eV ==== 
     psi = 0.162*[#   7]+0.162*[#   8]+0.162*[#  11]+0.162*[#  12]+0.093*[#   6]
          +0.093*[#  10]+0.049*[#   2]+0.049*[#   4]+0.021*[#   5]+0.021*[#   9]
          +0.002*[#   1]+0.002*[#   3]
    |psi|^2 = 0.979
==== e(   7) =     3.77535 eV ==== 
     psi = 0.319*[#   6]+0.319*[#  10]+0.074*[#   7]+0.074*[#   8]+0.074*[#  11]
          +0.074*[#  12]+0.009*[#   2]+0.009*[#   4]+0.002*[#   5]+0.002*[#   9]
          
    |psi|^2 = 0.960
==== e(   8) =     4.24921 eV ==== 
     psi = 0.239*[#   7]+0.239*[#   8]+0.239*[#  11]+0.239*[#  12]
    |psi|^2 = 0.957
==== e(   9) =     4.66980 eV ==== 
     psi = 0.374*[#   6]+0.374*[#  10]+0.053*[#   7]+0.053*[#   8]+0.053*[#  11]
          +0.053*[#  12]+0.002*[#   2]+0.002*[#   4]+0.001*[#   5]+0.001*[#   9]
          
    |psi|^2 = 0.967
==== e(  10) =     4.73726 eV ==== 
     psi = 0.241*[#   7]+0.241*[#   8]+0.241*[#  11]+0.241*[#  12]
    |psi|^2 = 0.962
==== e(  11) =    15.22565 eV ==== 
     psi = 0.124*[#   2]+0.124*[#   4]+0.028*[#   5]+0.028*[#   9]+0.008*[#   6]
          +0.008*[#  10]+0.004*[#   7]+0.004*[#   8]+0.004*[#  11]+0.004*[#  12]
          
    |psi|^2 = 0.337
==== e(  12) =    15.81225 eV ==== 
     psi = 0.092*[#   2]+0.092*[#   4]+0.014*[#   5]+0.014*[#   9]+0.013*[#   6]
          +0.013*[#  10]+0.002*[#   7]+0.002*[#   8]+0.002*[#  11]+0.002*[#  12]
          
    |psi|^2 = 0.249
==== e(  13) =    20.11402 eV ==== 
     psi = 0.081*[#   2]+0.081*[#   4]+0.011*[#   7]+0.011*[#   8]+0.011*[#  11]
          +0.011*[#  12]+0.011*[#   5]+0.011*[#   9]+0.006*[#   6]+0.006*[#  10]
          
    |psi|^2 = 0.239
==== e(  14) =    20.77223 eV ==== 
     psi = 0.088*[#   2]+0.088*[#   4]+0.012*[#   7]+0.012*[#   8]+0.012*[#  11]
          +0.012*[#  12]+0.006*[#   5]+0.006*[#   9]+0.003*[#   6]+0.003*[#  10]
          
    |psi|^2 = 0.241

 k =   0.0000000000  0.4041451884 -0.3079996500
==== e(   1) =   -90.49849 eV ==== 
     psi = 0.496*[#   1]+0.496*[#   3]+0.001*[#   6]+0.001*[#   7]+0.001*[#   8]
          +0.001*[#  10]+0.001*[#  11]+0.001*[#  12]
    |psi|^2 = 1.000
==== e(   2) =   -90.49847 eV ==== 
     psi = 0.496*[#   1]+0.496*[#   3]+0.001*[#   6]+0.001*[#   7]+0.001*[#   8]
          +0.001*[#  10]+0.001*[#  11]+0.001*[#  12]
    |psi|^2 = 1.000
==== e(   3) =   -10.79482 eV ==== 
     psi = 0.432*[#   5]+0.432*[#   9]+0.059*[#   2]+0.059*[#   4]+0.002*[#   6]
          +0.002*[#  10]+0.001*[#   7]+0.001*[#   8]+0.001*[#  11]+0.001*[#  12]
          
    |psi|^2 = 0.993
==== e(   4) =   -10.79482 eV ==== 
     psi = 0.432*[#   5]+0.432*[#   9]+0.059*[#   2]+0.059*[#   4]+0.002*[#   6]
          +0.002*[#  10]+0.001*[#   7]+0.001*[#   8]+0.001*[#  11]+0.001*[#  12]
          
    |psi|^2 = 0.993
==== e(   5) =     1.35592 eV ==== 
     psi = 0.156*[#   7]+0.156*[#   8]+0.156*[#  11]+0.156*[#  12]+0.106*[#   6]
          +0.106*[#  10]+0.052*[#   2]+0.052*[#   4]+0.017*[#   5]+0.017*[#   9]
          +0.002*[#   1]+0.002*[#   3]
    |psi|^2 = 0.979
==== e(   6) =     1.35592 eV ==== 
     psi = 0.156*[#   7]+0.156*[#   8]+0.156*[#  11]+0.156*[#  12]+0.106*[#   6]
          +0.106*[#  10]+0.052*[#   2]+0.052*[#   4]+0.017*[#   5]+0.017*[#   9]
          +0.002*[#   1]+0.002*[#   3]
    |psi|^2 = 0.979
==== e(   7) =     4.27240 eV ==== 
     psi = 0.346*[#   6]+0.346*[#  10]+0.064*[#   7]+0.064*[#   8]+0.064*[#  11]
          +0.064*[#  12]+0.004*[#   2]+0.004*[#   4]+0.002*[#   5]+0.002*[#   9]
          
    |psi|^2 = 0.963
==== e(   8) =     4.27240 eV ==== 
     psi = 0.346*[#   6]+0.346*[#  10]+0.064*[#   7]+0.064*[#   8]+0.064*[#  11]
          +0.064*[#  12]+0.004*[#   2]+0.004*[#   4]+0.002*[#   5]+0.002*[#   9]
          
    |psi|^2 = 0.963
==== e(   9) =     4.48721 eV ==== 
     psi = 0.240*[#   7]+0.240*[#   8]+0.240*[#  11]+0.240*[#  12]
    |psi|^2 = 0.959
==== e(  10) =     4.48722 eV ==== 
     psi = 0.240*[#   7]+0.240*[#   8]+0.240*[#  11]+0.240*[#  12]
    |psi|^2 = 0.959
==== e(  11) =    15.44630 eV ==== 
     psi = 0.109*[#   2]+0.109*[#   4]+0.021*[#   5]+0.021*[#   9]+0.012*[#   6]
          +0.012*[#  10]+0.003*[#   7]+0.003*[#   8]+0.003*[#  11]+0.003*[#  12]
          
    |psi|^2 = 0.295
==== e(  12) =    15.44630 eV ==== 
     psi = 0.109*[#   2]+0.109*[#   4]+0.021*[#   5]+0.021*[#   9]+0.012*[#   6]
          +0.012*[#  10]+0.003*[#   7]+0.003*[#   8]+0.003*[#  11]+0.003*[#  12]
          
    |psi|^2 = 0.295
==== e(  13) =    20.40356 eV ==== 
     psi = 0.076*[#   2]+0.076*[#   4]+0.011*[#   7]+0.011*[#   8]+0.011*[#  11]
          +0.011*[#  12]+0.008*[#   5]+0.008*[#   9]+0.004*[#   6]+0.004*[#  10]
          
    |psi|^2 = 0.219
==== e(  14) =    20.40356 eV ==== 
     psi = 0.076*[#   2]+0.076*[#   4]+0.011*[#   7]+0.011*[#   8]+0.011*[#  11]
          +0.011*[#  12]+0.008*[#   5]+0.008*[#   9]+0.004*[#   6]+0.004*[#  10]
          
    |psi|^2 = 0.219

 k =   0.0000000000  0.4618802154  0.0000000000
==== e(   1) =   -90.49885 eV ==== 
     psi = 0.497*[#   1]+0.497*[#   3]+0.001*[#   7]+0.001*[#   8]+0.001*[#  11]
          +0.001*[#  12]
    |psi|^2 = 1.000
==== e(   2) =   -90.49777 eV ==== 
     psi = 0.494*[#   1]+0.494*[#   3]+0.002*[#   2]+0.002*[#   4]+0.001*[#   6]
          +0.001*[#   7]+0.001*[#   8]+0.001*[#  10]+0.001*[#  11]+0.001*[#  12]
          
    |psi|^2 = 1.000
==== e(   3) =   -11.02958 eV ==== 
     psi = 0.404*[#   5]+0.404*[#   9]+0.089*[#   2]+0.089*[#   4]+0.002*[#   7]
          +0.002*[#   8]+0.002*[#  11]+0.002*[#  12]
    |psi|^2 = 0.995
==== e(   4) =   -10.22232 eV ==== 
     psi = 0.492*[#   5]+0.492*[#   9]+0.001*[#   7]+0.001*[#   8]+0.001*[#  11]
          +0.001*[#  12]
    |psi|^2 = 0.989
==== e(   5) =     0.75642 eV ==== 
     psi = 0.185*[#   7]+0.185*[#   8]+0.185*[#  11]+0.185*[#  12]+0.073*[#   6]
          +0.073*[#  10]+0.027*[#   2]+0.027*[#   4]+0.009*[#   5]+0.009*[#   9]
          
    |psi|^2 = 0.961
==== e(   6) =     2.27689 eV ==== 
     psi = 0.317*[#   6]+0.317*[#  10]+0.061*[#   7]+0.061*[#   8]+0.061*[#  11]
          +0.061*[#  12]+0.039*[#   2]+0.039*[#   4]+0.008*[#   5]+0.008*[#   9]
          +0.001*[#   1]+0.001*[#   3]
    |psi|^2 = 0.975
==== e(   7) =     2.42222 eV ==== 
     psi = 0.183*[#   7]+0.183*[#   8]+0.183*[#  11]+0.183*[#  12]+0.066*[#   6]
          +0.066*[#  10]+0.050*[#   2]+0.050*[#   4]+0.008*[#   5]+0.008*[#   9]
          +0.002*[#   1]+0.002*[#   3]
    |psi|^2 = 0.983
==== e(   8) =     3.60373 eV ==== 
     psi = 0.238*[#   7]+0.238*[#   8]+0.238*[#  11]+0.238*[#  12]
    |psi|^2 = 0.953
==== e(   9) =     4.61133 eV ==== 
     psi = 0.473*[#   6]+0.473*[#  10]+0.001*[#   2]+0.001*[#   4]
    |psi|^2 = 0.950
==== e(  10) =     5.24980 eV ==== 
     psi = 0.243*[#   7]+0.243*[#   8]+0.243*[#  11]+0.243*[#  12]
    |psi|^2 = 0.971
==== e(  11) =    15.78194 eV ==== 
     psi = 0.079*[#   2]+0.079*[#   4]+0.020*[#   5]+0.020*[#   9]+0.012*[#   6]
          +0.012*[#  10]+0.006*[#   7]+0.006*[#   8]+0.006*[#  11]+0.006*[#  12]
          
    |psi|^2 = 0.245
==== e(  12) =    16.66682 eV ==== 
     psi = 0.020*[#   2]+0.020*[#   4]+0.010*[#   6]+0.010*[#  10]+0.003*[#   5]
          +0.003*[#   9]+0.002*[#   7]+0.002*[#   8]+0.002*[#  11]+0.002*[#  12]
          
    |psi|^2 = 0.073
==== e(  13) =    19.07593 eV ==== 
     psi = 0.236*[#   2]+0.236*[#   4]+0.045*[#   5]+0.045*[#   9]+0.016*[#   7]
          +0.016*[#   8]+0.016*[#  11]+0.016*[#  12]+0.005*[#   6]+0.005*[#  10]
          
    |psi|^2 = 0.634
==== e(  14) =    21.22399 eV ==== 
     psi = 0.101*[#   2]+0.101*[#   4]+0.014*[#   7]+0.014*[#   8]+0.014*[#  11]
          +0.014*[#  12]+0.002*[#   6]+0.002*[#  10]+0.001*[#   5]+0.001*[#   9]
          +0.001*[#   1]+0.001*[#   3]
    |psi|^2 = 0.266

 k =   0.0000000000  0.4618802154  0.0615999300
==== e(   1) =   -90.49882 eV ==== 
     psi = 0.496*[#   1]+0.496*[#   3]+0.001*[#   7]+0.001*[#   8]+0.001*[#  11]
          +0.001*[#  12]
    |psi|^2 = 1.000
==== e(   2) =   -90.49779 eV ==== 
     psi = 0.494*[#   1]+0.494*[#   3]+0.002*[#   2]+0.002*[#   4]+0.001*[#   6]
          +0.001*[#   7]+0.001*[#   8]+0.001*[#  10]+0.001*[#  11]+0.001*[#  12]
          
    |psi|^2 = 1.000
==== e(   3) =   -11.01174 eV ==== 
     psi = 0.406*[#   5]+0.406*[#   9]+0.087*[#   2]+0.087*[#   4]+0.002*[#   7]
          +0.002*[#   8]+0.002*[#  11]+0.002*[#  12]
    |psi|^2 = 0.995
==== e(   4) =   -10.24425 eV ==== 
     psi = 0.491*[#   5]+0.491*[#   9]+0.002*[#   2]+0.002*[#   4]+0.001*[#   7]
          +0.001*[#   8]+0.001*[#  11]+0.001*[#  12]
    |psi|^2 = 0.989
==== e(   5) =     0.73014 eV ==== 
     psi = 0.180*[#   7]+0.180*[#   8]+0.180*[#  11]+0.180*[#  12]+0.080*[#   6]
          +0.080*[#  10]+0.033*[#   2]+0.033*[#   4]+0.008*[#   5]+0.008*[#   9]
          
    |psi|^2 = 0.965
==== e(   6) =     2.16801 eV ==== 
     psi = 0.154*[#   7]+0.154*[#   8]+0.154*[#  11]+0.154*[#  12]+0.123*[#   6]
          +0.123*[#  10]+0.042*[#   2]+0.042*[#   4]+0.014*[#   5]+0.014*[#   9]
          +0.001*[#   1]+0.001*[#   3]
    |psi|^2 = 0.978
==== e(   7) =     2.55751 eV ==== 
     psi = 0.267*[#   6]+0.267*[#  10]+0.088*[#   7]+0.088*[#   8]+0.088*[#  11]
          +0.088*[#  12]+0.041*[#   2]+0.041*[#   4]+0.002*[#   5]+0.002*[#   9]
          +0.001*[#   1]+0.001*[#   3]
    |psi|^2 = 0.975
==== e(   8) =     3.63815 eV ==== 
     psi = 0.238*[#   7]+0.238*[#   8]+0.238*[#  11]+0.238*[#  12]
    |psi|^2 = 0.953
==== e(   9) =     4.66778 eV ==== 
     psi = 0.458*[#   6]+0.458*[#  10]+0.009*[#   7]+0.009*[#   8]+0.009*[#  11]
          +0.009*[#  12]+0.001*[#   2]+0.001*[#   4]
    |psi|^2 = 0.953
==== e(  10) =     5.20189 eV ==== 
     psi = 0.243*[#   7]+0.243*[#   8]+0.243*[#  11]+0.243*[#  12]
    |psi|^2 = 0.970
==== e(  11) =    15.64630 eV ==== 
     psi = 0.085*[#   2]+0.085*[#   4]+0.021*[#   5]+0.021*[#   9]+0.011*[#   6]
          +0.011*[#  10]+0.005*[#   7]+0.005*[#   8]+0.005*[#  11]+0.005*[#  12]
          
    |psi|^2 = 0.255
==== e(  12) =    16.55258 eV ==== 
     psi = 0.024*[#   2]+0.024*[#   4]+0.008*[#   6]+0.008*[#  10]+0.004*[#   5]
          +0.004*[#   9]+0.002*[#   7]+0.002*[#   8]+0.002*[#  11]+0.002*[#  12]
          
    |psi|^2 = 0.081
==== e(  13) =    19.32279 eV ==== 
     psi = 0.223*[#   2]+0.223*[#   4]+0.040*[#   5]+0.040*[#   9]+0.016*[#   7]
          +0.016*[#   8]+0.016*[#  11]+0.016*[#  12]+0.008*[#   6]+0.008*[#  10]
          
    |psi|^2 = 0.605
==== e(  14) =    21.16933 eV ==== 
     psi = 0.098*[#   2]+0.098*[#   4]+0.013*[#   7]+0.013*[#   8]+0.013*[#  11]
          +0.013*[#  12]+0.003*[#   6]+0.003*[#  10]+0.002*[#   5]+0.002*[#   9]
          
    |psi|^2 = 0.259

 k =   0.0000000000  0.4618802154  0.1231998600
==== e(   1) =   -90.49875 eV ==== 
     psi = 0.496*[#   1]+0.496*[#   3]+0.001*[#   7]+0.001*[#   8]+0.001*[#  11]
          +0.001*[#  12]
    |psi|^2 = 1.000
==== e(   2) =   -90.49787 eV ==== 
     psi = 0.494*[#   1]+0.494*[#   3]+0.002*[#   2]+0.002*[#   4]+0.001*[#   6]
          +0.001*[#   7]+0.001*[#   8]+0.001*[#  10]+0.001*[#  11]+0.001*[#  12]
          
    |psi|^2 = 1.000
==== e(   3) =   -10.95947 eV ==== 
     psi = 0.414*[#   5]+0.414*[#   9]+0.080*[#   2]+0.080*[#   4]+0.002*[#   7]
          +0.002*[#   8]+0.002*[#  11]+0.002*[#  12]
    |psi|^2 = 0.995
==== e(   4) =   -10.30718 eV ==== 
     psi = 0.486*[#   5]+0.486*[#   9]+0.006*[#   2]+0.006*[#   4]+0.001*[#   7]
          +0.001*[#   8]+0.001*[#  11]+0.001*[#  12]
    |psi|^2 = 0.989
==== e(   5) =     0.69267 eV ==== 
     psi = 0.173*[#   7]+0.173*[#   8]+0.173*[#  11]+0.173*[#  12]+0.089*[#   6]
          +0.089*[#  10]+0.044*[#   2]+0.044*[#   4]+0.006*[#   5]+0.006*[#   9]
          
    |psi|^2 = 0.971
==== e(   6) =     1.89988 eV ==== 
     psi = 0.177*[#   7]+0.177*[#   8]+0.177*[#  11]+0.177*[#  12]+0.073*[#   6]
          +0.073*[#  10]+0.045*[#   2]+0.045*[#   4]+0.015*[#   5]+0.015*[#   9]
          +0.002*[#   1]+0.002*[#   3]
    |psi|^2 = 0.978
==== e(   7) =     2.90872 eV ==== 
     psi = 0.333*[#   6]+0.333*[#  10]+0.060*[#   7]+0.060*[#   8]+0.060*[#  11]
          +0.060*[#  12]+0.028*[#   2]+0.028*[#   4]+0.002*[#   5]+0.002*[#   9]
          
    |psi|^2 = 0.968
==== e(   8) =     3.73934 eV ==== 
     psi = 0.238*[#   7]+0.238*[#   8]+0.238*[#  11]+0.238*[#  12]
    |psi|^2 = 0.954
==== e(   9) =     4.76854 eV ==== 
     psi = 0.431*[#   6]+0.431*[#  10]+0.024*[#   7]+0.024*[#   8]+0.024*[#  11]
          +0.024*[#  12]
    |psi|^2 = 0.960
==== e(  10) =     5.06565 eV ==== 
     psi = 0.242*[#   7]+0.242*[#   8]+0.242*[#  11]+0.242*[#  12]
    |psi|^2 = 0.967
==== e(  11) =    15.34945 eV ==== 
     psi = 0.092*[#   2]+0.092*[#   4]+0.023*[#   5]+0.023*[#   9]+0.007*[#   6]
          +0.007*[#  10]+0.004*[#   7]+0.004*[#   8]+0.004*[#  11]+0.004*[#  12]
          
    |psi|^2 = 0.261
==== e(  12) =    16.30206 eV ==== 
     psi = 0.032*[#   2]+0.032*[#   4]+0.007*[#   6]+0.007*[#  10]+0.005*[#   5]
          +0.005*[#   9]+0.002*[#   7]+0.002*[#   8]+0.002*[#  11]+0.002*[#  12]
          
    |psi|^2 = 0.097
==== e(  13) =    19.78313 eV ==== 
     psi = 0.182*[#   2]+0.182*[#   4]+0.028*[#   5]+0.028*[#   9]+0.015*[#   7]
          +0.015*[#   8]+0.015*[#  11]+0.015*[#  12]+0.010*[#   6]+0.010*[#  10]
          
    |psi|^2 = 0.501
==== e(  14) =    21.14040 eV ==== 
     psi = 0.119*[#   2]+0.119*[#   4]+0.013*[#   7]+0.013*[#   8]+0.013*[#  11]
          +0.013*[#  12]+0.007*[#   5]+0.007*[#   9]+0.004*[#   6]+0.004*[#  10]
          
    |psi|^2 = 0.315

 k =   0.0000000000  0.4618802154  0.1847997900
==== e(   1) =   -90.49863 eV ==== 
     psi = 0.496*[#   1]+0.496*[#   3]+0.001*[#   7]+0.001*[#   8]+0.001*[#  11]
          +0.001*[#  12]
    |psi|^2 = 1.000
==== e(   2) =   -90.49799 eV ==== 
     psi = 0.494*[#   1]+0.494*[#   3]+0.002*[#   2]+0.002*[#   4]+0.001*[#   6]
          +0.001*[#   7]+0.001*[#   8]+0.001*[#  10]+0.001*[#  11]+0.001*[#  12]
          
    |psi|^2 = 1.000
==== e(   3) =   -10.87661 eV ==== 
     psi = 0.424*[#   5]+0.424*[#   9]+0.069*[#   2]+0.069*[#   4]+0.001*[#   7]
          +0.001*[#   8]+0.001*[#  11]+0.001*[#  12]
    |psi|^2 = 0.994
==== e(   4) =   -10.40321 eV ==== 
     psi = 0.478*[#   5]+0.478*[#   9]+0.014*[#   2]+0.014*[#   4]+0.001*[#   6]
          +0.001*[#  10]
    |psi|^2 = 0.990
==== e(   5) =     0.70657 eV ==== 
     psi = 0.168*[#   7]+0.168*[#   8]+0.168*[#  11]+0.168*[#  12]+0.092*[#   6]
          +0.092*[#  10]+0.053*[#   2]+0.053*[#   4]+0.006*[#   5]+0.006*[#   9]
          +0.001*[#   1]+0.001*[#   3]
    |psi|^2 = 0.976
==== e(   6) =     1.57115 eV ==== 
     psi = 0.175*[#   7]+0.175*[#   8]+0.175*[#  11]+0.175*[#  12]+0.074*[#   6]
          +0.074*[#  10]+0.049*[#   2]+0.049*[#   4]+0.014*[#   5]+0.014*[#   9]
          +0.002*[#   1]+0.002*[#   3]
    |psi|^2 = 0.978
==== e(   7) =     3.37919 eV ==== 
     psi = 0.349*[#   6]+0.349*[#  10]+0.056*[#   7]+0.056*[#   8]+0.056*[#  11]
          +0.056*[#  12]+0.017*[#   2]+0.017*[#   4]+0.003*[#   5]+0.003*[#   9]
          
    |psi|^2 = 0.963
==== e(   8) =     3.90101 eV ==== 
     psi = 0.239*[#   7]+0.239*[#   8]+0.239*[#  11]+0.239*[#  12]
    |psi|^2 = 0.954
==== e(   9) =     4.78907 eV ==== 
     psi = 0.408*[#   6]+0.408*[#  10]+0.037*[#   7]+0.037*[#   8]+0.037*[#  11]
          +0.037*[#  12]
    |psi|^2 = 0.965
==== e(  10) =     4.86121 eV ==== 
     psi = 0.241*[#   7]+0.241*[#   8]+0.241*[#  11]+0.241*[#  12]
    |psi|^2 = 0.964
==== e(  11) =    15.11095 eV ==== 
     psi = 0.093*[#   2]+0.093*[#   4]+0.021*[#   5]+0.021*[#   9]+0.004*[#   6]
          +0.004*[#  10]+0.003*[#   7]+0.003*[#   8]+0.003*[#  11]+0.003*[#  12]
          
    |psi|^2 = 0.248
==== e(  12) =    15.96856 eV ==== 
     psi = 0.043*[#   2]+0.043*[#   4]+0.007*[#   6]+0.007*[#  10]+0.007*[#   5]
          +0.007*[#   9]+0.002*[#   7]+0.002*[#   8]+0.002*[#  11]+0.002*[#  12]
          
    |psi|^2 = 0.123
==== e(  13) =    20.06605 eV ==== 
     psi = 0.111*[#   2]+0.111*[#   4]+0.013*[#   5]+0.013*[#   9]+0.012*[#   7]
          +0.012*[#   8]+0.012*[#  11]+0.012*[#  12]+0.007*[#   6]+0.007*[#  10]
          
    |psi|^2 = 0.315
==== e(  14) =    21.19640 eV ==== 
     psi = 0.140*[#   2]+0.140*[#   4]+0.016*[#   7]+0.016*[#   8]+0.016*[#  11]
          +0.016*[#  12]+0.008*[#   5]+0.008*[#   9]+0.002*[#   6]+0.002*[#  10]
          +0.001*[#   1]+0.001*[#   3]
    |psi|^2 = 0.367

 k =   0.0000000000  0.4618802154  0.2463997200
==== e(   1) =   -90.49847 eV ==== 
     psi = 0.496*[#   1]+0.496*[#   3]+0.001*[#   7]+0.001*[#   8]+0.001*[#  11]
          +0.001*[#  12]
    |psi|^2 = 1.000
==== e(   2) =   -90.49814 eV ==== 
     psi = 0.495*[#   1]+0.495*[#   3]+0.001*[#   2]+0.001*[#   4]+0.001*[#   6]
          +0.001*[#   7]+0.001*[#   8]+0.001*[#  10]+0.001*[#  11]+0.001*[#  12]
          
    |psi|^2 = 1.000
==== e(   3) =   -10.76955 eV ==== 
     psi = 0.438*[#   5]+0.438*[#   9]+0.055*[#   2]+0.055*[#   4]+0.001*[#   7]
          +0.001*[#   8]+0.001*[#  11]+0.001*[#  12]+0.001*[#   6]+0.001*[#  10]
          
    |psi|^2 = 0.993
==== e(   4) =   -10.52089 eV ==== 
     psi = 0.466*[#   5]+0.466*[#   9]+0.026*[#   2]+0.026*[#   4]+0.001*[#   6]
          +0.001*[#  10]
    |psi|^2 = 0.990
==== e(   5) =     0.80362 eV ==== 
     psi = 0.167*[#   7]+0.167*[#   8]+0.167*[#  11]+0.167*[#  12]+0.090*[#   6]
          +0.090*[#  10]+0.057*[#   2]+0.057*[#   4]+0.007*[#   5]+0.007*[#   9]
          +0.002*[#   1]+0.002*[#   3]
    |psi|^2 = 0.978
==== e(   6) =     1.25344 eV ==== 
     psi = 0.171*[#   7]+0.171*[#   8]+0.171*[#  11]+0.171*[#  12]+0.081*[#   6]
          +0.081*[#  10]+0.053*[#   2]+0.053*[#   4]+0.012*[#   5]+0.012*[#   9]
          +0.002*[#   1]+0.002*[#   3]
    |psi|^2 = 0.978
==== e(   7) =     3.87995 eV ==== 
     psi = 0.360*[#   6]+0.360*[#  10]+0.055*[#   7]+0.055*[#   8]+0.055*[#  11]
          +0.055*[#  12]+0.009*[#   2]+0.009*[#   4]+0.003*[#   5]+0.003*[#   9]
          
    |psi|^2 = 0.963
==== e(   8) =     4.11234 eV ==== 
     psi = 0.239*[#   7]+0.239*[#   8]+0.239*[#  11]+0.239*[#  12]
    |psi|^2 = 0.956
==== e(   9) =     4.61571 eV ==== 
     psi = 0.240*[#   7]+0.240*[#   8]+0.240*[#  11]+0.240*[#  12]
    |psi|^2 = 0.961
==== e(  10) =     4.64631 eV ==== 
     psi = 0.388*[#   6]+0.388*[#  10]+0.046*[#   7]+0.046*[#   8]+0.046*[#  11]
          +0.046*[#  12]+0.001*[#   2]+0.001*[#   4]+0.001*[#   5]+0.001*[#   9]
          
    |psi|^2 = 0.967
==== e(  11) =    15.07130 eV ==== 
     psi = 0.085*[#   2]+0.085*[#   4]+0.018*[#   5]+0.018*[#   9]+0.004*[#   6]
          +0.004*[#  10]+0.002*[#   7]+0.002*[#   8]+0.002*[#  11]+0.002*[#  12]
          
    |psi|^2 = 0.222
==== e(  12) =    15.58768 eV ==== 
     psi = 0.057*[#   2]+0.057*[#   4]+0.009*[#   5]+0.009*[#   9]+0.007*[#   6]
          +0.007*[#  10]+0.002*[#   7]+0.002*[#   8]+0.002*[#  11]+0.002*[#  12]
          
    |psi|^2 = 0.156
==== e(  13) =    20.24957 eV ==== 
     psi = 0.073*[#   2]+0.073*[#   4]+0.010*[#   7]+0.010*[#   8]+0.010*[#  11]
          +0.010*[#  12]+0.007*[#   5]+0.007*[#   9]+0.004*[#   6]+0.004*[#  10]
          
    |psi|^2 = 0.211
==== e(  14) =    20.89383 eV ==== 
     psi = 0.082*[#   2]+0.082*[#   4]+0.012*[#   7]+0.012*[#   8]+0.012*[#  11]
          +0.012*[#  12]+0.004*[#   5]+0.004*[#   9]+0.001*[#   6]+0.001*[#  10]
          
    |psi|^2 = 0.224

 k =   0.0000000000  0.4618802154 -0.3079996500
==== e(   1) =   -90.49831 eV ==== 
     psi = 0.495*[#   1]+0.495*[#   3]+0.001*[#   7]+0.001*[#   8]+0.001*[#  11]
          +0.001*[#  12]+0.001*[#   6]+0.001*[#  10]
    |psi|^2 = 1.000
==== e(   2) =   -90.49830 eV ==== 
     psi = 0.495*[#   1]+0.495*[#   3]+0.001*[#   7]+0.001*[#   8]+0.001*[#  11]
          +0.001*[#  12]+0.001*[#   6]+0.001*[#  10]
    |psi|^2 = 1.000
==== e(   3) =   -10.64724 eV ==== 
     psi = 0.453*[#   5]+0.453*[#   9]+0.040*[#   2]+0.040*[#   4]+0.001*[#   6]
          +0.001*[#  10]+0.001*[#   7]+0.001*[#   8]+0.001*[#  11]+0.001*[#  12]
          
    |psi|^2 = 0.991
==== e(   4) =   -10.64724 eV ==== 
     psi = 0.453*[#   5]+0.453*[#   9]+0.040*[#   2]+0.040*[#   4]+0.001*[#   6]
          +0.001*[#  10]+0.001*[#   7]+0.001*[#   8]+0.001*[#  11]+0.001*[#  12]
          
    |psi|^2 = 0.991
==== e(   5) =     0.98945 eV ==== 
     psi = 0.168*[#   7]+0.168*[#   8]+0.168*[#  11]+0.168*[#  12]+0.086*[#   6]
          +0.086*[#  10]+0.056*[#   2]+0.056*[#   4]+0.009*[#   5]+0.009*[#   9]
          +0.002*[#   1]+0.002*[#   3]
    |psi|^2 = 0.979
==== e(   6) =     0.98945 eV ==== 
     psi = 0.168*[#   7]+0.168*[#   8]+0.168*[#  11]+0.168*[#  12]+0.086*[#   6]
          +0.086*[#  10]+0.056*[#   2]+0.056*[#   4]+0.009*[#   5]+0.009*[#   9]
          +0.002*[#   1]+0.002*[#   3]
    |psi|^2 = 0.979
==== e(   7) =     4.32768 eV ==== 
     psi = 0.373*[#   6]+0.373*[#  10]+0.052*[#   7]+0.052*[#   8]+0.052*[#  11]
          +0.052*[#  12]+0.004*[#   2]+0.004*[#   4]+0.002*[#   5]+0.002*[#   9]
          
    |psi|^2 = 0.965
==== e(   8) =     4.32768 eV ==== 
     psi = 0.373*[#   6]+0.373*[#  10]+0.052*[#   7]+0.052*[#   8]+0.052*[#  11]
          +0.052*[#  12]+0.004*[#   2]+0.004*[#   4]+0.002*[#   5]+0.002*[#   9]
          
    |psi|^2 = 0.965
==== e(   9) =     4.35755 eV ==== 
     psi = 0.239*[#   7]+0.239*[#   8]+0.239*[#  11]+0.239*[#  12]
    |psi|^2 = 0.958
==== e(  10) =     4.35755 eV ==== 
     psi = 0.239*[#   7]+0.239*[#   8]+0.239*[#  11]+0.239*[#  12]
    |psi|^2 = 0.958
==== e(  11) =    15.25241 eV ==== 
     psi = 0.073*[#   2]+0.073*[#   4]+0.013*[#   5]+0.013*[#   9]+0.006*[#   6]
          +0.006*[#  10]+0.002*[#   7]+0.002*[#   8]+0.002*[#  11]+0.002*[#  12]
          
    |psi|^2 = 0.190
==== e(  12) =    15.25241 eV ==== 
     psi = 0.073*[#   2]+0.073*[#   4]+0.013*[#   5]+0.013*[#   9]+0.006*[#   6]
          +0.006*[#  10]+0.002*[#   7]+0.002*[#   8]+0.002*[#  11]+0.002*[#  12]
          
    |psi|^2 = 0.190
==== e(  13) =    20.52125 eV ==== 
     psi = 0.066*[#   2]+0.066*[#   4]+0.010*[#   7]+0.010*[#   8]+0.010*[#  11]
          +0.010*[#  12]+0.004*[#   5]+0.004*[#   9]+0.002*[#   6]+0.002*[#  10]
          
    |psi|^2 = 0.186
==== e(  14) =    20.52125 eV ==== 
     psi = 0.066*[#   2]+0.066*[#   4]+0.010*[#   7]+0.010*[#   8]+0.010*[#  11]
          +0.010*[#  12]+0.004*[#   5]+0.004*[#   9]+0.002*[#   6]+0.002*[#  10]
          
    |psi|^2 = 0.186

 k =   0.0000000000  0.5196152423  0.0000000000
==== e(   1) =   -90.49864 eV ==== 
     psi = 0.496*[#   1]+0.496*[#   3]+0.001*[#   7]+0.001*[#   8]+0.001*[#  11]
          +0.001*[#  12]
    |psi|^2 = 1.000
==== e(   2) =   -90.49775 eV ==== 
     psi = 0.494*[#   1]+0.494*[#   3]+0.002*[#   2]+0.002*[#   4]+0.001*[#   7]
          +0.001*[#   8]+0.001*[#  11]+0.001*[#  12]+0.001*[#   6]+0.001*[#  10]
          
    |psi|^2 = 1.000
==== e(   3) =   -10.83834 eV ==== 
     psi = 0.427*[#   5]+0.427*[#   9]+0.067*[#   2]+0.067*[#   4]
    |psi|^2 = 0.994
==== e(   4) =   -10.24041 eV ==== 
     psi = 0.490*[#   5]+0.490*[#   9]+0.002*[#   7]+0.002*[#   8]+0.002*[#  11]
          +0.002*[#  12]
    |psi|^2 = 0.989
==== e(   5) =     0.52951 eV ==== 
     psi = 0.197*[#   7]+0.197*[#   8]+0.197*[#  11]+0.197*[#  12]+0.043*[#   6]
          +0.043*[#  10]+0.039*[#   2]+0.039*[#   4]+0.008*[#   5]+0.008*[#   9]
          
    |psi|^2 = 0.969
==== e(   6) =     2.15224 eV ==== 
     psi = 0.218*[#   7]+0.218*[#   8]+0.218*[#  11]+0.218*[#  12]+0.040*[#   2]
          +0.040*[#   4]+0.010*[#   5]+0.010*[#   9]+0.003*[#   6]+0.003*[#  10]
          +0.002*[#   1]+0.002*[#   3]
    |psi|^2 = 0.981
==== e(   7) =     2.61022 eV ==== 
     psi = 0.416*[#   6]+0.416*[#  10]+0.039*[#   2]+0.039*[#   4]+0.015*[#   7]
          +0.015*[#   8]+0.015*[#  11]+0.015*[#  12]
    |psi|^2 = 0.973
==== e(   8) =     3.51011 eV ==== 
     psi = 0.238*[#   7]+0.238*[#   8]+0.238*[#  11]+0.238*[#  12]
    |psi|^2 = 0.953
==== e(   9) =     4.30292 eV ==== 
     psi = 0.468*[#   6]+0.468*[#  10]+0.002*[#   2]+0.002*[#   4]
    |psi|^2 = 0.941
==== e(  10) =     5.18680 eV ==== 
     psi = 0.243*[#   7]+0.243*[#   8]+0.243*[#  11]+0.243*[#  12]
    |psi|^2 = 0.970
==== e(  11) =    15.81765 eV ==== 
     psi = 0.031*[#   2]+0.031*[#   4]+0.018*[#   6]+0.018*[#  10]+0.008*[#   5]
          +0.008*[#   9]+0.002*[#   7]+0.002*[#   8]+0.002*[#  11]+0.002*[#  12]
          
    |psi|^2 = 0.121
==== e(  12) =    16.36183 eV ==== 
     psi = 0.007*[#   2]+0.007*[#   4]+0.004*[#   6]+0.004*[#  10]+0.002*[#   5]
          +0.002*[#   9]+0.002*[#   7]+0.002*[#   8]+0.002*[#  11]+0.002*[#  12]
          
    |psi|^2 = 0.038
==== e(  13) =    19.27425 eV ==== 
     psi = 0.299*[#   2]+0.299*[#   4]+0.044*[#   5]+0.044*[#   9]+0.017*[#   7]
          +0.017*[#   8]+0.017*[#  11]+0.017*[#  12]+0.004*[#   6]+0.004*[#  10]
          +0.001*[#   1]+0.001*[#   3]
    |psi|^2 = 0.765
==== e(  14) =    21.07337 eV ==== 
     psi = 0.097*[#   2]+0.097*[#   4]+0.014*[#   7]+0.014*[#   8]+0.014*[#  11]
          +0.014*[#  12]+0.003*[#   6]+0.003*[#  10]+0.001*[#   1]+0.001*[#   3]
          
    |psi|^2 = 0.259

 k =   0.0000000000  0.5196152423  0.0615999300
==== e(   1) =   -90.49862 eV ==== 
     psi = 0.496*[#   1]+0.496*[#   3]+0.001*[#   7]+0.001*[#   8]+0.001*[#  11]
          +0.001*[#  12]
    |psi|^2 = 1.000
==== e(   2) =   -90.49777 eV ==== 
     psi = 0.494*[#   1]+0.494*[#   3]+0.002*[#   2]+0.002*[#   4]+0.001*[#   7]
          +0.001*[#   8]+0.001*[#  11]+0.001*[#  12]+0.001*[#   6]+0.001*[#  10]
          
    |psi|^2 = 1.000
==== e(   3) =   -10.82458 eV ==== 
     psi = 0.430*[#   5]+0.430*[#   9]+0.065*[#   2]+0.065*[#   4]
    |psi|^2 = 0.994
==== e(   4) =   -10.25591 eV ==== 
     psi = 0.489*[#   5]+0.489*[#   9]+0.002*[#   7]+0.002*[#   8]+0.002*[#  11]
          +0.002*[#  12]+0.001*[#   2]+0.001*[#   4]
    |psi|^2 = 0.989
==== e(   5) =     0.50781 eV ==== 
     psi = 0.192*[#   7]+0.192*[#   8]+0.192*[#  11]+0.192*[#  12]+0.050*[#   6]
          +0.050*[#  10]+0.043*[#   2]+0.043*[#   4]+0.007*[#   5]+0.007*[#   9]
          
    |psi|^2 = 0.971
==== e(   6) =     2.00883 eV ==== 
     psi = 0.204*[#   7]+0.204*[#   8]+0.204*[#  11]+0.204*[#  12]+0.042*[#   2]
          +0.042*[#   4]+0.028*[#   6]+0.028*[#  10]+0.009*[#   5]+0.009*[#   9]
          +0.002*[#   1]+0.002*[#   3]
    |psi|^2 = 0.979
==== e(   7) =     2.75051 eV ==== 
     psi = 0.400*[#   6]+0.400*[#  10]+0.034*[#   2]+0.034*[#   4]+0.025*[#   7]
          +0.025*[#   8]+0.025*[#  11]+0.025*[#  12]+0.001*[#   5]+0.001*[#   9]
          
    |psi|^2 = 0.971
==== e(   8) =     3.54503 eV ==== 
     psi = 0.238*[#   7]+0.238*[#   8]+0.238*[#  11]+0.238*[#  12]
    |psi|^2 = 0.953
==== e(   9) =     4.39067 eV ==== 
     psi = 0.451*[#   6]+0.451*[#  10]+0.010*[#   7]+0.010*[#   8]+0.010*[#  11]
          +0.010*[#  12]+0.002*[#   2]+0.002*[#   4]
    |psi|^2 = 0.946
==== e(  10) =     5.13777 eV ==== 
     psi = 0.242*[#   7]+0.242*[#   8]+0.242*[#  11]+0.242*[#  12]
    |psi|^2 = 0.969
==== e(  11) =    15.65136 eV ==== 
     psi = 0.041*[#   2]+0.041*[#   4]+0.016*[#   6]+0.016*[#  10]+0.010*[#   5]
          +0.010*[#   9]+0.002*[#   7]+0.002*[#   8]+0.002*[#  11]+0.002*[#  12]
          
    |psi|^2 = 0.140
==== e(  12) =    16.29009 eV ==== 
     psi = 0.010*[#   2]+0.010*[#   4]+0.003*[#   6]+0.003*[#  10]+0.003*[#   5]
          +0.003*[#   9]+0.003*[#   7]+0.003*[#   8]+0.003*[#  11]+0.003*[#  12]
          
    |psi|^2 = 0.043
==== e(  13) =    19.54051 eV ==== 
     psi = 0.285*[#   2]+0.285*[#   4]+0.040*[#   5]+0.040*[#   9]+0.017*[#   7]
          +0.017*[#   8]+0.017*[#  11]+0.017*[#  12]+0.007*[#   6]+0.007*[#  10]
          +0.001*[#   1]+0.001*[#   3]
    |psi|^2 = 0.733
==== e(  14) =    20.97442 eV ==== 
     psi = 0.090*[#   2]+0.090*[#   4]+0.013*[#   7]+0.013*[#   8]+0.013*[#  11]
          +0.013*[#  12]+0.003*[#   6]+0.003*[#  10]
    |psi|^2 = 0.241

 k =   0.0000000000  0.5196152423  0.1231998600
==== e(   1) =   -90.49856 eV ==== 
     psi = 0.496*[#   1]+0.496*[#   3]+0.001*[#   7]+0.001*[#   8]+0.001*[#  11]
          +0.001*[#  12]
    |psi|^2 = 1.000
==== e(   2) =   -90.49784 eV ==== 
     psi = 0.494*[#   1]+0.494*[#   3]+0.002*[#   2]+0.002*[#   4]+0.001*[#   7]
          +0.001*[#   8]+0.001*[#  11]+0.001*[#  12]+0.001*[#   6]+0.001*[#  10]
          
    |psi|^2 = 1.000
==== e(   3) =   -10.78440 eV ==== 
     psi = 0.436*[#   5]+0.436*[#   9]+0.059*[#   2]+0.059*[#   4]
    |psi|^2 = 0.993
==== e(   4) =   -10.30065 eV ==== 
     psi = 0.487*[#   5]+0.487*[#   9]+0.003*[#   2]+0.003*[#   4]+0.002*[#   7]
          +0.002*[#   8]+0.002*[#  11]+0.002*[#  12]
    |psi|^2 = 0.989
==== e(   5) =     0.47405 eV ==== 
     psi = 0.184*[#   7]+0.184*[#   8]+0.184*[#  11]+0.184*[#  12]+0.063*[#   6]
          +0.063*[#  10]+0.051*[#   2]+0.051*[#   4]+0.004*[#   5]+0.004*[#   9]
          
    |psi|^2 = 0.975
==== e(   6) =     1.69570 eV ==== 
     psi = 0.190*[#   7]+0.190*[#   8]+0.190*[#  11]+0.190*[#  12]+0.052*[#   6]
          +0.052*[#  10]+0.046*[#   2]+0.046*[#   4]+0.008*[#   5]+0.008*[#   9]
          +0.002*[#   1]+0.002*[#   3]
    |psi|^2 = 0.977
==== e(   7) =     3.08793 eV ==== 
     psi = 0.390*[#   6]+0.390*[#  10]+0.033*[#   7]+0.033*[#   8]+0.033*[#  11]
          +0.033*[#  12]+0.025*[#   2]+0.025*[#   4]+0.002*[#   5]+0.002*[#   9]
          
    |psi|^2 = 0.968
==== e(   8) =     3.64774 eV ==== 
     psi = 0.238*[#   7]+0.238*[#   8]+0.238*[#  11]+0.238*[#  12]
    |psi|^2 = 0.953
==== e(   9) =     4.56449 eV ==== 
     psi = 0.425*[#   6]+0.425*[#  10]+0.025*[#   7]+0.025*[#   8]+0.025*[#  11]
          +0.025*[#  12]+0.001*[#   2]+0.001*[#   4]
    |psi|^2 = 0.954
==== e(  10) =     4.99845 eV ==== 
     psi = 0.242*[#   7]+0.242*[#   8]+0.242*[#  11]+0.242*[#  12]
    |psi|^2 = 0.967
==== e(  11) =    15.30338 eV ==== 
     psi = 0.055*[#   2]+0.055*[#   4]+0.013*[#   5]+0.013*[#   9]+0.009*[#   6]
          +0.009*[#  10]+0.001*[#   7]+0.001*[#   8]+0.001*[#  11]+0.001*[#  12]
          
    |psi|^2 = 0.161
==== e(  12) =    16.10259 eV ==== 
     psi = 0.015*[#   2]+0.015*[#   4]+0.004*[#   5]+0.004*[#   9]+0.003*[#   6]
          +0.003*[#  10]+0.003*[#   7]+0.003*[#   8]+0.003*[#  11]+0.003*[#  12]
          
    |psi|^2 = 0.053
==== e(  13) =    20.07301 eV ==== 
     psi = 0.227*[#   2]+0.227*[#   4]+0.026*[#   5]+0.026*[#   9]+0.016*[#   7]
          +0.016*[#   8]+0.016*[#  11]+0.016*[#  12]+0.010*[#   6]+0.010*[#  10]
          +0.001*[#   1]+0.001*[#   3]
    |psi|^2 = 0.595
==== e(  14) =    20.83922 eV ==== 
     psi = 0.112*[#   2]+0.112*[#   4]+0.012*[#   7]+0.012*[#   8]+0.012*[#  11]
          +0.012*[#  12]+0.006*[#   5]+0.006*[#   9]+0.004*[#   6]+0.004*[#  10]
          
    |psi|^2 = 0.295

 k =   0.0000000000  0.5196152423  0.1847997900
==== e(   1) =   -90.49846 eV ==== 
     psi = 0.496*[#   1]+0.496*[#   3]+0.001*[#   7]+0.001*[#   8]+0.001*[#  11]
          +0.001*[#  12]
    |psi|^2 = 1.000
==== e(   2) =   -90.49794 eV ==== 
     psi = 0.494*[#   1]+0.494*[#   3]+0.002*[#   2]+0.002*[#   4]+0.001*[#   7]
          +0.001*[#   8]+0.001*[#  11]+0.001*[#  12]+0.001*[#   6]+0.001*[#  10]
          
    |psi|^2 = 1.000
==== e(   3) =   -10.72109 eV ==== 
     psi = 0.445*[#   5]+0.445*[#   9]+0.049*[#   2]+0.049*[#   4]
    |psi|^2 = 0.992
==== e(   4) =   -10.36961 eV ==== 
     psi = 0.483*[#   5]+0.483*[#   9]+0.008*[#   2]+0.008*[#   4]+0.001*[#   7]
          +0.001*[#   8]+0.001*[#  11]+0.001*[#  12]
    |psi|^2 = 0.989
==== e(   5) =     0.48301 eV ==== 
     psi = 0.178*[#   7]+0.178*[#   8]+0.178*[#  11]+0.178*[#  12]+0.072*[#   6]
          +0.072*[#  10]+0.058*[#   2]+0.058*[#   4]+0.002*[#   5]+0.002*[#   9]
          +0.001*[#   1]+0.001*[#   3]
    |psi|^2 = 0.978
==== e(   6) =     1.33945 eV ==== 
     psi = 0.181*[#   7]+0.181*[#   8]+0.181*[#  11]+0.181*[#  12]+0.067*[#   6]
          +0.067*[#  10]+0.051*[#   2]+0.051*[#   4]+0.007*[#   5]+0.007*[#   9]
          +0.002*[#   1]+0.002*[#   3]
    |psi|^2 = 0.977
==== e(   7) =     3.52807 eV ==== 
     psi = 0.384*[#   6]+0.384*[#  10]+0.040*[#   7]+0.040*[#   8]+0.040*[#  11]
          +0.040*[#  12]+0.016*[#   2]+0.016*[#   4]+0.003*[#   5]+0.003*[#   9]
          
    |psi|^2 = 0.965
==== e(   8) =     3.81194 eV ==== 
     psi = 0.239*[#   7]+0.239*[#   8]+0.239*[#  11]+0.239*[#  12]
    |psi|^2 = 0.954
==== e(   9) =     4.67291 eV ==== 
     psi = 0.406*[#   6]+0.406*[#  10]+0.037*[#   7]+0.037*[#   8]+0.037*[#  11]
          +0.037*[#  12]
    |psi|^2 = 0.962
==== e(  10) =     4.78962 eV ==== 
     psi = 0.241*[#   7]+0.241*[#   8]+0.241*[#  11]+0.241*[#  12]
    |psi|^2 = 0.963
==== e(  11) =    15.02540 eV ==== 
     psi = 0.060*[#   2]+0.060*[#   4]+0.014*[#   5]+0.014*[#   9]+0.004*[#   6]
          +0.004*[#  10]
    |psi|^2 = 0.158
==== e(  12) =    15.80720 eV ==== 
     psi = 0.022*[#   2]+0.022*[#   4]+0.005*[#   5]+0.005*[#   9]+0.003*[#   6]
          +0.003*[#  10]+0.002*[#   7]+0.002*[#   8]+0.002*[#  11]+0.002*[#  12]
          
    |psi|^2 = 0.068
==== e(  13) =    20.28707 eV ==== 
     psi = 0.088*[#   2]+0.088*[#   4]+0.011*[#   7]+0.011*[#   8]+0.011*[#  11]
          +0.011*[#  12]+0.007*[#   5]+0.007*[#   9]+0.005*[#   6]+0.005*[#  10]
          
    |psi|^2 = 0.246
==== e(  14) =    21.01791 eV ==== 
     psi = 0.185*[#   2]+0.185*[#   4]+0.017*[#   7]+0.017*[#   8]+0.017*[#  11]
          +0.017*[#  12]+0.013*[#   5]+0.013*[#   9]+0.006*[#   6]+0.006*[#  10]
          +0.001*[#   1]+0.001*[#   3]
    |psi|^2 = 0.476

 k =   0.0000000000  0.5196152423  0.2463997200
==== e(   1) =   -90.49833 eV ==== 
     psi = 0.495*[#   1]+0.495*[#   3]+0.001*[#   7]+0.001*[#   8]+0.001*[#  11]
          +0.001*[#  12]
    |psi|^2 = 1.000
==== e(   2) =   -90.49806 eV ==== 
     psi = 0.494*[#   1]+0.494*[#   3]+0.002*[#   2]+0.002*[#   4]+0.001*[#   7]
          +0.001*[#   8]+0.001*[#  11]+0.001*[#  12]+0.001*[#   6]+0.001*[#  10]
          
    |psi|^2 = 1.000
==== e(   3) =   -10.64004 eV ==== 
     psi = 0.456*[#   5]+0.456*[#   9]+0.038*[#   2]+0.038*[#   4]
    |psi|^2 = 0.991
==== e(   4) =   -10.45526 eV ==== 
     psi = 0.476*[#   5]+0.476*[#   9]+0.015*[#   2]+0.015*[#   4]
    |psi|^2 = 0.989
==== e(   5) =     0.57013 eV ==== 
     psi = 0.175*[#   7]+0.175*[#   8]+0.175*[#  11]+0.175*[#  12]+0.076*[#   6]
          +0.076*[#  10]+0.061*[#   2]+0.061*[#   4]+0.002*[#   5]+0.002*[#   9]
          +0.002*[#   1]+0.002*[#   3]
    |psi|^2 = 0.980
==== e(   6) =     1.01059 eV ==== 
     psi = 0.176*[#   7]+0.176*[#   8]+0.176*[#  11]+0.176*[#  12]+0.074*[#   6]
          +0.074*[#  10]+0.056*[#   2]+0.056*[#   4]+0.005*[#   5]+0.005*[#   9]
          +0.002*[#   1]+0.002*[#   3]
    |psi|^2 = 0.979
==== e(   7) =     3.98541 eV ==== 
     psi = 0.383*[#   6]+0.383*[#  10]+0.044*[#   7]+0.044*[#   8]+0.044*[#  11]
          +0.044*[#  12]+0.009*[#   2]+0.009*[#   4]+0.003*[#   5]+0.003*[#   9]
          
    |psi|^2 = 0.965
==== e(   8) =     4.02673 eV ==== 
     psi = 0.239*[#   7]+0.239*[#   8]+0.239*[#  11]+0.239*[#  12]
    |psi|^2 = 0.955
==== e(   9) =     4.53919 eV ==== 
     psi = 0.240*[#   7]+0.240*[#   8]+0.240*[#  11]+0.240*[#  12]
    |psi|^2 = 0.960
==== e(  10) =     4.61725 eV ==== 
     psi = 0.394*[#   6]+0.394*[#  10]+0.044*[#   7]+0.044*[#   8]+0.044*[#  11]
          +0.044*[#  12]+0.001*[#   2]+0.001*[#   4]+0.001*[#   5]+0.001*[#   9]
          
    |psi|^2 = 0.967
==== e(  11) =    14.95807 eV ==== 
     psi = 0.054*[#   2]+0.054*[#   4]+0.012*[#   5]+0.012*[#   9]+0.001*[#   6]
          +0.001*[#  10]
    |psi|^2 = 0.138
==== e(  12) =    15.44510 eV ==== 
     psi = 0.031*[#   2]+0.031*[#   4]+0.006*[#   5]+0.006*[#   9]+0.003*[#   6]
          +0.003*[#  10]+0.002*[#   7]+0.002*[#   8]+0.002*[#  11]+0.002*[#  12]
          
    |psi|^2 = 0.088
==== e(  13) =    20.36124 eV ==== 
     psi = 0.051*[#   2]+0.051*[#   4]+0.009*[#   7]+0.009*[#   8]+0.009*[#  11]
          +0.009*[#  12]+0.002*[#   5]+0.002*[#   6]+0.002*[#   9]+0.002*[#  10]
          
    |psi|^2 = 0.148
==== e(  14) =    20.90739 eV ==== 
     psi = 0.086*[#   2]+0.086*[#   4]+0.012*[#   7]+0.012*[#   8]+0.012*[#  11]
          +0.012*[#  12]+0.004*[#   5]+0.004*[#   9]
    |psi|^2 = 0.233

 k =   0.0000000000  0.5196152423 -0.3079996500
==== e(   1) =   -90.49820 eV ==== 
     psi = 0.495*[#   1]+0.495*[#   3]+0.001*[#   7]+0.001*[#   8]+0.001*[#  11]
          +0.001*[#  12]+0.001*[#   2]+0.001*[#   4]
    |psi|^2 = 1.000
==== e(   2) =   -90.49819 eV ==== 
     psi = 0.495*[#   1]+0.495*[#   3]+0.001*[#   7]+0.001*[#   8]+0.001*[#  11]
          +0.001*[#  12]+0.001*[#   2]+0.001*[#   4]
    |psi|^2 = 1.000
==== e(   3) =   -10.54853 eV ==== 
     psi = 0.467*[#   5]+0.467*[#   9]+0.026*[#   2]+0.026*[#   4]
    |psi|^2 = 0.990
==== e(   4) =   -10.54853 eV ==== 
     psi = 0.467*[#   5]+0.467*[#   9]+0.026*[#   2]+0.026*[#   4]
    |psi|^2 = 0.990
==== e(   5) =     0.74761 eV ==== 
     psi = 0.174*[#   7]+0.174*[#   8]+0.174*[#  11]+0.174*[#  12]+0.077*[#   6]
          +0.077*[#  10]+0.060*[#   2]+0.060*[#   4]+0.003*[#   5]+0.003*[#   9]
          +0.002*[#   1]+0.002*[#   3]
    |psi|^2 = 0.980
==== e(   6) =     0.74761 eV ==== 
     psi = 0.174*[#   7]+0.174*[#   8]+0.174*[#  11]+0.174*[#  12]+0.077*[#   6]
          +0.077*[#  10]+0.060*[#   2]+0.060*[#   4]+0.003*[#   5]+0.003*[#   9]
          +0.002*[#   1]+0.002*[#   3]
    |psi|^2 = 0.980
==== e(   7) =     4.27621 eV ==== 
     psi = 0.239*[#   7]+0.239*[#   8]+0.239*[#  11]+0.239*[#  12]
    |psi|^2 = 0.957
==== e(   8) =     4.27621 eV ==== 
     psi = 0.239*[#   7]+0.239*[#   8]+0.239*[#  11]+0.239*[#  12]
    |psi|^2 = 0.957
==== e(   9) =     4.37413 eV ==== 
     psi = 0.386*[#   6]+0.386*[#  10]+0.046*[#   7]+0.046*[#   8]+0.046*[#  11]
          +0.046*[#  12]+0.004*[#   2]+0.004*[#   4]+0.002*[#   5]+0.002*[#   9]
          
    |psi|^2 = 0.967
==== e(  10) =     4.37413 eV ==== 
     psi = 0.386*[#   6]+0.386*[#  10]+0.046*[#   7]+0.046*[#   8]+0.046*[#  11]
          +0.046*[#  12]+0.004*[#   2]+0.004*[#   4]+0.002*[#   5]+0.002*[#   9]
          
    |psi|^2 = 0.967
==== e(  11) =    15.12200 eV ==== 
     psi = 0.043*[#   2]+0.043*[#   4]+0.009*[#   5]+0.009*[#   9]+0.002*[#   6]
          +0.002*[#  10]
    |psi|^2 = 0.112
==== e(  12) =    15.12200 eV ==== 
     psi = 0.043*[#   2]+0.043*[#   4]+0.009*[#   5]+0.009*[#   9]+0.002*[#   6]
          +0.002*[#  10]
    |psi|^2 = 0.112
==== e(  13) =    20.58126 eV ==== 
     psi = 0.051*[#   2]+0.051*[#   4]+0.009*[#   7]+0.009*[#   8]+0.009*[#  11]
          +0.009*[#  12]+0.002*[#   5]+0.002*[#   9]+0.001*[#   6]+0.001*[#  10]
          
    |psi|^2 = 0.146
==== e(  14) =    20.58126 eV ==== 
     psi = 0.051*[#   2]+0.051*[#   4]+0.009*[#   7]+0.009*[#   8]+0.009*[#  11]
          +0.009*[#  12]+0.002*[#   5]+0.002*[#   9]+0.001*[#   6]+0.001*[#  10]
          
    |psi|^2 = 0.146

 k =   0.0000000000 -0.5773502692  0.0000000000
==== e(   1) =   -90.49856 eV ==== 
     psi = 0.496*[#   1]+0.496*[#   3]+0.001*[#   7]+0.001*[#   8]+0.001*[#  11]
          +0.001*[#  12]
    |psi|^2 = 1.000
==== e(   2) =   -90.49775 eV ==== 
     psi = 0.494*[#   1]+0.494*[#   3]+0.002*[#   2]+0.002*[#   4]+0.002*[#   7]
          +0.002*[#   8]+0.002*[#  11]+0.002*[#  12]+0.001*[#   6]+0.001*[#  10]
          
    |psi|^2 = 1.000
==== e(   3) =   -10.75943 eV ==== 
     psi = 0.438*[#   5]+0.438*[#   9]+0.058*[#   2]+0.058*[#   4]
    |psi|^2 = 0.994
==== e(   4) =   -10.25862 eV ==== 
     psi = 0.487*[#   5]+0.487*[#   9]+0.003*[#   7]+0.003*[#   8]+0.003*[#  11]
          +0.003*[#  12]+0.002*[#   2]+0.002*[#   4]
    |psi|^2 = 0.989
==== e(   5) =     0.44652 eV ==== 
     psi = 0.199*[#   7]+0.199*[#   8]+0.199*[#  11]+0.199*[#  12]+0.043*[#   2]
          +0.043*[#   4]+0.037*[#   6]+0.037*[#  10]+0.007*[#   5]+0.007*[#   9]
          
    |psi|^2 = 0.971
==== e(   6) =     2.07185 eV ==== 
     psi = 0.219*[#   7]+0.219*[#   8]+0.219*[#  11]+0.219*[#  12]+0.042*[#   2]
          +0.042*[#   4]+0.008*[#   5]+0.008*[#   9]+0.002*[#   1]+0.002*[#   3]
          
    |psi|^2 = 0.981
==== e(   7) =     2.75589 eV ==== 
     psi = 0.428*[#   6]+0.428*[#  10]+0.033*[#   2]+0.033*[#   4]+0.012*[#   7]
          +0.012*[#   8]+0.012*[#  11]+0.012*[#  12]
    |psi|^2 = 0.973
==== e(   8) =     3.47835 eV ==== 
     psi = 0.238*[#   7]+0.238*[#   8]+0.238*[#  11]+0.238*[#  12]
    |psi|^2 = 0.953
==== e(   9) =     4.15905 eV ==== 
     psi = 0.465*[#   6]+0.465*[#  10]+0.003*[#   2]+0.003*[#   4]
    |psi|^2 = 0.937
==== e(  10) =     5.16519 eV ==== 
     psi = 0.242*[#   7]+0.242*[#   8]+0.242*[#  11]+0.242*[#  12]
    |psi|^2 = 0.970
==== e(  11) =    15.82908 eV ==== 
     psi = 0.022*[#   6]+0.022*[#  10]+0.009*[#   2]+0.009*[#   4]+0.004*[#   5]
          +0.004*[#   9]
    |psi|^2 = 0.072
==== e(  12) =    16.25381 eV ==== 
     psi = 0.006*[#   2]+0.006*[#   4]+0.003*[#   7]+0.003*[#   8]+0.003*[#  11]
          +0.003*[#  12]+0.002*[#   5]+0.002*[#   9]
    |psi|^2 = 0.031
==== e(  13) =    19.35920 eV ==== 
     psi = 0.325*[#   2]+0.325*[#   4]+0.043*[#   5]+0.043*[#   9]+0.017*[#   7]
          +0.017*[#   8]+0.017*[#  11]+0.017*[#  12]+0.004*[#   6]+0.004*[#  10]
          +0.002*[#   1]+0.002*[#   3]
    |psi|^2 = 0.816
==== e(  14) =    21.00845 eV ==== 
     psi = 0.094*[#   2]+0.094*[#   4]+0.015*[#   7]+0.015*[#   8]+0.015*[#  11]
          +0.015*[#  12]+0.003*[#   6]+0.003*[#  10]+0.001*[#   1]+0.001*[#   3]
          
    |psi|^2 = 0.254

 k =   0.0000000000 -0.5773502692  0.0615999300
==== e(   1) =   -90.49854 eV ==== 
     psi = 0.496*[#   1]+0.496*[#   3]+0.001*[#   7]+0.001*[#   8]+0.001*[#  11]
          +0.001*[#  12]
    |psi|^2 = 1.000
==== e(   2) =   -90.49777 eV ==== 
     psi = 0.494*[#   1]+0.494*[#   3]+0.002*[#   2]+0.002*[#   4]+0.001*[#   7]
          +0.001*[#   8]+0.001*[#  11]+0.001*[#  12]+0.001*[#   6]+0.001*[#  10]
          
    |psi|^2 = 1.000
==== e(   3) =   -10.74765 eV ==== 
     psi = 0.440*[#   5]+0.440*[#   9]+0.056*[#   2]+0.056*[#   4]
    |psi|^2 = 0.993
==== e(   4) =   -10.27128 eV ==== 
     psi = 0.487*[#   5]+0.487*[#   9]+0.003*[#   2]+0.003*[#   4]+0.002*[#   7]
          +0.002*[#   8]+0.002*[#  11]+0.002*[#  12]
    |psi|^2 = 0.989
==== e(   5) =     0.42642 eV ==== 
     psi = 0.195*[#   7]+0.195*[#   8]+0.195*[#  11]+0.195*[#  12]+0.046*[#   2]
          +0.046*[#   4]+0.043*[#   6]+0.043*[#  10]+0.006*[#   5]+0.006*[#   9]
          
    |psi|^2 = 0.973
==== e(   6) =     1.93670 eV ==== 
     psi = 0.209*[#   7]+0.209*[#   8]+0.209*[#  11]+0.209*[#  12]+0.043*[#   2]
          +0.043*[#   4]+0.019*[#   6]+0.019*[#  10]+0.007*[#   5]+0.007*[#   9]
          +0.002*[#   1]+0.002*[#   3]
    |psi|^2 = 0.979
==== e(   7) =     2.87176 eV ==== 
     psi = 0.421*[#   6]+0.421*[#  10]+0.030*[#   2]+0.030*[#   4]+0.016*[#   7]
          +0.016*[#   8]+0.016*[#  11]+0.016*[#  12]+0.001*[#   5]+0.001*[#   9]
          
    |psi|^2 = 0.971
==== e(   8) =     3.51344 eV ==== 
     psi = 0.238*[#   7]+0.238*[#   8]+0.238*[#  11]+0.238*[#  12]
    |psi|^2 = 0.953
==== e(   9) =     4.26352 eV ==== 
     psi = 0.447*[#   6]+0.447*[#  10]+0.010*[#   7]+0.010*[#   8]+0.010*[#  11]
          +0.010*[#  12]+0.003*[#   2]+0.003*[#   4]
    |psi|^2 = 0.941
==== e(  10) =     5.11579 eV ==== 
     psi = 0.242*[#   7]+0.242*[#   8]+0.242*[#  11]+0.242*[#  12]
    |psi|^2 = 0.969
==== e(  11) =    15.64667 eV ==== 
     psi = 0.023*[#   2]+0.023*[#   4]+0.018*[#   6]+0.018*[#  10]+0.007*[#   5]
          +0.007*[#   9]
    |psi|^2 = 0.096
==== e(  12) =    16.20221 eV ==== 
     psi = 0.007*[#   2]+0.007*[#   4]+0.003*[#   7]+0.003*[#   8]+0.003*[#  11]
          +0.003*[#  12]+0.002*[#   5]+0.002*[#   9]
    |psi|^2 = 0.033
==== e(  13) =    19.64092 eV ==== 
     psi = 0.314*[#   2]+0.314*[#   4]+0.039*[#   5]+0.039*[#   9]+0.017*[#   7]
          +0.017*[#   8]+0.017*[#  11]+0.017*[#  12]+0.007*[#   6]+0.007*[#  10]
          +0.002*[#   1]+0.002*[#   3]
    |psi|^2 = 0.790
==== e(  14) =    20.88522 eV ==== 
     psi = 0.082*[#   2]+0.082*[#   4]+0.013*[#   7]+0.013*[#   8]+0.013*[#  11]
          +0.013*[#  12]+0.003*[#   6]+0.003*[#  10]
    |psi|^2 = 0.225

 k =   0.0000000000 -0.5773502692  0.1231998600
==== e(   1) =   -90.49849 eV ==== 
     psi = 0.496*[#   1]+0.496*[#   3]+0.001*[#   7]+0.001*[#   8]+0.001*[#  11]
          +0.001*[#  12]
    |psi|^2 = 1.000
==== e(   2) =   -90.49783 eV ==== 
     psi = 0.494*[#   1]+0.494*[#   3]+0.002*[#   2]+0.002*[#   4]+0.001*[#   7]
          +0.001*[#   8]+0.001*[#  11]+0.001*[#  12]+0.001*[#   6]+0.001*[#  10]
          
    |psi|^2 = 1.000
==== e(   3) =   -10.71333 eV ==== 
     psi = 0.445*[#   5]+0.445*[#   9]+0.050*[#   2]+0.050*[#   4]
    |psi|^2 = 0.993
==== e(   4) =   -10.30794 eV ==== 
     psi = 0.486*[#   5]+0.486*[#   9]+0.004*[#   2]+0.004*[#   4]+0.002*[#   7]
          +0.002*[#   8]+0.002*[#  11]+0.002*[#  12]
    |psi|^2 = 0.989
==== e(   5) =     0.39460 eV ==== 
     psi = 0.187*[#   7]+0.187*[#   8]+0.187*[#  11]+0.187*[#  12]+0.056*[#   6]
          +0.056*[#  10]+0.053*[#   2]+0.053*[#   4]+0.003*[#   5]+0.003*[#   9]
          +0.001*[#   1]+0.001*[#   3]
    |psi|^2 = 0.976
==== e(   6) =     1.62140 eV ==== 
     psi = 0.194*[#   7]+0.194*[#   8]+0.194*[#  11]+0.194*[#  12]+0.047*[#   6]
          +0.047*[#  10]+0.047*[#   2]+0.047*[#   4]+0.006*[#   5]+0.006*[#   9]
          +0.002*[#   1]+0.002*[#   3]
    |psi|^2 = 0.977
==== e(   7) =     3.18027 eV ==== 
     psi = 0.407*[#   6]+0.407*[#  10]+0.026*[#   7]+0.026*[#   8]+0.026*[#  11]
          +0.026*[#  12]+0.023*[#   2]+0.023*[#   4]+0.002*[#   5]+0.002*[#   9]
          
    |psi|^2 = 0.969
==== e(   8) =     3.61665 eV ==== 
     psi = 0.238*[#   7]+0.238*[#   8]+0.238*[#  11]+0.238*[#  12]
    |psi|^2 = 0.953
==== e(   9) =     4.47264 eV ==== 
     psi = 0.421*[#   6]+0.421*[#  10]+0.027*[#   7]+0.027*[#   8]+0.027*[#  11]
          +0.027*[#  12]+0.001*[#   2]+0.001*[#   4]
    |psi|^2 = 0.951
==== e(  10) =     4.97545 eV ==== 
     psi = 0.242*[#   7]+0.242*[#   8]+0.242*[#  11]+0.242*[#  12]
    |psi|^2 = 0.966
==== e(  11) =    15.28045 eV ==== 
     psi = 0.040*[#   2]+0.040*[#   4]+0.010*[#   5]+0.010*[#   9]+0.010*[#   6]
          +0.010*[#  10]
    |psi|^2 = 0.124
==== e(  12) =    16.03770 eV ==== 
     psi = 0.009*[#   2]+0.009*[#   4]+0.003*[#   5]+0.003*[#   9]+0.003*[#   7]
          +0.003*[#   8]+0.003*[#  11]+0.003*[#  12]+0.001*[#   6]+0.001*[#  10]
          
    |psi|^2 = 0.038
==== e(  13) =    20.28534 eV ==== 
     psi = 0.296*[#   2]+0.296*[#   4]+0.031*[#   5]+0.031*[#   9]+0.018*[#   7]
          +0.018*[#   8]+0.018*[#  11]+0.018*[#  12]+0.011*[#   6]+0.011*[#  10]
          +0.002*[#   1]+0.002*[#   3]
    |psi|^2 = 0.750
==== e(  14) =    20.62343 eV ==== 
     psi = 0.058*[#   2]+0.058*[#   4]+0.011*[#   7]+0.011*[#   8]+0.011*[#  11]
          +0.011*[#  12]+0.003*[#   6]+0.003*[#  10]
    |psi|^2 = 0.168

 k =   0.0000000000 -0.5773502692  0.1847997900
==== e(   1) =   -90.49840 eV ==== 
     psi = 0.495*[#   1]+0.495*[#   3]+0.001*[#   7]+0.001*[#   8]+0.001*[#  11]
          +0.001*[#  12]
    |psi|^2 = 1.000
==== e(   2) =   -90.49792 eV ==== 
     psi = 0.494*[#   1]+0.494*[#   3]+0.002*[#   2]+0.002*[#   4]+0.001*[#   7]
          +0.001*[#   8]+0.001*[#  11]+0.001*[#  12]+0.001*[#   6]+0.001*[#  10]
          
    |psi|^2 = 1.000
==== e(   3) =   -10.65943 eV ==== 
     psi = 0.454*[#   5]+0.454*[#   9]+0.041*[#   2]+0.041*[#   4]
    |psi|^2 = 0.992
==== e(   4) =   -10.36475 eV ==== 
     psi = 0.484*[#   5]+0.484*[#   9]+0.006*[#   2]+0.006*[#   4]+0.002*[#   7]
          +0.002*[#   8]+0.002*[#  11]+0.002*[#  12]
    |psi|^2 = 0.989
==== e(   5) =     0.40305 eV ==== 
     psi = 0.181*[#   7]+0.181*[#   8]+0.181*[#  11]+0.181*[#  12]+0.066*[#   6]
          +0.066*[#  10]+0.060*[#   2]+0.060*[#   4]+0.001*[#   1]+0.001*[#   3]
          +0.001*[#   5]+0.001*[#   9]
    |psi|^2 = 0.979
==== e(   6) =     1.25878 eV ==== 
     psi = 0.183*[#   7]+0.183*[#   8]+0.183*[#  11]+0.183*[#  12]+0.064*[#   6]
          +0.064*[#  10]+0.052*[#   2]+0.052*[#   4]+0.004*[#   5]+0.004*[#   9]
          +0.002*[#   1]+0.002*[#   3]
    |psi|^2 = 0.977
==== e(   7) =     3.59704 eV ==== 
     psi = 0.396*[#   6]+0.396*[#  10]+0.035*[#   7]+0.035*[#   8]+0.035*[#  11]
          +0.035*[#  12]+0.015*[#   2]+0.015*[#   4]+0.003*[#   5]+0.003*[#   9]
          
    |psi|^2 = 0.967
==== e(   8) =     3.78168 eV ==== 
     psi = 0.238*[#   7]+0.238*[#   8]+0.238*[#  11]+0.238*[#  12]
    |psi|^2 = 0.954
==== e(   9) =     4.62002 eV ==== 
     psi = 0.404*[#   6]+0.404*[#  10]+0.038*[#   7]+0.038*[#   8]+0.038*[#  11]
          +0.038*[#  12]
    |psi|^2 = 0.961
==== e(  10) =     4.76515 eV ==== 
     psi = 0.241*[#   7]+0.241*[#   8]+0.241*[#  11]+0.241*[#  12]
    |psi|^2 = 0.963
==== e(  11) =    14.99129 eV ==== 
     psi = 0.047*[#   2]+0.047*[#   4]+0.011*[#   5]+0.011*[#   9]+0.003*[#   6]
          +0.003*[#  10]
    |psi|^2 = 0.124
==== e(  12) =    15.75387 eV ==== 
     psi = 0.014*[#   2]+0.014*[#   4]+0.004*[#   5]+0.004*[#   9]+0.002*[#   7]
          +0.002*[#   8]+0.002*[#  11]+0.002*[#  12]+0.002*[#   6]+0.002*[#  10]
          
    |psi|^2 = 0.047
==== e(  13) =    20.42253 eV ==== 
     psi = 0.040*[#   2]+0.040*[#   4]+0.009*[#   7]+0.009*[#   8]+0.009*[#  11]
          +0.009*[#  12]+0.002*[#   6]+0.002*[#  10]
    |psi|^2 = 0.122
==== e(  14) =    20.88422 eV ==== 
     psi = 0.241*[#   2]+0.241*[#   4]+0.019*[#   7]+0.019*[#   8]+0.019*[#  11]
          +0.019*[#  12]+0.018*[#   5]+0.018*[#   9]+0.009*[#   6]+0.009*[#  10]
          +0.002*[#   1]+0.002*[#   3]
    |psi|^2 = 0.614

 k =   0.0000000000 -0.5773502692  0.2463997200
==== e(   1) =   -90.49828 eV ==== 
     psi = 0.495*[#   1]+0.495*[#   3]+0.001*[#   7]+0.001*[#   8]+0.001*[#  11]
          +0.001*[#  12]+0.001*[#   2]+0.001*[#   4]
    |psi|^2 = 1.000
==== e(   2) =   -90.49803 eV ==== 
     psi = 0.494*[#   1]+0.494*[#   3]+0.002*[#   2]+0.002*[#   4]+0.001*[#   7]
          +0.001*[#   8]+0.001*[#  11]+0.001*[#  12]+0.001*[#   6]+0.001*[#  10]
          
    |psi|^2 = 1.000
==== e(   3) =   -10.59078 eV ==== 
     psi = 0.463*[#   5]+0.463*[#   9]+0.031*[#   2]+0.031*[#   4]
    |psi|^2 = 0.991
==== e(   4) =   -10.43579 eV ==== 
     psi = 0.479*[#   5]+0.479*[#   9]+0.012*[#   2]+0.012*[#   4]+0.001*[#   7]
          +0.001*[#   8]+0.001*[#  11]+0.001*[#  12]
    |psi|^2 = 0.989
==== e(   5) =     0.48789 eV ==== 
     psi = 0.177*[#   7]+0.177*[#   8]+0.177*[#  11]+0.177*[#  12]+0.072*[#   6]
          +0.072*[#  10]+0.062*[#   2]+0.062*[#   4]+0.002*[#   1]+0.002*[#   3]
          
    |psi|^2 = 0.981
==== e(   6) =     0.92640 eV ==== 
     psi = 0.178*[#   7]+0.178*[#   8]+0.178*[#  11]+0.178*[#  12]+0.072*[#   6]
          +0.072*[#  10]+0.057*[#   2]+0.057*[#   4]+0.002*[#   5]+0.002*[#   9]
          +0.002*[#   1]+0.002*[#   3]
    |psi|^2 = 0.979
==== e(   7) =     3.99762 eV ==== 
     psi = 0.239*[#   7]+0.239*[#   8]+0.239*[#  11]+0.239*[#  12]
    |psi|^2 = 0.955
==== e(   8) =     4.03072 eV ==== 
     psi = 0.390*[#   6]+0.390*[#  10]+0.041*[#   7]+0.041*[#   8]+0.041*[#  11]
          +0.041*[#  12]+0.008*[#   2]+0.008*[#   4]+0.003*[#   5]+0.003*[#   9]
          
    |psi|^2 = 0.967
==== e(   9) =     4.51309 eV ==== 
     psi = 0.240*[#   7]+0.240*[#   8]+0.240*[#  11]+0.240*[#  12]
    |psi|^2 = 0.960
==== e(  10) =     4.60184 eV ==== 
     psi = 0.395*[#   6]+0.395*[#  10]+0.043*[#   7]+0.043*[#   8]+0.043*[#  11]
          +0.043*[#  12]
    |psi|^2 = 0.966
==== e(  11) =    14.91648 eV ==== 
     psi = 0.042*[#   2]+0.042*[#   4]+0.010*[#   5]+0.010*[#   9]
    |psi|^2 = 0.106
==== e(  12) =    15.39661 eV ==== 
     psi = 0.021*[#   2]+0.021*[#   4]+0.006*[#   5]+0.006*[#   9]+0.001*[#   7]
          +0.001*[#   8]+0.001*[#  11]+0.001*[#  12]+0.001*[#   6]+0.001*[#  10]
          
    |psi|^2 = 0.062
==== e(  13) =    20.40950 eV ==== 
     psi = 0.034*[#   2]+0.034*[#   4]+0.008*[#   7]+0.008*[#   8]+0.008*[#  11]
          +0.008*[#  12]+0.001*[#   6]+0.001*[#  10]
    |psi|^2 = 0.105
==== e(  14) =    20.89227 eV ==== 
     psi = 0.095*[#   2]+0.095*[#   4]+0.013*[#   7]+0.013*[#   8]+0.013*[#  11]
          +0.013*[#  12]+0.004*[#   5]+0.004*[#   9]+0.001*[#   6]+0.001*[#  10]
          
    |psi|^2 = 0.253

 k =   0.0000000000 -0.5773502692 -0.3079996500
==== e(   1) =   -90.49816 eV ==== 
     psi = 0.495*[#   1]+0.495*[#   3]+0.001*[#   2]+0.001*[#   4]+0.001*[#   7]
          +0.001*[#   8]+0.001*[#  11]+0.001*[#  12]
    |psi|^2 = 1.000
==== e(   2) =   -90.49815 eV ==== 
     psi = 0.495*[#   1]+0.495*[#   3]+0.001*[#   2]+0.001*[#   4]+0.001*[#   7]
          +0.001*[#   8]+0.001*[#  11]+0.001*[#  12]
    |psi|^2 = 1.000
==== e(   3) =   -10.51374 eV ==== 
     psi = 0.472*[#   5]+0.472*[#   9]+0.020*[#   2]+0.020*[#   4]
    |psi|^2 = 0.989
==== e(   4) =   -10.51374 eV ==== 
     psi = 0.472*[#   5]+0.472*[#   9]+0.020*[#   2]+0.020*[#   4]
    |psi|^2 = 0.989
==== e(   5) =     0.66332 eV ==== 
     psi = 0.176*[#   7]+0.176*[#   8]+0.176*[#  11]+0.176*[#  12]+0.074*[#   6]
          +0.074*[#  10]+0.061*[#   2]+0.061*[#   4]+0.002*[#   1]+0.002*[#   3]
          
    |psi|^2 = 0.980
==== e(   6) =     0.66332 eV ==== 
     psi = 0.176*[#   7]+0.176*[#   8]+0.176*[#  11]+0.176*[#  12]+0.074*[#   6]
          +0.074*[#  10]+0.061*[#   2]+0.061*[#   4]+0.002*[#   1]+0.002*[#   3]
          
    |psi|^2 = 0.980
==== e(   7) =     4.24851 eV ==== 
     psi = 0.239*[#   7]+0.239*[#   8]+0.239*[#  11]+0.239*[#  12]
    |psi|^2 = 0.957
==== e(   8) =     4.24851 eV ==== 
     psi = 0.239*[#   7]+0.239*[#   8]+0.239*[#  11]+0.239*[#  12]
    |psi|^2 = 0.957
==== e(   9) =     4.39180 eV ==== 
     psi = 0.391*[#   6]+0.391*[#  10]+0.044*[#   7]+0.044*[#   8]+0.044*[#  11]
          +0.044*[#  12]+0.004*[#   2]+0.004*[#   4]+0.002*[#   5]+0.002*[#   9]
          
    |psi|^2 = 0.967
==== e(  10) =     4.39180 eV ==== 
     psi = 0.391*[#   6]+0.391*[#  10]+0.044*[#   7]+0.044*[#   8]+0.044*[#  11]
          +0.044*[#  12]+0.004*[#   2]+0.004*[#   4]+0.002*[#   5]+0.002*[#   9]
          
    |psi|^2 = 0.967
==== e(  11) =    15.07614 eV ==== 
     psi = 0.032*[#   2]+0.032*[#   4]+0.008*[#   5]+0.008*[#   9]
    |psi|^2 = 0.083
==== e(  12) =    15.07614 eV ==== 
     psi = 0.032*[#   2]+0.032*[#   4]+0.008*[#   5]+0.008*[#   9]
    |psi|^2 = 0.083
==== e(  13) =    20.59831 eV ==== 
     psi = 0.044*[#   2]+0.044*[#   4]+0.009*[#   7]+0.009*[#   8]+0.009*[#  11]
          +0.009*[#  12]+0.001*[#   5]+0.001*[#   9]
    |psi|^2 = 0.128
==== e(  14) =    20.59831 eV ==== 
     psi = 0.044*[#   2]+0.044*[#   4]+0.009*[#   7]+0.009*[#   8]+0.009*[#  11]
          +0.009*[#  12]+0.001*[#   5]+0.001*[#   9]
    |psi|^2 = 0.128

 k =   0.0500000000  0.0866025404  0.0000000000
==== e(   1) =   -90.50079 eV ==== 
     psi = 0.494*[#   1]+0.494*[#   3]+0.005*[#   2]+0.005*[#   4]
    |psi|^2 = 1.000
==== e(   2) =   -90.49842 eV ==== 
     psi = 0.496*[#   1]+0.496*[#   3]+0.003*[#   6]+0.003*[#  10]
    |psi|^2 = 1.000
==== e(   3) =   -12.36945 eV ==== 
     psi = 0.275*[#   5]+0.275*[#   9]+0.220*[#   2]+0.220*[#   4]+0.004*[#   1]
          +0.004*[#   3]
    |psi|^2 = 0.999
==== e(   4) =   -10.64109 eV ==== 
     psi = 0.455*[#   5]+0.455*[#   9]+0.038*[#   2]+0.038*[#   4]+0.002*[#   6]
          +0.002*[#  10]
    |psi|^2 = 0.992
==== e(   5) =     0.05271 eV ==== 
     psi = 0.434*[#   6]+0.434*[#  10]+0.049*[#   2]+0.049*[#   4]+0.002*[#   1]
          +0.002*[#   3]
    |psi|^2 = 0.971
==== e(   6) =     4.74997 eV ==== 
     psi = 0.238*[#   7]+0.238*[#   8]+0.238*[#  11]+0.238*[#  12]+0.005*[#   2]
          +0.005*[#   4]+0.001*[#   5]+0.001*[#   9]
    |psi|^2 = 0.967
==== e(   7) =     4.90794 eV ==== 
     psi = 0.240*[#   7]+0.240*[#   8]+0.240*[#  11]+0.240*[#  12]+0.001*[#   5]
          +0.001*[#   9]
    |psi|^2 = 0.965
==== e(   8) =     5.66699 eV ==== 
     psi = 0.237*[#   7]+0.237*[#   8]+0.237*[#  11]+0.237*[#  12]+0.011*[#   5]
          +0.011*[#   9]+0.007*[#   2]+0.007*[#   4]
    |psi|^2 = 0.987
==== e(   9) =     5.97531 eV ==== 
     psi = 0.246*[#   7]+0.246*[#   8]+0.246*[#  11]+0.246*[#  12]
    |psi|^2 = 0.986
==== e(  10) =     6.01869 eV ==== 
     psi = 0.491*[#   6]+0.491*[#  10]
    |psi|^2 = 0.984
==== e(  11) =    13.89720 eV ==== 
     psi = 0.260*[#   2]+0.260*[#   4]+0.206*[#   5]+0.206*[#   9]+0.009*[#   7]
          +0.009*[#   8]+0.009*[#  11]+0.009*[#  12]+0.001*[#   1]+0.001*[#   3]
          
    |psi|^2 = 0.970
==== e(  12) =    17.89475 eV ==== 
     psi = 0.120*[#   2]+0.120*[#   4]+0.020*[#   5]+0.020*[#   9]+0.001*[#   7]
          +0.001*[#   8]+0.001*[#  11]+0.001*[#  12]
    |psi|^2 = 0.288
==== e(  13) =    20.25613 eV ==== 
     psi = 0.174*[#   2]+0.174*[#   4]+0.036*[#   6]+0.036*[#  10]+0.013*[#   5]
          +0.013*[#   9]+0.001*[#   1]+0.001*[#   3]
    |psi|^2 = 0.453
==== e(  14) =    20.29773 eV ==== 
     psi = 0.005*[#   2]+0.005*[#   4]+0.003*[#   5]+0.003*[#   9]+0.002*[#   7]
          +0.002*[#   8]+0.002*[#  11]+0.002*[#  12]
    |psi|^2 = 0.026

 k =   0.0500000000  0.0866025404  0.0615999300
==== e(   1) =   -90.50074 eV ==== 
     psi = 0.494*[#   1]+0.494*[#   3]+0.005*[#   2]+0.005*[#   4]
    |psi|^2 = 1.000
==== e(   2) =   -90.49847 eV ==== 
     psi = 0.496*[#   1]+0.496*[#   3]+0.003*[#   6]+0.003*[#  10]
    |psi|^2 = 1.000
==== e(   3) =   -12.33623 eV ==== 
     psi = 0.278*[#   5]+0.278*[#   9]+0.217*[#   2]+0.217*[#   4]+0.004*[#   1]
          +0.004*[#   3]
    |psi|^2 = 0.999
==== e(   4) =   -10.69702 eV ==== 
     psi = 0.448*[#   5]+0.448*[#   9]+0.045*[#   2]+0.045*[#   4]+0.003*[#   6]
          +0.003*[#  10]
    |psi|^2 = 0.993
==== e(   5) =     0.18475 eV ==== 
     psi = 0.431*[#   6]+0.431*[#  10]+0.048*[#   2]+0.048*[#   4]+0.004*[#   5]
          +0.004*[#   9]+0.002*[#   1]+0.002*[#   3]
    |psi|^2 = 0.971
==== e(   6) =     4.77448 eV ==== 
     psi = 0.238*[#   7]+0.238*[#   8]+0.238*[#  11]+0.238*[#  12]+0.005*[#   2]
          +0.005*[#   4]+0.001*[#   5]+0.001*[#   9]
    |psi|^2 = 0.967
==== e(   7) =     4.92951 eV ==== 
     psi = 0.240*[#   7]+0.240*[#   8]+0.240*[#  11]+0.240*[#  12]+0.001*[#   5]
          +0.001*[#   9]+0.001*[#   6]+0.001*[#  10]
    |psi|^2 = 0.966
==== e(   8) =     5.55240 eV ==== 
     psi = 0.177*[#   7]+0.177*[#   8]+0.177*[#  11]+0.177*[#  12]+0.116*[#   6]
          +0.116*[#  10]+0.014*[#   5]+0.014*[#   9]+0.009*[#   2]+0.009*[#   4]
          
    |psi|^2 = 0.986
==== e(   9) =     5.93391 eV ==== 
     psi = 0.367*[#   6]+0.367*[#  10]+0.062*[#   7]+0.062*[#   8]+0.062*[#  11]
          +0.062*[#  12]
    |psi|^2 = 0.983
==== e(  10) =     5.94755 eV ==== 
     psi = 0.246*[#   7]+0.246*[#   8]+0.246*[#  11]+0.246*[#  12]
    |psi|^2 = 0.985
==== e(  11) =    14.01205 eV ==== 
     psi = 0.259*[#   2]+0.259*[#   4]+0.199*[#   5]+0.199*[#   9]+0.008*[#   7]
          +0.008*[#   8]+0.008*[#  11]+0.008*[#  12]+0.007*[#   6]+0.007*[#  10]
          +0.001*[#   1]+0.001*[#   3]
    |psi|^2 = 0.964
==== e(  12) =    17.79241 eV ==== 
     psi = 0.146*[#   2]+0.146*[#   4]+0.025*[#   5]+0.025*[#   9]+0.005*[#   6]
          +0.005*[#  10]+0.001*[#   7]+0.001*[#   8]+0.001*[#  11]+0.001*[#  12]
          
    |psi|^2 = 0.360
==== e(  13) =    20.24197 eV ==== 
     psi = 0.157*[#   2]+0.157*[#   4]+0.036*[#   6]+0.036*[#  10]+0.013*[#   5]
          +0.013*[#   9]
    |psi|^2 = 0.417
==== e(  14) =    20.31972 eV ==== 
     psi = 0.005*[#   2]+0.005*[#   4]+0.003*[#   5]+0.003*[#   9]+0.002*[#   7]
          +0.002*[#   8]+0.002*[#  11]+0.002*[#  12]
    |psi|^2 = 0.026

 k =   0.0500000000  0.0866025404  0.1231998600
==== e(   1) =   -90.50057 eV ==== 
     psi = 0.495*[#   1]+0.495*[#   3]+0.004*[#   2]+0.004*[#   4]
    |psi|^2 = 1.000
==== e(   2) =   -90.49864 eV ==== 
     psi = 0.496*[#   1]+0.496*[#   3]+0.003*[#   6]+0.003*[#  10]
    |psi|^2 = 1.000
==== e(   3) =   -12.23804 eV ==== 
     psi = 0.285*[#   5]+0.285*[#   9]+0.209*[#   2]+0.209*[#   4]+0.004*[#   1]
          +0.004*[#   3]
    |psi|^2 = 0.999
==== e(   4) =   -10.85351 eV ==== 
     psi = 0.427*[#   5]+0.427*[#   9]+0.065*[#   2]+0.065*[#   4]+0.004*[#   6]
          +0.004*[#  10]
    |psi|^2 = 0.994
==== e(   5) =     0.56614 eV ==== 
     psi = 0.424*[#   6]+0.424*[#  10]+0.045*[#   2]+0.045*[#   4]+0.013*[#   5]
          +0.013*[#   9]+0.002*[#   1]+0.002*[#   3]
    |psi|^2 = 0.970
==== e(   6) =     4.84623 eV ==== 
     psi = 0.238*[#   7]+0.238*[#   8]+0.238*[#  11]+0.238*[#  12]+0.004*[#   2]
          +0.004*[#   4]+0.002*[#   6]+0.002*[#  10]+0.001*[#   5]+0.001*[#   9]
          
    |psi|^2 = 0.967
==== e(   7) =     4.96757 eV ==== 
     psi = 0.208*[#   7]+0.208*[#   8]+0.208*[#  11]+0.208*[#  12]+0.057*[#   6]
          +0.057*[#  10]+0.008*[#   5]+0.008*[#   9]+0.005*[#   2]+0.005*[#   4]
          
    |psi|^2 = 0.970
==== e(   8) =     5.16775 eV ==== 
     psi = 0.258*[#   6]+0.258*[#  10]+0.102*[#   7]+0.102*[#   8]+0.102*[#  11]
          +0.102*[#  12]+0.016*[#   5]+0.016*[#   9]+0.011*[#   2]+0.011*[#   4]
          
    |psi|^2 = 0.980
==== e(   9) =     5.78475 eV ==== 
     psi = 0.170*[#   7]+0.170*[#   8]+0.170*[#  11]+0.170*[#  12]+0.150*[#   6]
          +0.150*[#  10]
    |psi|^2 = 0.981
==== e(  10) =     5.86769 eV ==== 
     psi = 0.246*[#   7]+0.246*[#   8]+0.246*[#  11]+0.246*[#  12]
    |psi|^2 = 0.983
==== e(  11) =    14.33084 eV ==== 
     psi = 0.258*[#   2]+0.258*[#   4]+0.181*[#   5]+0.181*[#   9]+0.022*[#   6]
          +0.022*[#  10]+0.007*[#   7]+0.007*[#   8]+0.007*[#  11]+0.007*[#  12]
          
    |psi|^2 = 0.949
==== e(  12) =    17.50114 eV ==== 
     psi = 0.200*[#   2]+0.200*[#   4]+0.038*[#   5]+0.038*[#   9]+0.016*[#   6]
          +0.016*[#  10]+0.002*[#   7]+0.002*[#   8]+0.002*[#  11]+0.002*[#  12]
          
    |psi|^2 = 0.516
==== e(  13) =    20.20260 eV ==== 
     psi = 0.111*[#   2]+0.111*[#   4]+0.032*[#   6]+0.032*[#  10]+0.012*[#   5]
          +0.012*[#   9]
    |psi|^2 = 0.313
==== e(  14) =    20.35747 eV ==== 
     psi = 0.004*[#   2]+0.004*[#   4]+0.002*[#   5]+0.003*[#   7]+0.003*[#   8]
          +0.002*[#   9]+0.003*[#  11]+0.003*[#  12]
    |psi|^2 = 0.024

 k =   0.0500000000  0.0866025404  0.1847997900
==== e(   1) =   -90.50030 eV ==== 
     psi = 0.495*[#   1]+0.495*[#   3]+0.003*[#   2]+0.003*[#   4]
    |psi|^2 = 1.000
==== e(   2) =   -90.49891 eV ==== 
     psi = 0.497*[#   1]+0.497*[#   3]+0.002*[#   6]+0.002*[#  10]
    |psi|^2 = 1.000
==== e(   3) =   -12.07942 eV ==== 
     psi = 0.299*[#   5]+0.299*[#   9]+0.195*[#   2]+0.195*[#   4]+0.003*[#   1]
          +0.003*[#   3]+0.002*[#   6]+0.002*[#  10]
    |psi|^2 = 0.998
==== e(   4) =   -11.08200 eV ==== 
     psi = 0.399*[#   5]+0.399*[#   9]+0.093*[#   2]+0.093*[#   4]+0.005*[#   6]
          +0.005*[#  10]
    |psi|^2 = 0.995
==== e(   5) =     1.15766 eV ==== 
     psi = 0.416*[#   6]+0.416*[#  10]+0.041*[#   2]+0.041*[#   4]+0.023*[#   5]
          +0.023*[#   9]+0.002*[#   1]+0.002*[#   3]+0.001*[#   7]+0.001*[#   8]
          +0.001*[#  11]+0.001*[#  12]
    |psi|^2 = 0.970
==== e(   6) =     4.43722 eV ==== 
     psi = 0.375*[#   6]+0.375*[#  10]+0.032*[#   5]+0.032*[#   9]+0.030*[#   7]
          +0.030*[#   8]+0.030*[#  11]+0.030*[#  12]+0.023*[#   2]+0.023*[#   4]
          +0.001*[#   1]+0.001*[#   3]
    |psi|^2 = 0.981
==== e(   7) =     4.95981 eV ==== 
     psi = 0.238*[#   7]+0.238*[#   8]+0.238*[#  11]+0.238*[#  12]+0.004*[#   6]
          +0.004*[#  10]+0.003*[#   2]+0.003*[#   4]+0.001*[#   5]+0.001*[#   9]
          
    |psi|^2 = 0.968
==== e(   8) =     5.12815 eV ==== 
     psi = 0.237*[#   7]+0.237*[#   8]+0.237*[#  11]+0.237*[#  12]+0.010*[#   6]
          +0.010*[#  10]
    |psi|^2 = 0.968
==== e(   9) =     5.63041 eV ==== 
     psi = 0.214*[#   7]+0.214*[#   8]+0.214*[#  11]+0.214*[#  12]+0.060*[#   6]
          +0.060*[#  10]
    |psi|^2 = 0.978
==== e(  10) =     5.74538 eV ==== 
     psi = 0.245*[#   7]+0.245*[#   8]+0.245*[#  11]+0.245*[#  12]
    |psi|^2 = 0.980
==== e(  11) =    14.79589 eV ==== 
     psi = 0.258*[#   2]+0.258*[#   4]+0.157*[#   5]+0.157*[#   9]+0.037*[#   6]
          +0.037*[#  10]+0.005*[#   7]+0.005*[#   8]+0.005*[#  11]+0.005*[#  12]
          
    |psi|^2 = 0.924
==== e(  12) =    17.06158 eV ==== 
     psi = 0.242*[#   2]+0.242*[#   4]+0.057*[#   5]+0.057*[#   9]+0.030*[#   6]
          +0.030*[#  10]+0.002*[#   7]+0.002*[#   8]+0.002*[#  11]+0.002*[#  12]
          
    |psi|^2 = 0.665
==== e(  13) =    20.15508 eV ==== 
     psi = 0.061*[#   2]+0.061*[#   4]+0.024*[#   6]+0.024*[#  10]+0.009*[#   5]
          +0.009*[#   9]+0.001*[#   7]+0.001*[#   8]+0.001*[#  11]+0.001*[#  12]
          
    |psi|^2 = 0.194
==== e(  14) =    20.32916 eV ==== 
     psi = 0.002*[#   2]+0.002*[#   4]+0.002*[#   7]+0.002*[#   8]+0.002*[#  11]
          +0.002*[#  12]+0.002*[#   6]+0.002*[#  10]+0.002*[#   5]+0.002*[#   9]
          
    |psi|^2 = 0.021

 k =   0.0500000000  0.0866025404  0.2463997200
==== e(   1) =   -90.49997 eV ==== 
     psi = 0.496*[#   1]+0.496*[#   3]+0.002*[#   2]+0.002*[#   4]+0.001*[#   6]
          +0.001*[#  10]
    |psi|^2 = 1.000
==== e(   2) =   -90.49924 eV ==== 
     psi = 0.497*[#   1]+0.497*[#   3]+0.002*[#   6]+0.002*[#  10]
    |psi|^2 = 1.000
==== e(   3) =   -11.86861 eV ==== 
     psi = 0.317*[#   5]+0.317*[#   9]+0.176*[#   2]+0.176*[#   4]+0.003*[#   6]
          +0.003*[#  10]+0.002*[#   1]+0.002*[#   3]
    |psi|^2 = 0.998
==== e(   4) =   -11.34770 eV ==== 
     psi = 0.369*[#   5]+0.369*[#   9]+0.123*[#   2]+0.123*[#   4]+0.005*[#   6]
          +0.005*[#  10]+0.001*[#   1]+0.001*[#   3]
    |psi|^2 = 0.997
==== e(   5) =     1.90561 eV ==== 
     psi = 0.409*[#   6]+0.409*[#  10]+0.038*[#   2]+0.038*[#   4]+0.032*[#   5]
          +0.032*[#   9]+0.003*[#   7]+0.003*[#   8]+0.003*[#  11]+0.003*[#  12]
          +0.002*[#   1]+0.002*[#   3]
    |psi|^2 = 0.971
==== e(   6) =     3.61957 eV ==== 
     psi = 0.398*[#   6]+0.398*[#  10]+0.037*[#   5]+0.037*[#   9]+0.029*[#   2]
          +0.029*[#   4]+0.012*[#   7]+0.012*[#   8]+0.012*[#  11]+0.012*[#  12]
          +0.001*[#   1]+0.001*[#   3]
    |psi|^2 = 0.977
==== e(   7) =     5.10591 eV ==== 
     psi = 0.237*[#   7]+0.237*[#   8]+0.237*[#  11]+0.237*[#  12]+0.008*[#   6]
          +0.008*[#  10]+0.002*[#   2]+0.002*[#   4]+0.001*[#   5]+0.001*[#   9]
          
    |psi|^2 = 0.970
==== e(   8) =     5.25808 eV ==== 
     psi = 0.240*[#   7]+0.240*[#   8]+0.240*[#  11]+0.240*[#  12]+0.005*[#   6]
          +0.005*[#  10]
    |psi|^2 = 0.970
==== e(   9) =     5.46631 eV ==== 
     psi = 0.230*[#   7]+0.230*[#   8]+0.230*[#  11]+0.230*[#  12]+0.026*[#   6]
          +0.026*[#  10]
    |psi|^2 = 0.975
==== e(  10) =     5.59530 eV ==== 
     psi = 0.244*[#   7]+0.244*[#   8]+0.244*[#  11]+0.244*[#  12]
    |psi|^2 = 0.977
==== e(  11) =    15.34823 eV ==== 
     psi = 0.261*[#   2]+0.261*[#   4]+0.131*[#   5]+0.131*[#   9]+0.046*[#   6]
          +0.046*[#  10]+0.004*[#   7]+0.004*[#   8]+0.004*[#  11]+0.004*[#  12]
          
    |psi|^2 = 0.890
==== e(  12) =    16.52451 eV ==== 
     psi = 0.261*[#   2]+0.261*[#   4]+0.080*[#   5]+0.080*[#   9]+0.041*[#   6]
          +0.041*[#  10]+0.002*[#   7]+0.002*[#   8]+0.002*[#  11]+0.002*[#  12]
          
    |psi|^2 = 0.772
==== e(  13) =    20.12931 eV ==== 
     psi = 0.029*[#   2]+0.029*[#   4]+0.017*[#   6]+0.017*[#  10]+0.006*[#   5]
          +0.006*[#   9]+0.001*[#   7]+0.001*[#   8]+0.001*[#  11]+0.001*[#  12]
          
    |psi|^2 = 0.109
==== e(  14) =    20.23091 eV ==== 
     psi = 0.005*[#   6]+0.005*[#  10]+0.004*[#   2]+0.004*[#   4]+0.002*[#   5]
          +0.002*[#   9]+0.002*[#   7]+0.002*[#   8]+0.002*[#  11]+0.002*[#  12]
          
    |psi|^2 = 0.031

 k =   0.0500000000  0.0866025404 -0.3079996500
==== e(   1) =   -90.49961 eV ==== 
     psi = 0.497*[#   1]+0.497*[#   3]+0.002*[#   6]+0.002*[#  10]
    |psi|^2 = 1.000
==== e(   2) =   -90.49960 eV ==== 
     psi = 0.497*[#   1]+0.497*[#   3]+0.002*[#   6]+0.002*[#  10]
    |psi|^2 = 1.000
==== e(   3) =   -11.61845 eV ==== 
     psi = 0.341*[#   5]+0.341*[#   9]+0.151*[#   2]+0.151*[#   4]+0.004*[#   6]
          +0.004*[#  10]+0.002*[#   1]+0.002*[#   3]
    |psi|^2 = 0.997
==== e(   4) =   -11.61845 eV ==== 
     psi = 0.341*[#   5]+0.341*[#   9]+0.151*[#   2]+0.151*[#   4]+0.004*[#   6]
          +0.004*[#  10]+0.002*[#   1]+0.002*[#   3]
    |psi|^2 = 0.997
==== e(   5) =     2.74885 eV ==== 
     psi = 0.404*[#   6]+0.404*[#  10]+0.037*[#   5]+0.037*[#   9]+0.034*[#   2]
          +0.034*[#   4]+0.005*[#   7]+0.005*[#   8]+0.005*[#  11]+0.005*[#  12]
          +0.001*[#   1]+0.001*[#   3]
    |psi|^2 = 0.973
==== e(   6) =     2.74885 eV ==== 
     psi = 0.404*[#   6]+0.404*[#  10]+0.037*[#   5]+0.037*[#   9]+0.034*[#   2]
          +0.034*[#   4]+0.005*[#   7]+0.005*[#   8]+0.005*[#  11]+0.005*[#  12]
          +0.001*[#   1]+0.001*[#   3]
    |psi|^2 = 0.973
==== e(   7) =     5.26690 eV ==== 
     psi = 0.234*[#   7]+0.234*[#   8]+0.234*[#  11]+0.234*[#  12]+0.015*[#   6]
          +0.015*[#  10]+0.001*[#   2]+0.001*[#   4]+0.001*[#   5]+0.001*[#   9]
          
    |psi|^2 = 0.972
==== e(   8) =     5.26690 eV ==== 
     psi = 0.234*[#   7]+0.234*[#   8]+0.234*[#  11]+0.234*[#  12]+0.015*[#   6]
          +0.015*[#  10]+0.001*[#   2]+0.001*[#   4]+0.001*[#   5]+0.001*[#   9]
          
    |psi|^2 = 0.972
==== e(   9) =     5.43972 eV ==== 
     psi = 0.243*[#   7]+0.243*[#   8]+0.243*[#  11]+0.243*[#  12]
    |psi|^2 = 0.973
==== e(  10) =     5.43972 eV ==== 
     psi = 0.243*[#   7]+0.243*[#   8]+0.243*[#  11]+0.243*[#  12]
    |psi|^2 = 0.973
==== e(  11) =    15.93876 eV ==== 
     psi = 0.264*[#   2]+0.264*[#   4]+0.105*[#   5]+0.105*[#   9]+0.047*[#   6]
          +0.047*[#  10]+0.003*[#   7]+0.003*[#   8]+0.003*[#  11]+0.003*[#  12]
          
    |psi|^2 = 0.842
==== e(  12) =    15.93877 eV ==== 
     psi = 0.264*[#   2]+0.264*[#   4]+0.105*[#   5]+0.105*[#   9]+0.047*[#   6]
          +0.047*[#  10]+0.003*[#   7]+0.003*[#   8]+0.003*[#  11]+0.003*[#  12]
          
    |psi|^2 = 0.842
==== e(  13) =    20.15199 eV ==== 
     psi = 0.012*[#   2]+0.012*[#   4]+0.010*[#   6]+0.010*[#  10]+0.004*[#   5]
          +0.004*[#   9]+0.002*[#   7]+0.002*[#   8]+0.002*[#  11]+0.002*[#  12]
          
    |psi|^2 = 0.059
==== e(  14) =    20.15200 eV ==== 
     psi = 0.012*[#   2]+0.012*[#   4]+0.010*[#   6]+0.010*[#  10]+0.004*[#   5]
          +0.004*[#   9]+0.002*[#   7]+0.002*[#   8]+0.002*[#  11]+0.002*[#  12]
          
    |psi|^2 = 0.059

 k =   0.0500000000  0.1443375673  0.0000000000
==== e(   1) =   -90.50060 eV ==== 
     psi = 0.495*[#   1]+0.495*[#   3]+0.004*[#   2]+0.004*[#   4]
    |psi|^2 = 1.000
==== e(   2) =   -90.49833 eV ==== 
     psi = 0.496*[#   1]+0.496*[#   3]+0.003*[#   6]+0.003*[#  10]
    |psi|^2 = 1.000
==== e(   3) =   -12.25609 eV ==== 
     psi = 0.284*[#   5]+0.284*[#   9]+0.211*[#   2]+0.211*[#   4]+0.004*[#   1]
          +0.004*[#   3]
    |psi|^2 = 0.999
==== e(   4) =   -10.58267 eV ==== 
     psi = 0.459*[#   5]+0.459*[#   9]+0.034*[#   2]+0.034*[#   4]+0.002*[#   6]
          +0.002*[#  10]
    |psi|^2 = 0.992
==== e(   5) =     0.19509 eV ==== 
     psi = 0.434*[#   6]+0.434*[#  10]+0.046*[#   2]+0.046*[#   4]+0.002*[#   7]
          +0.002*[#   8]+0.002*[#  11]+0.002*[#  12]+0.001*[#   1]+0.001*[#   3]
          
    |psi|^2 = 0.969
==== e(   6) =     4.33973 eV ==== 
     psi = 0.233*[#   7]+0.233*[#   8]+0.233*[#  11]+0.233*[#  12]+0.012*[#   2]
          +0.012*[#   4]+0.004*[#   5]+0.004*[#   9]+0.001*[#   6]+0.001*[#  10]
          
    |psi|^2 = 0.968
==== e(   7) =     4.64767 eV ==== 
     psi = 0.237*[#   7]+0.237*[#   8]+0.237*[#  11]+0.237*[#  12]+0.005*[#   5]
          +0.005*[#   9]+0.004*[#   2]+0.004*[#   4]
    |psi|^2 = 0.964
==== e(   8) =     5.29059 eV ==== 
     psi = 0.232*[#   7]+0.232*[#   8]+0.232*[#  11]+0.232*[#  12]+0.016*[#   5]
          +0.016*[#   9]+0.011*[#   2]+0.011*[#   4]
    |psi|^2 = 0.984
==== e(   9) =     5.88055 eV ==== 
     psi = 0.246*[#   7]+0.246*[#   8]+0.246*[#  11]+0.246*[#  12]
    |psi|^2 = 0.984
==== e(  10) =     5.93041 eV ==== 
     psi = 0.490*[#   6]+0.490*[#  10]
    |psi|^2 = 0.982
==== e(  11) =    14.24357 eV ==== 
     psi = 0.256*[#   2]+0.256*[#   4]+0.183*[#   5]+0.183*[#   9]+0.016*[#   7]
          +0.016*[#   8]+0.016*[#  11]+0.016*[#  12]
    |psi|^2 = 0.941
==== e(  12) =    18.22521 eV ==== 
     psi = 0.094*[#   2]+0.094*[#   4]+0.016*[#   5]+0.016*[#   9]+0.002*[#   7]
          +0.002*[#   8]+0.002*[#  11]+0.002*[#  12]
    |psi|^2 = 0.230
==== e(  13) =    19.82634 eV ==== 
     psi = 0.193*[#   2]+0.193*[#   4]+0.038*[#   6]+0.038*[#  10]+0.015*[#   5]
          +0.015*[#   9]+0.001*[#   1]+0.001*[#   3]+0.001*[#   7]+0.001*[#   8]
          +0.001*[#  11]+0.001*[#  12]
    |psi|^2 = 0.499
==== e(  14) =    20.32278 eV ==== 
     psi = 0.012*[#   2]+0.012*[#   4]+0.007*[#   5]+0.007*[#   9]+0.004*[#   7]
          +0.004*[#   8]+0.004*[#  11]+0.004*[#  12]+0.002*[#   6]+0.002*[#  10]
          
    |psi|^2 = 0.056

 k =   0.0500000000  0.1443375673  0.0615999300
==== e(   1) =   -90.50054 eV ==== 
     psi = 0.495*[#   1]+0.495*[#   3]+0.004*[#   2]+0.004*[#   4]
    |psi|^2 = 1.000
==== e(   2) =   -90.49838 eV ==== 
     psi = 0.496*[#   1]+0.496*[#   3]+0.003*[#   6]+0.003*[#  10]
    |psi|^2 = 1.000
==== e(   3) =   -12.22369 eV ==== 
     psi = 0.287*[#   5]+0.287*[#   9]+0.208*[#   2]+0.208*[#   4]+0.004*[#   1]
          +0.004*[#   3]
    |psi|^2 = 0.999
==== e(   4) =   -10.63628 eV ==== 
     psi = 0.452*[#   5]+0.452*[#   9]+0.041*[#   2]+0.041*[#   4]+0.002*[#   6]
          +0.002*[#  10]
    |psi|^2 = 0.993
==== e(   5) =     0.32023 eV ==== 
     psi = 0.431*[#   6]+0.431*[#  10]+0.046*[#   2]+0.046*[#   4]+0.003*[#   5]
          +0.003*[#   9]+0.002*[#   7]+0.002*[#   8]+0.002*[#  11]+0.002*[#  12]
          +0.001*[#   1]+0.001*[#   3]
    |psi|^2 = 0.969
==== e(   6) =     4.36601 eV ==== 
     psi = 0.233*[#   7]+0.233*[#   8]+0.233*[#  11]+0.233*[#  12]+0.011*[#   2]
          +0.011*[#   4]+0.004*[#   5]+0.004*[#   9]+0.003*[#   6]+0.003*[#  10]
          
    |psi|^2 = 0.967
==== e(   7) =     4.66127 eV ==== 
     psi = 0.234*[#   7]+0.234*[#   8]+0.234*[#  11]+0.234*[#  12]+0.006*[#   5]
          +0.006*[#   9]+0.005*[#   2]+0.005*[#   4]+0.005*[#   6]+0.005*[#  10]
          
    |psi|^2 = 0.966
==== e(   8) =     5.19920 eV ==== 
     psi = 0.205*[#   7]+0.205*[#   8]+0.205*[#  11]+0.205*[#  12]+0.052*[#   6]
          +0.052*[#  10]+0.017*[#   5]+0.017*[#   9]+0.011*[#   2]+0.011*[#   4]
          
    |psi|^2 = 0.983
==== e(   9) =     5.84272 eV ==== 
     psi = 0.166*[#   7]+0.166*[#   8]+0.166*[#  11]+0.166*[#  12]+0.159*[#   6]
          +0.159*[#  10]
    |psi|^2 = 0.982
==== e(  10) =     5.86098 eV ==== 
     psi = 0.269*[#   6]+0.269*[#  10]+0.111*[#   7]+0.111*[#   8]+0.111*[#  11]
          +0.111*[#  12]
    |psi|^2 = 0.982
==== e(  11) =    14.33017 eV ==== 
     psi = 0.255*[#   2]+0.255*[#   4]+0.177*[#   5]+0.177*[#   9]+0.015*[#   7]
          +0.015*[#   8]+0.015*[#  11]+0.015*[#  12]+0.005*[#   6]+0.005*[#  10]
          
    |psi|^2 = 0.933
==== e(  12) =    18.08921 eV ==== 
     psi = 0.130*[#   2]+0.130*[#   4]+0.020*[#   5]+0.020*[#   9]+0.006*[#   6]
          +0.006*[#  10]+0.002*[#   7]+0.002*[#   8]+0.002*[#  11]+0.002*[#  12]
          
    |psi|^2 = 0.323
==== e(  13) =    19.83140 eV ==== 
     psi = 0.158*[#   2]+0.158*[#   4]+0.034*[#   6]+0.034*[#  10]+0.013*[#   5]
          +0.013*[#   9]+0.001*[#   7]+0.001*[#   8]+0.001*[#  11]+0.001*[#  12]
          +0.001*[#   1]+0.001*[#   3]
    |psi|^2 = 0.419
==== e(  14) =    20.33661 eV ==== 
     psi = 0.011*[#   2]+0.011*[#   4]+0.006*[#   5]+0.006*[#   9]+0.004*[#   7]
          +0.004*[#   8]+0.004*[#  11]+0.004*[#  12]+0.001*[#   6]+0.001*[#  10]
          
    |psi|^2 = 0.053

 k =   0.0500000000  0.1443375673  0.1231998600
==== e(   1) =   -90.50038 eV ==== 
     psi = 0.495*[#   1]+0.495*[#   3]+0.004*[#   2]+0.004*[#   4]
    |psi|^2 = 1.000
==== e(   2) =   -90.49854 eV ==== 
     psi = 0.496*[#   1]+0.496*[#   3]+0.003*[#   6]+0.003*[#  10]
    |psi|^2 = 1.000
==== e(   3) =   -12.12796 eV ==== 
     psi = 0.294*[#   5]+0.294*[#   9]+0.200*[#   2]+0.200*[#   4]+0.003*[#   1]
          +0.003*[#   3]
    |psi|^2 = 0.999
==== e(   4) =   -10.78655 eV ==== 
     psi = 0.433*[#   5]+0.433*[#   9]+0.059*[#   2]+0.059*[#   4]+0.003*[#   6]
          +0.003*[#  10]
    |psi|^2 = 0.994
==== e(   5) =     0.68116 eV ==== 
     psi = 0.422*[#   6]+0.422*[#  10]+0.044*[#   2]+0.044*[#   4]+0.012*[#   5]
          +0.012*[#   9]+0.002*[#   7]+0.002*[#   8]+0.002*[#  11]+0.002*[#  12]
          +0.001*[#   1]+0.001*[#   3]
    |psi|^2 = 0.969
==== e(   6) =     4.43315 eV ==== 
     psi = 0.224*[#   7]+0.224*[#   8]+0.224*[#  11]+0.224*[#  12]+0.018*[#   6]
          +0.018*[#  10]+0.010*[#   2]+0.010*[#   4]+0.007*[#   5]+0.007*[#   9]
          
    |psi|^2 = 0.968
==== e(   7) =     4.64205 eV ==== 
     psi = 0.195*[#   7]+0.195*[#   8]+0.195*[#  11]+0.195*[#  12]+0.067*[#   6]
          +0.067*[#  10]+0.016*[#   5]+0.016*[#   9]+0.012*[#   2]+0.012*[#   4]
          
    |psi|^2 = 0.974
==== e(   8) =     4.97431 eV ==== 
     psi = 0.178*[#   7]+0.178*[#   8]+0.178*[#  11]+0.178*[#  12]+0.114*[#   6]
          +0.114*[#  10]+0.009*[#   5]+0.009*[#   9]+0.007*[#   2]+0.007*[#   4]
          
    |psi|^2 = 0.973
==== e(   9) =     5.66987 eV ==== 
     psi = 0.266*[#   6]+0.266*[#  10]+0.111*[#   7]+0.111*[#   8]+0.111*[#  11]
          +0.111*[#  12]
    |psi|^2 = 0.978
==== e(  10) =     5.76288 eV ==== 
     psi = 0.241*[#   7]+0.241*[#   8]+0.241*[#  11]+0.241*[#  12]+0.007*[#   6]
          +0.007*[#  10]
    |psi|^2 = 0.981
==== e(  11) =    14.58007 eV ==== 
     psi = 0.253*[#   2]+0.253*[#   4]+0.161*[#   5]+0.161*[#   9]+0.018*[#   6]
          +0.018*[#  10]+0.012*[#   7]+0.012*[#   8]+0.012*[#  11]+0.012*[#  12]
          
    |psi|^2 = 0.912
==== e(  12) =    17.72190 eV ==== 
     psi = 0.192*[#   2]+0.192*[#   4]+0.032*[#   5]+0.032*[#   9]+0.019*[#   6]
          +0.019*[#  10]+0.003*[#   7]+0.003*[#   8]+0.003*[#  11]+0.003*[#  12]
          
    |psi|^2 = 0.498
==== e(  13) =    19.84106 eV ==== 
     psi = 0.095*[#   2]+0.095*[#   4]+0.024*[#   6]+0.024*[#  10]+0.011*[#   5]
          +0.011*[#   9]+0.002*[#   7]+0.002*[#   8]+0.002*[#  11]+0.002*[#  12]
          
    |psi|^2 = 0.269
==== e(  14) =    20.33123 eV ==== 
     psi = 0.009*[#   2]+0.009*[#   4]+0.005*[#   5]+0.005*[#   9]+0.004*[#   7]
          +0.004*[#   8]+0.004*[#  11]+0.004*[#  12]+0.001*[#   6]+0.001*[#  10]
          
    |psi|^2 = 0.044

 k =   0.0500000000  0.1443375673  0.1847997900
==== e(   1) =   -90.50013 eV ==== 
     psi = 0.496*[#   1]+0.496*[#   3]+0.003*[#   2]+0.003*[#   4]
    |psi|^2 = 1.000
==== e(   2) =   -90.49880 eV ==== 
     psi = 0.497*[#   1]+0.497*[#   3]+0.002*[#   6]+0.002*[#  10]
    |psi|^2 = 1.000
==== e(   3) =   -11.97345 eV ==== 
     psi = 0.308*[#   5]+0.308*[#   9]+0.186*[#   2]+0.186*[#   4]+0.003*[#   1]
          +0.003*[#   3]+0.002*[#   6]+0.002*[#  10]
    |psi|^2 = 0.998
==== e(   4) =   -11.00657 eV ==== 
     psi = 0.406*[#   5]+0.406*[#   9]+0.086*[#   2]+0.086*[#   4]+0.004*[#   6]
          +0.004*[#  10]
    |psi|^2 = 0.995
==== e(   5) =     1.23873 eV ==== 
     psi = 0.411*[#   6]+0.411*[#  10]+0.042*[#   2]+0.042*[#   4]+0.023*[#   5]
          +0.023*[#   9]+0.004*[#   7]+0.004*[#   8]+0.004*[#  11]+0.004*[#  12]
          +0.001*[#   1]+0.001*[#   3]
    |psi|^2 = 0.970
==== e(   6) =     4.17901 eV ==== 
     psi = 0.266*[#   6]+0.266*[#  10]+0.081*[#   7]+0.081*[#   8]+0.081*[#  11]
          +0.081*[#  12]+0.036*[#   5]+0.036*[#   9]+0.027*[#   2]+0.027*[#   4]
          +0.001*[#   1]+0.001*[#   3]
    |psi|^2 = 0.982
==== e(   7) =     4.60643 eV ==== 
     psi = 0.226*[#   7]+0.226*[#   8]+0.226*[#  11]+0.226*[#  12]+0.022*[#   6]
          +0.022*[#  10]+0.006*[#   2]+0.006*[#   4]+0.003*[#   5]+0.003*[#   9]
          
    |psi|^2 = 0.966
==== e(   8) =     4.94959 eV ==== 
     psi = 0.223*[#   7]+0.223*[#   8]+0.223*[#  11]+0.223*[#  12]+0.035*[#   6]
          +0.035*[#  10]
    |psi|^2 = 0.965
==== e(   9) =     5.45692 eV ==== 
     psi = 0.175*[#   7]+0.175*[#   8]+0.175*[#  11]+0.175*[#  12]+0.136*[#   6]
          +0.136*[#  10]
    |psi|^2 = 0.974
==== e(  10) =     5.62711 eV ==== 
     psi = 0.243*[#   7]+0.243*[#   8]+0.243*[#  11]+0.243*[#  12]+0.002*[#   6]
          +0.002*[#  10]
    |psi|^2 = 0.977
==== e(  11) =    14.96797 eV ==== 
     psi = 0.252*[#   2]+0.252*[#   4]+0.140*[#   5]+0.140*[#   9]+0.031*[#   6]
          +0.031*[#  10]+0.009*[#   7]+0.009*[#   8]+0.009*[#  11]+0.009*[#  12]
          
    |psi|^2 = 0.882
==== e(  12) =    17.20707 eV ==== 
     psi = 0.234*[#   2]+0.234*[#   4]+0.049*[#   5]+0.049*[#   9]+0.032*[#   6]
          +0.032*[#  10]+0.003*[#   7]+0.003*[#   8]+0.003*[#  11]+0.003*[#  12]
          
    |psi|^2 = 0.642
==== e(  13) =    19.85392 eV ==== 
     psi = 0.048*[#   2]+0.048*[#   4]+0.016*[#   6]+0.016*[#  10]+0.008*[#   5]
          +0.008*[#   9]+0.002*[#   7]+0.002*[#   8]+0.002*[#  11]+0.002*[#  12]
          
    |psi|^2 = 0.154
==== e(  14) =    20.22774 eV ==== 
     psi = 0.006*[#   2]+0.006*[#   4]+0.003*[#   5]+0.003*[#   7]+0.003*[#   8]
          +0.003*[#   9]+0.003*[#  11]+0.003*[#  12]+0.002*[#   6]+0.002*[#  10]
          
    |psi|^2 = 0.037

 k =   0.0500000000  0.1443375673  0.2463997200
==== e(   1) =   -90.49981 eV ==== 
     psi = 0.496*[#   1]+0.496*[#   3]+0.002*[#   2]+0.002*[#   4]+0.001*[#   6]
          +0.001*[#  10]
    |psi|^2 = 1.000
==== e(   2) =   -90.49911 eV ==== 
     psi = 0.497*[#   1]+0.497*[#   3]+0.002*[#   6]+0.002*[#  10]
    |psi|^2 = 1.000
==== e(   3) =   -11.76836 eV ==== 
     psi = 0.326*[#   5]+0.326*[#   9]+0.166*[#   2]+0.166*[#   4]+0.003*[#   6]
          +0.003*[#  10]+0.002*[#   1]+0.002*[#   3]
    |psi|^2 = 0.998
==== e(   4) =   -11.26320 eV ==== 
     psi = 0.377*[#   5]+0.377*[#   9]+0.114*[#   2]+0.114*[#   4]+0.004*[#   6]
          +0.004*[#  10]
    |psi|^2 = 0.996
==== e(   5) =     1.93808 eV ==== 
     psi = 0.397*[#   6]+0.397*[#  10]+0.039*[#   2]+0.039*[#   4]+0.032*[#   5]
          +0.032*[#   9]+0.008*[#   7]+0.008*[#   8]+0.008*[#  11]+0.008*[#  12]
          +0.001*[#   1]+0.001*[#   3]
    |psi|^2 = 0.972
==== e(   6) =     3.49460 eV ==== 
     psi = 0.348*[#   6]+0.348*[#  10]+0.039*[#   5]+0.039*[#   9]+0.034*[#   7]
          +0.034*[#   8]+0.034*[#  11]+0.034*[#  12]+0.032*[#   2]+0.032*[#   4]
          +0.001*[#   1]+0.001*[#   3]
    |psi|^2 = 0.979
==== e(   7) =     4.76729 eV ==== 
     psi = 0.226*[#   7]+0.226*[#   8]+0.226*[#  11]+0.226*[#  12]+0.024*[#   6]
          +0.024*[#  10]+0.004*[#   2]+0.004*[#   4]+0.002*[#   5]+0.002*[#   9]
          
    |psi|^2 = 0.966
==== e(   8) =     5.04329 eV ==== 
     psi = 0.223*[#   7]+0.223*[#   8]+0.223*[#  11]+0.223*[#  12]+0.036*[#   6]
          +0.036*[#  10]
    |psi|^2 = 0.967
==== e(   9) =     5.26682 eV ==== 
     psi = 0.219*[#   7]+0.219*[#   8]+0.219*[#  11]+0.219*[#  12]+0.046*[#   6]
          +0.046*[#  10]
    |psi|^2 = 0.970
==== e(  10) =     5.46368 eV ==== 
     psi = 0.243*[#   7]+0.243*[#   8]+0.243*[#  11]+0.243*[#  12]
    |psi|^2 = 0.974
==== e(  11) =    15.46135 eV ==== 
     psi = 0.253*[#   2]+0.253*[#   4]+0.116*[#   5]+0.116*[#   9]+0.041*[#   6]
          +0.041*[#  10]+0.007*[#   7]+0.007*[#   8]+0.007*[#  11]+0.007*[#  12]
          
    |psi|^2 = 0.845
==== e(  12) =    16.62206 eV ==== 
     psi = 0.251*[#   2]+0.251*[#   4]+0.069*[#   5]+0.069*[#   9]+0.040*[#   6]
          +0.040*[#  10]+0.004*[#   7]+0.004*[#   8]+0.004*[#  11]+0.004*[#  12]
          
    |psi|^2 = 0.736
==== e(  13) =    19.88443 eV ==== 
     psi = 0.024*[#   2]+0.024*[#   4]+0.010*[#   6]+0.010*[#  10]+0.006*[#   5]
          +0.006*[#   9]+0.003*[#   7]+0.003*[#   8]+0.003*[#  11]+0.003*[#  12]
          
    |psi|^2 = 0.090
==== e(  14) =    20.07545 eV ==== 
     psi = 0.007*[#   2]+0.007*[#   4]+0.003*[#   5]+0.003*[#   9]+0.003*[#   6]
          +0.003*[#   7]+0.003*[#   8]+0.003*[#  10]+0.003*[#  11]+0.003*[#  12]
          
    |psi|^2 = 0.042

 k =   0.0500000000  0.1443375673 -0.3079996500
==== e(   1) =   -90.49947 eV ==== 
     psi = 0.497*[#   1]+0.497*[#   3]+0.002*[#   6]+0.002*[#  10]
    |psi|^2 = 1.000
==== e(   2) =   -90.49946 eV ==== 
     psi = 0.497*[#   1]+0.497*[#   3]+0.002*[#   6]+0.002*[#  10]
    |psi|^2 = 1.000
==== e(   3) =   -11.52547 eV ==== 
     psi = 0.350*[#   5]+0.350*[#   9]+0.142*[#   2]+0.142*[#   4]+0.004*[#   6]
          +0.004*[#  10]+0.002*[#   1]+0.002*[#   3]
    |psi|^2 = 0.997
==== e(   4) =   -11.52546 eV ==== 
     psi = 0.350*[#   5]+0.350*[#   9]+0.142*[#   2]+0.142*[#   4]+0.004*[#   6]
          +0.004*[#  10]+0.002*[#   1]+0.002*[#   3]
    |psi|^2 = 0.997
==== e(   5) =     2.71478 eV ==== 
     psi = 0.380*[#   6]+0.380*[#  10]+0.037*[#   5]+0.037*[#   9]+0.036*[#   2]
          +0.036*[#   4]+0.016*[#   7]+0.016*[#   8]+0.016*[#  11]+0.016*[#  12]
          +0.001*[#   1]+0.001*[#   3]
    |psi|^2 = 0.975
==== e(   6) =     2.71479 eV ==== 
     psi = 0.380*[#   6]+0.380*[#  10]+0.037*[#   5]+0.037*[#   9]+0.036*[#   2]
          +0.036*[#   4]+0.016*[#   7]+0.016*[#   8]+0.016*[#  11]+0.016*[#  12]
          +0.001*[#   1]+0.001*[#   3]
    |psi|^2 = 0.975
==== e(   7) =     4.95547 eV ==== 
     psi = 0.219*[#   7]+0.219*[#   8]+0.219*[#  11]+0.219*[#  12]+0.042*[#   6]
          +0.042*[#  10]+0.002*[#   2]+0.002*[#   4]+0.002*[#   5]+0.002*[#   9]
          
    |psi|^2 = 0.968
==== e(   8) =     4.95547 eV ==== 
     psi = 0.219*[#   7]+0.219*[#   8]+0.219*[#  11]+0.219*[#  12]+0.042*[#   6]
          +0.042*[#  10]+0.002*[#   2]+0.002*[#   4]+0.002*[#   5]+0.002*[#   9]
          
    |psi|^2 = 0.968
==== e(   9) =     5.30075 eV ==== 
     psi = 0.242*[#   7]+0.242*[#   8]+0.242*[#  11]+0.242*[#  12]+0.001*[#   6]
          +0.001*[#  10]
    |psi|^2 = 0.970
==== e(  10) =     5.30075 eV ==== 
     psi = 0.242*[#   7]+0.242*[#   8]+0.242*[#  11]+0.242*[#  12]+0.001*[#   6]
          +0.001*[#  10]
    |psi|^2 = 0.970
==== e(  11) =    16.02528 eV ==== 
     psi = 0.254*[#   2]+0.254*[#   4]+0.092*[#   5]+0.092*[#   9]+0.044*[#   6]
          +0.044*[#  10]+0.005*[#   7]+0.005*[#   8]+0.005*[#  11]+0.005*[#  12]
          
    |psi|^2 = 0.799
==== e(  12) =    16.02528 eV ==== 
     psi = 0.254*[#   2]+0.254*[#   4]+0.092*[#   5]+0.092*[#   9]+0.044*[#   6]
          +0.044*[#  10]+0.005*[#   7]+0.005*[#   8]+0.005*[#  11]+0.005*[#  12]
          
    |psi|^2 = 0.799
==== e(  13) =    19.95415 eV ==== 
     psi = 0.012*[#   2]+0.012*[#   4]+0.006*[#   6]+0.006*[#  10]+0.004*[#   5]
          +0.004*[#   9]+0.003*[#   7]+0.003*[#   8]+0.003*[#  11]+0.003*[#  12]
          
    |psi|^2 = 0.057
==== e(  14) =    19.95415 eV ==== 
     psi = 0.012*[#   2]+0.012*[#   4]+0.006*[#   6]+0.006*[#  10]+0.004*[#   5]
          +0.004*[#   9]+0.003*[#   7]+0.003*[#   8]+0.003*[#  11]+0.003*[#  12]
          
    |psi|^2 = 0.057

 k =   0.0500000000  0.2020725942  0.0000000000
==== e(   1) =   -90.50033 eV ==== 
     psi = 0.495*[#   1]+0.495*[#   3]+0.003*[#   2]+0.003*[#   4]
    |psi|^2 = 1.000
==== e(   2) =   -90.49821 eV ==== 
     psi = 0.495*[#   1]+0.495*[#   3]+0.002*[#   6]+0.002*[#  10]+0.001*[#   2]
          +0.001*[#   4]
    |psi|^2 = 1.000
==== e(   3) =   -12.09187 eV ==== 
     psi = 0.297*[#   5]+0.297*[#   9]+0.197*[#   2]+0.197*[#   4]+0.003*[#   1]
          +0.003*[#   3]+0.001*[#   7]+0.001*[#   8]+0.001*[#  11]+0.001*[#  12]
          
    |psi|^2 = 0.998
==== e(   4) =   -10.50345 eV ==== 
     psi = 0.465*[#   5]+0.465*[#   9]+0.028*[#   2]+0.028*[#   4]+0.001*[#   6]
          +0.001*[#  10]
    |psi|^2 = 0.992
==== e(   5) =     0.40165 eV ==== 
     psi = 0.434*[#   6]+0.434*[#  10]+0.041*[#   2]+0.041*[#   4]+0.004*[#   7]
          +0.004*[#   8]+0.004*[#  11]+0.004*[#  12]+0.001*[#   1]+0.001*[#   3]
          
    |psi|^2 = 0.966
==== e(   6) =     3.76025 eV ==== 
     psi = 0.225*[#   7]+0.225*[#   8]+0.225*[#  11]+0.225*[#  12]+0.021*[#   2]
          +0.021*[#   4]+0.009*[#   5]+0.009*[#   9]+0.003*[#   6]+0.003*[#  10]
          
    |psi|^2 = 0.969
==== e(   7) =     4.30260 eV ==== 
     psi = 0.231*[#   7]+0.231*[#   8]+0.231*[#  11]+0.231*[#  12]+0.011*[#   5]
          +0.011*[#   9]+0.010*[#   2]+0.010*[#   4]
    |psi|^2 = 0.968
==== e(   8) =     4.86163 eV ==== 
     psi = 0.231*[#   7]+0.231*[#   8]+0.231*[#  11]+0.231*[#  12]+0.014*[#   5]
          +0.014*[#   9]+0.011*[#   2]+0.011*[#   4]
    |psi|^2 = 0.977
==== e(   9) =     5.75790 eV ==== 
     psi = 0.245*[#   7]+0.245*[#   8]+0.245*[#  11]+0.245*[#  12]
    |psi|^2 = 0.981
==== e(  10) =     5.79579 eV ==== 
     psi = 0.489*[#   6]+0.489*[#  10]
    |psi|^2 = 0.979
==== e(  11) =    14.66305 eV ==== 
     psi = 0.250*[#   2]+0.250*[#   4]+0.155*[#   5]+0.155*[#   9]+0.021*[#   7]
          +0.021*[#   8]+0.021*[#  11]+0.021*[#  12]
    |psi|^2 = 0.893
==== e(  12) =    18.52733 eV ==== 
     psi = 0.039*[#   2]+0.039*[#   4]+0.009*[#   5]+0.009*[#   9]+0.003*[#   7]
          +0.003*[#   8]+0.003*[#  11]+0.003*[#  12]+0.002*[#   6]+0.002*[#  10]
          
    |psi|^2 = 0.111
==== e(  13) =    19.33338 eV ==== 
     psi = 0.204*[#   2]+0.204*[#   4]+0.033*[#   6]+0.033*[#  10]+0.015*[#   5]
          +0.015*[#   9]+0.002*[#   7]+0.002*[#   8]+0.002*[#  11]+0.002*[#  12]
          +0.002*[#   1]+0.002*[#   3]
    |psi|^2 = 0.516
==== e(  14) =    20.41328 eV ==== 
     psi = 0.029*[#   2]+0.029*[#   4]+0.011*[#   5]+0.011*[#   9]+0.007*[#   7]
          +0.007*[#   8]+0.007*[#  11]+0.007*[#  12]+0.001*[#   6]+0.001*[#  10]
          
    |psi|^2 = 0.108

 k =   0.0500000000  0.2020725942  0.0615999300
==== e(   1) =   -90.50028 eV ==== 
     psi = 0.495*[#   1]+0.495*[#   3]+0.003*[#   2]+0.003*[#   4]
    |psi|^2 = 1.000
==== e(   2) =   -90.49826 eV ==== 
     psi = 0.495*[#   1]+0.495*[#   3]+0.002*[#   6]+0.002*[#  10]
    |psi|^2 = 1.000
==== e(   3) =   -12.06076 eV ==== 
     psi = 0.300*[#   5]+0.300*[#   9]+0.194*[#   2]+0.194*[#   4]+0.003*[#   1]
          +0.003*[#   3]+0.001*[#   7]+0.001*[#   8]+0.001*[#  11]+0.001*[#  12]
          
    |psi|^2 = 0.998
==== e(   4) =   -10.55356 eV ==== 
     psi = 0.459*[#   5]+0.459*[#   9]+0.034*[#   2]+0.034*[#   4]+0.002*[#   6]
          +0.002*[#  10]
    |psi|^2 = 0.992
==== e(   5) =     0.51495 eV ==== 
     psi = 0.429*[#   6]+0.429*[#  10]+0.041*[#   2]+0.041*[#   4]+0.004*[#   7]
          +0.004*[#   8]+0.004*[#  11]+0.004*[#  12]+0.003*[#   5]+0.003*[#   9]
          +0.001*[#   1]+0.001*[#   3]
    |psi|^2 = 0.966
==== e(   6) =     3.78827 eV ==== 
     psi = 0.223*[#   7]+0.223*[#   8]+0.223*[#  11]+0.223*[#  12]+0.020*[#   2]
          +0.020*[#   4]+0.010*[#   5]+0.010*[#   9]+0.007*[#   6]+0.007*[#  10]
          
    |psi|^2 = 0.969
==== e(   7) =     4.29862 eV ==== 
     psi = 0.225*[#   7]+0.225*[#   8]+0.225*[#  11]+0.225*[#  12]+0.013*[#   5]
          +0.013*[#   9]+0.012*[#   2]+0.012*[#   4]+0.008*[#   6]+0.008*[#  10]
          
    |psi|^2 = 0.970
==== e(   8) =     4.80398 eV ==== 
     psi = 0.221*[#   7]+0.221*[#   8]+0.221*[#  11]+0.221*[#  12]+0.024*[#   6]
          +0.024*[#  10]+0.012*[#   5]+0.012*[#   9]+0.009*[#   2]+0.009*[#   4]
          
    |psi|^2 = 0.974
==== e(   9) =     5.70898 eV ==== 
     psi = 0.164*[#   7]+0.164*[#   8]+0.164*[#  11]+0.164*[#  12]+0.160*[#   6]
          +0.160*[#  10]
    |psi|^2 = 0.979
==== e(  10) =     5.74840 eV ==== 
     psi = 0.291*[#   6]+0.291*[#  10]+0.099*[#   7]+0.099*[#   8]+0.099*[#  11]
          +0.099*[#  12]
    |psi|^2 = 0.979
==== e(  11) =    14.71291 eV ==== 
     psi = 0.248*[#   2]+0.248*[#   4]+0.150*[#   5]+0.150*[#   9]+0.020*[#   7]
          +0.020*[#   8]+0.020*[#  11]+0.020*[#  12]+0.004*[#   6]+0.004*[#  10]
          
    |psi|^2 = 0.882
==== e(  12) =    18.30953 eV ==== 
     psi = 0.101*[#   2]+0.101*[#   4]+0.014*[#   5]+0.014*[#   9]+0.011*[#   6]
          +0.011*[#  10]+0.002*[#   7]+0.002*[#   8]+0.002*[#  11]+0.002*[#  12]
          
    |psi|^2 = 0.263
==== e(  13) =    19.42815 eV ==== 
     psi = 0.145*[#   2]+0.145*[#   4]+0.025*[#   6]+0.025*[#  10]+0.013*[#   5]
          +0.013*[#   9]+0.003*[#   7]+0.003*[#   8]+0.003*[#  11]+0.003*[#  12]
          
    |psi|^2 = 0.379
==== e(  14) =    20.40784 eV ==== 
     psi = 0.029*[#   2]+0.029*[#   4]+0.010*[#   5]+0.010*[#   9]+0.007*[#   7]
          +0.007*[#   8]+0.007*[#  11]+0.007*[#  12]+0.001*[#   6]+0.001*[#  10]
          
    |psi|^2 = 0.108

 k =   0.0500000000  0.2020725942  0.1231998600
==== e(   1) =   -90.50013 eV ==== 
     psi = 0.496*[#   1]+0.496*[#   3]+0.003*[#   2]+0.003*[#   4]
    |psi|^2 = 1.000
==== e(   2) =   -90.49841 eV ==== 
     psi = 0.496*[#   1]+0.496*[#   3]+0.002*[#   6]+0.002*[#  10]
    |psi|^2 = 1.000
==== e(   3) =   -11.96890 eV ==== 
     psi = 0.308*[#   5]+0.308*[#   9]+0.185*[#   2]+0.185*[#   4]+0.003*[#   1]
          +0.003*[#   3]+0.001*[#   7]+0.001*[#   8]+0.001*[#  11]+0.001*[#  12]
          
    |psi|^2 = 0.998
==== e(   4) =   -10.69437 eV ==== 
     psi = 0.441*[#   5]+0.441*[#   9]+0.051*[#   2]+0.051*[#   4]+0.003*[#   6]
          +0.003*[#  10]
    |psi|^2 = 0.993
==== e(   5) =     0.84037 eV ==== 
     psi = 0.417*[#   6]+0.417*[#  10]+0.042*[#   2]+0.042*[#   4]+0.011*[#   5]
          +0.011*[#   9]+0.006*[#   7]+0.006*[#   8]+0.006*[#  11]+0.006*[#  12]
          +0.001*[#   1]+0.001*[#   3]
    |psi|^2 = 0.968
==== e(   6) =     3.84970 eV ==== 
     psi = 0.210*[#   7]+0.210*[#   8]+0.210*[#  11]+0.210*[#  12]+0.028*[#   6]
          +0.028*[#  10]+0.020*[#   2]+0.020*[#   4]+0.016*[#   5]+0.016*[#   9]
          
    |psi|^2 = 0.969
==== e(   7) =     4.23302 eV ==== 
     psi = 0.199*[#   7]+0.199*[#   8]+0.199*[#  11]+0.199*[#  12]+0.053*[#   6]
          +0.053*[#  10]+0.018*[#   5]+0.018*[#   9]+0.018*[#   2]+0.018*[#   4]
          
    |psi|^2 = 0.975
==== e(   8) =     4.71263 eV ==== 
     psi = 0.213*[#   7]+0.213*[#   8]+0.213*[#  11]+0.213*[#  12]+0.048*[#   6]
          +0.048*[#  10]+0.005*[#   5]+0.005*[#   9]+0.004*[#   2]+0.004*[#   4]
          
    |psi|^2 = 0.966
==== e(   9) =     5.54370 eV ==== 
     psi = 0.301*[#   6]+0.301*[#  10]+0.093*[#   7]+0.093*[#   8]+0.093*[#  11]
          +0.093*[#  12]
    |psi|^2 = 0.976
==== e(  10) =     5.63761 eV ==== 
     psi = 0.217*[#   7]+0.217*[#   8]+0.217*[#  11]+0.217*[#  12]+0.055*[#   6]
          +0.055*[#  10]
    |psi|^2 = 0.977
==== e(  11) =    14.87075 eV ==== 
     psi = 0.244*[#   2]+0.244*[#   4]+0.136*[#   5]+0.136*[#   9]+0.016*[#   7]
          +0.016*[#   8]+0.016*[#  11]+0.016*[#  12]+0.013*[#   6]+0.013*[#  10]
          
    |psi|^2 = 0.853
==== e(  12) =    17.82911 eV ==== 
     psi = 0.170*[#   2]+0.170*[#   4]+0.024*[#   5]+0.024*[#   9]+0.024*[#   6]
          +0.024*[#  10]+0.003*[#   7]+0.003*[#   8]+0.003*[#  11]+0.003*[#  12]
          
    |psi|^2 = 0.446
==== e(  13) =    19.57090 eV ==== 
     psi = 0.082*[#   2]+0.082*[#   4]+0.015*[#   6]+0.015*[#  10]+0.011*[#   5]
          +0.011*[#   9]+0.003*[#   7]+0.003*[#   8]+0.003*[#  11]+0.003*[#  12]
          
    |psi|^2 = 0.230
==== e(  14) =    20.34479 eV ==== 
     psi = 0.028*[#   2]+0.028*[#   4]+0.008*[#   5]+0.008*[#   9]+0.006*[#   7]
          +0.006*[#   8]+0.006*[#  11]+0.006*[#  12]+0.002*[#   6]+0.002*[#  10]
          
    |psi|^2 = 0.100

 k =   0.0500000000  0.2020725942  0.1847997900
==== e(   1) =   -90.49989 eV ==== 
     psi = 0.496*[#   1]+0.496*[#   3]+0.002*[#   2]+0.002*[#   4]
    |psi|^2 = 1.000
==== e(   2) =   -90.49865 eV ==== 
     psi = 0.496*[#   1]+0.496*[#   3]+0.002*[#   6]+0.002*[#  10]
    |psi|^2 = 1.000
==== e(   3) =   -11.82083 eV ==== 
     psi = 0.322*[#   5]+0.322*[#   9]+0.171*[#   2]+0.171*[#   4]+0.002*[#   1]
          +0.002*[#   3]+0.002*[#   6]+0.002*[#  10]
    |psi|^2 = 0.998
==== e(   4) =   -10.90141 eV ==== 
     psi = 0.417*[#   5]+0.417*[#   9]+0.075*[#   2]+0.075*[#   4]+0.004*[#   6]
          +0.004*[#  10]
    |psi|^2 = 0.995
==== e(   5) =     1.33810 eV ==== 
     psi = 0.398*[#   6]+0.398*[#  10]+0.042*[#   2]+0.042*[#   4]+0.021*[#   5]
          +0.021*[#   9]+0.011*[#   7]+0.011*[#   8]+0.011*[#  11]+0.011*[#  12]
          +0.001*[#   1]+0.001*[#   3]
    |psi|^2 = 0.970
==== e(   6) =     3.72203 eV ==== 
     psi = 0.152*[#   6]+0.152*[#  10]+0.135*[#   7]+0.135*[#   8]+0.135*[#  11]
          +0.135*[#  12]+0.037*[#   5]+0.037*[#   9]+0.030*[#   2]+0.030*[#   4]
          +0.001*[#   1]+0.001*[#   3]
    |psi|^2 = 0.980
==== e(   7) =     4.18449 eV ==== 
     psi = 0.207*[#   7]+0.207*[#   8]+0.207*[#  11]+0.207*[#  12]+0.054*[#   6]
          +0.054*[#  10]+0.010*[#   2]+0.010*[#   4]+0.004*[#   5]+0.004*[#   9]
          
    |psi|^2 = 0.966
==== e(   8) =     4.73793 eV ==== 
     psi = 0.219*[#   7]+0.219*[#   8]+0.219*[#  11]+0.219*[#  12]+0.042*[#   6]
          +0.042*[#  10]
    |psi|^2 = 0.962
==== e(   9) =     5.28986 eV ==== 
     psi = 0.223*[#   6]+0.223*[#  10]+0.131*[#   7]+0.131*[#   8]+0.131*[#  11]
          +0.131*[#  12]
    |psi|^2 = 0.971
==== e(  10) =     5.48265 eV ==== 
     psi = 0.237*[#   7]+0.237*[#   8]+0.237*[#  11]+0.237*[#  12]+0.013*[#   6]
          +0.013*[#  10]
    |psi|^2 = 0.974
==== e(  11) =    15.15032 eV ==== 
     psi = 0.240*[#   2]+0.240*[#   4]+0.117*[#   5]+0.117*[#   9]+0.025*[#   6]
          +0.025*[#  10]+0.012*[#   7]+0.012*[#   8]+0.012*[#  11]+0.012*[#  12]
          
    |psi|^2 = 0.813
==== e(  12) =    17.24603 eV ==== 
     psi = 0.209*[#   2]+0.209*[#   4]+0.037*[#   5]+0.037*[#   9]+0.033*[#   6]
          +0.033*[#  10]+0.003*[#   7]+0.003*[#   8]+0.003*[#  11]+0.003*[#  12]
          
    |psi|^2 = 0.572
==== e(  13) =    19.67861 eV ==== 
     psi = 0.047*[#   2]+0.047*[#   4]+0.010*[#   5]+0.010*[#   9]+0.009*[#   6]
          +0.009*[#  10]+0.004*[#   7]+0.004*[#   8]+0.004*[#  11]+0.004*[#  12]
          
    |psi|^2 = 0.148
==== e(  14) =    20.18997 eV ==== 
     psi = 0.024*[#   2]+0.024*[#   4]+0.006*[#   5]+0.006*[#   9]+0.006*[#   7]
          +0.006*[#   8]+0.006*[#  11]+0.006*[#  12]+0.002*[#   6]+0.002*[#  10]
          
    |psi|^2 = 0.087

 k =   0.0500000000  0.2020725942  0.2463997200
==== e(   1) =   -90.49960 eV ==== 
     psi = 0.497*[#   1]+0.497*[#   3]
    |psi|^2 = 1.000
==== e(   2) =   -90.49894 eV ==== 
     psi = 0.497*[#   1]+0.497*[#   3]+0.002*[#   6]+0.002*[#  10]
    |psi|^2 = 1.000
==== e(   3) =   -11.62473 eV ==== 
     psi = 0.340*[#   5]+0.340*[#   9]+0.152*[#   2]+0.152*[#   4]+0.003*[#   6]
          +0.003*[#  10]+0.002*[#   1]+0.002*[#   3]
    |psi|^2 = 0.997
==== e(   4) =   -11.14406 eV ==== 
     psi = 0.390*[#   5]+0.390*[#   9]+0.102*[#   2]+0.102*[#   4]+0.004*[#   6]
          +0.004*[#  10]
    |psi|^2 = 0.996
==== e(   5) =     1.95064 eV ==== 
     psi = 0.371*[#   6]+0.371*[#  10]+0.042*[#   2]+0.042*[#   4]+0.031*[#   5]
          +0.031*[#   9]+0.021*[#   7]+0.021*[#   8]+0.021*[#  11]+0.021*[#  12]
          +0.001*[#   1]+0.001*[#   3]
    |psi|^2 = 0.974
==== e(   6) =     3.23458 eV ==== 
     psi = 0.263*[#   6]+0.263*[#  10]+0.075*[#   7]+0.075*[#   8]+0.075*[#  11]
          +0.075*[#  12]+0.040*[#   5]+0.040*[#   9]+0.036*[#   2]+0.036*[#   4]
          +0.002*[#   1]+0.002*[#   3]
    |psi|^2 = 0.981
==== e(   7) =     4.36105 eV ==== 
     psi = 0.207*[#   7]+0.207*[#   8]+0.207*[#  11]+0.207*[#  12]+0.059*[#   6]
          +0.059*[#  10]+0.005*[#   2]+0.005*[#   4]+0.002*[#   5]+0.002*[#   9]
          
    |psi|^2 = 0.962
==== e(   8) =     4.80179 eV ==== 
     psi = 0.195*[#   7]+0.195*[#   8]+0.195*[#  11]+0.195*[#  12]+0.090*[#   6]
          +0.090*[#  10]
    |psi|^2 = 0.964
==== e(   9) =     5.05361 eV ==== 
     psi = 0.203*[#   7]+0.203*[#   8]+0.203*[#  11]+0.203*[#  12]+0.077*[#   6]
          +0.077*[#  10]
    |psi|^2 = 0.966
==== e(  10) =     5.29981 eV ==== 
     psi = 0.240*[#   7]+0.240*[#   8]+0.240*[#  11]+0.240*[#  12]+0.004*[#   6]
          +0.004*[#  10]
    |psi|^2 = 0.970
==== e(  11) =    15.55256 eV ==== 
     psi = 0.237*[#   2]+0.237*[#   4]+0.095*[#   5]+0.095*[#   9]+0.034*[#   6]
          +0.034*[#  10]+0.009*[#   7]+0.009*[#   8]+0.009*[#  11]+0.009*[#  12]
          
    |psi|^2 = 0.768
==== e(  12) =    16.63814 eV ==== 
     psi = 0.227*[#   2]+0.227*[#   4]+0.054*[#   5]+0.054*[#   9]+0.038*[#   6]
          +0.038*[#  10]+0.004*[#   7]+0.004*[#   8]+0.004*[#  11]+0.004*[#  12]
          
    |psi|^2 = 0.656
==== e(  13) =    19.76729 eV ==== 
     psi = 0.030*[#   2]+0.030*[#   4]+0.008*[#   5]+0.008*[#   9]+0.005*[#   6]
          +0.005*[#  10]+0.005*[#   7]+0.005*[#   8]+0.005*[#  11]+0.005*[#  12]
          
    |psi|^2 = 0.108
==== e(  14) =    20.01365 eV ==== 
     psi = 0.022*[#   2]+0.022*[#   4]+0.006*[#   5]+0.006*[#   9]+0.005*[#   7]
          +0.005*[#   8]+0.005*[#  11]+0.005*[#  12]+0.003*[#   6]+0.003*[#  10]
          
    |psi|^2 = 0.083

 k =   0.0500000000  0.2020725942 -0.3079996500
==== e(   1) =   -90.49927 eV ==== 
     psi = 0.497*[#   1]+0.497*[#   3]+0.001*[#   6]+0.001*[#  10]
    |psi|^2 = 1.000
==== e(   2) =   -90.49926 eV ==== 
     psi = 0.497*[#   1]+0.497*[#   3]+0.001*[#   6]+0.001*[#  10]
    |psi|^2 = 1.000
==== e(   3) =   -11.39315 eV ==== 
     psi = 0.363*[#   5]+0.363*[#   9]+0.129*[#   2]+0.129*[#   4]+0.004*[#   6]
          +0.004*[#  10]+0.001*[#   1]+0.001*[#   3]
    |psi|^2 = 0.997
==== e(   4) =   -11.39315 eV ==== 
     psi = 0.363*[#   5]+0.363*[#   9]+0.129*[#   2]+0.129*[#   4]+0.004*[#   6]
          +0.004*[#  10]+0.001*[#   1]+0.001*[#   3]
    |psi|^2 = 0.997
==== e(   5) =     2.60895 eV ==== 
     psi = 0.329*[#   6]+0.329*[#  10]+0.040*[#   7]+0.040*[#   8]+0.040*[#  11]
          +0.040*[#  12]+0.040*[#   2]+0.040*[#   4]+0.038*[#   5]+0.038*[#   9]
          +0.001*[#   1]+0.001*[#   3]
    |psi|^2 = 0.978
==== e(   6) =     2.60895 eV ==== 
     psi = 0.329*[#   6]+0.329*[#  10]+0.040*[#   7]+0.040*[#   8]+0.040*[#  11]
          +0.040*[#  12]+0.040*[#   2]+0.040*[#   4]+0.038*[#   5]+0.038*[#   9]
          +0.001*[#   1]+0.001*[#   3]
    |psi|^2 = 0.978
==== e(   7) =     4.61253 eV ==== 
     psi = 0.191*[#   7]+0.191*[#   8]+0.191*[#  11]+0.191*[#  12]+0.096*[#   6]
          +0.096*[#  10]+0.002*[#   2]+0.002*[#   4]+0.001*[#   5]+0.001*[#   9]
          
    |psi|^2 = 0.963
==== e(   8) =     4.61253 eV ==== 
     psi = 0.191*[#   7]+0.191*[#   8]+0.191*[#  11]+0.191*[#  12]+0.096*[#   6]
          +0.096*[#  10]+0.002*[#   2]+0.002*[#   4]+0.001*[#   5]+0.001*[#   9]
          
    |psi|^2 = 0.963
==== e(   9) =     5.11865 eV ==== 
     psi = 0.240*[#   7]+0.240*[#   8]+0.240*[#  11]+0.240*[#  12]+0.003*[#   6]
          +0.003*[#  10]
    |psi|^2 = 0.967
==== e(  10) =     5.11865 eV ==== 
     psi = 0.240*[#   7]+0.240*[#   8]+0.240*[#  11]+0.240*[#  12]+0.003*[#   6]
          +0.003*[#  10]
    |psi|^2 = 0.967
==== e(  11) =    16.05939 eV ==== 
     psi = 0.234*[#   2]+0.234*[#   4]+0.074*[#   5]+0.074*[#   9]+0.039*[#   6]
          +0.039*[#  10]+0.006*[#   7]+0.006*[#   8]+0.006*[#  11]+0.006*[#  12]
          
    |psi|^2 = 0.718
==== e(  12) =    16.05940 eV ==== 
     psi = 0.234*[#   2]+0.234*[#   4]+0.074*[#   5]+0.074*[#   9]+0.039*[#   6]
          +0.039*[#  10]+0.006*[#   7]+0.006*[#   8]+0.006*[#  11]+0.006*[#  12]
          
    |psi|^2 = 0.718
==== e(  13) =    19.87112 eV ==== 
     psi = 0.023*[#   2]+0.023*[#   4]+0.007*[#   5]+0.007*[#   9]+0.005*[#   7]
          +0.005*[#   8]+0.005*[#  11]+0.005*[#  12]+0.004*[#   6]+0.004*[#  10]
          
    |psi|^2 = 0.090
==== e(  14) =    19.87112 eV ==== 
     psi = 0.023*[#   2]+0.023*[#   4]+0.007*[#   5]+0.007*[#   9]+0.005*[#   7]
          +0.005*[#   8]+0.005*[#  11]+0.005*[#  12]+0.004*[#   6]+0.004*[#  10]
          
    |psi|^2 = 0.090

 k =   0.0500000000  0.2598076211  0.0000000000
==== e(   1) =   -90.50000 eV ==== 
     psi = 0.496*[#   1]+0.496*[#   3]+0.002*[#   2]+0.002*[#   4]
    |psi|^2 = 1.000
==== e(   2) =   -90.49808 eV ==== 
     psi = 0.495*[#   1]+0.495*[#   3]+0.002*[#   6]+0.002*[#  10]+0.001*[#   2]
          +0.001*[#   4]
    |psi|^2 = 1.000
==== e(   3) =   -11.88433 eV ==== 
     psi = 0.316*[#   5]+0.316*[#   9]+0.178*[#   2]+0.178*[#   4]+0.002*[#   1]
          +0.002*[#   3]+0.002*[#   7]+0.002*[#   8]+0.002*[#  11]+0.002*[#  12]
          
    |psi|^2 = 0.998
==== e(   4) =   -10.41363 eV ==== 
     psi = 0.473*[#   5]+0.473*[#   9]+0.021*[#   2]+0.021*[#   4]
    |psi|^2 = 0.991
==== e(   5) =     0.65941 eV ==== 
     psi = 0.430*[#   6]+0.430*[#  10]+0.033*[#   2]+0.033*[#   4]+0.008*[#   7]
          +0.008*[#   8]+0.008*[#  11]+0.008*[#  12]
    |psi|^2 = 0.961
==== e(   6) =     3.10375 eV ==== 
     psi = 0.214*[#   7]+0.214*[#   8]+0.214*[#  11]+0.214*[#  12]+0.034*[#   2]
          +0.034*[#   4]+0.014*[#   5]+0.014*[#   9]+0.010*[#   6]+0.010*[#  10]
          
    |psi|^2 = 0.973
==== e(   7) =     3.88446 eV ==== 
     psi = 0.224*[#   7]+0.224*[#   8]+0.224*[#  11]+0.224*[#  12]+0.020*[#   2]
          +0.020*[#   4]+0.017*[#   5]+0.017*[#   9]
    |psi|^2 = 0.974
==== e(   8) =     4.45653 eV ==== 
     psi = 0.234*[#   7]+0.234*[#   8]+0.234*[#  11]+0.234*[#  12]+0.008*[#   5]
          +0.008*[#   9]+0.007*[#   2]+0.007*[#   4]
    |psi|^2 = 0.967
==== e(   9) =     5.61120 eV ==== 
     psi = 0.417*[#   6]+0.417*[#  10]+0.035*[#   7]+0.035*[#   8]+0.035*[#  11]
          +0.035*[#  12]
    |psi|^2 = 0.975
==== e(  10) =     5.61817 eV ==== 
     psi = 0.209*[#   7]+0.209*[#   8]+0.209*[#  11]+0.209*[#  12]+0.070*[#   6]
          +0.070*[#  10]
    |psi|^2 = 0.977
==== e(  11) =    15.08681 eV ==== 
     psi = 0.238*[#   2]+0.238*[#   4]+0.123*[#   5]+0.123*[#   9]+0.023*[#   7]
          +0.023*[#   8]+0.023*[#  11]+0.023*[#  12]
    |psi|^2 = 0.815
==== e(  12) =    18.48937 eV ==== 
     psi = 0.033*[#   2]+0.033*[#   4]+0.021*[#   6]+0.021*[#  10]+0.006*[#   5]
          +0.006*[#   9]+0.003*[#   7]+0.003*[#   8]+0.003*[#  11]+0.003*[#  12]
          
    |psi|^2 = 0.133
==== e(  13) =    18.94073 eV ==== 
     psi = 0.146*[#   2]+0.146*[#   4]+0.017*[#   5]+0.017*[#   9]+0.009*[#   6]
          +0.009*[#  10]+0.002*[#   7]+0.002*[#   8]+0.002*[#  11]+0.002*[#  12]
          +0.001*[#   1]+0.001*[#   3]
    |psi|^2 = 0.354
==== e(  14) =    20.69074 eV ==== 
     psi = 0.073*[#   2]+0.073*[#   4]+0.013*[#   5]+0.013*[#   9]+0.011*[#   7]
          +0.011*[#   8]+0.011*[#  11]+0.011*[#  12]+0.002*[#   6]+0.002*[#  10]
          
    |psi|^2 = 0.220

 k =   0.0500000000  0.2598076211  0.0615999300
==== e(   1) =   -90.49995 eV ==== 
     psi = 0.496*[#   1]+0.496*[#   3]+0.002*[#   2]+0.002*[#   4]
    |psi|^2 = 1.000
==== e(   2) =   -90.49812 eV ==== 
     psi = 0.495*[#   1]+0.495*[#   3]+0.002*[#   6]+0.002*[#  10]+0.001*[#   2]
          +0.001*[#   4]
    |psi|^2 = 1.000
==== e(   3) =   -11.85505 eV ==== 
     psi = 0.318*[#   5]+0.318*[#   9]+0.175*[#   2]+0.175*[#   4]+0.002*[#   1]
          +0.002*[#   3]+0.002*[#   7]+0.002*[#   8]+0.002*[#  11]+0.002*[#  12]
          
    |psi|^2 = 0.998
==== e(   4) =   -10.45904 eV ==== 
     psi = 0.467*[#   5]+0.467*[#   9]+0.026*[#   2]+0.026*[#   4]+0.001*[#   6]
          +0.001*[#  10]
    |psi|^2 = 0.992
==== e(   5) =     0.75276 eV ==== 
     psi = 0.422*[#   6]+0.422*[#  10]+0.035*[#   2]+0.035*[#   4]+0.010*[#   7]
          +0.010*[#   8]+0.010*[#  11]+0.010*[#  12]+0.003*[#   5]+0.003*[#   9]
          
    |psi|^2 = 0.962
==== e(   6) =     3.13895 eV ==== 
     psi = 0.211*[#   7]+0.211*[#   8]+0.211*[#  11]+0.211*[#  12]+0.032*[#   2]
          +0.032*[#   4]+0.016*[#   6]+0.016*[#  10]+0.016*[#   5]+0.016*[#   9]
          
    |psi|^2 = 0.972
==== e(   7) =     3.85705 eV ==== 
     psi = 0.218*[#   7]+0.218*[#   8]+0.218*[#  11]+0.218*[#  12]+0.021*[#   2]
          +0.021*[#   4]+0.019*[#   5]+0.019*[#   9]+0.011*[#   6]+0.011*[#  10]
          
    |psi|^2 = 0.976
==== e(   8) =     4.43499 eV ==== 
     psi = 0.230*[#   7]+0.230*[#   8]+0.230*[#  11]+0.230*[#  12]+0.011*[#   6]
          +0.011*[#  10]+0.006*[#   5]+0.006*[#   9]+0.005*[#   2]+0.005*[#   4]
          
    |psi|^2 = 0.964
==== e(   9) =     5.54764 eV ==== 
     psi = 0.261*[#   6]+0.261*[#  10]+0.113*[#   7]+0.113*[#   8]+0.113*[#  11]
          +0.113*[#  12]
    |psi|^2 = 0.975
==== e(  10) =     5.60197 eV ==== 
     psi = 0.200*[#   6]+0.200*[#  10]+0.144*[#   7]+0.144*[#   8]+0.144*[#  11]
          +0.144*[#  12]
    |psi|^2 = 0.976
==== e(  11) =    15.09359 eV ==== 
     psi = 0.236*[#   2]+0.236*[#   4]+0.119*[#   5]+0.119*[#   9]+0.021*[#   7]
          +0.021*[#   8]+0.021*[#  11]+0.021*[#  12]+0.003*[#   6]+0.003*[#  10]
          
    |psi|^2 = 0.800
==== e(  12) =    18.17836 eV ==== 
     psi = 0.091*[#   2]+0.091*[#   4]+0.021*[#   6]+0.021*[#  10]+0.010*[#   5]
          +0.010*[#   9]+0.002*[#   7]+0.002*[#   8]+0.002*[#  11]+0.002*[#  12]
          
    |psi|^2 = 0.255
==== e(  13) =    19.16973 eV ==== 
     psi = 0.095*[#   2]+0.095*[#   4]+0.015*[#   5]+0.015*[#   9]+0.009*[#   6]
          +0.009*[#  10]+0.004*[#   7]+0.004*[#   8]+0.004*[#  11]+0.004*[#  12]
          
    |psi|^2 = 0.253
==== e(  14) =    20.65925 eV ==== 
     psi = 0.076*[#   2]+0.076*[#   4]+0.012*[#   5]+0.012*[#   9]+0.011*[#   7]
          +0.011*[#   8]+0.011*[#  11]+0.011*[#  12]+0.002*[#   6]+0.002*[#  10]
          
    |psi|^2 = 0.225

 k =   0.0500000000  0.2598076211  0.1231998600
==== e(   1) =   -90.49982 eV ==== 
     psi = 0.496*[#   1]+0.496*[#   3]+0.002*[#   2]+0.002*[#   4]
    |psi|^2 = 1.000
==== e(   2) =   -90.49826 eV ==== 
     psi = 0.495*[#   1]+0.495*[#   3]+0.002*[#   6]+0.002*[#  10]
    |psi|^2 = 1.000
==== e(   3) =   -11.76867 eV ==== 
     psi = 0.326*[#   5]+0.326*[#   9]+0.167*[#   2]+0.167*[#   4]+0.002*[#   1]
          +0.002*[#   3]+0.001*[#   7]+0.001*[#   8]+0.001*[#  11]+0.001*[#  12]
          
    |psi|^2 = 0.998
==== e(   4) =   -10.58708 eV ==== 
     psi = 0.452*[#   5]+0.452*[#   9]+0.040*[#   2]+0.040*[#   4]+0.002*[#   6]
          +0.002*[#  10]
    |psi|^2 = 0.993
==== e(   5) =     1.01805 eV ==== 
     psi = 0.400*[#   6]+0.400*[#  10]+0.038*[#   2]+0.038*[#   4]+0.017*[#   7]
          +0.017*[#   8]+0.017*[#  11]+0.017*[#  12]+0.010*[#   5]+0.010*[#   9]
          
    |psi|^2 = 0.966
==== e(   6) =     3.21552 eV ==== 
     psi = 0.197*[#   7]+0.197*[#   8]+0.197*[#  11]+0.197*[#  12]+0.038*[#   6]
          +0.038*[#  10]+0.029*[#   2]+0.029*[#   4]+0.022*[#   5]+0.022*[#   9]
          +0.001*[#   1]+0.001*[#   3]
    |psi|^2 = 0.971
==== e(   7) =     3.76405 eV ==== 
     psi = 0.200*[#   7]+0.200*[#   8]+0.200*[#  11]+0.200*[#  12]+0.048*[#   6]
          +0.048*[#  10]+0.022*[#   2]+0.022*[#   4]+0.016*[#   5]+0.016*[#   9]
          +0.001*[#   1]+0.001*[#   3]
    |psi|^2 = 0.975
==== e(   8) =     4.43083 eV ==== 
     psi = 0.227*[#   7]+0.227*[#   8]+0.227*[#  11]+0.227*[#  12]+0.022*[#   6]
          +0.022*[#  10]+0.002*[#   2]+0.002*[#   4]+0.002*[#   5]+0.002*[#   9]
          
    |psi|^2 = 0.960
==== e(   9) =     5.39668 eV ==== 
     psi = 0.265*[#   6]+0.265*[#  10]+0.110*[#   7]+0.110*[#   8]+0.110*[#  11]
          +0.110*[#  12]
    |psi|^2 = 0.974
==== e(  10) =     5.50323 eV ==== 
     psi = 0.177*[#   7]+0.177*[#   8]+0.177*[#  11]+0.177*[#  12]+0.133*[#   6]
          +0.133*[#  10]
    |psi|^2 = 0.974
==== e(  11) =    15.14222 eV ==== 
     psi = 0.230*[#   2]+0.230*[#   4]+0.108*[#   5]+0.108*[#   9]+0.017*[#   7]
          +0.017*[#   8]+0.017*[#  11]+0.017*[#  12]+0.009*[#   6]+0.009*[#  10]
          
    |psi|^2 = 0.762
==== e(  12) =    17.65952 eV ==== 
     psi = 0.135*[#   2]+0.135*[#   4]+0.026*[#   6]+0.026*[#  10]+0.016*[#   5]
          +0.016*[#   9]+0.002*[#   7]+0.002*[#   8]+0.002*[#  11]+0.002*[#  12]
          
    |psi|^2 = 0.364
==== e(  13) =    19.44242 eV ==== 
     psi = 0.065*[#   2]+0.065*[#   4]+0.014*[#   5]+0.014*[#   9]+0.007*[#   6]
          +0.007*[#  10]+0.005*[#   7]+0.005*[#   8]+0.005*[#  11]+0.005*[#  12]
          
    |psi|^2 = 0.195
==== e(  14) =    20.52955 eV ==== 
     psi = 0.073*[#   2]+0.073*[#   4]+0.010*[#   5]+0.010*[#   9]+0.010*[#   7]
          +0.010*[#   8]+0.010*[#  11]+0.010*[#  12]+0.003*[#   6]+0.003*[#  10]
          
    |psi|^2 = 0.212

 k =   0.0500000000  0.2598076211  0.1847997900
==== e(   1) =   -90.49960 eV ==== 
     psi = 0.497*[#   1]+0.497*[#   3]
    |psi|^2 = 1.000
==== e(   2) =   -90.49847 eV ==== 
     psi = 0.496*[#   1]+0.496*[#   3]+0.002*[#   6]+0.002*[#  10]
    |psi|^2 = 1.000
==== e(   3) =   -11.62973 eV ==== 
     psi = 0.340*[#   5]+0.340*[#   9]+0.153*[#   2]+0.153*[#   4]+0.002*[#   1]
          +0.002*[#   3]+0.001*[#   6]+0.001*[#   7]+0.001*[#   8]+0.001*[#  10]
          +0.001*[#  11]+0.001*[#  12]
    |psi|^2 = 0.997
==== e(   4) =   -10.77642 eV ==== 
     psi = 0.430*[#   5]+0.430*[#   9]+0.061*[#   2]+0.061*[#   4]+0.003*[#   6]
          +0.003*[#  10]
    |psi|^2 = 0.994
==== e(   5) =     1.41482 eV ==== 
     psi = 0.364*[#   6]+0.364*[#  10]+0.042*[#   2]+0.042*[#   4]+0.029*[#   7]
          +0.029*[#   8]+0.029*[#  11]+0.029*[#  12]+0.020*[#   5]+0.020*[#   9]
          +0.001*[#   1]+0.001*[#   3]
    |psi|^2 = 0.971
==== e(   6) =     3.15362 eV ==== 
     psi = 0.158*[#   7]+0.158*[#   8]+0.158*[#  11]+0.158*[#  12]+0.101*[#   6]
          +0.101*[#  10]+0.037*[#   5]+0.037*[#   9]+0.035*[#   2]+0.035*[#   4]
          +0.001*[#   1]+0.001*[#   3]
    |psi|^2 = 0.978
==== e(   7) =     3.75673 eV ==== 
     psi = 0.191*[#   7]+0.191*[#   8]+0.191*[#  11]+0.191*[#  12]+0.081*[#   6]
          +0.081*[#  10]+0.014*[#   2]+0.014*[#   4]+0.004*[#   5]+0.004*[#   9]
          
    |psi|^2 = 0.965
==== e(   8) =     4.50674 eV ==== 
     psi = 0.225*[#   7]+0.225*[#   8]+0.225*[#  11]+0.225*[#  12]+0.029*[#   6]
          +0.029*[#  10]
    |psi|^2 = 0.959
==== e(   9) =     5.15028 eV ==== 
     psi = 0.263*[#   6]+0.263*[#  10]+0.111*[#   7]+0.111*[#   8]+0.111*[#  11]
          +0.111*[#  12]
    |psi|^2 = 0.970
==== e(  10) =     5.33113 eV ==== 
     psi = 0.216*[#   7]+0.216*[#   8]+0.216*[#  11]+0.216*[#  12]+0.053*[#   6]
          +0.053*[#  10]
    |psi|^2 = 0.971
==== e(  11) =    15.28997 eV ==== 
     psi = 0.222*[#   2]+0.222*[#   4]+0.091*[#   5]+0.091*[#   9]+0.018*[#   6]
          +0.018*[#  10]+0.013*[#   7]+0.013*[#   8]+0.013*[#  11]+0.013*[#  12]
          
    |psi|^2 = 0.713
==== e(  12) =    17.08766 eV ==== 
     psi = 0.168*[#   2]+0.168*[#   4]+0.030*[#   6]+0.030*[#  10]+0.025*[#   5]
          +0.025*[#   9]+0.003*[#   7]+0.003*[#   8]+0.003*[#  11]+0.003*[#  12]
          
    |psi|^2 = 0.459
==== e(  13) =    19.63467 eV ==== 
     psi = 0.049*[#   2]+0.049*[#   4]+0.013*[#   5]+0.013*[#   9]+0.007*[#   7]
          +0.007*[#   8]+0.007*[#  11]+0.007*[#  12]+0.005*[#   6]+0.005*[#  10]
          
    |psi|^2 = 0.161
==== e(  14) =    20.31829 eV ==== 
     psi = 0.060*[#   2]+0.060*[#   4]+0.009*[#   5]+0.009*[#   9]+0.009*[#   7]
          +0.009*[#   8]+0.009*[#  11]+0.009*[#  12]+0.003*[#   6]+0.003*[#  10]
          
    |psi|^2 = 0.180

 k =   0.0500000000  0.2598076211  0.2463997200
==== e(   1) =   -90.49934 eV ==== 
     psi = 0.497*[#   1]+0.497*[#   3]+0.001*[#   6]+0.001*[#  10]
    |psi|^2 = 1.000
==== e(   2) =   -90.49874 eV ==== 
     psi = 0.496*[#   1]+0.496*[#   3]+0.002*[#   6]+0.002*[#  10]
    |psi|^2 = 1.000
==== e(   3) =   -11.44628 eV ==== 
     psi = 0.358*[#   5]+0.358*[#   9]+0.134*[#   2]+0.134*[#   4]+0.002*[#   6]
          +0.002*[#  10]+0.001*[#   1]+0.001*[#   3]+0.001*[#   7]+0.001*[#   8]
          +0.001*[#  11]+0.001*[#  12]
    |psi|^2 = 0.997
==== e(   4) =   -10.99980 eV ==== 
     psi = 0.405*[#   5]+0.405*[#   9]+0.086*[#   2]+0.086*[#   4]+0.004*[#   6]
          +0.004*[#  10]+0.001*[#   7]+0.001*[#   8]+0.001*[#  11]+0.001*[#  12]
          
    |psi|^2 = 0.995
==== e(   5) =     1.88674 eV ==== 
     psi = 0.313*[#   6]+0.313*[#  10]+0.050*[#   7]+0.050*[#   8]+0.050*[#  11]
          +0.050*[#  12]+0.045*[#   2]+0.045*[#   4]+0.029*[#   5]+0.029*[#   9]
          +0.001*[#   1]+0.001*[#   3]
    |psi|^2 = 0.976
==== e(   6) =     2.82301 eV ==== 
     psi = 0.178*[#   6]+0.178*[#  10]+0.116*[#   7]+0.116*[#   8]+0.116*[#  11]
          +0.116*[#  12]+0.040*[#   2]+0.040*[#   4]+0.039*[#   5]+0.039*[#   9]
          +0.002*[#   1]+0.002*[#   3]
    |psi|^2 = 0.981
==== e(   7) =     3.99803 eV ==== 
     psi = 0.176*[#   7]+0.176*[#   8]+0.176*[#  11]+0.176*[#  12]+0.121*[#   6]
          +0.121*[#  10]+0.006*[#   2]+0.006*[#   4]
    |psi|^2 = 0.959
==== e(   8) =     4.60033 eV ==== 
     psi = 0.186*[#   7]+0.186*[#   8]+0.186*[#  11]+0.186*[#  12]+0.107*[#   6]
          +0.107*[#  10]
    |psi|^2 = 0.961
==== e(   9) =     4.86265 eV ==== 
     psi = 0.170*[#   7]+0.170*[#   8]+0.170*[#  11]+0.170*[#  12]+0.141*[#   6]
          +0.141*[#  10]
    |psi|^2 = 0.963
==== e(  10) =     5.12349 eV ==== 
     psi = 0.233*[#   7]+0.233*[#   8]+0.233*[#  11]+0.233*[#  12]+0.016*[#   6]
          +0.016*[#  10]
    |psi|^2 = 0.967
==== e(  11) =    15.57477 eV ==== 
     psi = 0.213*[#   2]+0.213*[#   4]+0.073*[#   5]+0.073*[#   9]+0.026*[#   6]
          +0.026*[#  10]+0.009*[#   7]+0.009*[#   8]+0.009*[#  11]+0.009*[#  12]
          
    |psi|^2 = 0.661
==== e(  12) =    16.51503 eV ==== 
     psi = 0.189*[#   2]+0.189*[#   4]+0.039*[#   5]+0.039*[#   9]+0.032*[#   6]
          +0.032*[#  10]+0.004*[#   7]+0.004*[#   8]+0.004*[#  11]+0.004*[#  12]
          
    |psi|^2 = 0.539
==== e(  13) =    19.77964 eV ==== 
     psi = 0.043*[#   2]+0.043*[#   4]+0.011*[#   5]+0.011*[#   9]+0.007*[#   7]
          +0.007*[#   8]+0.007*[#  11]+0.007*[#  12]+0.004*[#   6]+0.004*[#  10]
          
    |psi|^2 = 0.146
==== e(  14) =    20.10530 eV ==== 
     psi = 0.049*[#   2]+0.049*[#   4]+0.010*[#   5]+0.010*[#   9]+0.008*[#   7]
          +0.008*[#   8]+0.008*[#  11]+0.008*[#  12]+0.003*[#   6]+0.003*[#  10]
          
    |psi|^2 = 0.157

 k =   0.0500000000  0.2598076211 -0.3079996500
==== e(   1) =   -90.49904 eV ==== 
     psi = 0.497*[#   1]+0.497*[#   3]+0.001*[#   6]+0.001*[#  10]
    |psi|^2 = 1.000
==== e(   2) =   -90.49903 eV ==== 
     psi = 0.497*[#   1]+0.497*[#   3]+0.001*[#   6]+0.001*[#  10]
    |psi|^2 = 1.000
==== e(   3) =   -11.23057 eV ==== 
     psi = 0.380*[#   5]+0.380*[#   9]+0.111*[#   2]+0.111*[#   4]+0.003*[#   6]
          +0.003*[#  10]+0.001*[#   7]+0.001*[#   8]+0.001*[#  11]+0.001*[#  12]
          
    |psi|^2 = 0.996
==== e(   4) =   -11.23057 eV ==== 
     psi = 0.380*[#   5]+0.380*[#   9]+0.111*[#   2]+0.111*[#   4]+0.003*[#   6]
          +0.003*[#  10]+0.001*[#   7]+0.001*[#   8]+0.001*[#  11]+0.001*[#  12]
          
    |psi|^2 = 0.996
==== e(   5) =     2.37451 eV ==== 
     psi = 0.250*[#   6]+0.250*[#  10]+0.080*[#   7]+0.080*[#   8]+0.080*[#  11]
          +0.080*[#  12]+0.044*[#   2]+0.044*[#   4]+0.035*[#   5]+0.035*[#   9]
          +0.002*[#   1]+0.002*[#   3]
    |psi|^2 = 0.980
==== e(   6) =     2.37451 eV ==== 
     psi = 0.250*[#   6]+0.250*[#  10]+0.080*[#   7]+0.080*[#   8]+0.080*[#  11]
          +0.080*[#  12]+0.044*[#   2]+0.044*[#   4]+0.035*[#   5]+0.035*[#   9]
          +0.002*[#   1]+0.002*[#   3]
    |psi|^2 = 0.980
==== e(   7) =     4.34903 eV ==== 
     psi = 0.177*[#   6]+0.177*[#  10]+0.150*[#   7]+0.150*[#   8]+0.150*[#  11]
          +0.150*[#  12]+0.002*[#   2]+0.002*[#   4]
    |psi|^2 = 0.959
==== e(   8) =     4.34903 eV ==== 
     psi = 0.177*[#   6]+0.177*[#  10]+0.150*[#   7]+0.150*[#   8]+0.150*[#  11]
          +0.150*[#  12]+0.002*[#   2]+0.002*[#   4]
    |psi|^2 = 0.959
==== e(   9) =     4.91916 eV ==== 
     psi = 0.236*[#   7]+0.236*[#   8]+0.236*[#  11]+0.236*[#  12]+0.009*[#   6]
          +0.009*[#  10]
    |psi|^2 = 0.963
==== e(  10) =     4.91917 eV ==== 
     psi = 0.236*[#   7]+0.236*[#   8]+0.236*[#  11]+0.236*[#  12]+0.009*[#   6]
          +0.009*[#  10]
    |psi|^2 = 0.963
==== e(  11) =    15.99435 eV ==== 
     psi = 0.203*[#   2]+0.203*[#   4]+0.055*[#   5]+0.055*[#   9]+0.031*[#   6]
          +0.031*[#  10]+0.006*[#   7]+0.006*[#   8]+0.006*[#  11]+0.006*[#  12]
          
    |psi|^2 = 0.604
==== e(  12) =    15.99435 eV ==== 
     psi = 0.203*[#   2]+0.203*[#   4]+0.055*[#   5]+0.055*[#   9]+0.031*[#   6]
          +0.031*[#  10]+0.006*[#   7]+0.006*[#   8]+0.006*[#  11]+0.006*[#  12]
          
    |psi|^2 = 0.604
==== e(  13) =    19.92672 eV ==== 
     psi = 0.043*[#   2]+0.043*[#   4]+0.010*[#   5]+0.010*[#   9]+0.008*[#   7]
          +0.008*[#   8]+0.008*[#  11]+0.008*[#  12]+0.003*[#   6]+0.003*[#  10]
          
    |psi|^2 = 0.145
==== e(  14) =    19.92672 eV ==== 
     psi = 0.043*[#   2]+0.043*[#   4]+0.010*[#   5]+0.010*[#   9]+0.008*[#   7]
          +0.008*[#   8]+0.008*[#  11]+0.008*[#  12]+0.003*[#   6]+0.003*[#  10]
          
    |psi|^2 = 0.145

 k =   0.0500000000  0.3175426481  0.0000000000
==== e(   1) =   -90.49964 eV ==== 
     psi = 0.497*[#   1]+0.497*[#   3]+0.001*[#   2]+0.001*[#   4]
    |psi|^2 = 1.000
==== e(   2) =   -90.49795 eV ==== 
     psi = 0.494*[#   1]+0.494*[#   3]+0.002*[#   6]+0.002*[#  10]+0.002*[#   2]
          +0.002*[#   4]
    |psi|^2 = 1.000
==== e(   3) =   -11.64437 eV ==== 
     psi = 0.338*[#   5]+0.338*[#   9]+0.155*[#   2]+0.155*[#   4]+0.002*[#   7]
          +0.002*[#   8]+0.002*[#  11]+0.002*[#  12]+0.002*[#   1]+0.002*[#   3]
          
    |psi|^2 = 0.997
==== e(   4) =   -10.32660 eV ==== 
     psi = 0.481*[#   5]+0.481*[#   9]+0.013*[#   2]+0.013*[#   4]
    |psi|^2 = 0.990
==== e(   5) =     0.93294 eV ==== 
     psi = 0.407*[#   6]+0.407*[#  10]+0.024*[#   7]+0.024*[#   8]+0.024*[#  11]
          +0.024*[#  12]+0.020*[#   2]+0.020*[#   4]
    |psi|^2 = 0.953
==== e(   6) =     2.48319 eV ==== 
     psi = 0.194*[#   7]+0.194*[#   8]+0.194*[#  11]+0.194*[#  12]+0.050*[#   2]
          +0.050*[#   4]+0.035*[#   6]+0.035*[#  10]+0.016*[#   5]+0.016*[#   9]
          +0.001*[#   1]+0.001*[#   3]
    |psi|^2 = 0.980
==== e(   7) =     3.41761 eV ==== 
     psi = 0.219*[#   7]+0.219*[#   8]+0.219*[#  11]+0.219*[#  12]+0.029*[#   2]
          +0.029*[#   4]+0.020*[#   5]+0.020*[#   9]+0.001*[#   1]+0.001*[#   3]
          +0.001*[#   6]+0.001*[#  10]
    |psi|^2 = 0.979
==== e(   8) =     4.11765 eV ==== 
     psi = 0.236*[#   7]+0.236*[#   8]+0.236*[#  11]+0.236*[#  12]+0.004*[#   2]
          +0.004*[#   4]+0.003*[#   5]+0.003*[#   9]
    |psi|^2 = 0.959
==== e(   9) =     5.37679 eV ==== 
     psi = 0.479*[#   6]+0.479*[#  10]+0.003*[#   7]+0.003*[#   8]+0.003*[#  11]
          +0.003*[#  12]
    |psi|^2 = 0.969
==== e(  10) =     5.47140 eV ==== 
     psi = 0.241*[#   7]+0.241*[#   8]+0.241*[#  11]+0.241*[#  12]+0.005*[#   6]
          +0.005*[#  10]
    |psi|^2 = 0.975
==== e(  11) =    15.45209 eV ==== 
     psi = 0.212*[#   2]+0.212*[#   4]+0.089*[#   5]+0.089*[#   9]+0.020*[#   7]
          +0.020*[#   8]+0.020*[#  11]+0.020*[#  12]+0.002*[#   6]+0.002*[#  10]
          
    |psi|^2 = 0.688
==== e(  12) =    17.98597 eV ==== 
     psi = 0.079*[#   2]+0.079*[#   4]+0.025*[#   6]+0.025*[#  10]+0.006*[#   5]
          +0.006*[#   9]+0.003*[#   7]+0.003*[#   8]+0.003*[#  11]+0.003*[#  12]
          
    |psi|^2 = 0.235
==== e(  13) =    18.82483 eV ==== 
     psi = 0.074*[#   2]+0.074*[#   4]+0.023*[#   5]+0.023*[#   9]+0.005*[#   7]
          +0.005*[#   8]+0.005*[#  11]+0.005*[#  12]
    |psi|^2 = 0.214
==== e(  14) =    21.10588 eV ==== 
     psi = 0.102*[#   2]+0.102*[#   4]+0.014*[#   7]+0.014*[#   8]+0.014*[#  11]
          +0.014*[#  12]+0.010*[#   5]+0.010*[#   9]+0.002*[#   6]+0.002*[#  10]
          
    |psi|^2 = 0.285

 k =   0.0500000000  0.3175426481  0.0615999300
==== e(   1) =   -90.49960 eV ==== 
     psi = 0.497*[#   1]+0.497*[#   3]
    |psi|^2 = 1.000
==== e(   2) =   -90.49799 eV ==== 
     psi = 0.495*[#   1]+0.495*[#   3]+0.002*[#   6]+0.002*[#  10]+0.002*[#   2]
          +0.002*[#   4]
    |psi|^2 = 1.000
==== e(   3) =   -11.61755 eV ==== 
     psi = 0.341*[#   5]+0.341*[#   9]+0.152*[#   2]+0.152*[#   4]+0.002*[#   7]
          +0.002*[#   8]+0.002*[#  11]+0.002*[#  12]+0.002*[#   1]+0.002*[#   3]
          
    |psi|^2 = 0.997
==== e(   4) =   -10.36615 eV ==== 
     psi = 0.476*[#   5]+0.476*[#   9]+0.017*[#   2]+0.017*[#   4]
    |psi|^2 = 0.991
==== e(   5) =     0.98983 eV ==== 
     psi = 0.391*[#   6]+0.391*[#  10]+0.030*[#   7]+0.030*[#   8]+0.030*[#  11]
          +0.030*[#  12]+0.024*[#   2]+0.024*[#   4]+0.003*[#   5]+0.003*[#   9]
          
    |psi|^2 = 0.956
==== e(   6) =     2.53735 eV ==== 
     psi = 0.189*[#   7]+0.189*[#   8]+0.189*[#  11]+0.189*[#  12]+0.047*[#   6]
          +0.047*[#  10]+0.046*[#   2]+0.046*[#   4]+0.018*[#   5]+0.018*[#   9]
          +0.001*[#   1]+0.001*[#   3]
    |psi|^2 = 0.978
==== e(   7) =     3.37615 eV ==== 
     psi = 0.212*[#   7]+0.212*[#   8]+0.212*[#  11]+0.212*[#  12]+0.029*[#   2]
          +0.029*[#   4]+0.019*[#   5]+0.019*[#   9]+0.015*[#   6]+0.015*[#  10]
          +0.001*[#   1]+0.001*[#   3]
    |psi|^2 = 0.979
==== e(   8) =     4.12121 eV ==== 
     psi = 0.234*[#   7]+0.234*[#   8]+0.234*[#  11]+0.234*[#  12]+0.006*[#   6]
          +0.006*[#  10]+0.003*[#   2]+0.003*[#   4]+0.002*[#   5]+0.002*[#   9]
          
    |psi|^2 = 0.958
==== e(   9) =     5.34774 eV ==== 
     psi = 0.395*[#   6]+0.395*[#  10]+0.045*[#   7]+0.045*[#   8]+0.045*[#  11]
          +0.045*[#  12]
    |psi|^2 = 0.971
==== e(  10) =     5.44209 eV ==== 
     psi = 0.209*[#   7]+0.209*[#   8]+0.209*[#  11]+0.209*[#  12]+0.069*[#   6]
          +0.069*[#  10]
    |psi|^2 = 0.973
==== e(  11) =    15.41246 eV ==== 
     psi = 0.210*[#   2]+0.210*[#   4]+0.086*[#   5]+0.086*[#   9]+0.019*[#   7]
          +0.019*[#   8]+0.019*[#  11]+0.019*[#  12]+0.003*[#   6]+0.003*[#  10]
          
    |psi|^2 = 0.673
==== e(  12) =    17.74127 eV ==== 
     psi = 0.086*[#   2]+0.086*[#   4]+0.022*[#   6]+0.022*[#  10]+0.008*[#   5]
          +0.008*[#   9]+0.003*[#   7]+0.003*[#   8]+0.003*[#  11]+0.003*[#  12]
          
    |psi|^2 = 0.243
==== e(  13) =    19.04712 eV ==== 
     psi = 0.073*[#   2]+0.073*[#   4]+0.021*[#   5]+0.021*[#   9]+0.006*[#   7]
          +0.006*[#   8]+0.006*[#  11]+0.006*[#  12]+0.004*[#   6]+0.004*[#  10]
          
    |psi|^2 = 0.222
==== e(  14) =    21.07158 eV ==== 
     psi = 0.109*[#   2]+0.109*[#   4]+0.014*[#   7]+0.014*[#   8]+0.014*[#  11]
          +0.014*[#  12]+0.010*[#   5]+0.010*[#   9]+0.003*[#   6]+0.003*[#  10]
          
    |psi|^2 = 0.300

 k =   0.0500000000  0.3175426481  0.1231998600
==== e(   1) =   -90.49948 eV ==== 
     psi = 0.497*[#   1]+0.497*[#   3]
    |psi|^2 = 1.000
==== e(   2) =   -90.49811 eV ==== 
     psi = 0.495*[#   1]+0.495*[#   3]+0.002*[#   6]+0.002*[#  10]+0.001*[#   2]
          +0.001*[#   4]
    |psi|^2 = 1.000
==== e(   3) =   -11.53854 eV ==== 
     psi = 0.349*[#   5]+0.349*[#   9]+0.144*[#   2]+0.144*[#   4]+0.002*[#   7]
          +0.002*[#   8]+0.002*[#  11]+0.002*[#  12]+0.002*[#   1]+0.002*[#   3]
          
    |psi|^2 = 0.997
==== e(   4) =   -10.47816 eV ==== 
     psi = 0.464*[#   5]+0.464*[#   9]+0.029*[#   2]+0.029*[#   4]+0.002*[#   6]
          +0.002*[#  10]
    |psi|^2 = 0.992
==== e(   5) =     1.15022 eV ==== 
     psi = 0.347*[#   6]+0.347*[#  10]+0.046*[#   7]+0.046*[#   8]+0.046*[#  11]
          +0.046*[#  12]+0.034*[#   2]+0.034*[#   4]+0.009*[#   5]+0.009*[#   9]
          
    |psi|^2 = 0.964
==== e(   6) =     2.64797 eV ==== 
     psi = 0.174*[#   7]+0.174*[#   8]+0.174*[#  11]+0.174*[#  12]+0.073*[#   6]
          +0.073*[#  10]+0.039*[#   2]+0.039*[#   4]+0.026*[#   5]+0.026*[#   9]
          +0.001*[#   1]+0.001*[#   3]
    |psi|^2 = 0.974
==== e(   7) =     3.29701 eV ==== 
     psi = 0.193*[#   7]+0.193*[#   8]+0.193*[#  11]+0.193*[#  12]+0.063*[#   6]
          +0.063*[#  10]+0.026*[#   2]+0.026*[#   4]+0.012*[#   5]+0.012*[#   9]
          +0.001*[#   1]+0.001*[#   3]
    |psi|^2 = 0.974
==== e(   8) =     4.16495 eV ==== 
     psi = 0.232*[#   7]+0.232*[#   8]+0.232*[#  11]+0.232*[#  12]+0.012*[#   6]
          +0.012*[#  10]+0.001*[#   2]+0.001*[#   4]
    |psi|^2 = 0.957
==== e(   9) =     5.22971 eV ==== 
     psi = 0.253*[#   6]+0.253*[#  10]+0.116*[#   7]+0.116*[#   8]+0.116*[#  11]
          +0.116*[#  12]
    |psi|^2 = 0.971
==== e(  10) =     5.35845 eV ==== 
     psi = 0.166*[#   6]+0.166*[#  10]+0.160*[#   7]+0.160*[#   8]+0.160*[#  11]
          +0.160*[#  12]
    |psi|^2 = 0.971
==== e(  11) =    15.34468 eV ==== 
     psi = 0.203*[#   2]+0.203*[#   4]+0.078*[#   5]+0.078*[#   9]+0.015*[#   7]
          +0.015*[#   8]+0.015*[#  11]+0.015*[#  12]+0.006*[#   6]+0.006*[#  10]
          
    |psi|^2 = 0.635
==== e(  12) =    17.29020 eV ==== 
     psi = 0.103*[#   2]+0.103*[#   4]+0.022*[#   6]+0.022*[#  10]+0.011*[#   5]
          +0.011*[#   9]+0.002*[#   7]+0.002*[#   8]+0.002*[#  11]+0.002*[#  12]
          
    |psi|^2 = 0.284
==== e(  13) =    19.38682 eV ==== 
     psi = 0.069*[#   2]+0.069*[#   4]+0.019*[#   5]+0.019*[#   9]+0.008*[#   7]
          +0.008*[#   8]+0.008*[#  11]+0.008*[#  12]+0.006*[#   6]+0.006*[#  10]
          
    |psi|^2 = 0.220
==== e(  14) =    20.90605 eV ==== 
     psi = 0.108*[#   2]+0.108*[#   4]+0.012*[#   7]+0.012*[#   8]+0.012*[#  11]
          +0.012*[#  12]+0.009*[#   5]+0.009*[#   9]+0.004*[#   6]+0.004*[#  10]
          
    |psi|^2 = 0.293

 k =   0.0500000000  0.3175426481  0.1847997900
==== e(   1) =   -90.49930 eV ==== 
     psi = 0.497*[#   1]+0.497*[#   3]
    |psi|^2 = 1.000
==== e(   2) =   -90.49830 eV ==== 
     psi = 0.495*[#   1]+0.495*[#   3]+0.002*[#   6]+0.002*[#  10]
    |psi|^2 = 1.000
==== e(   3) =   -11.41180 eV ==== 
     psi = 0.362*[#   5]+0.362*[#   9]+0.130*[#   2]+0.130*[#   4]+0.002*[#   7]
          +0.002*[#   8]+0.002*[#  11]+0.002*[#  12]+0.001*[#   1]+0.001*[#   3]
          +0.001*[#   6]+0.001*[#  10]
    |psi|^2 = 0.997
==== e(   4) =   -10.64502 eV ==== 
     psi = 0.445*[#   5]+0.445*[#   9]+0.047*[#   2]+0.047*[#   4]+0.003*[#   6]
          +0.003*[#  10]
    |psi|^2 = 0.993
==== e(   5) =     1.38982 eV ==== 
     psi = 0.287*[#   6]+0.287*[#  10]+0.069*[#   7]+0.069*[#   8]+0.069*[#  11]
          +0.069*[#  12]+0.043*[#   2]+0.043*[#   4]+0.017*[#   5]+0.017*[#   9]
          
    |psi|^2 = 0.972
==== e(   6) =     2.59549 eV ==== 
     psi = 0.160*[#   7]+0.160*[#   8]+0.160*[#  11]+0.160*[#  12]+0.093*[#   6]
          +0.093*[#  10]+0.040*[#   2]+0.040*[#   4]+0.035*[#   5]+0.035*[#   9]
          +0.002*[#   1]+0.002*[#   3]
    |psi|^2 = 0.978
==== e(   7) =     3.41022 eV ==== 
     psi = 0.162*[#   7]+0.162*[#   8]+0.162*[#  11]+0.162*[#  12]+0.140*[#   6]
          +0.140*[#  10]+0.015*[#   2]+0.015*[#   4]+0.002*[#   5]+0.002*[#   9]
          
    |psi|^2 = 0.962
==== e(   8) =     4.27698 eV ==== 
     psi = 0.229*[#   7]+0.229*[#   8]+0.229*[#  11]+0.229*[#  12]+0.019*[#   6]
          +0.019*[#  10]
    |psi|^2 = 0.957
==== e(   9) =     5.01373 eV ==== 
     psi = 0.227*[#   6]+0.227*[#  10]+0.128*[#   7]+0.128*[#   8]+0.128*[#  11]
          +0.128*[#  12]
    |psi|^2 = 0.968
==== e(  10) =     5.19420 eV ==== 
     psi = 0.174*[#   7]+0.174*[#   8]+0.174*[#  11]+0.174*[#  12]+0.136*[#   6]
          +0.136*[#  10]
    |psi|^2 = 0.968
==== e(  11) =    15.35345 eV ==== 
     psi = 0.193*[#   2]+0.193*[#   4]+0.066*[#   5]+0.066*[#   9]+0.011*[#   6]
          +0.011*[#   7]+0.011*[#   8]+0.011*[#  10]+0.011*[#  11]+0.011*[#  12]
          
    |psi|^2 = 0.586
==== e(  12) =    16.78783 eV ==== 
     psi = 0.127*[#   2]+0.127*[#   4]+0.024*[#   6]+0.024*[#  10]+0.017*[#   5]
          +0.017*[#   9]+0.003*[#   7]+0.003*[#   8]+0.003*[#  11]+0.003*[#  12]
          
    |psi|^2 = 0.348
==== e(  13) =    19.65030 eV ==== 
     psi = 0.062*[#   2]+0.062*[#   4]+0.016*[#   5]+0.016*[#   9]+0.009*[#   7]
          +0.009*[#   8]+0.009*[#  11]+0.009*[#  12]+0.006*[#   6]+0.006*[#  10]
          
    |psi|^2 = 0.203
==== e(  14) =    20.62556 eV ==== 
     psi = 0.091*[#   2]+0.091*[#   4]+0.011*[#   7]+0.011*[#   8]+0.011*[#  11]
          +0.011*[#  12]+0.009*[#   5]+0.009*[#   9]+0.004*[#   6]+0.004*[#  10]
          
    |psi|^2 = 0.252

 k =   0.0500000000  0.3175426481  0.2463997200
==== e(   1) =   -90.49906 eV ==== 
     psi = 0.497*[#   1]+0.497*[#   3]
    |psi|^2 = 1.000
==== e(   2) =   -90.49854 eV ==== 
     psi = 0.496*[#   1]+0.496*[#   3]+0.002*[#   6]+0.002*[#  10]
    |psi|^2 = 1.000
==== e(   3) =   -11.24518 eV ==== 
     psi = 0.380*[#   5]+0.380*[#   9]+0.112*[#   2]+0.112*[#   4]+0.002*[#   6]
          +0.002*[#  10]+0.002*[#   7]+0.002*[#   8]+0.002*[#  11]+0.002*[#  12]
          
    |psi|^2 = 0.996
==== e(   4) =   -10.84357 eV ==== 
     psi = 0.423*[#   5]+0.423*[#   9]+0.068*[#   2]+0.068*[#   4]+0.003*[#   6]
          +0.003*[#  10]+0.001*[#   7]+0.001*[#   8]+0.001*[#  11]+0.001*[#  12]
          
    |psi|^2 = 0.994
==== e(   5) =     1.68263 eV ==== 
     psi = 0.226*[#   6]+0.226*[#  10]+0.095*[#   7]+0.095*[#   8]+0.095*[#  11]
          +0.095*[#  12]+0.047*[#   2]+0.047*[#   4]+0.024*[#   5]+0.024*[#   9]
          +0.001*[#   1]+0.001*[#   3]
    |psi|^2 = 0.977
==== e(   6) =     2.33093 eV ==== 
     psi = 0.142*[#   7]+0.142*[#   8]+0.142*[#  11]+0.142*[#  12]+0.127*[#   6]
          +0.127*[#  10]+0.044*[#   2]+0.044*[#   4]+0.034*[#   5]+0.034*[#   9]
          +0.002*[#   1]+0.002*[#   3]
    |psi|^2 = 0.980
==== e(   7) =     3.77712 eV ==== 
     psi = 0.204*[#   6]+0.204*[#  10]+0.133*[#   7]+0.133*[#   8]+0.133*[#  11]
          +0.133*[#  12]+0.007*[#   2]+0.007*[#   4]
    |psi|^2 = 0.957
==== e(   8) =     4.42279 eV ==== 
     psi = 0.204*[#   7]+0.204*[#   8]+0.204*[#  11]+0.204*[#  12]+0.071*[#   6]
          +0.071*[#  10]
    |psi|^2 = 0.959
==== e(   9) =     4.72205 eV ==== 
     psi = 0.202*[#   6]+0.202*[#  10]+0.139*[#   7]+0.139*[#   8]+0.139*[#  11]
          +0.139*[#  12]+0.001*[#   2]+0.001*[#   4]
    |psi|^2 = 0.963
==== e(  10) =     4.96266 eV ==== 
     psi = 0.211*[#   7]+0.211*[#   8]+0.211*[#  11]+0.211*[#  12]+0.059*[#   6]
          +0.059*[#  10]
    |psi|^2 = 0.964
==== e(  11) =    15.51419 eV ==== 
     psi = 0.181*[#   2]+0.181*[#   4]+0.052*[#   5]+0.052*[#   9]+0.018*[#   6]
          +0.018*[#  10]+0.008*[#   7]+0.008*[#   8]+0.008*[#  11]+0.008*[#  12]
          
    |psi|^2 = 0.534
==== e(  12) =    16.28335 eV ==== 
     psi = 0.149*[#   2]+0.149*[#   4]+0.026*[#   5]+0.026*[#   9]+0.025*[#   6]
          +0.025*[#  10]+0.004*[#   7]+0.004*[#   8]+0.004*[#  11]+0.004*[#  12]
          
    |psi|^2 = 0.416
==== e(  13) =    19.86120 eV ==== 
     psi = 0.059*[#   2]+0.059*[#   4]+0.013*[#   5]+0.013*[#   9]+0.009*[#   7]
          +0.009*[#   8]+0.009*[#  11]+0.009*[#  12]+0.005*[#   6]+0.005*[#  10]
          
    |psi|^2 = 0.191
==== e(  14) =    20.33660 eV ==== 
     psi = 0.074*[#   2]+0.074*[#   4]+0.010*[#   7]+0.010*[#   8]+0.010*[#  11]
          +0.010*[#  12]+0.010*[#   5]+0.010*[#   9]+0.003*[#   6]+0.003*[#  10]
          
    |psi|^2 = 0.216

 k =   0.0500000000  0.3175426481 -0.3079996500
==== e(   1) =   -90.49880 eV ==== 
     psi = 0.496*[#   1]+0.496*[#   3]+0.001*[#   6]+0.001*[#  10]
    |psi|^2 = 1.000
==== e(   2) =   -90.49879 eV ==== 
     psi = 0.496*[#   1]+0.496*[#   3]+0.001*[#   6]+0.001*[#  10]
    |psi|^2 = 1.000
==== e(   3) =   -11.05042 eV ==== 
     psi = 0.401*[#   5]+0.401*[#   9]+0.091*[#   2]+0.091*[#   4]+0.003*[#   6]
          +0.003*[#  10]+0.001*[#   7]+0.001*[#   8]+0.001*[#  11]+0.001*[#  12]
          
    |psi|^2 = 0.995
==== e(   4) =   -11.05041 eV ==== 
     psi = 0.401*[#   5]+0.401*[#   9]+0.091*[#   2]+0.091*[#   4]+0.003*[#   6]
          +0.003*[#  10]+0.001*[#   7]+0.001*[#   8]+0.001*[#  11]+0.001*[#  12]
          
    |psi|^2 = 0.995
==== e(   5) =     2.00571 eV ==== 
     psi = 0.172*[#   6]+0.172*[#  10]+0.120*[#   7]+0.120*[#   8]+0.120*[#  11]
          +0.120*[#  12]+0.047*[#   2]+0.047*[#   4]+0.030*[#   5]+0.030*[#   9]
          +0.002*[#   1]+0.002*[#   3]
    |psi|^2 = 0.980
==== e(   6) =     2.00571 eV ==== 
     psi = 0.172*[#   6]+0.172*[#  10]+0.120*[#   7]+0.120*[#   8]+0.120*[#  11]
          +0.120*[#  12]+0.047*[#   2]+0.047*[#   4]+0.030*[#   5]+0.030*[#   9]
          +0.002*[#   1]+0.002*[#   3]
    |psi|^2 = 0.980
==== e(   7) =     4.21556 eV ==== 
     psi = 0.245*[#   6]+0.245*[#  10]+0.115*[#   7]+0.115*[#   8]+0.115*[#  11]
          +0.115*[#  12]+0.003*[#   2]+0.003*[#   4]+0.001*[#   5]+0.001*[#   9]
          
    |psi|^2 = 0.959
==== e(   8) =     4.21556 eV ==== 
     psi = 0.245*[#   6]+0.245*[#  10]+0.115*[#   7]+0.115*[#   8]+0.115*[#  11]
          +0.115*[#  12]+0.003*[#   2]+0.003*[#   4]+0.001*[#   5]+0.001*[#   9]
          
    |psi|^2 = 0.959
==== e(   9) =     4.73022 eV ==== 
     psi = 0.227*[#   7]+0.227*[#   8]+0.227*[#  11]+0.227*[#  12]+0.025*[#   6]
          +0.025*[#  10]
    |psi|^2 = 0.961
==== e(  10) =     4.73022 eV ==== 
     psi = 0.227*[#   7]+0.227*[#   8]+0.227*[#  11]+0.227*[#  12]+0.025*[#   6]
          +0.025*[#  10]
    |psi|^2 = 0.961
==== e(  11) =    15.83764 eV ==== 
     psi = 0.167*[#   2]+0.167*[#   4]+0.038*[#   5]+0.038*[#   9]+0.023*[#   6]
          +0.023*[#  10]+0.005*[#   7]+0.005*[#   8]+0.005*[#  11]+0.005*[#  12]
          
    |psi|^2 = 0.478
==== e(  12) =    15.83764 eV ==== 
     psi = 0.167*[#   2]+0.167*[#   4]+0.038*[#   5]+0.038*[#   9]+0.023*[#   6]
          +0.023*[#  10]+0.005*[#   7]+0.005*[#   8]+0.005*[#  11]+0.005*[#  12]
          
    |psi|^2 = 0.478
==== e(  13) =    20.08068 eV ==== 
     psi = 0.063*[#   2]+0.063*[#   4]+0.011*[#   5]+0.011*[#   9]+0.010*[#   7]
          +0.010*[#   8]+0.010*[#  11]+0.010*[#  12]+0.004*[#   6]+0.004*[#  10]
          
    |psi|^2 = 0.195
==== e(  14) =    20.08068 eV ==== 
     psi = 0.063*[#   2]+0.063*[#   4]+0.011*[#   5]+0.011*[#   9]+0.010*[#   7]
          +0.010*[#   8]+0.010*[#  11]+0.010*[#  12]+0.004*[#   6]+0.004*[#  10]
          
    |psi|^2 = 0.195

 k =   0.0500000000  0.3752776750  0.0000000000
==== e(   1) =   -90.49929 eV ==== 
     psi = 0.497*[#   1]+0.497*[#   3]+0.001*[#   7]+0.001*[#   8]+0.001*[#  11]
          +0.001*[#  12]
    |psi|^2 = 1.000
==== e(   2) =   -90.49785 eV ==== 
     psi = 0.494*[#   1]+0.494*[#   3]+0.002*[#   2]+0.002*[#   4]+0.002*[#   6]
          +0.002*[#  10]+0.001*[#   7]+0.001*[#   8]+0.001*[#  11]+0.001*[#  12]
          
    |psi|^2 = 1.000
==== e(   3) =   -11.38713 eV ==== 
     psi = 0.364*[#   5]+0.364*[#   9]+0.128*[#   2]+0.128*[#   4]+0.002*[#   7]
          +0.002*[#   8]+0.002*[#  11]+0.002*[#  12]+0.001*[#   1]+0.001*[#   3]
          
    |psi|^2 = 0.997
==== e(   4) =   -10.25777 eV ==== 
     psi = 0.488*[#   5]+0.488*[#   9]+0.006*[#   2]+0.006*[#   4]
    |psi|^2 = 0.990
==== e(   5) =     1.09075 eV ==== 
     psi = 0.287*[#   6]+0.287*[#  10]+0.088*[#   7]+0.088*[#   8]+0.088*[#  11]
          +0.088*[#  12]+0.005*[#   2]+0.005*[#   4]+0.005*[#   5]+0.005*[#   9]
          
    |psi|^2 = 0.945
==== e(   6) =     2.08289 eV ==== 
     psi = 0.157*[#   6]+0.157*[#  10]+0.129*[#   7]+0.129*[#   8]+0.129*[#  11]
          +0.129*[#  12]+0.066*[#   2]+0.066*[#   4]+0.012*[#   5]+0.012*[#   9]
          +0.001*[#   1]+0.001*[#   3]
    |psi|^2 = 0.988
==== e(   7) =     2.95999 eV ==== 
     psi = 0.217*[#   7]+0.217*[#   8]+0.217*[#  11]+0.217*[#  12]+0.036*[#   2]
          +0.036*[#   4]+0.017*[#   5]+0.017*[#   9]+0.003*[#   6]+0.003*[#  10]
          +0.001*[#   1]+0.001*[#   3]
    |psi|^2 = 0.981
==== e(   8) =     3.84777 eV ==== 
     psi = 0.237*[#   7]+0.237*[#   8]+0.237*[#  11]+0.237*[#  12]+0.002*[#   2]
          +0.002*[#   4]+0.001*[#   5]+0.001*[#   9]
    |psi|^2 = 0.956
==== e(   9) =     5.09200 eV ==== 
     psi = 0.476*[#   6]+0.476*[#  10]+0.002*[#   7]+0.002*[#   8]+0.002*[#  11]
          +0.002*[#  12]
    |psi|^2 = 0.963
==== e(  10) =     5.33386 eV ==== 
     psi = 0.241*[#   7]+0.241*[#   8]+0.241*[#  11]+0.241*[#  12]+0.004*[#   6]
          +0.004*[#  10]
    |psi|^2 = 0.973
==== e(  11) =    15.70671 eV ==== 
     psi = 0.165*[#   2]+0.165*[#   4]+0.055*[#   5]+0.055*[#   9]+0.015*[#   7]
          +0.015*[#   8]+0.015*[#  11]+0.015*[#  12]+0.005*[#   6]+0.005*[#  10]
          
    |psi|^2 = 0.511
==== e(  12) =    17.40774 eV ==== 
     psi = 0.063*[#   2]+0.063*[#   4]+0.019*[#   6]+0.019*[#  10]+0.005*[#   5]
          +0.005*[#   9]+0.003*[#   7]+0.003*[#   8]+0.003*[#  11]+0.003*[#  12]
          
    |psi|^2 = 0.187
==== e(  13) =    18.83410 eV ==== 
     psi = 0.111*[#   2]+0.111*[#   4]+0.034*[#   5]+0.034*[#   9]+0.010*[#   7]
          +0.010*[#   8]+0.010*[#  11]+0.010*[#  12]+0.002*[#   6]+0.002*[#  10]
          
    |psi|^2 = 0.334
==== e(  14) =    21.31945 eV ==== 
     psi = 0.092*[#   2]+0.092*[#   4]+0.013*[#   7]+0.013*[#   8]+0.013*[#  11]
          +0.013*[#  12]+0.003*[#   5]+0.003*[#   9]
    |psi|^2 = 0.246

 k =   0.0500000000  0.3752776750  0.0615999300
==== e(   1) =   -90.49925 eV ==== 
     psi = 0.497*[#   1]+0.497*[#   3]+0.001*[#   7]+0.001*[#   8]+0.001*[#  11]
          +0.001*[#  12]
    |psi|^2 = 1.000
==== e(   2) =   -90.49788 eV ==== 
     psi = 0.494*[#   1]+0.494*[#   3]+0.002*[#   2]+0.002*[#   4]+0.002*[#   6]
          +0.002*[#  10]+0.001*[#   7]+0.001*[#   8]+0.001*[#  11]+0.001*[#  12]
          
    |psi|^2 = 1.000
==== e(   3) =   -11.36348 eV ==== 
     psi = 0.367*[#   5]+0.367*[#   9]+0.126*[#   2]+0.126*[#   4]+0.002*[#   7]
          +0.002*[#   8]+0.002*[#  11]+0.002*[#  12]+0.001*[#   1]+0.001*[#   3]
          
    |psi|^2 = 0.997
==== e(   4) =   -10.29049 eV ==== 
     psi = 0.485*[#   5]+0.485*[#   9]+0.009*[#   2]+0.009*[#   4]
    |psi|^2 = 0.990
==== e(   5) =     1.08668 eV ==== 
     psi = 0.265*[#   6]+0.265*[#  10]+0.095*[#   7]+0.095*[#   8]+0.095*[#  11]
          +0.095*[#  12]+0.015*[#   2]+0.015*[#   4]+0.006*[#   5]+0.006*[#   9]
          
    |psi|^2 = 0.952
==== e(   6) =     2.16725 eV ==== 
     psi = 0.164*[#   6]+0.164*[#  10]+0.127*[#   7]+0.127*[#   8]+0.127*[#  11]
          +0.127*[#  12]+0.056*[#   2]+0.056*[#   4]+0.015*[#   5]+0.015*[#   9]
          +0.001*[#   1]+0.001*[#   3]
    |psi|^2 = 0.982
==== e(   7) =     2.92285 eV ==== 
     psi = 0.205*[#   7]+0.205*[#   8]+0.205*[#  11]+0.205*[#  12]+0.035*[#   2]
          +0.035*[#   4]+0.029*[#   6]+0.029*[#  10]+0.015*[#   5]+0.015*[#   9]
          +0.001*[#   1]+0.001*[#   3]
    |psi|^2 = 0.980
==== e(   8) =     3.86531 eV ==== 
     psi = 0.235*[#   7]+0.235*[#   8]+0.235*[#  11]+0.235*[#  12]+0.004*[#   6]
          +0.004*[#  10]+0.002*[#   2]+0.002*[#   4]
    |psi|^2 = 0.955
==== e(   9) =     5.09738 eV ==== 
     psi = 0.443*[#   6]+0.443*[#  10]+0.020*[#   7]+0.020*[#   8]+0.020*[#  11]
          +0.020*[#  12]
    |psi|^2 = 0.965
==== e(  10) =     5.29546 eV ==== 
     psi = 0.232*[#   7]+0.232*[#   8]+0.232*[#  11]+0.232*[#  12]+0.021*[#   6]
          +0.021*[#  10]
    |psi|^2 = 0.971
==== e(  11) =    15.62332 eV ==== 
     psi = 0.165*[#   2]+0.165*[#   4]+0.054*[#   5]+0.054*[#   9]+0.014*[#   7]
          +0.014*[#   8]+0.014*[#  11]+0.014*[#  12]+0.004*[#   6]+0.004*[#  10]
          
    |psi|^2 = 0.504
==== e(  12) =    17.23406 eV ==== 
     psi = 0.065*[#   2]+0.065*[#   4]+0.017*[#   6]+0.017*[#  10]+0.006*[#   5]
          +0.006*[#   9]+0.003*[#   7]+0.003*[#   8]+0.003*[#  11]+0.003*[#  12]
          
    |psi|^2 = 0.189
==== e(  13) =    19.04452 eV ==== 
     psi = 0.110*[#   2]+0.110*[#   4]+0.030*[#   5]+0.030*[#   9]+0.010*[#   7]
          +0.010*[#   8]+0.010*[#  11]+0.010*[#  12]+0.005*[#   6]+0.005*[#  10]
          
    |psi|^2 = 0.333
==== e(  14) =    21.30320 eV ==== 
     psi = 0.097*[#   2]+0.097*[#   4]+0.014*[#   7]+0.014*[#   8]+0.014*[#  11]
          +0.014*[#  12]+0.004*[#   5]+0.004*[#   9]
    |psi|^2 = 0.261

 k =   0.0500000000  0.3752776750  0.1231998600
==== e(   1) =   -90.49915 eV ==== 
     psi = 0.497*[#   1]+0.497*[#   3]+0.001*[#   7]+0.001*[#   8]+0.001*[#  11]
          +0.001*[#  12]
    |psi|^2 = 1.000
==== e(   2) =   -90.49799 eV ==== 
     psi = 0.494*[#   1]+0.494*[#   3]+0.002*[#   2]+0.002*[#   4]+0.002*[#   6]
          +0.002*[#  10]+0.001*[#   7]+0.001*[#   8]+0.001*[#  11]+0.001*[#  12]
          
    |psi|^2 = 1.000
==== e(   3) =   -11.29393 eV ==== 
     psi = 0.375*[#   5]+0.375*[#   9]+0.118*[#   2]+0.118*[#   4]+0.002*[#   7]
          +0.002*[#   8]+0.002*[#  11]+0.002*[#  12]
    |psi|^2 = 0.996
==== e(   4) =   -10.38361 eV ==== 
     psi = 0.475*[#   5]+0.475*[#   9]+0.018*[#   2]+0.018*[#   4]+0.001*[#   6]
          +0.001*[#  10]
    |psi|^2 = 0.991
==== e(   5) =     1.10591 eV ==== 
     psi = 0.222*[#   6]+0.222*[#  10]+0.109*[#   7]+0.109*[#   8]+0.109*[#  11]
          +0.109*[#  12]+0.033*[#   2]+0.033*[#   4]+0.008*[#   5]+0.008*[#   9]
          
    |psi|^2 = 0.964
==== e(   6) =     2.26642 eV ==== 
     psi = 0.144*[#   7]+0.144*[#   8]+0.144*[#  11]+0.144*[#  12]+0.127*[#   6]
          +0.127*[#  10]+0.045*[#   2]+0.045*[#   4]+0.026*[#   5]+0.026*[#   9]
          +0.001*[#   1]+0.001*[#   3]
    |psi|^2 = 0.977
==== e(   7) =     2.94148 eV ==== 
     psi = 0.159*[#   7]+0.159*[#   8]+0.159*[#  11]+0.159*[#  12]+0.133*[#   6]
          +0.133*[#  10]+0.029*[#   2]+0.029*[#   4]+0.004*[#   5]+0.004*[#   9]
          +0.001*[#   1]+0.001*[#   3]
    |psi|^2 = 0.971
==== e(   8) =     3.93635 eV ==== 
     psi = 0.233*[#   7]+0.233*[#   8]+0.233*[#  11]+0.233*[#  12]+0.009*[#   6]
          +0.009*[#  10]+0.002*[#   2]+0.002*[#   4]
    |psi|^2 = 0.955
==== e(   9) =     5.04749 eV ==== 
     psi = 0.298*[#   6]+0.298*[#  10]+0.093*[#   7]+0.093*[#   8]+0.093*[#  11]
          +0.093*[#  12]
    |psi|^2 = 0.968
==== e(  10) =     5.20601 eV ==== 
     psi = 0.177*[#   7]+0.177*[#   8]+0.177*[#  11]+0.177*[#  12]+0.130*[#   6]
          +0.130*[#  10]
    |psi|^2 = 0.968
==== e(  11) =    15.44845 eV ==== 
     psi = 0.162*[#   2]+0.162*[#   4]+0.051*[#   5]+0.051*[#   9]+0.011*[#   7]
          +0.011*[#   8]+0.011*[#  11]+0.011*[#  12]+0.005*[#   6]+0.005*[#  10]
          
    |psi|^2 = 0.479
==== e(  12) =    16.87705 eV ==== 
     psi = 0.074*[#   2]+0.074*[#   4]+0.016*[#   6]+0.016*[#  10]+0.008*[#   5]
          +0.008*[#   9]+0.003*[#   7]+0.003*[#   8]+0.003*[#  11]+0.003*[#  12]
          
    |psi|^2 = 0.209
==== e(  13) =    19.42158 eV ==== 
     psi = 0.101*[#   2]+0.101*[#   4]+0.024*[#   5]+0.024*[#   9]+0.011*[#   7]
          +0.011*[#   8]+0.011*[#  11]+0.011*[#  12]+0.007*[#   6]+0.007*[#  10]
          
    |psi|^2 = 0.311
==== e(  14) =    21.22681 eV ==== 
     psi = 0.110*[#   2]+0.110*[#   4]+0.015*[#   7]+0.015*[#   8]+0.015*[#  11]
          +0.015*[#  12]+0.006*[#   5]+0.006*[#   9]+0.001*[#   6]+0.001*[#  10]
          
    |psi|^2 = 0.294

 k =   0.0500000000  0.3752776750  0.1847997900
==== e(   1) =   -90.49899 eV ==== 
     psi = 0.497*[#   1]+0.497*[#   3]+0.001*[#   7]+0.001*[#   8]+0.001*[#  11]
          +0.001*[#  12]
    |psi|^2 = 1.000
==== e(   2) =   -90.49815 eV ==== 
     psi = 0.495*[#   1]+0.495*[#   3]+0.002*[#   6]+0.002*[#  10]+0.001*[#   2]
          +0.001*[#   4]+0.001*[#   7]+0.001*[#   8]+0.001*[#  11]+0.001*[#  12]
          
    |psi|^2 = 1.000
==== e(   3) =   -11.18281 eV ==== 
     psi = 0.387*[#   5]+0.387*[#   9]+0.105*[#   2]+0.105*[#   4]+0.002*[#   7]
          +0.002*[#   8]+0.002*[#  11]+0.002*[#  12]+0.001*[#   6]+0.001*[#  10]
          
    |psi|^2 = 0.996
==== e(   4) =   -10.52356 eV ==== 
     psi = 0.460*[#   5]+0.460*[#   9]+0.032*[#   2]+0.032*[#   4]+0.002*[#   6]
          +0.002*[#  10]
    |psi|^2 = 0.992
==== e(   5) =     1.18917 eV ==== 
     psi = 0.181*[#   6]+0.181*[#  10]+0.123*[#   7]+0.123*[#   8]+0.123*[#  11]
          +0.123*[#  12]+0.045*[#   2]+0.045*[#   4]+0.013*[#   5]+0.013*[#   9]
          +0.001*[#   1]+0.001*[#   3]
    |psi|^2 = 0.973
==== e(   6) =     2.11911 eV ==== 
     psi = 0.161*[#   7]+0.161*[#   8]+0.161*[#  11]+0.161*[#  12]+0.092*[#   6]
          +0.092*[#  10]+0.045*[#   2]+0.045*[#   4]+0.028*[#   5]+0.028*[#   9]
          +0.002*[#   1]+0.002*[#   3]
    |psi|^2 = 0.979
==== e(   7) =     3.25363 eV ==== 
     psi = 0.233*[#   6]+0.233*[#  10]+0.115*[#   7]+0.115*[#   8]+0.115*[#  11]
          +0.115*[#  12]+0.016*[#   2]+0.016*[#   4]
    |psi|^2 = 0.961
==== e(   8) =     4.07516 eV ==== 
     psi = 0.230*[#   7]+0.230*[#   8]+0.230*[#  11]+0.230*[#  12]+0.016*[#   6]
          +0.016*[#  10]+0.001*[#   2]+0.001*[#   4]
    |psi|^2 = 0.956
==== e(   9) =     4.86815 eV ==== 
     psi = 0.183*[#   6]+0.183*[#  10]+0.150*[#   7]+0.150*[#   8]+0.150*[#  11]
          +0.150*[#  12]
    |psi|^2 = 0.967
==== e(  10) =     5.07515 eV ==== 
     psi = 0.206*[#   6]+0.206*[#  10]+0.139*[#   7]+0.139*[#   8]+0.139*[#  11]
          +0.139*[#  12]
    |psi|^2 = 0.967
==== e(  11) =    15.33457 eV ==== 
     psi = 0.155*[#   2]+0.155*[#   4]+0.044*[#   5]+0.044*[#   9]+0.008*[#   7]
          +0.008*[#   8]+0.008*[#  11]+0.008*[#  12]+0.007*[#   6]+0.007*[#  10]
          
    |psi|^2 = 0.443
==== e(  12) =    16.45538 eV ==== 
     psi = 0.090*[#   2]+0.090*[#   4]+0.017*[#   6]+0.017*[#  10]+0.011*[#   5]
          +0.011*[#   9]+0.003*[#   7]+0.003*[#   8]+0.003*[#  11]+0.003*[#  12]
          
    |psi|^2 = 0.250
==== e(  13) =    19.72819 eV ==== 
     psi = 0.085*[#   2]+0.085*[#   4]+0.017*[#   5]+0.017*[#   9]+0.011*[#   7]
          +0.011*[#   8]+0.011*[#  11]+0.011*[#  12]+0.007*[#   6]+0.007*[#  10]
          
    |psi|^2 = 0.262
==== e(  14) =    20.95607 eV ==== 
     psi = 0.101*[#   2]+0.101*[#   4]+0.013*[#   7]+0.013*[#   8]+0.013*[#  11]
          +0.013*[#  12]+0.006*[#   5]+0.006*[#   9]+0.002*[#   6]+0.002*[#  10]
          
    |psi|^2 = 0.272

 k =   0.0500000000  0.3752776750  0.2463997200
==== e(   1) =   -90.49879 eV ==== 
     psi = 0.496*[#   1]+0.496*[#   3]+0.001*[#   7]+0.001*[#   8]+0.001*[#  11]
          +0.001*[#  12]
    |psi|^2 = 1.000
==== e(   2) =   -90.49835 eV ==== 
     psi = 0.495*[#   1]+0.495*[#   3]+0.001*[#   6]+0.001*[#  10]+0.001*[#   7]
          +0.001*[#   8]+0.001*[#  11]+0.001*[#  12]
    |psi|^2 = 1.000
==== e(   3) =   -11.03756 eV ==== 
     psi = 0.404*[#   5]+0.404*[#   9]+0.088*[#   2]+0.088*[#   4]+0.002*[#   6]
          +0.002*[#   7]+0.002*[#   8]+0.002*[#  10]+0.002*[#  11]+0.002*[#  12]
          
    |psi|^2 = 0.995
==== e(   4) =   -10.69187 eV ==== 
     psi = 0.442*[#   5]+0.442*[#   9]+0.049*[#   2]+0.049*[#   4]+0.002*[#   6]
          +0.002*[#  10]+0.001*[#   7]+0.001*[#   8]+0.001*[#  11]+0.001*[#  12]
          
    |psi|^2 = 0.993
==== e(   5) =     1.34865 eV ==== 
     psi = 0.148*[#   6]+0.148*[#  10]+0.136*[#   7]+0.136*[#   8]+0.136*[#  11]
          +0.136*[#  12]+0.050*[#   2]+0.050*[#   4]+0.017*[#   5]+0.017*[#   9]
          +0.001*[#   1]+0.001*[#   3]
    |psi|^2 = 0.977
==== e(   6) =     1.84859 eV ==== 
     psi = 0.156*[#   7]+0.156*[#   8]+0.156*[#  11]+0.156*[#  12]+0.102*[#   6]
          +0.102*[#  10]+0.048*[#   2]+0.048*[#   4]+0.026*[#   5]+0.026*[#   9]
          +0.002*[#   1]+0.002*[#   3]
    |psi|^2 = 0.979
==== e(   7) =     3.71843 eV ==== 
     psi = 0.271*[#   6]+0.271*[#  10]+0.099*[#   7]+0.099*[#   8]+0.099*[#  11]
          +0.099*[#  12]+0.008*[#   2]+0.008*[#   4]+0.002*[#   5]+0.002*[#   9]
          
    |psi|^2 = 0.958
==== e(   8) =     4.26258 eV ==== 
     psi = 0.213*[#   7]+0.213*[#   8]+0.213*[#  11]+0.213*[#  12]+0.051*[#   6]
          +0.051*[#  10]+0.001*[#   2]+0.001*[#   4]
    |psi|^2 = 0.957
==== e(   9) =     4.60666 eV ==== 
     psi = 0.177*[#   6]+0.177*[#  10]+0.151*[#   7]+0.151*[#   8]+0.151*[#  11]
          +0.151*[#  12]+0.001*[#   2]+0.001*[#   4]+0.001*[#   5]+0.001*[#   9]
          
    |psi|^2 = 0.963
==== e(  10) =     4.85000 eV ==== 
     psi = 0.163*[#   7]+0.163*[#   8]+0.163*[#  11]+0.163*[#  12]+0.154*[#   6]
          +0.154*[#  10]
    |psi|^2 = 0.964
==== e(  11) =    15.39001 eV ==== 
     psi = 0.143*[#   2]+0.143*[#   4]+0.035*[#   5]+0.035*[#   9]+0.011*[#   6]
          +0.011*[#  10]+0.006*[#   7]+0.006*[#   8]+0.006*[#  11]+0.006*[#  12]
          
    |psi|^2 = 0.401
==== e(  12) =    16.01645 eV ==== 
     psi = 0.110*[#   2]+0.110*[#   4]+0.017*[#   5]+0.017*[#   6]+0.017*[#   9]
          +0.017*[#  10]+0.003*[#   7]+0.003*[#   8]+0.003*[#  11]+0.003*[#  12]
          
    |psi|^2 = 0.303
==== e(  13) =    19.98088 eV ==== 
     psi = 0.074*[#   2]+0.074*[#   4]+0.012*[#   5]+0.012*[#   9]+0.011*[#   7]
          +0.011*[#   8]+0.011*[#  11]+0.011*[#  12]+0.005*[#   6]+0.005*[#  10]
          
    |psi|^2 = 0.224
==== e(  14) =    20.59529 eV ==== 
     psi = 0.083*[#   2]+0.083*[#   4]+0.011*[#   7]+0.011*[#   8]+0.011*[#  11]
          +0.011*[#  12]+0.008*[#   5]+0.008*[#   9]+0.003*[#   6]+0.003*[#  10]
          
    |psi|^2 = 0.233

 k =   0.0500000000  0.3752776750 -0.3079996500
==== e(   1) =   -90.49857 eV ==== 
     psi = 0.496*[#   1]+0.496*[#   3]+0.001*[#   6]+0.001*[#  10]+0.001*[#   7]
          +0.001*[#   8]+0.001*[#  11]+0.001*[#  12]
    |psi|^2 = 1.000
==== e(   2) =   -90.49856 eV ==== 
     psi = 0.496*[#   1]+0.496*[#   3]+0.001*[#   6]+0.001*[#  10]+0.001*[#   7]
          +0.001*[#   8]+0.001*[#  11]+0.001*[#  12]
    |psi|^2 = 1.000
==== e(   3) =   -10.86909 eV ==== 
     psi = 0.423*[#   5]+0.423*[#   9]+0.069*[#   2]+0.069*[#   4]+0.002*[#   6]
          +0.002*[#  10]+0.001*[#   7]+0.001*[#   8]+0.001*[#  11]+0.001*[#  12]
          
    |psi|^2 = 0.994
==== e(   4) =   -10.86909 eV ==== 
     psi = 0.423*[#   5]+0.423*[#   9]+0.069*[#   2]+0.069*[#   4]+0.002*[#   6]
          +0.002*[#  10]+0.001*[#   7]+0.001*[#   8]+0.001*[#  11]+0.001*[#  12]
          
    |psi|^2 = 0.994
==== e(   5) =     1.57612 eV ==== 
     psi = 0.147*[#   7]+0.147*[#   8]+0.147*[#  11]+0.147*[#  12]+0.122*[#   6]
          +0.122*[#  10]+0.050*[#   2]+0.050*[#   4]+0.022*[#   5]+0.022*[#   9]
          +0.002*[#   1]+0.002*[#   3]
    |psi|^2 = 0.979
==== e(   6) =     1.57612 eV ==== 
     psi = 0.147*[#   7]+0.147*[#   8]+0.147*[#  11]+0.147*[#  12]+0.122*[#   6]
          +0.122*[#  10]+0.050*[#   2]+0.050*[#   4]+0.022*[#   5]+0.022*[#   9]
          +0.002*[#   1]+0.002*[#   3]
    |psi|^2 = 0.979
==== e(   7) =     4.16702 eV ==== 
     psi = 0.256*[#   6]+0.256*[#  10]+0.109*[#   7]+0.109*[#   8]+0.109*[#  11]
          +0.109*[#  12]+0.003*[#   2]+0.003*[#   4]+0.002*[#   5]+0.002*[#   9]
          
    |psi|^2 = 0.960
==== e(   8) =     4.16702 eV ==== 
     psi = 0.256*[#   6]+0.256*[#  10]+0.109*[#   7]+0.109*[#   8]+0.109*[#  11]
          +0.109*[#  12]+0.003*[#   2]+0.003*[#   4]+0.002*[#   5]+0.002*[#   9]
          
    |psi|^2 = 0.960
==== e(   9) =     4.58375 eV ==== 
     psi = 0.204*[#   7]+0.204*[#   8]+0.204*[#  11]+0.204*[#  12]+0.071*[#   6]
          +0.071*[#  10]
    |psi|^2 = 0.960
==== e(  10) =     4.58376 eV ==== 
     psi = 0.204*[#   7]+0.204*[#   8]+0.204*[#  11]+0.204*[#  12]+0.071*[#   6]
          +0.071*[#  10]
    |psi|^2 = 0.960
==== e(  11) =    15.63407 eV ==== 
     psi = 0.128*[#   2]+0.128*[#   4]+0.025*[#   5]+0.025*[#   9]+0.015*[#   6]
          +0.015*[#  10]+0.004*[#   7]+0.004*[#   8]+0.004*[#  11]+0.004*[#  12]
          
    |psi|^2 = 0.354
==== e(  12) =    15.63407 eV ==== 
     psi = 0.128*[#   2]+0.128*[#   4]+0.025*[#   5]+0.025*[#   9]+0.015*[#   6]
          +0.015*[#  10]+0.004*[#   7]+0.004*[#   8]+0.004*[#  11]+0.004*[#  12]
          
    |psi|^2 = 0.354
==== e(  13) =    20.26116 eV ==== 
     psi = 0.073*[#   2]+0.073*[#   4]+0.011*[#   7]+0.011*[#   8]+0.011*[#  11]
          +0.011*[#  12]+0.009*[#   5]+0.009*[#   9]+0.004*[#   6]+0.004*[#  10]
          
    |psi|^2 = 0.216
==== e(  14) =    20.26117 eV ==== 
     psi = 0.073*[#   2]+0.073*[#   4]+0.011*[#   7]+0.011*[#   8]+0.011*[#  11]
          +0.011*[#  12]+0.009*[#   5]+0.009*[#   9]+0.004*[#   6]+0.004*[#  10]
          
    |psi|^2 = 0.216

 k =   0.0500000000  0.4330127019  0.0000000000
==== e(   1) =   -90.49897 eV ==== 
     psi = 0.497*[#   1]+0.497*[#   3]+0.001*[#   7]+0.001*[#   8]+0.001*[#  11]
          +0.001*[#  12]
    |psi|^2 = 1.000
==== e(   2) =   -90.49778 eV ==== 
     psi = 0.494*[#   1]+0.494*[#   3]+0.002*[#   2]+0.002*[#   4]+0.001*[#   6]
          +0.001*[#  10]+0.001*[#   7]+0.001*[#   8]+0.001*[#  11]+0.001*[#  12]
          
    |psi|^2 = 1.000
==== e(   3) =   -11.13310 eV ==== 
     psi = 0.392*[#   5]+0.392*[#   9]+0.101*[#   2]+0.101*[#   4]+0.002*[#   7]
          +0.002*[#   8]+0.002*[#  11]+0.002*[#  12]
    |psi|^2 = 0.996
==== e(   4) =   -10.22161 eV ==== 
     psi = 0.492*[#   5]+0.492*[#   9]+0.001*[#   2]+0.001*[#   4]
    |psi|^2 = 0.989
==== e(   5) =     0.91896 eV ==== 
     psi = 0.171*[#   7]+0.171*[#   8]+0.171*[#  11]+0.171*[#  12]+0.108*[#   6]
          +0.108*[#  10]+0.018*[#   2]+0.018*[#   4]+0.009*[#   5]+0.009*[#   9]
          
    |psi|^2 = 0.955
==== e(   6) =     2.14091 eV ==== 
     psi = 0.329*[#   6]+0.329*[#  10]+0.051*[#   7]+0.051*[#   8]+0.051*[#  11]
          +0.051*[#  12]+0.050*[#   2]+0.050*[#   4]+0.006*[#   5]+0.006*[#   9]
          +0.001*[#   1]+0.001*[#   3]
    |psi|^2 = 0.977
==== e(   7) =     2.57238 eV ==== 
     psi = 0.210*[#   7]+0.210*[#   8]+0.210*[#  11]+0.210*[#  12]+0.044*[#   2]
          +0.044*[#   4]+0.014*[#   6]+0.014*[#  10]+0.012*[#   5]+0.012*[#   9]
          +0.002*[#   1]+0.002*[#   3]
    |psi|^2 = 0.983
==== e(   8) =     3.64402 eV ==== 
     psi = 0.236*[#   7]+0.236*[#   8]+0.236*[#  11]+0.236*[#  12]+0.003*[#   2]
          +0.003*[#   4]+0.002*[#   6]+0.002*[#  10]
    |psi|^2 = 0.955
==== e(   9) =     4.76781 eV ==== 
     psi = 0.472*[#   6]+0.472*[#  10]+0.002*[#   7]+0.002*[#   8]+0.002*[#  11]
          +0.002*[#  12]
    |psi|^2 = 0.955
==== e(  10) =     5.21830 eV ==== 
     psi = 0.240*[#   7]+0.240*[#   8]+0.240*[#  11]+0.240*[#  12]+0.003*[#   6]
          +0.003*[#  10]
    |psi|^2 = 0.971
==== e(  11) =    15.83207 eV ==== 
     psi = 0.104*[#   2]+0.104*[#   4]+0.028*[#   5]+0.028*[#   9]+0.010*[#   6]
          +0.010*[#  10]+0.009*[#   7]+0.009*[#   8]+0.009*[#  11]+0.009*[#  12]
          
    |psi|^2 = 0.317
==== e(  12) =    16.91165 eV ==== 
     psi = 0.038*[#   2]+0.038*[#   4]+0.012*[#   6]+0.012*[#  10]+0.004*[#   5]
          +0.004*[#   9]+0.003*[#   7]+0.003*[#   8]+0.003*[#  11]+0.003*[#  12]
          
    |psi|^2 = 0.122
==== e(  13) =    18.96135 eV ==== 
     psi = 0.185*[#   2]+0.185*[#   4]+0.041*[#   5]+0.041*[#   9]+0.014*[#   7]
          +0.014*[#   8]+0.014*[#  11]+0.014*[#  12]+0.003*[#   6]+0.003*[#  10]
          
    |psi|^2 = 0.516
==== e(  14) =    21.24190 eV ==== 
     psi = 0.079*[#   2]+0.079*[#   4]+0.013*[#   7]+0.013*[#   8]+0.013*[#  11]
          +0.013*[#  12]
    |psi|^2 = 0.211

 k =   0.0500000000  0.4330127019  0.0615999300
==== e(   1) =   -90.49894 eV ==== 
     psi = 0.497*[#   1]+0.497*[#   3]+0.001*[#   7]+0.001*[#   8]+0.001*[#  11]
          +0.001*[#  12]
    |psi|^2 = 1.000
==== e(   2) =   -90.49781 eV ==== 
     psi = 0.494*[#   1]+0.494*[#   3]+0.002*[#   2]+0.002*[#   4]+0.001*[#   6]
          +0.001*[#  10]+0.001*[#   7]+0.001*[#   8]+0.001*[#  11]+0.001*[#  12]
          
    |psi|^2 = 1.000
==== e(   3) =   -11.11333 eV ==== 
     psi = 0.394*[#   5]+0.394*[#   9]+0.098*[#   2]+0.098*[#   4]+0.002*[#   7]
          +0.002*[#   8]+0.002*[#  11]+0.002*[#  12]
    |psi|^2 = 0.996
==== e(   4) =   -10.24692 eV ==== 
     psi = 0.490*[#   5]+0.490*[#   9]+0.003*[#   2]+0.003*[#   4]
    |psi|^2 = 0.989
==== e(   5) =     0.89173 eV ==== 
     psi = 0.167*[#   7]+0.167*[#   8]+0.167*[#  11]+0.167*[#  12]+0.112*[#   6]
          +0.112*[#  10]+0.026*[#   2]+0.026*[#   4]+0.008*[#   5]+0.008*[#   9]
          
    |psi|^2 = 0.960
==== e(   6) =     2.15896 eV ==== 
     psi = 0.231*[#   6]+0.231*[#  10]+0.099*[#   7]+0.099*[#   8]+0.099*[#  11]
          +0.099*[#  12]+0.045*[#   2]+0.045*[#   4]+0.013*[#   5]+0.013*[#   9]
          +0.001*[#   1]+0.001*[#   3]
    |psi|^2 = 0.976
==== e(   7) =     2.59791 eV ==== 
     psi = 0.160*[#   7]+0.160*[#   8]+0.160*[#  11]+0.160*[#  12]+0.120*[#   6]
          +0.120*[#  10]+0.041*[#   2]+0.041*[#   4]+0.006*[#   5]+0.006*[#   9]
          +0.001*[#   1]+0.001*[#   3]
    |psi|^2 = 0.978
==== e(   8) =     3.67038 eV ==== 
     psi = 0.235*[#   7]+0.235*[#   8]+0.235*[#  11]+0.235*[#  12]+0.005*[#   6]
          +0.005*[#  10]+0.003*[#   2]+0.003*[#   4]
    |psi|^2 = 0.955
==== e(   9) =     4.80650 eV ==== 
     psi = 0.451*[#   6]+0.451*[#  10]+0.014*[#   7]+0.014*[#   8]+0.014*[#  11]
          +0.014*[#  12]
    |psi|^2 = 0.957
==== e(  10) =     5.17482 eV ==== 
     psi = 0.237*[#   7]+0.237*[#   8]+0.237*[#  11]+0.237*[#  12]+0.009*[#   6]
          +0.009*[#  10]
    |psi|^2 = 0.970
==== e(  11) =    15.71272 eV ==== 
     psi = 0.108*[#   2]+0.108*[#   4]+0.029*[#   5]+0.029*[#   9]+0.009*[#   6]
          +0.009*[#  10]+0.008*[#   7]+0.008*[#   8]+0.008*[#  11]+0.008*[#  12]
          
    |psi|^2 = 0.323
==== e(  12) =    16.79253 eV ==== 
     psi = 0.040*[#   2]+0.040*[#   4]+0.011*[#   6]+0.011*[#  10]+0.005*[#   5]
          +0.005*[#   9]+0.003*[#   7]+0.003*[#   8]+0.003*[#  11]+0.003*[#  12]
          
    |psi|^2 = 0.125
==== e(  13) =    19.17068 eV ==== 
     psi = 0.175*[#   2]+0.175*[#   4]+0.036*[#   5]+0.036*[#   9]+0.014*[#   7]
          +0.014*[#   8]+0.014*[#  11]+0.014*[#  12]+0.006*[#   6]+0.006*[#  10]
          
    |psi|^2 = 0.492
==== e(  14) =    21.20978 eV ==== 
     psi = 0.082*[#   2]+0.082*[#   4]+0.013*[#   7]+0.013*[#   8]+0.013*[#  11]
          +0.013*[#  12]+0.001*[#   5]+0.001*[#   9]+0.001*[#   6]+0.001*[#  10]
          
    |psi|^2 = 0.222

 k =   0.0500000000  0.4330127019  0.1231998600
==== e(   1) =   -90.49885 eV ==== 
     psi = 0.496*[#   1]+0.496*[#   3]+0.001*[#   7]+0.001*[#   8]+0.001*[#  11]
          +0.001*[#  12]
    |psi|^2 = 1.000
==== e(   2) =   -90.49790 eV ==== 
     psi = 0.494*[#   1]+0.494*[#   3]+0.002*[#   2]+0.002*[#   4]+0.001*[#   6]
          +0.001*[#  10]+0.001*[#   7]+0.001*[#   8]+0.001*[#  11]+0.001*[#  12]
          
    |psi|^2 = 1.000
==== e(   3) =   -11.05532 eV ==== 
     psi = 0.402*[#   5]+0.402*[#   9]+0.091*[#   2]+0.091*[#   4]+0.002*[#   7]
          +0.002*[#   8]+0.002*[#  11]+0.002*[#  12]
    |psi|^2 = 0.995
==== e(   4) =   -10.31936 eV ==== 
     psi = 0.484*[#   5]+0.484*[#   9]+0.009*[#   2]+0.009*[#   4]
    |psi|^2 = 0.990
==== e(   5) =     0.85716 eV ==== 
     psi = 0.161*[#   7]+0.161*[#   8]+0.161*[#  11]+0.161*[#  12]+0.114*[#   6]
          +0.114*[#  10]+0.040*[#   2]+0.040*[#   4]+0.008*[#   5]+0.008*[#   9]
          
    |psi|^2 = 0.968
==== e(   6) =     2.01575 eV ==== 
     psi = 0.162*[#   7]+0.162*[#   8]+0.162*[#  11]+0.162*[#  12]+0.099*[#   6]
          +0.099*[#  10]+0.045*[#   2]+0.045*[#   4]+0.019*[#   5]+0.019*[#   9]
          +0.002*[#   1]+0.002*[#   3]
    |psi|^2 = 0.978
==== e(   7) =     2.85093 eV ==== 
     psi = 0.271*[#   6]+0.271*[#  10]+0.092*[#   7]+0.092*[#   8]+0.092*[#  11]
          +0.092*[#  12]+0.028*[#   2]+0.028*[#   4]+0.001*[#   5]+0.001*[#   9]
          
    |psi|^2 = 0.967
==== e(   8) =     3.76126 eV ==== 
     psi = 0.232*[#   7]+0.232*[#   8]+0.232*[#  11]+0.232*[#  12]+0.011*[#   6]
          +0.011*[#  10]+0.003*[#   2]+0.003*[#   4]
    |psi|^2 = 0.955
==== e(   9) =     4.84443 eV ==== 
     psi = 0.361*[#   6]+0.361*[#  10]+0.060*[#   7]+0.060*[#   8]+0.060*[#  11]
          +0.060*[#  12]
    |psi|^2 = 0.963
==== e(  10) =     5.06809 eV ==== 
     psi = 0.207*[#   7]+0.207*[#   8]+0.207*[#  11]+0.207*[#  12]+0.069*[#   6]
          +0.069*[#  10]
    |psi|^2 = 0.966
==== e(  11) =    15.45473 eV ==== 
     psi = 0.113*[#   2]+0.113*[#   4]+0.029*[#   5]+0.029*[#   9]+0.007*[#   7]
          +0.007*[#   8]+0.007*[#  11]+0.007*[#  12]+0.006*[#   6]+0.006*[#  10]
          
    |psi|^2 = 0.323
==== e(  12) =    16.52428 eV ==== 
     psi = 0.047*[#   2]+0.047*[#   4]+0.010*[#   6]+0.010*[#  10]+0.006*[#   5]
          +0.006*[#   9]+0.003*[#   7]+0.003*[#   8]+0.003*[#  11]+0.003*[#  12]
          
    |psi|^2 = 0.138
==== e(  13) =    19.57052 eV ==== 
     psi = 0.147*[#   2]+0.147*[#   4]+0.026*[#   5]+0.026*[#   9]+0.014*[#   7]
          +0.014*[#   8]+0.014*[#  11]+0.014*[#  12]+0.008*[#   6]+0.008*[#  10]
          
    |psi|^2 = 0.418
==== e(  14) =    21.17336 eV ==== 
     psi = 0.090*[#   2]+0.090*[#   4]+0.013*[#   7]+0.013*[#   8]+0.013*[#  11]
          +0.013*[#  12]+0.004*[#   5]+0.004*[#   9]+0.001*[#   6]+0.001*[#  10]
          
    |psi|^2 = 0.244

 k =   0.0500000000  0.4330127019  0.1847997900
==== e(   1) =   -90.49872 eV ==== 
     psi = 0.496*[#   1]+0.496*[#   3]+0.001*[#   7]+0.001*[#   8]+0.001*[#  11]
          +0.001*[#  12]
    |psi|^2 = 1.000
==== e(   2) =   -90.49803 eV ==== 
     psi = 0.494*[#   1]+0.494*[#   3]+0.002*[#   2]+0.002*[#   4]+0.001*[#   6]
          +0.001*[#  10]+0.001*[#   7]+0.001*[#   8]+0.001*[#  11]+0.001*[#  12]
          
    |psi|^2 = 1.000
==== e(   3) =   -10.96310 eV ==== 
     psi = 0.413*[#   5]+0.413*[#   9]+0.079*[#   2]+0.079*[#   4]+0.002*[#   7]
          +0.002*[#   8]+0.002*[#  11]+0.002*[#  12]
    |psi|^2 = 0.994
==== e(   4) =   -10.42933 eV ==== 
     psi = 0.473*[#   5]+0.473*[#   9]+0.019*[#   2]+0.019*[#   4]+0.001*[#   6]
          +0.001*[#  10]
    |psi|^2 = 0.990
==== e(   5) =     0.87945 eV ==== 
     psi = 0.159*[#   7]+0.159*[#   8]+0.159*[#  11]+0.159*[#  12]+0.110*[#   6]
          +0.110*[#  10]+0.050*[#   2]+0.050*[#   4]+0.008*[#   5]+0.008*[#   9]
          +0.001*[#   1]+0.001*[#   3]
    |psi|^2 = 0.975
==== e(   6) =     1.73432 eV ==== 
     psi = 0.170*[#   7]+0.170*[#   8]+0.170*[#  11]+0.170*[#  12]+0.081*[#   6]
          +0.081*[#  10]+0.048*[#   2]+0.048*[#   4]+0.018*[#   5]+0.018*[#   9]
          +0.002*[#   1]+0.002*[#   3]
    |psi|^2 = 0.978
==== e(   7) =     3.28357 eV ==== 
     psi = 0.302*[#   6]+0.302*[#  10]+0.081*[#   7]+0.081*[#   8]+0.081*[#  11]
          +0.081*[#  12]+0.015*[#   2]+0.015*[#   4]+0.002*[#   5]+0.002*[#   9]
          
    |psi|^2 = 0.961
==== e(   8) =     3.92632 eV ==== 
     psi = 0.224*[#   7]+0.224*[#   8]+0.224*[#  11]+0.224*[#  12]+0.026*[#   6]
          +0.026*[#  10]+0.002*[#   2]+0.002*[#   4]
    |psi|^2 = 0.955
==== e(   9) =     4.72751 eV ==== 
     psi = 0.178*[#   6]+0.178*[#  10]+0.152*[#   7]+0.152*[#   8]+0.152*[#  11]
          +0.152*[#  12]
    |psi|^2 = 0.965
==== e(  10) =     4.96170 eV ==== 
     psi = 0.223*[#   6]+0.223*[#  10]+0.130*[#   7]+0.130*[#   8]+0.130*[#  11]
          +0.130*[#  12]
    |psi|^2 = 0.965
==== e(  11) =    15.25361 eV ==== 
     psi = 0.111*[#   2]+0.111*[#   4]+0.026*[#   5]+0.026*[#   9]+0.005*[#   7]
          +0.005*[#   8]+0.005*[#  11]+0.005*[#  12]+0.005*[#   6]+0.005*[#  10]
          
    |psi|^2 = 0.305
==== e(  12) =    16.17145 eV ==== 
     psi = 0.058*[#   2]+0.058*[#   4]+0.010*[#   6]+0.010*[#  10]+0.008*[#   5]
          +0.008*[#   9]+0.003*[#   7]+0.003*[#   8]+0.003*[#  11]+0.003*[#  12]
          
    |psi|^2 = 0.165
==== e(  13) =    19.87936 eV ==== 
     psi = 0.105*[#   2]+0.105*[#   4]+0.015*[#   5]+0.015*[#   9]+0.012*[#   7]
          +0.012*[#   8]+0.012*[#  11]+0.012*[#  12]+0.007*[#   6]+0.007*[#  10]
          
    |psi|^2 = 0.304
==== e(  14) =    21.09389 eV ==== 
     psi = 0.096*[#   2]+0.096*[#   4]+0.014*[#   7]+0.014*[#   8]+0.014*[#  11]
          +0.014*[#  12]+0.004*[#   5]+0.004*[#   9]+0.001*[#   6]+0.001*[#  10]
          
    |psi|^2 = 0.261

 k =   0.0500000000  0.4330127019  0.2463997200
==== e(   1) =   -90.49856 eV ==== 
     psi = 0.496*[#   1]+0.496*[#   3]+0.001*[#   7]+0.001*[#   8]+0.001*[#  11]
          +0.001*[#  12]
    |psi|^2 = 1.000
==== e(   2) =   -90.49819 eV ==== 
     psi = 0.495*[#   1]+0.495*[#   3]+0.001*[#   6]+0.001*[#   7]+0.001*[#   8]
          +0.001*[#  10]+0.001*[#  11]+0.001*[#  12]+0.001*[#   2]+0.001*[#   4]
          
    |psi|^2 = 1.000
==== e(   3) =   -10.84347 eV ==== 
     psi = 0.428*[#   5]+0.428*[#   9]+0.064*[#   2]+0.064*[#   4]+0.001*[#   7]
          +0.001*[#   8]+0.001*[#  11]+0.001*[#  12]+0.001*[#   6]+0.001*[#  10]
          
    |psi|^2 = 0.993
==== e(   4) =   -10.56324 eV ==== 
     psi = 0.460*[#   5]+0.460*[#   9]+0.032*[#   2]+0.032*[#   4]+0.002*[#   6]
          +0.002*[#  10]
    |psi|^2 = 0.991
==== e(   5) =     0.98547 eV ==== 
     psi = 0.160*[#   7]+0.160*[#   8]+0.160*[#  11]+0.160*[#  12]+0.103*[#   6]
          +0.103*[#  10]+0.054*[#   2]+0.054*[#   4]+0.010*[#   5]+0.010*[#   9]
          +0.001*[#   1]+0.001*[#   3]
    |psi|^2 = 0.978
==== e(   6) =     1.43550 eV ==== 
     psi = 0.167*[#   7]+0.167*[#   8]+0.167*[#  11]+0.167*[#  12]+0.086*[#   6]
          +0.086*[#  10]+0.051*[#   2]+0.051*[#   4]+0.016*[#   5]+0.016*[#   9]
          +0.002*[#   1]+0.002*[#   3]
    |psi|^2 = 0.979
==== e(   7) =     3.74469 eV ==== 
     psi = 0.276*[#   6]+0.276*[#  10]+0.097*[#   7]+0.097*[#   8]+0.097*[#  11]
          +0.097*[#  12]+0.007*[#   2]+0.007*[#   4]+0.002*[#   5]+0.002*[#   9]
          
    |psi|^2 = 0.960
==== e(   8) =     4.15706 eV ==== 
     psi = 0.197*[#   7]+0.197*[#   8]+0.197*[#  11]+0.197*[#  12]+0.081*[#   6]
          +0.081*[#  10]+0.002*[#   2]+0.002*[#   4]
    |psi|^2 = 0.957
==== e(   9) =     4.49178 eV ==== 
     psi = 0.174*[#   7]+0.174*[#   8]+0.174*[#  11]+0.174*[#  12]+0.131*[#   6]
          +0.131*[#  10]+0.002*[#   2]+0.002*[#   4]+0.001*[#   5]+0.001*[#   9]
          
    |psi|^2 = 0.962
==== e(  10) =     4.78628 eV ==== 
     psi = 0.238*[#   6]+0.238*[#  10]+0.122*[#   7]+0.122*[#   8]+0.122*[#  11]
          +0.122*[#  12]
    |psi|^2 = 0.964
==== e(  11) =    15.23904 eV ==== 
     psi = 0.103*[#   2]+0.103*[#   4]+0.022*[#   5]+0.022*[#   9]+0.006*[#   6]
          +0.006*[#  10]+0.003*[#   7]+0.003*[#   8]+0.003*[#  11]+0.003*[#  12]
          
    |psi|^2 = 0.276
==== e(  12) =    15.77798 eV ==== 
     psi = 0.074*[#   2]+0.074*[#   4]+0.011*[#   5]+0.011*[#   9]+0.010*[#   6]
          +0.010*[#  10]+0.003*[#   7]+0.003*[#   8]+0.003*[#  11]+0.003*[#  12]
          
    |psi|^2 = 0.202
==== e(  13) =    20.11832 eV ==== 
     psi = 0.077*[#   2]+0.077*[#   4]+0.011*[#   7]+0.011*[#   8]+0.011*[#  11]
          +0.011*[#  12]+0.009*[#   5]+0.009*[#   9]+0.005*[#   6]+0.005*[#  10]
          
    |psi|^2 = 0.225
==== e(  14) =    20.76866 eV ==== 
     psi = 0.077*[#   2]+0.077*[#   4]+0.012*[#   7]+0.012*[#   8]+0.012*[#  11]
          +0.012*[#  12]+0.004*[#   5]+0.004*[#   9]+0.002*[#   6]+0.002*[#  10]
          
    |psi|^2 = 0.214

 k =   0.0500000000  0.4330127019 -0.3079996500
==== e(   1) =   -90.49838 eV ==== 
     psi = 0.495*[#   1]+0.495*[#   3]+0.001*[#   7]+0.001*[#   8]+0.001*[#  11]
          +0.001*[#  12]+0.001*[#   6]+0.001*[#  10]
    |psi|^2 = 1.000
==== e(   2) =   -90.49837 eV ==== 
     psi = 0.495*[#   1]+0.495*[#   3]+0.001*[#   7]+0.001*[#   8]+0.001*[#  11]
          +0.001*[#  12]+0.001*[#   6]+0.001*[#  10]
    |psi|^2 = 1.000
==== e(   3) =   -10.70608 eV ==== 
     psi = 0.444*[#   5]+0.444*[#   9]+0.048*[#   2]+0.048*[#   4]+0.002*[#   6]
          +0.002*[#  10]+0.001*[#   7]+0.001*[#   8]+0.001*[#  11]+0.001*[#  12]
          
    |psi|^2 = 0.992
==== e(   4) =   -10.70608 eV ==== 
     psi = 0.444*[#   5]+0.444*[#   9]+0.048*[#   2]+0.048*[#   4]+0.002*[#   6]
          +0.002*[#  10]+0.001*[#   7]+0.001*[#   8]+0.001*[#  11]+0.001*[#  12]
          
    |psi|^2 = 0.992
==== e(   5) =     1.17585 eV ==== 
     psi = 0.163*[#   7]+0.163*[#   8]+0.163*[#  11]+0.163*[#  12]+0.094*[#   6]
          +0.094*[#  10]+0.054*[#   2]+0.054*[#   4]+0.013*[#   5]+0.013*[#   9]
          +0.002*[#   1]+0.002*[#   3]
    |psi|^2 = 0.979
==== e(   6) =     1.17585 eV ==== 
     psi = 0.163*[#   7]+0.163*[#   8]+0.163*[#  11]+0.163*[#  12]+0.094*[#   6]
          +0.094*[#  10]+0.054*[#   2]+0.054*[#   4]+0.013*[#   5]+0.013*[#   9]
          +0.002*[#   1]+0.002*[#   3]
    |psi|^2 = 0.979
==== e(   7) =     4.12945 eV ==== 
     psi = 0.197*[#   6]+0.197*[#  10]+0.139*[#   7]+0.139*[#   8]+0.139*[#  11]
          +0.139*[#  12]+0.003*[#   2]+0.003*[#   4]+0.002*[#   5]+0.002*[#   9]
          
    |psi|^2 = 0.960
==== e(   8) =     4.12945 eV ==== 
     psi = 0.197*[#   6]+0.197*[#  10]+0.139*[#   7]+0.139*[#   8]+0.139*[#  11]
          +0.139*[#  12]+0.003*[#   2]+0.003*[#   4]+0.002*[#   5]+0.002*[#   9]
          
    |psi|^2 = 0.960
==== e(   9) =     4.51114 eV ==== 
     psi = 0.165*[#   6]+0.165*[#  10]+0.157*[#   7]+0.157*[#   8]+0.157*[#  11]
          +0.157*[#  12]+0.002*[#   2]+0.002*[#   4]
    |psi|^2 = 0.961
==== e(  10) =     4.51114 eV ==== 
     psi = 0.165*[#   6]+0.165*[#  10]+0.157*[#   7]+0.157*[#   8]+0.157*[#  11]
          +0.157*[#  12]+0.002*[#   2]+0.002*[#   4]
    |psi|^2 = 0.961
==== e(  11) =    15.43378 eV ==== 
     psi = 0.090*[#   2]+0.090*[#   4]+0.016*[#   5]+0.016*[#   9]+0.008*[#   6]
          +0.008*[#  10]+0.003*[#   7]+0.003*[#   8]+0.003*[#  11]+0.003*[#  12]
          
    |psi|^2 = 0.241
==== e(  12) =    15.43379 eV ==== 
     psi = 0.090*[#   2]+0.090*[#   4]+0.016*[#   5]+0.016*[#   9]+0.008*[#   6]
          +0.008*[#  10]+0.003*[#   7]+0.003*[#   8]+0.003*[#  11]+0.003*[#  12]
          
    |psi|^2 = 0.241
==== e(  13) =    20.40837 eV ==== 
     psi = 0.069*[#   2]+0.069*[#   4]+0.011*[#   7]+0.011*[#   8]+0.011*[#  11]
          +0.011*[#  12]+0.006*[#   5]+0.006*[#   9]+0.003*[#   6]+0.003*[#  10]
          
    |psi|^2 = 0.199
==== e(  14) =    20.40838 eV ==== 
     psi = 0.069*[#   2]+0.069*[#   4]+0.011*[#   7]+0.011*[#   8]+0.011*[#  11]
          +0.011*[#  12]+0.006*[#   5]+0.006*[#   9]+0.003*[#   6]+0.003*[#  10]
          
    |psi|^2 = 0.199

 k =   0.0500000000  0.4907477288  0.0000000000
==== e(   1) =   -90.49871 eV ==== 
     psi = 0.496*[#   1]+0.496*[#   3]+0.001*[#   7]+0.001*[#   8]+0.001*[#  11]
          +0.001*[#  12]
    |psi|^2 = 1.000
==== e(   2) =   -90.49775 eV ==== 
     psi = 0.494*[#   1]+0.494*[#   3]+0.002*[#   2]+0.002*[#   4]+0.001*[#   7]
          +0.001*[#   8]+0.001*[#  11]+0.001*[#  12]+0.001*[#   6]+0.001*[#  10]
          
    |psi|^2 = 1.000
==== e(   3) =   -10.91115 eV ==== 
     psi = 0.418*[#   5]+0.418*[#   9]+0.076*[#   2]+0.076*[#   4]+0.001*[#   7]
          +0.001*[#   8]+0.001*[#  11]+0.001*[#  12]
    |psi|^2 = 0.995
==== e(   4) =   -10.22465 eV ==== 
     psi = 0.491*[#   5]+0.491*[#   9]+0.001*[#   7]+0.001*[#   8]+0.001*[#  11]
          +0.001*[#  12]
    |psi|^2 = 0.989
==== e(   5) =     0.64579 eV ==== 
     psi = 0.194*[#   7]+0.194*[#   8]+0.194*[#  11]+0.194*[#  12]+0.051*[#   6]
          +0.051*[#  10]+0.034*[#   2]+0.034*[#   4]+0.009*[#   5]+0.009*[#   9]
          
    |psi|^2 = 0.966
==== e(   6) =     2.24493 eV ==== 
     psi = 0.203*[#   7]+0.203*[#   8]+0.203*[#  11]+0.203*[#  12]+0.036*[#   6]
          +0.036*[#  10]+0.034*[#   2]+0.034*[#   4]+0.012*[#   5]+0.012*[#   9]
          +0.001*[#   1]+0.001*[#   3]
    |psi|^2 = 0.978
==== e(   7) =     2.47752 eV ==== 
     psi = 0.368*[#   6]+0.368*[#  10]+0.046*[#   2]+0.046*[#   4]+0.036*[#   7]
          +0.036*[#   8]+0.036*[#  11]+0.036*[#  12]+0.001*[#   1]+0.001*[#   3]
          
    |psi|^2 = 0.974
==== e(   8) =     3.50894 eV ==== 
     psi = 0.234*[#   7]+0.234*[#   8]+0.234*[#  11]+0.234*[#  12]+0.006*[#   6]
          +0.006*[#  10]+0.004*[#   2]+0.004*[#   4]
    |psi|^2 = 0.955
==== e(   9) =     4.43615 eV ==== 
     psi = 0.467*[#   6]+0.467*[#  10]+0.002*[#   7]+0.002*[#   8]+0.002*[#  11]
          +0.002*[#  12]+0.002*[#   2]+0.002*[#   4]
    |psi|^2 = 0.946
==== e(  10) =     5.13527 eV ==== 
     psi = 0.240*[#   7]+0.240*[#   8]+0.240*[#  11]+0.240*[#  12]+0.003*[#   6]
          +0.003*[#  10]
    |psi|^2 = 0.970
==== e(  11) =    15.85616 eV ==== 
     psi = 0.046*[#   2]+0.046*[#   4]+0.016*[#   6]+0.016*[#  10]+0.011*[#   5]
          +0.011*[#   9]+0.004*[#   7]+0.004*[#   8]+0.004*[#  11]+0.004*[#  12]
          
    |psi|^2 = 0.161
==== e(  12) =    16.56909 eV ==== 
     psi = 0.018*[#   2]+0.018*[#   4]+0.006*[#   6]+0.006*[#  10]+0.004*[#   5]
          +0.004*[#   9]+0.003*[#   7]+0.003*[#   8]+0.003*[#  11]+0.003*[#  12]
          
    |psi|^2 = 0.068
==== e(  13) =    19.14853 eV ==== 
     psi = 0.257*[#   2]+0.257*[#   4]+0.042*[#   5]+0.042*[#   9]+0.016*[#   7]
          +0.016*[#   8]+0.016*[#  11]+0.016*[#  12]+0.003*[#   6]+0.003*[#  10]
          
    |psi|^2 = 0.670
==== e(  14) =    21.10714 eV ==== 
     psi = 0.087*[#   2]+0.087*[#   4]+0.014*[#   7]+0.014*[#   8]+0.014*[#  11]
          +0.014*[#  12]+0.002*[#   6]+0.002*[#  10]
    |psi|^2 = 0.234

 k =   0.0500000000  0.4907477288  0.0615999300
==== e(   1) =   -90.49869 eV ==== 
     psi = 0.496*[#   1]+0.496*[#   3]+0.001*[#   7]+0.001*[#   8]+0.001*[#  11]
          +0.001*[#  12]
    |psi|^2 = 1.000
==== e(   2) =   -90.49778 eV ==== 
     psi = 0.494*[#   1]+0.494*[#   3]+0.002*[#   2]+0.002*[#   4]+0.001*[#   7]
          +0.001*[#   8]+0.001*[#  11]+0.001*[#  12]+0.001*[#   6]+0.001*[#  10]
          
    |psi|^2 = 1.000
==== e(   3) =   -10.89565 eV ==== 
     psi = 0.420*[#   5]+0.420*[#   9]+0.074*[#   2]+0.074*[#   4]+0.001*[#   7]
          +0.001*[#   8]+0.001*[#  11]+0.001*[#  12]
    |psi|^2 = 0.994
==== e(   4) =   -10.24284 eV ==== 
     psi = 0.490*[#   5]+0.490*[#   9]+0.001*[#   7]+0.001*[#   8]+0.001*[#  11]
          +0.001*[#  12]+0.001*[#   2]+0.001*[#   4]
    |psi|^2 = 0.989
==== e(   5) =     0.62374 eV ==== 
     psi = 0.190*[#   7]+0.190*[#   8]+0.190*[#  11]+0.190*[#  12]+0.058*[#   6]
          +0.058*[#  10]+0.038*[#   2]+0.038*[#   4]+0.007*[#   5]+0.007*[#   9]
          
    |psi|^2 = 0.968
==== e(   6) =     2.09122 eV ==== 
     psi = 0.190*[#   7]+0.190*[#   8]+0.190*[#  11]+0.190*[#  12]+0.056*[#   6]
          +0.056*[#  10]+0.041*[#   2]+0.041*[#   4]+0.012*[#   5]+0.012*[#   9]
          +0.002*[#   1]+0.002*[#   3]
    |psi|^2 = 0.978
==== e(   7) =     2.63909 eV ==== 
     psi = 0.352*[#   6]+0.352*[#  10]+0.048*[#   7]+0.048*[#   8]+0.048*[#  11]
          +0.048*[#  12]+0.035*[#   2]+0.035*[#   4]
    |psi|^2 = 0.970
==== e(   8) =     3.54338 eV ==== 
     psi = 0.232*[#   7]+0.232*[#   8]+0.232*[#  11]+0.232*[#  12]+0.009*[#   6]
          +0.009*[#  10]+0.004*[#   2]+0.004*[#   4]
    |psi|^2 = 0.955
==== e(   9) =     4.50734 eV ==== 
     psi = 0.448*[#   6]+0.448*[#  10]+0.013*[#   7]+0.013*[#   8]+0.013*[#  11]
          +0.013*[#  12]+0.001*[#   2]+0.001*[#   4]
    |psi|^2 = 0.950
==== e(  10) =     5.08894 eV ==== 
     psi = 0.239*[#   7]+0.239*[#   8]+0.239*[#  11]+0.239*[#  12]+0.006*[#   6]
          +0.006*[#  10]
    |psi|^2 = 0.969
==== e(  11) =    15.70966 eV ==== 
     psi = 0.055*[#   2]+0.055*[#   4]+0.014*[#   6]+0.014*[#  10]+0.013*[#   5]
          +0.013*[#   9]+0.003*[#   7]+0.003*[#   8]+0.003*[#  11]+0.003*[#  12]
          
    |psi|^2 = 0.178
==== e(  12) =    16.49115 eV ==== 
     psi = 0.020*[#   2]+0.020*[#   4]+0.005*[#   6]+0.005*[#  10]+0.004*[#   5]
          +0.004*[#   9]+0.003*[#   7]+0.003*[#   8]+0.003*[#  11]+0.003*[#  12]
          
    |psi|^2 = 0.071
==== e(  13) =    19.36775 eV ==== 
     psi = 0.240*[#   2]+0.240*[#   4]+0.037*[#   5]+0.037*[#   9]+0.016*[#   7]
          +0.016*[#   8]+0.016*[#  11]+0.016*[#  12]+0.006*[#   6]+0.006*[#  10]
          
    |psi|^2 = 0.630
==== e(  14) =    21.02947 eV ==== 
     psi = 0.083*[#   2]+0.083*[#   4]+0.013*[#   7]+0.013*[#   8]+0.013*[#  11]
          +0.013*[#  12]+0.002*[#   6]+0.002*[#  10]
    |psi|^2 = 0.224

 k =   0.0500000000  0.4907477288  0.1231998600
==== e(   1) =   -90.49862 eV ==== 
     psi = 0.496*[#   1]+0.496*[#   3]+0.001*[#   7]+0.001*[#   8]+0.001*[#  11]
          +0.001*[#  12]
    |psi|^2 = 1.000
==== e(   2) =   -90.49785 eV ==== 
     psi = 0.494*[#   1]+0.494*[#   3]+0.002*[#   2]+0.002*[#   4]+0.001*[#   7]
          +0.001*[#   8]+0.001*[#  11]+0.001*[#  12]+0.001*[#   6]+0.001*[#  10]
          
    |psi|^2 = 1.000
==== e(   3) =   -10.85030 eV ==== 
     psi = 0.427*[#   5]+0.427*[#   9]+0.067*[#   2]+0.067*[#   4]+0.001*[#   7]
          +0.001*[#   8]+0.001*[#  11]+0.001*[#  12]
    |psi|^2 = 0.994
==== e(   4) =   -10.29519 eV ==== 
     psi = 0.487*[#   5]+0.487*[#   9]+0.004*[#   2]+0.004*[#   4]+0.001*[#   7]
          +0.001*[#   8]+0.001*[#  11]+0.001*[#  12]
    |psi|^2 = 0.989
==== e(   5) =     0.59086 eV ==== 
     psi = 0.181*[#   7]+0.181*[#   8]+0.181*[#  11]+0.181*[#  12]+0.070*[#   6]
          +0.070*[#  10]+0.047*[#   2]+0.047*[#   4]+0.005*[#   5]+0.005*[#   9]
          
    |psi|^2 = 0.973
==== e(   6) =     1.79267 eV ==== 
     psi = 0.184*[#   7]+0.184*[#   8]+0.184*[#  11]+0.184*[#  12]+0.062*[#   6]
          +0.062*[#  10]+0.046*[#   2]+0.046*[#   4]+0.011*[#   5]+0.011*[#   9]
          +0.002*[#   1]+0.002*[#   3]
    |psi|^2 = 0.977
==== e(   7) =     2.97339 eV ==== 
     psi = 0.347*[#   6]+0.347*[#  10]+0.055*[#   7]+0.055*[#   8]+0.055*[#  11]
          +0.055*[#  12]+0.023*[#   2]+0.023*[#   4]+0.002*[#   5]+0.002*[#   9]
          
    |psi|^2 = 0.965
==== e(   8) =     3.65559 eV ==== 
     psi = 0.225*[#   7]+0.225*[#   8]+0.225*[#  11]+0.225*[#  12]+0.024*[#   6]
          +0.024*[#  10]+0.004*[#   2]+0.004*[#   4]
    |psi|^2 = 0.955
==== e(   9) =     4.62987 eV ==== 
     psi = 0.392*[#   6]+0.392*[#  10]+0.043*[#   7]+0.043*[#   8]+0.043*[#  11]
          +0.043*[#  12]
    |psi|^2 = 0.958
==== e(  10) =     4.96905 eV ==== 
     psi = 0.224*[#   7]+0.224*[#   8]+0.224*[#  11]+0.224*[#  12]+0.034*[#   6]
          +0.034*[#  10]+0.001*[#   2]+0.001*[#   4]
    |psi|^2 = 0.966
==== e(  11) =    15.40003 eV ==== 
     psi = 0.068*[#   2]+0.068*[#   4]+0.016*[#   5]+0.016*[#   9]+0.008*[#   6]
          +0.008*[#  10]+0.003*[#   7]+0.003*[#   8]+0.003*[#  11]+0.003*[#  12]
          
    |psi|^2 = 0.197
==== e(  12) =    16.28817 eV ==== 
     psi = 0.024*[#   2]+0.024*[#   4]+0.005*[#   5]+0.005*[#   9]+0.004*[#   6]
          +0.004*[#  10]+0.003*[#   7]+0.003*[#   8]+0.003*[#  11]+0.003*[#  12]
          
    |psi|^2 = 0.080
==== e(  13) =    19.80681 eV ==== 
     psi = 0.191*[#   2]+0.191*[#   4]+0.025*[#   5]+0.025*[#   9]+0.015*[#   7]
          +0.015*[#   8]+0.015*[#  11]+0.015*[#  12]+0.008*[#   6]+0.008*[#  10]
          
    |psi|^2 = 0.510
==== e(  14) =    20.91839 eV ==== 
     psi = 0.087*[#   2]+0.087*[#   4]+0.012*[#   7]+0.012*[#   8]+0.012*[#  11]
          +0.012*[#  12]+0.003*[#   5]+0.003*[#   9]+0.003*[#   6]+0.003*[#  10]
          
    |psi|^2 = 0.234

 k =   0.0500000000  0.4907477288  0.1847997900
==== e(   1) =   -90.49851 eV ==== 
     psi = 0.496*[#   1]+0.496*[#   3]+0.001*[#   7]+0.001*[#   8]+0.001*[#  11]
          +0.001*[#  12]
    |psi|^2 = 1.000
==== e(   2) =   -90.49795 eV ==== 
     psi = 0.494*[#   1]+0.494*[#   3]+0.002*[#   2]+0.002*[#   4]+0.001*[#   7]
          +0.001*[#   8]+0.001*[#  11]+0.001*[#  12]+0.001*[#   6]+0.001*[#  10]
          
    |psi|^2 = 1.000
==== e(   3) =   -10.77863 eV ==== 
     psi = 0.437*[#   5]+0.437*[#   9]+0.057*[#   2]+0.057*[#   4]+0.001*[#   7]
          +0.001*[#   8]+0.001*[#  11]+0.001*[#  12]
    |psi|^2 = 0.993
==== e(   4) =   -10.37551 eV ==== 
     psi = 0.482*[#   5]+0.482*[#   9]+0.010*[#   2]+0.010*[#   4]+0.001*[#   7]
          +0.001*[#   8]+0.001*[#  11]+0.001*[#  12]
    |psi|^2 = 0.989
==== e(   5) =     0.60300 eV ==== 
     psi = 0.175*[#   7]+0.175*[#   8]+0.175*[#  11]+0.175*[#  12]+0.078*[#   6]
          +0.078*[#  10]+0.055*[#   2]+0.055*[#   4]+0.004*[#   5]+0.004*[#   9]
          +0.001*[#   1]+0.001*[#   3]
    |psi|^2 = 0.977
==== e(   6) =     1.45219 eV ==== 
     psi = 0.178*[#   7]+0.178*[#   8]+0.178*[#  11]+0.178*[#  12]+0.070*[#   6]
          +0.070*[#  10]+0.050*[#   2]+0.050*[#   4]+0.010*[#   5]+0.010*[#   9]
          +0.002*[#   1]+0.002*[#   3]
    |psi|^2 = 0.977
==== e(   7) =     3.37894 eV ==== 
     psi = 0.303*[#   6]+0.303*[#  10]+0.081*[#   7]+0.081*[#   8]+0.081*[#  11]
          +0.081*[#  12]+0.012*[#   2]+0.012*[#   4]+0.002*[#   5]+0.002*[#   9]
          
    |psi|^2 = 0.961
==== e(   8) =     3.85783 eV ==== 
     psi = 0.202*[#   7]+0.202*[#   8]+0.202*[#  11]+0.202*[#  12]+0.070*[#   6]
          +0.070*[#  10]+0.004*[#   2]+0.004*[#   4]
    |psi|^2 = 0.957
==== e(   9) =     4.60367 eV ==== 
     psi = 0.208*[#   6]+0.208*[#  10]+0.136*[#   7]+0.136*[#   8]+0.136*[#  11]
          +0.136*[#  12]
    |psi|^2 = 0.963
==== e(  10) =     4.85963 eV ==== 
     psi = 0.197*[#   6]+0.197*[#  10]+0.142*[#   7]+0.142*[#   8]+0.142*[#  11]
          +0.142*[#  12]
    |psi|^2 = 0.963
==== e(  11) =    15.15293 eV ==== 
     psi = 0.072*[#   2]+0.072*[#   4]+0.016*[#   5]+0.016*[#   9]+0.004*[#   6]
          +0.004*[#  10]+0.002*[#   7]+0.002*[#   8]+0.002*[#  11]+0.002*[#  12]
          
    |psi|^2 = 0.193
==== e(  12) =    15.97812 eV ==== 
     psi = 0.032*[#   2]+0.032*[#   4]+0.006*[#   5]+0.006*[#   9]+0.005*[#   6]
          +0.005*[#  10]+0.003*[#   7]+0.003*[#   8]+0.003*[#  11]+0.003*[#  12]
          
    |psi|^2 = 0.096
==== e(  13) =    20.09314 eV ==== 
     psi = 0.108*[#   2]+0.108*[#   4]+0.012*[#   7]+0.012*[#   8]+0.012*[#  11]
          +0.012*[#  12]+0.011*[#   5]+0.011*[#   9]+0.006*[#   6]+0.006*[#  10]
          
    |psi|^2 = 0.300
==== e(  14) =    20.95639 eV ==== 
     psi = 0.108*[#   2]+0.108*[#   4]+0.014*[#   7]+0.014*[#   8]+0.014*[#  11]
          +0.014*[#  12]+0.006*[#   5]+0.006*[#   9]+0.002*[#   6]+0.002*[#  10]
          
    |psi|^2 = 0.289

 k =   0.0500000000  0.4907477288  0.2463997200
==== e(   1) =   -90.49838 eV ==== 
     psi = 0.495*[#   1]+0.495*[#   3]+0.001*[#   7]+0.001*[#   8]+0.001*[#  11]
          +0.001*[#  12]
    |psi|^2 = 1.000
==== e(   2) =   -90.49808 eV ==== 
     psi = 0.494*[#   1]+0.494*[#   3]+0.001*[#   2]+0.001*[#   4]+0.001*[#   7]
          +0.001*[#   8]+0.001*[#  11]+0.001*[#  12]+0.001*[#   6]+0.001*[#  10]
          
    |psi|^2 = 1.000
==== e(   3) =   -10.68651 eV ==== 
     psi = 0.449*[#   5]+0.449*[#   9]+0.044*[#   2]+0.044*[#   4]
    |psi|^2 = 0.992
==== e(   4) =   -10.47465 eV ==== 
     psi = 0.473*[#   5]+0.473*[#   9]+0.019*[#   2]+0.019*[#   4]+0.001*[#   6]
          +0.001*[#  10]
    |psi|^2 = 0.990
==== e(   5) =     0.69371 eV ==== 
     psi = 0.172*[#   7]+0.172*[#   8]+0.172*[#  11]+0.172*[#  12]+0.081*[#   6]
          +0.081*[#  10]+0.058*[#   2]+0.058*[#   4]+0.004*[#   5]+0.004*[#   9]
          +0.002*[#   1]+0.002*[#   3]
    |psi|^2 = 0.979
==== e(   6) =     1.13255 eV ==== 
     psi = 0.174*[#   7]+0.174*[#   8]+0.174*[#  11]+0.174*[#  12]+0.077*[#   6]
          +0.077*[#  10]+0.055*[#   2]+0.055*[#   4]+0.008*[#   5]+0.008*[#   9]
          +0.002*[#   1]+0.002*[#   3]
    |psi|^2 = 0.978
==== e(   7) =     3.76037 eV ==== 
     psi = 0.206*[#   6]+0.206*[#  10]+0.133*[#   7]+0.133*[#   8]+0.133*[#  11]
          +0.133*[#  12]+0.006*[#   2]+0.006*[#   4]+0.002*[#   5]+0.002*[#   9]
          
    |psi|^2 = 0.959
==== e(   8) =     4.14563 eV ==== 
     psi = 0.169*[#   6]+0.169*[#  10]+0.153*[#   7]+0.153*[#   8]+0.153*[#  11]
          +0.153*[#  12]+0.004*[#   2]+0.004*[#   4]
    |psi|^2 = 0.959
==== e(   9) =     4.39335 eV ==== 
     psi = 0.181*[#   7]+0.181*[#   8]+0.181*[#  11]+0.181*[#  12]+0.116*[#   6]
          +0.116*[#  10]+0.002*[#   2]+0.002*[#   4]
    |psi|^2 = 0.962
==== e(  10) =     4.74338 eV ==== 
     psi = 0.274*[#   6]+0.274*[#  10]+0.104*[#   7]+0.104*[#   8]+0.104*[#  11]
          +0.104*[#  12]
    |psi|^2 = 0.964
==== e(  11) =    15.10407 eV ==== 
     psi = 0.067*[#   2]+0.067*[#   4]+0.014*[#   5]+0.014*[#   9]+0.002*[#   6]
          +0.002*[#  10]+0.002*[#   7]+0.002*[#   8]+0.002*[#  11]+0.002*[#  12]
          
    |psi|^2 = 0.173
==== e(  12) =    15.60647 eV ==== 
     psi = 0.043*[#   2]+0.043*[#   4]+0.008*[#   5]+0.008*[#   9]+0.004*[#   6]
          +0.004*[#  10]+0.002*[#   7]+0.002*[#   8]+0.002*[#  11]+0.002*[#  12]
          
    |psi|^2 = 0.119
==== e(  13) =    20.25578 eV ==== 
     psi = 0.064*[#   2]+0.064*[#   4]+0.010*[#   7]+0.010*[#   8]+0.010*[#  11]
          +0.010*[#  12]+0.005*[#   5]+0.005*[#   9]+0.003*[#   6]+0.003*[#  10]
          
    |psi|^2 = 0.184
==== e(  14) =    20.80725 eV ==== 
     psi = 0.071*[#   2]+0.071*[#   4]+0.012*[#   7]+0.012*[#   8]+0.012*[#  11]
          +0.012*[#  12]+0.003*[#   5]+0.003*[#   9]+0.001*[#   6]+0.001*[#  10]
          
    |psi|^2 = 0.200

 k =   0.0500000000  0.4907477288 -0.3079996500
==== e(   1) =   -90.49824 eV ==== 
     psi = 0.495*[#   1]+0.495*[#   3]+0.001*[#   7]+0.001*[#   8]+0.001*[#  11]
          +0.001*[#  12]+0.001*[#   2]+0.001*[#   4]+0.001*[#   6]+0.001*[#  10]
          
    |psi|^2 = 1.000
==== e(   2) =   -90.49823 eV ==== 
     psi = 0.495*[#   1]+0.495*[#   3]+0.001*[#   7]+0.001*[#   8]+0.001*[#  11]
          +0.001*[#  12]+0.001*[#   2]+0.001*[#   4]+0.001*[#   6]+0.001*[#  10]
          
    |psi|^2 = 1.000
==== e(   3) =   -10.58192 eV ==== 
     psi = 0.462*[#   5]+0.462*[#   9]+0.031*[#   2]+0.031*[#   4]+0.001*[#   6]
          +0.001*[#  10]
    |psi|^2 = 0.991
==== e(   4) =   -10.58192 eV ==== 
     psi = 0.462*[#   5]+0.462*[#   9]+0.031*[#   2]+0.031*[#   4]+0.001*[#   6]
          +0.001*[#  10]
    |psi|^2 = 0.991
==== e(   5) =     0.87261 eV ==== 
     psi = 0.172*[#   7]+0.172*[#   8]+0.172*[#  11]+0.172*[#  12]+0.080*[#   6]
          +0.080*[#  10]+0.058*[#   2]+0.058*[#   4]+0.006*[#   5]+0.006*[#   9]
          +0.002*[#   1]+0.002*[#   3]
    |psi|^2 = 0.979
==== e(   6) =     0.87261 eV ==== 
     psi = 0.172*[#   7]+0.172*[#   8]+0.172*[#  11]+0.172*[#  12]+0.080*[#   6]
          +0.080*[#  10]+0.058*[#   2]+0.058*[#   4]+0.006*[#   5]+0.006*[#   9]
          +0.002*[#   1]+0.002*[#   3]
    |psi|^2 = 0.979
==== e(   7) =     4.07956 eV ==== 
     psi = 0.171*[#   7]+0.171*[#   8]+0.171*[#  11]+0.171*[#  12]+0.133*[#   6]
          +0.133*[#  10]+0.003*[#   2]+0.003*[#   4]+0.001*[#   5]+0.001*[#   9]
          
    |psi|^2 = 0.960
==== e(   8) =     4.07956 eV ==== 
     psi = 0.171*[#   7]+0.171*[#   8]+0.171*[#  11]+0.171*[#  12]+0.133*[#   6]
          +0.133*[#  10]+0.003*[#   2]+0.003*[#   4]+0.001*[#   5]+0.001*[#   9]
          
    |psi|^2 = 0.960
==== e(   9) =     4.50360 eV ==== 
     psi = 0.248*[#   6]+0.248*[#  10]+0.115*[#   7]+0.115*[#   8]+0.115*[#  11]
          +0.115*[#  12]+0.002*[#   2]+0.002*[#   4]
    |psi|^2 = 0.963
==== e(  10) =     4.50361 eV ==== 
     psi = 0.248*[#   6]+0.248*[#  10]+0.115*[#   7]+0.115*[#   8]+0.115*[#  11]
          +0.115*[#  12]+0.002*[#   2]+0.002*[#   4]
    |psi|^2 = 0.963
==== e(  11) =    15.27716 eV ==== 
     psi = 0.055*[#   2]+0.055*[#   4]+0.010*[#   5]+0.010*[#   9]+0.003*[#   6]
          +0.003*[#  10]+0.002*[#   7]+0.002*[#   8]+0.002*[#  11]+0.002*[#  12]
          
    |psi|^2 = 0.146
==== e(  12) =    15.27716 eV ==== 
     psi = 0.055*[#   2]+0.055*[#   4]+0.010*[#   5]+0.010*[#   9]+0.003*[#   6]
          +0.003*[#  10]+0.002*[#   7]+0.002*[#   8]+0.002*[#  11]+0.002*[#  12]
          
    |psi|^2 = 0.146
==== e(  13) =    20.49750 eV ==== 
     psi = 0.055*[#   2]+0.055*[#   4]+0.010*[#   7]+0.010*[#   8]+0.010*[#  11]
          +0.010*[#  12]+0.003*[#   5]+0.003*[#   9]+0.002*[#   6]+0.002*[#  10]
          
    |psi|^2 = 0.160
==== e(  14) =    20.49750 eV ==== 
     psi = 0.055*[#   2]+0.055*[#   4]+0.010*[#   7]+0.010*[#   8]+0.010*[#  11]
          +0.010*[#  12]+0.003*[#   5]+0.003*[#   9]+0.002*[#   6]+0.002*[#  10]
          
    |psi|^2 = 0.160

 k =   0.0500000000  0.5484827557  0.0000000000
==== e(   1) =   -90.49856 eV ==== 
     psi = 0.496*[#   1]+0.496*[#   3]+0.001*[#   7]+0.001*[#   8]+0.001*[#  11]
          +0.001*[#  12]
    |psi|^2 = 1.000
==== e(   2) =   -90.49775 eV ==== 
     psi = 0.494*[#   1]+0.494*[#   3]+0.002*[#   2]+0.002*[#   4]+0.001*[#   7]
          +0.001*[#   8]+0.001*[#  11]+0.001*[#  12]+0.001*[#   6]+0.001*[#  10]
          
    |psi|^2 = 1.000
==== e(   3) =   -10.76777 eV ==== 
     psi = 0.436*[#   5]+0.436*[#   9]+0.060*[#   2]+0.060*[#   4]
    |psi|^2 = 0.994
==== e(   4) =   -10.25005 eV ==== 
     psi = 0.488*[#   5]+0.488*[#   9]+0.002*[#   7]+0.002*[#   8]+0.002*[#  11]
          +0.002*[#  12]+0.002*[#   2]+0.002*[#   4]
    |psi|^2 = 0.989
==== e(   5) =     0.48290 eV ==== 
     psi = 0.200*[#   7]+0.200*[#   8]+0.200*[#  11]+0.200*[#  12]+0.041*[#   2]
          +0.041*[#   4]+0.036*[#   6]+0.036*[#  10]+0.007*[#   5]+0.007*[#   9]
          
    |psi|^2 = 0.970
==== e(   6) =     2.11010 eV ==== 
     psi = 0.219*[#   7]+0.219*[#   8]+0.219*[#  11]+0.219*[#  12]+0.041*[#   2]
          +0.041*[#   4]+0.008*[#   5]+0.008*[#   9]+0.002*[#   1]+0.002*[#   3]
          +0.002*[#   6]+0.002*[#  10]
    |psi|^2 = 0.981
==== e(   7) =     2.70846 eV ==== 
     psi = 0.414*[#   6]+0.414*[#  10]+0.030*[#   2]+0.030*[#   4]+0.019*[#   7]
          +0.019*[#   8]+0.019*[#  11]+0.019*[#  12]
    |psi|^2 = 0.969
==== e(   8) =     3.44615 eV ==== 
     psi = 0.230*[#   7]+0.230*[#   8]+0.230*[#  11]+0.230*[#  12]+0.012*[#   6]
          +0.012*[#  10]+0.005*[#   2]+0.005*[#   4]
    |psi|^2 = 0.956
==== e(   9) =     4.18626 eV ==== 
     psi = 0.463*[#   6]+0.463*[#  10]+0.003*[#   2]+0.003*[#   4]+0.002*[#   7]
          +0.002*[#   8]+0.002*[#  11]+0.002*[#  12]
    |psi|^2 = 0.938
==== e(  10) =     5.09196 eV ==== 
     psi = 0.240*[#   7]+0.240*[#   8]+0.240*[#  11]+0.240*[#  12]+0.003*[#   6]
          +0.003*[#  10]+0.001*[#   2]+0.001*[#   4]
    |psi|^2 = 0.970
==== e(  11) =    15.83777 eV ==== 
     psi = 0.021*[#   6]+0.021*[#  10]+0.011*[#   2]+0.011*[#   4]+0.004*[#   5]
          +0.004*[#   9]+0.001*[#   7]+0.001*[#   8]+0.001*[#  11]+0.001*[#  12]
          
    |psi|^2 = 0.077
==== e(  12) =    16.40551 eV ==== 
     psi = 0.008*[#   2]+0.008*[#   4]+0.003*[#   7]+0.003*[#   8]+0.003*[#  11]
          +0.003*[#  12]+0.003*[#   5]+0.003*[#   9]+0.001*[#   6]+0.001*[#  10]
          
    |psi|^2 = 0.037
==== e(  13) =    19.28805 eV ==== 
     psi = 0.301*[#   2]+0.301*[#   4]+0.041*[#   5]+0.041*[#   9]+0.016*[#   7]
          +0.016*[#   8]+0.016*[#  11]+0.016*[#  12]+0.003*[#   6]+0.003*[#  10]
          +0.001*[#   1]+0.001*[#   3]
    |psi|^2 = 0.757
==== e(  14) =    21.00970 eV ==== 
     psi = 0.092*[#   2]+0.092*[#   4]+0.015*[#   7]+0.015*[#   8]+0.015*[#  11]
          +0.015*[#  12]+0.003*[#   6]+0.003*[#  10]+0.001*[#   1]+0.001*[#   3]
          
    |psi|^2 = 0.249

 k =   0.0500000000  0.5484827557  0.0615999300
==== e(   1) =   -90.49855 eV ==== 
     psi = 0.496*[#   1]+0.496*[#   3]+0.001*[#   7]+0.001*[#   8]+0.001*[#  11]
          +0.001*[#  12]
    |psi|^2 = 1.000
==== e(   2) =   -90.49777 eV ==== 
     psi = 0.494*[#   1]+0.494*[#   3]+0.002*[#   2]+0.002*[#   4]+0.001*[#   7]
          +0.001*[#   8]+0.001*[#  11]+0.001*[#  12]+0.001*[#   6]+0.001*[#  10]
          
    |psi|^2 = 1.000
==== e(   3) =   -10.75566 eV ==== 
     psi = 0.438*[#   5]+0.438*[#   9]+0.058*[#   2]+0.058*[#   4]
    |psi|^2 = 0.994
==== e(   4) =   -10.26322 eV ==== 
     psi = 0.488*[#   5]+0.488*[#   9]+0.002*[#   2]+0.002*[#   4]+0.002*[#   7]
          +0.002*[#   8]+0.002*[#  11]+0.002*[#  12]
    |psi|^2 = 0.989
==== e(   5) =     0.46425 eV ==== 
     psi = 0.196*[#   7]+0.196*[#   8]+0.196*[#  11]+0.196*[#  12]+0.045*[#   2]
          +0.045*[#   4]+0.043*[#   6]+0.043*[#  10]+0.006*[#   5]+0.006*[#   9]
          
    |psi|^2 = 0.972
==== e(   6) =     1.97349 eV ==== 
     psi = 0.208*[#   7]+0.208*[#   8]+0.208*[#  11]+0.208*[#  12]+0.043*[#   2]
          +0.043*[#   4]+0.022*[#   6]+0.022*[#  10]+0.008*[#   5]+0.008*[#   9]
          +0.002*[#   1]+0.002*[#   3]
    |psi|^2 = 0.979
==== e(   7) =     2.81936 eV ==== 
     psi = 0.398*[#   6]+0.398*[#  10]+0.029*[#   7]+0.029*[#   8]+0.029*[#  11]
          +0.029*[#  12]+0.026*[#   2]+0.026*[#   4]+0.001*[#   5]+0.001*[#   9]
          
    |psi|^2 = 0.967
==== e(   8) =     3.48950 eV ==== 
     psi = 0.226*[#   7]+0.226*[#   8]+0.226*[#  11]+0.226*[#  12]+0.020*[#   6]
          +0.020*[#  10]+0.005*[#   2]+0.005*[#   4]
    |psi|^2 = 0.956
==== e(   9) =     4.28368 eV ==== 
     psi = 0.443*[#   6]+0.443*[#  10]+0.013*[#   7]+0.013*[#   8]+0.013*[#  11]
          +0.013*[#  12]+0.002*[#   2]+0.002*[#   4]
    |psi|^2 = 0.943
==== e(  10) =     5.04432 eV ==== 
     psi = 0.239*[#   7]+0.239*[#   8]+0.239*[#  11]+0.239*[#  12]+0.005*[#   6]
          +0.005*[#  10]+0.001*[#   2]+0.001*[#   4]
    |psi|^2 = 0.969
==== e(  11) =    15.67706 eV ==== 
     psi = 0.024*[#   2]+0.024*[#   4]+0.017*[#   6]+0.017*[#  10]+0.007*[#   5]
          +0.007*[#   9]+0.001*[#   7]+0.001*[#   8]+0.001*[#  11]+0.001*[#  12]
          
    |psi|^2 = 0.100
==== e(  12) =    16.34965 eV ==== 
     psi = 0.009*[#   2]+0.009*[#   4]+0.003*[#   7]+0.003*[#   8]+0.003*[#  11]
          +0.003*[#  12]+0.003*[#   5]+0.003*[#   9]+0.001*[#   6]+0.001*[#  10]
          
    |psi|^2 = 0.039
==== e(  13) =    19.52433 eV ==== 
     psi = 0.283*[#   2]+0.283*[#   4]+0.036*[#   5]+0.036*[#   9]+0.016*[#   7]
          +0.016*[#   8]+0.016*[#  11]+0.016*[#  12]+0.005*[#   6]+0.005*[#  10]
          +0.001*[#   1]+0.001*[#   3]
    |psi|^2 = 0.715
==== e(  14) =    20.89173 eV ==== 
     psi = 0.081*[#   2]+0.081*[#   4]+0.013*[#   7]+0.013*[#   8]+0.013*[#  11]
          +0.013*[#  12]+0.003*[#   6]+0.003*[#  10]
    |psi|^2 = 0.223

 k =   0.0500000000  0.5484827557  0.1231998600
==== e(   1) =   -90.49849 eV ==== 
     psi = 0.496*[#   1]+0.496*[#   3]+0.001*[#   7]+0.001*[#   8]+0.001*[#  11]
          +0.001*[#  12]
    |psi|^2 = 1.000
==== e(   2) =   -90.49783 eV ==== 
     psi = 0.494*[#   1]+0.494*[#   3]+0.002*[#   2]+0.002*[#   4]+0.001*[#   7]
          +0.001*[#   8]+0.001*[#  11]+0.001*[#  12]+0.001*[#   6]+0.001*[#  10]
          
    |psi|^2 = 1.000
==== e(   3) =   -10.72034 eV ==== 
     psi = 0.444*[#   5]+0.444*[#   9]+0.052*[#   2]+0.052*[#   4]
    |psi|^2 = 0.993
==== e(   4) =   -10.30131 eV ==== 
     psi = 0.487*[#   5]+0.487*[#   9]+0.004*[#   2]+0.004*[#   4]+0.002*[#   7]
          +0.002*[#   8]+0.002*[#  11]+0.002*[#  12]
    |psi|^2 = 0.989
==== e(   5) =     0.43566 eV ==== 
     psi = 0.188*[#   7]+0.188*[#   8]+0.188*[#  11]+0.188*[#  12]+0.056*[#   6]
          +0.056*[#  10]+0.052*[#   2]+0.052*[#   4]+0.004*[#   5]+0.004*[#   9]
          
    |psi|^2 = 0.975
==== e(   6) =     1.66019 eV ==== 
     psi = 0.193*[#   7]+0.193*[#   8]+0.193*[#  11]+0.193*[#  12]+0.049*[#   6]
          +0.049*[#  10]+0.046*[#   2]+0.046*[#   4]+0.006*[#   5]+0.006*[#   9]
          +0.002*[#   1]+0.002*[#   3]
    |psi|^2 = 0.977
==== e(   7) =     3.09575 eV ==== 
     psi = 0.351*[#   6]+0.351*[#  10]+0.055*[#   7]+0.055*[#   8]+0.055*[#  11]
          +0.055*[#  12]+0.018*[#   2]+0.018*[#   4]+0.002*[#   5]+0.002*[#   9]
          
    |psi|^2 = 0.964
==== e(   8) =     3.62554 eV ==== 
     psi = 0.209*[#   7]+0.209*[#   8]+0.209*[#  11]+0.209*[#  12]+0.053*[#   6]
          +0.053*[#  10]+0.006*[#   2]+0.006*[#   4]
    |psi|^2 = 0.957
==== e(   9) =     4.46748 eV ==== 
     psi = 0.399*[#   6]+0.399*[#  10]+0.038*[#   7]+0.038*[#   8]+0.038*[#  11]
          +0.038*[#  12]
    |psi|^2 = 0.953
==== e(  10) =     4.91835 eV ==== 
     psi = 0.229*[#   7]+0.229*[#   8]+0.229*[#  11]+0.229*[#  12]+0.023*[#   6]
          +0.023*[#  10]+0.001*[#   2]+0.001*[#   4]
    |psi|^2 = 0.965
==== e(  11) =    15.34728 eV ==== 
     psi = 0.041*[#   2]+0.041*[#   4]+0.010*[#   5]+0.010*[#   9]+0.010*[#   6]
          +0.010*[#  10]+0.001*[#   7]+0.001*[#   8]+0.001*[#  11]+0.001*[#  12]
          
    |psi|^2 = 0.128
==== e(  12) =    16.17682 eV ==== 
     psi = 0.011*[#   2]+0.011*[#   4]+0.003*[#   5]+0.003*[#   7]+0.003*[#   8]
          +0.003*[#   9]+0.003*[#  11]+0.003*[#  12]+0.002*[#   6]+0.002*[#  10]
          
    |psi|^2 = 0.045
==== e(  13) =    20.05031 eV ==== 
     psi = 0.237*[#   2]+0.237*[#   4]+0.026*[#   5]+0.026*[#   9]+0.016*[#   7]
          +0.016*[#   8]+0.016*[#  11]+0.016*[#  12]+0.008*[#   6]+0.008*[#  10]
          +0.001*[#   1]+0.001*[#   3]
    |psi|^2 = 0.606
==== e(  14) =    20.65977 eV ==== 
     psi = 0.068*[#   2]+0.068*[#   4]+0.011*[#   7]+0.011*[#   8]+0.011*[#  11]
          +0.011*[#  12]+0.003*[#   6]+0.003*[#  10]+0.001*[#   5]+0.001*[#   9]
          
    |psi|^2 = 0.192

 k =   0.0500000000  0.5484827557  0.1847997900
==== e(   1) =   -90.49840 eV ==== 
     psi = 0.495*[#   1]+0.495*[#   3]+0.001*[#   7]+0.001*[#   8]+0.001*[#  11]
          +0.001*[#  12]
    |psi|^2 = 1.000
==== e(   2) =   -90.49792 eV ==== 
     psi = 0.494*[#   1]+0.494*[#   3]+0.002*[#   2]+0.002*[#   4]+0.001*[#   7]
          +0.001*[#   8]+0.001*[#  11]+0.001*[#  12]+0.001*[#   6]+0.001*[#  10]
          
    |psi|^2 = 1.000
==== e(   3) =   -10.66484 eV ==== 
     psi = 0.452*[#   5]+0.452*[#   9]+0.043*[#   2]+0.043*[#   4]
    |psi|^2 = 0.992
==== e(   4) =   -10.36028 eV ==== 
     psi = 0.484*[#   5]+0.484*[#   9]+0.007*[#   2]+0.007*[#   4]+0.001*[#   7]
          +0.001*[#   8]+0.001*[#  11]+0.001*[#  12]
    |psi|^2 = 0.989
==== e(   5) =     0.44728 eV ==== 
     psi = 0.181*[#   7]+0.181*[#   8]+0.181*[#  11]+0.181*[#  12]+0.067*[#   6]
          +0.067*[#  10]+0.058*[#   2]+0.058*[#   4]+0.001*[#   5]+0.001*[#   9]
          +0.001*[#   1]+0.001*[#   3]
    |psi|^2 = 0.979
==== e(   6) =     1.30134 eV ==== 
     psi = 0.183*[#   7]+0.183*[#   8]+0.183*[#  11]+0.183*[#  12]+0.065*[#   6]
          +0.065*[#  10]+0.052*[#   2]+0.052*[#   4]+0.005*[#   5]+0.005*[#   9]
          +0.002*[#   1]+0.002*[#   3]
    |psi|^2 = 0.977
==== e(   7) =     3.43269 eV ==== 
     psi = 0.256*[#   6]+0.256*[#  10]+0.106*[#   7]+0.106*[#   8]+0.106*[#  11]
          +0.106*[#  12]+0.009*[#   2]+0.009*[#   4]+0.002*[#   5]+0.002*[#   9]
          
    |psi|^2 = 0.960
==== e(   8) =     3.86772 eV ==== 
     psi = 0.167*[#   7]+0.167*[#   8]+0.167*[#  11]+0.167*[#  12]+0.139*[#   6]
          +0.139*[#  10]+0.006*[#   2]+0.006*[#   4]
    |psi|^2 = 0.959
==== e(   9) =     4.51633 eV ==== 
     psi = 0.241*[#   6]+0.241*[#  10]+0.119*[#   7]+0.119*[#   8]+0.119*[#  11]
          +0.119*[#  12]
    |psi|^2 = 0.962
==== e(  10) =     4.79671 eV ==== 
     psi = 0.163*[#   6]+0.163*[#  10]+0.159*[#   7]+0.159*[#   8]+0.159*[#  11]
          +0.159*[#  12]
    |psi|^2 = 0.961
==== e(  11) =    15.08476 eV ==== 
     psi = 0.048*[#   2]+0.048*[#   4]+0.011*[#   5]+0.011*[#   9]+0.003*[#   6]
          +0.003*[#  10]+0.001*[#   7]+0.001*[#   8]+0.001*[#  11]+0.001*[#  12]
          
    |psi|^2 = 0.130
==== e(  12) =    15.88367 eV ==== 
     psi = 0.016*[#   2]+0.016*[#   4]+0.004*[#   5]+0.004*[#   9]+0.003*[#   7]
          +0.003*[#   8]+0.003*[#  11]+0.003*[#  12]+0.002*[#   6]+0.002*[#  10]
          
    |psi|^2 = 0.054
==== e(  13) =    20.33476 eV ==== 
     psi = 0.073*[#   2]+0.073*[#   4]+0.011*[#   7]+0.011*[#   8]+0.011*[#  11]
          +0.011*[#  12]+0.004*[#   5]+0.004*[#   9]+0.004*[#   6]+0.004*[#  10]
          
    |psi|^2 = 0.204
==== e(  14) =    20.71168 eV ==== 
     psi = 0.155*[#   2]+0.155*[#   4]+0.015*[#   7]+0.015*[#   8]+0.015*[#  11]
          +0.015*[#  12]+0.011*[#   5]+0.011*[#   9]+0.005*[#   6]+0.005*[#  10]
          +0.001*[#   1]+0.001*[#   3]
    |psi|^2 = 0.405

 k =   0.0500000000  0.5484827557  0.2463997200
==== e(   1) =   -90.49828 eV ==== 
     psi = 0.495*[#   1]+0.495*[#   3]+0.001*[#   7]+0.001*[#   8]+0.001*[#  11]
          +0.001*[#  12]+0.001*[#   2]+0.001*[#   4]
    |psi|^2 = 1.000
==== e(   2) =   -90.49803 eV ==== 
     psi = 0.494*[#   1]+0.494*[#   3]+0.002*[#   2]+0.002*[#   4]+0.001*[#   7]
          +0.001*[#   8]+0.001*[#  11]+0.001*[#  12]+0.001*[#   6]+0.001*[#  10]
          
    |psi|^2 = 1.000
==== e(   3) =   -10.59405 eV ==== 
     psi = 0.462*[#   5]+0.462*[#   9]+0.032*[#   2]+0.032*[#   4]
    |psi|^2 = 0.991
==== e(   4) =   -10.43389 eV ==== 
     psi = 0.479*[#   5]+0.479*[#   9]+0.012*[#   2]+0.012*[#   4]+0.001*[#   7]
          +0.001*[#   8]+0.001*[#  11]+0.001*[#  12]
    |psi|^2 = 0.989
==== e(   5) =     0.53416 eV ==== 
     psi = 0.177*[#   7]+0.177*[#   8]+0.177*[#  11]+0.177*[#  12]+0.073*[#   6]
          +0.073*[#  10]+0.061*[#   2]+0.061*[#   4]+0.002*[#   1]+0.002*[#   3]
          
    |psi|^2 = 0.980
==== e(   6) =     0.97186 eV ==== 
     psi = 0.178*[#   7]+0.178*[#   8]+0.178*[#  11]+0.178*[#  12]+0.073*[#   6]
          +0.073*[#  10]+0.057*[#   2]+0.057*[#   4]+0.003*[#   5]+0.003*[#   9]
          +0.002*[#   1]+0.002*[#   3]
    |psi|^2 = 0.978
==== e(   7) =     3.75024 eV ==== 
     psi = 0.160*[#   7]+0.160*[#   8]+0.160*[#  11]+0.160*[#  12]+0.152*[#   6]
          +0.152*[#  10]+0.005*[#   2]+0.005*[#   4]+0.002*[#   5]+0.002*[#   9]
          
    |psi|^2 = 0.958
==== e(   8) =     4.19309 eV ==== 
     psi = 0.234*[#   6]+0.234*[#  10]+0.121*[#   7]+0.121*[#   8]+0.121*[#  11]
          +0.121*[#  12]+0.004*[#   2]+0.004*[#   4]+0.001*[#   5]+0.001*[#   9]
          
    |psi|^2 = 0.962
==== e(   9) =     4.32565 eV ==== 
     psi = 0.181*[#   7]+0.181*[#   8]+0.181*[#  11]+0.181*[#  12]+0.115*[#   6]
          +0.115*[#  10]+0.002*[#   2]+0.002*[#   4]
    |psi|^2 = 0.961
==== e(  10) =     4.71498 eV ==== 
     psi = 0.283*[#   6]+0.283*[#  10]+0.099*[#   7]+0.099*[#   8]+0.099*[#  11]
          +0.099*[#  12]
    |psi|^2 = 0.964
==== e(  11) =    15.02466 eV ==== 
     psi = 0.044*[#   2]+0.044*[#   4]+0.010*[#   5]+0.010*[#   9]+0.001*[#   7]
          +0.001*[#   8]+0.001*[#  11]+0.001*[#  12]
    |psi|^2 = 0.113
==== e(  12) =    15.51833 eV ==== 
     psi = 0.023*[#   2]+0.023*[#   4]+0.006*[#   5]+0.006*[#   9]+0.002*[#   7]
          +0.002*[#   8]+0.002*[#  11]+0.002*[#  12]+0.001*[#   6]+0.001*[#  10]
          
    |psi|^2 = 0.069
==== e(  13) =    20.36208 eV ==== 
     psi = 0.038*[#   2]+0.038*[#   4]+0.009*[#   7]+0.009*[#   8]+0.009*[#  11]
          +0.009*[#  12]+0.002*[#   6]+0.002*[#  10]
    |psi|^2 = 0.117
==== e(  14) =    20.76458 eV ==== 
     psi = 0.083*[#   2]+0.083*[#   4]+0.012*[#   7]+0.012*[#   8]+0.012*[#  11]
          +0.012*[#  12]+0.004*[#   5]+0.004*[#   9]+0.001*[#   6]+0.001*[#  10]
          
    |psi|^2 = 0.227

 k =   0.0500000000  0.5484827557 -0.3079996500
==== e(   1) =   -90.49816 eV ==== 
     psi = 0.495*[#   1]+0.495*[#   3]+0.001*[#   2]+0.001*[#   4]+0.001*[#   7]
          +0.001*[#   8]+0.001*[#  11]+0.001*[#  12]
    |psi|^2 = 1.000
==== e(   2) =   -90.49815 eV ==== 
     psi = 0.495*[#   1]+0.495*[#   3]+0.001*[#   2]+0.001*[#   4]+0.001*[#   7]
          +0.001*[#   8]+0.001*[#  11]+0.001*[#  12]
    |psi|^2 = 1.000
==== e(   3) =   -10.51452 eV ==== 
     psi = 0.472*[#   5]+0.472*[#   9]+0.021*[#   2]+0.021*[#   4]
    |psi|^2 = 0.990
==== e(   4) =   -10.51451 eV ==== 
     psi = 0.472*[#   5]+0.472*[#   9]+0.021*[#   2]+0.021*[#   4]
    |psi|^2 = 0.990
==== e(   5) =     0.71006 eV ==== 
     psi = 0.176*[#   7]+0.176*[#   8]+0.176*[#  11]+0.176*[#  12]+0.075*[#   6]
          +0.075*[#  10]+0.061*[#   2]+0.061*[#   4]+0.002*[#   1]+0.002*[#   3]
          +0.001*[#   5]+0.001*[#   9]
    |psi|^2 = 0.980
==== e(   6) =     0.71006 eV ==== 
     psi = 0.176*[#   7]+0.176*[#   8]+0.176*[#  11]+0.176*[#  12]+0.075*[#   6]
          +0.075*[#  10]+0.061*[#   2]+0.061*[#   4]+0.002*[#   1]+0.002*[#   3]
          +0.001*[#   5]+0.001*[#   9]
    |psi|^2 = 0.980
==== e(   7) =     4.04477 eV ==== 
     psi = 0.185*[#   7]+0.185*[#   8]+0.185*[#  11]+0.185*[#  12]+0.105*[#   6]
          +0.105*[#  10]+0.003*[#   2]+0.003*[#   4]+0.001*[#   5]+0.001*[#   9]
          
    |psi|^2 = 0.959
==== e(   8) =     4.04477 eV ==== 
     psi = 0.185*[#   7]+0.185*[#   8]+0.185*[#  11]+0.185*[#  12]+0.105*[#   6]
          +0.105*[#  10]+0.003*[#   2]+0.003*[#   4]+0.001*[#   5]+0.001*[#   9]
          
    |psi|^2 = 0.959
==== e(   9) =     4.51435 eV ==== 
     psi = 0.285*[#   6]+0.285*[#  10]+0.097*[#   7]+0.097*[#   8]+0.097*[#  11]
          +0.097*[#  12]+0.002*[#   2]+0.002*[#   4]
    |psi|^2 = 0.964
==== e(  10) =     4.51435 eV ==== 
     psi = 0.285*[#   6]+0.285*[#  10]+0.097*[#   7]+0.097*[#   8]+0.097*[#  11]
          +0.097*[#  12]+0.002*[#   2]+0.002*[#   4]
    |psi|^2 = 0.964
==== e(  11) =    15.19179 eV ==== 
     psi = 0.034*[#   2]+0.034*[#   4]+0.008*[#   5]+0.008*[#   9]+0.001*[#   7]
          +0.001*[#   8]+0.001*[#  11]+0.001*[#  12]
    |psi|^2 = 0.090
==== e(  12) =    15.19179 eV ==== 
     psi = 0.034*[#   2]+0.034*[#   4]+0.008*[#   5]+0.008*[#   9]+0.001*[#   7]
          +0.001*[#   8]+0.001*[#  11]+0.001*[#  12]
    |psi|^2 = 0.090
==== e(  13) =    20.53500 eV ==== 
     psi = 0.043*[#   2]+0.043*[#   4]+0.009*[#   7]+0.009*[#   8]+0.009*[#  11]
          +0.009*[#  12]+0.001*[#   5]+0.001*[#   9]
    |psi|^2 = 0.128
==== e(  14) =    20.53500 eV ==== 
     psi = 0.043*[#   2]+0.043*[#   4]+0.009*[#   7]+0.009*[#   8]+0.009*[#  11]
          +0.009*[#  12]+0.001*[#   5]+0.001*[#   9]
    |psi|^2 = 0.128

 k =   0.1000000000  0.1732050808  0.0000000000
==== e(   1) =   -90.50037 eV ==== 
     psi = 0.495*[#   1]+0.495*[#   3]+0.004*[#   2]+0.004*[#   4]
    |psi|^2 = 1.000
==== e(   2) =   -90.49823 eV ==== 
     psi = 0.495*[#   1]+0.495*[#   3]+0.002*[#   6]+0.002*[#  10]+0.001*[#   2]
          +0.001*[#   4]
    |psi|^2 = 1.000
==== e(   3) =   -12.11868 eV ==== 
     psi = 0.295*[#   5]+0.295*[#   9]+0.199*[#   2]+0.199*[#   4]+0.003*[#   1]
          +0.003*[#   3]
    |psi|^2 = 0.999
==== e(   4) =   -10.51577 eV ==== 
     psi = 0.464*[#   5]+0.464*[#   9]+0.029*[#   2]+0.029*[#   4]+0.001*[#   6]
          +0.001*[#  10]
    |psi|^2 = 0.992
==== e(   5) =     0.36863 eV ==== 
     psi = 0.434*[#   6]+0.434*[#  10]+0.042*[#   2]+0.042*[#   4]+0.003*[#   7]
          +0.003*[#   8]+0.003*[#  11]+0.003*[#  12]+0.001*[#   1]+0.001*[#   3]
          
    |psi|^2 = 0.967
==== e(   6) =     3.98439 eV ==== 
     psi = 0.230*[#   7]+0.230*[#   8]+0.230*[#  11]+0.230*[#  12]+0.019*[#   2]
          +0.019*[#   4]+0.003*[#   5]+0.003*[#   9]+0.002*[#   6]+0.002*[#  10]
          
    |psi|^2 = 0.970
==== e(   7) =     4.14445 eV ==== 
     psi = 0.227*[#   7]+0.227*[#   8]+0.227*[#  11]+0.227*[#  12]+0.017*[#   5]
          +0.017*[#   9]+0.011*[#   2]+0.011*[#   4]
    |psi|^2 = 0.966
==== e(   8) =     5.05395 eV ==== 
     psi = 0.233*[#   7]+0.233*[#   8]+0.233*[#  11]+0.233*[#  12]+0.013*[#   5]
          +0.013*[#   9]+0.010*[#   2]+0.010*[#   4]
    |psi|^2 = 0.978
==== e(   9) =     5.71720 eV ==== 
     psi = 0.245*[#   7]+0.245*[#   8]+0.245*[#  11]+0.245*[#  12]
    |psi|^2 = 0.980
==== e(  10) =     5.81921 eV ==== 
     psi = 0.489*[#   6]+0.489*[#  10]
    |psi|^2 = 0.979
==== e(  11) =    14.61531 eV ==== 
     psi = 0.252*[#   2]+0.252*[#   4]+0.159*[#   5]+0.159*[#   9]+0.021*[#   7]
          +0.021*[#   8]+0.021*[#  11]+0.021*[#  12]
    |psi|^2 = 0.906
==== e(  12) =    18.52827 eV ==== 
     psi = 0.039*[#   2]+0.039*[#   4]+0.008*[#   5]+0.008*[#   9]+0.003*[#   7]
          +0.003*[#   8]+0.003*[#  11]+0.003*[#  12]+0.001*[#   6]+0.001*[#  10]
          
    |psi|^2 = 0.106
==== e(  13) =    19.42602 eV ==== 
     psi = 0.222*[#   2]+0.222*[#   4]+0.034*[#   6]+0.034*[#  10]+0.017*[#   5]
          +0.017*[#   9]+0.003*[#   7]+0.003*[#   8]+0.003*[#  11]+0.003*[#  12]
          +0.002*[#   1]+0.002*[#   3]
    |psi|^2 = 0.559
==== e(  14) =    20.30401 eV ==== 
     psi = 0.022*[#   2]+0.022*[#   4]+0.011*[#   5]+0.011*[#   9]+0.006*[#   7]
          +0.006*[#   8]+0.006*[#  11]+0.006*[#  12]+0.001*[#   6]+0.001*[#  10]
          
    |psi|^2 = 0.091

 k =   0.1000000000  0.1732050808  0.0615999300
==== e(   1) =   -90.50032 eV ==== 
     psi = 0.495*[#   1]+0.495*[#   3]+0.003*[#   2]+0.003*[#   4]
    |psi|^2 = 1.000
==== e(   2) =   -90.49828 eV ==== 
     psi = 0.495*[#   1]+0.495*[#   3]+0.002*[#   6]+0.002*[#  10]
    |psi|^2 = 1.000
==== e(   3) =   -12.08735 eV ==== 
     psi = 0.298*[#   5]+0.298*[#   9]+0.196*[#   2]+0.196*[#   4]+0.003*[#   1]
          +0.003*[#   3]
    |psi|^2 = 0.998
==== e(   4) =   -10.56647 eV ==== 
     psi = 0.458*[#   5]+0.458*[#   9]+0.035*[#   2]+0.035*[#   4]+0.002*[#   6]
          +0.002*[#  10]
    |psi|^2 = 0.992
==== e(   5) =     0.48420 eV ==== 
     psi = 0.430*[#   6]+0.430*[#  10]+0.042*[#   2]+0.042*[#   4]+0.004*[#   7]
          +0.004*[#   8]+0.004*[#  11]+0.004*[#  12]+0.003*[#   5]+0.003*[#   9]
          +0.001*[#   1]+0.001*[#   3]
    |psi|^2 = 0.967
==== e(   6) =     4.01651 eV ==== 
     psi = 0.229*[#   7]+0.229*[#   8]+0.229*[#  11]+0.229*[#  12]+0.017*[#   2]
          +0.017*[#   4]+0.004*[#   6]+0.004*[#  10]+0.003*[#   5]+0.003*[#   9]
          
    |psi|^2 = 0.969
==== e(   7) =     4.14167 eV ==== 
     psi = 0.222*[#   7]+0.222*[#   8]+0.222*[#  11]+0.222*[#  12]+0.019*[#   5]
          +0.019*[#   9]+0.013*[#   2]+0.013*[#   4]+0.008*[#   6]+0.008*[#  10]
          
    |psi|^2 = 0.968
==== e(   8) =     4.98087 eV ==== 
     psi = 0.215*[#   7]+0.215*[#   8]+0.215*[#  11]+0.215*[#  12]+0.036*[#   6]
          +0.036*[#  10]+0.013*[#   5]+0.013*[#   9]+0.009*[#   2]+0.009*[#   4]
          
    |psi|^2 = 0.976
==== e(   9) =     5.68263 eV ==== 
     psi = 0.244*[#   7]+0.244*[#   8]+0.244*[#  11]+0.244*[#  12]
    |psi|^2 = 0.979
==== e(  10) =     5.76264 eV ==== 
     psi = 0.441*[#   6]+0.441*[#  10]+0.024*[#   7]+0.024*[#   8]+0.024*[#  11]
          +0.024*[#  12]
    |psi|^2 = 0.979
==== e(  11) =    14.67222 eV ==== 
     psi = 0.251*[#   2]+0.251*[#   4]+0.154*[#   5]+0.154*[#   9]+0.019*[#   7]
          +0.019*[#   8]+0.019*[#  11]+0.019*[#  12]+0.004*[#   6]+0.004*[#  10]
          
    |psi|^2 = 0.896
==== e(  12) =    18.32854 eV ==== 
     psi = 0.099*[#   2]+0.099*[#   4]+0.013*[#   5]+0.013*[#   9]+0.011*[#   6]
          +0.011*[#  10]+0.003*[#   7]+0.003*[#   8]+0.003*[#  11]+0.003*[#  12]
          
    |psi|^2 = 0.257
==== e(  13) =    19.49048 eV ==== 
     psi = 0.163*[#   2]+0.163*[#   4]+0.026*[#   6]+0.026*[#  10]+0.014*[#   5]
          +0.014*[#   9]+0.003*[#   7]+0.003*[#   8]+0.003*[#  11]+0.003*[#  12]
          +0.001*[#   1]+0.001*[#   3]
    |psi|^2 = 0.418
==== e(  14) =    20.30684 eV ==== 
     psi = 0.020*[#   2]+0.020*[#   4]+0.010*[#   5]+0.010*[#   9]+0.006*[#   7]
          +0.006*[#   8]+0.006*[#  11]+0.006*[#  12]+0.001*[#   6]+0.001*[#  10]
          
    |psi|^2 = 0.084

 k =   0.1000000000  0.1732050808  0.1231998600
==== e(   1) =   -90.50017 eV ==== 
     psi = 0.496*[#   1]+0.496*[#   3]+0.003*[#   2]+0.003*[#   4]
    |psi|^2 = 1.000
==== e(   2) =   -90.49843 eV ==== 
     psi = 0.496*[#   1]+0.496*[#   3]+0.002*[#   6]+0.002*[#  10]
    |psi|^2 = 1.000
==== e(   3) =   -11.99482 eV ==== 
     psi = 0.306*[#   5]+0.306*[#   9]+0.188*[#   2]+0.188*[#   4]+0.003*[#   1]
          +0.003*[#   3]
    |psi|^2 = 0.998
==== e(   4) =   -10.70888 eV ==== 
     psi = 0.440*[#   5]+0.440*[#   9]+0.052*[#   2]+0.052*[#   4]+0.003*[#   6]
          +0.003*[#  10]
    |psi|^2 = 0.993
==== e(   5) =     0.81649 eV ==== 
     psi = 0.419*[#   6]+0.419*[#  10]+0.042*[#   2]+0.042*[#   4]+0.011*[#   5]
          +0.011*[#   9]+0.005*[#   7]+0.005*[#   8]+0.005*[#  11]+0.005*[#  12]
          +0.001*[#   1]+0.001*[#   3]
    |psi|^2 = 0.968
==== e(   6) =     4.08354 eV ==== 
     psi = 0.193*[#   7]+0.193*[#   8]+0.193*[#  11]+0.193*[#  12]+0.052*[#   6]
          +0.052*[#  10]+0.028*[#   5]+0.028*[#   9]+0.020*[#   2]+0.020*[#   4]
          
    |psi|^2 = 0.975
==== e(   7) =     4.11121 eV ==== 
     psi = 0.228*[#   7]+0.228*[#   8]+0.228*[#  11]+0.228*[#  12]+0.013*[#   2]
          +0.013*[#   4]+0.011*[#   6]+0.011*[#  10]+0.003*[#   5]+0.003*[#   9]
          
    |psi|^2 = 0.967
==== e(   8) =     4.81694 eV ==== 
     psi = 0.188*[#   7]+0.188*[#   8]+0.188*[#  11]+0.188*[#  12]+0.094*[#   6]
          +0.094*[#  10]+0.008*[#   5]+0.008*[#   9]+0.006*[#   2]+0.006*[#   4]
          
    |psi|^2 = 0.970
==== e(   9) =     5.58439 eV ==== 
     psi = 0.244*[#   7]+0.244*[#   8]+0.244*[#  11]+0.244*[#  12]
    |psi|^2 = 0.977
==== e(  10) =     5.60323 eV ==== 
     psi = 0.325*[#   6]+0.325*[#  10]+0.082*[#   7]+0.082*[#   8]+0.082*[#  11]
          +0.082*[#  12]
    |psi|^2 = 0.976
==== e(  11) =    14.84778 eV ==== 
     psi = 0.247*[#   2]+0.247*[#   4]+0.141*[#   5]+0.141*[#   9]+0.016*[#   7]
          +0.016*[#   8]+0.016*[#  11]+0.016*[#  12]+0.014*[#   6]+0.014*[#  10]
          
    |psi|^2 = 0.869
==== e(  12) =    17.86348 eV ==== 
     psi = 0.174*[#   2]+0.174*[#   4]+0.024*[#   5]+0.024*[#   9]+0.023*[#   6]
          +0.023*[#  10]+0.003*[#   7]+0.003*[#   8]+0.003*[#  11]+0.003*[#  12]
          
    |psi|^2 = 0.457
==== e(  13) =    19.59200 eV ==== 
     psi = 0.090*[#   2]+0.090*[#   4]+0.015*[#   6]+0.015*[#  10]+0.011*[#   5]
          +0.011*[#   9]+0.003*[#   7]+0.003*[#   8]+0.003*[#  11]+0.003*[#  12]
          
    |psi|^2 = 0.245
==== e(  14) =    20.26193 eV ==== 
     psi = 0.014*[#   2]+0.014*[#   4]+0.007*[#   5]+0.007*[#   9]+0.005*[#   7]
          +0.005*[#   8]+0.005*[#  11]+0.005*[#  12]+0.001*[#   6]+0.001*[#  10]
          
    |psi|^2 = 0.065

 k =   0.1000000000  0.1732050808  0.1847997900
==== e(   1) =   -90.49993 eV ==== 
     psi = 0.496*[#   1]+0.496*[#   3]+0.002*[#   2]+0.002*[#   4]
    |psi|^2 = 1.000
==== e(   2) =   -90.49867 eV ==== 
     psi = 0.496*[#   1]+0.496*[#   3]+0.002*[#   6]+0.002*[#  10]
    |psi|^2 = 1.000
==== e(   3) =   -11.84565 eV ==== 
     psi = 0.319*[#   5]+0.319*[#   9]+0.174*[#   2]+0.174*[#   4]+0.002*[#   1]
          +0.002*[#   3]+0.002*[#   6]+0.002*[#  10]
    |psi|^2 = 0.998
==== e(   4) =   -10.91812 eV ==== 
     psi = 0.415*[#   5]+0.415*[#   9]+0.077*[#   2]+0.077*[#   4]+0.004*[#   6]
          +0.004*[#  10]
    |psi|^2 = 0.995
==== e(   5) =     1.32595 eV ==== 
     psi = 0.401*[#   6]+0.401*[#  10]+0.042*[#   2]+0.042*[#   4]+0.022*[#   5]
          +0.022*[#   9]+0.009*[#   7]+0.009*[#   8]+0.009*[#  11]+0.009*[#  12]
          +0.001*[#   1]+0.001*[#   3]
    |psi|^2 = 0.970
==== e(   6) =     3.81182 eV ==== 
     psi = 0.171*[#   6]+0.171*[#  10]+0.125*[#   7]+0.125*[#   8]+0.125*[#  11]
          +0.125*[#  12]+0.038*[#   5]+0.038*[#   9]+0.030*[#   2]+0.030*[#   4]
          +0.001*[#   1]+0.001*[#   3]
    |psi|^2 = 0.982
==== e(   7) =     4.26298 eV ==== 
     psi = 0.223*[#   7]+0.223*[#   8]+0.223*[#  11]+0.223*[#  12]+0.024*[#   6]
          +0.024*[#  10]+0.009*[#   2]+0.009*[#   4]+0.003*[#   5]+0.003*[#   9]
          
    |psi|^2 = 0.964
==== e(   8) =     4.73086 eV ==== 
     psi = 0.196*[#   7]+0.196*[#   8]+0.196*[#  11]+0.196*[#  12]+0.088*[#   6]
          +0.088*[#  10]
    |psi|^2 = 0.963
==== e(   9) =     5.37688 eV ==== 
     psi = 0.194*[#   6]+0.194*[#  10]+0.146*[#   7]+0.146*[#   8]+0.146*[#  11]
          +0.146*[#  12]
    |psi|^2 = 0.972
==== e(  10) =     5.43826 eV ==== 
     psi = 0.243*[#   7]+0.243*[#   8]+0.243*[#  11]+0.243*[#  12]
    |psi|^2 = 0.973
==== e(  11) =    15.14834 eV ==== 
     psi = 0.244*[#   2]+0.244*[#   4]+0.121*[#   5]+0.121*[#   9]+0.026*[#   6]
          +0.026*[#  10]+0.012*[#   7]+0.012*[#   8]+0.012*[#  11]+0.012*[#  12]
          
    |psi|^2 = 0.832
==== e(  12) =    17.28427 eV ==== 
     psi = 0.215*[#   2]+0.215*[#   4]+0.039*[#   5]+0.039*[#   9]+0.033*[#   6]
          +0.033*[#  10]+0.004*[#   7]+0.004*[#   8]+0.004*[#  11]+0.004*[#  12]
          
    |psi|^2 = 0.591
==== e(  13) =    19.67214 eV ==== 
     psi = 0.048*[#   2]+0.048*[#   4]+0.009*[#   5]+0.009*[#   6]+0.009*[#   9]
          +0.009*[#  10]+0.004*[#   7]+0.004*[#   8]+0.004*[#  11]+0.004*[#  12]
          
    |psi|^2 = 0.146
==== e(  14) =    20.12411 eV ==== 
     psi = 0.010*[#   2]+0.010*[#   4]+0.005*[#   5]+0.005*[#   9]+0.005*[#   7]
          +0.005*[#   8]+0.005*[#  11]+0.005*[#  12]+0.001*[#   6]+0.001*[#  10]
          
    |psi|^2 = 0.051

 k =   0.1000000000  0.1732050808  0.2463997200
==== e(   1) =   -90.49963 eV ==== 
     psi = 0.496*[#   1]+0.496*[#   3]+0.001*[#   2]+0.001*[#   4]+0.001*[#   6]
          +0.001*[#  10]
    |psi|^2 = 1.000
==== e(   2) =   -90.49897 eV ==== 
     psi = 0.497*[#   1]+0.497*[#   3]+0.002*[#   6]+0.002*[#  10]
    |psi|^2 = 1.000
==== e(   3) =   -11.64800 eV ==== 
     psi = 0.338*[#   5]+0.338*[#   9]+0.155*[#   2]+0.155*[#   4]+0.003*[#   6]
          +0.003*[#  10]+0.002*[#   1]+0.002*[#   3]
    |psi|^2 = 0.997
==== e(   4) =   -11.16315 eV ==== 
     psi = 0.388*[#   5]+0.388*[#   9]+0.104*[#   2]+0.104*[#   4]+0.004*[#   6]
          +0.004*[#  10]
    |psi|^2 = 0.996
==== e(   5) =     1.95564 eV ==== 
     psi = 0.377*[#   6]+0.377*[#  10]+0.041*[#   2]+0.041*[#   4]+0.031*[#   5]
          +0.031*[#   9]+0.018*[#   7]+0.018*[#   8]+0.018*[#  11]+0.018*[#  12]
          +0.001*[#   1]+0.001*[#   3]
    |psi|^2 = 0.974
==== e(   6) =     3.28921 eV ==== 
     psi = 0.278*[#   6]+0.278*[#  10]+0.067*[#   7]+0.067*[#   8]+0.067*[#  11]
          +0.067*[#  12]+0.041*[#   5]+0.041*[#   9]+0.036*[#   2]+0.036*[#   4]
          +0.001*[#   1]+0.001*[#   3]
    |psi|^2 = 0.981
==== e(   7) =     4.45959 eV ==== 
     psi = 0.214*[#   7]+0.214*[#   8]+0.214*[#  11]+0.214*[#  12]+0.046*[#   6]
          +0.046*[#  10]+0.005*[#   2]+0.005*[#   4]+0.002*[#   5]+0.002*[#   9]
          
    |psi|^2 = 0.963
==== e(   8) =     4.75284 eV ==== 
     psi = 0.198*[#   7]+0.198*[#   8]+0.198*[#  11]+0.198*[#  12]+0.085*[#   6]
          +0.085*[#  10]
    |psi|^2 = 0.963
==== e(   9) =     5.16058 eV ==== 
     psi = 0.204*[#   7]+0.204*[#   8]+0.204*[#  11]+0.204*[#  12]+0.075*[#   6]
          +0.075*[#  10]
    |psi|^2 = 0.967
==== e(  10) =     5.27028 eV ==== 
     psi = 0.242*[#   7]+0.242*[#   8]+0.242*[#  11]+0.242*[#  12]
    |psi|^2 = 0.969
==== e(  11) =    15.56871 eV ==== 
     psi = 0.242*[#   2]+0.242*[#   4]+0.099*[#   5]+0.099*[#   9]+0.035*[#   6]
          +0.035*[#  10]+0.009*[#   7]+0.009*[#   8]+0.009*[#  11]+0.009*[#  12]
          
    |psi|^2 = 0.789
==== e(  12) =    16.67409 eV ==== 
     psi = 0.233*[#   2]+0.233*[#   4]+0.057*[#   5]+0.057*[#   9]+0.039*[#   6]
          +0.039*[#  10]+0.005*[#   7]+0.005*[#   8]+0.005*[#  11]+0.005*[#  12]
          
    |psi|^2 = 0.679
==== e(  13) =    19.74355 eV ==== 
     psi = 0.027*[#   2]+0.027*[#   4]+0.007*[#   5]+0.007*[#   9]+0.005*[#   6]
          +0.005*[#  10]+0.004*[#   7]+0.004*[#   8]+0.004*[#  11]+0.004*[#  12]
          
    |psi|^2 = 0.096
==== e(  14) =    19.96218 eV ==== 
     psi = 0.011*[#   2]+0.011*[#   4]+0.005*[#   5]+0.005*[#   9]+0.004*[#   7]
          +0.004*[#   8]+0.004*[#  11]+0.004*[#  12]+0.002*[#   6]+0.002*[#  10]
          
    |psi|^2 = 0.055

 k =   0.1000000000  0.1732050808 -0.3079996500
==== e(   1) =   -90.49930 eV ==== 
     psi = 0.497*[#   1]+0.497*[#   3]+0.001*[#   6]+0.001*[#  10]
    |psi|^2 = 1.000
==== e(   2) =   -90.49929 eV ==== 
     psi = 0.497*[#   1]+0.497*[#   3]+0.001*[#   6]+0.001*[#  10]
    |psi|^2 = 1.000
==== e(   3) =   -11.41449 eV ==== 
     psi = 0.361*[#   5]+0.361*[#   9]+0.131*[#   2]+0.131*[#   4]+0.004*[#   6]
          +0.004*[#  10]+0.001*[#   1]+0.001*[#   3]
    |psi|^2 = 0.997
==== e(   4) =   -11.41449 eV ==== 
     psi = 0.361*[#   5]+0.361*[#   9]+0.131*[#   2]+0.131*[#   4]+0.004*[#   6]
          +0.004*[#  10]+0.001*[#   1]+0.001*[#   3]
    |psi|^2 = 0.997
==== e(   5) =     2.63680 eV ==== 
     psi = 0.341*[#   6]+0.341*[#  10]+0.039*[#   2]+0.039*[#   4]+0.038*[#   5]
          +0.038*[#   9]+0.035*[#   7]+0.035*[#   8]+0.035*[#  11]+0.035*[#  12]
          +0.001*[#   1]+0.001*[#   3]
    |psi|^2 = 0.978
==== e(   6) =     2.63680 eV ==== 
     psi = 0.341*[#   6]+0.341*[#  10]+0.039*[#   2]+0.039*[#   4]+0.038*[#   5]
          +0.038*[#   9]+0.035*[#   7]+0.035*[#   8]+0.035*[#  11]+0.035*[#  12]
          +0.001*[#   1]+0.001*[#   3]
    |psi|^2 = 0.978
==== e(   7) =     4.66547 eV ==== 
     psi = 0.199*[#   7]+0.199*[#   8]+0.199*[#  11]+0.199*[#  12]+0.081*[#   6]
          +0.081*[#  10]+0.002*[#   2]+0.002*[#   4]+0.001*[#   5]+0.001*[#   9]
          
    |psi|^2 = 0.964
==== e(   8) =     4.66547 eV ==== 
     psi = 0.199*[#   7]+0.199*[#   8]+0.199*[#  11]+0.199*[#  12]+0.081*[#   6]
          +0.081*[#  10]+0.002*[#   2]+0.002*[#   4]+0.001*[#   5]+0.001*[#   9]
          
    |psi|^2 = 0.964
==== e(   9) =     5.13032 eV ==== 
     psi = 0.238*[#   7]+0.238*[#   8]+0.238*[#  11]+0.238*[#  12]+0.006*[#   6]
          +0.006*[#  10]
    |psi|^2 = 0.966
==== e(  10) =     5.13032 eV ==== 
     psi = 0.238*[#   7]+0.238*[#   8]+0.238*[#  11]+0.238*[#  12]+0.006*[#   6]
          +0.006*[#  10]
    |psi|^2 = 0.966
==== e(  11) =    16.08819 eV ==== 
     psi = 0.240*[#   2]+0.240*[#   4]+0.077*[#   5]+0.077*[#   9]+0.040*[#   6]
          +0.040*[#  10]+0.007*[#   7]+0.007*[#   8]+0.007*[#  11]+0.007*[#  12]
          
    |psi|^2 = 0.740
==== e(  12) =    16.08819 eV ==== 
     psi = 0.240*[#   2]+0.240*[#   4]+0.077*[#   5]+0.077*[#   9]+0.040*[#   6]
          +0.040*[#  10]+0.007*[#   7]+0.007*[#   8]+0.007*[#  11]+0.007*[#  12]
          
    |psi|^2 = 0.740
==== e(  13) =    19.83340 eV ==== 
     psi = 0.017*[#   2]+0.017*[#   4]+0.006*[#   5]+0.006*[#   9]+0.004*[#   7]
          +0.004*[#   8]+0.004*[#  11]+0.004*[#  12]+0.003*[#   6]+0.003*[#  10]
          
    |psi|^2 = 0.069
==== e(  14) =    19.83340 eV ==== 
     psi = 0.017*[#   2]+0.017*[#   4]+0.006*[#   5]+0.006*[#   9]+0.004*[#   7]
          +0.004*[#   8]+0.004*[#  11]+0.004*[#  12]+0.003*[#   6]+0.003*[#  10]
          
    |psi|^2 = 0.069

 k =   0.1000000000  0.2309401077  0.0000000000
==== e(   1) =   -90.50008 eV ==== 
     psi = 0.496*[#   1]+0.496*[#   3]+0.002*[#   2]+0.002*[#   4]
    |psi|^2 = 1.000
==== e(   2) =   -90.49811 eV ==== 
     psi = 0.495*[#   1]+0.495*[#   3]+0.002*[#   6]+0.002*[#  10]+0.001*[#   2]
          +0.001*[#   4]
    |psi|^2 = 1.000
==== e(   3) =   -11.93465 eV ==== 
     psi = 0.311*[#   5]+0.311*[#   9]+0.182*[#   2]+0.182*[#   4]+0.003*[#   1]
          +0.003*[#   3]+0.001*[#   7]+0.001*[#   8]+0.001*[#  11]+0.001*[#  12]
          
    |psi|^2 = 0.998
==== e(   4) =   -10.43363 eV ==== 
     psi = 0.471*[#   5]+0.471*[#   9]+0.022*[#   2]+0.022*[#   4]+0.001*[#   6]
          +0.001*[#  10]
    |psi|^2 = 0.991
==== e(   5) =     0.60124 eV ==== 
     psi = 0.432*[#   6]+0.432*[#  10]+0.036*[#   2]+0.036*[#   4]+0.006*[#   7]
          +0.006*[#   8]+0.006*[#  11]+0.006*[#  12]
    |psi|^2 = 0.962
==== e(   6) =     3.41945 eV ==== 
     psi = 0.220*[#   7]+0.220*[#   8]+0.220*[#  11]+0.220*[#  12]+0.026*[#   2]
          +0.026*[#   4]+0.014*[#   5]+0.014*[#   9]+0.005*[#   6]+0.005*[#  10]
          
    |psi|^2 = 0.971
==== e(   7) =     3.69649 eV ==== 
     psi = 0.224*[#   7]+0.224*[#   8]+0.224*[#  11]+0.224*[#  12]+0.021*[#   2]
          +0.021*[#   4]+0.014*[#   5]+0.014*[#   9]+0.002*[#   6]+0.002*[#  10]
          
    |psi|^2 = 0.971
==== e(   8) =     4.74596 eV ==== 
     psi = 0.233*[#   7]+0.233*[#   8]+0.233*[#  11]+0.233*[#  12]+0.011*[#   5]
          +0.011*[#   9]+0.009*[#   2]+0.009*[#   4]
    |psi|^2 = 0.972
==== e(   9) =     5.53422 eV ==== 
     psi = 0.244*[#   7]+0.244*[#   8]+0.244*[#  11]+0.244*[#  12]
    |psi|^2 = 0.976
==== e(  10) =     5.66125 eV ==== 
     psi = 0.487*[#   6]+0.487*[#  10]
    |psi|^2 = 0.976
==== e(  11) =    15.04801 eV ==== 
     psi = 0.246*[#   2]+0.246*[#   4]+0.133*[#   5]+0.133*[#   9]+0.024*[#   7]
          +0.024*[#   8]+0.024*[#  11]+0.024*[#  12]
    |psi|^2 = 0.854
==== e(  12) =    18.48908 eV ==== 
     psi = 0.018*[#   6]+0.018*[#  10]+0.012*[#   2]+0.012*[#   4]+0.002*[#   7]
          +0.002*[#   8]+0.002*[#  11]+0.002*[#  12]
    |psi|^2 = 0.069
==== e(  13) =    19.27937 eV ==== 
     psi = 0.203*[#   2]+0.203*[#   4]+0.018*[#   5]+0.018*[#   9]+0.013*[#   6]
          +0.013*[#  10]+0.005*[#   7]+0.005*[#   8]+0.005*[#  11]+0.005*[#  12]
          +0.001*[#   1]+0.001*[#   3]
    |psi|^2 = 0.490
==== e(  14) =    20.36504 eV ==== 
     psi = 0.046*[#   2]+0.046*[#   4]+0.015*[#   5]+0.015*[#   9]+0.009*[#   7]
          +0.009*[#   8]+0.009*[#  11]+0.009*[#  12]+0.001*[#   6]+0.001*[#  10]
          
    |psi|^2 = 0.160

 k =   0.1000000000  0.2309401077  0.0615999300
==== e(   1) =   -90.50003 eV ==== 
     psi = 0.496*[#   1]+0.496*[#   3]+0.002*[#   2]+0.002*[#   4]
    |psi|^2 = 1.000
==== e(   2) =   -90.49816 eV ==== 
     psi = 0.495*[#   1]+0.495*[#   3]+0.002*[#   6]+0.002*[#  10]+0.001*[#   2]
          +0.001*[#   4]
    |psi|^2 = 1.000
==== e(   3) =   -11.90490 eV ==== 
     psi = 0.314*[#   5]+0.314*[#   9]+0.180*[#   2]+0.180*[#   4]+0.003*[#   1]
          +0.003*[#   3]+0.001*[#   7]+0.001*[#   8]+0.001*[#  11]+0.001*[#  12]
          
    |psi|^2 = 0.998
==== e(   4) =   -10.48024 eV ==== 
     psi = 0.465*[#   5]+0.465*[#   9]+0.028*[#   2]+0.028*[#   4]+0.001*[#   6]
          +0.001*[#  10]
    |psi|^2 = 0.992
==== e(   5) =     0.70099 eV ==== 
     psi = 0.426*[#   6]+0.426*[#  10]+0.037*[#   2]+0.037*[#   4]+0.007*[#   7]
          +0.007*[#   8]+0.007*[#  11]+0.007*[#  12]+0.003*[#   5]+0.003*[#   9]
          
    |psi|^2 = 0.964
==== e(   6) =     3.44104 eV ==== 
     psi = 0.217*[#   7]+0.217*[#   8]+0.217*[#  11]+0.217*[#  12]+0.025*[#   2]
          +0.025*[#   4]+0.017*[#   5]+0.017*[#   9]+0.010*[#   6]+0.010*[#  10]
          
    |psi|^2 = 0.970
==== e(   7) =     3.70547 eV ==== 
     psi = 0.221*[#   7]+0.221*[#   8]+0.221*[#  11]+0.221*[#  12]+0.021*[#   2]
          +0.021*[#   4]+0.013*[#   5]+0.013*[#   9]+0.008*[#   6]+0.008*[#  10]
          
    |psi|^2 = 0.971
==== e(   8) =     4.68565 eV ==== 
     psi = 0.220*[#   7]+0.220*[#   8]+0.220*[#  11]+0.220*[#  12]+0.026*[#   6]
          +0.026*[#  10]+0.010*[#   5]+0.010*[#   9]+0.008*[#   2]+0.008*[#   4]
          
    |psi|^2 = 0.970
==== e(   9) =     5.49209 eV ==== 
     psi = 0.237*[#   7]+0.237*[#   8]+0.237*[#  11]+0.237*[#  12]+0.013*[#   6]
          +0.013*[#  10]
    |psi|^2 = 0.975
==== e(  10) =     5.62885 eV ==== 
     psi = 0.438*[#   6]+0.438*[#  10]+0.025*[#   7]+0.025*[#   8]+0.025*[#  11]
          +0.025*[#  12]
    |psi|^2 = 0.976
==== e(  11) =    15.06904 eV ==== 
     psi = 0.244*[#   2]+0.244*[#   4]+0.128*[#   5]+0.128*[#   9]+0.022*[#   7]
          +0.022*[#   8]+0.022*[#  11]+0.022*[#  12]+0.003*[#   6]+0.003*[#  10]
          
    |psi|^2 = 0.840
==== e(  12) =    18.27002 eV ==== 
     psi = 0.071*[#   2]+0.071*[#   4]+0.021*[#   6]+0.021*[#  10]+0.006*[#   5]
          +0.006*[#   9]+0.002*[#   7]+0.002*[#   8]+0.002*[#  11]+0.002*[#  12]
          
    |psi|^2 = 0.206
==== e(  13) =    19.37774 eV ==== 
     psi = 0.148*[#   2]+0.148*[#   4]+0.015*[#   5]+0.015*[#   9]+0.010*[#   6]
          +0.010*[#  10]+0.005*[#   7]+0.005*[#   8]+0.005*[#  11]+0.005*[#  12]
          
    |psi|^2 = 0.367
==== e(  14) =    20.33369 eV ==== 
     psi = 0.041*[#   2]+0.041*[#   4]+0.013*[#   5]+0.013*[#   9]+0.008*[#   7]
          +0.008*[#   8]+0.008*[#  11]+0.008*[#  12]+0.001*[#   6]+0.001*[#  10]
          
    |psi|^2 = 0.144

 k =   0.1000000000  0.2309401077  0.1231998600
==== e(   1) =   -90.49989 eV ==== 
     psi = 0.496*[#   1]+0.496*[#   3]+0.002*[#   2]+0.002*[#   4]
    |psi|^2 = 1.000
==== e(   2) =   -90.49830 eV ==== 
     psi = 0.495*[#   1]+0.495*[#   3]+0.002*[#   6]+0.002*[#  10]
    |psi|^2 = 1.000
==== e(   3) =   -11.81710 eV ==== 
     psi = 0.322*[#   5]+0.322*[#   9]+0.171*[#   2]+0.171*[#   4]+0.002*[#   1]
          +0.002*[#   3]+0.001*[#   7]+0.001*[#   8]+0.001*[#  11]+0.001*[#  12]
          
    |psi|^2 = 0.998
==== e(   4) =   -10.61154 eV ==== 
     psi = 0.449*[#   5]+0.449*[#   9]+0.043*[#   2]+0.043*[#   4]+0.003*[#   6]
          +0.003*[#  10]
    |psi|^2 = 0.993
==== e(   5) =     0.98564 eV ==== 
     psi = 0.408*[#   6]+0.408*[#  10]+0.040*[#   2]+0.040*[#   4]+0.012*[#   7]
          +0.012*[#   8]+0.012*[#  11]+0.012*[#  12]+0.010*[#   5]+0.010*[#   9]
          
    |psi|^2 = 0.967
==== e(   6) =     3.45467 eV ==== 
     psi = 0.199*[#   7]+0.199*[#   8]+0.199*[#  11]+0.199*[#  12]+0.034*[#   6]
          +0.034*[#  10]+0.028*[#   5]+0.028*[#   9]+0.025*[#   2]+0.025*[#   4]
          +0.001*[#   1]+0.001*[#   3]
    |psi|^2 = 0.972
==== e(   7) =     3.74863 eV ==== 
     psi = 0.214*[#   7]+0.214*[#   8]+0.214*[#  11]+0.214*[#  12]+0.028*[#   6]
          +0.028*[#  10]+0.020*[#   2]+0.020*[#   4]+0.008*[#   5]+0.008*[#   9]
          
    |psi|^2 = 0.970
==== e(   8) =     4.56081 eV ==== 
     psi = 0.200*[#   7]+0.200*[#   8]+0.200*[#  11]+0.200*[#  12]+0.070*[#   6]
          +0.070*[#  10]+0.006*[#   5]+0.006*[#   9]+0.005*[#   2]+0.005*[#   4]
          
    |psi|^2 = 0.965
==== e(   9) =     5.37466 eV ==== 
     psi = 0.226*[#   7]+0.226*[#   8]+0.226*[#  11]+0.226*[#  12]+0.033*[#   6]
          +0.033*[#  10]
    |psi|^2 = 0.973
==== e(  10) =     5.51373 eV ==== 
     psi = 0.333*[#   6]+0.333*[#  10]+0.077*[#   7]+0.077*[#   8]+0.077*[#  11]
          +0.077*[#  12]
    |psi|^2 = 0.974
==== e(  11) =    15.15287 eV ==== 
     psi = 0.239*[#   2]+0.239*[#   4]+0.116*[#   5]+0.116*[#   9]+0.019*[#   7]
          +0.019*[#   8]+0.019*[#  11]+0.019*[#  12]+0.010*[#   6]+0.010*[#  10]
          
    |psi|^2 = 0.806
==== e(  12) =    17.79357 eV ==== 
     psi = 0.137*[#   2]+0.137*[#   4]+0.027*[#   6]+0.027*[#  10]+0.015*[#   5]
          +0.015*[#   9]+0.003*[#   7]+0.003*[#   8]+0.003*[#  11]+0.003*[#  12]
          
    |psi|^2 = 0.373
==== e(  13) =    19.52440 eV ==== 
     psi = 0.090*[#   2]+0.090*[#   4]+0.012*[#   5]+0.012*[#   9]+0.006*[#   6]
          +0.006*[#  10]+0.005*[#   7]+0.005*[#   8]+0.005*[#  11]+0.005*[#  12]
          
    |psi|^2 = 0.237
==== e(  14) =    20.22470 eV ==== 
     psi = 0.031*[#   2]+0.031*[#   4]+0.009*[#   5]+0.009*[#   9]+0.007*[#   7]
          +0.007*[#   8]+0.007*[#  11]+0.007*[#  12]+0.001*[#   6]+0.001*[#  10]
          
    |psi|^2 = 0.111

 k =   0.1000000000  0.2309401077  0.1847997900
==== e(   1) =   -90.49967 eV ==== 
     psi = 0.496*[#   1]+0.496*[#   3]+0.001*[#   2]+0.001*[#   4]
    |psi|^2 = 1.000
==== e(   2) =   -90.49851 eV ==== 
     psi = 0.496*[#   1]+0.496*[#   3]+0.002*[#   6]+0.002*[#  10]
    |psi|^2 = 1.000
==== e(   3) =   -11.67579 eV ==== 
     psi = 0.335*[#   5]+0.335*[#   9]+0.157*[#   2]+0.157*[#   4]+0.002*[#   1]
          +0.002*[#   3]+0.002*[#   6]+0.002*[#  10]+0.001*[#   7]+0.001*[#   8]
          +0.001*[#  11]+0.001*[#  12]
    |psi|^2 = 0.997
==== e(   4) =   -10.80541 eV ==== 
     psi = 0.427*[#   5]+0.427*[#   9]+0.065*[#   2]+0.065*[#   4]+0.003*[#   6]
          +0.003*[#  10]
    |psi|^2 = 0.994
==== e(   5) =     1.41481 eV ==== 
     psi = 0.379*[#   6]+0.379*[#  10]+0.043*[#   2]+0.043*[#   4]+0.021*[#   7]
          +0.021*[#   8]+0.021*[#  11]+0.021*[#  12]+0.020*[#   5]+0.020*[#   9]
          +0.001*[#   1]+0.001*[#   3]
    |psi|^2 = 0.971
==== e(   6) =     3.30367 eV ==== 
     psi = 0.156*[#   7]+0.156*[#   8]+0.156*[#  11]+0.156*[#  12]+0.105*[#   6]
          +0.105*[#  10]+0.038*[#   5]+0.038*[#   9]+0.033*[#   2]+0.033*[#   4]
          +0.001*[#   1]+0.001*[#   3]
    |psi|^2 = 0.979
==== e(   7) =     3.89240 eV ==== 
     psi = 0.206*[#   7]+0.206*[#   8]+0.206*[#  11]+0.206*[#  12]+0.054*[#   6]
          +0.054*[#  10]+0.013*[#   2]+0.013*[#   4]+0.003*[#   5]+0.003*[#   9]
          
    |psi|^2 = 0.964
==== e(   8) =     4.49046 eV ==== 
     psi = 0.194*[#   7]+0.194*[#   8]+0.194*[#  11]+0.194*[#  12]+0.089*[#   6]
          +0.089*[#  10]+0.002*[#   2]+0.002*[#   4]+0.002*[#   5]+0.002*[#   9]
          
    |psi|^2 = 0.960
==== e(   9) =     5.19811 eV ==== 
     psi = 0.208*[#   7]+0.208*[#   8]+0.208*[#  11]+0.208*[#  12]+0.068*[#   6]
          +0.068*[#  10]
    |psi|^2 = 0.969
==== e(  10) =     5.31122 eV ==== 
     psi = 0.193*[#   6]+0.193*[#  10]+0.146*[#   7]+0.146*[#   8]+0.146*[#  11]
          +0.146*[#  12]
    |psi|^2 = 0.970
==== e(  11) =    15.34123 eV ==== 
     psi = 0.233*[#   2]+0.233*[#   4]+0.099*[#   5]+0.099*[#   9]+0.020*[#   6]
          +0.020*[#  10]+0.014*[#   7]+0.014*[#   8]+0.014*[#  11]+0.014*[#  12]
          
    |psi|^2 = 0.760
==== e(  12) =    17.22360 eV ==== 
     psi = 0.179*[#   2]+0.179*[#   4]+0.032*[#   6]+0.032*[#  10]+0.027*[#   5]
          +0.027*[#   9]+0.004*[#   7]+0.004*[#   8]+0.004*[#  11]+0.004*[#  12]
          
    |psi|^2 = 0.495
==== e(  13) =    19.63303 eV ==== 
     psi = 0.056*[#   2]+0.056*[#   4]+0.011*[#   5]+0.011*[#   9]+0.006*[#   7]
          +0.006*[#   8]+0.006*[#  11]+0.006*[#  12]+0.004*[#   6]+0.004*[#  10]
          
    |psi|^2 = 0.164
==== e(  14) =    20.06518 eV ==== 
     psi = 0.025*[#   2]+0.025*[#   4]+0.007*[#   5]+0.007*[#   9]+0.006*[#   7]
          +0.006*[#   8]+0.006*[#  11]+0.006*[#  12]+0.001*[#   6]+0.001*[#  10]
          
    |psi|^2 = 0.093

 k =   0.1000000000  0.2309401077  0.2463997200
==== e(   1) =   -90.49940 eV ==== 
     psi = 0.497*[#   1]+0.497*[#   3]+0.001*[#   6]+0.001*[#  10]
    |psi|^2 = 1.000
==== e(   2) =   -90.49879 eV ==== 
     psi = 0.496*[#   1]+0.496*[#   3]+0.002*[#   6]+0.002*[#  10]
    |psi|^2 = 1.000
==== e(   3) =   -11.48906 eV ==== 
     psi = 0.354*[#   5]+0.354*[#   9]+0.138*[#   2]+0.138*[#   4]+0.002*[#   6]
          +0.002*[#  10]+0.001*[#   1]+0.001*[#   3]+0.001*[#   7]+0.001*[#   8]
          +0.001*[#  11]+0.001*[#  12]
    |psi|^2 = 0.997
==== e(   4) =   -11.03375 eV ==== 
     psi = 0.401*[#   5]+0.401*[#   9]+0.090*[#   2]+0.090*[#   4]+0.004*[#   6]
          +0.004*[#  10]
    |psi|^2 = 0.995
==== e(   5) =     1.93016 eV ==== 
     psi = 0.335*[#   6]+0.335*[#  10]+0.044*[#   2]+0.044*[#   4]+0.039*[#   7]
          +0.039*[#   8]+0.039*[#  11]+0.039*[#  12]+0.030*[#   5]+0.030*[#   9]
          +0.001*[#   1]+0.001*[#   3]
    |psi|^2 = 0.976
==== e(   6) =     2.94763 eV ==== 
     psi = 0.196*[#   6]+0.196*[#  10]+0.107*[#   7]+0.107*[#   8]+0.107*[#  11]
          +0.107*[#  12]+0.040*[#   5]+0.040*[#   9]+0.040*[#   2]+0.040*[#   4]
          +0.002*[#   1]+0.002*[#   3]
    |psi|^2 = 0.982
==== e(   7) =     4.12954 eV ==== 
     psi = 0.190*[#   7]+0.190*[#   8]+0.190*[#  11]+0.190*[#  12]+0.093*[#   6]
          +0.093*[#  10]+0.006*[#   2]+0.006*[#   4]+0.001*[#   5]+0.001*[#   9]
          
    |psi|^2 = 0.960
==== e(   8) =     4.49648 eV ==== 
     psi = 0.183*[#   7]+0.183*[#   8]+0.183*[#  11]+0.183*[#  12]+0.114*[#   6]
          +0.114*[#  10]
    |psi|^2 = 0.960
==== e(   9) =     4.99194 eV ==== 
     psi = 0.200*[#   7]+0.200*[#   8]+0.200*[#  11]+0.200*[#  12]+0.082*[#   6]
          +0.082*[#  10]
    |psi|^2 = 0.964
==== e(  10) =     5.08676 eV ==== 
     psi = 0.214*[#   7]+0.214*[#   8]+0.214*[#  11]+0.214*[#  12]+0.053*[#   6]
          +0.053*[#  10]
    |psi|^2 = 0.965
==== e(  11) =    15.66029 eV ==== 
     psi = 0.225*[#   2]+0.225*[#   4]+0.080*[#   5]+0.080*[#   9]+0.029*[#   6]
          +0.029*[#  10]+0.010*[#   7]+0.010*[#   8]+0.010*[#  11]+0.010*[#  12]
          
    |psi|^2 = 0.709
==== e(  12) =    16.64092 eV ==== 
     psi = 0.203*[#   2]+0.203*[#   4]+0.042*[#   5]+0.042*[#   9]+0.035*[#   6]
          +0.035*[#  10]+0.005*[#   7]+0.005*[#   8]+0.005*[#  11]+0.005*[#  12]
          
    |psi|^2 = 0.583
==== e(  13) =    19.71508 eV ==== 
     psi = 0.038*[#   2]+0.038*[#   4]+0.009*[#   5]+0.009*[#   9]+0.006*[#   7]
          +0.006*[#   8]+0.006*[#  11]+0.006*[#  12]+0.002*[#   6]+0.002*[#  10]
          
    |psi|^2 = 0.124
==== e(  14) =    19.91516 eV ==== 
     psi = 0.025*[#   2]+0.025*[#   4]+0.007*[#   5]+0.007*[#   9]+0.006*[#   7]
          +0.006*[#   8]+0.006*[#  11]+0.006*[#  12]+0.001*[#   6]+0.001*[#  10]
          
    |psi|^2 = 0.092

 k =   0.1000000000  0.2309401077 -0.3079996500
==== e(   1) =   -90.49910 eV ==== 
     psi = 0.497*[#   1]+0.497*[#   3]+0.001*[#   6]+0.001*[#  10]
    |psi|^2 = 1.000
==== e(   2) =   -90.49909 eV ==== 
     psi = 0.497*[#   1]+0.497*[#   3]+0.001*[#   6]+0.001*[#  10]
    |psi|^2 = 1.000
==== e(   3) =   -11.26925 eV ==== 
     psi = 0.376*[#   5]+0.376*[#   9]+0.115*[#   2]+0.115*[#   4]+0.003*[#   6]
          +0.003*[#  10]+0.001*[#   7]+0.001*[#   8]+0.001*[#  11]+0.001*[#  12]
          
    |psi|^2 = 0.996
==== e(   4) =   -11.26925 eV ==== 
     psi = 0.376*[#   5]+0.376*[#   9]+0.115*[#   2]+0.115*[#   4]+0.003*[#   6]
          +0.003*[#  10]+0.001*[#   7]+0.001*[#   8]+0.001*[#  11]+0.001*[#  12]
          
    |psi|^2 = 0.996
==== e(   5) =     2.46437 eV ==== 
     psi = 0.275*[#   6]+0.275*[#  10]+0.067*[#   7]+0.067*[#   8]+0.067*[#  11]
          +0.067*[#  12]+0.043*[#   2]+0.043*[#   4]+0.037*[#   5]+0.037*[#   9]
          +0.002*[#   1]+0.002*[#   3]
    |psi|^2 = 0.980
==== e(   6) =     2.46437 eV ==== 
     psi = 0.275*[#   6]+0.275*[#  10]+0.067*[#   7]+0.067*[#   8]+0.067*[#  11]
          +0.067*[#  12]+0.043*[#   2]+0.043*[#   4]+0.037*[#   5]+0.037*[#   9]
          +0.002*[#   1]+0.002*[#   3]
    |psi|^2 = 0.980
==== e(   7) =     4.38642 eV ==== 
     psi = 0.170*[#   7]+0.170*[#   8]+0.170*[#  11]+0.170*[#  12]+0.138*[#   6]
          +0.138*[#  10]+0.002*[#   2]+0.002*[#   4]
    |psi|^2 = 0.960
==== e(   8) =     4.38642 eV ==== 
     psi = 0.170*[#   7]+0.170*[#   8]+0.170*[#  11]+0.170*[#  12]+0.138*[#   6]
          +0.138*[#  10]+0.002*[#   2]+0.002*[#   4]
    |psi|^2 = 0.960
==== e(   9) =     4.93442 eV ==== 
     psi = 0.230*[#   7]+0.230*[#   8]+0.230*[#  11]+0.230*[#  12]+0.021*[#   6]
          +0.021*[#  10]
    |psi|^2 = 0.962
==== e(  10) =     4.93442 eV ==== 
     psi = 0.230*[#   7]+0.230*[#   8]+0.230*[#  11]+0.230*[#  12]+0.021*[#   6]
          +0.021*[#  10]
    |psi|^2 = 0.962
==== e(  11) =    16.10414 eV ==== 
     psi = 0.217*[#   2]+0.217*[#   4]+0.060*[#   5]+0.060*[#   9]+0.034*[#   6]
          +0.034*[#  10]+0.007*[#   7]+0.007*[#   8]+0.007*[#  11]+0.007*[#  12]
          
    |psi|^2 = 0.652
==== e(  12) =    16.10414 eV ==== 
     psi = 0.217*[#   2]+0.217*[#   4]+0.060*[#   5]+0.060*[#   9]+0.034*[#   6]
          +0.034*[#  10]+0.007*[#   7]+0.007*[#   8]+0.007*[#  11]+0.007*[#  12]
          
    |psi|^2 = 0.652
==== e(  13) =    19.80076 eV ==== 
     psi = 0.029*[#   2]+0.029*[#   4]+0.008*[#   5]+0.008*[#   9]+0.006*[#   7]
          +0.006*[#   8]+0.006*[#  11]+0.006*[#  12]+0.002*[#   6]+0.002*[#  10]
          
    |psi|^2 = 0.103
==== e(  14) =    19.80076 eV ==== 
     psi = 0.029*[#   2]+0.029*[#   4]+0.008*[#   5]+0.008*[#   9]+0.006*[#   7]
          +0.006*[#   8]+0.006*[#  11]+0.006*[#  12]+0.002*[#   6]+0.002*[#  10]
          
    |psi|^2 = 0.103

 k =   0.1000000000  0.2886751346  0.0000000000
==== e(   1) =   -90.49974 eV ==== 
     psi = 0.496*[#   1]+0.496*[#   3]+0.001*[#   2]+0.001*[#   4]
    |psi|^2 = 1.000
==== e(   2) =   -90.49798 eV ==== 
     psi = 0.495*[#   1]+0.495*[#   3]+0.002*[#   6]+0.002*[#  10]+0.002*[#   2]
          +0.002*[#   4]
    |psi|^2 = 1.000
==== e(   3) =   -11.71313 eV ==== 
     psi = 0.331*[#   5]+0.331*[#   9]+0.162*[#   2]+0.162*[#   4]+0.002*[#   1]
          +0.002*[#   3]+0.002*[#   7]+0.002*[#   8]+0.002*[#  11]+0.002*[#  12]
          
    |psi|^2 = 0.998
==== e(   4) =   -10.34773 eV ==== 
     psi = 0.479*[#   5]+0.479*[#   9]+0.015*[#   2]+0.015*[#   4]
    |psi|^2 = 0.991
==== e(   5) =     0.87424 eV ==== 
     psi = 0.423*[#   6]+0.423*[#  10]+0.026*[#   2]+0.026*[#   4]+0.014*[#   7]
          +0.014*[#   8]+0.014*[#  11]+0.014*[#  12]
    |psi|^2 = 0.956
==== e(   6) =     2.75870 eV ==== 
     psi = 0.208*[#   7]+0.208*[#   8]+0.208*[#  11]+0.208*[#  12]+0.036*[#   2]
          +0.036*[#   4]+0.019*[#   5]+0.019*[#   9]+0.014*[#   6]+0.014*[#  10]
          
    |psi|^2 = 0.974
==== e(   7) =     3.33057 eV ==== 
     psi = 0.220*[#   7]+0.220*[#   8]+0.220*[#  11]+0.220*[#  12]+0.030*[#   2]
          +0.030*[#   4]+0.013*[#   5]+0.013*[#   9]+0.004*[#   6]+0.004*[#  10]
          
    |psi|^2 = 0.976
==== e(   8) =     4.37956 eV ==== 
     psi = 0.233*[#   7]+0.233*[#   8]+0.233*[#  11]+0.233*[#  12]+0.009*[#   5]
          +0.009*[#   9]+0.008*[#   2]+0.008*[#   4]
    |psi|^2 = 0.966
==== e(   9) =     5.35707 eV ==== 
     psi = 0.241*[#   7]+0.241*[#   8]+0.241*[#  11]+0.241*[#  12]+0.004*[#   6]
          +0.004*[#  10]
    |psi|^2 = 0.973
==== e(  10) =     5.45545 eV ==== 
     psi = 0.481*[#   6]+0.481*[#  10]+0.002*[#   7]+0.002*[#   8]+0.002*[#  11]
          +0.002*[#  12]
    |psi|^2 = 0.972
==== e(  11) =    15.48066 eV ==== 
     psi = 0.233*[#   2]+0.233*[#   4]+0.103*[#   5]+0.103*[#   9]+0.024*[#   7]
          +0.024*[#   8]+0.024*[#  11]+0.024*[#  12]
    |psi|^2 = 0.767
==== e(  12) =    18.03152 eV ==== 
     psi = 0.054*[#   2]+0.054*[#   4]+0.024*[#   6]+0.024*[#  10]+0.004*[#   5]
          +0.004*[#   9]+0.003*[#   7]+0.003*[#   8]+0.003*[#  11]+0.003*[#  12]
          
    |psi|^2 = 0.177
==== e(  13) =    19.24529 eV ==== 
     psi = 0.096*[#   2]+0.096*[#   4]+0.016*[#   5]+0.016*[#   9]+0.004*[#   7]
          +0.004*[#   8]+0.004*[#  11]+0.004*[#  12]+0.002*[#   6]+0.002*[#  10]
          
    |psi|^2 = 0.247
==== e(  14) =    20.68543 eV ==== 
     psi = 0.097*[#   2]+0.097*[#   4]+0.014*[#   5]+0.014*[#   9]+0.012*[#   7]
          +0.012*[#   8]+0.012*[#  11]+0.012*[#  12]+0.002*[#   6]+0.002*[#  10]
          
    |psi|^2 = 0.277

 k =   0.1000000000  0.2886751346  0.0615999300
==== e(   1) =   -90.49970 eV ==== 
     psi = 0.496*[#   1]+0.496*[#   3]+0.001*[#   2]+0.001*[#   4]
    |psi|^2 = 1.000
==== e(   2) =   -90.49803 eV ==== 
     psi = 0.495*[#   1]+0.495*[#   3]+0.002*[#   6]+0.002*[#  10]+0.002*[#   2]
          +0.002*[#   4]
    |psi|^2 = 1.000
==== e(   3) =   -11.68553 eV ==== 
     psi = 0.334*[#   5]+0.334*[#   9]+0.159*[#   2]+0.159*[#   4]+0.002*[#   1]
          +0.002*[#   3]+0.002*[#   7]+0.002*[#   8]+0.002*[#  11]+0.002*[#  12]
          
    |psi|^2 = 0.998
==== e(   4) =   -10.38909 eV ==== 
     psi = 0.474*[#   5]+0.474*[#   9]+0.019*[#   2]+0.019*[#   4]+0.001*[#   6]
          +0.001*[#  10]
    |psi|^2 = 0.991
==== e(   5) =     0.94711 eV ==== 
     psi = 0.412*[#   6]+0.412*[#  10]+0.029*[#   2]+0.029*[#   4]+0.018*[#   7]
          +0.018*[#   8]+0.018*[#  11]+0.018*[#  12]+0.003*[#   5]+0.003*[#   9]
          
    |psi|^2 = 0.959
==== e(   6) =     2.78774 eV ==== 
     psi = 0.205*[#   7]+0.205*[#   8]+0.205*[#  11]+0.205*[#  12]+0.034*[#   2]
          +0.034*[#   4]+0.021*[#   5]+0.021*[#   9]+0.020*[#   6]+0.020*[#  10]
          +0.001*[#   1]+0.001*[#   3]
    |psi|^2 = 0.972
==== e(   7) =     3.34085 eV ==== 
     psi = 0.216*[#   7]+0.216*[#   8]+0.216*[#  11]+0.216*[#  12]+0.030*[#   2]
          +0.030*[#   4]+0.014*[#   6]+0.014*[#  10]+0.012*[#   5]+0.012*[#   9]
          
    |psi|^2 = 0.975
==== e(   8) =     4.33338 eV ==== 
     psi = 0.224*[#   7]+0.224*[#   8]+0.224*[#  11]+0.224*[#  12]+0.019*[#   6]
          +0.019*[#  10]+0.007*[#   2]+0.007*[#   4]+0.007*[#   5]+0.007*[#   9]
          
    |psi|^2 = 0.965
==== e(   9) =     5.30166 eV ==== 
     psi = 0.221*[#   7]+0.221*[#   8]+0.221*[#  11]+0.221*[#  12]+0.042*[#   6]
          +0.042*[#  10]
    |psi|^2 = 0.972
==== e(  10) =     5.45410 eV ==== 
     psi = 0.415*[#   6]+0.415*[#  10]+0.036*[#   7]+0.036*[#   8]+0.036*[#  11]
          +0.036*[#  12]
    |psi|^2 = 0.972
==== e(  11) =    15.46090 eV ==== 
     psi = 0.230*[#   2]+0.230*[#   4]+0.099*[#   5]+0.099*[#   9]+0.022*[#   7]
          +0.022*[#   8]+0.022*[#  11]+0.022*[#  12]+0.002*[#   6]+0.002*[#  10]
          
    |psi|^2 = 0.751
==== e(  12) =    17.87256 eV ==== 
     psi = 0.072*[#   2]+0.072*[#   4]+0.024*[#   6]+0.024*[#  10]+0.005*[#   5]
          +0.005*[#   9]+0.003*[#   7]+0.003*[#   8]+0.003*[#  11]+0.003*[#  12]
          
    |psi|^2 = 0.217
==== e(  13) =    19.32642 eV ==== 
     psi = 0.084*[#   2]+0.084*[#   4]+0.015*[#   5]+0.015*[#   9]+0.005*[#   7]
          +0.005*[#   8]+0.005*[#  11]+0.005*[#  12]+0.002*[#   6]+0.002*[#  10]
          
    |psi|^2 = 0.223
==== e(  14) =    20.61519 eV ==== 
     psi = 0.091*[#   2]+0.091*[#   4]+0.012*[#   5]+0.012*[#   9]+0.011*[#   7]
          +0.011*[#   8]+0.011*[#  11]+0.011*[#  12]+0.002*[#   6]+0.002*[#  10]
          
    |psi|^2 = 0.256

 k =   0.1000000000  0.2886751346  0.1231998600
==== e(   1) =   -90.49957 eV ==== 
     psi = 0.497*[#   1]+0.497*[#   3]
    |psi|^2 = 1.000
==== e(   2) =   -90.49815 eV ==== 
     psi = 0.495*[#   1]+0.495*[#   3]+0.002*[#   6]+0.002*[#  10]+0.001*[#   2]
          +0.001*[#   4]
    |psi|^2 = 1.000
==== e(   3) =   -11.60421 eV ==== 
     psi = 0.342*[#   5]+0.342*[#   9]+0.150*[#   2]+0.150*[#   4]+0.002*[#   7]
          +0.002*[#   8]+0.002*[#  11]+0.002*[#  12]+0.002*[#   1]+0.002*[#   3]
          
    |psi|^2 = 0.997
==== e(   4) =   -10.50604 eV ==== 
     psi = 0.460*[#   5]+0.460*[#   9]+0.032*[#   2]+0.032*[#   4]+0.002*[#   6]
          +0.002*[#  10]
    |psi|^2 = 0.992
==== e(   5) =     1.15209 eV ==== 
     psi = 0.379*[#   6]+0.379*[#  10]+0.036*[#   2]+0.036*[#   4]+0.029*[#   7]
          +0.029*[#   8]+0.029*[#  11]+0.029*[#  12]+0.009*[#   5]+0.009*[#   9]
          
    |psi|^2 = 0.965
==== e(   6) =     2.82900 eV ==== 
     psi = 0.192*[#   7]+0.192*[#   8]+0.192*[#  11]+0.192*[#  12]+0.040*[#   6]
          +0.040*[#  10]+0.032*[#   2]+0.032*[#   4]+0.029*[#   5]+0.029*[#   9]
          +0.001*[#   1]+0.001*[#   3]
    |psi|^2 = 0.972
==== e(   7) =     3.39061 eV ==== 
     psi = 0.201*[#   7]+0.201*[#   8]+0.201*[#  11]+0.201*[#  12]+0.050*[#   6]
          +0.050*[#  10]+0.026*[#   2]+0.026*[#   4]+0.007*[#   5]+0.007*[#   9]
          
    |psi|^2 = 0.972
==== e(   8) =     4.25331 eV ==== 
     psi = 0.211*[#   7]+0.211*[#   8]+0.211*[#  11]+0.211*[#  12]+0.049*[#   6]
          +0.049*[#  10]+0.005*[#   2]+0.005*[#   4]+0.004*[#   5]+0.004*[#   9]
          
    |psi|^2 = 0.960
==== e(   9) =     5.16392 eV ==== 
     psi = 0.214*[#   7]+0.214*[#   8]+0.214*[#  11]+0.214*[#  12]+0.056*[#   6]
          +0.056*[#  10]
    |psi|^2 = 0.969
==== e(  10) =     5.39574 eV ==== 
     psi = 0.339*[#   6]+0.339*[#  10]+0.074*[#   7]+0.074*[#   8]+0.074*[#  11]
          +0.074*[#  12]
    |psi|^2 = 0.972
==== e(  11) =    15.44019 eV ==== 
     psi = 0.222*[#   2]+0.222*[#   4]+0.090*[#   5]+0.090*[#   9]+0.018*[#   7]
          +0.018*[#   8]+0.018*[#  11]+0.018*[#  12]+0.006*[#   6]+0.006*[#  10]
          
    |psi|^2 = 0.710
==== e(  12) =    17.49057 eV ==== 
     psi = 0.106*[#   2]+0.106*[#   4]+0.026*[#   6]+0.026*[#  10]+0.010*[#   5]
          +0.010*[#   9]+0.003*[#   7]+0.003*[#   8]+0.003*[#  11]+0.003*[#  12]
          
    |psi|^2 = 0.297
==== e(  13) =    19.47849 eV ==== 
     psi = 0.063*[#   2]+0.063*[#   4]+0.013*[#   5]+0.013*[#   9]+0.006*[#   7]
          +0.006*[#   8]+0.006*[#  11]+0.006*[#  12]+0.002*[#   6]+0.002*[#  10]
          
    |psi|^2 = 0.183
==== e(  14) =    20.43717 eV ==== 
     psi = 0.078*[#   2]+0.078*[#   4]+0.010*[#   7]+0.010*[#   8]+0.010*[#  11]
          +0.010*[#  12]+0.009*[#   5]+0.009*[#   9]+0.002*[#   6]+0.002*[#  10]
          
    |psi|^2 = 0.217

 k =   0.1000000000  0.2886751346  0.1847997900
==== e(   1) =   -90.49938 eV ==== 
     psi = 0.497*[#   1]+0.497*[#   3]
    |psi|^2 = 1.000
==== e(   2) =   -90.49835 eV ==== 
     psi = 0.496*[#   1]+0.496*[#   3]+0.002*[#   6]+0.002*[#  10]
    |psi|^2 = 1.000
==== e(   3) =   -11.47365 eV ==== 
     psi = 0.355*[#   5]+0.355*[#   9]+0.137*[#   2]+0.137*[#   4]+0.002*[#   7]
          +0.002*[#   8]+0.002*[#  11]+0.002*[#  12]+0.001*[#   1]+0.001*[#   3]
          +0.001*[#   6]+0.001*[#  10]
    |psi|^2 = 0.997
==== e(   4) =   -10.67986 eV ==== 
     psi = 0.441*[#   5]+0.441*[#   9]+0.051*[#   2]+0.051*[#   4]+0.003*[#   6]
          +0.003*[#  10]
    |psi|^2 = 0.993
==== e(   5) =     1.45355 eV ==== 
     psi = 0.327*[#   6]+0.327*[#  10]+0.048*[#   7]+0.048*[#   8]+0.048*[#  11]
          +0.048*[#  12]+0.043*[#   2]+0.043*[#   4]+0.018*[#   5]+0.018*[#   9]
          +0.001*[#   1]+0.001*[#   3]
    |psi|^2 = 0.972
==== e(   6) =     2.74843 eV ==== 
     psi = 0.168*[#   7]+0.168*[#   8]+0.168*[#  11]+0.168*[#  12]+0.079*[#   6]
          +0.079*[#  10]+0.037*[#   2]+0.037*[#   4]+0.036*[#   5]+0.036*[#   9]
          +0.001*[#   1]+0.001*[#   3]
    |psi|^2 = 0.978
==== e(   7) =     3.55851 eV ==== 
     psi = 0.179*[#   7]+0.179*[#   8]+0.179*[#  11]+0.179*[#  12]+0.106*[#   6]
          +0.106*[#  10]+0.015*[#   2]+0.015*[#   4]+0.002*[#   5]+0.002*[#   9]
          
    |psi|^2 = 0.962
==== e(   8) =     4.23843 eV ==== 
     psi = 0.204*[#   7]+0.204*[#   8]+0.204*[#  11]+0.204*[#  12]+0.067*[#   6]
          +0.067*[#  10]+0.003*[#   2]+0.003*[#   4]+0.001*[#   5]+0.001*[#   9]
          
    |psi|^2 = 0.958
==== e(   9) =     4.96997 eV ==== 
     psi = 0.208*[#   7]+0.208*[#   8]+0.208*[#  11]+0.208*[#  12]+0.065*[#   6]
          +0.065*[#  10]
    |psi|^2 = 0.965
==== e(  10) =     5.23133 eV ==== 
     psi = 0.254*[#   6]+0.254*[#  10]+0.115*[#   7]+0.115*[#   8]+0.115*[#  11]
          +0.115*[#  12]
    |psi|^2 = 0.969
==== e(  11) =    15.49918 eV ==== 
     psi = 0.212*[#   2]+0.212*[#   4]+0.075*[#   5]+0.075*[#   9]+0.014*[#   7]
          +0.014*[#   8]+0.014*[#  11]+0.014*[#  12]+0.013*[#   6]+0.013*[#  10]
          
    |psi|^2 = 0.658
==== e(  12) =    17.00578 eV ==== 
     psi = 0.138*[#   2]+0.138*[#   4]+0.028*[#   6]+0.028*[#  10]+0.018*[#   5]
          +0.018*[#   9]+0.004*[#   7]+0.004*[#   8]+0.004*[#  11]+0.004*[#  12]
          
    |psi|^2 = 0.386
==== e(  13) =    19.61593 eV ==== 
     psi = 0.049*[#   2]+0.049*[#   4]+0.012*[#   5]+0.012*[#   9]+0.007*[#   7]
          +0.007*[#   8]+0.007*[#  11]+0.007*[#  12]+0.002*[#   6]+0.002*[#  10]
          
    |psi|^2 = 0.155
==== e(  14) =    20.22815 eV ==== 
     psi = 0.064*[#   2]+0.064*[#   4]+0.009*[#   7]+0.009*[#   8]+0.009*[#  11]
          +0.009*[#  12]+0.009*[#   5]+0.009*[#   9]+0.002*[#   6]+0.002*[#  10]
          
    |psi|^2 = 0.186

 k =   0.1000000000  0.2886751346  0.2463997200
==== e(   1) =   -90.49914 eV ==== 
     psi = 0.497*[#   1]+0.497*[#   3]
    |psi|^2 = 1.000
==== e(   2) =   -90.49859 eV ==== 
     psi = 0.496*[#   1]+0.496*[#   3]+0.002*[#   6]+0.002*[#  10]
    |psi|^2 = 1.000
==== e(   3) =   -11.30175 eV ==== 
     psi = 0.373*[#   5]+0.373*[#   9]+0.119*[#   2]+0.119*[#   4]+0.002*[#   6]
          +0.002*[#  10]+0.002*[#   7]+0.002*[#   8]+0.002*[#  11]+0.002*[#  12]
          +0.001*[#   1]+0.001*[#   3]
    |psi|^2 = 0.996
==== e(   4) =   -10.88613 eV ==== 
     psi = 0.418*[#   5]+0.418*[#   9]+0.073*[#   2]+0.073*[#   4]+0.003*[#   6]
          +0.003*[#  10]+0.001*[#   7]+0.001*[#   8]+0.001*[#  11]+0.001*[#  12]
          
    |psi|^2 = 0.994
==== e(   5) =     1.80705 eV ==== 
     psi = 0.265*[#   6]+0.265*[#  10]+0.075*[#   7]+0.075*[#   8]+0.075*[#  11]
          +0.075*[#  12]+0.047*[#   2]+0.047*[#   4]+0.026*[#   5]+0.026*[#   9]
          +0.001*[#   1]+0.001*[#   3]
    |psi|^2 = 0.978
==== e(   6) =     2.50434 eV ==== 
     psi = 0.137*[#   7]+0.137*[#   8]+0.137*[#  11]+0.137*[#  12]+0.136*[#   6]
          +0.136*[#  10]+0.043*[#   2]+0.043*[#   4]+0.036*[#   5]+0.036*[#   9]
          +0.002*[#   1]+0.002*[#   3]
    |psi|^2 = 0.981
==== e(   7) =     3.85781 eV ==== 
     psi = 0.161*[#   6]+0.161*[#  10]+0.156*[#   7]+0.156*[#   8]+0.156*[#  11]
          +0.156*[#  12]+0.006*[#   2]+0.006*[#   4]
    |psi|^2 = 0.957
==== e(   8) =     4.28659 eV ==== 
     psi = 0.183*[#   7]+0.183*[#   8]+0.183*[#  11]+0.183*[#  12]+0.111*[#   6]
          +0.111*[#  10]+0.001*[#   2]+0.001*[#   4]
    |psi|^2 = 0.958
==== e(   9) =     4.76821 eV ==== 
     psi = 0.207*[#   7]+0.207*[#   8]+0.207*[#  11]+0.207*[#  12]+0.065*[#   6]
          +0.065*[#  10]
    |psi|^2 = 0.961
==== e(  10) =     4.98145 eV ==== 
     psi = 0.167*[#   7]+0.167*[#   8]+0.167*[#  11]+0.167*[#  12]+0.148*[#   6]
          +0.148*[#  10]
    |psi|^2 = 0.964
==== e(  11) =    15.69759 eV ==== 
     psi = 0.200*[#   2]+0.200*[#   4]+0.059*[#   5]+0.059*[#   9]+0.021*[#   6]
          +0.021*[#  10]+0.010*[#   7]+0.010*[#   8]+0.010*[#  11]+0.010*[#  12]
          
    |psi|^2 = 0.601
==== e(  12) =    16.49959 eV ==== 
     psi = 0.165*[#   2]+0.165*[#   4]+0.029*[#   5]+0.029*[#   9]+0.029*[#   6]
          +0.029*[#  10]+0.005*[#   7]+0.005*[#   8]+0.005*[#  11]+0.005*[#  12]
          
    |psi|^2 = 0.468
==== e(  13) =    19.73924 eV ==== 
     psi = 0.044*[#   2]+0.044*[#   4]+0.011*[#   5]+0.011*[#   9]+0.008*[#   7]
          +0.008*[#   8]+0.008*[#  11]+0.008*[#  12]+0.002*[#   6]+0.002*[#  10]
          
    |psi|^2 = 0.144
==== e(  14) =    20.03642 eV ==== 
     psi = 0.053*[#   2]+0.053*[#   4]+0.009*[#   5]+0.009*[#   9]+0.009*[#   7]
          +0.009*[#   8]+0.009*[#  11]+0.009*[#  12]+0.002*[#   6]+0.002*[#  10]
          
    |psi|^2 = 0.164

 k =   0.1000000000  0.2886751346 -0.3079996500
==== e(   1) =   -90.49887 eV ==== 
     psi = 0.496*[#   1]+0.496*[#   3]+0.001*[#   6]+0.001*[#  10]
    |psi|^2 = 1.000
==== e(   2) =   -90.49886 eV ==== 
     psi = 0.496*[#   1]+0.496*[#   3]+0.001*[#   6]+0.001*[#  10]
    |psi|^2 = 1.000
==== e(   3) =   -11.10044 eV ==== 
     psi = 0.395*[#   5]+0.395*[#   9]+0.097*[#   2]+0.097*[#   4]+0.003*[#   6]
          +0.003*[#  10]+0.001*[#   7]+0.001*[#   8]+0.001*[#  11]+0.001*[#  12]
          
    |psi|^2 = 0.995
==== e(   4) =   -11.10044 eV ==== 
     psi = 0.395*[#   5]+0.395*[#   9]+0.097*[#   2]+0.097*[#   4]+0.003*[#   6]
          +0.003*[#  10]+0.001*[#   7]+0.001*[#   8]+0.001*[#  11]+0.001*[#  12]
          
    |psi|^2 = 0.995
==== e(   5) =     2.17094 eV ==== 
     psi = 0.199*[#   6]+0.199*[#  10]+0.105*[#   7]+0.105*[#   8]+0.105*[#  11]
          +0.105*[#  12]+0.047*[#   2]+0.047*[#   4]+0.032*[#   5]+0.032*[#   9]
          +0.002*[#   1]+0.002*[#   3]
    |psi|^2 = 0.981
==== e(   6) =     2.17094 eV ==== 
     psi = 0.199*[#   6]+0.199*[#  10]+0.105*[#   7]+0.105*[#   8]+0.105*[#  11]
          +0.105*[#  12]+0.047*[#   2]+0.047*[#   4]+0.032*[#   5]+0.032*[#   9]
          +0.002*[#   1]+0.002*[#   3]
    |psi|^2 = 0.981
==== e(   7) =     4.17409 eV ==== 
     psi = 0.184*[#   6]+0.184*[#  10]+0.146*[#   7]+0.146*[#   8]+0.146*[#  11]
          +0.146*[#  12]+0.002*[#   2]+0.002*[#   4]
    |psi|^2 = 0.958
==== e(   8) =     4.17410 eV ==== 
     psi = 0.184*[#   6]+0.184*[#  10]+0.146*[#   7]+0.146*[#   8]+0.146*[#  11]
          +0.146*[#  12]+0.002*[#   2]+0.002*[#   4]
    |psi|^2 = 0.958
==== e(   9) =     4.75781 eV ==== 
     psi = 0.211*[#   7]+0.211*[#   8]+0.211*[#  11]+0.211*[#  12]+0.057*[#   6]
          +0.057*[#  10]+0.001*[#   2]+0.001*[#   4]
    |psi|^2 = 0.960
==== e(  10) =     4.75781 eV ==== 
     psi = 0.211*[#   7]+0.211*[#   8]+0.211*[#  11]+0.211*[#  12]+0.057*[#   6]
          +0.057*[#  10]+0.001*[#   2]+0.001*[#   4]
    |psi|^2 = 0.960
==== e(  11) =    16.04322 eV ==== 
     psi = 0.185*[#   2]+0.185*[#   4]+0.043*[#   5]+0.043*[#   9]+0.027*[#   6]
          +0.027*[#  10]+0.007*[#   7]+0.007*[#   8]+0.007*[#  11]+0.007*[#  12]
          
    |psi|^2 = 0.539
==== e(  12) =    16.04322 eV ==== 
     psi = 0.185*[#   2]+0.185*[#   4]+0.043*[#   5]+0.043*[#   9]+0.027*[#   6]
          +0.027*[#  10]+0.007*[#   7]+0.007*[#   8]+0.007*[#  11]+0.007*[#  12]
          
    |psi|^2 = 0.539
==== e(  13) =    19.87420 eV ==== 
     psi = 0.046*[#   2]+0.046*[#   4]+0.010*[#   5]+0.010*[#   9]+0.008*[#   7]
          +0.008*[#   8]+0.008*[#  11]+0.008*[#  12]+0.002*[#   6]+0.002*[#  10]
          
    |psi|^2 = 0.149
==== e(  14) =    19.87421 eV ==== 
     psi = 0.046*[#   2]+0.046*[#   4]+0.010*[#   5]+0.010*[#   9]+0.008*[#   7]
          +0.008*[#   8]+0.008*[#  11]+0.008*[#  12]+0.002*[#   6]+0.002*[#  10]
          
    |psi|^2 = 0.149

 k =   0.1000000000  0.3464101615  0.0000000000
==== e(   1) =   -90.49939 eV ==== 
     psi = 0.497*[#   1]+0.497*[#   3]+0.001*[#   7]+0.001*[#   8]+0.001*[#  11]
          +0.001*[#  12]
    |psi|^2 = 1.000
==== e(   2) =   -90.49788 eV ==== 
     psi = 0.494*[#   1]+0.494*[#   3]+0.002*[#   2]+0.002*[#   4]+0.002*[#   6]
          +0.002*[#  10]
    |psi|^2 = 1.000
==== e(   3) =   -11.46688 eV ==== 
     psi = 0.356*[#   5]+0.356*[#   9]+0.137*[#   2]+0.137*[#   4]+0.002*[#   7]
          +0.002*[#   8]+0.002*[#  11]+0.002*[#  12]+0.001*[#   1]+0.001*[#   3]
          
    |psi|^2 = 0.997
==== e(   4) =   -10.27220 eV ==== 
     psi = 0.486*[#   5]+0.486*[#   9]+0.008*[#   2]+0.008*[#   4]
    |psi|^2 = 0.990
==== e(   5) =     1.12503 eV ==== 
     psi = 0.371*[#   6]+0.371*[#  10]+0.045*[#   7]+0.045*[#   8]+0.045*[#  11]
          +0.045*[#  12]+0.010*[#   2]+0.010*[#   4]+0.002*[#   5]+0.002*[#   9]
          
    |psi|^2 = 0.947
==== e(   6) =     2.19796 eV ==== 
     psi = 0.178*[#   7]+0.178*[#   8]+0.178*[#  11]+0.178*[#  12]+0.064*[#   6]
          +0.064*[#  10]+0.050*[#   2]+0.050*[#   4]+0.018*[#   5]+0.018*[#   9]
          +0.001*[#   1]+0.001*[#   3]
    |psi|^2 = 0.979
==== e(   7) =     2.98857 eV ==== 
     psi = 0.214*[#   7]+0.214*[#   8]+0.214*[#  11]+0.214*[#  12]+0.039*[#   2]
          +0.039*[#   4]+0.012*[#   5]+0.012*[#   9]+0.009*[#   6]+0.009*[#  10]
          +0.001*[#   1]+0.001*[#   3]
    |psi|^2 = 0.981
==== e(   8) =     4.01421 eV ==== 
     psi = 0.233*[#   7]+0.233*[#   8]+0.233*[#  11]+0.233*[#  12]+0.008*[#   2]
          +0.008*[#   4]+0.006*[#   5]+0.006*[#   9]+0.001*[#   6]+0.001*[#  10]
          
    |psi|^2 = 0.962
==== e(   9) =     5.17276 eV ==== 
     psi = 0.215*[#   6]+0.215*[#  10]+0.134*[#   7]+0.134*[#   8]+0.134*[#  11]
          +0.134*[#  12]
    |psi|^2 = 0.967
==== e(  10) =     5.22173 eV ==== 
     psi = 0.267*[#   6]+0.267*[#  10]+0.108*[#   7]+0.108*[#   8]+0.108*[#  11]
          +0.108*[#  12]+0.001*[#   2]+0.001*[#   4]
    |psi|^2 = 0.970
==== e(  11) =    15.83847 eV ==== 
     psi = 0.197*[#   2]+0.197*[#   4]+0.069*[#   5]+0.069*[#   9]+0.020*[#   7]
          +0.020*[#   8]+0.020*[#  11]+0.020*[#  12]+0.003*[#   6]+0.003*[#  10]
          
    |psi|^2 = 0.617
==== e(  12) =    17.52333 eV ==== 
     psi = 0.069*[#   2]+0.069*[#   4]+0.021*[#   6]+0.021*[#  10]+0.006*[#   5]
          +0.006*[#   9]+0.005*[#   7]+0.005*[#   8]+0.005*[#  11]+0.005*[#  12]
          
    |psi|^2 = 0.213
==== e(  13) =    19.08946 eV ==== 
     psi = 0.074*[#   2]+0.074*[#   4]+0.022*[#   5]+0.022*[#   9]+0.007*[#   7]
          +0.007*[#   8]+0.007*[#  11]+0.007*[#  12]
    |psi|^2 = 0.219
==== e(  14) =    21.12008 eV ==== 
     psi = 0.113*[#   2]+0.113*[#   4]+0.015*[#   7]+0.015*[#   8]+0.015*[#  11]
          +0.015*[#  12]+0.007*[#   5]+0.007*[#   9]
    |psi|^2 = 0.301

 k =   0.1000000000  0.3464101615  0.0615999300
==== e(   1) =   -90.49936 eV ==== 
     psi = 0.497*[#   1]+0.497*[#   3]+0.001*[#   7]+0.001*[#   8]+0.001*[#  11]
          +0.001*[#  12]
    |psi|^2 = 1.000
==== e(   2) =   -90.49791 eV ==== 
     psi = 0.494*[#   1]+0.494*[#   3]+0.002*[#   2]+0.002*[#   4]+0.002*[#   6]
          +0.002*[#  10]
    |psi|^2 = 1.000
==== e(   3) =   -11.44212 eV ==== 
     psi = 0.358*[#   5]+0.358*[#   9]+0.134*[#   2]+0.134*[#   4]+0.002*[#   7]
          +0.002*[#   8]+0.002*[#  11]+0.002*[#  12]+0.001*[#   1]+0.001*[#   3]
          
    |psi|^2 = 0.997
==== e(   4) =   -10.30726 eV ==== 
     psi = 0.482*[#   5]+0.482*[#   9]+0.011*[#   2]+0.011*[#   4]
    |psi|^2 = 0.990
==== e(   5) =     1.14840 eV ==== 
     psi = 0.347*[#   6]+0.347*[#  10]+0.054*[#   7]+0.054*[#   8]+0.054*[#  11]
          +0.054*[#  12]+0.018*[#   2]+0.018*[#   4]+0.004*[#   5]+0.004*[#   9]
          
    |psi|^2 = 0.953
==== e(   6) =     2.24955 eV ==== 
     psi = 0.174*[#   7]+0.174*[#   8]+0.174*[#  11]+0.174*[#  12]+0.075*[#   6]
          +0.075*[#  10]+0.044*[#   2]+0.044*[#   4]+0.021*[#   5]+0.021*[#   9]
          +0.001*[#   1]+0.001*[#   3]
    |psi|^2 = 0.976
==== e(   7) =     2.99987 eV ==== 
     psi = 0.206*[#   7]+0.206*[#   8]+0.206*[#  11]+0.206*[#  12]+0.038*[#   2]
          +0.038*[#   4]+0.029*[#   6]+0.029*[#  10]+0.010*[#   5]+0.010*[#   9]
          +0.001*[#   1]+0.001*[#   3]
    |psi|^2 = 0.979
==== e(   8) =     3.98518 eV ==== 
     psi = 0.226*[#   7]+0.226*[#   8]+0.226*[#  11]+0.226*[#  12]+0.015*[#   6]
          +0.015*[#  10]+0.007*[#   2]+0.007*[#   4]+0.005*[#   5]+0.005*[#   9]
          
    |psi|^2 = 0.960
==== e(   9) =     5.11008 eV ==== 
     psi = 0.176*[#   7]+0.176*[#   8]+0.176*[#  11]+0.176*[#  12]+0.130*[#   6]
          +0.130*[#  10]
    |psi|^2 = 0.968
==== e(  10) =     5.24859 eV ==== 
     psi = 0.330*[#   6]+0.330*[#  10]+0.077*[#   7]+0.077*[#   8]+0.077*[#  11]
          +0.077*[#  12]
    |psi|^2 = 0.969
==== e(  11) =    15.77534 eV ==== 
     psi = 0.195*[#   2]+0.195*[#   4]+0.067*[#   5]+0.067*[#   9]+0.018*[#   7]
          +0.018*[#   8]+0.018*[#  11]+0.018*[#  12]+0.003*[#   6]+0.003*[#  10]
          
    |psi|^2 = 0.604
==== e(  12) =    17.40868 eV ==== 
     psi = 0.072*[#   2]+0.072*[#   4]+0.020*[#   6]+0.020*[#  10]+0.007*[#   5]
          +0.007*[#   9]+0.005*[#   7]+0.005*[#   8]+0.005*[#  11]+0.005*[#  12]
          
    |psi|^2 = 0.219
==== e(  13) =    19.18235 eV ==== 
     psi = 0.072*[#   2]+0.072*[#   4]+0.020*[#   5]+0.020*[#   9]+0.007*[#   7]
          +0.007*[#   8]+0.007*[#  11]+0.007*[#  12]+0.001*[#   6]+0.001*[#  10]
          
    |psi|^2 = 0.216
==== e(  14) =    21.04466 eV ==== 
     psi = 0.105*[#   2]+0.105*[#   4]+0.013*[#   7]+0.013*[#   8]+0.013*[#  11]
          +0.013*[#  12]+0.006*[#   5]+0.006*[#   9]+0.001*[#   6]+0.001*[#  10]
          
    |psi|^2 = 0.279

 k =   0.1000000000  0.3464101615  0.1231998600
==== e(   1) =   -90.49925 eV ==== 
     psi = 0.497*[#   1]+0.497*[#   3]+0.001*[#   7]+0.001*[#   8]+0.001*[#  11]
          +0.001*[#  12]
    |psi|^2 = 1.000
==== e(   2) =   -90.49802 eV ==== 
     psi = 0.495*[#   1]+0.495*[#   3]+0.002*[#   6]+0.002*[#  10]+0.001*[#   2]
          +0.001*[#   4]
    |psi|^2 = 1.000
==== e(   3) =   -11.36926 eV ==== 
     psi = 0.366*[#   5]+0.366*[#   9]+0.126*[#   2]+0.126*[#   4]+0.002*[#   7]
          +0.002*[#   8]+0.002*[#  11]+0.002*[#  12]+0.001*[#   1]+0.001*[#   3]
          
    |psi|^2 = 0.997
==== e(   4) =   -10.40687 eV ==== 
     psi = 0.472*[#   5]+0.472*[#   9]+0.021*[#   2]+0.021*[#   4]+0.001*[#   6]
          +0.001*[#  10]
    |psi|^2 = 0.991
==== e(   5) =     1.22413 eV ==== 
     psi = 0.292*[#   6]+0.292*[#  10]+0.074*[#   7]+0.074*[#   8]+0.074*[#  11]
          +0.074*[#  12]+0.033*[#   2]+0.033*[#   4]+0.008*[#   5]+0.008*[#   9]
          
    |psi|^2 = 0.964
==== e(   6) =     2.32253 eV ==== 
     psi = 0.170*[#   7]+0.170*[#   8]+0.170*[#  11]+0.170*[#  12]+0.080*[#   6]
          +0.080*[#  10]+0.038*[#   2]+0.038*[#   4]+0.027*[#   5]+0.027*[#   9]
          +0.001*[#   1]+0.001*[#   3]
    |psi|^2 = 0.974
==== e(   7) =     3.07850 eV ==== 
     psi = 0.176*[#   7]+0.176*[#   8]+0.176*[#  11]+0.176*[#  12]+0.099*[#   6]
          +0.099*[#  10]+0.030*[#   2]+0.030*[#   4]+0.005*[#   5]+0.005*[#   9]
          +0.001*[#   1]+0.001*[#   3]
    |psi|^2 = 0.972
==== e(   8) =     3.95693 eV ==== 
     psi = 0.218*[#   7]+0.218*[#   8]+0.218*[#  11]+0.218*[#  12]+0.035*[#   6]
          +0.035*[#  10]+0.005*[#   2]+0.005*[#   4]+0.002*[#   5]+0.002*[#   9]
          
    |psi|^2 = 0.957
==== e(   9) =     4.96464 eV ==== 
     psi = 0.199*[#   7]+0.199*[#   8]+0.199*[#  11]+0.199*[#  12]+0.083*[#   6]
          +0.083*[#  10]
    |psi|^2 = 0.967
==== e(  10) =     5.24746 eV ==== 
     psi = 0.329*[#   6]+0.329*[#  10]+0.078*[#   7]+0.078*[#   8]+0.078*[#  11]
          +0.078*[#  12]
    |psi|^2 = 0.969
==== e(  11) =    15.64721 eV ==== 
     psi = 0.188*[#   2]+0.188*[#   4]+0.061*[#   5]+0.061*[#   9]+0.015*[#   7]
          +0.015*[#   8]+0.015*[#  11]+0.015*[#  12]+0.004*[#   6]+0.004*[#  10]
          
    |psi|^2 = 0.569
==== e(  12) =    17.11720 eV ==== 
     psi = 0.084*[#   2]+0.084*[#   4]+0.020*[#   6]+0.020*[#  10]+0.008*[#   5]
          +0.008*[#   9]+0.004*[#   7]+0.004*[#   8]+0.004*[#  11]+0.004*[#  12]
          
    |psi|^2 = 0.245
==== e(  13) =    19.37853 eV ==== 
     psi = 0.065*[#   2]+0.065*[#   4]+0.017*[#   5]+0.017*[#   9]+0.008*[#   7]
          +0.008*[#   8]+0.008*[#  11]+0.008*[#  12]+0.002*[#   6]+0.002*[#  10]
          
    |psi|^2 = 0.202
==== e(  14) =    20.83881 eV ==== 
     psi = 0.093*[#   2]+0.093*[#   4]+0.012*[#   7]+0.012*[#   8]+0.012*[#  11]
          +0.012*[#  12]+0.006*[#   5]+0.006*[#   9]+0.002*[#   6]+0.002*[#  10]
          
    |psi|^2 = 0.251

 k =   0.1000000000  0.3464101615  0.1847997900
==== e(   1) =   -90.49908 eV ==== 
     psi = 0.497*[#   1]+0.497*[#   3]+0.001*[#   7]+0.001*[#   8]+0.001*[#  11]
          +0.001*[#  12]
    |psi|^2 = 1.000
==== e(   2) =   -90.49819 eV ==== 
     psi = 0.495*[#   1]+0.495*[#   3]+0.002*[#   6]+0.002*[#  10]
    |psi|^2 = 1.000
==== e(   3) =   -11.25269 eV ==== 
     psi = 0.379*[#   5]+0.379*[#   9]+0.113*[#   2]+0.113*[#   4]+0.002*[#   7]
          +0.002*[#   8]+0.002*[#  11]+0.002*[#  12]+0.001*[#   6]+0.001*[#  10]
          
    |psi|^2 = 0.996
==== e(   4) =   -10.55609 eV ==== 
     psi = 0.456*[#   5]+0.456*[#   9]+0.036*[#   2]+0.036*[#   4]+0.002*[#   6]
          +0.002*[#  10]
    |psi|^2 = 0.992
==== e(   5) =     1.35968 eV ==== 
     psi = 0.233*[#   6]+0.233*[#  10]+0.097*[#   7]+0.097*[#   8]+0.097*[#  11]
          +0.097*[#  12]+0.045*[#   2]+0.045*[#   4]+0.014*[#   5]+0.014*[#   9]
          +0.001*[#   1]+0.001*[#   3]
    |psi|^2 = 0.973
==== e(   6) =     2.25083 eV ==== 
     psi = 0.166*[#   7]+0.166*[#   8]+0.166*[#  11]+0.166*[#  12]+0.082*[#   6]
          +0.082*[#  10]+0.042*[#   2]+0.042*[#   4]+0.031*[#   5]+0.031*[#   9]
          +0.002*[#   1]+0.002*[#   3]
    |psi|^2 = 0.978
==== e(   7) =     3.32530 eV ==== 
     psi = 0.181*[#   6]+0.181*[#  10]+0.142*[#   7]+0.142*[#   8]+0.142*[#  11]
          +0.142*[#  12]+0.015*[#   2]+0.015*[#   4]
    |psi|^2 = 0.960
==== e(   8) =     4.01147 eV ==== 
     psi = 0.209*[#   7]+0.209*[#   8]+0.209*[#  11]+0.209*[#  12]+0.054*[#   6]
          +0.054*[#  10]+0.004*[#   2]+0.004*[#   4]
    |psi|^2 = 0.956
==== e(   9) =     4.76017 eV ==== 
     psi = 0.204*[#   7]+0.204*[#   8]+0.204*[#  11]+0.204*[#  12]+0.072*[#   6]
          +0.072*[#  10]+0.001*[#   2]+0.001*[#   4]
    |psi|^2 = 0.963
==== e(  10) =     5.14405 eV ==== 
     psi = 0.287*[#   6]+0.287*[#  10]+0.099*[#   7]+0.099*[#   8]+0.099*[#  11]
          +0.099*[#  12]
    |psi|^2 = 0.968
==== e(  11) =    15.57871 eV ==== 
     psi = 0.178*[#   2]+0.178*[#   4]+0.052*[#   5]+0.052*[#   9]+0.012*[#   7]
          +0.012*[#   8]+0.012*[#  11]+0.012*[#  12]+0.008*[#   6]+0.008*[#  10]
          
    |psi|^2 = 0.522
==== e(  12) =    16.72268 eV ==== 
     psi = 0.104*[#   2]+0.104*[#   4]+0.021*[#   6]+0.021*[#  10]+0.012*[#   5]
          +0.012*[#   9]+0.005*[#   7]+0.005*[#   8]+0.005*[#  11]+0.005*[#  12]
          
    |psi|^2 = 0.295
==== e(  13) =    19.58233 eV ==== 
     psi = 0.058*[#   2]+0.058*[#   4]+0.013*[#   5]+0.013*[#   9]+0.009*[#   7]
          +0.009*[#   8]+0.009*[#  11]+0.009*[#  12]+0.003*[#   6]+0.003*[#  10]
          
    |psi|^2 = 0.185
==== e(  14) =    20.56188 eV ==== 
     psi = 0.081*[#   2]+0.081*[#   4]+0.011*[#   7]+0.011*[#   8]+0.011*[#  11]
          +0.011*[#  12]+0.007*[#   5]+0.007*[#   9]+0.002*[#   6]+0.002*[#  10]
          
    |psi|^2 = 0.225

 k =   0.1000000000  0.3464101615  0.2463997200
==== e(   1) =   -90.49887 eV ==== 
     psi = 0.496*[#   1]+0.496*[#   3]+0.001*[#   7]+0.001*[#   8]+0.001*[#  11]
          +0.001*[#  12]
    |psi|^2 = 1.000
==== e(   2) =   -90.49840 eV ==== 
     psi = 0.496*[#   1]+0.496*[#   3]+0.002*[#   6]+0.002*[#  10]
    |psi|^2 = 1.000
==== e(   3) =   -11.09999 eV ==== 
     psi = 0.396*[#   5]+0.396*[#   9]+0.096*[#   2]+0.096*[#   4]+0.002*[#   6]
          +0.002*[#  10]+0.002*[#   7]+0.002*[#   8]+0.002*[#  11]+0.002*[#  12]
          
    |psi|^2 = 0.995
==== e(   4) =   -10.73486 eV ==== 
     psi = 0.436*[#   5]+0.436*[#   9]+0.055*[#   2]+0.055*[#   4]+0.003*[#   6]
          +0.003*[#  10]+0.001*[#   7]+0.001*[#   8]+0.001*[#  11]+0.001*[#  12]
          
    |psi|^2 = 0.993
==== e(   5) =     1.55315 eV ==== 
     psi = 0.182*[#   6]+0.182*[#  10]+0.118*[#   7]+0.118*[#   8]+0.118*[#  11]
          +0.118*[#  12]+0.050*[#   2]+0.050*[#   4]+0.020*[#   5]+0.020*[#   9]
          +0.001*[#   1]+0.001*[#   3]
    |psi|^2 = 0.978
==== e(   6) =     2.04205 eV ==== 
     psi = 0.153*[#   7]+0.153*[#   8]+0.153*[#  11]+0.153*[#  12]+0.106*[#   6]
          +0.106*[#  10]+0.047*[#   2]+0.047*[#   4]+0.029*[#   5]+0.029*[#   9]
          +0.002*[#   1]+0.002*[#   3]
    |psi|^2 = 0.980
==== e(   7) =     3.68810 eV ==== 
     psi = 0.211*[#   6]+0.211*[#  10]+0.130*[#   7]+0.130*[#   8]+0.130*[#  11]
          +0.130*[#  12]+0.005*[#   2]+0.005*[#   4]
    |psi|^2 = 0.955
==== e(   8) =     4.12520 eV ==== 
     psi = 0.181*[#   7]+0.181*[#   8]+0.181*[#  11]+0.181*[#  12]+0.112*[#   6]
          +0.112*[#  10]+0.003*[#   2]+0.003*[#   4]
    |psi|^2 = 0.957
==== e(   9) =     4.56439 eV ==== 
     psi = 0.204*[#   7]+0.204*[#   8]+0.204*[#  11]+0.204*[#  12]+0.069*[#   6]
          +0.069*[#  10]+0.002*[#   2]+0.002*[#   4]
    |psi|^2 = 0.959
==== e(  10) =     4.91816 eV ==== 
     psi = 0.218*[#   6]+0.218*[#  10]+0.131*[#   7]+0.131*[#   8]+0.131*[#  11]
          +0.131*[#  12]
    |psi|^2 = 0.964
==== e(  11) =    15.66187 eV ==== 
     psi = 0.164*[#   2]+0.164*[#   4]+0.040*[#   5]+0.040*[#   9]+0.014*[#   6]
          +0.014*[#  10]+0.008*[#   7]+0.008*[#   8]+0.008*[#  11]+0.008*[#  12]
          
    |psi|^2 = 0.471
==== e(  12) =    16.29458 eV ==== 
     psi = 0.127*[#   2]+0.127*[#   4]+0.021*[#   6]+0.021*[#  10]+0.019*[#   5]
          +0.019*[#   9]+0.005*[#   7]+0.005*[#   8]+0.005*[#  11]+0.005*[#  12]
          
    |psi|^2 = 0.355
==== e(  13) =    19.78622 eV ==== 
     psi = 0.056*[#   2]+0.056*[#   4]+0.011*[#   5]+0.011*[#   9]+0.009*[#   7]
          +0.009*[#   8]+0.009*[#  11]+0.009*[#  12]+0.003*[#   6]+0.003*[#  10]
          
    |psi|^2 = 0.177
==== e(  14) =    20.27712 eV ==== 
     psi = 0.069*[#   2]+0.069*[#   4]+0.010*[#   7]+0.010*[#   8]+0.010*[#  11]
          +0.010*[#  12]+0.008*[#   5]+0.008*[#   9]+0.002*[#   6]+0.002*[#  10]
          
    |psi|^2 = 0.202

 k =   0.1000000000  0.3464101615 -0.3079996500
==== e(   1) =   -90.49864 eV ==== 
     psi = 0.496*[#   1]+0.496*[#   3]+0.001*[#   6]+0.001*[#  10]+0.001*[#   7]
          +0.001*[#   8]+0.001*[#  11]+0.001*[#  12]
    |psi|^2 = 1.000
==== e(   2) =   -90.49863 eV ==== 
     psi = 0.496*[#   1]+0.496*[#   3]+0.001*[#   6]+0.001*[#  10]+0.001*[#   7]
          +0.001*[#   8]+0.001*[#  11]+0.001*[#  12]
    |psi|^2 = 1.000
==== e(   3) =   -10.92237 eV ==== 
     psi = 0.416*[#   5]+0.416*[#   9]+0.076*[#   2]+0.076*[#   4]+0.002*[#   6]
          +0.002*[#  10]+0.001*[#   7]+0.001*[#   8]+0.001*[#  11]+0.001*[#  12]
          
    |psi|^2 = 0.994
==== e(   4) =   -10.92237 eV ==== 
     psi = 0.416*[#   5]+0.416*[#   9]+0.076*[#   2]+0.076*[#   4]+0.002*[#   6]
          +0.002*[#  10]+0.001*[#   7]+0.001*[#   8]+0.001*[#  11]+0.001*[#  12]
          
    |psi|^2 = 0.994
==== e(   5) =     1.79045 eV ==== 
     psi = 0.141*[#   6]+0.141*[#  10]+0.136*[#   7]+0.136*[#   8]+0.136*[#  11]
          +0.136*[#  12]+0.050*[#   2]+0.050*[#   4]+0.025*[#   5]+0.025*[#   9]
          +0.002*[#   1]+0.002*[#   3]
    |psi|^2 = 0.980
==== e(   6) =     1.79045 eV ==== 
     psi = 0.141*[#   6]+0.141*[#  10]+0.136*[#   7]+0.136*[#   8]+0.136*[#  11]
          +0.136*[#  12]+0.050*[#   2]+0.050*[#   4]+0.025*[#   5]+0.025*[#   9]
          +0.002*[#   1]+0.002*[#   3]
    |psi|^2 = 0.980
==== e(   7) =     4.02039 eV ==== 
     psi = 0.184*[#   6]+0.184*[#  10]+0.145*[#   7]+0.145*[#   8]+0.145*[#  11]
          +0.145*[#  12]+0.002*[#   2]+0.002*[#   4]+0.001*[#   5]+0.001*[#   9]
          
    |psi|^2 = 0.957
==== e(   8) =     4.02039 eV ==== 
     psi = 0.184*[#   6]+0.184*[#  10]+0.145*[#   7]+0.145*[#   8]+0.145*[#  11]
          +0.145*[#  12]+0.002*[#   2]+0.002*[#   4]+0.001*[#   5]+0.001*[#   9]
          
    |psi|^2 = 0.957
==== e(   9) =     4.64138 eV ==== 
     psi = 0.177*[#   7]+0.177*[#   8]+0.177*[#  11]+0.177*[#  12]+0.123*[#   6]
          +0.123*[#  10]+0.002*[#   2]+0.002*[#   4]
    |psi|^2 = 0.959
==== e(  10) =     4.64138 eV ==== 
     psi = 0.177*[#   7]+0.177*[#   8]+0.177*[#  11]+0.177*[#  12]+0.123*[#   6]
          +0.123*[#  10]+0.002*[#   2]+0.002*[#   4]
    |psi|^2 = 0.959
==== e(  11) =    15.91517 eV ==== 
     psi = 0.147*[#   2]+0.147*[#   4]+0.029*[#   5]+0.029*[#   9]+0.019*[#   6]
          +0.019*[#  10]+0.006*[#   7]+0.006*[#   8]+0.006*[#  11]+0.006*[#  12]
          
    |psi|^2 = 0.416
==== e(  12) =    15.91518 eV ==== 
     psi = 0.147*[#   2]+0.147*[#   4]+0.029*[#   5]+0.029*[#   9]+0.019*[#   6]
          +0.019*[#  10]+0.006*[#   7]+0.006*[#   8]+0.006*[#  11]+0.006*[#  12]
          
    |psi|^2 = 0.416
==== e(  13) =    20.01486 eV ==== 
     psi = 0.060*[#   2]+0.060*[#   4]+0.010*[#   7]+0.010*[#   8]+0.010*[#  11]
          +0.010*[#  12]+0.009*[#   5]+0.009*[#   9]+0.002*[#   6]+0.002*[#  10]
          
    |psi|^2 = 0.184
==== e(  14) =    20.01486 eV ==== 
     psi = 0.060*[#   2]+0.060*[#   4]+0.010*[#   7]+0.010*[#   8]+0.010*[#  11]
          +0.010*[#  12]+0.009*[#   5]+0.009*[#   9]+0.002*[#   6]+0.002*[#  10]
          
    |psi|^2 = 0.184

 k =   0.1000000000  0.4041451884  0.0000000000
==== e(   1) =   -90.49906 eV ==== 
     psi = 0.497*[#   1]+0.497*[#   3]+0.001*[#   7]+0.001*[#   8]+0.001*[#  11]
          +0.001*[#  12]
    |psi|^2 = 1.000
==== e(   2) =   -90.49780 eV ==== 
     psi = 0.494*[#   1]+0.494*[#   3]+0.002*[#   2]+0.002*[#   4]+0.002*[#   6]
          +0.002*[#  10]+0.001*[#   7]+0.001*[#   8]+0.001*[#  11]+0.001*[#  12]
          
    |psi|^2 = 1.000
==== e(   3) =   -11.21319 eV ==== 
     psi = 0.382*[#   5]+0.382*[#   9]+0.110*[#   2]+0.110*[#   4]+0.002*[#   7]
          +0.002*[#   8]+0.002*[#  11]+0.002*[#  12]
    |psi|^2 = 0.996
==== e(   4) =   -10.22193 eV ==== 
     psi = 0.491*[#   5]+0.491*[#   9]+0.002*[#   2]+0.002*[#   4]
    |psi|^2 = 0.989
==== e(   5) =     1.11756 eV ==== 
     psi = 0.168*[#   6]+0.168*[#  10]+0.144*[#   7]+0.144*[#   8]+0.144*[#  11]
          +0.144*[#  12]+0.009*[#   2]+0.009*[#   4]+0.008*[#   5]+0.008*[#   9]
          
    |psi|^2 = 0.949
==== e(   6) =     2.00928 eV ==== 
     psi = 0.254*[#   6]+0.254*[#  10]+0.088*[#   7]+0.088*[#   8]+0.088*[#  11]
          +0.088*[#  12]+0.047*[#   2]+0.047*[#   4]+0.010*[#   5]+0.010*[#   9]
          +0.001*[#   1]+0.001*[#   3]
    |psi|^2 = 0.975
==== e(   7) =     2.68786 eV ==== 
     psi = 0.204*[#   7]+0.204*[#   8]+0.204*[#  11]+0.204*[#  12]+0.048*[#   2]
          +0.048*[#   4]+0.025*[#   6]+0.025*[#  10]+0.010*[#   5]+0.010*[#   9]
          +0.001*[#   1]+0.001*[#   3]
    |psi|^2 = 0.984
==== e(   8) =     3.70277 eV ==== 
     psi = 0.231*[#   7]+0.231*[#   8]+0.231*[#  11]+0.231*[#  12]+0.009*[#   2]
          +0.009*[#   4]+0.004*[#   6]+0.004*[#  10]+0.003*[#   5]+0.003*[#   9]
          
    |psi|^2 = 0.959
==== e(   9) =     4.88649 eV ==== 
     psi = 0.438*[#   6]+0.438*[#  10]+0.020*[#   7]+0.020*[#   8]+0.020*[#  11]
          +0.020*[#  12]
    |psi|^2 = 0.958
==== e(  10) =     5.06774 eV ==== 
     psi = 0.221*[#   7]+0.221*[#   8]+0.221*[#  11]+0.221*[#  12]+0.041*[#   6]
          +0.041*[#  10]+0.002*[#   2]+0.002*[#   4]+0.001*[#   5]+0.001*[#   9]
          
    |psi|^2 = 0.970
==== e(  11) =    16.02890 eV ==== 
     psi = 0.128*[#   2]+0.128*[#   4]+0.035*[#   5]+0.035*[#   9]+0.012*[#   7]
          +0.012*[#   8]+0.012*[#  11]+0.012*[#  12]+0.008*[#   6]+0.008*[#  10]
          
    |psi|^2 = 0.390
==== e(  12) =    17.10410 eV ==== 
     psi = 0.071*[#   2]+0.071*[#   4]+0.013*[#   6]+0.013*[#  10]+0.010*[#   5]
          +0.010*[#   9]+0.007*[#   7]+0.007*[#   8]+0.007*[#  11]+0.007*[#  12]
          
    |psi|^2 = 0.216
==== e(  13) =    19.01237 eV ==== 
     psi = 0.119*[#   2]+0.119*[#   4]+0.030*[#   5]+0.030*[#   9]+0.011*[#   7]
          +0.011*[#   8]+0.011*[#  11]+0.011*[#  12]+0.001*[#   6]+0.001*[#  10]
          
    |psi|^2 = 0.343
==== e(  14) =    21.20150 eV ==== 
     psi = 0.080*[#   2]+0.080*[#   4]+0.013*[#   7]+0.013*[#   8]+0.013*[#  11]
          +0.013*[#  12]
    |psi|^2 = 0.214

 k =   0.1000000000  0.4041451884  0.0615999300
==== e(   1) =   -90.49903 eV ==== 
     psi = 0.497*[#   1]+0.497*[#   3]+0.001*[#   7]+0.001*[#   8]+0.001*[#  11]
          +0.001*[#  12]
    |psi|^2 = 1.000
==== e(   2) =   -90.49783 eV ==== 
     psi = 0.494*[#   1]+0.494*[#   3]+0.002*[#   2]+0.002*[#   4]+0.002*[#   6]
          +0.002*[#  10]+0.001*[#   7]+0.001*[#   8]+0.001*[#  11]+0.001*[#  12]
          
    |psi|^2 = 1.000
==== e(   3) =   -11.19199 eV ==== 
     psi = 0.385*[#   5]+0.385*[#   9]+0.108*[#   2]+0.108*[#   4]+0.002*[#   7]
          +0.002*[#   8]+0.002*[#  11]+0.002*[#  12]
    |psi|^2 = 0.996
==== e(   4) =   -10.24992 eV ==== 
     psi = 0.489*[#   5]+0.489*[#   9]+0.005*[#   2]+0.005*[#   4]
    |psi|^2 = 0.990
==== e(   5) =     1.09332 eV ==== 
     psi = 0.164*[#   6]+0.164*[#  10]+0.143*[#   7]+0.143*[#   8]+0.143*[#  11]
          +0.143*[#  12]+0.019*[#   2]+0.019*[#   4]+0.008*[#   5]+0.008*[#   9]
          
    |psi|^2 = 0.955
==== e(   6) =     2.05347 eV ==== 
     psi = 0.212*[#   6]+0.212*[#  10]+0.109*[#   7]+0.109*[#   8]+0.109*[#  11]
          +0.109*[#  12]+0.042*[#   2]+0.042*[#   4]+0.014*[#   5]+0.014*[#   9]
          +0.001*[#   1]+0.001*[#   3]
    |psi|^2 = 0.973
==== e(   7) =     2.71930 eV ==== 
     psi = 0.181*[#   7]+0.181*[#   8]+0.181*[#  11]+0.181*[#  12]+0.077*[#   6]
          +0.077*[#  10]+0.044*[#   2]+0.044*[#   4]+0.007*[#   5]+0.007*[#   9]
          +0.001*[#   1]+0.001*[#   3]
    |psi|^2 = 0.980
==== e(   8) =     3.69448 eV ==== 
     psi = 0.226*[#   7]+0.226*[#   8]+0.226*[#  11]+0.226*[#  12]+0.016*[#   6]
          +0.016*[#  10]+0.008*[#   2]+0.008*[#   4]+0.002*[#   5]+0.002*[#   9]
          
    |psi|^2 = 0.958
==== e(   9) =     4.88293 eV ==== 
     psi = 0.315*[#   6]+0.315*[#  10]+0.083*[#   7]+0.083*[#   8]+0.083*[#  11]
          +0.083*[#  12]
    |psi|^2 = 0.962
==== e(  10) =     5.05963 eV ==== 
     psi = 0.169*[#   7]+0.169*[#   8]+0.169*[#  11]+0.169*[#  12]+0.143*[#   6]
          +0.143*[#  10]+0.002*[#   2]+0.002*[#   4]
    |psi|^2 = 0.968
==== e(  11) =    15.92854 eV ==== 
     psi = 0.131*[#   2]+0.131*[#   4]+0.036*[#   5]+0.036*[#   9]+0.011*[#   7]
          +0.011*[#   8]+0.011*[#  11]+0.011*[#  12]+0.007*[#   6]+0.007*[#  10]
          
    |psi|^2 = 0.393
==== e(  12) =    17.02594 eV ==== 
     psi = 0.068*[#   2]+0.068*[#   4]+0.013*[#   6]+0.013*[#  10]+0.009*[#   5]
          +0.009*[#   9]+0.006*[#   7]+0.006*[#   8]+0.006*[#  11]+0.006*[#  12]
          
    |psi|^2 = 0.207
==== e(  13) =    19.11991 eV ==== 
     psi = 0.113*[#   2]+0.113*[#   4]+0.027*[#   5]+0.027*[#   9]+0.011*[#   7]
          +0.011*[#   8]+0.011*[#  11]+0.011*[#  12]+0.002*[#   6]+0.002*[#  10]
          
    |psi|^2 = 0.328
==== e(  14) =    21.16248 eV ==== 
     psi = 0.078*[#   2]+0.078*[#   4]+0.013*[#   7]+0.013*[#   8]+0.013*[#  11]
          +0.013*[#  12]+0.001*[#   5]+0.001*[#   9]
    |psi|^2 = 0.213

 k =   0.1000000000  0.4041451884  0.1231998600
==== e(   1) =   -90.49894 eV ==== 
     psi = 0.497*[#   1]+0.497*[#   3]+0.001*[#   7]+0.001*[#   8]+0.001*[#  11]
          +0.001*[#  12]
    |psi|^2 = 1.000
==== e(   2) =   -90.49792 eV ==== 
     psi = 0.494*[#   1]+0.494*[#   3]+0.002*[#   2]+0.002*[#   4]+0.002*[#   6]
          +0.002*[#  10]+0.001*[#   7]+0.001*[#   8]+0.001*[#  11]+0.001*[#  12]
          
    |psi|^2 = 1.000
==== e(   3) =   -11.12973 eV ==== 
     psi = 0.392*[#   5]+0.392*[#   9]+0.100*[#   2]+0.100*[#   4]+0.002*[#   7]
          +0.002*[#   8]+0.002*[#  11]+0.002*[#  12]
    |psi|^2 = 0.996
==== e(   4) =   -10.32987 eV ==== 
     psi = 0.481*[#   5]+0.481*[#   9]+0.011*[#   2]+0.011*[#   4]
    |psi|^2 = 0.990
==== e(   5) =     1.06851 eV ==== 
     psi = 0.153*[#   6]+0.153*[#  10]+0.143*[#   7]+0.143*[#   8]+0.143*[#  11]
          +0.143*[#  12]+0.036*[#   2]+0.036*[#   4]+0.008*[#   5]+0.008*[#   9]
          
    |psi|^2 = 0.966
==== e(   6) =     2.04200 eV ==== 
     psi = 0.151*[#   7]+0.151*[#   8]+0.151*[#  11]+0.151*[#  12]+0.121*[#   6]
          +0.121*[#  10]+0.042*[#   2]+0.042*[#   4]+0.022*[#   5]+0.022*[#   9]
          +0.001*[#   1]+0.001*[#   3]
    |psi|^2 = 0.975
==== e(   7) =     2.89202 eV ==== 
     psi = 0.195*[#   6]+0.195*[#  10]+0.129*[#   7]+0.129*[#   8]+0.129*[#  11]
          +0.129*[#  12]+0.027*[#   2]+0.027*[#   4]+0.002*[#   5]+0.002*[#   9]
          
    |psi|^2 = 0.967
==== e(   8) =     3.72524 eV ==== 
     psi = 0.217*[#   7]+0.217*[#   8]+0.217*[#  11]+0.217*[#  12]+0.035*[#   6]
          +0.035*[#  10]+0.008*[#   2]+0.008*[#   4]+0.001*[#   5]+0.001*[#   9]
          
    |psi|^2 = 0.957
==== e(   9) =     4.77761 eV ==== 
     psi = 0.176*[#   7]+0.176*[#   8]+0.176*[#  11]+0.176*[#  12]+0.129*[#   6]
          +0.129*[#  10]+0.001*[#   2]+0.001*[#   4]
    |psi|^2 = 0.965
==== e(  10) =     5.07820 eV ==== 
     psi = 0.291*[#   6]+0.291*[#  10]+0.095*[#   7]+0.095*[#   8]+0.095*[#  11]
          +0.095*[#  12]
    |psi|^2 = 0.966
==== e(  11) =    15.71586 eV ==== 
     psi = 0.134*[#   2]+0.134*[#   4]+0.035*[#   5]+0.035*[#   9]+0.010*[#   7]
          +0.010*[#   8]+0.010*[#  11]+0.010*[#  12]+0.005*[#   6]+0.005*[#  10]
          
    |psi|^2 = 0.388
==== e(  12) =    16.80623 eV ==== 
     psi = 0.068*[#   2]+0.068*[#   4]+0.013*[#   6]+0.013*[#  10]+0.008*[#   5]
          +0.008*[#   9]+0.006*[#   7]+0.006*[#   8]+0.006*[#  11]+0.006*[#  12]
          
    |psi|^2 = 0.202
==== e(  13) =    19.35975 eV ==== 
     psi = 0.098*[#   2]+0.098*[#   4]+0.021*[#   5]+0.021*[#   9]+0.011*[#   7]
          +0.011*[#   8]+0.011*[#  11]+0.011*[#  12]+0.004*[#   6]+0.004*[#  10]
          
    |psi|^2 = 0.287
==== e(  14) =    21.03617 eV ==== 
     psi = 0.071*[#   2]+0.071*[#   4]+0.012*[#   7]+0.012*[#   8]+0.012*[#  11]
          +0.012*[#  12]+0.002*[#   5]+0.002*[#   9]
    |psi|^2 = 0.199

 k =   0.1000000000  0.4041451884  0.1847997900
==== e(   1) =   -90.49880 eV ==== 
     psi = 0.496*[#   1]+0.496*[#   3]+0.001*[#   7]+0.001*[#   8]+0.001*[#  11]
          +0.001*[#  12]
    |psi|^2 = 1.000
==== e(   2) =   -90.49806 eV ==== 
     psi = 0.495*[#   1]+0.495*[#   3]+0.001*[#   2]+0.001*[#   4]+0.001*[#   6]
          +0.001*[#  10]+0.001*[#   7]+0.001*[#   8]+0.001*[#  11]+0.001*[#  12]
          
    |psi|^2 = 1.000
==== e(   3) =   -11.03054 eV ==== 
     psi = 0.404*[#   5]+0.404*[#   9]+0.088*[#   2]+0.088*[#   4]+0.002*[#   7]
          +0.002*[#   8]+0.002*[#  11]+0.002*[#  12]
    |psi|^2 = 0.995
==== e(   4) =   -10.45075 eV ==== 
     psi = 0.469*[#   5]+0.469*[#   9]+0.023*[#   2]+0.023*[#   4]+0.002*[#   6]
          +0.002*[#  10]
    |psi|^2 = 0.991
==== e(   5) =     1.10229 eV ==== 
     psi = 0.146*[#   7]+0.146*[#   8]+0.146*[#  11]+0.146*[#  12]+0.137*[#   6]
          +0.137*[#  10]+0.047*[#   2]+0.047*[#   4]+0.010*[#   5]+0.010*[#   9]
          +0.001*[#   1]+0.001*[#   3]
    |psi|^2 = 0.974
==== e(   6) =     1.87177 eV ==== 
     psi = 0.165*[#   7]+0.165*[#   8]+0.165*[#  11]+0.165*[#  12]+0.088*[#   6]
          +0.088*[#  10]+0.047*[#   2]+0.047*[#   4]+0.023*[#   5]+0.023*[#   9]
          +0.002*[#   1]+0.002*[#   3]
    |psi|^2 = 0.978
==== e(   7) =     3.22293 eV ==== 
     psi = 0.238*[#   6]+0.238*[#  10]+0.113*[#   7]+0.113*[#   8]+0.113*[#  11]
          +0.113*[#  12]+0.012*[#   2]+0.012*[#   4]
    |psi|^2 = 0.957
==== e(   8) =     3.86083 eV ==== 
     psi = 0.199*[#   7]+0.199*[#   8]+0.199*[#  11]+0.199*[#  12]+0.072*[#   6]
          +0.072*[#  10]+0.007*[#   2]+0.007*[#   4]
    |psi|^2 = 0.956
==== e(   9) =     4.57715 eV ==== 
     psi = 0.198*[#   7]+0.198*[#   8]+0.198*[#  11]+0.198*[#  12]+0.083*[#   6]
          +0.083*[#  10]+0.002*[#   2]+0.002*[#   4]+0.001*[#   5]+0.001*[#   9]
          
    |psi|^2 = 0.962
==== e(  10) =     5.04349 eV ==== 
     psi = 0.299*[#   6]+0.299*[#  10]+0.092*[#   7]+0.092*[#   8]+0.092*[#  11]
          +0.092*[#  12]
    |psi|^2 = 0.966
==== e(  11) =    15.55577 eV ==== 
     psi = 0.131*[#   2]+0.131*[#   4]+0.031*[#   5]+0.031*[#   9]+0.008*[#   7]
          +0.008*[#   8]+0.008*[#  11]+0.008*[#  12]+0.005*[#   6]+0.005*[#  10]
          
    |psi|^2 = 0.367
==== e(  12) =    16.47462 eV ==== 
     psi = 0.076*[#   2]+0.076*[#   4]+0.013*[#   6]+0.013*[#  10]+0.010*[#   5]
          +0.010*[#   9]+0.005*[#   7]+0.005*[#   8]+0.005*[#  11]+0.005*[#  12]
          
    |psi|^2 = 0.219
==== e(  13) =    19.61697 eV ==== 
     psi = 0.080*[#   2]+0.080*[#   4]+0.014*[#   5]+0.014*[#   9]+0.011*[#   7]
          +0.011*[#   8]+0.011*[#  11]+0.011*[#  12]+0.004*[#   6]+0.004*[#  10]
          
    |psi|^2 = 0.238
==== e(  14) =    20.80065 eV ==== 
     psi = 0.068*[#   2]+0.068*[#   4]+0.012*[#   7]+0.012*[#   8]+0.012*[#  11]
          +0.012*[#  12]+0.003*[#   5]+0.003*[#   9]+0.002*[#   6]+0.002*[#  10]
          
    |psi|^2 = 0.195

 k =   0.1000000000  0.4041451884  0.2463997200
==== e(   1) =   -90.49862 eV ==== 
     psi = 0.496*[#   1]+0.496*[#   3]+0.001*[#   7]+0.001*[#   8]+0.001*[#  11]
          +0.001*[#  12]
    |psi|^2 = 1.000
==== e(   2) =   -90.49823 eV ==== 
     psi = 0.495*[#   1]+0.495*[#   3]+0.001*[#   6]+0.001*[#  10]+0.001*[#   7]
          +0.001*[#   8]+0.001*[#  11]+0.001*[#  12]
    |psi|^2 = 1.000
==== e(   3) =   -10.90149 eV ==== 
     psi = 0.420*[#   5]+0.420*[#   9]+0.072*[#   2]+0.072*[#   4]+0.002*[#   7]
          +0.002*[#   8]+0.002*[#  11]+0.002*[#  12]+0.001*[#   6]+0.001*[#  10]
          
    |psi|^2 = 0.994
==== e(   4) =   -10.59724 eV ==== 
     psi = 0.454*[#   5]+0.454*[#   9]+0.038*[#   2]+0.038*[#   4]+0.002*[#   6]
          +0.002*[#  10]+0.001*[#   7]+0.001*[#   8]+0.001*[#  11]+0.001*[#  12]
          
    |psi|^2 = 0.992
==== e(   5) =     1.21406 eV ==== 
     psi = 0.151*[#   7]+0.151*[#   8]+0.151*[#  11]+0.151*[#  12]+0.120*[#   6]
          +0.120*[#  10]+0.052*[#   2]+0.052*[#   4]+0.013*[#   5]+0.013*[#   9]
          +0.001*[#   1]+0.001*[#   3]
    |psi|^2 = 0.978
==== e(   6) =     1.63135 eV ==== 
     psi = 0.163*[#   7]+0.163*[#   8]+0.163*[#  11]+0.163*[#  12]+0.092*[#   6]
          +0.092*[#  10]+0.050*[#   2]+0.050*[#   4]+0.020*[#   5]+0.020*[#   9]
          +0.002*[#   1]+0.002*[#   3]
    |psi|^2 = 0.979
==== e(   7) =     3.58189 eV ==== 
     psi = 0.201*[#   6]+0.201*[#  10]+0.135*[#   7]+0.135*[#   8]+0.135*[#  11]
          +0.135*[#  12]+0.005*[#   2]+0.005*[#   4]+0.001*[#   5]+0.001*[#   9]
          
    |psi|^2 = 0.955
==== e(   8) =     4.03738 eV ==== 
     psi = 0.166*[#   7]+0.166*[#   8]+0.166*[#  11]+0.166*[#  12]+0.142*[#   6]
          +0.142*[#  10]+0.004*[#   2]+0.004*[#   4]+0.001*[#   5]+0.001*[#   9]
          
    |psi|^2 = 0.958
==== e(   9) =     4.40921 eV ==== 
     psi = 0.192*[#   7]+0.192*[#   8]+0.192*[#  11]+0.192*[#  12]+0.092*[#   6]
          +0.092*[#  10]+0.003*[#   2]+0.003*[#   4]
    |psi|^2 = 0.959
==== e(  10) =     4.87672 eV ==== 
     psi = 0.264*[#   6]+0.264*[#  10]+0.109*[#   7]+0.109*[#   8]+0.109*[#  11]
          +0.109*[#  12]
    |psi|^2 = 0.964
==== e(  11) =    15.56145 eV ==== 
     psi = 0.121*[#   2]+0.121*[#   4]+0.025*[#   5]+0.025*[#   9]+0.008*[#   6]
          +0.008*[#  10]+0.006*[#   7]+0.006*[#   8]+0.006*[#  11]+0.006*[#  12]
          
    |psi|^2 = 0.335
==== e(  12) =    16.09302 eV ==== 
     psi = 0.091*[#   2]+0.091*[#   4]+0.013*[#   6]+0.013*[#  10]+0.013*[#   5]
          +0.013*[#   9]+0.005*[#   7]+0.005*[#   8]+0.005*[#  11]+0.005*[#  12]
          
    |psi|^2 = 0.254
==== e(  13) =    19.87277 eV ==== 
     psi = 0.067*[#   2]+0.067*[#   4]+0.010*[#   7]+0.010*[#   8]+0.010*[#  11]
          +0.010*[#  12]+0.009*[#   5]+0.009*[#   9]+0.003*[#   6]+0.003*[#  10]
          
    |psi|^2 = 0.202
==== e(  14) =    20.48188 eV ==== 
     psi = 0.065*[#   2]+0.065*[#   4]+0.011*[#   7]+0.011*[#   8]+0.011*[#  11]
          +0.011*[#  12]+0.005*[#   5]+0.005*[#   9]+0.002*[#   6]+0.002*[#  10]
          
    |psi|^2 = 0.189

 k =   0.1000000000  0.4041451884 -0.3079996500
==== e(   1) =   -90.49843 eV ==== 
     psi = 0.496*[#   1]+0.496*[#   3]+0.001*[#   6]+0.001*[#   7]+0.001*[#   8]
          +0.001*[#  10]+0.001*[#  11]+0.001*[#  12]
    |psi|^2 = 1.000
==== e(   2) =   -90.49842 eV ==== 
     psi = 0.496*[#   1]+0.496*[#   3]+0.001*[#   6]+0.001*[#   7]+0.001*[#   8]
          +0.001*[#  10]+0.001*[#  11]+0.001*[#  12]
    |psi|^2 = 1.000
==== e(   3) =   -10.75267 eV ==== 
     psi = 0.437*[#   5]+0.437*[#   9]+0.055*[#   2]+0.055*[#   4]+0.002*[#   6]
          +0.002*[#  10]+0.001*[#   7]+0.001*[#   8]+0.001*[#  11]+0.001*[#  12]
          
    |psi|^2 = 0.993
==== e(   4) =   -10.75267 eV ==== 
     psi = 0.437*[#   5]+0.437*[#   9]+0.055*[#   2]+0.055*[#   4]+0.002*[#   6]
          +0.002*[#  10]+0.001*[#   7]+0.001*[#   8]+0.001*[#  11]+0.001*[#  12]
          
    |psi|^2 = 0.993
==== e(   5) =     1.39792 eV ==== 
     psi = 0.157*[#   7]+0.157*[#   8]+0.157*[#  11]+0.157*[#  12]+0.105*[#   6]
          +0.105*[#  10]+0.053*[#   2]+0.053*[#   4]+0.017*[#   5]+0.017*[#   9]
          +0.002*[#   1]+0.002*[#   3]
    |psi|^2 = 0.979
==== e(   6) =     1.39792 eV ==== 
     psi = 0.157*[#   7]+0.157*[#   8]+0.157*[#  11]+0.157*[#  12]+0.105*[#   6]
          +0.105*[#  10]+0.053*[#   2]+0.053*[#   4]+0.017*[#   5]+0.017*[#   9]
          +0.002*[#   1]+0.002*[#   3]
    |psi|^2 = 0.979
==== e(   7) =     3.89192 eV ==== 
     psi = 0.161*[#   7]+0.161*[#   8]+0.161*[#  11]+0.161*[#  12]+0.152*[#   6]
          +0.152*[#  10]+0.003*[#   2]+0.003*[#   4]+0.001*[#   5]+0.001*[#   9]
          
    |psi|^2 = 0.957
==== e(   8) =     3.89192 eV ==== 
     psi = 0.161*[#   7]+0.161*[#   8]+0.161*[#  11]+0.161*[#  12]+0.152*[#   6]
          +0.152*[#  10]+0.003*[#   2]+0.003*[#   4]+0.001*[#   5]+0.001*[#   9]
          
    |psi|^2 = 0.957
==== e(   9) =     4.59860 eV ==== 
     psi = 0.197*[#   6]+0.197*[#  10]+0.140*[#   7]+0.140*[#   8]+0.140*[#  11]
          +0.140*[#  12]+0.002*[#   2]+0.002*[#   4]
    |psi|^2 = 0.960
==== e(  10) =     4.59860 eV ==== 
     psi = 0.197*[#   6]+0.197*[#  10]+0.140*[#   7]+0.140*[#   8]+0.140*[#  11]
          +0.140*[#  12]+0.002*[#   2]+0.002*[#   4]
    |psi|^2 = 0.960
==== e(  11) =    15.75747 eV ==== 
     psi = 0.107*[#   2]+0.107*[#   4]+0.019*[#   5]+0.019*[#   9]+0.011*[#   6]
          +0.011*[#  10]+0.005*[#   7]+0.005*[#   8]+0.005*[#  11]+0.005*[#  12]
          
    |psi|^2 = 0.295
==== e(  12) =    15.75747 eV ==== 
     psi = 0.107*[#   2]+0.107*[#   4]+0.019*[#   5]+0.019*[#   9]+0.011*[#   6]
          +0.011*[#  10]+0.005*[#   7]+0.005*[#   8]+0.005*[#  11]+0.005*[#  12]
          
    |psi|^2 = 0.295
==== e(  13) =    20.15906 eV ==== 
     psi = 0.063*[#   2]+0.063*[#   4]+0.011*[#   7]+0.011*[#   8]+0.011*[#  11]
          +0.011*[#  12]+0.007*[#   5]+0.007*[#   9]+0.003*[#   6]+0.003*[#  10]
          
    |psi|^2 = 0.188
==== e(  14) =    20.15907 eV ==== 
     psi = 0.063*[#   2]+0.063*[#   4]+0.011*[#   7]+0.011*[#   8]+0.011*[#  11]
          +0.011*[#  12]+0.007*[#   5]+0.007*[#   9]+0.003*[#   6]+0.003*[#  10]
          
    |psi|^2 = 0.188

 k =   0.1000000000  0.4618802154  0.0000000000
==== e(   1) =   -90.49877 eV ==== 
     psi = 0.496*[#   1]+0.496*[#   3]+0.001*[#   7]+0.001*[#   8]+0.001*[#  11]
          +0.001*[#  12]
    |psi|^2 = 1.000
==== e(   2) =   -90.49776 eV ==== 
     psi = 0.494*[#   1]+0.494*[#   3]+0.002*[#   2]+0.002*[#   4]+0.001*[#   6]
          +0.001*[#   7]+0.001*[#   8]+0.001*[#  10]+0.001*[#  11]+0.001*[#  12]
          
    |psi|^2 = 1.000
==== e(   3) =   -10.97547 eV ==== 
     psi = 0.409*[#   5]+0.409*[#   9]+0.084*[#   2]+0.084*[#   4]+0.002*[#   7]
          +0.002*[#   8]+0.002*[#  11]+0.002*[#  12]
    |psi|^2 = 0.995
==== e(   4) =   -10.20827 eV ==== 
     psi = 0.493*[#   5]+0.493*[#   9]
    |psi|^2 = 0.989
==== e(   5) =     0.82904 eV ==== 
     psi = 0.192*[#   7]+0.192*[#   8]+0.192*[#  11]+0.192*[#  12]+0.059*[#   6]
          +0.059*[#  10]+0.027*[#   2]+0.027*[#   4]+0.010*[#   5]+0.010*[#   9]
          
    |psi|^2 = 0.961
==== e(   6) =     2.18759 eV ==== 
     psi = 0.245*[#   6]+0.245*[#  10]+0.103*[#   7]+0.103*[#   8]+0.103*[#  11]
          +0.103*[#  12]+0.022*[#   2]+0.022*[#   4]+0.008*[#   5]+0.008*[#   9]
          
    |psi|^2 = 0.964
==== e(   7) =     2.49053 eV ==== 
     psi = 0.146*[#   7]+0.146*[#   8]+0.146*[#  11]+0.146*[#  12]+0.139*[#   6]
          +0.139*[#  10]+0.054*[#   2]+0.054*[#   4]+0.004*[#   5]+0.004*[#   9]
          +0.001*[#   1]+0.001*[#   3]
    |psi|^2 = 0.983
==== e(   8) =     3.48061 eV ==== 
     psi = 0.226*[#   7]+0.226*[#   8]+0.226*[#  11]+0.226*[#  12]+0.014*[#   6]
          +0.014*[#  10]+0.012*[#   2]+0.012*[#   4]+0.002*[#   5]+0.002*[#   9]
          
    |psi|^2 = 0.960
==== e(   9) =     4.55868 eV ==== 
     psi = 0.451*[#   6]+0.451*[#  10]+0.011*[#   7]+0.011*[#   8]+0.011*[#  11]
          +0.011*[#  12]+0.001*[#   2]+0.001*[#   4]
    |psi|^2 = 0.951
==== e(  10) =     4.95952 eV ==== 
     psi = 0.229*[#   7]+0.229*[#   8]+0.229*[#  11]+0.229*[#  12]+0.023*[#   6]
          +0.023*[#  10]+0.003*[#   2]+0.003*[#   4]+0.001*[#   5]+0.001*[#   9]
          
    |psi|^2 = 0.970
==== e(  11) =    15.99985 eV ==== 
     psi = 0.052*[#   2]+0.052*[#   4]+0.015*[#   6]+0.015*[#  10]+0.011*[#   5]
          +0.011*[#   9]+0.005*[#   7]+0.005*[#   8]+0.005*[#  11]+0.005*[#  12]
          
    |psi|^2 = 0.179
==== e(  12) =    16.86851 eV ==== 
     psi = 0.056*[#   2]+0.056*[#   4]+0.010*[#   5]+0.010*[#   9]+0.007*[#   7]
          +0.007*[#   8]+0.007*[#  11]+0.007*[#  12]+0.004*[#   6]+0.004*[#  10]
          
    |psi|^2 = 0.170
==== e(  13) =    19.07359 eV ==== 
     psi = 0.191*[#   2]+0.191*[#   4]+0.036*[#   5]+0.036*[#   9]+0.014*[#   7]
          +0.014*[#   8]+0.014*[#  11]+0.014*[#  12]+0.002*[#   6]+0.002*[#  10]
          
    |psi|^2 = 0.515
==== e(  14) =    21.10393 eV ==== 
     psi = 0.077*[#   2]+0.077*[#   4]+0.013*[#   7]+0.013*[#   8]+0.013*[#  11]
          +0.013*[#  12]+0.002*[#   6]+0.002*[#  10]
    |psi|^2 = 0.211

 k =   0.1000000000  0.4618802154  0.0615999300
==== e(   1) =   -90.49875 eV ==== 
     psi = 0.496*[#   1]+0.496*[#   3]+0.001*[#   7]+0.001*[#   8]+0.001*[#  11]
          +0.001*[#  12]
    |psi|^2 = 1.000
==== e(   2) =   -90.49778 eV ==== 
     psi = 0.494*[#   1]+0.494*[#   3]+0.002*[#   2]+0.002*[#   4]+0.001*[#   6]
          +0.001*[#   7]+0.001*[#   8]+0.001*[#  10]+0.001*[#  11]+0.001*[#  12]
          
    |psi|^2 = 1.000
==== e(   3) =   -10.95842 eV ==== 
     psi = 0.411*[#   5]+0.411*[#   9]+0.082*[#   2]+0.082*[#   4]+0.002*[#   7]
          +0.002*[#   8]+0.002*[#  11]+0.002*[#  12]
    |psi|^2 = 0.995
==== e(   4) =   -10.22900 eV ==== 
     psi = 0.491*[#   5]+0.491*[#   9]+0.001*[#   2]+0.001*[#   4]
    |psi|^2 = 0.989
==== e(   5) =     0.80896 eV ==== 
     psi = 0.187*[#   7]+0.187*[#   8]+0.187*[#  11]+0.187*[#  12]+0.067*[#   6]
          +0.067*[#  10]+0.032*[#   2]+0.032*[#   4]+0.009*[#   5]+0.009*[#   9]
          
    |psi|^2 = 0.964
==== e(   6) =     2.09928 eV ==== 
     psi = 0.146*[#   6]+0.146*[#   7]+0.146*[#   8]+0.146*[#  10]+0.146*[#  11]
          +0.146*[#  12]+0.034*[#   2]+0.034*[#   4]+0.012*[#   5]+0.012*[#   9]
          +0.001*[#   1]+0.001*[#   3]
    |psi|^2 = 0.972
==== e(   7) =     2.60510 eV ==== 
     psi = 0.235*[#   6]+0.235*[#  10]+0.105*[#   7]+0.105*[#   8]+0.105*[#  11]
          +0.105*[#  12]+0.038*[#   2]+0.038*[#   4]+0.002*[#   5]+0.002*[#   9]
          +0.001*[#   1]+0.001*[#   3]
    |psi|^2 = 0.972
==== e(   8) =     3.49888 eV ==== 
     psi = 0.220*[#   7]+0.220*[#   8]+0.220*[#  11]+0.220*[#  12]+0.027*[#   6]
          +0.027*[#  10]+0.012*[#   2]+0.012*[#   4]+0.001*[#   5]+0.001*[#   9]
          
    |psi|^2 = 0.959
==== e(   9) =     4.60211 eV ==== 
     psi = 0.399*[#   6]+0.399*[#  10]+0.039*[#   7]+0.039*[#   8]+0.039*[#  11]
          +0.039*[#  12]
    |psi|^2 = 0.954
==== e(  10) =     4.93060 eV ==== 
     psi = 0.212*[#   7]+0.212*[#   8]+0.212*[#  11]+0.212*[#  12]+0.056*[#   6]
          +0.056*[#  10]+0.003*[#   2]+0.003*[#   4]+0.001*[#   5]+0.001*[#   9]
          
    |psi|^2 = 0.968
==== e(  11) =    15.88670 eV ==== 
     psi = 0.062*[#   2]+0.062*[#   4]+0.014*[#   5]+0.014*[#   9]+0.012*[#   6]
          +0.012*[#  10]+0.006*[#   7]+0.006*[#   8]+0.006*[#  11]+0.006*[#  12]
          
    |psi|^2 = 0.200
==== e(  12) =    16.80915 eV ==== 
     psi = 0.051*[#   2]+0.051*[#   4]+0.009*[#   5]+0.009*[#   9]+0.007*[#   7]
          +0.007*[#   8]+0.007*[#  11]+0.007*[#  12]+0.005*[#   6]+0.005*[#  10]
          
    |psi|^2 = 0.157
==== e(  13) =    19.19060 eV ==== 
     psi = 0.176*[#   2]+0.176*[#   4]+0.031*[#   5]+0.031*[#   9]+0.014*[#   7]
          +0.014*[#   8]+0.014*[#  11]+0.014*[#  12]+0.003*[#   6]+0.003*[#  10]
          
    |psi|^2 = 0.476
==== e(  14) =    21.03749 eV ==== 
     psi = 0.071*[#   2]+0.071*[#   4]+0.012*[#   7]+0.012*[#   8]+0.012*[#  11]
          +0.012*[#  12]+0.002*[#   6]+0.002*[#  10]
    |psi|^2 = 0.197

 k =   0.1000000000  0.4618802154  0.1231998600
==== e(   1) =   -90.49867 eV ==== 
     psi = 0.496*[#   1]+0.496*[#   3]+0.001*[#   7]+0.001*[#   8]+0.001*[#  11]
          +0.001*[#  12]
    |psi|^2 = 1.000
==== e(   2) =   -90.49785 eV ==== 
     psi = 0.494*[#   1]+0.494*[#   3]+0.002*[#   2]+0.002*[#   4]+0.001*[#   6]
          +0.001*[#   7]+0.001*[#   8]+0.001*[#  10]+0.001*[#  11]+0.001*[#  12]
          
    |psi|^2 = 1.000
==== e(   3) =   -10.90852 eV ==== 
     psi = 0.418*[#   5]+0.418*[#   9]+0.075*[#   2]+0.075*[#   4]+0.002*[#   7]
          +0.002*[#   8]+0.002*[#  11]+0.002*[#  12]
    |psi|^2 = 0.994
==== e(   4) =   -10.28852 eV ==== 
     psi = 0.487*[#   5]+0.487*[#   9]+0.005*[#   2]+0.005*[#   4]
    |psi|^2 = 0.989
==== e(   5) =     0.78129 eV ==== 
     psi = 0.178*[#   7]+0.178*[#   8]+0.178*[#  11]+0.178*[#  12]+0.080*[#   6]
          +0.080*[#  10]+0.042*[#   2]+0.042*[#   4]+0.007*[#   5]+0.007*[#   9]
          
    |psi|^2 = 0.970
==== e(   6) =     1.87965 eV ==== 
     psi = 0.171*[#   7]+0.171*[#   8]+0.171*[#  11]+0.171*[#  12]+0.087*[#   6]
          +0.087*[#  10]+0.044*[#   2]+0.044*[#   4]+0.014*[#   5]+0.014*[#   9]
          +0.001*[#   1]+0.001*[#   3]
    |psi|^2 = 0.976
==== e(   7) =     2.87272 eV ==== 
     psi = 0.277*[#   6]+0.277*[#  10]+0.091*[#   7]+0.091*[#   8]+0.091*[#  11]
          +0.091*[#  12]+0.019*[#   2]+0.019*[#   4]+0.001*[#   5]+0.001*[#   9]
          
    |psi|^2 = 0.961
==== e(   8) =     3.60293 eV ==== 
     psi = 0.201*[#   7]+0.201*[#   8]+0.201*[#  11]+0.201*[#  12]+0.063*[#   6]
          +0.063*[#  10]+0.012*[#   2]+0.012*[#   4]
    |psi|^2 = 0.959
==== e(   9) =     4.59368 eV ==== 
     psi = 0.205*[#   6]+0.205*[#  10]+0.137*[#   7]+0.137*[#   8]+0.137*[#  11]
          +0.137*[#  12]+0.001*[#   2]+0.001*[#   4]
    |psi|^2 = 0.962
==== e(  10) =     4.91660 eV ==== 
     psi = 0.217*[#   6]+0.217*[#  10]+0.131*[#   7]+0.131*[#   8]+0.131*[#  11]
          +0.131*[#  12]+0.002*[#   2]+0.002*[#   4]
    |psi|^2 = 0.963
==== e(  11) =    15.64594 eV ==== 
     psi = 0.077*[#   2]+0.077*[#   4]+0.017*[#   5]+0.017*[#   9]+0.008*[#   6]
          +0.008*[#  10]+0.006*[#   7]+0.006*[#   8]+0.006*[#  11]+0.006*[#  12]
          
    |psi|^2 = 0.227
==== e(  12) =    16.62243 eV ==== 
     psi = 0.046*[#   2]+0.046*[#   4]+0.007*[#   5]+0.007*[#   9]+0.006*[#   7]
          +0.006*[#   8]+0.006*[#  11]+0.006*[#  12]+0.006*[#   6]+0.006*[#  10]
          
    |psi|^2 = 0.142
==== e(  13) =    19.46067 eV ==== 
     psi = 0.140*[#   2]+0.140*[#   4]+0.022*[#   5]+0.022*[#   9]+0.013*[#   7]
          +0.013*[#   8]+0.013*[#  11]+0.013*[#  12]+0.004*[#   6]+0.004*[#  10]
          
    |psi|^2 = 0.385
==== e(  14) =    20.89664 eV ==== 
     psi = 0.057*[#   2]+0.057*[#   4]+0.011*[#   7]+0.011*[#   8]+0.011*[#  11]
          +0.011*[#  12]+0.001*[#   6]+0.001*[#  10]+0.001*[#   5]+0.001*[#   9]
          
    |psi|^2 = 0.165

 k =   0.1000000000  0.4618802154  0.1847997900
==== e(   1) =   -90.49856 eV ==== 
     psi = 0.496*[#   1]+0.496*[#   3]+0.001*[#   7]+0.001*[#   8]+0.001*[#  11]
          +0.001*[#  12]
    |psi|^2 = 1.000
==== e(   2) =   -90.49797 eV ==== 
     psi = 0.494*[#   1]+0.494*[#   3]+0.002*[#   2]+0.002*[#   4]+0.001*[#   6]
          +0.001*[#   7]+0.001*[#   8]+0.001*[#  10]+0.001*[#  11]+0.001*[#  12]
          
    |psi|^2 = 1.000
==== e(   3) =   -10.82946 eV ==== 
     psi = 0.429*[#   5]+0.429*[#   9]+0.064*[#   2]+0.064*[#   4]+0.001*[#   7]
          +0.001*[#   8]+0.001*[#  11]+0.001*[#  12]
    |psi|^2 = 0.994
==== e(   4) =   -10.37944 eV ==== 
     psi = 0.480*[#   5]+0.480*[#   9]+0.012*[#   2]+0.012*[#   4]+0.001*[#   6]
          +0.001*[#  10]
    |psi|^2 = 0.990
==== e(   5) =     0.79896 eV ==== 
     psi = 0.171*[#   7]+0.171*[#   8]+0.171*[#  11]+0.171*[#  12]+0.087*[#   6]
          +0.087*[#  10]+0.051*[#   2]+0.051*[#   4]+0.006*[#   5]+0.006*[#   9]
          +0.001*[#   1]+0.001*[#   3]
    |psi|^2 = 0.975
==== e(   6) =     1.59459 eV ==== 
     psi = 0.173*[#   7]+0.173*[#   8]+0.173*[#  11]+0.173*[#  12]+0.078*[#   6]
          +0.078*[#  10]+0.049*[#   2]+0.049*[#   4]+0.013*[#   5]+0.013*[#   9]
          +0.002*[#   1]+0.002*[#   3]
    |psi|^2 = 0.978
==== e(   7) =     3.18715 eV ==== 
     psi = 0.228*[#   6]+0.228*[#  10]+0.120*[#   7]+0.120*[#   8]+0.120*[#  11]
          +0.120*[#  12]+0.009*[#   2]+0.009*[#   4]+0.001*[#   5]+0.001*[#   9]
          
    |psi|^2 = 0.956
==== e(   8) =     3.83407 eV ==== 
     psi = 0.166*[#   7]+0.166*[#   8]+0.166*[#  11]+0.166*[#  12]+0.136*[#   6]
          +0.136*[#  10]+0.009*[#   2]+0.009*[#   4]
    |psi|^2 = 0.958
==== e(   9) =     4.42330 eV ==== 
     psi = 0.187*[#   7]+0.187*[#   8]+0.187*[#  11]+0.187*[#  12]+0.103*[#   6]
          +0.103*[#  10]+0.003*[#   2]+0.003*[#   4]+0.001*[#   5]+0.001*[#   9]
          
    |psi|^2 = 0.962
==== e(  10) =     4.93388 eV ==== 
     psi = 0.294*[#   6]+0.294*[#  10]+0.094*[#   7]+0.094*[#   8]+0.094*[#  11]
          +0.094*[#  12]
    |psi|^2 = 0.964
==== e(  11) =    15.45407 eV ==== 
     psi = 0.083*[#   2]+0.083*[#   4]+0.017*[#   5]+0.017*[#   9]+0.005*[#   7]
          +0.005*[#   8]+0.005*[#  11]+0.005*[#  12]+0.004*[#   6]+0.004*[#  10]
          
    |psi|^2 = 0.231
==== e(  12) =    16.31273 eV ==== 
     psi = 0.048*[#   2]+0.048*[#   4]+0.007*[#   5]+0.007*[#   9]+0.007*[#   6]
          +0.007*[#  10]+0.005*[#   7]+0.005*[#   8]+0.005*[#  11]+0.005*[#  12]
          
    |psi|^2 = 0.144
==== e(  13) =    19.74201 eV ==== 
     psi = 0.099*[#   2]+0.099*[#   4]+0.013*[#   5]+0.013*[#   9]+0.012*[#   7]
          +0.012*[#   8]+0.012*[#  11]+0.012*[#  12]+0.004*[#   6]+0.004*[#  10]
          
    |psi|^2 = 0.280
==== e(  14) =    20.75892 eV ==== 
     psi = 0.050*[#   2]+0.050*[#   4]+0.011*[#   7]+0.011*[#   8]+0.011*[#  11]
          +0.011*[#  12]+0.002*[#   5]+0.002*[#   9]+0.001*[#   6]+0.001*[#  10]
          
    |psi|^2 = 0.152

 k =   0.1000000000  0.4618802154  0.2463997200
==== e(   1) =   -90.49842 eV ==== 
     psi = 0.496*[#   1]+0.496*[#   3]+0.001*[#   7]+0.001*[#   8]+0.001*[#  11]
          +0.001*[#  12]
    |psi|^2 = 1.000
==== e(   2) =   -90.49811 eV ==== 
     psi = 0.495*[#   1]+0.495*[#   3]+0.001*[#   2]+0.001*[#   4]+0.001*[#   7]
          +0.001*[#   8]+0.001*[#  11]+0.001*[#  12]+0.001*[#   6]+0.001*[#  10]
          
    |psi|^2 = 1.000
==== e(   3) =   -10.72744 eV ==== 
     psi = 0.442*[#   5]+0.442*[#   9]+0.051*[#   2]+0.051*[#   4]+0.001*[#   7]
          +0.001*[#   8]+0.001*[#  11]+0.001*[#  12]
    |psi|^2 = 0.992
==== e(   4) =   -10.49104 eV ==== 
     psi = 0.469*[#   5]+0.469*[#   9]+0.023*[#   2]+0.023*[#   4]+0.001*[#   6]
          +0.001*[#  10]
    |psi|^2 = 0.990
==== e(   5) =     0.89157 eV ==== 
     psi = 0.169*[#   7]+0.169*[#   8]+0.169*[#  11]+0.169*[#  12]+0.088*[#   6]
          +0.088*[#  10]+0.055*[#   2]+0.055*[#   4]+0.007*[#   5]+0.007*[#   9]
          +0.001*[#   1]+0.001*[#   3]
    |psi|^2 = 0.978
==== e(   6) =     1.30800 eV ==== 
     psi = 0.171*[#   7]+0.171*[#   8]+0.171*[#  11]+0.171*[#  12]+0.082*[#   6]
          +0.082*[#  10]+0.053*[#   2]+0.053*[#   4]+0.011*[#   5]+0.011*[#   9]
          +0.002*[#   1]+0.002*[#   3]
    |psi|^2 = 0.979
==== e(   7) =     3.49234 eV ==== 
     psi = 0.160*[#   6]+0.160*[#  10]+0.155*[#   7]+0.155*[#   8]+0.155*[#  11]
          +0.155*[#  12]+0.006*[#   2]+0.006*[#   4]+0.002*[#   5]+0.002*[#   9]
          
    |psi|^2 = 0.956
==== e(   8) =     4.00947 eV ==== 
     psi = 0.163*[#   7]+0.163*[#   8]+0.163*[#  11]+0.163*[#  12]+0.148*[#   6]
          +0.148*[#  10]+0.004*[#   2]+0.004*[#   4]+0.001*[#   5]+0.001*[#   9]
          
    |psi|^2 = 0.958
==== e(   9) =     4.32952 eV ==== 
     psi = 0.158*[#   7]+0.158*[#   8]+0.158*[#  11]+0.158*[#  12]+0.157*[#   6]
          +0.157*[#  10]+0.005*[#   2]+0.005*[#   4]
    |psi|^2 = 0.960
==== e(  10) =     4.84052 eV ==== 
     psi = 0.288*[#   6]+0.288*[#  10]+0.097*[#   7]+0.097*[#   8]+0.097*[#  11]
          +0.097*[#  12]
    |psi|^2 = 0.964
==== e(  11) =    15.43224 eV ==== 
     psi = 0.079*[#   2]+0.079*[#   4]+0.015*[#   5]+0.015*[#   9]+0.004*[#   7]
          +0.004*[#   8]+0.004*[#  11]+0.004*[#  12]+0.004*[#   6]+0.004*[#  10]
          
    |psi|^2 = 0.214
==== e(  12) =    15.93995 eV ==== 
     psi = 0.057*[#   2]+0.057*[#   4]+0.009*[#   5]+0.009*[#   9]+0.007*[#   6]
          +0.007*[#  10]+0.004*[#   7]+0.004*[#   8]+0.004*[#  11]+0.004*[#  12]
          
    |psi|^2 = 0.162
==== e(  13) =    19.99244 eV ==== 
     psi = 0.069*[#   2]+0.069*[#   4]+0.011*[#   7]+0.011*[#   8]+0.011*[#  11]
          +0.011*[#  12]+0.007*[#   5]+0.007*[#   9]+0.003*[#   6]+0.003*[#  10]
          
    |psi|^2 = 0.200
==== e(  14) =    20.54458 eV ==== 
     psi = 0.049*[#   2]+0.049*[#   4]+0.011*[#   7]+0.011*[#   8]+0.011*[#  11]
          +0.011*[#  12]+0.002*[#   5]+0.002*[#   9]+0.002*[#   6]+0.002*[#  10]
          
    |psi|^2 = 0.150

 k =   0.1000000000  0.4618802154 -0.3079996500
==== e(   1) =   -90.49827 eV ==== 
     psi = 0.495*[#   1]+0.495*[#   3]+0.001*[#   7]+0.001*[#   8]+0.001*[#  11]
          +0.001*[#  12]
    |psi|^2 = 1.000
==== e(   2) =   -90.49826 eV ==== 
     psi = 0.495*[#   1]+0.495*[#   3]+0.001*[#   7]+0.001*[#   8]+0.001*[#  11]
          +0.001*[#  12]
    |psi|^2 = 1.000
==== e(   3) =   -10.61107 eV ==== 
     psi = 0.456*[#   5]+0.456*[#   9]+0.036*[#   2]+0.036*[#   4]+0.001*[#   6]
          +0.001*[#  10]+0.001*[#   7]+0.001*[#   8]+0.001*[#  11]+0.001*[#  12]
          
    |psi|^2 = 0.991
==== e(   4) =   -10.61107 eV ==== 
     psi = 0.456*[#   5]+0.456*[#   9]+0.036*[#   2]+0.036*[#   4]+0.001*[#   6]
          +0.001*[#  10]+0.001*[#   7]+0.001*[#   8]+0.001*[#  11]+0.001*[#  12]
          
    |psi|^2 = 0.991
==== e(   5) =     1.06491 eV ==== 
     psi = 0.169*[#   7]+0.169*[#   8]+0.169*[#  11]+0.169*[#  12]+0.085*[#   6]
          +0.085*[#  10]+0.056*[#   2]+0.056*[#   4]+0.009*[#   5]+0.009*[#   9]
          +0.002*[#   1]+0.002*[#   3]
    |psi|^2 = 0.979
==== e(   6) =     1.06492 eV ==== 
     psi = 0.169*[#   7]+0.169*[#   8]+0.169*[#  11]+0.169*[#  12]+0.085*[#   6]
          +0.085*[#  10]+0.056*[#   2]+0.056*[#   4]+0.009*[#   5]+0.009*[#   9]
          +0.002*[#   1]+0.002*[#   3]
    |psi|^2 = 0.979
==== e(   7) =     3.78494 eV ==== 
     psi = 0.175*[#   7]+0.175*[#   8]+0.175*[#  11]+0.175*[#  12]+0.122*[#   6]
          +0.122*[#  10]+0.004*[#   2]+0.004*[#   4]+0.002*[#   5]+0.002*[#   9]
          
    |psi|^2 = 0.957
==== e(   8) =     3.78494 eV ==== 
     psi = 0.175*[#   7]+0.175*[#   8]+0.175*[#  11]+0.175*[#  12]+0.122*[#   6]
          +0.122*[#  10]+0.004*[#   2]+0.004*[#   4]+0.002*[#   5]+0.002*[#   9]
          
    |psi|^2 = 0.957
==== e(   9) =     4.60454 eV ==== 
     psi = 0.252*[#   6]+0.252*[#  10]+0.113*[#   7]+0.113*[#   8]+0.113*[#  11]
          +0.113*[#  12]+0.002*[#   2]+0.002*[#   4]
    |psi|^2 = 0.962
==== e(  10) =     4.60454 eV ==== 
     psi = 0.252*[#   6]+0.252*[#  10]+0.113*[#   7]+0.113*[#   8]+0.113*[#  11]
          +0.113*[#  12]+0.002*[#   2]+0.002*[#   4]
    |psi|^2 = 0.962
==== e(  11) =    15.61163 eV ==== 
     psi = 0.069*[#   2]+0.069*[#   4]+0.012*[#   5]+0.012*[#   9]+0.005*[#   6]
          +0.005*[#  10]+0.004*[#   7]+0.004*[#   8]+0.004*[#  11]+0.004*[#  12]
          
    |psi|^2 = 0.188
==== e(  12) =    15.61163 eV ==== 
     psi = 0.069*[#   2]+0.069*[#   4]+0.012*[#   5]+0.012*[#   9]+0.005*[#   6]
          +0.005*[#  10]+0.004*[#   7]+0.004*[#   8]+0.004*[#  11]+0.004*[#  12]
          
    |psi|^2 = 0.188
==== e(  13) =    20.26103 eV ==== 
     psi = 0.054*[#   2]+0.054*[#   4]+0.010*[#   7]+0.010*[#   8]+0.010*[#  11]
          +0.010*[#  12]+0.004*[#   5]+0.004*[#   9]+0.002*[#   6]+0.002*[#  10]
          
    |psi|^2 = 0.162
==== e(  14) =    20.26104 eV ==== 
     psi = 0.054*[#   2]+0.054*[#   4]+0.010*[#   7]+0.010*[#   8]+0.010*[#  11]
          +0.010*[#  12]+0.004*[#   5]+0.004*[#   9]+0.002*[#   6]+0.002*[#  10]
          
    |psi|^2 = 0.162

 k =   0.1000000000  0.5196152423  0.0000000000
==== e(   1) =   -90.49857 eV ==== 
     psi = 0.496*[#   1]+0.496*[#   3]+0.001*[#   7]+0.001*[#   8]+0.001*[#  11]
          +0.001*[#  12]
    |psi|^2 = 1.000
==== e(   2) =   -90.49775 eV ==== 
     psi = 0.494*[#   1]+0.494*[#   3]+0.002*[#   2]+0.002*[#   4]+0.001*[#   7]
          +0.001*[#   8]+0.001*[#  11]+0.001*[#  12]+0.001*[#   6]+0.001*[#  10]
          
    |psi|^2 = 1.000
==== e(   3) =   -10.78838 eV ==== 
     psi = 0.431*[#   5]+0.431*[#   9]+0.063*[#   2]+0.063*[#   4]+0.001*[#   7]
          +0.001*[#   8]+0.001*[#  11]+0.001*[#  12]
    |psi|^2 = 0.994
==== e(   4) =   -10.22883 eV ==== 
     psi = 0.490*[#   5]+0.490*[#   9]+0.002*[#   7]+0.002*[#   8]+0.002*[#  11]
          +0.002*[#  12]+0.001*[#   2]+0.001*[#   4]
    |psi|^2 = 0.989
==== e(   5) =     0.58957 eV ==== 
     psi = 0.202*[#   7]+0.202*[#   8]+0.202*[#  11]+0.202*[#  12]+0.036*[#   2]
          +0.036*[#   4]+0.035*[#   6]+0.035*[#  10]+0.008*[#   5]+0.008*[#   9]
          
    |psi|^2 = 0.967
==== e(   6) =     2.19198 eV ==== 
     psi = 0.212*[#   7]+0.212*[#   8]+0.212*[#  11]+0.212*[#  12]+0.036*[#   2]
          +0.036*[#   4]+0.019*[#   6]+0.019*[#  10]+0.009*[#   5]+0.009*[#   9]
          +0.001*[#   1]+0.001*[#   3]
    |psi|^2 = 0.978
==== e(   7) =     2.59890 eV ==== 
     psi = 0.368*[#   6]+0.368*[#  10]+0.043*[#   7]+0.043*[#   8]+0.043*[#  11]
          +0.043*[#  12]+0.026*[#   2]+0.026*[#   4]
    |psi|^2 = 0.962
==== e(   8) =     3.37115 eV ==== 
     psi = 0.210*[#   7]+0.210*[#   8]+0.210*[#  11]+0.210*[#  12]+0.042*[#   6]
          +0.042*[#  10]+0.018*[#   2]+0.018*[#   4]
    |psi|^2 = 0.963
==== e(   9) =     4.25220 eV ==== 
     psi = 0.450*[#   6]+0.450*[#  10]+0.009*[#   7]+0.009*[#   8]+0.009*[#  11]
          +0.009*[#  12]+0.002*[#   2]+0.002*[#   4]
    |psi|^2 = 0.943
==== e(  10) =     4.89186 eV ==== 
     psi = 0.231*[#   7]+0.231*[#   8]+0.231*[#  11]+0.231*[#  12]+0.018*[#   6]
          +0.018*[#  10]+0.004*[#   2]+0.004*[#   4]+0.001*[#   5]+0.001*[#   9]
          
    |psi|^2 = 0.970
==== e(  11) =    15.87371 eV ==== 
     psi = 0.018*[#   6]+0.018*[#  10]+0.013*[#   2]+0.013*[#   4]+0.003*[#   5]
          +0.003*[#   9]+0.003*[#   7]+0.003*[#   8]+0.003*[#  11]+0.003*[#  12]
          
    |psi|^2 = 0.079
==== e(  12) =    16.78056 eV ==== 
     psi = 0.023*[#   2]+0.023*[#   4]+0.005*[#   7]+0.005*[#   8]+0.005*[#  11]
          +0.005*[#  12]+0.005*[#   5]+0.005*[#   9]+0.001*[#   6]+0.001*[#  10]
          
    |psi|^2 = 0.080
==== e(  13) =    19.19348 eV ==== 
     psi = 0.250*[#   2]+0.250*[#   4]+0.036*[#   5]+0.036*[#   9]+0.016*[#   7]
          +0.016*[#   8]+0.016*[#  11]+0.016*[#  12]+0.001*[#   1]+0.001*[#   3]
          
    |psi|^2 = 0.638
==== e(  14) =    21.00100 eV ==== 
     psi = 0.084*[#   2]+0.084*[#   4]+0.014*[#   7]+0.014*[#   8]+0.014*[#  11]
          +0.014*[#  12]+0.003*[#   6]+0.003*[#  10]
    |psi|^2 = 0.231

 k =   0.1000000000  0.5196152423  0.0615999300
==== e(   1) =   -90.49855 eV ==== 
     psi = 0.496*[#   1]+0.496*[#   3]+0.001*[#   7]+0.001*[#   8]+0.001*[#  11]
          +0.001*[#  12]
    |psi|^2 = 1.000
==== e(   2) =   -90.49777 eV ==== 
     psi = 0.494*[#   1]+0.494*[#   3]+0.002*[#   2]+0.002*[#   4]+0.001*[#   7]
          +0.001*[#   8]+0.001*[#  11]+0.001*[#  12]+0.001*[#   6]+0.001*[#  10]
          
    |psi|^2 = 1.000
==== e(   3) =   -10.77544 eV ==== 
     psi = 0.434*[#   5]+0.434*[#   9]+0.061*[#   2]+0.061*[#   4]
    |psi|^2 = 0.994
==== e(   4) =   -10.24327 eV ==== 
     psi = 0.489*[#   5]+0.489*[#   9]+0.002*[#   2]+0.002*[#   4]+0.002*[#   7]
          +0.002*[#   8]+0.002*[#  11]+0.002*[#  12]
    |psi|^2 = 0.989
==== e(   5) =     0.57553 eV ==== 
     psi = 0.198*[#   7]+0.198*[#   8]+0.198*[#  11]+0.198*[#  12]+0.042*[#   6]
          +0.042*[#  10]+0.039*[#   2]+0.039*[#   4]+0.007*[#   5]+0.007*[#   9]
          
    |psi|^2 = 0.969
==== e(   6) =     2.05284 eV ==== 
     psi = 0.199*[#   7]+0.199*[#   8]+0.199*[#  11]+0.199*[#  12]+0.040*[#   2]
          +0.040*[#   4]+0.039*[#   6]+0.039*[#  10]+0.009*[#   5]+0.009*[#   9]
          +0.001*[#   1]+0.001*[#   3]
    |psi|^2 = 0.977
==== e(   7) =     2.70163 eV ==== 
     psi = 0.337*[#   6]+0.337*[#  10]+0.061*[#   7]+0.061*[#   8]+0.061*[#  11]
          +0.061*[#  12]+0.020*[#   2]+0.020*[#   4]
    |psi|^2 = 0.960
==== e(   8) =     3.42575 eV ==== 
     psi = 0.199*[#   7]+0.199*[#   8]+0.199*[#  11]+0.199*[#  12]+0.065*[#   6]
          +0.065*[#  10]+0.018*[#   2]+0.018*[#   4]
    |psi|^2 = 0.963
==== e(   9) =     4.32847 eV ==== 
     psi = 0.416*[#   6]+0.416*[#  10]+0.028*[#   7]+0.028*[#   8]+0.028*[#  11]
          +0.028*[#  12]+0.001*[#   2]+0.001*[#   4]
    |psi|^2 = 0.947
==== e(  10) =     4.85506 eV ==== 
     psi = 0.222*[#   7]+0.222*[#   8]+0.222*[#  11]+0.222*[#  12]+0.034*[#   6]
          +0.034*[#  10]+0.004*[#   2]+0.004*[#   4]+0.001*[#   5]+0.001*[#   9]
          
    |psi|^2 = 0.968
==== e(  11) =    15.76726 eV ==== 
     psi = 0.024*[#   2]+0.024*[#   4]+0.015*[#   6]+0.015*[#  10]+0.005*[#   5]
          +0.005*[#   9]+0.003*[#   7]+0.003*[#   8]+0.003*[#  11]+0.003*[#  12]
          
    |psi|^2 = 0.101
==== e(  12) =    16.72313 eV ==== 
     psi = 0.022*[#   2]+0.022*[#   4]+0.005*[#   7]+0.005*[#   8]+0.005*[#  11]
          +0.005*[#  12]+0.004*[#   5]+0.004*[#   9]+0.001*[#   6]+0.001*[#  10]
          
    |psi|^2 = 0.077
==== e(  13) =    19.32020 eV ==== 
     psi = 0.228*[#   2]+0.228*[#   4]+0.031*[#   5]+0.031*[#   9]+0.015*[#   7]
          +0.015*[#   8]+0.015*[#  11]+0.015*[#  12]+0.002*[#   6]+0.002*[#  10]
          +0.001*[#   1]+0.001*[#   3]
    |psi|^2 = 0.584
==== e(  14) =    20.89138 eV ==== 
     psi = 0.073*[#   2]+0.073*[#   4]+0.013*[#   7]+0.013*[#   8]+0.013*[#  11]
          +0.013*[#  12]+0.003*[#   6]+0.003*[#  10]
    |psi|^2 = 0.206

 k =   0.1000000000  0.5196152423  0.1231998600
==== e(   1) =   -90.49849 eV ==== 
     psi = 0.496*[#   1]+0.496*[#   3]+0.001*[#   7]+0.001*[#   8]+0.001*[#  11]
          +0.001*[#  12]
    |psi|^2 = 1.000
==== e(   2) =   -90.49783 eV ==== 
     psi = 0.494*[#   1]+0.494*[#   3]+0.002*[#   2]+0.002*[#   4]+0.001*[#   7]
          +0.001*[#   8]+0.001*[#  11]+0.001*[#  12]+0.001*[#   6]+0.001*[#  10]
          
    |psi|^2 = 1.000
==== e(   3) =   -10.73769 eV ==== 
     psi = 0.440*[#   5]+0.440*[#   9]+0.055*[#   2]+0.055*[#   4]
    |psi|^2 = 0.993
==== e(   4) =   -10.28498 eV ==== 
     psi = 0.488*[#   5]+0.488*[#   9]+0.003*[#   2]+0.003*[#   4]+0.001*[#   7]
          +0.001*[#   8]+0.001*[#  11]+0.001*[#  12]
    |psi|^2 = 0.989
==== e(   5) =     0.55679 eV ==== 
     psi = 0.189*[#   7]+0.189*[#   8]+0.189*[#  11]+0.189*[#  12]+0.056*[#   6]
          +0.056*[#  10]+0.047*[#   2]+0.047*[#   4]+0.004*[#   5]+0.004*[#   9]
          
    |psi|^2 = 0.973
==== e(   6) =     1.75443 eV ==== 
     psi = 0.188*[#   7]+0.188*[#   8]+0.188*[#  11]+0.188*[#  12]+0.057*[#   6]
          +0.057*[#  10]+0.046*[#   2]+0.046*[#   4]+0.008*[#   5]+0.008*[#   9]
          +0.002*[#   1]+0.002*[#   3]
    |psi|^2 = 0.977
==== e(   7) =     2.91140 eV ==== 
     psi = 0.269*[#   6]+0.269*[#  10]+0.098*[#   7]+0.098*[#   8]+0.098*[#  11]
          +0.098*[#  12]+0.012*[#   2]+0.012*[#   4]+0.001*[#   5]+0.001*[#   9]
          
    |psi|^2 = 0.957
==== e(   8) =     3.61308 eV ==== 
     psi = 0.168*[#   7]+0.168*[#   8]+0.168*[#  11]+0.168*[#  12]+0.129*[#   6]
          +0.129*[#  10]+0.016*[#   2]+0.016*[#   4]
    |psi|^2 = 0.962
==== e(   9) =     4.41356 eV ==== 
     psi = 0.277*[#   6]+0.277*[#  10]+0.100*[#   7]+0.100*[#   8]+0.100*[#  11]
          +0.100*[#  12]
    |psi|^2 = 0.957
==== e(  10) =     4.80553 eV ==== 
     psi = 0.167*[#   7]+0.167*[#   8]+0.167*[#  11]+0.167*[#  12]+0.143*[#   6]
          +0.143*[#  10]+0.004*[#   2]+0.004*[#   4]
    |psi|^2 = 0.963
==== e(  11) =    15.53643 eV ==== 
     psi = 0.042*[#   2]+0.042*[#   4]+0.009*[#   5]+0.009*[#   9]+0.009*[#   6]
          +0.009*[#  10]+0.004*[#   7]+0.004*[#   8]+0.004*[#  11]+0.004*[#  12]
          
    |psi|^2 = 0.134
==== e(  12) =    16.54006 eV ==== 
     psi = 0.021*[#   2]+0.021*[#   4]+0.005*[#   7]+0.005*[#   8]+0.005*[#  11]
          +0.005*[#  12]+0.004*[#   5]+0.004*[#   9]+0.002*[#   6]+0.002*[#  10]
          
    |psi|^2 = 0.074
==== e(  13) =    19.62859 eV ==== 
     psi = 0.177*[#   2]+0.177*[#   4]+0.021*[#   5]+0.021*[#   9]+0.014*[#   7]
          +0.014*[#   8]+0.014*[#  11]+0.014*[#  12]+0.004*[#   6]+0.004*[#  10]
          
    |psi|^2 = 0.460
==== e(  14) =    20.66897 eV ==== 
     psi = 0.054*[#   2]+0.054*[#   4]+0.011*[#   7]+0.011*[#   8]+0.011*[#  11]
          +0.011*[#  12]+0.003*[#   6]+0.003*[#  10]
    |psi|^2 = 0.160

 k =   0.1000000000  0.5196152423  0.1847997900
==== e(   1) =   -90.49840 eV ==== 
     psi = 0.495*[#   1]+0.495*[#   3]+0.001*[#   7]+0.001*[#   8]+0.001*[#  11]
          +0.001*[#  12]
    |psi|^2 = 1.000
==== e(   2) =   -90.49792 eV ==== 
     psi = 0.494*[#   1]+0.494*[#   3]+0.002*[#   2]+0.002*[#   4]+0.001*[#   7]
          +0.001*[#   8]+0.001*[#  11]+0.001*[#  12]+0.001*[#   6]+0.001*[#  10]
          
    |psi|^2 = 1.000
==== e(   3) =   -10.67826 eV ==== 
     psi = 0.449*[#   5]+0.449*[#   9]+0.045*[#   2]+0.045*[#   4]
    |psi|^2 = 0.992
==== e(   4) =   -10.34932 eV ==== 
     psi = 0.484*[#   5]+0.484*[#   9]+0.007*[#   2]+0.007*[#   4]+0.001*[#   7]
          +0.001*[#   8]+0.001*[#  11]+0.001*[#  12]
    |psi|^2 = 0.989
==== e(   5) =     0.57734 eV ==== 
     psi = 0.182*[#   7]+0.182*[#   8]+0.182*[#  11]+0.182*[#  12]+0.067*[#   6]
          +0.067*[#  10]+0.054*[#   2]+0.054*[#   4]+0.003*[#   5]+0.003*[#   9]
          +0.001*[#   1]+0.001*[#   3]
    |psi|^2 = 0.976
==== e(   6) =     1.41430 eV ==== 
     psi = 0.180*[#   7]+0.180*[#   8]+0.180*[#  11]+0.180*[#  12]+0.069*[#   6]
          +0.069*[#  10]+0.051*[#   2]+0.051*[#   4]+0.006*[#   5]+0.006*[#   9]
          +0.002*[#   1]+0.002*[#   3]
    |psi|^2 = 0.977
==== e(   7) =     3.15747 eV ==== 
     psi = 0.188*[#   6]+0.188*[#  10]+0.140*[#   7]+0.140*[#   8]+0.140*[#  11]
          +0.140*[#  12]+0.008*[#   2]+0.008*[#   4]+0.002*[#   5]+0.002*[#   9]
          
    |psi|^2 = 0.956
==== e(   8) =     3.91558 eV ==== 
     psi = 0.202*[#   6]+0.202*[#  10]+0.134*[#   7]+0.134*[#   8]+0.134*[#  11]
          +0.134*[#  12]+0.010*[#   2]+0.010*[#   4]+0.001*[#   5]+0.001*[#   9]
          
    |psi|^2 = 0.961
==== e(   9) =     4.29650 eV ==== 
     psi = 0.173*[#   7]+0.173*[#   8]+0.173*[#  11]+0.173*[#  12]+0.130*[#   6]
          +0.130*[#  10]+0.003*[#   2]+0.003*[#   4]+0.001*[#   5]+0.001*[#   9]
          
    |psi|^2 = 0.961
==== e(  10) =     4.83835 eV ==== 
     psi = 0.273*[#   6]+0.273*[#  10]+0.103*[#   7]+0.103*[#   8]+0.103*[#  11]
          +0.103*[#  12]+0.001*[#   2]+0.001*[#   4]
    |psi|^2 = 0.961
==== e(  11) =    15.34826 eV ==== 
     psi = 0.050*[#   2]+0.050*[#   4]+0.011*[#   5]+0.011*[#   9]+0.004*[#   6]
          +0.004*[#  10]+0.003*[#   7]+0.003*[#   8]+0.003*[#  11]+0.003*[#  12]
          
    |psi|^2 = 0.143
==== e(  12) =    16.22924 eV ==== 
     psi = 0.023*[#   2]+0.023*[#   4]+0.005*[#   5]+0.005*[#   9]+0.004*[#   7]
          +0.004*[#   8]+0.004*[#  11]+0.004*[#  12]+0.003*[#   6]+0.003*[#  10]
          
    |psi|^2 = 0.078
==== e(  13) =    19.94177 eV ==== 
     psi = 0.111*[#   2]+0.111*[#   4]+0.012*[#   7]+0.012*[#   8]+0.012*[#  11]
          +0.012*[#  12]+0.011*[#   5]+0.011*[#   9]+0.004*[#   6]+0.004*[#  10]
          
    |psi|^2 = 0.300
==== e(  14) =    20.52995 eV ==== 
     psi = 0.049*[#   2]+0.049*[#   4]+0.010*[#   7]+0.010*[#   8]+0.010*[#  11]
          +0.010*[#  12]+0.002*[#   6]+0.002*[#  10]+0.002*[#   5]+0.002*[#   9]
          
    |psi|^2 = 0.148

 k =   0.1000000000  0.5196152423  0.2463997200
==== e(   1) =   -90.49828 eV ==== 
     psi = 0.495*[#   1]+0.495*[#   3]+0.001*[#   7]+0.001*[#   8]+0.001*[#  11]
          +0.001*[#  12]
    |psi|^2 = 1.000
==== e(   2) =   -90.49803 eV ==== 
     psi = 0.494*[#   1]+0.494*[#   3]+0.002*[#   2]+0.002*[#   4]+0.001*[#   7]
          +0.001*[#   8]+0.001*[#  11]+0.001*[#  12]+0.001*[#   6]+0.001*[#  10]
          
    |psi|^2 = 1.000
==== e(   3) =   -10.60225 eV ==== 
     psi = 0.459*[#   5]+0.459*[#   9]+0.034*[#   2]+0.034*[#   4]
    |psi|^2 = 0.991
==== e(   4) =   -10.42931 eV ==== 
     psi = 0.478*[#   5]+0.478*[#   9]+0.014*[#   2]+0.014*[#   4]
    |psi|^2 = 0.989
==== e(   5) =     0.66889 eV ==== 
     psi = 0.177*[#   7]+0.177*[#   8]+0.177*[#  11]+0.177*[#  12]+0.074*[#   6]
          +0.074*[#  10]+0.058*[#   2]+0.058*[#   4]+0.002*[#   5]+0.002*[#   9]
          +0.001*[#   1]+0.001*[#   3]
    |psi|^2 = 0.979
==== e(   6) =     1.09843 eV ==== 
     psi = 0.176*[#   7]+0.176*[#   8]+0.176*[#  11]+0.176*[#  12]+0.075*[#   6]
          +0.075*[#  10]+0.055*[#   2]+0.055*[#   4]+0.004*[#   5]+0.004*[#   9]
          +0.002*[#   1]+0.002*[#   3]
    |psi|^2 = 0.978
==== e(   7) =     3.42661 eV ==== 
     psi = 0.169*[#   7]+0.169*[#   8]+0.169*[#  11]+0.169*[#  12]+0.133*[#   6]
          +0.133*[#  10]+0.006*[#   2]+0.006*[#   4]+0.002*[#   5]+0.002*[#   9]
          
    |psi|^2 = 0.956
==== e(   8) =     3.98927 eV ==== 
     psi = 0.180*[#   7]+0.180*[#   8]+0.180*[#  11]+0.180*[#  12]+0.114*[#   6]
          +0.114*[#  10]+0.004*[#   2]+0.004*[#   4]+0.001*[#   5]+0.001*[#   9]
          
    |psi|^2 = 0.959
==== e(   9) =     4.32757 eV ==== 
     psi = 0.238*[#   6]+0.238*[#  10]+0.118*[#   7]+0.118*[#   8]+0.118*[#  11]
          +0.118*[#  12]+0.005*[#   2]+0.005*[#   4]+0.001*[#   5]+0.001*[#   9]
          
    |psi|^2 = 0.962
==== e(  10) =     4.80659 eV ==== 
     psi = 0.296*[#   6]+0.296*[#  10]+0.093*[#   7]+0.093*[#   8]+0.093*[#  11]
          +0.093*[#  12]
    |psi|^2 = 0.963
==== e(  11) =    15.32693 eV ==== 
     psi = 0.048*[#   2]+0.048*[#   4]+0.010*[#   5]+0.010*[#   9]+0.003*[#   7]
          +0.003*[#   8]+0.003*[#  11]+0.003*[#  12]+0.001*[#   6]+0.001*[#  10]
          
    |psi|^2 = 0.130
==== e(  12) =    15.84811 eV ==== 
     psi = 0.030*[#   2]+0.030*[#   4]+0.006*[#   5]+0.006*[#   9]+0.004*[#   7]
          +0.004*[#   8]+0.004*[#  11]+0.004*[#  12]+0.002*[#   6]+0.002*[#  10]
          
    |psi|^2 = 0.090
==== e(  13) =    20.13704 eV ==== 
     psi = 0.057*[#   2]+0.057*[#   4]+0.010*[#   7]+0.010*[#   8]+0.010*[#  11]
          +0.010*[#  12]+0.004*[#   5]+0.004*[#   9]+0.003*[#   6]+0.003*[#  10]
          
    |psi|^2 = 0.167
==== e(  14) =    20.46450 eV ==== 
     psi = 0.045*[#   2]+0.045*[#   4]+0.010*[#   7]+0.010*[#   8]+0.010*[#  11]
          +0.010*[#  12]+0.002*[#   5]+0.002*[#   9]+0.001*[#   6]+0.001*[#  10]
          
    |psi|^2 = 0.138

 k =   0.1000000000  0.5196152423 -0.3079996500
==== e(   1) =   -90.49816 eV ==== 
     psi = 0.495*[#   1]+0.495*[#   3]+0.001*[#   2]+0.001*[#   4]+0.001*[#   7]
          +0.001*[#   8]+0.001*[#  11]+0.001*[#  12]
    |psi|^2 = 1.000
==== e(   2) =   -90.49815 eV ==== 
     psi = 0.495*[#   1]+0.495*[#   3]+0.001*[#   2]+0.001*[#   4]+0.001*[#   7]
          +0.001*[#   8]+0.001*[#  11]+0.001*[#  12]
    |psi|^2 = 1.000
==== e(   3) =   -10.51655 eV ==== 
     psi = 0.470*[#   5]+0.470*[#   9]+0.023*[#   2]+0.023*[#   4]
    |psi|^2 = 0.990
==== e(   4) =   -10.51655 eV ==== 
     psi = 0.470*[#   5]+0.470*[#   9]+0.023*[#   2]+0.023*[#   4]
    |psi|^2 = 0.990
==== e(   5) =     0.84382 eV ==== 
     psi = 0.175*[#   7]+0.175*[#   8]+0.175*[#  11]+0.175*[#  12]+0.076*[#   6]
          +0.076*[#  10]+0.058*[#   2]+0.058*[#   4]+0.003*[#   5]+0.003*[#   9]
          +0.002*[#   1]+0.002*[#   3]
    |psi|^2 = 0.979
==== e(   6) =     0.84382 eV ==== 
     psi = 0.175*[#   7]+0.175*[#   8]+0.175*[#  11]+0.175*[#  12]+0.076*[#   6]
          +0.076*[#  10]+0.058*[#   2]+0.058*[#   4]+0.003*[#   5]+0.003*[#   9]
          +0.002*[#   1]+0.002*[#   3]
    |psi|^2 = 0.979
==== e(   7) =     3.71346 eV ==== 
     psi = 0.183*[#   7]+0.183*[#   8]+0.183*[#  11]+0.183*[#  12]+0.105*[#   6]
          +0.105*[#  10]+0.005*[#   2]+0.005*[#   4]+0.002*[#   5]+0.002*[#   9]
          
    |psi|^2 = 0.957
==== e(   8) =     3.71346 eV ==== 
     psi = 0.183*[#   7]+0.183*[#   8]+0.183*[#  11]+0.183*[#  12]+0.105*[#   6]
          +0.105*[#  10]+0.005*[#   2]+0.005*[#   4]+0.002*[#   5]+0.002*[#   9]
          
    |psi|^2 = 0.957
==== e(   9) =     4.62388 eV ==== 
     psi = 0.283*[#   6]+0.283*[#  10]+0.098*[#   7]+0.098*[#   8]+0.098*[#  11]
          +0.098*[#  12]+0.001*[#   2]+0.001*[#   4]
    |psi|^2 = 0.963
==== e(  10) =     4.62388 eV ==== 
     psi = 0.283*[#   6]+0.283*[#  10]+0.098*[#   7]+0.098*[#   8]+0.098*[#  11]
          +0.098*[#  12]+0.001*[#   2]+0.001*[#   4]
    |psi|^2 = 0.963
==== e(  11) =    15.51047 eV ==== 
     psi = 0.039*[#   2]+0.039*[#   4]+0.008*[#   5]+0.008*[#   9]+0.003*[#   7]
          +0.003*[#   8]+0.003*[#  11]+0.003*[#  12]+0.002*[#   6]+0.002*[#  10]
          
    |psi|^2 = 0.109
==== e(  12) =    15.51048 eV ==== 
     psi = 0.039*[#   2]+0.039*[#   4]+0.008*[#   5]+0.008*[#   9]+0.003*[#   7]
          +0.003*[#   8]+0.003*[#  11]+0.003*[#  12]+0.002*[#   6]+0.002*[#  10]
          
    |psi|^2 = 0.109
==== e(  13) =    20.31189 eV ==== 
     psi = 0.040*[#   2]+0.040*[#   4]+0.010*[#   7]+0.010*[#   8]+0.010*[#  11]
          +0.010*[#  12]+0.002*[#   5]+0.002*[#   6]+0.002*[#   9]+0.002*[#  10]
          
    |psi|^2 = 0.126
==== e(  14) =    20.31189 eV ==== 
     psi = 0.040*[#   2]+0.040*[#   4]+0.010*[#   7]+0.010*[#   8]+0.010*[#  11]
          +0.010*[#  12]+0.002*[#   5]+0.002*[#   6]+0.002*[#   9]+0.002*[#  10]
          
    |psi|^2 = 0.126

 k =   0.1000000000  0.5773502692  0.0000000000
==== e(   1) =   -90.49849 eV ==== 
     psi = 0.496*[#   1]+0.496*[#   3]+0.001*[#   7]+0.001*[#   8]+0.001*[#  11]
          +0.001*[#  12]
    |psi|^2 = 1.000
==== e(   2) =   -90.49776 eV ==== 
     psi = 0.494*[#   1]+0.494*[#   3]+0.002*[#   2]+0.002*[#   4]+0.002*[#   7]
          +0.002*[#   8]+0.002*[#  11]+0.002*[#  12]+0.001*[#   6]+0.001*[#  10]
          
    |psi|^2 = 1.000
==== e(   3) =   -10.71051 eV ==== 
     psi = 0.441*[#   5]+0.441*[#   9]+0.054*[#   2]+0.054*[#   4]
    |psi|^2 = 0.994
==== e(   4) =   -10.24833 eV ==== 
     psi = 0.487*[#   5]+0.487*[#   9]+0.003*[#   2]+0.003*[#   4]+0.002*[#   7]
          +0.002*[#   8]+0.002*[#  11]+0.002*[#  12]
    |psi|^2 = 0.989
==== e(   5) =     0.50331 eV ==== 
     psi = 0.204*[#   7]+0.204*[#   8]+0.204*[#  11]+0.204*[#  12]+0.039*[#   2]
          +0.039*[#   4]+0.030*[#   6]+0.030*[#  10]+0.007*[#   5]+0.007*[#   9]
          
    |psi|^2 = 0.969
==== e(   6) =     2.14967 eV ==== 
     psi = 0.219*[#   7]+0.219*[#   8]+0.219*[#  11]+0.219*[#  12]+0.041*[#   2]
          +0.041*[#   4]+0.008*[#   5]+0.008*[#   9]+0.001*[#   1]+0.001*[#   3]
          +0.002*[#   6]+0.002*[#  10]
    |psi|^2 = 0.981
==== e(   7) =     2.70343 eV ==== 
     psi = 0.363*[#   6]+0.363*[#  10]+0.050*[#   7]+0.050*[#   8]+0.050*[#  11]
          +0.050*[#  12]+0.014*[#   2]+0.014*[#   4]
    |psi|^2 = 0.957
==== e(   8) =     3.35710 eV ==== 
     psi = 0.194*[#   7]+0.194*[#   8]+0.194*[#  11]+0.194*[#  12]+0.072*[#   6]
          +0.072*[#  10]+0.022*[#   2]+0.022*[#   4]
    |psi|^2 = 0.967
==== e(   9) =     4.10459 eV ==== 
     psi = 0.449*[#   6]+0.449*[#  10]+0.009*[#   7]+0.009*[#   8]+0.009*[#  11]
          +0.009*[#  12]+0.002*[#   2]+0.002*[#   4]
    |psi|^2 = 0.938
==== e(  10) =     4.86880 eV ==== 
     psi = 0.231*[#   7]+0.231*[#   8]+0.231*[#  11]+0.231*[#  12]+0.017*[#   6]
          +0.017*[#  10]+0.004*[#   2]+0.004*[#   4]+0.001*[#   5]+0.001*[#   9]
          
    |psi|^2 = 0.970
==== e(  11) =    15.81451 eV ==== 
     psi = 0.018*[#   6]+0.018*[#  10]+0.002*[#   2]+0.002*[#   4]+0.002*[#   7]
          +0.002*[#   8]+0.002*[#  11]+0.002*[#  12]+0.002*[#   5]+0.002*[#   9]
          
    |psi|^2 = 0.053
==== e(  12) =    16.75810 eV ==== 
     psi = 0.008*[#   2]+0.008*[#   4]+0.004*[#   7]+0.004*[#   8]+0.004*[#  11]
          +0.004*[#  12]+0.002*[#   5]+0.002*[#   9]
    |psi|^2 = 0.039
==== e(  13) =    19.25219 eV ==== 
     psi = 0.271*[#   2]+0.271*[#   4]+0.035*[#   5]+0.035*[#   9]+0.016*[#   7]
          +0.016*[#   8]+0.016*[#  11]+0.016*[#  12]+0.001*[#   1]+0.001*[#   3]
          
    |psi|^2 = 0.680
==== e(  14) =    20.95881 eV ==== 
     psi = 0.088*[#   2]+0.088*[#   4]+0.014*[#   7]+0.014*[#   8]+0.014*[#  11]
          +0.014*[#  12]+0.004*[#   6]+0.004*[#  10]
    |psi|^2 = 0.243

 k =   0.1000000000  0.5773502692  0.0615999300
==== e(   1) =   -90.49847 eV ==== 
     psi = 0.496*[#   1]+0.496*[#   3]+0.001*[#   7]+0.001*[#   8]+0.001*[#  11]
          +0.001*[#  12]
    |psi|^2 = 1.000
==== e(   2) =   -90.49777 eV ==== 
     psi = 0.494*[#   1]+0.494*[#   3]+0.002*[#   2]+0.002*[#   4]+0.002*[#   7]
          +0.002*[#   8]+0.002*[#  11]+0.002*[#  12]+0.001*[#   6]+0.001*[#  10]
          
    |psi|^2 = 1.000
==== e(   3) =   -10.69960 eV ==== 
     psi = 0.443*[#   5]+0.443*[#   9]+0.052*[#   2]+0.052*[#   4]
    |psi|^2 = 0.993
==== e(   4) =   -10.25997 eV ==== 
     psi = 0.487*[#   5]+0.487*[#   9]+0.003*[#   2]+0.003*[#   4]+0.002*[#   7]
          +0.002*[#   8]+0.002*[#  11]+0.002*[#  12]
    |psi|^2 = 0.989
==== e(   5) =     0.49109 eV ==== 
     psi = 0.200*[#   7]+0.200*[#   8]+0.200*[#  11]+0.200*[#  12]+0.042*[#   2]
          +0.042*[#   4]+0.036*[#   6]+0.036*[#  10]+0.006*[#   5]+0.006*[#   9]
          
    |psi|^2 = 0.970
==== e(   6) =     2.01597 eV ==== 
     psi = 0.209*[#   7]+0.209*[#   8]+0.209*[#  11]+0.209*[#  12]+0.043*[#   2]
          +0.043*[#   4]+0.021*[#   6]+0.021*[#  10]+0.007*[#   5]+0.007*[#   9]
          +0.002*[#   1]+0.002*[#   3]
    |psi|^2 = 0.979
==== e(   7) =     2.76497 eV ==== 
     psi = 0.328*[#   6]+0.328*[#  10]+0.068*[#   7]+0.068*[#   8]+0.068*[#  11]
          +0.068*[#  12]+0.013*[#   2]+0.013*[#   4]
    |psi|^2 = 0.957
==== e(   8) =     3.43459 eV ==== 
     psi = 0.181*[#   7]+0.181*[#   8]+0.181*[#  11]+0.181*[#  12]+0.100*[#   6]
          +0.100*[#  10]+0.021*[#   2]+0.021*[#   4]
    |psi|^2 = 0.966
==== e(   9) =     4.19563 eV ==== 
     psi = 0.418*[#   6]+0.418*[#  10]+0.025*[#   7]+0.025*[#   8]+0.025*[#  11]
          +0.025*[#  12]+0.002*[#   2]+0.002*[#   4]
    |psi|^2 = 0.942
==== e(  10) =     4.82985 eV ==== 
     psi = 0.225*[#   7]+0.225*[#   8]+0.225*[#  11]+0.225*[#  12]+0.029*[#   6]
          +0.029*[#  10]+0.005*[#   2]+0.005*[#   4]+0.001*[#   5]+0.001*[#   9]
          
    |psi|^2 = 0.968
==== e(  11) =    15.71223 eV ==== 
     psi = 0.015*[#   6]+0.015*[#  10]+0.013*[#   2]+0.013*[#   4]+0.004*[#   5]
          +0.004*[#   9]+0.003*[#   7]+0.003*[#   8]+0.003*[#  11]+0.003*[#  12]
          
    |psi|^2 = 0.073
==== e(  12) =    16.70032 eV ==== 
     psi = 0.008*[#   2]+0.008*[#   4]+0.004*[#   7]+0.004*[#   8]+0.004*[#  11]
          +0.004*[#  12]+0.002*[#   5]+0.002*[#   9]
    |psi|^2 = 0.040
==== e(  13) =    19.38534 eV ==== 
     psi = 0.247*[#   2]+0.247*[#   4]+0.031*[#   5]+0.031*[#   9]+0.015*[#   7]
          +0.015*[#   8]+0.015*[#  11]+0.015*[#  12]+0.001*[#   1]+0.001*[#   3]
          +0.001*[#   6]+0.001*[#  10]
    |psi|^2 = 0.622
==== e(  14) =    20.82786 eV ==== 
     psi = 0.075*[#   2]+0.075*[#   4]+0.013*[#   7]+0.013*[#   8]+0.013*[#  11]
          +0.013*[#  12]+0.004*[#   6]+0.004*[#  10]
    |psi|^2 = 0.211

 k =   0.1000000000  0.5773502692  0.1231998600
==== e(   1) =   -90.49842 eV ==== 
     psi = 0.496*[#   1]+0.496*[#   3]+0.001*[#   7]+0.001*[#   8]+0.001*[#  11]
          +0.001*[#  12]
    |psi|^2 = 1.000
==== e(   2) =   -90.49783 eV ==== 
     psi = 0.494*[#   1]+0.494*[#   3]+0.002*[#   2]+0.002*[#   4]+0.001*[#   7]
          +0.001*[#   8]+0.001*[#  11]+0.001*[#  12]+0.001*[#   6]+0.001*[#  10]
          
    |psi|^2 = 1.000
==== e(   3) =   -10.66780 eV ==== 
     psi = 0.449*[#   5]+0.449*[#   9]+0.046*[#   2]+0.046*[#   4]
    |psi|^2 = 0.993
==== e(   4) =   -10.29368 eV ==== 
     psi = 0.487*[#   5]+0.487*[#   9]+0.004*[#   2]+0.004*[#   4]+0.002*[#   7]
          +0.002*[#   8]+0.002*[#  11]+0.002*[#  12]
    |psi|^2 = 0.989
==== e(   5) =     0.47553 eV ==== 
     psi = 0.192*[#   7]+0.192*[#   8]+0.192*[#  11]+0.192*[#  12]+0.050*[#   6]
          +0.050*[#  10]+0.049*[#   2]+0.049*[#   4]+0.003*[#   5]+0.003*[#   9]
          
    |psi|^2 = 0.974
==== e(   6) =     1.70591 eV ==== 
     psi = 0.193*[#   7]+0.193*[#   8]+0.193*[#  11]+0.193*[#  12]+0.049*[#   6]
          +0.049*[#  10]+0.046*[#   2]+0.046*[#   4]+0.006*[#   5]+0.006*[#   9]
          +0.002*[#   1]+0.002*[#   3]
    |psi|^2 = 0.977
==== e(   7) =     2.92445 eV ==== 
     psi = 0.248*[#   6]+0.248*[#  10]+0.109*[#   7]+0.109*[#   8]+0.109*[#  11]
          +0.109*[#  12]+0.010*[#   2]+0.010*[#   4]+0.001*[#   5]+0.001*[#   9]
          
    |psi|^2 = 0.956
==== e(   8) =     3.65831 eV ==== 
     psi = 0.166*[#   6]+0.166*[#  10]+0.149*[#   7]+0.149*[#   8]+0.149*[#  11]
          +0.149*[#  12]+0.016*[#   2]+0.016*[#   4]
    |psi|^2 = 0.964
==== e(   9) =     4.32033 eV ==== 
     psi = 0.303*[#   6]+0.303*[#  10]+0.086*[#   7]+0.086*[#   8]+0.086*[#  11]
          +0.086*[#  12]
    |psi|^2 = 0.953
==== e(  10) =     4.76773 eV ==== 
     psi = 0.179*[#   7]+0.179*[#   8]+0.179*[#  11]+0.179*[#  12]+0.117*[#   6]
          +0.117*[#  10]+0.004*[#   2]+0.004*[#   4]
    |psi|^2 = 0.963
==== e(  11) =    15.48859 eV ==== 
     psi = 0.030*[#   2]+0.030*[#   4]+0.009*[#   6]+0.009*[#  10]+0.007*[#   5]
          +0.007*[#   9]+0.003*[#   7]+0.003*[#   8]+0.003*[#  11]+0.003*[#  12]
          
    |psi|^2 = 0.104
==== e(  12) =    16.51667 eV ==== 
     psi = 0.009*[#   2]+0.009*[#   4]+0.004*[#   7]+0.004*[#   8]+0.004*[#  11]
          +0.004*[#  12]+0.003*[#   5]+0.003*[#   9]+0.001*[#   6]+0.001*[#  10]
          
    |psi|^2 = 0.044
==== e(  13) =    19.72597 eV ==== 
     psi = 0.195*[#   2]+0.195*[#   4]+0.021*[#   5]+0.021*[#   9]+0.014*[#   7]
          +0.014*[#   8]+0.014*[#  11]+0.014*[#  12]+0.003*[#   6]+0.003*[#  10]
          +0.001*[#   1]+0.001*[#   3]
    |psi|^2 = 0.496
==== e(  14) =    20.55082 eV ==== 
     psi = 0.050*[#   2]+0.050*[#   4]+0.011*[#   7]+0.011*[#   8]+0.011*[#  11]
          +0.011*[#  12]+0.003*[#   6]+0.003*[#  10]
    |psi|^2 = 0.151

 k =   0.1000000000  0.5773502692  0.1847997900
==== e(   1) =   -90.49834 eV ==== 
     psi = 0.495*[#   1]+0.495*[#   3]+0.001*[#   7]+0.001*[#   8]+0.001*[#  11]
          +0.001*[#  12]
    |psi|^2 = 1.000
==== e(   2) =   -90.49791 eV ==== 
     psi = 0.494*[#   1]+0.494*[#   3]+0.002*[#   2]+0.002*[#   4]+0.001*[#   7]
          +0.001*[#   8]+0.001*[#  11]+0.001*[#  12]+0.001*[#   6]+0.001*[#  10]
          
    |psi|^2 = 1.000
==== e(   3) =   -10.61791 eV ==== 
     psi = 0.457*[#   5]+0.457*[#   9]+0.038*[#   2]+0.038*[#   4]
    |psi|^2 = 0.992
==== e(   4) =   -10.34595 eV ==== 
     psi = 0.485*[#   5]+0.485*[#   9]+0.006*[#   2]+0.006*[#   4]+0.001*[#   7]
          +0.001*[#   8]+0.001*[#  11]+0.001*[#  12]
    |psi|^2 = 0.989
==== e(   5) =     0.49791 eV ==== 
     psi = 0.184*[#   7]+0.184*[#   8]+0.184*[#  11]+0.184*[#  12]+0.062*[#   6]
          +0.062*[#  10]+0.056*[#   2]+0.056*[#   4]+0.001*[#   1]+0.001*[#   3]
          +0.001*[#   5]+0.001*[#   9]
    |psi|^2 = 0.977
==== e(   6) =     1.35090 eV ==== 
     psi = 0.183*[#   7]+0.183*[#   8]+0.183*[#  11]+0.183*[#  12]+0.066*[#   6]
          +0.066*[#  10]+0.051*[#   2]+0.051*[#   4]+0.004*[#   5]+0.004*[#   9]
          +0.002*[#   1]+0.002*[#   3]
    |psi|^2 = 0.977
==== e(   7) =     3.14344 eV ==== 
     psi = 0.173*[#   6]+0.173*[#  10]+0.148*[#   7]+0.148*[#   8]+0.148*[#  11]
          +0.148*[#  12]+0.008*[#   2]+0.008*[#   4]+0.002*[#   5]+0.002*[#   9]
          
    |psi|^2 = 0.956
==== e(   8) =     3.98650 eV ==== 
     psi = 0.228*[#   6]+0.228*[#  10]+0.121*[#   7]+0.121*[#   8]+0.121*[#  11]
          +0.121*[#  12]+0.010*[#   2]+0.010*[#   4]+0.001*[#   5]+0.001*[#   9]
          
    |psi|^2 = 0.963
==== e(   9) =     4.22677 eV ==== 
     psi = 0.167*[#   7]+0.167*[#   8]+0.167*[#  11]+0.167*[#  12]+0.143*[#   6]
          +0.143*[#  10]+0.002*[#   2]+0.002*[#   4]+0.001*[#   5]+0.001*[#   9]
          
    |psi|^2 = 0.959
==== e(  10) =     4.79830 eV ==== 
     psi = 0.260*[#   6]+0.260*[#  10]+0.109*[#   7]+0.109*[#   8]+0.109*[#  11]
          +0.109*[#  12]+0.001*[#   2]+0.001*[#   4]
    |psi|^2 = 0.960
==== e(  11) =    15.30526 eV ==== 
     psi = 0.038*[#   2]+0.038*[#   4]+0.009*[#   5]+0.009*[#   9]+0.003*[#   6]
          +0.003*[#  10]+0.003*[#   7]+0.003*[#   8]+0.003*[#  11]+0.003*[#  12]
          
    |psi|^2 = 0.113
==== e(  12) =    16.20366 eV ==== 
     psi = 0.013*[#   2]+0.013*[#   4]+0.004*[#   7]+0.004*[#   8]+0.004*[#  11]
          +0.004*[#  12]+0.003*[#   5]+0.003*[#   9]+0.001*[#   6]+0.001*[#  10]
          
    |psi|^2 = 0.051
==== e(  13) =    20.12147 eV ==== 
     psi = 0.134*[#   2]+0.134*[#   4]+0.013*[#   7]+0.013*[#   8]+0.013*[#  11]
          +0.013*[#  12]+0.012*[#   5]+0.012*[#   9]+0.003*[#   6]+0.003*[#  10]
          +0.001*[#   1]+0.001*[#   3]
    |psi|^2 = 0.352
==== e(  14) =    20.32931 eV ==== 
     psi = 0.031*[#   2]+0.031*[#   4]+0.009*[#   7]+0.009*[#   8]+0.009*[#  11]
          +0.009*[#  12]+0.003*[#   6]+0.003*[#  10]
    |psi|^2 = 0.105

 k =   0.1000000000  0.5773502692  0.2463997200
==== e(   1) =   -90.49824 eV ==== 
     psi = 0.495*[#   1]+0.495*[#   3]+0.001*[#   7]+0.001*[#   8]+0.001*[#  11]
          +0.001*[#  12]+0.001*[#   2]+0.001*[#   4]
    |psi|^2 = 1.000
==== e(   2) =   -90.49801 eV ==== 
     psi = 0.494*[#   1]+0.494*[#   3]+0.002*[#   2]+0.002*[#   4]+0.001*[#   7]
          +0.001*[#   8]+0.001*[#  11]+0.001*[#  12]+0.001*[#   6]+0.001*[#  10]
          
    |psi|^2 = 1.000
==== e(   3) =   -10.55442 eV ==== 
     psi = 0.466*[#   5]+0.466*[#   9]+0.028*[#   2]+0.028*[#   4]
    |psi|^2 = 0.990
==== e(   4) =   -10.41138 eV ==== 
     psi = 0.481*[#   5]+0.481*[#   9]+0.011*[#   2]+0.011*[#   4]+0.001*[#   7]
          +0.001*[#   8]+0.001*[#  11]+0.001*[#  12]
    |psi|^2 = 0.989
==== e(   5) =     0.59015 eV ==== 
     psi = 0.179*[#   7]+0.179*[#   8]+0.179*[#  11]+0.179*[#  12]+0.070*[#   6]
          +0.070*[#  10]+0.059*[#   2]+0.059*[#   4]+0.001*[#   1]+0.001*[#   3]
          
    |psi|^2 = 0.979
==== e(   6) =     1.02556 eV ==== 
     psi = 0.178*[#   7]+0.178*[#   8]+0.178*[#  11]+0.178*[#  12]+0.073*[#   6]
          +0.073*[#  10]+0.056*[#   2]+0.056*[#   4]+0.002*[#   1]+0.002*[#   3]
          +0.002*[#   5]+0.002*[#   9]
    |psi|^2 = 0.978
==== e(   7) =     3.40264 eV ==== 
     psi = 0.173*[#   7]+0.173*[#   8]+0.173*[#  11]+0.173*[#  12]+0.124*[#   6]
          +0.124*[#  10]+0.007*[#   2]+0.007*[#   4]+0.002*[#   5]+0.002*[#   9]
          
    |psi|^2 = 0.956
==== e(   8) =     3.97811 eV ==== 
     psi = 0.187*[#   7]+0.187*[#   8]+0.187*[#  11]+0.187*[#  12]+0.099*[#   6]
          +0.099*[#  10]+0.004*[#   2]+0.004*[#   4]+0.001*[#   5]+0.001*[#   9]
          
    |psi|^2 = 0.959
==== e(   9) =     4.34102 eV ==== 
     psi = 0.270*[#   6]+0.270*[#  10]+0.103*[#   7]+0.103*[#   8]+0.103*[#  11]
          +0.103*[#  12]+0.005*[#   2]+0.005*[#   4]+0.001*[#   5]+0.001*[#   9]
          
    |psi|^2 = 0.963
==== e(  10) =     4.79064 eV ==== 
     psi = 0.296*[#   6]+0.296*[#  10]+0.092*[#   7]+0.092*[#   8]+0.092*[#  11]
          +0.092*[#  12]
    |psi|^2 = 0.963
==== e(  11) =    15.28700 eV ==== 
     psi = 0.036*[#   2]+0.036*[#   4]+0.008*[#   5]+0.008*[#   9]+0.003*[#   7]
          +0.003*[#   8]+0.003*[#  11]+0.003*[#  12]
    |psi|^2 = 0.100
==== e(  12) =    15.81759 eV ==== 
     psi = 0.019*[#   2]+0.019*[#   4]+0.005*[#   5]+0.005*[#   9]+0.003*[#   7]
          +0.003*[#   8]+0.003*[#  11]+0.003*[#  12]+0.001*[#   6]+0.001*[#  10]
          
    |psi|^2 = 0.062
==== e(  13) =    20.26613 eV ==== 
     psi = 0.025*[#   2]+0.025*[#   4]+0.009*[#   7]+0.009*[#   8]+0.009*[#  11]
          +0.009*[#  12]+0.002*[#   6]+0.002*[#  10]
    |psi|^2 = 0.088
==== e(  14) =    20.34558 eV ==== 
     psi = 0.070*[#   2]+0.070*[#   4]+0.011*[#   7]+0.011*[#   8]+0.011*[#  11]
          +0.011*[#  12]+0.004*[#   5]+0.004*[#   9]+0.002*[#   6]+0.002*[#  10]
          
    |psi|^2 = 0.200

 k =   0.1000000000  0.5773502692 -0.3079996500
==== e(   1) =   -90.49813 eV ==== 
     psi = 0.494*[#   1]+0.494*[#   3]+0.001*[#   2]+0.001*[#   4]+0.001*[#   7]
          +0.001*[#   8]+0.001*[#  11]+0.001*[#  12]
    |psi|^2 = 1.000
==== e(   2) =   -90.49812 eV ==== 
     psi = 0.494*[#   1]+0.494*[#   3]+0.001*[#   2]+0.001*[#   4]+0.001*[#   7]
          +0.001*[#   8]+0.001*[#  11]+0.001*[#  12]
    |psi|^2 = 1.000
==== e(   3) =   -10.48327 eV ==== 
     psi = 0.475*[#   5]+0.475*[#   9]+0.018*[#   2]+0.018*[#   4]
    |psi|^2 = 0.989
==== e(   4) =   -10.48327 eV ==== 
     psi = 0.475*[#   5]+0.475*[#   9]+0.018*[#   2]+0.018*[#   4]
    |psi|^2 = 0.989
==== e(   5) =     0.76652 eV ==== 
     psi = 0.177*[#   7]+0.177*[#   8]+0.177*[#  11]+0.177*[#  12]+0.073*[#   6]
          +0.073*[#  10]+0.059*[#   2]+0.059*[#   4]+0.002*[#   1]+0.002*[#   3]
          
    |psi|^2 = 0.979
==== e(   6) =     0.76652 eV ==== 
     psi = 0.177*[#   7]+0.177*[#   8]+0.177*[#  11]+0.177*[#  12]+0.073*[#   6]
          +0.073*[#  10]+0.059*[#   2]+0.059*[#   4]+0.002*[#   1]+0.002*[#   3]
          
    |psi|^2 = 0.979
==== e(   7) =     3.68843 eV ==== 
     psi = 0.186*[#   7]+0.186*[#   8]+0.186*[#  11]+0.186*[#  12]+0.100*[#   6]
          +0.100*[#  10]+0.006*[#   2]+0.006*[#   4]+0.002*[#   5]+0.002*[#   9]
          
    |psi|^2 = 0.957
==== e(   8) =     3.68844 eV ==== 
     psi = 0.186*[#   7]+0.186*[#   8]+0.186*[#  11]+0.186*[#  12]+0.100*[#   6]
          +0.100*[#  10]+0.006*[#   2]+0.006*[#   4]+0.002*[#   5]+0.002*[#   9]
          
    |psi|^2 = 0.957
==== e(   9) =     4.63296 eV ==== 
     psi = 0.292*[#   6]+0.292*[#  10]+0.094*[#   7]+0.094*[#   8]+0.094*[#  11]
          +0.094*[#  12]+0.001*[#   2]+0.001*[#   4]
    |psi|^2 = 0.963
==== e(  10) =     4.63296 eV ==== 
     psi = 0.292*[#   6]+0.292*[#  10]+0.094*[#   7]+0.094*[#   8]+0.094*[#  11]
          +0.094*[#  12]+0.001*[#   2]+0.001*[#   4]
    |psi|^2 = 0.963
==== e(  11) =    15.47444 eV ==== 
     psi = 0.027*[#   2]+0.027*[#   4]+0.007*[#   5]+0.007*[#   9]+0.003*[#   7]
          +0.003*[#   8]+0.003*[#  11]+0.003*[#  12]
    |psi|^2 = 0.080
==== e(  12) =    15.47445 eV ==== 
     psi = 0.027*[#   2]+0.027*[#   4]+0.007*[#   5]+0.007*[#   9]+0.003*[#   7]
          +0.003*[#   8]+0.003*[#  11]+0.003*[#  12]
    |psi|^2 = 0.080
==== e(  13) =    20.32579 eV ==== 
     psi = 0.033*[#   2]+0.033*[#   4]+0.010*[#   7]+0.010*[#   8]+0.010*[#  11]
          +0.010*[#  12]+0.001*[#   6]+0.001*[#  10]
    |psi|^2 = 0.110
==== e(  14) =    20.32579 eV ==== 
     psi = 0.033*[#   2]+0.033*[#   4]+0.010*[#   7]+0.010*[#   8]+0.010*[#  11]
          +0.010*[#  12]+0.001*[#   6]+0.001*[#  10]
    |psi|^2 = 0.110

 k =   0.1500000000  0.2598076211  0.0000000000
==== e(   1) =   -90.49978 eV ==== 
     psi = 0.496*[#   1]+0.496*[#   3]+0.001*[#   2]+0.001*[#   4]
    |psi|^2 = 1.000
==== e(   2) =   -90.49800 eV ==== 
     psi = 0.495*[#   1]+0.495*[#   3]+0.002*[#   6]+0.002*[#  10]+0.002*[#   2]
          +0.002*[#   4]
    |psi|^2 = 1.000
==== e(   3) =   -11.73643 eV ==== 
     psi = 0.329*[#   5]+0.329*[#   9]+0.164*[#   2]+0.164*[#   4]+0.002*[#   1]
          +0.002*[#   3]+0.002*[#   7]+0.002*[#   8]+0.002*[#  11]+0.002*[#  12]
          
    |psi|^2 = 0.998
==== e(   4) =   -10.35514 eV ==== 
     psi = 0.478*[#   5]+0.478*[#   9]+0.016*[#   2]+0.016*[#   4]
    |psi|^2 = 0.991
==== e(   5) =     0.85330 eV ==== 
     psi = 0.428*[#   6]+0.428*[#  10]+0.028*[#   2]+0.028*[#   4]+0.011*[#   7]
          +0.011*[#   8]+0.011*[#  11]+0.011*[#  12]
    |psi|^2 = 0.957
==== e(   6) =     2.95544 eV ==== 
     psi = 0.216*[#   7]+0.216*[#   8]+0.216*[#  11]+0.216*[#  12]+0.028*[#   5]
          +0.028*[#   9]+0.022*[#   2]+0.022*[#   4]
    |psi|^2 = 0.966
==== e(   7) =     3.18594 eV ==== 
     psi = 0.217*[#   7]+0.217*[#   8]+0.217*[#  11]+0.217*[#  12]+0.040*[#   2]
          +0.040*[#   4]+0.012*[#   6]+0.012*[#  10]+0.003*[#   5]+0.003*[#   9]
          
    |psi|^2 = 0.980
==== e(   8) =     4.52731 eV ==== 
     psi = 0.232*[#   7]+0.232*[#   8]+0.232*[#  11]+0.232*[#  12]+0.011*[#   5]
          +0.011*[#   9]+0.010*[#   2]+0.010*[#   4]
    |psi|^2 = 0.969
==== e(   9) =     5.27016 eV ==== 
     psi = 0.242*[#   7]+0.242*[#   8]+0.242*[#  11]+0.242*[#  12]
    |psi|^2 = 0.972
==== e(  10) =     5.48114 eV ==== 
     psi = 0.485*[#   6]+0.485*[#  10]
    |psi|^2 = 0.973
==== e(  11) =    15.50527 eV ==== 
     psi = 0.242*[#   2]+0.242*[#   4]+0.108*[#   5]+0.108*[#   9]+0.025*[#   7]
          +0.025*[#   8]+0.025*[#  11]+0.025*[#  12]
    |psi|^2 = 0.801
==== e(  12) =    18.00796 eV ==== 
     psi = 0.040*[#   2]+0.040*[#   4]+0.022*[#   6]+0.022*[#  10]+0.002*[#   7]
          +0.002*[#   8]+0.002*[#  11]+0.002*[#  12]
    |psi|^2 = 0.137
==== e(  13) =    19.70835 eV ==== 
     psi = 0.155*[#   2]+0.155*[#   4]+0.013*[#   5]+0.013*[#   9]+0.006*[#   7]
          +0.006*[#   8]+0.006*[#  11]+0.006*[#  12]+0.004*[#   6]+0.004*[#  10]
          +0.001*[#   1]+0.001*[#   3]
    |psi|^2 = 0.370
==== e(  14) =    20.23398 eV ==== 
     psi = 0.044*[#   2]+0.044*[#   4]+0.017*[#   5]+0.017*[#   9]+0.010*[#   7]
          +0.010*[#   8]+0.010*[#  11]+0.010*[#  12]
    |psi|^2 = 0.166

 k =   0.1500000000  0.2598076211  0.0615999300
==== e(   1) =   -90.49973 eV ==== 
     psi = 0.496*[#   1]+0.496*[#   3]+0.001*[#   2]+0.001*[#   4]
    |psi|^2 = 1.000
==== e(   2) =   -90.49804 eV ==== 
     psi = 0.495*[#   1]+0.495*[#   3]+0.002*[#   6]+0.002*[#  10]+0.001*[#   2]
          +0.001*[#   4]
    |psi|^2 = 1.000
==== e(   3) =   -11.70859 eV ==== 
     psi = 0.332*[#   5]+0.332*[#   9]+0.161*[#   2]+0.161*[#   4]+0.002*[#   1]
          +0.002*[#   3]+0.002*[#   7]+0.002*[#   8]+0.002*[#  11]+0.002*[#  12]
          
    |psi|^2 = 0.998
==== e(   4) =   -10.39710 eV ==== 
     psi = 0.473*[#   5]+0.473*[#   9]+0.020*[#   2]+0.020*[#   4]+0.001*[#   6]
          +0.001*[#  10]
    |psi|^2 = 0.991
==== e(   5) =     0.93130 eV ==== 
     psi = 0.418*[#   6]+0.418*[#  10]+0.030*[#   2]+0.030*[#   4]+0.014*[#   7]
          +0.014*[#   8]+0.014*[#  11]+0.014*[#  12]+0.002*[#   5]+0.002*[#   9]
          
    |psi|^2 = 0.960
==== e(   6) =     2.95159 eV ==== 
     psi = 0.212*[#   7]+0.212*[#   8]+0.212*[#  11]+0.212*[#  12]+0.029*[#   5]
          +0.029*[#   9]+0.023*[#   2]+0.023*[#   4]+0.006*[#   6]+0.006*[#  10]
          
    |psi|^2 = 0.968
==== e(   7) =     3.23768 eV ==== 
     psi = 0.214*[#   7]+0.214*[#   8]+0.214*[#  11]+0.214*[#  12]+0.036*[#   2]
          +0.036*[#   4]+0.021*[#   6]+0.021*[#  10]+0.003*[#   5]+0.003*[#   9]
          
    |psi|^2 = 0.977
==== e(   8) =     4.45866 eV ==== 
     psi = 0.218*[#   7]+0.218*[#   8]+0.218*[#  11]+0.218*[#  12]+0.028*[#   6]
          +0.028*[#  10]+0.009*[#   2]+0.009*[#   4]+0.009*[#   5]+0.009*[#   9]
          
    |psi|^2 = 0.967
==== e(   9) =     5.22757 eV ==== 
     psi = 0.242*[#   7]+0.242*[#   8]+0.242*[#  11]+0.242*[#  12]+0.001*[#   6]
          +0.001*[#  10]
    |psi|^2 = 0.971
==== e(  10) =     5.47362 eV ==== 
     psi = 0.449*[#   6]+0.449*[#  10]+0.019*[#   7]+0.019*[#   8]+0.019*[#  11]
          +0.019*[#  12]
    |psi|^2 = 0.973
==== e(  11) =    15.49413 eV ==== 
     psi = 0.239*[#   2]+0.239*[#   4]+0.105*[#   5]+0.105*[#   9]+0.024*[#   7]
          +0.024*[#   8]+0.024*[#  11]+0.024*[#  12]+0.002*[#   6]+0.002*[#  10]
          
    |psi|^2 = 0.786
==== e(  12) =    17.88591 eV ==== 
     psi = 0.059*[#   2]+0.059*[#   4]+0.024*[#   6]+0.024*[#  10]+0.003*[#   7]
          +0.003*[#   8]+0.003*[#  11]+0.003*[#  12]+0.003*[#   5]+0.003*[#   9]
          
    |psi|^2 = 0.183
==== e(  13) =    19.71671 eV ==== 
     psi = 0.140*[#   2]+0.140*[#   4]+0.012*[#   5]+0.012*[#   9]+0.006*[#   7]
          +0.006*[#   8]+0.006*[#  11]+0.006*[#  12]+0.004*[#   6]+0.004*[#  10]
          +0.001*[#   1]+0.001*[#   3]
    |psi|^2 = 0.338
==== e(  14) =    20.16502 eV ==== 
     psi = 0.035*[#   2]+0.035*[#   4]+0.014*[#   5]+0.014*[#   9]+0.009*[#   7]
          +0.009*[#   8]+0.009*[#  11]+0.009*[#  12]
    |psi|^2 = 0.133

 k =   0.1500000000  0.2598076211  0.1231998600
==== e(   1) =   -90.49961 eV ==== 
     psi = 0.497*[#   1]+0.497*[#   3]
    |psi|^2 = 1.000
==== e(   2) =   -90.49817 eV ==== 
     psi = 0.495*[#   1]+0.495*[#   3]+0.002*[#   6]+0.002*[#  10]+0.001*[#   2]
          +0.001*[#   4]
    |psi|^2 = 1.000
==== e(   3) =   -11.62650 eV ==== 
     psi = 0.340*[#   5]+0.340*[#   9]+0.153*[#   2]+0.153*[#   4]+0.002*[#   1]
          +0.002*[#   3]+0.002*[#   7]+0.002*[#   8]+0.002*[#  11]+0.002*[#  12]
          
    |psi|^2 = 0.997
==== e(   4) =   -10.51572 eV ==== 
     psi = 0.459*[#   5]+0.459*[#   9]+0.033*[#   2]+0.033*[#   4]+0.002*[#   6]
          +0.002*[#  10]
    |psi|^2 = 0.992
==== e(   5) =     1.15125 eV ==== 
     psi = 0.389*[#   6]+0.389*[#  10]+0.037*[#   2]+0.037*[#   4]+0.023*[#   7]
          +0.023*[#   8]+0.023*[#  11]+0.023*[#  12]+0.009*[#   5]+0.009*[#   9]
          
    |psi|^2 = 0.965
==== e(   6) =     2.91949 eV ==== 
     psi = 0.199*[#   7]+0.199*[#   8]+0.199*[#  11]+0.199*[#  12]+0.033*[#   5]
          +0.033*[#   9]+0.028*[#   2]+0.028*[#   4]+0.025*[#   6]+0.025*[#  10]
          +0.001*[#   1]+0.001*[#   3]
    |psi|^2 = 0.972
==== e(   7) =     3.39094 eV ==== 
     psi = 0.204*[#   7]+0.204*[#   8]+0.204*[#  11]+0.204*[#  12]+0.046*[#   6]
          +0.046*[#  10]+0.027*[#   2]+0.027*[#   4]+0.002*[#   5]+0.002*[#   9]
          
    |psi|^2 = 0.970
==== e(   8) =     4.31292 eV ==== 
     psi = 0.197*[#   7]+0.197*[#   8]+0.197*[#  11]+0.197*[#  12]+0.074*[#   6]
          +0.074*[#  10]+0.007*[#   2]+0.007*[#   4]+0.006*[#   5]+0.006*[#   9]
          
    |psi|^2 = 0.963
==== e(   9) =     5.10928 eV ==== 
     psi = 0.241*[#   7]+0.241*[#   8]+0.241*[#  11]+0.241*[#  12]+0.001*[#   6]
          +0.001*[#  10]
    |psi|^2 = 0.967
==== e(  10) =     5.41105 eV ==== 
     psi = 0.375*[#   6]+0.375*[#  10]+0.056*[#   7]+0.056*[#   8]+0.056*[#  11]
          +0.056*[#  12]
    |psi|^2 = 0.972
==== e(  11) =    15.49357 eV ==== 
     psi = 0.232*[#   2]+0.232*[#   4]+0.095*[#   5]+0.095*[#   9]+0.020*[#   7]
          +0.020*[#   8]+0.020*[#  11]+0.020*[#  12]+0.007*[#   6]+0.007*[#  10]
          
    |psi|^2 = 0.746
==== e(  12) =    17.55393 eV ==== 
     psi = 0.100*[#   2]+0.100*[#   4]+0.027*[#   6]+0.027*[#  10]+0.008*[#   5]
          +0.008*[#   9]+0.004*[#   7]+0.004*[#   8]+0.004*[#  11]+0.004*[#  12]
          
    |psi|^2 = 0.286
==== e(  13) =    19.73660 eV ==== 
     psi = 0.108*[#   2]+0.108*[#   4]+0.012*[#   5]+0.012*[#   9]+0.006*[#   7]
          +0.006*[#   8]+0.006*[#  11]+0.006*[#  12]+0.002*[#   6]+0.002*[#  10]
          
    |psi|^2 = 0.271
==== e(  14) =    20.02382 eV ==== 
     psi = 0.023*[#   2]+0.023*[#   4]+0.009*[#   5]+0.009*[#   9]+0.007*[#   7]
          +0.007*[#   8]+0.007*[#  11]+0.007*[#  12]
    |psi|^2 = 0.094

 k =   0.1500000000  0.2598076211  0.1847997900
==== e(   1) =   -90.49941 eV ==== 
     psi = 0.497*[#   1]+0.497*[#   3]
    |psi|^2 = 1.000
==== e(   2) =   -90.49836 eV ==== 
     psi = 0.496*[#   1]+0.496*[#   3]+0.002*[#   6]+0.002*[#  10]
    |psi|^2 = 1.000
==== e(   3) =   -11.49466 eV ==== 
     psi = 0.353*[#   5]+0.353*[#   9]+0.139*[#   2]+0.139*[#   4]+0.002*[#   7]
          +0.002*[#   8]+0.002*[#  11]+0.002*[#  12]+0.001*[#   1]+0.001*[#   3]
          +0.001*[#   6]+0.001*[#  10]
    |psi|^2 = 0.997
==== e(   4) =   -10.69188 eV ==== 
     psi = 0.439*[#   5]+0.439*[#   9]+0.052*[#   2]+0.052*[#   4]+0.003*[#   6]
          +0.003*[#  10]
    |psi|^2 = 0.993
==== e(   5) =     1.47538 eV ==== 
     psi = 0.342*[#   6]+0.342*[#  10]+0.044*[#   2]+0.044*[#   4]+0.041*[#   7]
          +0.041*[#   8]+0.041*[#  11]+0.041*[#  12]+0.018*[#   5]+0.018*[#   9]
          +0.001*[#   1]+0.001*[#   3]
    |psi|^2 = 0.972
==== e(   6) =     2.80479 eV ==== 
     psi = 0.172*[#   7]+0.172*[#   8]+0.172*[#  11]+0.172*[#  12]+0.071*[#   6]
          +0.071*[#  10]+0.036*[#   5]+0.036*[#   9]+0.035*[#   2]+0.035*[#   4]
          +0.001*[#   1]+0.001*[#   3]
    |psi|^2 = 0.978
==== e(   7) =     3.63539 eV ==== 
     psi = 0.187*[#   7]+0.187*[#   8]+0.187*[#  11]+0.187*[#  12]+0.089*[#   6]
          +0.089*[#  10]+0.015*[#   2]+0.015*[#   4]+0.002*[#   5]+0.002*[#   9]
          
    |psi|^2 = 0.962
==== e(   8) =     4.20310 eV ==== 
     psi = 0.187*[#   7]+0.187*[#   8]+0.187*[#  11]+0.187*[#  12]+0.100*[#   6]
          +0.100*[#  10]+0.003*[#   2]+0.003*[#   4]+0.002*[#   5]+0.002*[#   9]
          
    |psi|^2 = 0.958
==== e(   9) =     4.94348 eV ==== 
     psi = 0.239*[#   7]+0.239*[#   8]+0.239*[#  11]+0.239*[#  12]+0.003*[#   6]
          +0.003*[#  10]
    |psi|^2 = 0.963
==== e(  10) =     5.24221 eV ==== 
     psi = 0.292*[#   6]+0.292*[#  10]+0.096*[#   7]+0.096*[#   8]+0.096*[#  11]
          +0.096*[#  12]
    |psi|^2 = 0.969
==== e(  11) =    15.57345 eV ==== 
     psi = 0.221*[#   2]+0.221*[#   4]+0.080*[#   5]+0.080*[#   9]+0.015*[#   7]
          +0.015*[#   8]+0.015*[#  11]+0.015*[#  12]+0.014*[#   6]+0.014*[#  10]
          
    |psi|^2 = 0.693
==== e(  12) =    17.09366 eV ==== 
     psi = 0.140*[#   2]+0.140*[#   4]+0.030*[#   6]+0.030*[#  10]+0.017*[#   5]
          +0.017*[#   9]+0.005*[#   7]+0.005*[#   8]+0.005*[#  11]+0.005*[#  12]
          
    |psi|^2 = 0.395
==== e(  13) =    19.75393 eV ==== 
     psi = 0.077*[#   2]+0.077*[#   4]+0.011*[#   5]+0.011*[#   9]+0.007*[#   7]
          +0.007*[#   8]+0.007*[#  11]+0.007*[#  12]
    |psi|^2 = 0.208
==== e(  14) =    19.89478 eV ==== 
     psi = 0.020*[#   2]+0.020*[#   4]+0.007*[#   5]+0.007*[#   9]+0.007*[#   7]
          +0.007*[#   8]+0.007*[#  11]+0.007*[#  12]
    |psi|^2 = 0.084

 k =   0.1500000000  0.2598076211  0.2463997200
==== e(   1) =   -90.49916 eV ==== 
     psi = 0.497*[#   1]+0.497*[#   3]
    |psi|^2 = 1.000
==== e(   2) =   -90.49861 eV ==== 
     psi = 0.496*[#   1]+0.496*[#   3]+0.002*[#   6]+0.002*[#  10]
    |psi|^2 = 1.000
==== e(   3) =   -11.32102 eV ==== 
     psi = 0.371*[#   5]+0.371*[#   9]+0.121*[#   2]+0.121*[#   4]+0.002*[#   6]
          +0.002*[#  10]+0.002*[#   7]+0.002*[#   8]+0.002*[#  11]+0.002*[#  12]
          +0.001*[#   1]+0.001*[#   3]
    |psi|^2 = 0.996
==== e(   4) =   -10.90074 eV ==== 
     psi = 0.416*[#   5]+0.416*[#   9]+0.075*[#   2]+0.075*[#   4]+0.003*[#   6]
          +0.003*[#  10]+0.001*[#   7]+0.001*[#   8]+0.001*[#  11]+0.001*[#  12]
          
    |psi|^2 = 0.995
==== e(   5) =     1.85344 eV ==== 
     psi = 0.281*[#   6]+0.281*[#  10]+0.066*[#   7]+0.066*[#   8]+0.066*[#  11]
          +0.066*[#  12]+0.047*[#   2]+0.047*[#   4]+0.027*[#   5]+0.027*[#   9]
          +0.001*[#   1]+0.001*[#   3]
    |psi|^2 = 0.978
==== e(   6) =     2.56840 eV ==== 
     psi = 0.138*[#   6]+0.138*[#  10]+0.136*[#   7]+0.136*[#   8]+0.136*[#  11]
          +0.136*[#  12]+0.042*[#   2]+0.042*[#   4]+0.037*[#   5]+0.037*[#   9]
          +0.002*[#   1]+0.002*[#   3]
    |psi|^2 = 0.981
==== e(   7) =     3.93286 eV ==== 
     psi = 0.164*[#   7]+0.164*[#   8]+0.164*[#  11]+0.164*[#  12]+0.144*[#   6]
          +0.144*[#  10]+0.006*[#   2]+0.006*[#   4]
    |psi|^2 = 0.958
==== e(   8) =     4.18443 eV ==== 
     psi = 0.181*[#   7]+0.181*[#   8]+0.181*[#  11]+0.181*[#  12]+0.116*[#   6]
          +0.116*[#  10]
    |psi|^2 = 0.956
==== e(   9) =     4.78454 eV ==== 
     psi = 0.234*[#   7]+0.234*[#   8]+0.234*[#  11]+0.234*[#  12]+0.010*[#   6]
          +0.010*[#  10]
    |psi|^2 = 0.960
==== e(  10) =     4.98136 eV ==== 
     psi = 0.196*[#   6]+0.196*[#  10]+0.143*[#   7]+0.143*[#   8]+0.143*[#  11]
          +0.143*[#  12]
    |psi|^2 = 0.964
==== e(  11) =    15.78660 eV ==== 
     psi = 0.209*[#   2]+0.209*[#   4]+0.063*[#   5]+0.063*[#   9]+0.022*[#   6]
          +0.022*[#  10]+0.011*[#   7]+0.011*[#   8]+0.011*[#  11]+0.011*[#  12]
          
    |psi|^2 = 0.633
==== e(  12) =    16.59567 eV ==== 
     psi = 0.171*[#   2]+0.171*[#   4]+0.031*[#   6]+0.031*[#  10]+0.030*[#   5]
          +0.030*[#   9]+0.006*[#   7]+0.006*[#   8]+0.006*[#  11]+0.006*[#  12]
          
    |psi|^2 = 0.489
==== e(  13) =    19.76191 eV ==== 
     psi = 0.054*[#   2]+0.054*[#   4]+0.010*[#   5]+0.010*[#   9]+0.008*[#   7]
          +0.008*[#   8]+0.008*[#  11]+0.008*[#  12]
    |psi|^2 = 0.159
==== e(  14) =    19.81148 eV ==== 
     psi = 0.025*[#   2]+0.025*[#   4]+0.008*[#   5]+0.008*[#   9]+0.007*[#   7]
          +0.007*[#   8]+0.007*[#  11]+0.007*[#  12]
    |psi|^2 = 0.097

 k =   0.1500000000  0.2598076211 -0.3079996500
==== e(   1) =   -90.49889 eV ==== 
     psi = 0.496*[#   1]+0.496*[#   3]+0.001*[#   6]+0.001*[#  10]
    |psi|^2 = 1.000
==== e(   2) =   -90.49888 eV ==== 
     psi = 0.496*[#   1]+0.496*[#   3]+0.001*[#   6]+0.001*[#  10]
    |psi|^2 = 1.000
==== e(   3) =   -11.11753 eV ==== 
     psi = 0.393*[#   5]+0.393*[#   9]+0.099*[#   2]+0.099*[#   4]+0.003*[#   6]
          +0.003*[#  10]+0.001*[#   7]+0.001*[#   8]+0.001*[#  11]+0.001*[#  12]
          
    |psi|^2 = 0.996
==== e(   4) =   -11.11753 eV ==== 
     psi = 0.393*[#   5]+0.393*[#   9]+0.099*[#   2]+0.099*[#   4]+0.003*[#   6]
          +0.003*[#  10]+0.001*[#   7]+0.001*[#   8]+0.001*[#  11]+0.001*[#  12]
          
    |psi|^2 = 0.996
==== e(   5) =     2.23430 eV ==== 
     psi = 0.212*[#   6]+0.212*[#  10]+0.099*[#   7]+0.099*[#   8]+0.099*[#  11]
          +0.099*[#  12]+0.047*[#   2]+0.047*[#   4]+0.033*[#   5]+0.033*[#   9]
          +0.002*[#   1]+0.002*[#   3]
    |psi|^2 = 0.982
==== e(   6) =     2.23430 eV ==== 
     psi = 0.212*[#   6]+0.212*[#  10]+0.099*[#   7]+0.099*[#   8]+0.099*[#  11]
          +0.099*[#  12]+0.047*[#   2]+0.047*[#   4]+0.033*[#   5]+0.033*[#   9]
          +0.002*[#   1]+0.002*[#   3]
    |psi|^2 = 0.982
==== e(   7) =     4.15582 eV ==== 
     psi = 0.160*[#   7]+0.160*[#   8]+0.160*[#  11]+0.160*[#  12]+0.158*[#   6]
          +0.158*[#  10]
    |psi|^2 = 0.957
==== e(   8) =     4.15582 eV ==== 
     psi = 0.160*[#   7]+0.160*[#   8]+0.160*[#  11]+0.160*[#  12]+0.158*[#   6]
          +0.158*[#  10]
    |psi|^2 = 0.957
==== e(   9) =     4.76171 eV ==== 
     psi = 0.203*[#   7]+0.203*[#   8]+0.203*[#  11]+0.203*[#  12]+0.071*[#   6]
          +0.071*[#  10]+0.001*[#   2]+0.001*[#   4]
    |psi|^2 = 0.959
==== e(  10) =     4.76171 eV ==== 
     psi = 0.203*[#   7]+0.203*[#   8]+0.203*[#  11]+0.203*[#  12]+0.071*[#   6]
          +0.071*[#  10]+0.001*[#   2]+0.001*[#   4]
    |psi|^2 = 0.959
==== e(  11) =    16.13926 eV ==== 
     psi = 0.193*[#   2]+0.193*[#   4]+0.045*[#   5]+0.045*[#   9]+0.028*[#   6]
          +0.028*[#  10]+0.008*[#   7]+0.008*[#   8]+0.008*[#  11]+0.008*[#  12]
          
    |psi|^2 = 0.567
==== e(  12) =    16.13926 eV ==== 
     psi = 0.193*[#   2]+0.193*[#   4]+0.045*[#   5]+0.045*[#   9]+0.028*[#   6]
          +0.028*[#  10]+0.008*[#   7]+0.008*[#   8]+0.008*[#  11]+0.008*[#  12]
          
    |psi|^2 = 0.567
==== e(  13) =    19.77332 eV ==== 
     psi = 0.037*[#   2]+0.037*[#   4]+0.009*[#   5]+0.009*[#   9]+0.008*[#   7]
          +0.008*[#   8]+0.008*[#  11]+0.008*[#  12]
    |psi|^2 = 0.123
==== e(  14) =    19.77333 eV ==== 
     psi = 0.037*[#   2]+0.037*[#   4]+0.009*[#   5]+0.009*[#   9]+0.008*[#   7]
          +0.008*[#   8]+0.008*[#  11]+0.008*[#  12]
    |psi|^2 = 0.123

 k =   0.1500000000  0.3175426481  0.0000000000
==== e(   1) =   -90.49945 eV ==== 
     psi = 0.497*[#   1]+0.497*[#   3]+0.001*[#   7]+0.001*[#   8]+0.001*[#  11]
          +0.001*[#  12]
    |psi|^2 = 1.000
==== e(   2) =   -90.49789 eV ==== 
     psi = 0.494*[#   1]+0.494*[#   3]+0.002*[#   2]+0.002*[#   4]+0.002*[#   6]
          +0.002*[#  10]
    |psi|^2 = 1.000
==== e(   3) =   -11.50794 eV ==== 
     psi = 0.351*[#   5]+0.351*[#   9]+0.141*[#   2]+0.141*[#   4]+0.002*[#   7]
          +0.002*[#   8]+0.002*[#  11]+0.002*[#  12]+0.001*[#   1]+0.001*[#   3]
          
    |psi|^2 = 0.997
==== e(   4) =   -10.28014 eV ==== 
     psi = 0.485*[#   5]+0.485*[#   9]+0.009*[#   2]+0.009*[#   4]
    |psi|^2 = 0.990
==== e(   5) =     1.13217 eV ==== 
     psi = 0.410*[#   6]+0.410*[#  10]+0.024*[#   7]+0.024*[#   8]+0.024*[#  11]
          +0.024*[#  12]+0.016*[#   2]+0.016*[#   4]
    |psi|^2 = 0.950
==== e(   6) =     2.34300 eV ==== 
     psi = 0.209*[#   7]+0.209*[#   8]+0.209*[#  11]+0.209*[#  12]+0.029*[#   2]
          +0.029*[#   4]+0.026*[#   5]+0.026*[#   9]+0.010*[#   6]+0.010*[#  10]
          
    |psi|^2 = 0.968
==== e(   7) =     2.90112 eV ==== 
     psi = 0.207*[#   7]+0.207*[#   8]+0.207*[#  11]+0.207*[#  12]+0.050*[#   2]
          +0.050*[#   4]+0.024*[#   6]+0.024*[#  10]+0.004*[#   5]+0.004*[#   9]
          +0.001*[#   1]+0.001*[#   3]
    |psi|^2 = 0.985
==== e(   8) =     4.20823 eV ==== 
     psi = 0.230*[#   7]+0.230*[#   8]+0.230*[#  11]+0.230*[#  12]+0.012*[#   2]
          +0.012*[#   4]+0.010*[#   5]+0.010*[#   9]
    |psi|^2 = 0.966
==== e(   9) =     5.02782 eV ==== 
     psi = 0.240*[#   7]+0.240*[#   8]+0.240*[#  11]+0.240*[#  12]+0.003*[#   6]
          +0.003*[#  10]
    |psi|^2 = 0.968
==== e(  10) =     5.25649 eV ==== 
     psi = 0.481*[#   6]+0.481*[#  10]+0.001*[#   7]+0.001*[#   8]+0.001*[#  11]
          +0.001*[#  12]
    |psi|^2 = 0.968
==== e(  11) =    15.97549 eV ==== 
     psi = 0.227*[#   2]+0.227*[#   4]+0.082*[#   5]+0.082*[#   9]+0.024*[#   7]
          +0.024*[#   8]+0.024*[#  11]+0.024*[#  12]
    |psi|^2 = 0.714
==== e(  12) =    17.46126 eV ==== 
     psi = 0.048*[#   2]+0.048*[#   4]+0.020*[#   6]+0.020*[#  10]+0.004*[#   7]
          +0.004*[#   8]+0.004*[#  11]+0.004*[#  12]+0.002*[#   5]+0.002*[#   9]
          
    |psi|^2 = 0.156
==== e(  13) =    19.73213 eV ==== 
     psi = 0.073*[#   2]+0.073*[#   4]+0.015*[#   5]+0.015*[#   9]+0.008*[#   7]
          +0.008*[#   8]+0.008*[#  11]+0.008*[#  12]
    |psi|^2 = 0.208
==== e(  14) =    20.52694 eV ==== 
     psi = 0.100*[#   2]+0.100*[#   4]+0.011*[#   7]+0.011*[#   8]+0.011*[#  11]
          +0.011*[#  12]+0.011*[#   5]+0.011*[#   9]
    |psi|^2 = 0.267

 k =   0.1500000000  0.3175426481  0.0615999300
==== e(   1) =   -90.49941 eV ==== 
     psi = 0.497*[#   1]+0.497*[#   3]+0.001*[#   7]+0.001*[#   8]+0.001*[#  11]
          +0.001*[#  12]
    |psi|^2 = 1.000
==== e(   2) =   -90.49793 eV ==== 
     psi = 0.494*[#   1]+0.494*[#   3]+0.002*[#   2]+0.002*[#   4]+0.002*[#   6]
          +0.002*[#  10]
    |psi|^2 = 1.000
==== e(   3) =   -11.48263 eV ==== 
     psi = 0.354*[#   5]+0.354*[#   9]+0.139*[#   2]+0.139*[#   4]+0.002*[#   7]
          +0.002*[#   8]+0.002*[#  11]+0.002*[#  12]+0.001*[#   1]+0.001*[#   3]
          
    |psi|^2 = 0.997
==== e(   4) =   -10.31641 eV ==== 
     psi = 0.481*[#   5]+0.481*[#   9]+0.013*[#   2]+0.013*[#   4]
    |psi|^2 = 0.991
==== e(   5) =     1.17382 eV ==== 
     psi = 0.391*[#   6]+0.391*[#  10]+0.031*[#   7]+0.031*[#   8]+0.031*[#  11]
          +0.031*[#  12]+0.022*[#   2]+0.022*[#   4]+0.002*[#   5]+0.002*[#   9]
          
    |psi|^2 = 0.955
==== e(   6) =     2.35389 eV ==== 
     psi = 0.206*[#   7]+0.206*[#   8]+0.206*[#  11]+0.206*[#  12]+0.029*[#   2]
          +0.029*[#   4]+0.027*[#   5]+0.027*[#   9]+0.014*[#   6]+0.014*[#  10]
          
    |psi|^2 = 0.968
==== e(   7) =     2.96397 eV ==== 
     psi = 0.200*[#   7]+0.200*[#   8]+0.200*[#  11]+0.200*[#  12]+0.045*[#   2]
          +0.045*[#   4]+0.041*[#   6]+0.041*[#  10]+0.003*[#   5]+0.003*[#   9]
          +0.001*[#   1]+0.001*[#   3]
    |psi|^2 = 0.981
==== e(   8) =     4.13888 eV ==== 
     psi = 0.218*[#   7]+0.218*[#   8]+0.218*[#  11]+0.218*[#  12]+0.027*[#   6]
          +0.027*[#  10]+0.011*[#   2]+0.011*[#   4]+0.009*[#   5]+0.009*[#   9]
          
    |psi|^2 = 0.964
==== e(   9) =     4.97728 eV ==== 
     psi = 0.236*[#   7]+0.236*[#   8]+0.236*[#  11]+0.236*[#  12]+0.009*[#   6]
          +0.009*[#  10]
    |psi|^2 = 0.967
==== e(  10) =     5.27848 eV ==== 
     psi = 0.443*[#   6]+0.443*[#  10]+0.021*[#   7]+0.021*[#   8]+0.021*[#  11]
          +0.021*[#  12]
    |psi|^2 = 0.969
==== e(  11) =    15.92902 eV ==== 
     psi = 0.224*[#   2]+0.224*[#   4]+0.079*[#   5]+0.079*[#   9]+0.022*[#   7]
          +0.022*[#   8]+0.022*[#  11]+0.022*[#  12]+0.001*[#   6]+0.001*[#  10]
          
    |psi|^2 = 0.698
==== e(  12) =    17.39687 eV ==== 
     psi = 0.055*[#   2]+0.055*[#   4]+0.021*[#   6]+0.021*[#  10]+0.004*[#   7]
          +0.004*[#   8]+0.004*[#  11]+0.004*[#  12]+0.003*[#   5]+0.003*[#   9]
          
    |psi|^2 = 0.175
==== e(  13) =    19.70503 eV ==== 
     psi = 0.065*[#   2]+0.065*[#   4]+0.013*[#   5]+0.013*[#   9]+0.007*[#   7]
          +0.007*[#   8]+0.007*[#  11]+0.007*[#  12]
    |psi|^2 = 0.186
==== e(  14) =    20.43726 eV ==== 
     psi = 0.091*[#   2]+0.091*[#   4]+0.010*[#   7]+0.010*[#   8]+0.010*[#  11]
          +0.010*[#  12]+0.009*[#   5]+0.009*[#   9]+0.001*[#   6]+0.001*[#  10]
          
    |psi|^2 = 0.242

 k =   0.1500000000  0.3175426481  0.1231998600
==== e(   1) =   -90.49930 eV ==== 
     psi = 0.497*[#   1]+0.497*[#   3]+0.001*[#   7]+0.001*[#   8]+0.001*[#  11]
          +0.001*[#  12]
    |psi|^2 = 1.000
==== e(   2) =   -90.49804 eV ==== 
     psi = 0.495*[#   1]+0.495*[#   3]+0.002*[#   6]+0.002*[#  10]+0.001*[#   2]
          +0.001*[#   4]
    |psi|^2 = 1.000
==== e(   3) =   -11.40812 eV ==== 
     psi = 0.362*[#   5]+0.362*[#   9]+0.130*[#   2]+0.130*[#   4]+0.002*[#   7]
          +0.002*[#   8]+0.002*[#  11]+0.002*[#  12]+0.001*[#   1]+0.001*[#   3]
          
    |psi|^2 = 0.997
==== e(   4) =   -10.41936 eV ==== 
     psi = 0.470*[#   5]+0.470*[#   9]+0.023*[#   2]+0.023*[#   4]+0.002*[#   6]
          +0.002*[#  10]
    |psi|^2 = 0.991
==== e(   5) =     1.29236 eV ==== 
     psi = 0.342*[#   6]+0.342*[#  10]+0.049*[#   7]+0.049*[#   8]+0.049*[#  11]
          +0.049*[#  12]+0.034*[#   2]+0.034*[#   4]+0.008*[#   5]+0.008*[#   9]
          
    |psi|^2 = 0.964
==== e(   6) =     2.35852 eV ==== 
     psi = 0.198*[#   7]+0.198*[#   8]+0.198*[#  11]+0.198*[#  12]+0.031*[#   2]
          +0.031*[#   4]+0.030*[#   5]+0.030*[#   9]+0.028*[#   6]+0.028*[#  10]
          +0.001*[#   1]+0.001*[#   3]
    |psi|^2 = 0.970
==== e(   7) =     3.15366 eV ==== 
     psi = 0.181*[#   7]+0.181*[#   8]+0.181*[#  11]+0.181*[#  12]+0.090*[#   6]
          +0.090*[#  10]+0.031*[#   2]+0.031*[#   4]+0.002*[#   5]+0.002*[#   9]
          
    |psi|^2 = 0.971
==== e(   8) =     3.99965 eV ==== 
     psi = 0.199*[#   7]+0.199*[#   8]+0.199*[#  11]+0.199*[#  12]+0.067*[#   6]
          +0.067*[#  10]+0.009*[#   2]+0.009*[#   4]+0.006*[#   5]+0.006*[#   9]
          
    |psi|^2 = 0.960
==== e(   9) =     4.84429 eV ==== 
     psi = 0.234*[#   7]+0.234*[#   8]+0.234*[#  11]+0.234*[#  12]+0.012*[#   6]
          +0.012*[#  10]
    |psi|^2 = 0.964
==== e(  10) =     5.28046 eV ==== 
     psi = 0.379*[#   6]+0.379*[#  10]+0.053*[#   7]+0.053*[#   8]+0.053*[#  11]
          +0.053*[#  12]
    |psi|^2 = 0.970
==== e(  11) =    15.83590 eV ==== 
     psi = 0.214*[#   2]+0.214*[#   4]+0.071*[#   5]+0.071*[#   9]+0.019*[#   7]
          +0.019*[#   8]+0.019*[#  11]+0.019*[#  12]+0.004*[#   6]+0.004*[#  10]
          
    |psi|^2 = 0.655
==== e(  12) =    17.19692 eV ==== 
     psi = 0.076*[#   2]+0.076*[#   4]+0.023*[#   6]+0.023*[#  10]+0.005*[#   5]
          +0.005*[#   9]+0.005*[#   7]+0.005*[#   8]+0.005*[#  11]+0.005*[#  12]
          
    |psi|^2 = 0.228
==== e(  13) =    19.66620 eV ==== 
     psi = 0.049*[#   2]+0.049*[#   4]+0.011*[#   5]+0.011*[#   9]+0.007*[#   7]
          +0.007*[#   8]+0.007*[#  11]+0.007*[#  12]
    |psi|^2 = 0.150
==== e(  14) =    20.25957 eV ==== 
     psi = 0.080*[#   2]+0.080*[#   4]+0.009*[#   7]+0.009*[#   8]+0.009*[#  11]
          +0.009*[#  12]+0.008*[#   5]+0.008*[#   9]+0.001*[#   6]+0.001*[#  10]
          
    |psi|^2 = 0.214

 k =   0.1500000000  0.3175426481  0.1847997900
==== e(   1) =   -90.49913 eV ==== 
     psi = 0.497*[#   1]+0.497*[#   3]
    |psi|^2 = 1.000
==== e(   2) =   -90.49821 eV ==== 
     psi = 0.495*[#   1]+0.495*[#   3]+0.002*[#   6]+0.002*[#  10]
    |psi|^2 = 1.000
==== e(   3) =   -11.28882 eV ==== 
     psi = 0.375*[#   5]+0.375*[#   9]+0.117*[#   2]+0.117*[#   4]+0.002*[#   7]
          +0.002*[#   8]+0.002*[#  11]+0.002*[#  12]+0.001*[#   6]+0.001*[#  10]
          
    |psi|^2 = 0.996
==== e(   4) =   -10.57333 eV ==== 
     psi = 0.453*[#   5]+0.453*[#   9]+0.039*[#   2]+0.039*[#   4]+0.002*[#   6]
          +0.002*[#  10]
    |psi|^2 = 0.992
==== e(   5) =     1.47208 eV ==== 
     psi = 0.278*[#   6]+0.278*[#  10]+0.074*[#   7]+0.074*[#   8]+0.074*[#  11]
          +0.074*[#  12]+0.046*[#   2]+0.046*[#   4]+0.015*[#   5]+0.015*[#   9]
          
    |psi|^2 = 0.974
==== e(   6) =     2.29998 eV ==== 
     psi = 0.180*[#   7]+0.180*[#   8]+0.180*[#  11]+0.180*[#  12]+0.057*[#   6]
          +0.057*[#  10]+0.038*[#   2]+0.038*[#   4]+0.032*[#   5]+0.032*[#   9]
          +0.001*[#   1]+0.001*[#   3]
    |psi|^2 = 0.976
==== e(   7) =     3.44654 eV ==== 
     psi = 0.156*[#   7]+0.156*[#   8]+0.156*[#  11]+0.156*[#  12]+0.151*[#   6]
          +0.151*[#  10]+0.015*[#   2]+0.015*[#   4]
    |psi|^2 = 0.961
==== e(   8) =     3.90971 eV ==== 
     psi = 0.190*[#   7]+0.190*[#   8]+0.190*[#  11]+0.190*[#  12]+0.090*[#   6]
          +0.090*[#  10]+0.005*[#   2]+0.005*[#   4]+0.002*[#   5]+0.002*[#   9]
          
    |psi|^2 = 0.956
==== e(   9) =     4.66938 eV ==== 
     psi = 0.231*[#   7]+0.231*[#   8]+0.231*[#  11]+0.231*[#  12]+0.015*[#   6]
          +0.015*[#  10]+0.001*[#   2]+0.001*[#   4]
    |psi|^2 = 0.960
==== e(  10) =     5.17703 eV ==== 
     psi = 0.316*[#   6]+0.316*[#  10]+0.084*[#   7]+0.084*[#   8]+0.084*[#  11]
          +0.084*[#  12]
    |psi|^2 = 0.968
==== e(  11) =    15.79613 eV ==== 
     psi = 0.200*[#   2]+0.200*[#   4]+0.059*[#   5]+0.059*[#   9]+0.015*[#   7]
          +0.015*[#   8]+0.015*[#  11]+0.015*[#  12]+0.009*[#   6]+0.009*[#  10]
          
    |psi|^2 = 0.597
==== e(  12) =    16.87382 eV ==== 
     psi = 0.105*[#   2]+0.105*[#   4]+0.024*[#   6]+0.024*[#  10]+0.011*[#   5]
          +0.011*[#   9]+0.005*[#   7]+0.005*[#   8]+0.005*[#  11]+0.005*[#  12]
          
    |psi|^2 = 0.303
==== e(  13) =    19.66568 eV ==== 
     psi = 0.040*[#   2]+0.040*[#   4]+0.009*[#   5]+0.009*[#   9]+0.008*[#   7]
          +0.008*[#   8]+0.008*[#  11]+0.008*[#  12]
    |psi|^2 = 0.130
==== e(  14) =    20.08328 eV ==== 
     psi = 0.069*[#   2]+0.069*[#   4]+0.009*[#   7]+0.009*[#   8]+0.009*[#  11]
          +0.009*[#  12]+0.008*[#   5]+0.008*[#   9]
    |psi|^2 = 0.192

 k =   0.1500000000  0.3175426481  0.2463997200
==== e(   1) =   -90.49891 eV ==== 
     psi = 0.496*[#   1]+0.496*[#   3]
    |psi|^2 = 1.000
==== e(   2) =   -90.49843 eV ==== 
     psi = 0.496*[#   1]+0.496*[#   3]+0.002*[#   6]+0.002*[#  10]
    |psi|^2 = 1.000
==== e(   3) =   -11.13238 eV ==== 
     psi = 0.392*[#   5]+0.392*[#   9]+0.100*[#   2]+0.100*[#   4]+0.002*[#   6]
          +0.002*[#  10]+0.002*[#   7]+0.002*[#   8]+0.002*[#  11]+0.002*[#  12]
          
    |psi|^2 = 0.996
==== e(   4) =   -10.75744 eV ==== 
     psi = 0.433*[#   5]+0.433*[#   9]+0.058*[#   2]+0.058*[#   4]+0.003*[#   6]
          +0.003*[#  10]+0.001*[#   7]+0.001*[#   8]+0.001*[#  11]+0.001*[#  12]
          
    |psi|^2 = 0.994
==== e(   5) =     1.69317 eV ==== 
     psi = 0.214*[#   6]+0.214*[#  10]+0.101*[#   7]+0.101*[#   8]+0.101*[#  11]
          +0.101*[#  12]+0.051*[#   2]+0.051*[#   4]+0.022*[#   5]+0.022*[#   9]
          +0.001*[#   1]+0.001*[#   3]
    |psi|^2 = 0.980
==== e(   6) =     2.14873 eV ==== 
     psi = 0.155*[#   7]+0.155*[#   8]+0.155*[#  11]+0.155*[#  12]+0.102*[#   6]
          +0.102*[#  10]+0.045*[#   2]+0.045*[#   4]+0.032*[#   5]+0.032*[#   9]
          +0.002*[#   1]+0.002*[#   3]
    |psi|^2 = 0.980
==== e(   7) =     3.74484 eV ==== 
     psi = 0.174*[#   6]+0.174*[#  10]+0.149*[#   7]+0.149*[#   8]+0.149*[#  11]
          +0.149*[#  12]+0.004*[#   2]+0.004*[#   4]
    |psi|^2 = 0.955
==== e(   8) =     3.92808 eV ==== 
     psi = 0.176*[#   7]+0.176*[#   8]+0.176*[#  11]+0.176*[#  12]+0.121*[#   6]
          +0.121*[#  10]+0.003*[#   2]+0.003*[#   4]
    |psi|^2 = 0.955
==== e(   9) =     4.54389 eV ==== 
     psi = 0.218*[#   7]+0.218*[#   8]+0.218*[#  11]+0.218*[#  12]+0.039*[#   6]
          +0.039*[#  10]+0.002*[#   2]+0.002*[#   4]
    |psi|^2 = 0.957
==== e(  10) =     4.94693 eV ==== 
     psi = 0.246*[#   6]+0.246*[#  10]+0.117*[#   7]+0.117*[#   8]+0.117*[#  11]
          +0.117*[#  12]
    |psi|^2 = 0.964
==== e(  11) =    15.89007 eV ==== 
     psi = 0.183*[#   2]+0.183*[#   4]+0.045*[#   5]+0.045*[#   9]+0.016*[#   6]
          +0.016*[#  10]+0.011*[#   7]+0.011*[#   8]+0.011*[#  11]+0.011*[#  12]
          
    |psi|^2 = 0.532
==== e(  12) =    16.49022 eV ==== 
     psi = 0.135*[#   2]+0.135*[#   4]+0.024*[#   6]+0.024*[#  10]+0.020*[#   5]
          +0.020*[#   9]+0.006*[#   7]+0.006*[#   8]+0.006*[#  11]+0.006*[#  12]
          
    |psi|^2 = 0.385
==== e(  13) =    19.71370 eV ==== 
     psi = 0.039*[#   2]+0.039*[#   4]+0.009*[#   5]+0.009*[#   9]+0.009*[#   7]
          +0.009*[#   8]+0.009*[#  11]+0.009*[#  12]
    |psi|^2 = 0.131
==== e(  14) =    19.93078 eV ==== 
     psi = 0.057*[#   2]+0.057*[#   4]+0.009*[#   7]+0.009*[#   8]+0.009*[#  11]
          +0.009*[#  12]+0.009*[#   5]+0.009*[#   9]
    |psi|^2 = 0.169

 k =   0.1500000000  0.3175426481 -0.3079996500
==== e(   1) =   -90.49867 eV ==== 
     psi = 0.496*[#   1]+0.496*[#   3]+0.001*[#   6]+0.001*[#  10]
    |psi|^2 = 1.000
==== e(   2) =   -90.49866 eV ==== 
     psi = 0.496*[#   1]+0.496*[#   3]+0.001*[#   6]+0.001*[#  10]
    |psi|^2 = 1.000
==== e(   3) =   -10.95015 eV ==== 
     psi = 0.412*[#   5]+0.412*[#   9]+0.080*[#   2]+0.080*[#   4]+0.002*[#   6]
          +0.002*[#  10]+0.001*[#   7]+0.001*[#   8]+0.001*[#  11]+0.001*[#  12]
          
    |psi|^2 = 0.995
==== e(   4) =   -10.95015 eV ==== 
     psi = 0.412*[#   5]+0.412*[#   9]+0.080*[#   2]+0.080*[#   4]+0.002*[#   6]
          +0.002*[#  10]+0.001*[#   7]+0.001*[#   8]+0.001*[#  11]+0.001*[#  12]
          
    |psi|^2 = 0.995
==== e(   5) =     1.93080 eV ==== 
     psi = 0.156*[#   6]+0.156*[#  10]+0.128*[#   7]+0.128*[#   8]+0.128*[#  11]
          +0.128*[#  12]+0.050*[#   2]+0.050*[#   4]+0.028*[#   5]+0.028*[#   9]
          +0.002*[#   1]+0.002*[#   3]
    |psi|^2 = 0.982
==== e(   6) =     1.93080 eV ==== 
     psi = 0.156*[#   6]+0.156*[#  10]+0.128*[#   7]+0.128*[#   8]+0.128*[#  11]
          +0.128*[#  12]+0.050*[#   2]+0.050*[#   4]+0.028*[#   5]+0.028*[#   9]
          +0.002*[#   1]+0.002*[#   3]
    |psi|^2 = 0.982
==== e(   7) =     3.91554 eV ==== 
     psi = 0.166*[#   7]+0.166*[#   8]+0.166*[#  11]+0.166*[#  12]+0.143*[#   6]
          +0.143*[#  10]
    |psi|^2 = 0.954
==== e(   8) =     3.91554 eV ==== 
     psi = 0.166*[#   7]+0.166*[#   8]+0.166*[#  11]+0.166*[#  12]+0.143*[#   6]
          +0.143*[#  10]
    |psi|^2 = 0.954
==== e(   9) =     4.66163 eV ==== 
     psi = 0.164*[#   7]+0.164*[#   8]+0.164*[#  11]+0.164*[#  12]+0.147*[#   6]
          +0.147*[#  10]+0.002*[#   2]+0.002*[#   4]
    |psi|^2 = 0.958
==== e(  10) =     4.66163 eV ==== 
     psi = 0.164*[#   7]+0.164*[#   8]+0.164*[#  11]+0.164*[#  12]+0.147*[#   6]
          +0.147*[#  10]+0.002*[#   2]+0.002*[#   4]
    |psi|^2 = 0.958
==== e(  11) =    16.13563 eV ==== 
     psi = 0.161*[#   2]+0.161*[#   4]+0.032*[#   5]+0.032*[#   9]+0.021*[#   6]
          +0.021*[#  10]+0.008*[#   7]+0.008*[#   8]+0.008*[#  11]+0.008*[#  12]
          
    |psi|^2 = 0.463
==== e(  12) =    16.13563 eV ==== 
     psi = 0.161*[#   2]+0.161*[#   4]+0.032*[#   5]+0.032*[#   9]+0.021*[#   6]
          +0.021*[#  10]+0.008*[#   7]+0.008*[#   8]+0.008*[#  11]+0.008*[#  12]
          
    |psi|^2 = 0.463
==== e(  13) =    19.80510 eV ==== 
     psi = 0.046*[#   2]+0.046*[#   4]+0.009*[#   7]+0.009*[#   8]+0.009*[#  11]
          +0.009*[#  12]+0.009*[#   5]+0.009*[#   9]
    |psi|^2 = 0.146
==== e(  14) =    19.80510 eV ==== 
     psi = 0.046*[#   2]+0.046*[#   4]+0.009*[#   7]+0.009*[#   8]+0.009*[#  11]
          +0.009*[#  12]+0.009*[#   5]+0.009*[#   9]
    |psi|^2 = 0.146

 k =   0.1500000000  0.3752776750  0.0000000000
==== e(   1) =   -90.49912 eV ==== 
     psi = 0.497*[#   1]+0.497*[#   3]+0.001*[#   7]+0.001*[#   8]+0.001*[#  11]
          +0.001*[#  12]
    |psi|^2 = 1.000
==== e(   2) =   -90.49781 eV ==== 
     psi = 0.494*[#   1]+0.494*[#   3]+0.002*[#   2]+0.002*[#   4]+0.002*[#   6]
          +0.002*[#  10]+0.001*[#   7]+0.001*[#   8]+0.001*[#  11]+0.001*[#  12]
          
    |psi|^2 = 1.000
==== e(   3) =   -11.26371 eV ==== 
     psi = 0.376*[#   5]+0.376*[#   9]+0.116*[#   2]+0.116*[#   4]+0.002*[#   7]
          +0.002*[#   8]+0.002*[#  11]+0.002*[#  12]
    |psi|^2 = 0.996
==== e(   4) =   -10.22253 eV ==== 
     psi = 0.490*[#   5]+0.490*[#   9]+0.004*[#   2]+0.004*[#   4]
    |psi|^2 = 0.990
==== e(   5) =     1.31180 eV ==== 
     psi = 0.277*[#   6]+0.277*[#  10]+0.093*[#   7]+0.093*[#   8]+0.093*[#  11]
          +0.093*[#  12]+0.005*[#   2]+0.005*[#   4]+0.005*[#   5]+0.005*[#   9]
          
    |psi|^2 = 0.945
==== e(   6) =     1.89955 eV ==== 
     psi = 0.156*[#   7]+0.156*[#   8]+0.156*[#  11]+0.156*[#  12]+0.119*[#   6]
          +0.119*[#  10]+0.034*[#   2]+0.034*[#   4]+0.018*[#   5]+0.018*[#   9]
          
    |psi|^2 = 0.968
==== e(   7) =     2.70232 eV ==== 
     psi = 0.190*[#   7]+0.190*[#   8]+0.190*[#  11]+0.190*[#  12]+0.059*[#   2]
          +0.059*[#   4]+0.050*[#   6]+0.050*[#  10]+0.004*[#   5]+0.004*[#   9]
          +0.001*[#   1]+0.001*[#   3]
    |psi|^2 = 0.989
==== e(   8) =     3.84404 eV ==== 
     psi = 0.228*[#   7]+0.228*[#   8]+0.228*[#  11]+0.228*[#  12]+0.014*[#   2]
          +0.014*[#   4]+0.008*[#   5]+0.008*[#   9]+0.003*[#   6]+0.003*[#  10]
          
    |psi|^2 = 0.964
==== e(   9) =     4.82144 eV ==== 
     psi = 0.226*[#   7]+0.226*[#   8]+0.226*[#  11]+0.226*[#  12]+0.027*[#   6]
          +0.027*[#  10]+0.002*[#   2]+0.002*[#   4]+0.001*[#   5]+0.001*[#   9]
          
    |psi|^2 = 0.965
==== e(  10) =     4.99711 eV ==== 
     psi = 0.455*[#   6]+0.455*[#  10]+0.013*[#   7]+0.013*[#   8]+0.013*[#  11]
          +0.013*[#  12]+0.001*[#   2]+0.001*[#   4]
    |psi|^2 = 0.965
==== e(  11) =    16.31481 eV ==== 
     psi = 0.160*[#   2]+0.160*[#   4]+0.045*[#   5]+0.045*[#   9]+0.016*[#   7]
          +0.016*[#   8]+0.016*[#  11]+0.016*[#  12]+0.005*[#   6]+0.005*[#  10]
          
    |psi|^2 = 0.485
==== e(  12) =    17.03922 eV ==== 
     psi = 0.081*[#   2]+0.081*[#   4]+0.013*[#   6]+0.013*[#  10]+0.013*[#   5]
          +0.013*[#   9]+0.008*[#   7]+0.008*[#   8]+0.008*[#  11]+0.008*[#  12]
          
    |psi|^2 = 0.248
==== e(  13) =    19.45522 eV ==== 
     psi = 0.073*[#   2]+0.073*[#   4]+0.019*[#   5]+0.019*[#   9]+0.009*[#   7]
          +0.009*[#   8]+0.009*[#  11]+0.009*[#  12]
    |psi|^2 = 0.223
==== e(  14) =    20.99540 eV ==== 
     psi = 0.092*[#   2]+0.092*[#   4]+0.012*[#   7]+0.012*[#   8]+0.012*[#  11]
          +0.012*[#  12]+0.003*[#   5]+0.003*[#   9]
    |psi|^2 = 0.242

 k =   0.1500000000  0.3752776750  0.0615999300
==== e(   1) =   -90.49908 eV ==== 
     psi = 0.497*[#   1]+0.497*[#   3]+0.001*[#   7]+0.001*[#   8]+0.001*[#  11]
          +0.001*[#  12]
    |psi|^2 = 1.000
==== e(   2) =   -90.49784 eV ==== 
     psi = 0.494*[#   1]+0.494*[#   3]+0.002*[#   2]+0.002*[#   4]+0.002*[#   6]
          +0.002*[#  10]+0.001*[#   7]+0.001*[#   8]+0.001*[#  11]+0.001*[#  12]
          
    |psi|^2 = 1.000
==== e(   3) =   -11.24163 eV ==== 
     psi = 0.379*[#   5]+0.379*[#   9]+0.113*[#   2]+0.113*[#   4]+0.002*[#   7]
          +0.002*[#   8]+0.002*[#  11]+0.002*[#  12]
    |psi|^2 = 0.996
==== e(   4) =   -10.25225 eV ==== 
     psi = 0.488*[#   5]+0.488*[#   9]+0.006*[#   2]+0.006*[#   4]
    |psi|^2 = 0.990
==== e(   5) =     1.29700 eV ==== 
     psi = 0.257*[#   6]+0.257*[#  10]+0.099*[#   7]+0.099*[#   8]+0.099*[#  11]
          +0.099*[#  12]+0.016*[#   2]+0.016*[#   4]+0.005*[#   5]+0.005*[#   9]
          
    |psi|^2 = 0.952
==== e(   6) =     1.92702 eV ==== 
     psi = 0.162*[#   7]+0.162*[#   8]+0.162*[#  11]+0.162*[#  12]+0.107*[#   6]
          +0.107*[#  10]+0.032*[#   2]+0.032*[#   4]+0.020*[#   5]+0.020*[#   9]
          
    |psi|^2 = 0.967
==== e(   7) =     2.78370 eV ==== 
     psi = 0.176*[#   7]+0.176*[#   8]+0.176*[#  11]+0.176*[#  12]+0.085*[#   6]
          +0.085*[#  10]+0.051*[#   2]+0.051*[#   4]+0.003*[#   5]+0.003*[#   9]
          +0.001*[#   1]+0.001*[#   3]
    |psi|^2 = 0.983
==== e(   8) =     3.78467 eV ==== 
     psi = 0.217*[#   7]+0.217*[#   8]+0.217*[#  11]+0.217*[#  12]+0.026*[#   6]
          +0.026*[#  10]+0.013*[#   2]+0.013*[#   4]+0.007*[#   5]+0.007*[#   9]
          
    |psi|^2 = 0.962
==== e(   9) =     4.75954 eV ==== 
     psi = 0.221*[#   7]+0.221*[#   8]+0.221*[#  11]+0.221*[#  12]+0.036*[#   6]
          +0.036*[#  10]+0.002*[#   2]+0.002*[#   4]+0.001*[#   5]+0.001*[#   9]
          
    |psi|^2 = 0.965
==== e(  10) =     5.05045 eV ==== 
     psi = 0.417*[#   6]+0.417*[#  10]+0.032*[#   7]+0.032*[#   8]+0.032*[#  11]
          +0.032*[#  12]+0.001*[#   2]+0.001*[#   4]
    |psi|^2 = 0.966
==== e(  11) =    16.23538 eV ==== 
     psi = 0.162*[#   2]+0.162*[#   4]+0.045*[#   5]+0.045*[#   9]+0.016*[#   7]
          +0.016*[#   8]+0.016*[#  11]+0.016*[#  12]+0.004*[#   6]+0.004*[#  10]
          
    |psi|^2 = 0.487
==== e(  12) =    17.01413 eV ==== 
     psi = 0.078*[#   2]+0.078*[#   4]+0.014*[#   6]+0.014*[#  10]+0.011*[#   5]
          +0.011*[#   9]+0.008*[#   7]+0.008*[#   8]+0.008*[#  11]+0.008*[#  12]
          
    |psi|^2 = 0.239
==== e(  13) =    19.43785 eV ==== 
     psi = 0.066*[#   2]+0.066*[#   4]+0.016*[#   5]+0.016*[#   9]+0.009*[#   7]
          +0.009*[#   8]+0.009*[#  11]+0.009*[#  12]
    |psi|^2 = 0.202
==== e(  14) =    20.89783 eV ==== 
     psi = 0.081*[#   2]+0.081*[#   4]+0.011*[#   7]+0.011*[#   8]+0.011*[#  11]
          +0.011*[#  12]+0.003*[#   5]+0.003*[#   9]
    |psi|^2 = 0.218

 k =   0.1500000000  0.3752776750  0.1231998600
==== e(   1) =   -90.49899 eV ==== 
     psi = 0.497*[#   1]+0.497*[#   3]+0.001*[#   7]+0.001*[#   8]+0.001*[#  11]
          +0.001*[#  12]
    |psi|^2 = 1.000
==== e(   2) =   -90.49793 eV ==== 
     psi = 0.494*[#   1]+0.494*[#   3]+0.002*[#   2]+0.002*[#   4]+0.002*[#   6]
          +0.002*[#  10]+0.001*[#   7]+0.001*[#   8]+0.001*[#  11]+0.001*[#  12]
          
    |psi|^2 = 1.000
==== e(   3) =   -11.17677 eV ==== 
     psi = 0.386*[#   5]+0.386*[#   9]+0.106*[#   2]+0.106*[#   4]+0.002*[#   7]
          +0.002*[#   8]+0.002*[#  11]+0.002*[#  12]
    |psi|^2 = 0.996
==== e(   4) =   -10.33700 eV ==== 
     psi = 0.479*[#   5]+0.479*[#   9]+0.013*[#   2]+0.013*[#   4]+0.001*[#   6]
          +0.001*[#  10]
    |psi|^2 = 0.990
==== e(   5) =     1.28948 eV ==== 
     psi = 0.218*[#   6]+0.218*[#  10]+0.111*[#   7]+0.111*[#   8]+0.111*[#  11]
          +0.111*[#  12]+0.034*[#   2]+0.034*[#   4]+0.007*[#   5]+0.007*[#   9]
          
    |psi|^2 = 0.965
==== e(   6) =     1.95099 eV ==== 
     psi = 0.172*[#   7]+0.172*[#   8]+0.172*[#  11]+0.172*[#  12]+0.082*[#   6]
          +0.082*[#  10]+0.035*[#   2]+0.035*[#   4]+0.023*[#   5]+0.023*[#   9]
          +0.001*[#   1]+0.001*[#   3]
    |psi|^2 = 0.970
==== e(   7) =     3.00920 eV ==== 
     psi = 0.158*[#   6]+0.158*[#  10]+0.147*[#   7]+0.147*[#   8]+0.147*[#  11]
          +0.147*[#  12]+0.030*[#   2]+0.030*[#   4]+0.002*[#   5]+0.002*[#   9]
          
    |psi|^2 = 0.969
==== e(   8) =     3.68989 eV ==== 
     psi = 0.201*[#   7]+0.201*[#   8]+0.201*[#  11]+0.201*[#  12]+0.061*[#   6]
          +0.061*[#  10]+0.012*[#   2]+0.012*[#   4]+0.004*[#   5]+0.004*[#   9]
          
    |psi|^2 = 0.959
==== e(   9) =     4.61102 eV ==== 
     psi = 0.222*[#   7]+0.222*[#   8]+0.222*[#  11]+0.222*[#  12]+0.033*[#   6]
          +0.033*[#  10]+0.002*[#   2]+0.002*[#   4]
    |psi|^2 = 0.962
==== e(  10) =     5.11877 eV ==== 
     psi = 0.372*[#   6]+0.372*[#  10]+0.055*[#   7]+0.055*[#   8]+0.055*[#  11]
          +0.055*[#  12]
    |psi|^2 = 0.967
==== e(  11) =    16.06216 eV ==== 
     psi = 0.163*[#   2]+0.163*[#   4]+0.043*[#   5]+0.043*[#   9]+0.014*[#   7]
          +0.014*[#   8]+0.014*[#  11]+0.014*[#  12]+0.004*[#   6]+0.004*[#  10]
          
    |psi|^2 = 0.477
==== e(  12) =    16.90358 eV ==== 
     psi = 0.076*[#   2]+0.076*[#   4]+0.016*[#   6]+0.016*[#  10]+0.009*[#   5]
          +0.009*[#   9]+0.007*[#   7]+0.007*[#   8]+0.007*[#  11]+0.007*[#  12]
          
    |psi|^2 = 0.232
==== e(  13) =    19.44084 eV ==== 
     psi = 0.055*[#   2]+0.055*[#   4]+0.013*[#   5]+0.013*[#   9]+0.008*[#   7]
          +0.008*[#   8]+0.008*[#  11]+0.008*[#  12]
    |psi|^2 = 0.170
==== e(  14) =    20.65574 eV ==== 
     psi = 0.066*[#   2]+0.066*[#   4]+0.010*[#   7]+0.010*[#   8]+0.010*[#  11]
          +0.010*[#  12]+0.004*[#   5]+0.004*[#   9]+0.001*[#   6]+0.001*[#  10]
          
    |psi|^2 = 0.183

 k =   0.1500000000  0.3752776750  0.1847997900
==== e(   1) =   -90.49885 eV ==== 
     psi = 0.496*[#   1]+0.496*[#   3]+0.001*[#   7]+0.001*[#   8]+0.001*[#  11]
          +0.001*[#  12]
    |psi|^2 = 1.000
==== e(   2) =   -90.49808 eV ==== 
     psi = 0.495*[#   1]+0.495*[#   3]+0.002*[#   6]+0.002*[#  10]+0.001*[#   2]
          +0.001*[#   4]+0.001*[#   7]+0.001*[#   8]+0.001*[#  11]+0.001*[#  12]
          
    |psi|^2 = 1.000
==== e(   3) =   -11.07331 eV ==== 
     psi = 0.399*[#   5]+0.399*[#   9]+0.093*[#   2]+0.093*[#   4]+0.002*[#   7]
          +0.002*[#   8]+0.002*[#  11]+0.002*[#  12]
    |psi|^2 = 0.995
==== e(   4) =   -10.46481 eV ==== 
     psi = 0.467*[#   5]+0.467*[#   9]+0.026*[#   2]+0.026*[#   4]+0.002*[#   6]
          +0.002*[#  10]
    |psi|^2 = 0.991
==== e(   5) =     1.33381 eV ==== 
     psi = 0.179*[#   6]+0.179*[#  10]+0.124*[#   7]+0.124*[#   8]+0.124*[#  11]
          +0.124*[#  12]+0.047*[#   2]+0.047*[#   4]+0.011*[#   5]+0.011*[#   9]
          +0.001*[#   1]+0.001*[#   3]
    |psi|^2 = 0.975
==== e(   6) =     1.89891 eV ==== 
     psi = 0.172*[#   7]+0.172*[#   8]+0.172*[#  11]+0.172*[#  12]+0.074*[#   6]
          +0.074*[#  10]+0.042*[#   2]+0.042*[#   4]+0.025*[#   5]+0.025*[#   9]
          +0.001*[#   1]+0.001*[#   3]
    |psi|^2 = 0.976
==== e(   7) =     3.28343 eV ==== 
     psi = 0.189*[#   6]+0.189*[#  10]+0.138*[#   7]+0.138*[#   8]+0.138*[#  11]
          +0.138*[#  12]+0.011*[#   2]+0.011*[#   4]
    |psi|^2 = 0.956
==== e(   8) =     3.70852 eV ==== 
     psi = 0.179*[#   7]+0.179*[#   8]+0.179*[#  11]+0.179*[#  12]+0.108*[#   6]
          +0.108*[#  10]+0.010*[#   2]+0.010*[#   4]+0.002*[#   5]+0.002*[#   9]
          
    |psi|^2 = 0.957
==== e(   9) =     4.43135 eV ==== 
     psi = 0.219*[#   7]+0.219*[#   8]+0.219*[#  11]+0.219*[#  12]+0.036*[#   6]
          +0.036*[#  10]+0.004*[#   2]+0.004*[#   4]
    |psi|^2 = 0.959
==== e(  10) =     5.09254 eV ==== 
     psi = 0.329*[#   6]+0.329*[#  10]+0.077*[#   7]+0.077*[#   8]+0.077*[#  11]
          +0.077*[#  12]
    |psi|^2 = 0.967
==== e(  11) =    15.92462 eV ==== 
     psi = 0.156*[#   2]+0.156*[#   4]+0.037*[#   5]+0.037*[#   9]+0.012*[#   7]
          +0.012*[#   8]+0.012*[#  11]+0.012*[#  12]+0.006*[#   6]+0.006*[#  10]
          
    |psi|^2 = 0.446
==== e(  12) =    16.67437 eV ==== 
     psi = 0.085*[#   2]+0.085*[#   4]+0.017*[#   6]+0.017*[#  10]+0.010*[#   5]
          +0.010*[#   9]+0.007*[#   7]+0.007*[#   8]+0.007*[#  11]+0.007*[#  12]
          
    |psi|^2 = 0.251
==== e(  13) =    19.51956 eV ==== 
     psi = 0.048*[#   2]+0.048*[#   4]+0.010*[#   5]+0.010*[#   9]+0.009*[#   7]
          +0.009*[#   8]+0.009*[#  11]+0.009*[#  12]
    |psi|^2 = 0.154
==== e(  14) =    20.37190 eV ==== 
     psi = 0.059*[#   2]+0.059*[#   4]+0.010*[#   7]+0.010*[#   8]+0.010*[#  11]
          +0.010*[#  12]+0.005*[#   5]+0.005*[#   9]+0.001*[#   6]+0.001*[#  10]
          
    |psi|^2 = 0.171

 k =   0.1500000000  0.3752776750  0.2463997200
==== e(   1) =   -90.49866 eV ==== 
     psi = 0.496*[#   1]+0.496*[#   3]+0.001*[#   7]+0.001*[#   8]+0.001*[#  11]
          +0.001*[#  12]
    |psi|^2 = 1.000
==== e(   2) =   -90.49826 eV ==== 
     psi = 0.495*[#   1]+0.495*[#   3]+0.001*[#   6]+0.001*[#  10]+0.001*[#   7]
          +0.001*[#   8]+0.001*[#  11]+0.001*[#  12]
    |psi|^2 = 1.000
==== e(   3) =   -10.93843 eV ==== 
     psi = 0.414*[#   5]+0.414*[#   9]+0.077*[#   2]+0.077*[#   4]+0.002*[#   7]
          +0.002*[#   8]+0.002*[#  11]+0.002*[#  12]+0.001*[#   6]+0.001*[#  10]
          
    |psi|^2 = 0.994
==== e(   4) =   -10.61922 eV ==== 
     psi = 0.450*[#   5]+0.450*[#   9]+0.042*[#   2]+0.042*[#   4]+0.002*[#   6]
          +0.002*[#  10]+0.001*[#   7]+0.001*[#   8]+0.001*[#  11]+0.001*[#  12]
          
    |psi|^2 = 0.992
==== e(   5) =     1.44050 eV ==== 
     psi = 0.146*[#   6]+0.146*[#  10]+0.137*[#   7]+0.137*[#   8]+0.137*[#  11]
          +0.137*[#  12]+0.053*[#   2]+0.053*[#   4]+0.016*[#   5]+0.016*[#   9]
          +0.001*[#   1]+0.001*[#   3]
    |psi|^2 = 0.979
==== e(   6) =     1.76521 eV ==== 
     psi = 0.162*[#   7]+0.162*[#   8]+0.162*[#  11]+0.162*[#  12]+0.091*[#   6]
          +0.091*[#  10]+0.049*[#   2]+0.049*[#   4]+0.024*[#   5]+0.024*[#   9]
          +0.002*[#   1]+0.002*[#   3]
    |psi|^2 = 0.980
==== e(   7) =     3.49292 eV ==== 
     psi = 0.164*[#   7]+0.164*[#   8]+0.164*[#  11]+0.164*[#  12]+0.143*[#   6]
          +0.143*[#  10]+0.003*[#   2]+0.003*[#   4]
    |psi|^2 = 0.952
==== e(   8) =     3.80040 eV ==== 
     psi = 0.164*[#   7]+0.164*[#   8]+0.164*[#  11]+0.164*[#  12]+0.145*[#   6]
          +0.145*[#  10]+0.003*[#   2]+0.003*[#   4]+0.001*[#   5]+0.001*[#   9]
          
    |psi|^2 = 0.955
==== e(   9) =     4.38647 eV ==== 
     psi = 0.184*[#   7]+0.184*[#   8]+0.184*[#  11]+0.184*[#  12]+0.103*[#   6]
          +0.103*[#  10]+0.005*[#   2]+0.005*[#   4]
    |psi|^2 = 0.957
==== e(  10) =     4.92345 eV ==== 
     psi = 0.281*[#   6]+0.281*[#  10]+0.100*[#   7]+0.100*[#   8]+0.100*[#  11]
          +0.100*[#  12]
    |psi|^2 = 0.964
==== e(  11) =    15.92415 eV ==== 
     psi = 0.142*[#   2]+0.142*[#   4]+0.029*[#   5]+0.029*[#   9]+0.010*[#   6]
          +0.010*[#  10]+0.009*[#   7]+0.009*[#   8]+0.009*[#  11]+0.009*[#  12]
          
    |psi|^2 = 0.400
==== e(  12) =    16.36999 eV ==== 
     psi = 0.103*[#   2]+0.103*[#   4]+0.017*[#   6]+0.017*[#  10]+0.014*[#   5]
          +0.014*[#   9]+0.007*[#   7]+0.007*[#   8]+0.007*[#  11]+0.007*[#  12]
          
    |psi|^2 = 0.294
==== e(  13) =    19.66783 eV ==== 
     psi = 0.047*[#   2]+0.047*[#   4]+0.010*[#   7]+0.010*[#   8]+0.010*[#  11]
          +0.010*[#  12]+0.008*[#   5]+0.008*[#   9]
    |psi|^2 = 0.152
==== e(  14) =    20.10396 eV ==== 
     psi = 0.055*[#   2]+0.055*[#   4]+0.010*[#   7]+0.010*[#   8]+0.010*[#  11]
          +0.010*[#  12]+0.006*[#   5]+0.006*[#   9]+0.001*[#   6]+0.001*[#  10]
          
    |psi|^2 = 0.164

 k =   0.1500000000  0.3752776750 -0.3079996500
==== e(   1) =   -90.49847 eV ==== 
     psi = 0.496*[#   1]+0.496*[#   3]+0.001*[#   6]+0.001*[#   7]+0.001*[#   8]
          +0.001*[#  10]+0.001*[#  11]+0.001*[#  12]
    |psi|^2 = 1.000
==== e(   2) =   -90.49846 eV ==== 
     psi = 0.496*[#   1]+0.496*[#   3]+0.001*[#   6]+0.001*[#   7]+0.001*[#   8]
          +0.001*[#  10]+0.001*[#  11]+0.001*[#  12]
    |psi|^2 = 1.000
==== e(   3) =   -10.78254 eV ==== 
     psi = 0.432*[#   5]+0.432*[#   9]+0.060*[#   2]+0.060*[#   4]+0.002*[#   6]
          +0.002*[#  10]+0.001*[#   7]+0.001*[#   8]+0.001*[#  11]+0.001*[#  12]
          
    |psi|^2 = 0.993
==== e(   4) =   -10.78253 eV ==== 
     psi = 0.432*[#   5]+0.432*[#   9]+0.060*[#   2]+0.060*[#   4]+0.002*[#   6]
          +0.002*[#  10]+0.001*[#   7]+0.001*[#   8]+0.001*[#  11]+0.001*[#  12]
          
    |psi|^2 = 0.993
==== e(   5) =     1.59546 eV ==== 
     psi = 0.150*[#   7]+0.150*[#   8]+0.150*[#  11]+0.150*[#  12]+0.116*[#   6]
          +0.116*[#  10]+0.053*[#   2]+0.053*[#   4]+0.020*[#   5]+0.020*[#   9]
          +0.002*[#   1]+0.002*[#   3]
    |psi|^2 = 0.981
==== e(   6) =     1.59546 eV ==== 
     psi = 0.150*[#   7]+0.150*[#   8]+0.150*[#  11]+0.150*[#  12]+0.116*[#   6]
          +0.116*[#  10]+0.053*[#   2]+0.053*[#   4]+0.020*[#   5]+0.020*[#   9]
          +0.002*[#   1]+0.002*[#   3]
    |psi|^2 = 0.981
==== e(   7) =     3.68218 eV ==== 
     psi = 0.176*[#   7]+0.176*[#   8]+0.176*[#  11]+0.176*[#  12]+0.121*[#   6]
          +0.121*[#  10]+0.002*[#   2]+0.002*[#   4]
    |psi|^2 = 0.952
==== e(   8) =     3.68218 eV ==== 
     psi = 0.176*[#   7]+0.176*[#   8]+0.176*[#  11]+0.176*[#  12]+0.121*[#   6]
          +0.121*[#  10]+0.002*[#   2]+0.002*[#   4]
    |psi|^2 = 0.952
==== e(   9) =     4.63783 eV ==== 
     psi = 0.216*[#   6]+0.216*[#  10]+0.130*[#   7]+0.130*[#   8]+0.130*[#  11]
          +0.130*[#  12]+0.003*[#   2]+0.003*[#   4]
    |psi|^2 = 0.959
==== e(  10) =     4.63783 eV ==== 
     psi = 0.216*[#   6]+0.216*[#  10]+0.130*[#   7]+0.130*[#   8]+0.130*[#  11]
          +0.130*[#  12]+0.003*[#   2]+0.003*[#   4]
    |psi|^2 = 0.959
==== e(  11) =    16.08834 eV ==== 
     psi = 0.124*[#   2]+0.124*[#   4]+0.021*[#   5]+0.021*[#   9]+0.014*[#   6]
          +0.014*[#  10]+0.007*[#   7]+0.007*[#   8]+0.007*[#  11]+0.007*[#  12]
          
    |psi|^2 = 0.347
==== e(  12) =    16.08835 eV ==== 
     psi = 0.124*[#   2]+0.124*[#   4]+0.021*[#   5]+0.021*[#   9]+0.014*[#   6]
          +0.014*[#  10]+0.007*[#   7]+0.007*[#   8]+0.007*[#  11]+0.007*[#  12]
          
    |psi|^2 = 0.347
==== e(  13) =    19.86659 eV ==== 
     psi = 0.050*[#   2]+0.050*[#   4]+0.010*[#   7]+0.010*[#   8]+0.010*[#  11]
          +0.010*[#  12]+0.007*[#   5]+0.007*[#   9]+0.001*[#   6]+0.001*[#  10]
          
    |psi|^2 = 0.157
==== e(  14) =    19.86659 eV ==== 
     psi = 0.050*[#   2]+0.050*[#   4]+0.010*[#   7]+0.010*[#   8]+0.010*[#  11]
          +0.010*[#  12]+0.007*[#   5]+0.007*[#   9]+0.001*[#   6]+0.001*[#  10]
          
    |psi|^2 = 0.157

 k =   0.1500000000  0.4330127019  0.0000000000
==== e(   1) =   -90.49881 eV ==== 
     psi = 0.496*[#   1]+0.496*[#   3]+0.001*[#   7]+0.001*[#   8]+0.001*[#  11]
          +0.001*[#  12]
    |psi|^2 = 1.000
==== e(   2) =   -90.49776 eV ==== 
     psi = 0.494*[#   1]+0.494*[#   3]+0.002*[#   2]+0.002*[#   4]+0.001*[#   6]
          +0.001*[#   7]+0.001*[#   8]+0.001*[#  10]+0.001*[#  11]+0.001*[#  12]
          
    |psi|^2 = 1.000
==== e(   3) =   -11.02294 eV ==== 
     psi = 0.402*[#   5]+0.402*[#   9]+0.090*[#   2]+0.090*[#   4]+0.002*[#   7]
          +0.002*[#   8]+0.002*[#  11]+0.002*[#  12]
    |psi|^2 = 0.995
==== e(   4) =   -10.19532 eV ==== 
     psi = 0.493*[#   5]+0.493*[#   9]
    |psi|^2 = 0.989
==== e(   5) =     1.06793 eV ==== 
     psi = 0.190*[#   7]+0.190*[#   8]+0.190*[#  11]+0.190*[#  12]+0.066*[#   6]
          +0.066*[#  10]+0.020*[#   2]+0.020*[#   4]+0.011*[#   5]+0.011*[#   9]
          
    |psi|^2 = 0.957
==== e(   6) =     1.96729 eV ==== 
     psi = 0.257*[#   6]+0.257*[#  10]+0.100*[#   7]+0.100*[#   8]+0.100*[#  11]
          +0.100*[#  12]+0.014*[#   2]+0.014*[#   4]+0.007*[#   5]+0.007*[#   9]
          
    |psi|^2 = 0.955
==== e(   7) =     2.59569 eV ==== 
     psi = 0.155*[#   7]+0.155*[#   8]+0.155*[#  11]+0.155*[#  12]+0.119*[#   6]
          +0.119*[#  10]+0.061*[#   2]+0.061*[#   4]+0.003*[#   5]+0.003*[#   9]
          +0.001*[#   1]+0.001*[#   3]
    |psi|^2 = 0.988
==== e(   8) =     3.51244 eV ==== 
     psi = 0.222*[#   7]+0.222*[#   8]+0.222*[#  11]+0.222*[#  12]+0.018*[#   2]
          +0.018*[#   4]+0.013*[#   6]+0.013*[#  10]+0.005*[#   5]+0.005*[#   9]
          
    |psi|^2 = 0.964
==== e(   9) =     4.60124 eV ==== 
     psi = 0.222*[#   6]+0.222*[#  10]+0.127*[#   7]+0.127*[#   8]+0.127*[#  11]
          +0.127*[#  12]+0.001*[#   2]+0.001*[#   4]
    |psi|^2 = 0.957
==== e(  10) =     4.76063 eV ==== 
     psi = 0.255*[#   6]+0.255*[#  10]+0.111*[#   7]+0.111*[#   8]+0.111*[#  11]
          +0.111*[#  12]+0.005*[#   2]+0.005*[#   4]+0.001*[#   5]+0.001*[#   9]
          
    |psi|^2 = 0.968
==== e(  11) =    16.19329 eV ==== 
     psi = 0.046*[#   2]+0.046*[#   4]+0.014*[#   6]+0.014*[#  10]+0.008*[#   5]
          +0.008*[#   9]+0.006*[#   7]+0.006*[#   8]+0.006*[#  11]+0.006*[#  12]
          
    |psi|^2 = 0.158
==== e(  12) =    17.05807 eV ==== 
     psi = 0.124*[#   2]+0.124*[#   4]+0.024*[#   5]+0.024*[#   9]+0.014*[#   7]
          +0.014*[#   8]+0.014*[#  11]+0.014*[#  12]+0.002*[#   6]+0.002*[#  10]
          
    |psi|^2 = 0.356
==== e(  13) =    19.29041 eV ==== 
     psi = 0.118*[#   2]+0.118*[#   4]+0.024*[#   5]+0.024*[#   9]+0.012*[#   7]
          +0.012*[#   8]+0.012*[#  11]+0.012*[#  12]+0.002*[#   6]+0.002*[#  10]
          
    |psi|^2 = 0.336
==== e(  14) =    21.06451 eV ==== 
     psi = 0.074*[#   2]+0.074*[#   4]+0.013*[#   7]+0.013*[#   8]+0.013*[#  11]
          +0.013*[#  12]+0.002*[#   6]+0.002*[#  10]
    |psi|^2 = 0.203

 k =   0.1500000000  0.4330127019  0.0615999300
==== e(   1) =   -90.49879 eV ==== 
     psi = 0.496*[#   1]+0.496*[#   3]+0.001*[#   7]+0.001*[#   8]+0.001*[#  11]
          +0.001*[#  12]
    |psi|^2 = 1.000
==== e(   2) =   -90.49779 eV ==== 
     psi = 0.494*[#   1]+0.494*[#   3]+0.002*[#   2]+0.002*[#   4]+0.001*[#   6]
          +0.001*[#   7]+0.001*[#   8]+0.001*[#  10]+0.001*[#  11]+0.001*[#  12]
          
    |psi|^2 = 1.000
==== e(   3) =   -11.00478 eV ==== 
     psi = 0.405*[#   5]+0.405*[#   9]+0.088*[#   2]+0.088*[#   4]+0.002*[#   7]
          +0.002*[#   8]+0.002*[#  11]+0.002*[#  12]
    |psi|^2 = 0.995
==== e(   4) =   -10.21800 eV ==== 
     psi = 0.492*[#   5]+0.492*[#   9]+0.002*[#   2]+0.002*[#   4]
    |psi|^2 = 0.989
==== e(   5) =     1.05279 eV ==== 
     psi = 0.184*[#   7]+0.184*[#   8]+0.184*[#  11]+0.184*[#  12]+0.075*[#   6]
          +0.075*[#  10]+0.026*[#   2]+0.026*[#   4]+0.010*[#   5]+0.010*[#   9]
          
    |psi|^2 = 0.960
==== e(   6) =     1.92926 eV ==== 
     psi = 0.197*[#   6]+0.197*[#  10]+0.125*[#   7]+0.125*[#   8]+0.125*[#  11]
          +0.125*[#  12]+0.025*[#   2]+0.025*[#   4]+0.009*[#   5]+0.009*[#   9]
          
    |psi|^2 = 0.962
==== e(   7) =     2.69974 eV ==== 
     psi = 0.169*[#   6]+0.169*[#  10]+0.135*[#   7]+0.135*[#   8]+0.135*[#  11]
          +0.135*[#  12]+0.045*[#   2]+0.045*[#   4]+0.002*[#   5]+0.002*[#   9]
          +0.001*[#   1]+0.001*[#   3]
    |psi|^2 = 0.977
==== e(   8) =     3.48187 eV ==== 
     psi = 0.211*[#   7]+0.211*[#   8]+0.211*[#  11]+0.211*[#  12]+0.037*[#   6]
          +0.037*[#  10]+0.019*[#   2]+0.019*[#   4]+0.004*[#   5]+0.004*[#   9]
          
    |psi|^2 = 0.963
==== e(   9) =     4.55576 eV ==== 
     psi = 0.178*[#   7]+0.178*[#   8]+0.178*[#  11]+0.178*[#  12]+0.120*[#   6]
          +0.120*[#  10]+0.002*[#   2]+0.002*[#   4]+0.001*[#   5]+0.001*[#   9]
          
    |psi|^2 = 0.961
==== e(  10) =     4.81861 eV ==== 
     psi = 0.333*[#   6]+0.333*[#  10]+0.072*[#   7]+0.072*[#   8]+0.072*[#  11]
          +0.072*[#  12]+0.003*[#   2]+0.003*[#   4]
    |psi|^2 = 0.964
==== e(  11) =    16.13865 eV ==== 
     psi = 0.058*[#   2]+0.058*[#   4]+0.012*[#   6]+0.012*[#  10]+0.011*[#   5]
          +0.011*[#   9]+0.007*[#   7]+0.007*[#   8]+0.007*[#  11]+0.007*[#  12]
          
    |psi|^2 = 0.188
==== e(  12) =    17.01322 eV ==== 
     psi = 0.112*[#   2]+0.112*[#   4]+0.021*[#   5]+0.021*[#   9]+0.012*[#   7]
          +0.012*[#   8]+0.012*[#  11]+0.012*[#  12]+0.003*[#   6]+0.003*[#  10]
          
    |psi|^2 = 0.322
==== e(  13) =    19.28130 eV ==== 
     psi = 0.106*[#   2]+0.106*[#   4]+0.021*[#   5]+0.021*[#   9]+0.011*[#   7]
          +0.011*[#   8]+0.011*[#  11]+0.011*[#  12]+0.001*[#   6]+0.001*[#  10]
          
    |psi|^2 = 0.302
==== e(  14) =    20.97855 eV ==== 
     psi = 0.062*[#   2]+0.062*[#   4]+0.012*[#   7]+0.012*[#   8]+0.012*[#  11]
          +0.012*[#  12]+0.002*[#   6]+0.002*[#  10]
    |psi|^2 = 0.178

 k =   0.1500000000  0.4330127019  0.1231998600
==== e(   1) =   -90.49871 eV ==== 
     psi = 0.496*[#   1]+0.496*[#   3]+0.001*[#   7]+0.001*[#   8]+0.001*[#  11]
          +0.001*[#  12]
    |psi|^2 = 1.000
==== e(   2) =   -90.49786 eV ==== 
     psi = 0.494*[#   1]+0.494*[#   3]+0.002*[#   2]+0.002*[#   4]+0.001*[#   6]
          +0.001*[#   7]+0.001*[#   8]+0.001*[#  10]+0.001*[#  11]+0.001*[#  12]
          
    |psi|^2 = 1.000
==== e(   3) =   -10.95155 eV ==== 
     psi = 0.412*[#   5]+0.412*[#   9]+0.081*[#   2]+0.081*[#   4]+0.002*[#   7]
          +0.002*[#   8]+0.002*[#  11]+0.002*[#  12]
    |psi|^2 = 0.995
==== e(   4) =   -10.28304 eV ==== 
     psi = 0.486*[#   5]+0.486*[#   9]+0.006*[#   2]+0.006*[#   4]
    |psi|^2 = 0.990
==== e(   5) =     1.03328 eV ==== 
     psi = 0.173*[#   7]+0.173*[#   8]+0.173*[#  11]+0.173*[#  12]+0.091*[#   6]
          +0.091*[#  10]+0.037*[#   2]+0.037*[#   4]+0.009*[#   5]+0.009*[#   9]
          
    |psi|^2 = 0.967
==== e(   6) =     1.82963 eV ==== 
     psi = 0.156*[#   7]+0.156*[#   8]+0.156*[#  11]+0.156*[#  12]+0.121*[#   6]
          +0.121*[#  10]+0.039*[#   2]+0.039*[#   4]+0.014*[#   5]+0.014*[#   9]
          +0.001*[#   1]+0.001*[#   3]
    |psi|^2 = 0.972
==== e(   7) =     2.90712 eV ==== 
     psi = 0.208*[#   6]+0.208*[#  10]+0.125*[#   7]+0.125*[#   8]+0.125*[#  11]
          +0.125*[#  12]+0.020*[#   2]+0.020*[#   4]+0.002*[#   5]+0.002*[#   9]
          
    |psi|^2 = 0.961
==== e(   8) =     3.50537 eV ==== 
     psi = 0.182*[#   7]+0.182*[#   8]+0.182*[#  11]+0.182*[#  12]+0.095*[#   6]
          +0.095*[#  10]+0.019*[#   2]+0.019*[#   4]+0.002*[#   5]+0.002*[#   9]
          
    |psi|^2 = 0.962
==== e(   9) =     4.41256 eV ==== 
     psi = 0.206*[#   7]+0.206*[#   8]+0.206*[#  11]+0.206*[#  12]+0.063*[#   6]
          +0.063*[#  10]+0.004*[#   2]+0.004*[#   4]+0.001*[#   5]+0.001*[#   9]
          
    |psi|^2 = 0.961
==== e(  10) =     4.93652 eV ==== 
     psi = 0.350*[#   6]+0.350*[#  10]+0.065*[#   7]+0.065*[#   8]+0.065*[#  11]
          +0.065*[#  12]+0.002*[#   2]+0.002*[#   4]
    |psi|^2 = 0.964
==== e(  11) =    16.00170 eV ==== 
     psi = 0.081*[#   2]+0.081*[#   4]+0.016*[#   5]+0.016*[#   9]+0.008*[#   6]
          +0.008*[#  10]+0.008*[#   7]+0.008*[#   8]+0.008*[#  11]+0.008*[#  12]
          
    |psi|^2 = 0.241
==== e(  12) =    16.86986 eV ==== 
     psi = 0.087*[#   2]+0.087*[#   4]+0.014*[#   5]+0.014*[#   9]+0.010*[#   7]
          +0.010*[#   8]+0.010*[#  11]+0.010*[#  12]+0.006*[#   6]+0.006*[#  10]
          
    |psi|^2 = 0.257
==== e(  13) =    19.31753 eV ==== 
     psi = 0.084*[#   2]+0.084*[#   4]+0.015*[#   5]+0.015*[#   9]+0.010*[#   7]
          +0.010*[#   8]+0.010*[#  11]+0.010*[#  12]+0.001*[#   6]+0.001*[#  10]
          
    |psi|^2 = 0.243
==== e(  14) =    20.74414 eV ==== 
     psi = 0.040*[#   2]+0.040*[#   4]+0.010*[#   7]+0.010*[#   8]+0.010*[#  11]
          +0.010*[#  12]+0.002*[#   6]+0.002*[#  10]
    |psi|^2 = 0.128

 k =   0.1500000000  0.4330127019  0.1847997900
==== e(   1) =   -90.49859 eV ==== 
     psi = 0.496*[#   1]+0.496*[#   3]+0.001*[#   7]+0.001*[#   8]+0.001*[#  11]
          +0.001*[#  12]
    |psi|^2 = 1.000
==== e(   2) =   -90.49798 eV ==== 
     psi = 0.494*[#   1]+0.494*[#   3]+0.002*[#   2]+0.002*[#   4]+0.001*[#   6]
          +0.001*[#   7]+0.001*[#   8]+0.001*[#  10]+0.001*[#  11]+0.001*[#  12]
          
    |psi|^2 = 1.000
==== e(   3) =   -10.86708 eV ==== 
     psi = 0.423*[#   5]+0.423*[#   9]+0.070*[#   2]+0.070*[#   4]+0.002*[#   7]
          +0.002*[#   8]+0.002*[#  11]+0.002*[#  12]
    |psi|^2 = 0.994
==== e(   4) =   -10.38205 eV ==== 
     psi = 0.478*[#   5]+0.478*[#   9]+0.015*[#   2]+0.015*[#   4]+0.001*[#   6]
          +0.001*[#  10]
    |psi|^2 = 0.990
==== e(   5) =     1.05305 eV ==== 
     psi = 0.166*[#   7]+0.166*[#   8]+0.166*[#  11]+0.166*[#  12]+0.098*[#   6]
          +0.098*[#  10]+0.047*[#   2]+0.047*[#   4]+0.008*[#   5]+0.008*[#   9]
          +0.001*[#   1]+0.001*[#   3]
    |psi|^2 = 0.974
==== e(   6) =     1.67033 eV ==== 
     psi = 0.167*[#   7]+0.167*[#   8]+0.167*[#  11]+0.167*[#  12]+0.090*[#   6]
          +0.090*[#  10]+0.048*[#   2]+0.048*[#   4]+0.015*[#   5]+0.015*[#   9]
          +0.001*[#   1]+0.001*[#   3]
    |psi|^2 = 0.977
==== e(   7) =     3.07911 eV ==== 
     psi = 0.166*[#   6]+0.166*[#  10]+0.150*[#   7]+0.150*[#   8]+0.150*[#  11]
          +0.150*[#  12]+0.008*[#   2]+0.008*[#   4]
    |psi|^2 = 0.953
==== e(   8) =     3.69208 eV ==== 
     psi = 0.169*[#   6]+0.169*[#  10]+0.149*[#   7]+0.149*[#   8]+0.149*[#  11]
          +0.149*[#  12]+0.011*[#   2]+0.011*[#   4]+0.001*[#   5]+0.001*[#   9]
          
    |psi|^2 = 0.958
==== e(   9) =     4.24881 eV ==== 
     psi = 0.201*[#   7]+0.201*[#   8]+0.201*[#  11]+0.201*[#  12]+0.070*[#   6]
          +0.070*[#  10]+0.007*[#   2]+0.007*[#   4]+0.001*[#   5]+0.001*[#   9]
          
    |psi|^2 = 0.959
==== e(  10) =     4.98833 eV ==== 
     psi = 0.331*[#   6]+0.331*[#  10]+0.076*[#   7]+0.076*[#   8]+0.076*[#  11]
          +0.076*[#  12]
    |psi|^2 = 0.965
==== e(  11) =    15.87369 eV ==== 
     psi = 0.093*[#   2]+0.093*[#   4]+0.018*[#   5]+0.018*[#   9]+0.008*[#   7]
          +0.008*[#   8]+0.008*[#  11]+0.008*[#  12]+0.006*[#   6]+0.006*[#  10]
          
    |psi|^2 = 0.265
==== e(  12) =    16.61789 eV ==== 
     psi = 0.073*[#   2]+0.073*[#   4]+0.010*[#   5]+0.010*[#   9]+0.009*[#   6]
          +0.009*[#  10]+0.008*[#   7]+0.008*[#   8]+0.008*[#  11]+0.008*[#  12]
          
    |psi|^2 = 0.216
==== e(  13) =    19.45499 eV ==== 
     psi = 0.067*[#   2]+0.067*[#   4]+0.010*[#   5]+0.010*[#   9]+0.010*[#   7]
          +0.010*[#   8]+0.010*[#  11]+0.010*[#  12]+0.001*[#   6]+0.001*[#  10]
          
    |psi|^2 = 0.197
==== e(  14) =    20.46018 eV ==== 
     psi = 0.033*[#   2]+0.033*[#   4]+0.010*[#   7]+0.010*[#   8]+0.010*[#  11]
          +0.010*[#  12]+0.002*[#   6]+0.002*[#  10]+0.001*[#   5]+0.001*[#   9]
          
    |psi|^2 = 0.113

 k =   0.1500000000  0.4330127019  0.2463997200
==== e(   1) =   -90.49845 eV ==== 
     psi = 0.496*[#   1]+0.496*[#   3]+0.001*[#   7]+0.001*[#   8]+0.001*[#  11]
          +0.001*[#  12]
    |psi|^2 = 1.000
==== e(   2) =   -90.49812 eV ==== 
     psi = 0.495*[#   1]+0.495*[#   3]+0.001*[#   2]+0.001*[#   4]+0.001*[#   6]
          +0.001*[#   7]+0.001*[#   8]+0.001*[#  10]+0.001*[#  11]+0.001*[#  12]
          
    |psi|^2 = 1.000
==== e(   3) =   -10.75778 eV ==== 
     psi = 0.437*[#   5]+0.437*[#   9]+0.056*[#   2]+0.056*[#   4]+0.001*[#   7]
          +0.001*[#   8]+0.001*[#  11]+0.001*[#  12]+0.001*[#   6]+0.001*[#  10]
          
    |psi|^2 = 0.993
==== e(   4) =   -10.50307 eV ==== 
     psi = 0.466*[#   5]+0.466*[#   9]+0.026*[#   2]+0.026*[#   4]+0.001*[#   6]
          +0.001*[#  10]
    |psi|^2 = 0.991
==== e(   5) =     1.13593 eV ==== 
     psi = 0.164*[#   7]+0.164*[#   8]+0.164*[#  11]+0.164*[#  12]+0.097*[#   6]
          +0.097*[#  10]+0.053*[#   2]+0.053*[#   4]+0.010*[#   5]+0.010*[#   9]
          +0.001*[#   1]+0.001*[#   3]
    |psi|^2 = 0.978
==== e(   6) =     1.47273 eV ==== 
     psi = 0.167*[#   7]+0.167*[#   8]+0.167*[#  11]+0.167*[#  12]+0.087*[#   6]
          +0.087*[#  10]+0.052*[#   2]+0.052*[#   4]+0.014*[#   5]+0.014*[#   9]
          +0.002*[#   1]+0.002*[#   3]
    |psi|^2 = 0.979
==== e(   7) =     3.25981 eV ==== 
     psi = 0.173*[#   7]+0.173*[#   8]+0.173*[#  11]+0.173*[#  12]+0.123*[#   6]
          +0.123*[#  10]+0.006*[#   2]+0.006*[#   4]
    |psi|^2 = 0.952
==== e(   8) =     3.70452 eV ==== 
     psi = 0.176*[#   7]+0.176*[#   8]+0.176*[#  11]+0.176*[#  12]+0.120*[#   6]
          +0.120*[#  10]+0.004*[#   2]+0.004*[#   4]+0.001*[#   5]+0.001*[#   9]
          
    |psi|^2 = 0.954
==== e(   9) =     4.34760 eV ==== 
     psi = 0.189*[#   6]+0.189*[#  10]+0.141*[#   7]+0.141*[#   8]+0.141*[#  11]
          +0.141*[#  12]+0.007*[#   2]+0.007*[#   4]
    |psi|^2 = 0.959
==== e(  10) =     4.89745 eV ==== 
     psi = 0.303*[#   6]+0.303*[#  10]+0.090*[#   7]+0.090*[#   8]+0.090*[#  11]
          +0.090*[#  12]
    |psi|^2 = 0.964
==== e(  11) =    15.86302 eV ==== 
     psi = 0.092*[#   2]+0.092*[#   4]+0.016*[#   5]+0.016*[#   9]+0.007*[#   7]
          +0.007*[#   8]+0.007*[#  11]+0.007*[#  12]+0.006*[#   6]+0.006*[#  10]
          
    |psi|^2 = 0.257
==== e(  12) =    16.30062 eV ==== 
     psi = 0.074*[#   2]+0.074*[#   4]+0.010*[#   5]+0.010*[#   9]+0.009*[#   6]
          +0.009*[#  10]+0.006*[#   7]+0.006*[#   8]+0.006*[#  11]+0.006*[#  12]
          
    |psi|^2 = 0.213
==== e(  13) =    19.66610 eV ==== 
     psi = 0.054*[#   2]+0.054*[#   4]+0.010*[#   7]+0.010*[#   8]+0.010*[#  11]
          +0.010*[#  12]+0.007*[#   5]+0.007*[#   9]+0.002*[#   6]+0.002*[#  10]
          
    |psi|^2 = 0.166
==== e(  14) =    20.18127 eV ==== 
     psi = 0.038*[#   2]+0.038*[#   4]+0.010*[#   7]+0.010*[#   8]+0.010*[#  11]
          +0.010*[#  12]+0.003*[#   5]+0.003*[#   9]+0.002*[#   6]+0.002*[#  10]
          
    |psi|^2 = 0.125

 k =   0.1500000000  0.4330127019 -0.3079996500
==== e(   1) =   -90.49829 eV ==== 
     psi = 0.495*[#   1]+0.495*[#   3]+0.001*[#   7]+0.001*[#   8]+0.001*[#  11]
          +0.001*[#  12]+0.001*[#   6]+0.001*[#  10]
    |psi|^2 = 1.000
==== e(   2) =   -90.49828 eV ==== 
     psi = 0.495*[#   1]+0.495*[#   3]+0.001*[#   7]+0.001*[#   8]+0.001*[#  11]
          +0.001*[#  12]+0.001*[#   6]+0.001*[#  10]
    |psi|^2 = 1.000
==== e(   3) =   -10.63265 eV ==== 
     psi = 0.452*[#   5]+0.452*[#   9]+0.041*[#   2]+0.041*[#   4]+0.001*[#   6]
          +0.001*[#  10]+0.001*[#   7]+0.001*[#   8]+0.001*[#  11]+0.001*[#  12]
          
    |psi|^2 = 0.992
==== e(   4) =   -10.63265 eV ==== 
     psi = 0.452*[#   5]+0.452*[#   9]+0.041*[#   2]+0.041*[#   4]+0.001*[#   6]
          +0.001*[#  10]+0.001*[#   7]+0.001*[#   8]+0.001*[#  11]+0.001*[#  12]
          
    |psi|^2 = 0.992
==== e(   5) =     1.28220 eV ==== 
     psi = 0.165*[#   7]+0.165*[#   8]+0.165*[#  11]+0.165*[#  12]+0.092*[#   6]
          +0.092*[#  10]+0.054*[#   2]+0.054*[#   4]+0.012*[#   5]+0.012*[#   9]
          +0.002*[#   1]+0.002*[#   3]
    |psi|^2 = 0.979
==== e(   6) =     1.28220 eV ==== 
     psi = 0.165*[#   7]+0.165*[#   8]+0.165*[#  11]+0.165*[#  12]+0.092*[#   6]
          +0.092*[#  10]+0.054*[#   2]+0.054*[#   4]+0.012*[#   5]+0.012*[#   9]
          +0.002*[#   1]+0.002*[#   3]
    |psi|^2 = 0.979
==== e(   7) =     3.48557 eV ==== 
     psi = 0.183*[#   7]+0.183*[#   8]+0.183*[#  11]+0.183*[#  12]+0.104*[#   6]
          +0.104*[#  10]+0.005*[#   2]+0.005*[#   4]+0.001*[#   5]+0.001*[#   9]
          
    |psi|^2 = 0.953
==== e(   8) =     3.48557 eV ==== 
     psi = 0.183*[#   7]+0.183*[#   8]+0.183*[#  11]+0.183*[#  12]+0.104*[#   6]
          +0.104*[#  10]+0.005*[#   2]+0.005*[#   4]+0.001*[#   5]+0.001*[#   9]
          
    |psi|^2 = 0.953
==== e(   9) =     4.65759 eV ==== 
     psi = 0.263*[#   6]+0.263*[#  10]+0.107*[#   7]+0.107*[#   8]+0.107*[#  11]
          +0.107*[#  12]+0.002*[#   2]+0.002*[#   4]
    |psi|^2 = 0.961
==== e(  10) =     4.65759 eV ==== 
     psi = 0.263*[#   6]+0.263*[#  10]+0.107*[#   7]+0.107*[#   8]+0.107*[#  11]
          +0.107*[#  12]+0.002*[#   2]+0.002*[#   4]
    |psi|^2 = 0.961
==== e(  11) =    16.01740 eV ==== 
     psi = 0.083*[#   2]+0.083*[#   4]+0.013*[#   5]+0.013*[#   9]+0.008*[#   6]
          +0.008*[#  10]+0.006*[#   7]+0.006*[#   8]+0.006*[#  11]+0.006*[#  12]
          
    |psi|^2 = 0.233
==== e(  12) =    16.01740 eV ==== 
     psi = 0.083*[#   2]+0.083*[#   4]+0.013*[#   5]+0.013*[#   9]+0.008*[#   6]
          +0.008*[#  10]+0.006*[#   7]+0.006*[#   8]+0.006*[#  11]+0.006*[#  12]
          
    |psi|^2 = 0.233
==== e(  13) =    19.91398 eV ==== 
     psi = 0.046*[#   2]+0.046*[#   4]+0.010*[#   7]+0.010*[#   8]+0.010*[#  11]
          +0.010*[#  12]+0.004*[#   5]+0.004*[#   9]+0.002*[#   6]+0.002*[#  10]
          
    |psi|^2 = 0.144
==== e(  14) =    19.91398 eV ==== 
     psi = 0.046*[#   2]+0.046*[#   4]+0.010*[#   7]+0.010*[#   8]+0.010*[#  11]
          +0.010*[#  12]+0.004*[#   5]+0.004*[#   9]+0.002*[#   6]+0.002*[#  10]
          
    |psi|^2 = 0.144

 k =   0.1500000000  0.4907477288  0.0000000000
==== e(   1) =   -90.49857 eV ==== 
     psi = 0.496*[#   1]+0.496*[#   3]+0.001*[#   7]+0.001*[#   8]+0.001*[#  11]
          +0.001*[#  12]
    |psi|^2 = 1.000
==== e(   2) =   -90.49775 eV ==== 
     psi = 0.494*[#   1]+0.494*[#   3]+0.002*[#   2]+0.002*[#   4]+0.001*[#   7]
          +0.001*[#   8]+0.001*[#  11]+0.001*[#  12]+0.001*[#   6]+0.001*[#  10]
          
    |psi|^2 = 1.000
==== e(   3) =   -10.81183 eV ==== 
     psi = 0.427*[#   5]+0.427*[#   9]+0.067*[#   2]+0.067*[#   4]+0.002*[#   7]
          +0.002*[#   8]+0.002*[#  11]+0.002*[#  12]
    |psi|^2 = 0.994
==== e(   4) =   -10.20464 eV ==== 
     psi = 0.492*[#   5]+0.492*[#   9]+0.001*[#   7]+0.001*[#   8]+0.001*[#  11]
          +0.001*[#  12]
    |psi|^2 = 0.989
==== e(   5) =     0.75564 eV ==== 
     psi = 0.207*[#   7]+0.207*[#   8]+0.207*[#  11]+0.207*[#  12]+0.030*[#   6]
          +0.030*[#  10]+0.029*[#   2]+0.029*[#   4]+0.009*[#   5]+0.009*[#   9]
          
    |psi|^2 = 0.963
==== e(   6) =     2.14980 eV ==== 
     psi = 0.163*[#   7]+0.163*[#   8]+0.163*[#  11]+0.163*[#  12]+0.131*[#   6]
          +0.131*[#  10]+0.018*[#   2]+0.018*[#   4]+0.006*[#   5]+0.006*[#   9]
          
    |psi|^2 = 0.962
==== e(   7) =     2.59066 eV ==== 
     psi = 0.241*[#   6]+0.241*[#  10]+0.101*[#   7]+0.101*[#   8]+0.101*[#  11]
          +0.101*[#  12]+0.039*[#   2]+0.039*[#   4]+0.002*[#   5]+0.002*[#   9]
          +0.001*[#   1]+0.001*[#   3]
    |psi|^2 = 0.970
==== e(   8) =     3.30592 eV ==== 
     psi = 0.196*[#   7]+0.196*[#   8]+0.196*[#  11]+0.196*[#  12]+0.060*[#   6]
          +0.060*[#  10]+0.029*[#   2]+0.029*[#   4]+0.002*[#   5]+0.002*[#   9]
          
    |psi|^2 = 0.970
==== e(   9) =     4.30817 eV ==== 
     psi = 0.372*[#   6]+0.372*[#  10]+0.050*[#   7]+0.050*[#   8]+0.050*[#  11]
          +0.050*[#  12]+0.001*[#   2]+0.001*[#   4]
    |psi|^2 = 0.948
==== e(  10) =     4.63101 eV ==== 
     psi = 0.188*[#   7]+0.188*[#   8]+0.188*[#  11]+0.188*[#  12]+0.100*[#   6]
          +0.100*[#  10]+0.008*[#   2]+0.008*[#   4]+0.002*[#   5]+0.002*[#   9]
          
    |psi|^2 = 0.971
==== e(  11) =    15.90873 eV ==== 
     psi = 0.014*[#   6]+0.014*[#  10]+0.013*[#   2]+0.013*[#   4]+0.004*[#   7]
          +0.004*[#   8]+0.004*[#  11]+0.004*[#  12]+0.002*[#   5]+0.002*[#   9]
          
    |psi|^2 = 0.074
==== e(  12) =    17.21819 eV ==== 
     psi = 0.066*[#   2]+0.066*[#   4]+0.011*[#   5]+0.011*[#   9]+0.010*[#   7]
          +0.010*[#   8]+0.010*[#  11]+0.010*[#  12]
    |psi|^2 = 0.193
==== e(  13) =    19.27555 eV ==== 
     psi = 0.185*[#   2]+0.185*[#   4]+0.028*[#   5]+0.028*[#   9]+0.015*[#   7]
          +0.015*[#   8]+0.015*[#  11]+0.015*[#  12]+0.001*[#   6]+0.001*[#  10]
          
    |psi|^2 = 0.488
==== e(  14) =    20.98102 eV ==== 
     psi = 0.075*[#   2]+0.075*[#   4]+0.013*[#   7]+0.013*[#   8]+0.013*[#  11]
          +0.013*[#  12]+0.003*[#   6]+0.003*[#  10]
    |psi|^2 = 0.211

 k =   0.1500000000  0.4907477288  0.0615999300
==== e(   1) =   -90.49855 eV ==== 
     psi = 0.496*[#   1]+0.496*[#   3]+0.001*[#   7]+0.001*[#   8]+0.001*[#  11]
          +0.001*[#  12]
    |psi|^2 = 1.000
==== e(   2) =   -90.49777 eV ==== 
     psi = 0.494*[#   1]+0.494*[#   3]+0.002*[#   2]+0.002*[#   4]+0.001*[#   7]
          +0.001*[#   8]+0.001*[#  11]+0.001*[#  12]+0.001*[#   6]+0.001*[#  10]
          
    |psi|^2 = 1.000
==== e(   3) =   -10.79798 eV ==== 
     psi = 0.429*[#   5]+0.429*[#   9]+0.065*[#   2]+0.065*[#   4]+0.002*[#   7]
          +0.002*[#   8]+0.002*[#  11]+0.002*[#  12]
    |psi|^2 = 0.994
==== e(   4) =   -10.22056 eV ==== 
     psi = 0.491*[#   5]+0.491*[#   9]+0.001*[#   2]+0.001*[#   4]+0.001*[#   7]
          +0.001*[#   8]+0.001*[#  11]+0.001*[#  12]
    |psi|^2 = 0.989
==== e(   5) =     0.75046 eV ==== 
     psi = 0.202*[#   7]+0.202*[#   8]+0.202*[#  11]+0.202*[#  12]+0.037*[#   6]
          +0.037*[#  10]+0.032*[#   2]+0.032*[#   4]+0.008*[#   5]+0.008*[#   9]
          
    |psi|^2 = 0.964
==== e(   6) =     2.04082 eV ==== 
     psi = 0.168*[#   7]+0.168*[#   8]+0.168*[#  11]+0.168*[#  12]+0.109*[#   6]
          +0.109*[#  10]+0.030*[#   2]+0.030*[#   4]+0.007*[#   5]+0.007*[#   9]
          
    |psi|^2 = 0.969
==== e(   7) =     2.66843 eV ==== 
     psi = 0.237*[#   6]+0.237*[#  10]+0.109*[#   7]+0.109*[#   8]+0.109*[#  11]
          +0.109*[#  12]+0.023*[#   2]+0.023*[#   4]+0.002*[#   5]+0.002*[#   9]
          
    |psi|^2 = 0.961
==== e(   8) =     3.34606 eV ==== 
     psi = 0.176*[#   7]+0.176*[#   8]+0.176*[#  11]+0.176*[#  12]+0.101*[#   6]
          +0.101*[#  10]+0.029*[#   2]+0.029*[#   4]+0.002*[#   5]+0.002*[#   9]
          
    |psi|^2 = 0.969
==== e(   9) =     4.32456 eV ==== 
     psi = 0.259*[#   6]+0.259*[#  10]+0.108*[#   7]+0.108*[#   8]+0.108*[#  11]
          +0.108*[#  12]+0.002*[#   2]+0.002*[#   4]
    |psi|^2 = 0.953
==== e(  10) =     4.64825 eV ==== 
     psi = 0.191*[#   6]+0.191*[#  10]+0.142*[#   7]+0.142*[#   8]+0.142*[#  11]
          +0.142*[#  12]+0.007*[#   2]+0.007*[#   4]+0.002*[#   5]+0.002*[#   9]
          
    |psi|^2 = 0.966
==== e(  11) =    15.88110 eV ==== 
     psi = 0.021*[#   2]+0.021*[#   4]+0.012*[#   6]+0.012*[#  10]+0.005*[#   7]
          +0.005*[#   8]+0.005*[#  11]+0.005*[#  12]+0.003*[#   5]+0.003*[#   9]
          
    |psi|^2 = 0.092
==== e(  12) =    17.15612 eV ==== 
     psi = 0.062*[#   2]+0.062*[#   4]+0.010*[#   5]+0.010*[#   9]+0.009*[#   7]
          +0.009*[#   8]+0.009*[#  11]+0.009*[#  12]
    |psi|^2 = 0.182
==== e(  13) =    19.26680 eV ==== 
     psi = 0.165*[#   2]+0.165*[#   4]+0.025*[#   5]+0.025*[#   9]+0.013*[#   7]
          +0.013*[#   8]+0.013*[#  11]+0.013*[#  12]+0.001*[#   6]+0.001*[#  10]
          
    |psi|^2 = 0.435
==== e(  14) =    20.86565 eV ==== 
     psi = 0.062*[#   2]+0.062*[#   4]+0.012*[#   7]+0.012*[#   8]+0.012*[#  11]
          +0.012*[#  12]+0.003*[#   6]+0.003*[#  10]
    |psi|^2 = 0.180

 k =   0.1500000000  0.4907477288  0.1231998600
==== e(   1) =   -90.49849 eV ==== 
     psi = 0.496*[#   1]+0.496*[#   3]+0.001*[#   7]+0.001*[#   8]+0.001*[#  11]
          +0.001*[#  12]
    |psi|^2 = 1.000
==== e(   2) =   -90.49783 eV ==== 
     psi = 0.494*[#   1]+0.494*[#   3]+0.002*[#   2]+0.002*[#   4]+0.001*[#   7]
          +0.001*[#   8]+0.001*[#  11]+0.001*[#  12]+0.001*[#   6]+0.001*[#  10]
          
    |psi|^2 = 1.000
==== e(   3) =   -10.75750 eV ==== 
     psi = 0.435*[#   5]+0.435*[#   9]+0.058*[#   2]+0.058*[#   4]+0.001*[#   7]
          +0.001*[#   8]+0.001*[#  11]+0.001*[#  12]
    |psi|^2 = 0.994
==== e(   4) =   -10.26644 eV ==== 
     psi = 0.489*[#   5]+0.489*[#   9]+0.003*[#   2]+0.003*[#   4]
    |psi|^2 = 0.989
==== e(   5) =     0.74954 eV ==== 
     psi = 0.192*[#   7]+0.192*[#   8]+0.192*[#  11]+0.192*[#  12]+0.053*[#   6]
          +0.053*[#  10]+0.040*[#   2]+0.040*[#   4]+0.006*[#   5]+0.006*[#   9]
          
    |psi|^2 = 0.969
==== e(   6) =     1.81312 eV ==== 
     psi = 0.175*[#   7]+0.175*[#   8]+0.175*[#  11]+0.175*[#  12]+0.085*[#   6]
          +0.085*[#  10]+0.043*[#   2]+0.043*[#   4]+0.008*[#   5]+0.008*[#   9]
          +0.001*[#   1]+0.001*[#   3]
    |psi|^2 = 0.975
==== e(   7) =     2.77288 eV ==== 
     psi = 0.196*[#   6]+0.196*[#  10]+0.134*[#   7]+0.134*[#   8]+0.134*[#  11]
          +0.134*[#  12]+0.012*[#   2]+0.012*[#   4]+0.001*[#   5]+0.001*[#   9]
          
    |psi|^2 = 0.954
==== e(   8) =     3.54199 eV ==== 
     psi = 0.180*[#   6]+0.180*[#  10]+0.139*[#   7]+0.139*[#   8]+0.139*[#  11]
          +0.139*[#  12]+0.022*[#   2]+0.022*[#   4]+0.001*[#   5]+0.001*[#   9]
          
    |psi|^2 = 0.964
==== e(   9) =     4.23767 eV ==== 
     psi = 0.182*[#   7]+0.182*[#   8]+0.182*[#  11]+0.182*[#  12]+0.111*[#   6]
          +0.111*[#  10]+0.005*[#   2]+0.005*[#   4]+0.001*[#   5]+0.001*[#   9]
          
    |psi|^2 = 0.960
==== e(  10) =     4.76347 eV ==== 
     psi = 0.308*[#   6]+0.308*[#  10]+0.084*[#   7]+0.084*[#   8]+0.084*[#  11]
          +0.084*[#  12]+0.004*[#   2]+0.004*[#   4]
    |psi|^2 = 0.962
==== e(  11) =    15.80484 eV ==== 
     psi = 0.038*[#   2]+0.038*[#   4]+0.008*[#   6]+0.008*[#  10]+0.007*[#   5]
          +0.007*[#   9]+0.006*[#   7]+0.006*[#   8]+0.006*[#  11]+0.006*[#  12]
          
    |psi|^2 = 0.129
==== e(  12) =    16.96567 eV ==== 
     psi = 0.051*[#   2]+0.051*[#   4]+0.008*[#   5]+0.008*[#   9]+0.008*[#   7]
          +0.008*[#   8]+0.008*[#  11]+0.008*[#  12]+0.002*[#   6]+0.002*[#  10]
          
    |psi|^2 = 0.156
==== e(  13) =    19.31490 eV ==== 
     psi = 0.124*[#   2]+0.124*[#   4]+0.017*[#   5]+0.017*[#   9]+0.011*[#   7]
          +0.011*[#   8]+0.011*[#  11]+0.011*[#  12]+0.001*[#   6]+0.001*[#  10]
          
    |psi|^2 = 0.332
==== e(  14) =    20.60087 eV ==== 
     psi = 0.037*[#   2]+0.037*[#   4]+0.010*[#   7]+0.010*[#   8]+0.010*[#  11]
          +0.010*[#  12]+0.003*[#   6]+0.003*[#  10]
    |psi|^2 = 0.121

 k =   0.1500000000  0.4907477288  0.1847997900
==== e(   1) =   -90.49840 eV ==== 
     psi = 0.495*[#   1]+0.495*[#   3]+0.001*[#   7]+0.001*[#   8]+0.001*[#  11]
          +0.001*[#  12]
    |psi|^2 = 1.000
==== e(   2) =   -90.49792 eV ==== 
     psi = 0.494*[#   1]+0.494*[#   3]+0.002*[#   2]+0.002*[#   4]+0.001*[#   7]
          +0.001*[#   8]+0.001*[#  11]+0.001*[#  12]+0.001*[#   6]+0.001*[#  10]
          
    |psi|^2 = 1.000
==== e(   3) =   -10.69365 eV ==== 
     psi = 0.444*[#   5]+0.444*[#   9]+0.049*[#   2]+0.049*[#   4]+0.001*[#   7]
          +0.001*[#   8]+0.001*[#  11]+0.001*[#  12]
    |psi|^2 = 0.993
==== e(   4) =   -10.33697 eV ==== 
     psi = 0.484*[#   5]+0.484*[#   9]+0.008*[#   2]+0.008*[#   4]
    |psi|^2 = 0.989
==== e(   5) =     0.78351 eV ==== 
     psi = 0.183*[#   7]+0.183*[#   8]+0.183*[#  11]+0.183*[#  12]+0.066*[#   6]
          +0.066*[#  10]+0.049*[#   2]+0.049*[#   4]+0.004*[#   5]+0.004*[#   9]
          +0.001*[#   1]+0.001*[#   3]
    |psi|^2 = 0.973
==== e(   6) =     1.53974 eV ==== 
     psi = 0.175*[#   7]+0.175*[#   8]+0.175*[#  11]+0.175*[#  12]+0.079*[#   6]
          +0.079*[#  10]+0.050*[#   2]+0.050*[#   4]+0.008*[#   5]+0.008*[#   9]
          +0.002*[#   1]+0.002*[#   3]
    |psi|^2 = 0.977
==== e(   7) =     2.89915 eV ==== 
     psi = 0.159*[#   7]+0.159*[#   8]+0.159*[#  11]+0.159*[#  12]+0.147*[#   6]
          +0.147*[#  10]+0.010*[#   2]+0.010*[#   4]
    |psi|^2 = 0.953
==== e(   8) =     3.77305 eV ==== 
     psi = 0.176*[#   6]+0.176*[#  10]+0.147*[#   7]+0.147*[#   8]+0.147*[#  11]
          +0.147*[#  12]+0.008*[#   2]+0.008*[#   4]+0.002*[#   5]+0.002*[#   9]
          
    |psi|^2 = 0.957
==== e(   9) =     4.13374 eV ==== 
     psi = 0.165*[#   7]+0.165*[#   8]+0.165*[#  11]+0.165*[#  12]+0.139*[#   6]
          +0.139*[#  10]+0.010*[#   2]+0.010*[#   4]+0.001*[#   5]+0.001*[#   9]
          
    |psi|^2 = 0.962
==== e(  10) =     4.87708 eV ==== 
     psi = 0.323*[#   6]+0.323*[#  10]+0.079*[#   7]+0.079*[#   8]+0.079*[#  11]
          +0.079*[#  12]+0.001*[#   2]+0.001*[#   4]
    |psi|^2 = 0.963
==== e(  11) =    15.73292 eV ==== 
     psi = 0.051*[#   2]+0.051*[#   4]+0.009*[#   5]+0.009*[#   9]+0.006*[#   7]
          +0.006*[#   8]+0.006*[#  11]+0.006*[#  12]+0.004*[#   6]+0.004*[#  10]
          
    |psi|^2 = 0.153
==== e(  12) =    16.65320 eV ==== 
     psi = 0.042*[#   2]+0.042*[#   4]+0.007*[#   5]+0.007*[#   7]+0.007*[#   8]
          +0.007*[#   9]+0.007*[#  11]+0.007*[#  12]+0.003*[#   6]+0.003*[#  10]
          
    |psi|^2 = 0.132
==== e(  13) =    19.47966 eV ==== 
     psi = 0.086*[#   2]+0.086*[#   4]+0.010*[#   7]+0.010*[#   8]+0.010*[#  11]
          +0.010*[#  12]+0.010*[#   5]+0.010*[#   9]+0.002*[#   6]+0.002*[#  10]
          
    |psi|^2 = 0.238
==== e(  14) =    20.34158 eV ==== 
     psi = 0.022*[#   2]+0.022*[#   4]+0.009*[#   7]+0.009*[#   8]+0.009*[#  11]
          +0.009*[#  12]+0.002*[#   6]+0.002*[#  10]
    |psi|^2 = 0.086

 k =   0.1500000000  0.4907477288  0.2463997200
==== e(   1) =   -90.49828 eV ==== 
     psi = 0.495*[#   1]+0.495*[#   3]+0.001*[#   7]+0.001*[#   8]+0.001*[#  11]
          +0.001*[#  12]
    |psi|^2 = 1.000
==== e(   2) =   -90.49803 eV ==== 
     psi = 0.494*[#   1]+0.494*[#   3]+0.002*[#   2]+0.002*[#   4]+0.001*[#   7]
          +0.001*[#   8]+0.001*[#  11]+0.001*[#  12]+0.001*[#   6]+0.001*[#  10]
          
    |psi|^2 = 1.000
==== e(   3) =   -10.61175 eV ==== 
     psi = 0.456*[#   5]+0.456*[#   9]+0.037*[#   2]+0.037*[#   4]
    |psi|^2 = 0.992
==== e(   4) =   -10.42428 eV ==== 
     psi = 0.477*[#   5]+0.477*[#   9]+0.015*[#   2]+0.015*[#   4]
    |psi|^2 = 0.990
==== e(   5) =     0.87744 eV ==== 
     psi = 0.177*[#   7]+0.177*[#   8]+0.177*[#  11]+0.177*[#  12]+0.075*[#   6]
          +0.075*[#  10]+0.054*[#   2]+0.054*[#   4]+0.004*[#   5]+0.004*[#   9]
          +0.001*[#   1]+0.001*[#   3]
    |psi|^2 = 0.977
==== e(   6) =     1.26944 eV ==== 
     psi = 0.174*[#   7]+0.174*[#   8]+0.174*[#  11]+0.174*[#  12]+0.079*[#   6]
          +0.079*[#  10]+0.054*[#   2]+0.054*[#   4]+0.007*[#   5]+0.007*[#   9]
          +0.002*[#   1]+0.002*[#   3]
    |psi|^2 = 0.978
==== e(   7) =     3.09360 eV ==== 
     psi = 0.177*[#   7]+0.177*[#   8]+0.177*[#  11]+0.177*[#  12]+0.113*[#   6]
          +0.113*[#  10]+0.009*[#   2]+0.009*[#   4]+0.001*[#   5]+0.001*[#   9]
          
    |psi|^2 = 0.954
==== e(   8) =     3.61877 eV ==== 
     psi = 0.188*[#   7]+0.188*[#   8]+0.188*[#  11]+0.188*[#  12]+0.094*[#   6]
          +0.094*[#  10]+0.006*[#   2]+0.006*[#   4]+0.002*[#   5]+0.002*[#   9]
          
    |psi|^2 = 0.955
==== e(   9) =     4.38877 eV ==== 
     psi = 0.254*[#   6]+0.254*[#  10]+0.110*[#   7]+0.110*[#   8]+0.110*[#  11]
          +0.110*[#  12]+0.006*[#   2]+0.006*[#   4]
    |psi|^2 = 0.961
==== e(  10) =     4.86403 eV ==== 
     psi = 0.312*[#   6]+0.312*[#  10]+0.085*[#   7]+0.085*[#   8]+0.085*[#  11]
          +0.085*[#  12]
    |psi|^2 = 0.963
==== e(  11) =    15.76140 eV ==== 
     psi = 0.053*[#   2]+0.053*[#   4]+0.009*[#   5]+0.009*[#   9]+0.005*[#   7]
          +0.005*[#   8]+0.005*[#  11]+0.005*[#  12]+0.003*[#   6]+0.003*[#  10]
          
    |psi|^2 = 0.152
==== e(  12) =    16.27888 eV ==== 
     psi = 0.042*[#   2]+0.042*[#   4]+0.007*[#   5]+0.007*[#   9]+0.006*[#   7]
          +0.006*[#   8]+0.006*[#  11]+0.006*[#  12]+0.004*[#   6]+0.004*[#  10]
          
    |psi|^2 = 0.127
==== e(  13) =    19.70598 eV ==== 
     psi = 0.056*[#   2]+0.056*[#   4]+0.010*[#   7]+0.010*[#   8]+0.010*[#  11]
          +0.010*[#  12]+0.005*[#   5]+0.005*[#   9]+0.002*[#   6]+0.002*[#  10]
          
    |psi|^2 = 0.167
==== e(  14) =    20.13334 eV ==== 
     psi = 0.022*[#   2]+0.022*[#   4]+0.009*[#   7]+0.009*[#   8]+0.009*[#  11]
          +0.009*[#  12]+0.002*[#   6]+0.002*[#  10]
    |psi|^2 = 0.087

 k =   0.1500000000  0.4907477288 -0.3079996500
==== e(   1) =   -90.49816 eV ==== 
     psi = 0.495*[#   1]+0.495*[#   3]+0.001*[#   7]+0.001*[#   8]+0.001*[#  11]
          +0.001*[#  12]+0.001*[#   2]+0.001*[#   4]
    |psi|^2 = 1.000
==== e(   2) =   -90.49815 eV ==== 
     psi = 0.495*[#   1]+0.495*[#   3]+0.001*[#   7]+0.001*[#   8]+0.001*[#  11]
          +0.001*[#  12]+0.001*[#   2]+0.001*[#   4]
    |psi|^2 = 1.000
==== e(   3) =   -10.51905 eV ==== 
     psi = 0.467*[#   5]+0.467*[#   9]+0.026*[#   2]+0.026*[#   4]
    |psi|^2 = 0.990
==== e(   4) =   -10.51905 eV ==== 
     psi = 0.467*[#   5]+0.467*[#   9]+0.026*[#   2]+0.026*[#   4]
    |psi|^2 = 0.990
==== e(   5) =     1.04136 eV ==== 
     psi = 0.174*[#   7]+0.174*[#   8]+0.174*[#  11]+0.174*[#  12]+0.079*[#   6]
          +0.079*[#  10]+0.056*[#   2]+0.056*[#   4]+0.005*[#   5]+0.005*[#   9]
          +0.002*[#   1]+0.002*[#   3]
    |psi|^2 = 0.978
==== e(   6) =     1.04136 eV ==== 
     psi = 0.174*[#   7]+0.174*[#   8]+0.174*[#  11]+0.174*[#  12]+0.079*[#   6]
          +0.079*[#  10]+0.056*[#   2]+0.056*[#   4]+0.005*[#   5]+0.005*[#   9]
          +0.002*[#   1]+0.002*[#   3]
    |psi|^2 = 0.978
==== e(   7) =     3.34625 eV ==== 
     psi = 0.187*[#   7]+0.187*[#   8]+0.187*[#  11]+0.187*[#  12]+0.093*[#   6]
          +0.093*[#  10]+0.007*[#   2]+0.007*[#   4]+0.002*[#   5]+0.002*[#   9]
          
    |psi|^2 = 0.954
==== e(   8) =     3.34625 eV ==== 
     psi = 0.187*[#   7]+0.187*[#   8]+0.187*[#  11]+0.187*[#  12]+0.093*[#   6]
          +0.093*[#  10]+0.007*[#   2]+0.007*[#   4]+0.002*[#   5]+0.002*[#   9]
          
    |psi|^2 = 0.954
==== e(   9) =     4.68886 eV ==== 
     psi = 0.291*[#   6]+0.291*[#  10]+0.094*[#   7]+0.094*[#   8]+0.094*[#  11]
          +0.094*[#  12]+0.001*[#   2]+0.001*[#   4]
    |psi|^2 = 0.962
==== e(  10) =     4.68886 eV ==== 
     psi = 0.291*[#   6]+0.291*[#  10]+0.094*[#   7]+0.094*[#   8]+0.094*[#  11]
          +0.094*[#  12]+0.001*[#   2]+0.001*[#   4]
    |psi|^2 = 0.962
==== e(  11) =    15.95086 eV ==== 
     psi = 0.047*[#   2]+0.047*[#   4]+0.008*[#   5]+0.008*[#   9]+0.005*[#   7]
          +0.005*[#   8]+0.005*[#  11]+0.005*[#  12]+0.003*[#   6]+0.003*[#  10]
          
    |psi|^2 = 0.138
==== e(  12) =    15.95086 eV ==== 
     psi = 0.047*[#   2]+0.047*[#   4]+0.008*[#   5]+0.008*[#   9]+0.005*[#   7]
          +0.005*[#   8]+0.005*[#  11]+0.005*[#  12]+0.003*[#   6]+0.003*[#  10]
          
    |psi|^2 = 0.138
==== e(  13) =    19.92973 eV ==== 
     psi = 0.035*[#   2]+0.035*[#   4]+0.010*[#   7]+0.010*[#   8]+0.010*[#  11]
          +0.010*[#  12]+0.002*[#   5]+0.002*[#   9]+0.002*[#   6]+0.002*[#  10]
          
    |psi|^2 = 0.116
==== e(  14) =    19.92973 eV ==== 
     psi = 0.035*[#   2]+0.035*[#   4]+0.010*[#   7]+0.010*[#   8]+0.010*[#  11]
          +0.010*[#  12]+0.002*[#   5]+0.002*[#   9]+0.002*[#   6]+0.002*[#  10]
          
    |psi|^2 = 0.116

 k =   0.1500000000  0.5484827557  0.0000000000
==== e(   1) =   -90.49842 eV ==== 
     psi = 0.496*[#   1]+0.496*[#   3]+0.001*[#   7]+0.001*[#   8]+0.001*[#  11]
          +0.001*[#  12]
    |psi|^2 = 1.000
==== e(   2) =   -90.49776 eV ==== 
     psi = 0.494*[#   1]+0.494*[#   3]+0.002*[#   2]+0.002*[#   4]+0.002*[#   7]
          +0.002*[#   8]+0.002*[#  11]+0.002*[#  12]+0.001*[#   6]+0.001*[#  10]
          
    |psi|^2 = 1.000
==== e(   3) =   -10.67320 eV ==== 
     psi = 0.444*[#   5]+0.444*[#   9]+0.051*[#   2]+0.051*[#   4]
    |psi|^2 = 0.993
==== e(   4) =   -10.23462 eV ==== 
     psi = 0.488*[#   5]+0.488*[#   9]+0.003*[#   2]+0.003*[#   4]+0.002*[#   7]
          +0.002*[#   8]+0.002*[#  11]+0.002*[#  12]
    |psi|^2 = 0.990
==== e(   5) =     0.58196 eV ==== 
     psi = 0.211*[#   7]+0.211*[#   8]+0.211*[#  11]+0.211*[#  12]+0.032*[#   2]
          +0.032*[#   4]+0.022*[#   6]+0.022*[#  10]+0.006*[#   5]+0.006*[#   9]
          
    |psi|^2 = 0.965
==== e(   6) =     2.23302 eV ==== 
     psi = 0.213*[#   7]+0.213*[#   8]+0.213*[#  11]+0.213*[#  12]+0.037*[#   2]
          +0.037*[#   4]+0.018*[#   6]+0.018*[#  10]+0.007*[#   5]+0.007*[#   9]
          +0.001*[#   1]+0.001*[#   3]
    |psi|^2 = 0.977
==== e(   7) =     2.60204 eV ==== 
     psi = 0.270*[#   6]+0.270*[#  10]+0.099*[#   7]+0.099*[#   8]+0.099*[#  11]
          +0.099*[#  12]+0.006*[#   2]+0.006*[#   4]
    |psi|^2 = 0.948
==== e(   8) =     3.29682 eV ==== 
     psi = 0.158*[#   6]+0.158*[#  10]+0.145*[#   7]+0.145*[#   8]+0.145*[#  11]
          +0.145*[#  12]+0.039*[#   2]+0.039*[#   4]+0.001*[#   1]+0.001*[#   3]
          
    |psi|^2 = 0.978
==== e(   9) =     4.05629 eV ==== 
     psi = 0.399*[#   6]+0.399*[#  10]+0.035*[#   7]+0.035*[#   8]+0.035*[#  11]
          +0.035*[#  12]+0.001*[#   2]+0.001*[#   4]
    |psi|^2 = 0.940
==== e(  10) =     4.57361 eV ==== 
     psi = 0.203*[#   7]+0.203*[#   8]+0.203*[#  11]+0.203*[#  12]+0.068*[#   6]
          +0.068*[#  10]+0.009*[#   2]+0.009*[#   4]+0.002*[#   5]+0.002*[#   9]
          
    |psi|^2 = 0.971
==== e(  11) =    15.74085 eV ==== 
     psi = 0.013*[#   6]+0.013*[#  10]+0.004*[#   7]+0.004*[#   8]+0.004*[#  11]
          +0.004*[#  12]+0.002*[#   2]+0.002*[#   4]
    |psi|^2 = 0.045
==== e(  12) =    17.29210 eV ==== 
     psi = 0.016*[#   2]+0.016*[#   4]+0.006*[#   7]+0.006*[#   8]+0.006*[#  11]
          +0.006*[#  12]+0.003*[#   5]+0.003*[#   9]
    |psi|^2 = 0.064
==== e(  13) =    19.32397 eV ==== 
     psi = 0.230*[#   2]+0.230*[#   4]+0.029*[#   5]+0.029*[#   9]+0.016*[#   7]
          +0.016*[#   8]+0.016*[#  11]+0.016*[#  12]+0.001*[#   1]+0.001*[#   3]
          
    |psi|^2 = 0.584
==== e(  14) =    20.91163 eV ==== 
     psi = 0.080*[#   2]+0.080*[#   4]+0.014*[#   7]+0.014*[#   8]+0.014*[#  11]
          +0.014*[#  12]+0.004*[#   6]+0.004*[#  10]
    |psi|^2 = 0.227

 k =   0.1500000000  0.5484827557  0.0615999300
==== e(   1) =   -90.49840 eV ==== 
     psi = 0.496*[#   1]+0.496*[#   3]+0.001*[#   7]+0.001*[#   8]+0.001*[#  11]
          +0.001*[#  12]
    |psi|^2 = 1.000
==== e(   2) =   -90.49778 eV ==== 
     psi = 0.494*[#   1]+0.494*[#   3]+0.002*[#   2]+0.002*[#   4]+0.002*[#   7]
          +0.002*[#   8]+0.002*[#  11]+0.002*[#  12]+0.001*[#   6]+0.001*[#  10]
          
    |psi|^2 = 1.000
==== e(   3) =   -10.66285 eV ==== 
     psi = 0.445*[#   5]+0.445*[#   9]+0.049*[#   2]+0.049*[#   4]
    |psi|^2 = 0.993
==== e(   4) =   -10.24567 eV ==== 
     psi = 0.488*[#   5]+0.488*[#   9]+0.003*[#   2]+0.003*[#   4]+0.002*[#   7]
          +0.002*[#   8]+0.002*[#  11]+0.002*[#  12]
    |psi|^2 = 0.989
==== e(   5) =     0.58056 eV ==== 
     psi = 0.207*[#   7]+0.207*[#   8]+0.207*[#  11]+0.207*[#  12]+0.035*[#   2]
          +0.035*[#   4]+0.028*[#   6]+0.028*[#  10]+0.005*[#   5]+0.005*[#   9]
          
    |psi|^2 = 0.966
==== e(   6) =     2.10256 eV ==== 
     psi = 0.203*[#   7]+0.203*[#   8]+0.203*[#  11]+0.203*[#  12]+0.040*[#   2]
          +0.040*[#   4]+0.034*[#   6]+0.034*[#  10]+0.007*[#   5]+0.007*[#   9]
          +0.001*[#   1]+0.001*[#   3]
    |psi|^2 = 0.977
==== e(   7) =     2.61612 eV ==== 
     psi = 0.238*[#   6]+0.238*[#  10]+0.115*[#   7]+0.115*[#   8]+0.115*[#  11]
          +0.115*[#  12]+0.007*[#   2]+0.007*[#   4]
    |psi|^2 = 0.950
==== e(   8) =     3.40592 eV ==== 
     psi = 0.189*[#   6]+0.189*[#  10]+0.132*[#   7]+0.132*[#   8]+0.132*[#  11]
          +0.132*[#  12]+0.033*[#   2]+0.033*[#   4]+0.001*[#   5]+0.001*[#   9]
          
    |psi|^2 = 0.974
==== e(   9) =     4.10823 eV ==== 
     psi = 0.324*[#   6]+0.324*[#  10]+0.074*[#   7]+0.074*[#   8]+0.074*[#  11]
          +0.074*[#  12]
    |psi|^2 = 0.945
==== e(  10) =     4.57007 eV ==== 
     psi = 0.175*[#   7]+0.175*[#   8]+0.175*[#  11]+0.175*[#  12]+0.122*[#   6]
          +0.122*[#  10]+0.009*[#   2]+0.009*[#   4]+0.002*[#   5]+0.002*[#   9]
          
    |psi|^2 = 0.968
==== e(  11) =    15.72435 eV ==== 
     psi = 0.011*[#   6]+0.011*[#  10]+0.008*[#   2]+0.008*[#   4]+0.004*[#   7]
          +0.004*[#   8]+0.004*[#  11]+0.004*[#  12]+0.002*[#   5]+0.002*[#   9]
          
    |psi|^2 = 0.059
==== e(  12) =    17.22796 eV ==== 
     psi = 0.015*[#   2]+0.015*[#   4]+0.006*[#   7]+0.006*[#   8]+0.006*[#  11]
          +0.006*[#  12]+0.003*[#   5]+0.003*[#   9]
    |psi|^2 = 0.064
==== e(  13) =    19.31459 eV ==== 
     psi = 0.205*[#   2]+0.205*[#   4]+0.025*[#   5]+0.025*[#   9]+0.014*[#   7]
          +0.014*[#   8]+0.014*[#  11]+0.014*[#  12]+0.001*[#   1]+0.001*[#   3]
          
    |psi|^2 = 0.521
==== e(  14) =    20.76697 eV ==== 
     psi = 0.066*[#   2]+0.066*[#   4]+0.013*[#   7]+0.013*[#   8]+0.013*[#  11]
          +0.013*[#  12]+0.004*[#   6]+0.004*[#  10]
    |psi|^2 = 0.193

 k =   0.1500000000  0.5484827557  0.1231998600
==== e(   1) =   -90.49836 eV ==== 
     psi = 0.495*[#   1]+0.495*[#   3]+0.001*[#   7]+0.001*[#   8]+0.001*[#  11]
          +0.001*[#  12]
    |psi|^2 = 1.000
==== e(   2) =   -90.49782 eV ==== 
     psi = 0.494*[#   1]+0.494*[#   3]+0.002*[#   2]+0.002*[#   4]+0.001*[#   7]
          +0.001*[#   8]+0.001*[#  11]+0.001*[#  12]+0.001*[#   6]+0.001*[#  10]
          
    |psi|^2 = 1.000
==== e(   3) =   -10.63267 eV ==== 
     psi = 0.451*[#   5]+0.451*[#   9]+0.044*[#   2]+0.044*[#   4]
    |psi|^2 = 0.993
==== e(   4) =   -10.27768 eV ==== 
     psi = 0.487*[#   5]+0.487*[#   9]+0.004*[#   2]+0.004*[#   4]+0.001*[#   7]
          +0.001*[#   8]+0.001*[#  11]+0.001*[#  12]
    |psi|^2 = 0.989
==== e(   5) =     0.58814 eV ==== 
     psi = 0.198*[#   7]+0.198*[#   8]+0.198*[#  11]+0.198*[#  12]+0.042*[#   2]
          +0.042*[#   4]+0.042*[#   6]+0.042*[#  10]+0.004*[#   5]+0.004*[#   9]
          
    |psi|^2 = 0.970
==== e(   6) =     1.80828 eV ==== 
     psi = 0.190*[#   7]+0.190*[#   8]+0.190*[#  11]+0.190*[#  12]+0.056*[#   6]
          +0.056*[#  10]+0.046*[#   2]+0.046*[#   4]+0.006*[#   5]+0.006*[#   9]
          +0.001*[#   1]+0.001*[#   3]
    |psi|^2 = 0.976
==== e(   7) =     2.67065 eV ==== 
     psi = 0.184*[#   6]+0.184*[#  10]+0.141*[#   7]+0.141*[#   8]+0.141*[#  11]
          +0.141*[#  12]+0.010*[#   2]+0.010*[#   4]
    |psi|^2 = 0.953
==== e(   8) =     3.68669 eV ==== 
     psi = 0.233*[#   6]+0.233*[#  10]+0.114*[#   7]+0.114*[#   8]+0.114*[#  11]
          +0.114*[#  12]+0.021*[#   2]+0.021*[#   4]+0.001*[#   5]+0.001*[#   9]
          
    |psi|^2 = 0.967
==== e(   9) =     4.08343 eV ==== 
     psi = 0.158*[#   6]+0.158*[#  10]+0.158*[#   7]+0.158*[#   8]+0.158*[#  11]
          +0.158*[#  12]+0.003*[#   2]+0.003*[#   4]+0.001*[#   5]+0.001*[#   9]
          
    |psi|^2 = 0.956
==== e(  10) =     4.65338 eV ==== 
     psi = 0.261*[#   6]+0.261*[#  10]+0.106*[#   7]+0.106*[#   8]+0.106*[#  11]
          +0.106*[#  12]+0.006*[#   2]+0.006*[#   4]+0.001*[#   5]+0.001*[#   9]
          
    |psi|^2 = 0.961
==== e(  11) =    15.67631 eV ==== 
     psi = 0.021*[#   2]+0.021*[#   4]+0.008*[#   6]+0.008*[#  10]+0.005*[#   7]
          +0.005*[#   8]+0.005*[#  11]+0.005*[#  12]+0.005*[#   5]+0.005*[#   9]
          
    |psi|^2 = 0.087
==== e(  12) =    17.02499 eV ==== 
     psi = 0.015*[#   2]+0.015*[#   4]+0.006*[#   7]+0.006*[#   8]+0.006*[#  11]
          +0.006*[#  12]+0.003*[#   5]+0.003*[#   9]+0.001*[#   6]+0.001*[#  10]
          
    |psi|^2 = 0.063
==== e(  13) =    19.36756 eV ==== 
     psi = 0.153*[#   2]+0.153*[#   4]+0.017*[#   5]+0.017*[#   9]+0.012*[#   7]
          +0.012*[#   8]+0.012*[#  11]+0.012*[#  12]
    |psi|^2 = 0.392
==== e(  14) =    20.45934 eV ==== 
     psi = 0.040*[#   2]+0.040*[#   4]+0.010*[#   7]+0.010*[#   8]+0.010*[#  11]
          +0.010*[#  12]+0.004*[#   6]+0.004*[#  10]
    |psi|^2 = 0.129

 k =   0.1500000000  0.5484827557  0.1847997900
==== e(   1) =   -90.49828 eV ==== 
     psi = 0.495*[#   1]+0.495*[#   3]+0.001*[#   7]+0.001*[#   8]+0.001*[#  11]
          +0.001*[#  12]
    |psi|^2 = 1.000
==== e(   2) =   -90.49790 eV ==== 
     psi = 0.494*[#   1]+0.494*[#   3]+0.002*[#   2]+0.002*[#   4]+0.001*[#   7]
          +0.001*[#   8]+0.001*[#  11]+0.001*[#  12]+0.001*[#   6]+0.001*[#  10]
          
    |psi|^2 = 1.000
==== e(   3) =   -10.58532 eV ==== 
     psi = 0.459*[#   5]+0.459*[#   9]+0.036*[#   2]+0.036*[#   4]
    |psi|^2 = 0.992
==== e(   4) =   -10.32730 eV ==== 
     psi = 0.486*[#   5]+0.486*[#   9]+0.006*[#   2]+0.006*[#   4]+0.001*[#   7]
          +0.001*[#   8]+0.001*[#  11]+0.001*[#  12]
    |psi|^2 = 0.989
==== e(   5) =     0.63108 eV ==== 
     psi = 0.189*[#   7]+0.189*[#   8]+0.189*[#  11]+0.189*[#  12]+0.056*[#   6]
          +0.056*[#  10]+0.050*[#   2]+0.050*[#   4]+0.002*[#   5]+0.002*[#   9]
          +0.001*[#   1]+0.001*[#   3]
    |psi|^2 = 0.974
==== e(   6) =     1.47185 eV ==== 
     psi = 0.181*[#   7]+0.181*[#   8]+0.181*[#  11]+0.181*[#  12]+0.069*[#   6]
          +0.069*[#  10]+0.051*[#   2]+0.051*[#   4]+0.004*[#   5]+0.004*[#   9]
          +0.002*[#   1]+0.002*[#   3]
    |psi|^2 = 0.977
==== e(   7) =     2.80057 eV ==== 
     psi = 0.163*[#   7]+0.163*[#   8]+0.163*[#  11]+0.163*[#  12]+0.139*[#   6]
          +0.139*[#  10]+0.012*[#   2]+0.012*[#   4]
    |psi|^2 = 0.955
==== e(   8) =     3.83802 eV ==== 
     psi = 0.180*[#   7]+0.180*[#   8]+0.180*[#  11]+0.180*[#  12]+0.111*[#   6]
          +0.111*[#  10]+0.005*[#   2]+0.005*[#   4]+0.002*[#   5]+0.002*[#   9]
          
    |psi|^2 = 0.957
==== e(   9) =     4.09210 eV ==== 
     psi = 0.248*[#   6]+0.248*[#  10]+0.110*[#   7]+0.110*[#   8]+0.110*[#  11]
          +0.110*[#  12]+0.012*[#   2]+0.012*[#   4]+0.001*[#   5]+0.001*[#   9]
          
    |psi|^2 = 0.964
==== e(  10) =     4.79525 eV ==== 
     psi = 0.310*[#   6]+0.310*[#  10]+0.084*[#   7]+0.084*[#   8]+0.084*[#  11]
          +0.084*[#  12]+0.002*[#   2]+0.002*[#   4]
    |psi|^2 = 0.961
==== e(  11) =    15.63670 eV ==== 
     psi = 0.031*[#   2]+0.031*[#   4]+0.007*[#   5]+0.007*[#   9]+0.005*[#   7]
          +0.005*[#   8]+0.005*[#  11]+0.005*[#  12]+0.003*[#   6]+0.003*[#  10]
          
    |psi|^2 = 0.103
==== e(  12) =    16.68397 eV ==== 
     psi = 0.015*[#   2]+0.015*[#   4]+0.006*[#   7]+0.006*[#   8]+0.006*[#  11]
          +0.006*[#  12]+0.003*[#   5]+0.003*[#   9]+0.001*[#   6]+0.001*[#  10]
          
    |psi|^2 = 0.062
==== e(  13) =    19.54684 eV ==== 
     psi = 0.099*[#   2]+0.099*[#   4]+0.011*[#   7]+0.011*[#   8]+0.011*[#  11]
          +0.011*[#  12]+0.010*[#   5]+0.010*[#   9]+0.001*[#   6]+0.001*[#  10]
          
    |psi|^2 = 0.263
==== e(  14) =    20.19295 eV ==== 
     psi = 0.021*[#   2]+0.021*[#   4]+0.009*[#   7]+0.009*[#   8]+0.009*[#  11]
          +0.009*[#  12]+0.003*[#   6]+0.003*[#  10]
    |psi|^2 = 0.085

 k =   0.1500000000  0.5484827557  0.2463997200
==== e(   1) =   -90.49819 eV ==== 
     psi = 0.495*[#   1]+0.495*[#   3]+0.001*[#   7]+0.001*[#   8]+0.001*[#  11]
          +0.001*[#  12]+0.001*[#   2]+0.001*[#   4]
    |psi|^2 = 1.000
==== e(   2) =   -90.49799 eV ==== 
     psi = 0.494*[#   1]+0.494*[#   3]+0.002*[#   2]+0.002*[#   4]+0.001*[#   7]
          +0.001*[#   8]+0.001*[#  11]+0.001*[#  12]+0.001*[#   6]+0.001*[#  10]
          
    |psi|^2 = 1.000
==== e(   3) =   -10.52509 eV ==== 
     psi = 0.468*[#   5]+0.468*[#   9]+0.026*[#   2]+0.026*[#   4]
    |psi|^2 = 0.990
==== e(   4) =   -10.38939 eV ==== 
     psi = 0.482*[#   5]+0.482*[#   9]+0.010*[#   2]+0.010*[#   4]
    |psi|^2 = 0.989
==== e(   5) =     0.73410 eV ==== 
     psi = 0.182*[#   7]+0.182*[#   8]+0.182*[#  11]+0.182*[#  12]+0.067*[#   6]
          +0.067*[#  10]+0.055*[#   2]+0.055*[#   4]+0.001*[#   1]+0.001*[#   3]
          
    |psi|^2 = 0.976
==== e(   6) =     1.16143 eV ==== 
     psi = 0.178*[#   7]+0.178*[#   8]+0.178*[#  11]+0.178*[#  12]+0.074*[#   6]
          +0.074*[#  10]+0.055*[#   2]+0.055*[#   4]+0.002*[#   5]+0.002*[#   9]
          +0.002*[#   1]+0.002*[#   3]
    |psi|^2 = 0.977
==== e(   7) =     3.00836 eV ==== 
     psi = 0.179*[#   7]+0.179*[#   8]+0.179*[#  11]+0.179*[#  12]+0.108*[#   6]
          +0.108*[#  10]+0.011*[#   2]+0.011*[#   4]+0.001*[#   5]+0.001*[#   9]
          
    |psi|^2 = 0.955
==== e(   8) =     3.56867 eV ==== 
     psi = 0.193*[#   7]+0.193*[#   8]+0.193*[#  11]+0.193*[#  12]+0.083*[#   6]
          +0.083*[#  10]+0.007*[#   2]+0.007*[#   4]+0.002*[#   5]+0.002*[#   9]
          
    |psi|^2 = 0.956
==== e(   9) =     4.43813 eV ==== 
     psi = 0.287*[#   6]+0.287*[#  10]+0.094*[#   7]+0.094*[#   8]+0.094*[#  11]
          +0.094*[#  12]+0.005*[#   2]+0.005*[#   4]
    |psi|^2 = 0.962
==== e(  10) =     4.83447 eV ==== 
     psi = 0.313*[#   6]+0.313*[#  10]+0.084*[#   7]+0.084*[#   8]+0.084*[#  11]
          +0.084*[#  12]
    |psi|^2 = 0.963
==== e(  11) =    15.69374 eV ==== 
     psi = 0.032*[#   2]+0.032*[#   4]+0.007*[#   5]+0.007*[#   9]+0.005*[#   7]
          +0.005*[#   8]+0.005*[#  11]+0.005*[#  12]
    |psi|^2 = 0.098
==== e(  12) =    16.27310 eV ==== 
     psi = 0.018*[#   2]+0.018*[#   4]+0.005*[#   7]+0.005*[#   8]+0.005*[#  11]
          +0.005*[#  12]+0.004*[#   5]+0.004*[#   9]+0.001*[#   6]+0.001*[#  10]
          
    |psi|^2 = 0.068
==== e(  13) =    19.76799 eV ==== 
     psi = 0.054*[#   2]+0.054*[#   4]+0.010*[#   7]+0.010*[#   8]+0.010*[#  11]
          +0.010*[#  12]+0.004*[#   5]+0.004*[#   9]+0.002*[#   6]+0.002*[#  10]
          
    |psi|^2 = 0.159
==== e(  14) =    20.03857 eV ==== 
     psi = 0.016*[#   2]+0.016*[#   4]+0.009*[#   7]+0.009*[#   8]+0.009*[#  11]
          +0.009*[#  12]+0.002*[#   6]+0.002*[#  10]
    |psi|^2 = 0.072

 k =   0.1500000000  0.5484827557 -0.3079996500
==== e(   1) =   -90.49810 eV ==== 
     psi = 0.494*[#   1]+0.494*[#   3]+0.002*[#   2]+0.002*[#   4]+0.001*[#   7]
          +0.001*[#   8]+0.001*[#  11]+0.001*[#  12]
    |psi|^2 = 1.000
==== e(   2) =   -90.49809 eV ==== 
     psi = 0.494*[#   1]+0.494*[#   3]+0.002*[#   2]+0.002*[#   4]+0.001*[#   7]
          +0.001*[#   8]+0.001*[#  11]+0.001*[#  12]
    |psi|^2 = 1.000
==== e(   3) =   -10.45760 eV ==== 
     psi = 0.476*[#   5]+0.476*[#   9]+0.017*[#   2]+0.017*[#   4]
    |psi|^2 = 0.990
==== e(   4) =   -10.45760 eV ==== 
     psi = 0.476*[#   5]+0.476*[#   9]+0.017*[#   2]+0.017*[#   4]
    |psi|^2 = 0.990
==== e(   5) =     0.91080 eV ==== 
     psi = 0.178*[#   7]+0.178*[#   8]+0.178*[#  11]+0.178*[#  12]+0.073*[#   6]
          +0.073*[#  10]+0.057*[#   2]+0.057*[#   4]+0.001*[#   1]+0.001*[#   3]
          
    |psi|^2 = 0.978
==== e(   6) =     0.91080 eV ==== 
     psi = 0.178*[#   7]+0.178*[#   8]+0.178*[#  11]+0.178*[#  12]+0.073*[#   6]
          +0.073*[#  10]+0.057*[#   2]+0.057*[#   4]+0.001*[#   1]+0.001*[#   3]
          
    |psi|^2 = 0.978
==== e(   7) =     3.27453 eV ==== 
     psi = 0.189*[#   7]+0.189*[#   8]+0.189*[#  11]+0.189*[#  12]+0.089*[#   6]
          +0.089*[#  10]+0.009*[#   2]+0.009*[#   4]+0.002*[#   5]+0.002*[#   9]
          
    |psi|^2 = 0.955
==== e(   8) =     3.27453 eV ==== 
     psi = 0.189*[#   7]+0.189*[#   8]+0.189*[#  11]+0.189*[#  12]+0.089*[#   6]
          +0.089*[#  10]+0.009*[#   2]+0.009*[#   4]+0.002*[#   5]+0.002*[#   9]
          
    |psi|^2 = 0.955
==== e(   9) =     4.70992 eV ==== 
     psi = 0.304*[#   6]+0.304*[#  10]+0.088*[#   7]+0.088*[#   8]+0.088*[#  11]
          +0.088*[#  12]+0.001*[#   2]+0.001*[#   4]
    |psi|^2 = 0.963
==== e(  10) =     4.70992 eV ==== 
     psi = 0.304*[#   6]+0.304*[#  10]+0.088*[#   7]+0.088*[#   8]+0.088*[#  11]
          +0.088*[#  12]+0.001*[#   2]+0.001*[#   4]
    |psi|^2 = 0.963
==== e(  11) =    15.91154 eV ==== 
     psi = 0.025*[#   2]+0.025*[#   4]+0.006*[#   5]+0.006*[#   9]+0.005*[#   7]
          +0.005*[#   8]+0.005*[#  11]+0.005*[#  12]
    |psi|^2 = 0.081
==== e(  12) =    15.91154 eV ==== 
     psi = 0.025*[#   2]+0.025*[#   4]+0.006*[#   5]+0.006*[#   9]+0.005*[#   7]
          +0.005*[#   8]+0.005*[#  11]+0.005*[#  12]
    |psi|^2 = 0.081
==== e(  13) =    19.92812 eV ==== 
     psi = 0.026*[#   2]+0.026*[#   4]+0.009*[#   7]+0.009*[#   8]+0.009*[#  11]
          +0.009*[#  12]+0.002*[#   6]+0.002*[#  10]+0.001*[#   5]+0.001*[#   9]
          
    |psi|^2 = 0.095
==== e(  14) =    19.92812 eV ==== 
     psi = 0.026*[#   2]+0.026*[#   4]+0.009*[#   7]+0.009*[#   8]+0.009*[#  11]
          +0.009*[#  12]+0.002*[#   6]+0.002*[#  10]+0.001*[#   5]+0.001*[#   9]
          
    |psi|^2 = 0.095

 k =   0.2000000000  0.3464101615  0.0000000000
==== e(   1) =   -90.49913 eV ==== 
     psi = 0.497*[#   1]+0.497*[#   3]+0.001*[#   7]+0.001*[#   8]+0.001*[#  11]
          +0.001*[#  12]
    |psi|^2 = 1.000
==== e(   2) =   -90.49781 eV ==== 
     psi = 0.494*[#   1]+0.494*[#   3]+0.002*[#   2]+0.002*[#   4]+0.002*[#   6]
          +0.002*[#  10]+0.001*[#   7]+0.001*[#   8]+0.001*[#  11]+0.001*[#  12]
          
    |psi|^2 = 1.000
==== e(   3) =   -11.28096 eV ==== 
     psi = 0.374*[#   5]+0.374*[#   9]+0.118*[#   2]+0.118*[#   4]+0.003*[#   7]
          +0.003*[#   8]+0.003*[#  11]+0.003*[#  12]
    |psi|^2 = 0.997
==== e(   4) =   -10.22281 eV ==== 
     psi = 0.490*[#   5]+0.490*[#   9]+0.004*[#   2]+0.004*[#   4]
    |psi|^2 = 0.990
==== e(   5) =     1.40760 eV ==== 
     psi = 0.379*[#   6]+0.379*[#  10]+0.044*[#   7]+0.044*[#   8]+0.044*[#  11]
          +0.044*[#  12]+0.006*[#   2]+0.006*[#   4]
    |psi|^2 = 0.944
==== e(   6) =     1.84422 eV ==== 
     psi = 0.215*[#   7]+0.215*[#   8]+0.215*[#  11]+0.215*[#  12]+0.025*[#   2]
          +0.025*[#   4]+0.024*[#   5]+0.024*[#   9]+0.001*[#   6]+0.001*[#  10]
          
    |psi|^2 = 0.963
==== e(   7) =     2.68585 eV ==== 
     psi = 0.181*[#   7]+0.181*[#   8]+0.181*[#  11]+0.181*[#  12]+0.066*[#   2]
          +0.066*[#   4]+0.066*[#   6]+0.066*[#  10]+0.001*[#   1]+0.001*[#   3]
          
    |psi|^2 = 0.992
==== e(   8) =     3.94674 eV ==== 
     psi = 0.227*[#   7]+0.227*[#   8]+0.227*[#  11]+0.227*[#  12]+0.016*[#   2]
          +0.016*[#   4]+0.010*[#   5]+0.010*[#   9]+0.002*[#   6]+0.002*[#  10]
          
    |psi|^2 = 0.966
==== e(   9) =     4.70307 eV ==== 
     psi = 0.238*[#   7]+0.238*[#   8]+0.238*[#  11]+0.238*[#  12]+0.004*[#   6]
          +0.004*[#  10]+0.002*[#   2]+0.002*[#   4]
    |psi|^2 = 0.965
==== e(  10) =     5.01943 eV ==== 
     psi = 0.479*[#   6]+0.479*[#  10]+0.001*[#   7]+0.001*[#   8]+0.001*[#  11]
          +0.001*[#  12]
    |psi|^2 = 0.965
==== e(  11) =    16.52335 eV ==== 
     psi = 0.215*[#   2]+0.215*[#   4]+0.061*[#   5]+0.061*[#   9]+0.023*[#   7]
          +0.023*[#   8]+0.023*[#  11]+0.023*[#  12]
    |psi|^2 = 0.645
==== e(  12) =    16.88430 eV ==== 
     psi = 0.036*[#   2]+0.036*[#   4]+0.017*[#   6]+0.017*[#  10]+0.004*[#   7]
          +0.004*[#   8]+0.004*[#  11]+0.004*[#  12]
    |psi|^2 = 0.122
==== e(  13) =    19.96173 eV ==== 
     psi = 0.059*[#   2]+0.059*[#   4]+0.015*[#   5]+0.015*[#   9]+0.012*[#   7]
          +0.012*[#   8]+0.012*[#  11]+0.012*[#  12]+0.001*[#   6]+0.001*[#  10]
          
    |psi|^2 = 0.201
==== e(  14) =    20.58616 eV ==== 
     psi = 0.092*[#   2]+0.092*[#   4]+0.008*[#   7]+0.008*[#   8]+0.008*[#  11]
          +0.008*[#  12]+0.005*[#   5]+0.005*[#   9]
    |psi|^2 = 0.227

 k =   0.2000000000  0.3464101615  0.0615999300
==== e(   1) =   -90.49910 eV ==== 
     psi = 0.497*[#   1]+0.497*[#   3]+0.001*[#   7]+0.001*[#   8]+0.001*[#  11]
          +0.001*[#  12]
    |psi|^2 = 1.000
==== e(   2) =   -90.49784 eV ==== 
     psi = 0.494*[#   1]+0.494*[#   3]+0.002*[#   2]+0.002*[#   4]+0.002*[#   6]
          +0.002*[#  10]+0.001*[#   7]+0.001*[#   8]+0.001*[#  11]+0.001*[#  12]
          
    |psi|^2 = 1.000
==== e(   3) =   -11.25859 eV ==== 
     psi = 0.377*[#   5]+0.377*[#   9]+0.115*[#   2]+0.115*[#   4]+0.002*[#   7]
          +0.002*[#   8]+0.002*[#  11]+0.002*[#  12]
    |psi|^2 = 0.996
==== e(   4) =   -10.25312 eV ==== 
     psi = 0.487*[#   5]+0.487*[#   9]+0.006*[#   2]+0.006*[#   4]
    |psi|^2 = 0.990
==== e(   5) =     1.40310 eV ==== 
     psi = 0.349*[#   6]+0.349*[#  10]+0.055*[#   7]+0.055*[#   8]+0.055*[#  11]
          +0.055*[#  12]+0.016*[#   2]+0.016*[#   4]+0.001*[#   5]+0.001*[#   9]
          
    |psi|^2 = 0.952
==== e(   6) =     1.85343 eV ==== 
     psi = 0.213*[#   7]+0.213*[#   8]+0.213*[#  11]+0.213*[#  12]+0.026*[#   2]
          +0.026*[#   4]+0.025*[#   5]+0.025*[#   9]+0.004*[#   6]+0.004*[#  10]
          
    |psi|^2 = 0.964
==== e(   7) =     2.79197 eV ==== 
     psi = 0.171*[#   7]+0.171*[#   8]+0.171*[#  11]+0.171*[#  12]+0.094*[#   6]
          +0.094*[#  10]+0.055*[#   2]+0.055*[#   4]+0.001*[#   1]+0.001*[#   3]
          
    |psi|^2 = 0.984
==== e(   8) =     3.86063 eV ==== 
     psi = 0.212*[#   7]+0.212*[#   8]+0.212*[#  11]+0.212*[#  12]+0.032*[#   6]
          +0.032*[#  10]+0.015*[#   2]+0.015*[#   4]+0.009*[#   5]+0.009*[#   9]
          
    |psi|^2 = 0.964
==== e(   9) =     4.65312 eV ==== 
     psi = 0.237*[#   7]+0.237*[#   8]+0.237*[#  11]+0.237*[#  12]+0.005*[#   6]
          +0.005*[#  10]+0.002*[#   2]+0.002*[#   4]
    |psi|^2 = 0.964
==== e(  10) =     5.06875 eV ==== 
     psi = 0.444*[#   6]+0.444*[#  10]+0.019*[#   7]+0.019*[#   8]+0.019*[#  11]
          +0.019*[#  12]
    |psi|^2 = 0.966
==== e(  11) =    16.45028 eV ==== 
     psi = 0.212*[#   2]+0.212*[#   4]+0.059*[#   5]+0.059*[#   9]+0.021*[#   7]
          +0.021*[#   8]+0.021*[#  11]+0.021*[#  12]
    |psi|^2 = 0.629
==== e(  12) =    16.87757 eV ==== 
     psi = 0.039*[#   2]+0.039*[#   4]+0.017*[#   6]+0.017*[#  10]+0.005*[#   7]
          +0.005*[#   8]+0.005*[#  11]+0.005*[#  12]
    |psi|^2 = 0.133
==== e(  13) =    19.86841 eV ==== 
     psi = 0.047*[#   2]+0.047*[#   4]+0.012*[#   5]+0.012*[#   9]+0.011*[#   7]
          +0.011*[#   8]+0.011*[#  11]+0.011*[#  12]+0.001*[#   6]+0.001*[#  10]
          
    |psi|^2 = 0.163
==== e(  14) =    20.48851 eV ==== 
     psi = 0.084*[#   2]+0.084*[#   4]+0.008*[#   7]+0.008*[#   8]+0.008*[#  11]
          +0.008*[#  12]+0.005*[#   5]+0.005*[#   9]
    |psi|^2 = 0.209

 k =   0.2000000000  0.3464101615  0.1231998600
==== e(   1) =   -90.49901 eV ==== 
     psi = 0.497*[#   1]+0.497*[#   3]+0.001*[#   7]+0.001*[#   8]+0.001*[#  11]
          +0.001*[#  12]
    |psi|^2 = 1.000
==== e(   2) =   -90.49794 eV ==== 
     psi = 0.494*[#   1]+0.494*[#   3]+0.002*[#   2]+0.002*[#   4]+0.002*[#   6]
          +0.002*[#  10]+0.001*[#   7]+0.001*[#   8]+0.001*[#  11]+0.001*[#  12]
          
    |psi|^2 = 1.000
==== e(   3) =   -11.19285 eV ==== 
     psi = 0.384*[#   5]+0.384*[#   9]+0.108*[#   2]+0.108*[#   4]+0.002*[#   7]
          +0.002*[#   8]+0.002*[#  11]+0.002*[#  12]
    |psi|^2 = 0.996
==== e(   4) =   -10.33952 eV ==== 
     psi = 0.479*[#   5]+0.479*[#   9]+0.014*[#   2]+0.014*[#   4]+0.001*[#   6]
          +0.001*[#  10]
    |psi|^2 = 0.991
==== e(   5) =     1.41076 eV ==== 
     psi = 0.287*[#   6]+0.287*[#  10]+0.078*[#   7]+0.078*[#   8]+0.078*[#  11]
          +0.078*[#  12]+0.035*[#   2]+0.035*[#   4]+0.005*[#   5]+0.005*[#   9]
          
    |psi|^2 = 0.966
==== e(   6) =     1.86930 eV ==== 
     psi = 0.206*[#   7]+0.206*[#   8]+0.206*[#  11]+0.206*[#  12]+0.030*[#   2]
          +0.030*[#   4]+0.026*[#   5]+0.026*[#   9]+0.015*[#   6]+0.015*[#  10]
          
    |psi|^2 = 0.967
==== e(   7) =     3.06975 eV ==== 
     psi = 0.152*[#   6]+0.152*[#  10]+0.149*[#   7]+0.149*[#   8]+0.149*[#  11]
          +0.149*[#  12]+0.033*[#   2]+0.033*[#   4]
    |psi|^2 = 0.970
==== e(   8) =     3.68542 eV ==== 
     psi = 0.193*[#   7]+0.193*[#   8]+0.193*[#  11]+0.193*[#  12]+0.074*[#   6]
          +0.074*[#  10]+0.013*[#   2]+0.013*[#   4]+0.007*[#   5]+0.007*[#   9]
          
    |psi|^2 = 0.961
==== e(   9) =     4.52131 eV ==== 
     psi = 0.235*[#   7]+0.235*[#   8]+0.235*[#  11]+0.235*[#  12]+0.008*[#   6]
          +0.008*[#  10]+0.003*[#   2]+0.003*[#   4]
    |psi|^2 = 0.960
==== e(  10) =     5.13632 eV ==== 
     psi = 0.387*[#   6]+0.387*[#  10]+0.048*[#   7]+0.048*[#   8]+0.048*[#  11]
          +0.048*[#  12]
    |psi|^2 = 0.968
==== e(  11) =    16.28201 eV ==== 
     psi = 0.200*[#   2]+0.200*[#   4]+0.053*[#   5]+0.053*[#   9]+0.018*[#   7]
          +0.018*[#   8]+0.018*[#  11]+0.018*[#  12]+0.002*[#   6]+0.002*[#  10]
          
    |psi|^2 = 0.584
==== e(  12) =    16.82785 eV ==== 
     psi = 0.051*[#   2]+0.051*[#   4]+0.018*[#   6]+0.018*[#  10]+0.005*[#   7]
          +0.005*[#   8]+0.005*[#  11]+0.005*[#  12]+0.002*[#   5]+0.002*[#   9]
          
    |psi|^2 = 0.166
==== e(  13) =    19.72214 eV ==== 
     psi = 0.032*[#   2]+0.032*[#   4]+0.009*[#   7]+0.009*[#   8]+0.009*[#  11]
          +0.009*[#  12]+0.008*[#   5]+0.008*[#   9]
    |psi|^2 = 0.120
==== e(  14) =    20.26456 eV ==== 
     psi = 0.072*[#   2]+0.072*[#   4]+0.007*[#   7]+0.007*[#   8]+0.007*[#  11]
          +0.007*[#  12]+0.006*[#   5]+0.006*[#   9]
    |psi|^2 = 0.187

 k =   0.2000000000  0.3464101615  0.1847997900
==== e(   1) =   -90.49886 eV ==== 
     psi = 0.496*[#   1]+0.496*[#   3]+0.001*[#   7]+0.001*[#   8]+0.001*[#  11]
          +0.001*[#  12]
    |psi|^2 = 1.000
==== e(   2) =   -90.49809 eV ==== 
     psi = 0.495*[#   1]+0.495*[#   3]+0.002*[#   6]+0.002*[#  10]+0.001*[#   2]
          +0.001*[#   4]+0.001*[#   7]+0.001*[#   8]+0.001*[#  11]+0.001*[#  12]
          
    |psi|^2 = 1.000
==== e(   3) =   -11.08794 eV ==== 
     psi = 0.397*[#   5]+0.397*[#   9]+0.095*[#   2]+0.095*[#   4]+0.002*[#   7]
          +0.002*[#   8]+0.002*[#  11]+0.002*[#  12]
    |psi|^2 = 0.995
==== e(   4) =   -10.46971 eV ==== 
     psi = 0.466*[#   5]+0.466*[#   9]+0.027*[#   2]+0.027*[#   4]+0.002*[#   6]
          +0.002*[#  10]
    |psi|^2 = 0.991
==== e(   5) =     1.45971 eV ==== 
     psi = 0.225*[#   6]+0.225*[#  10]+0.102*[#   7]+0.102*[#   8]+0.102*[#  11]
          +0.102*[#  12]+0.049*[#   2]+0.049*[#   4]+0.010*[#   5]+0.010*[#   9]
          +0.001*[#   1]+0.001*[#   3]
    |psi|^2 = 0.976
==== e(   6) =     1.85971 eV ==== 
     psi = 0.191*[#   7]+0.191*[#   8]+0.191*[#  11]+0.191*[#  12]+0.039*[#   6]
          +0.039*[#  10]+0.038*[#   2]+0.038*[#   4]+0.027*[#   5]+0.027*[#   9]
          +0.001*[#   1]+0.001*[#   3]
    |psi|^2 = 0.973
==== e(   7) =     3.41746 eV ==== 
     psi = 0.197*[#   6]+0.197*[#  10]+0.134*[#   7]+0.134*[#   8]+0.134*[#  11]
          +0.134*[#  12]+0.013*[#   2]+0.013*[#   4]
    |psi|^2 = 0.958
==== e(   8) =     3.54785 eV ==== 
     psi = 0.186*[#   7]+0.186*[#   8]+0.186*[#  11]+0.186*[#  12]+0.094*[#   6]
          +0.094*[#  10]+0.009*[#   2]+0.009*[#   4]+0.003*[#   5]+0.003*[#   9]
          
    |psi|^2 = 0.956
==== e(   9) =     4.37239 eV ==== 
     psi = 0.225*[#   7]+0.225*[#   8]+0.225*[#  11]+0.225*[#  12]+0.024*[#   6]
          +0.024*[#  10]+0.004*[#   2]+0.004*[#   4]
    |psi|^2 = 0.957
==== e(  10) =     5.10909 eV ==== 
     psi = 0.336*[#   6]+0.336*[#  10]+0.074*[#   7]+0.074*[#   8]+0.074*[#  11]
          +0.074*[#  12]
    |psi|^2 = 0.967
==== e(  11) =    16.13484 eV ==== 
     psi = 0.182*[#   2]+0.182*[#   4]+0.044*[#   5]+0.044*[#   9]+0.014*[#   7]
          +0.014*[#   8]+0.014*[#  11]+0.014*[#  12]+0.005*[#   6]+0.005*[#  10]
          
    |psi|^2 = 0.520
==== e(  12) =    16.68565 eV ==== 
     psi = 0.073*[#   2]+0.073*[#   4]+0.019*[#   6]+0.019*[#  10]+0.006*[#   7]
          +0.006*[#   8]+0.006*[#  11]+0.006*[#  12]+0.006*[#   5]+0.006*[#   9]
          
    |psi|^2 = 0.222
==== e(  13) =    19.64665 eV ==== 
     psi = 0.029*[#   2]+0.029*[#   4]+0.009*[#   7]+0.009*[#   8]+0.009*[#  11]
          +0.009*[#  12]+0.007*[#   5]+0.007*[#   9]
    |psi|^2 = 0.108
==== e(  14) =    20.03446 eV ==== 
     psi = 0.063*[#   2]+0.063*[#   4]+0.008*[#   7]+0.008*[#   8]+0.008*[#  11]
          +0.008*[#  12]+0.006*[#   5]+0.006*[#   9]
    |psi|^2 = 0.173

 k =   0.2000000000  0.3464101615  0.2463997200
==== e(   1) =   -90.49868 eV ==== 
     psi = 0.496*[#   1]+0.496*[#   3]+0.001*[#   7]+0.001*[#   8]+0.001*[#  11]
          +0.001*[#  12]
    |psi|^2 = 1.000
==== e(   2) =   -90.49827 eV ==== 
     psi = 0.495*[#   1]+0.495*[#   3]+0.001*[#   6]+0.001*[#  10]+0.001*[#   7]
          +0.001*[#   8]+0.001*[#  11]+0.001*[#  12]
    |psi|^2 = 1.000
==== e(   3) =   -10.95111 eV ==== 
     psi = 0.413*[#   5]+0.413*[#   9]+0.079*[#   2]+0.079*[#   4]+0.002*[#   7]
          +0.002*[#   8]+0.002*[#  11]+0.002*[#  12]+0.001*[#   6]+0.001*[#  10]
          
    |psi|^2 = 0.995
==== e(   4) =   -10.62682 eV ==== 
     psi = 0.449*[#   5]+0.449*[#   9]+0.043*[#   2]+0.043*[#   4]+0.002*[#   6]
          +0.002*[#  10]+0.001*[#   7]+0.001*[#   8]+0.001*[#  11]+0.001*[#  12]
          
    |psi|^2 = 0.992
==== e(   5) =     1.55540 eV ==== 
     psi = 0.171*[#   6]+0.171*[#  10]+0.124*[#   7]+0.124*[#   8]+0.124*[#  11]
          +0.124*[#  12]+0.055*[#   2]+0.055*[#   4]+0.016*[#   5]+0.016*[#   9]
          +0.001*[#   1]+0.001*[#   3]
    |psi|^2 = 0.982
==== e(   6) =     1.79402 eV ==== 
     psi = 0.169*[#   7]+0.169*[#   8]+0.169*[#  11]+0.169*[#  12]+0.077*[#   6]
          +0.077*[#  10]+0.047*[#   2]+0.047*[#   4]+0.026*[#   5]+0.026*[#   9]
          +0.001*[#   1]+0.001*[#   3]
    |psi|^2 = 0.979
==== e(   7) =     3.52088 eV ==== 
     psi = 0.187*[#   7]+0.187*[#   8]+0.187*[#  11]+0.187*[#  12]+0.097*[#   6]
          +0.097*[#  10]+0.004*[#   2]+0.004*[#   4]
    |psi|^2 = 0.952
==== e(   8) =     3.63381 eV ==== 
     psi = 0.165*[#   6]+0.165*[#  10]+0.154*[#   7]+0.154*[#   8]+0.154*[#  11]
          +0.154*[#  12]+0.002*[#   2]+0.002*[#   4]
    |psi|^2 = 0.952
==== e(   9) =     4.38024 eV ==== 
     psi = 0.180*[#   7]+0.180*[#   8]+0.180*[#  11]+0.180*[#  12]+0.111*[#   6]
          +0.111*[#  10]+0.006*[#   2]+0.006*[#   4]
    |psi|^2 = 0.956
==== e(  10) =     4.93790 eV ==== 
     psi = 0.287*[#   6]+0.287*[#  10]+0.097*[#   7]+0.097*[#   8]+0.097*[#  11]
          +0.097*[#  12]
    |psi|^2 = 0.964
==== e(  11) =    16.11000 eV ==== 
     psi = 0.159*[#   2]+0.159*[#   4]+0.032*[#   5]+0.032*[#   9]+0.011*[#   7]
          +0.011*[#   8]+0.011*[#  11]+0.011*[#  12]+0.010*[#   6]+0.010*[#  10]
          
    |psi|^2 = 0.447
==== e(  12) =    16.46011 eV ==== 
     psi = 0.101*[#   2]+0.101*[#   4]+0.019*[#   6]+0.019*[#  10]+0.012*[#   5]
          +0.012*[#   9]+0.007*[#   7]+0.007*[#   8]+0.007*[#  11]+0.007*[#  12]
          
    |psi|^2 = 0.294
==== e(  13) =    19.65513 eV ==== 
     psi = 0.034*[#   2]+0.034*[#   4]+0.009*[#   7]+0.009*[#   8]+0.009*[#  11]
          +0.009*[#  12]+0.007*[#   5]+0.007*[#   9]
    |psi|^2 = 0.118
==== e(  14) =    19.85565 eV ==== 
     psi = 0.054*[#   2]+0.054*[#   4]+0.009*[#   7]+0.009*[#   8]+0.009*[#  11]
          +0.009*[#  12]+0.007*[#   5]+0.007*[#   9]
    |psi|^2 = 0.158

 k =   0.2000000000  0.3464101615 -0.3079996500
==== e(   1) =   -90.49848 eV ==== 
     psi = 0.496*[#   1]+0.496*[#   3]+0.001*[#   6]+0.001*[#   7]+0.001*[#   8]
          +0.001*[#  10]+0.001*[#  11]+0.001*[#  12]
    |psi|^2 = 1.000
==== e(   2) =   -90.49847 eV ==== 
     psi = 0.496*[#   1]+0.496*[#   3]+0.001*[#   6]+0.001*[#   7]+0.001*[#   8]
          +0.001*[#  10]+0.001*[#  11]+0.001*[#  12]
    |psi|^2 = 1.000
==== e(   3) =   -10.79281 eV ==== 
     psi = 0.431*[#   5]+0.431*[#   9]+0.061*[#   2]+0.061*[#   4]+0.002*[#   6]
          +0.002*[#  10]+0.001*[#   7]+0.001*[#   8]+0.001*[#  11]+0.001*[#  12]
          
    |psi|^2 = 0.994
==== e(   4) =   -10.79281 eV ==== 
     psi = 0.431*[#   5]+0.431*[#   9]+0.061*[#   2]+0.061*[#   4]+0.002*[#   6]
          +0.002*[#  10]+0.001*[#   7]+0.001*[#   8]+0.001*[#  11]+0.001*[#  12]
          
    |psi|^2 = 0.994
==== e(   5) =     1.67931 eV ==== 
     psi = 0.146*[#   7]+0.146*[#   8]+0.146*[#  11]+0.146*[#  12]+0.122*[#   6]
          +0.122*[#  10]+0.053*[#   2]+0.053*[#   4]+0.022*[#   5]+0.022*[#   9]
          +0.002*[#   1]+0.002*[#   3]
    |psi|^2 = 0.982
==== e(   6) =     1.67931 eV ==== 
     psi = 0.146*[#   7]+0.146*[#   8]+0.146*[#  11]+0.146*[#  12]+0.122*[#   6]
          +0.122*[#  10]+0.053*[#   2]+0.053*[#   4]+0.022*[#   5]+0.022*[#   9]
          +0.002*[#   1]+0.002*[#   3]
    |psi|^2 = 0.982
==== e(   7) =     3.59338 eV ==== 
     psi = 0.183*[#   7]+0.183*[#   8]+0.183*[#  11]+0.183*[#  12]+0.108*[#   6]
          +0.108*[#  10]+0.001*[#   2]+0.001*[#   4]
    |psi|^2 = 0.950
==== e(   8) =     3.59338 eV ==== 
     psi = 0.183*[#   7]+0.183*[#   8]+0.183*[#  11]+0.183*[#  12]+0.108*[#   6]
          +0.108*[#  10]+0.001*[#   2]+0.001*[#   4]
    |psi|^2 = 0.950
==== e(   9) =     4.64867 eV ==== 
     psi = 0.222*[#   6]+0.222*[#  10]+0.127*[#   7]+0.127*[#   8]+0.127*[#  11]
          +0.127*[#  12]+0.003*[#   2]+0.003*[#   4]
    |psi|^2 = 0.959
==== e(  10) =     4.64867 eV ==== 
     psi = 0.222*[#   6]+0.222*[#  10]+0.127*[#   7]+0.127*[#   8]+0.127*[#  11]
          +0.127*[#  12]+0.003*[#   2]+0.003*[#   4]
    |psi|^2 = 0.959
==== e(  11) =    16.23548 eV ==== 
     psi = 0.131*[#   2]+0.131*[#   4]+0.021*[#   5]+0.021*[#   9]+0.016*[#   6]
          +0.016*[#  10]+0.008*[#   7]+0.008*[#   8]+0.008*[#  11]+0.008*[#  12]
          
    |psi|^2 = 0.372
==== e(  12) =    16.23548 eV ==== 
     psi = 0.131*[#   2]+0.131*[#   4]+0.021*[#   5]+0.021*[#   9]+0.016*[#   6]
          +0.016*[#  10]+0.008*[#   7]+0.008*[#   8]+0.008*[#  11]+0.008*[#  12]
          
    |psi|^2 = 0.372
==== e(  13) =    19.72945 eV ==== 
     psi = 0.043*[#   2]+0.043*[#   4]+0.009*[#   7]+0.009*[#   8]+0.009*[#  11]
          +0.009*[#  12]+0.007*[#   5]+0.007*[#   9]
    |psi|^2 = 0.138
==== e(  14) =    19.72946 eV ==== 
     psi = 0.043*[#   2]+0.043*[#   4]+0.009*[#   7]+0.009*[#   8]+0.009*[#  11]
          +0.009*[#  12]+0.007*[#   5]+0.007*[#   9]
    |psi|^2 = 0.138

 k =   0.2000000000  0.4041451884  0.0000000000
==== e(   1) =   -90.49883 eV ==== 
     psi = 0.496*[#   1]+0.496*[#   3]+0.001*[#   7]+0.001*[#   8]+0.001*[#  11]
          +0.001*[#  12]
    |psi|^2 = 1.000
==== e(   2) =   -90.49776 eV ==== 
     psi = 0.494*[#   1]+0.494*[#   3]+0.002*[#   2]+0.002*[#   4]+0.001*[#   6]
          +0.001*[#  10]+0.001*[#   7]+0.001*[#   8]+0.001*[#  11]+0.001*[#  12]
          
    |psi|^2 = 1.000
==== e(   3) =   -11.04805 eV ==== 
     psi = 0.399*[#   5]+0.399*[#   9]+0.093*[#   2]+0.093*[#   4]+0.002*[#   7]
          +0.002*[#   8]+0.002*[#  11]+0.002*[#  12]
    |psi|^2 = 0.996
==== e(   4) =   -10.18827 eV ==== 
     psi = 0.493*[#   5]+0.493*[#   9]
    |psi|^2 = 0.989
==== e(   5) =     1.32698 eV ==== 
     psi = 0.201*[#   7]+0.201*[#   8]+0.201*[#  11]+0.201*[#  12]+0.042*[#   6]
          +0.042*[#  10]+0.019*[#   2]+0.019*[#   4]+0.015*[#   5]+0.015*[#   9]
          
    |psi|^2 = 0.957
==== e(   6) =     1.71498 eV ==== 
     psi = 0.265*[#   6]+0.265*[#  10]+0.100*[#   7]+0.100*[#   8]+0.100*[#  11]
          +0.100*[#  12]+0.005*[#   2]+0.005*[#   4]+0.003*[#   5]+0.003*[#   9]
          
    |psi|^2 = 0.946
==== e(   7) =     2.64161 eV ==== 
     psi = 0.143*[#   7]+0.143*[#   8]+0.143*[#  11]+0.143*[#  12]+0.139*[#   6]
          +0.139*[#  10]+0.069*[#   2]+0.069*[#   4]+0.001*[#   1]+0.001*[#   3]
          
    |psi|^2 = 0.992
==== e(   8) =     3.61588 eV ==== 
     psi = 0.223*[#   7]+0.223*[#   8]+0.223*[#  11]+0.223*[#  12]+0.020*[#   2]
          +0.020*[#   4]+0.010*[#   5]+0.010*[#   9]+0.007*[#   6]+0.007*[#  10]
          
    |psi|^2 = 0.966
==== e(   9) =     4.43703 eV ==== 
     psi = 0.232*[#   7]+0.232*[#   8]+0.232*[#  11]+0.232*[#  12]+0.013*[#   6]
          +0.013*[#  10]+0.004*[#   2]+0.004*[#   4]+0.001*[#   5]+0.001*[#   9]
          
    |psi|^2 = 0.964
==== e(  10) =     4.75480 eV ==== 
     psi = 0.467*[#   6]+0.467*[#  10]+0.006*[#   7]+0.006*[#   8]+0.006*[#  11]
          +0.006*[#  12]+0.002*[#   2]+0.002*[#   4]
    |psi|^2 = 0.962
==== e(  11) =    16.34237 eV ==== 
     psi = 0.029*[#   2]+0.029*[#   4]+0.013*[#   6]+0.013*[#  10]+0.005*[#   7]
          +0.005*[#   8]+0.005*[#  11]+0.005*[#  12]+0.001*[#   5]+0.001*[#   9]
          
    |psi|^2 = 0.107
==== e(  12) =    17.07961 eV ==== 
     psi = 0.178*[#   2]+0.178*[#   4]+0.038*[#   5]+0.038*[#   9]+0.019*[#   7]
          +0.019*[#   8]+0.019*[#  11]+0.019*[#  12]
    |psi|^2 = 0.511
==== e(  13) =    19.75479 eV ==== 
     psi = 0.077*[#   2]+0.077*[#   4]+0.015*[#   5]+0.015*[#   9]+0.012*[#   7]
          +0.012*[#   8]+0.012*[#  11]+0.012*[#  12]+0.002*[#   6]+0.002*[#  10]
          
    |psi|^2 = 0.240
==== e(  14) =    20.92362 eV ==== 
     psi = 0.073*[#   2]+0.073*[#   4]+0.011*[#   7]+0.011*[#   8]+0.011*[#  11]
          +0.011*[#  12]+0.001*[#   5]+0.001*[#   6]+0.001*[#   9]+0.001*[#  10]
          
    |psi|^2 = 0.198

 k =   0.2000000000  0.4041451884  0.0615999300
==== e(   1) =   -90.49881 eV ==== 
     psi = 0.496*[#   1]+0.496*[#   3]+0.001*[#   7]+0.001*[#   8]+0.001*[#  11]
          +0.001*[#  12]
    |psi|^2 = 1.000
==== e(   2) =   -90.49779 eV ==== 
     psi = 0.494*[#   1]+0.494*[#   3]+0.002*[#   2]+0.002*[#   4]+0.001*[#   6]
          +0.001*[#  10]+0.001*[#   7]+0.001*[#   8]+0.001*[#  11]+0.001*[#  12]
          
    |psi|^2 = 1.000
==== e(   3) =   -11.02930 eV ==== 
     psi = 0.401*[#   5]+0.401*[#   9]+0.091*[#   2]+0.091*[#   4]+0.002*[#   7]
          +0.002*[#   8]+0.002*[#  11]+0.002*[#  12]
    |psi|^2 = 0.996
==== e(   4) =   -10.21202 eV ==== 
     psi = 0.491*[#   5]+0.491*[#   9]+0.002*[#   2]+0.002*[#   4]
    |psi|^2 = 0.990
==== e(   5) =     1.32706 eV ==== 
     psi = 0.192*[#   7]+0.192*[#   8]+0.192*[#  11]+0.192*[#  12]+0.059*[#   6]
          +0.059*[#  10]+0.023*[#   2]+0.023*[#   4]+0.014*[#   5]+0.014*[#   9]
          
    |psi|^2 = 0.959
==== e(   6) =     1.67262 eV ==== 
     psi = 0.216*[#   6]+0.216*[#  10]+0.119*[#   7]+0.119*[#   8]+0.119*[#  11]
          +0.119*[#  12]+0.018*[#   2]+0.018*[#   4]+0.006*[#   5]+0.006*[#   9]
          
    |psi|^2 = 0.956
==== e(   7) =     2.77778 eV ==== 
     psi = 0.170*[#   6]+0.170*[#  10]+0.133*[#   7]+0.133*[#   8]+0.133*[#  11]
          +0.133*[#  12]+0.052*[#   2]+0.052*[#   4]+0.001*[#   1]+0.001*[#   3]
          
    |psi|^2 = 0.981
==== e(   8) =     3.52912 eV ==== 
     psi = 0.208*[#   7]+0.208*[#   8]+0.208*[#  11]+0.208*[#  12]+0.037*[#   6]
          +0.037*[#  10]+0.020*[#   2]+0.020*[#   4]+0.008*[#   5]+0.008*[#   9]
          +0.001*[#   1]+0.001*[#   3]
    |psi|^2 = 0.965
==== e(   9) =     4.38169 eV ==== 
     psi = 0.230*[#   7]+0.230*[#   8]+0.230*[#  11]+0.230*[#  12]+0.016*[#   6]
          +0.016*[#  10]+0.005*[#   2]+0.005*[#   4]
    |psi|^2 = 0.963
==== e(  10) =     4.83205 eV ==== 
     psi = 0.432*[#   6]+0.432*[#  10]+0.023*[#   7]+0.023*[#   8]+0.023*[#  11]
          +0.023*[#  12]+0.002*[#   2]+0.002*[#   4]
    |psi|^2 = 0.963
==== e(  11) =    16.36434 eV ==== 
     psi = 0.035*[#   2]+0.035*[#   4]+0.012*[#   6]+0.012*[#  10]+0.006*[#   7]
          +0.006*[#   8]+0.006*[#  11]+0.006*[#  12]+0.003*[#   5]+0.003*[#   9]
          
    |psi|^2 = 0.124
==== e(  12) =    16.99642 eV ==== 
     psi = 0.171*[#   2]+0.171*[#   4]+0.036*[#   5]+0.036*[#   9]+0.018*[#   7]
          +0.018*[#   8]+0.018*[#  11]+0.018*[#  12]
    |psi|^2 = 0.488
==== e(  13) =    19.66368 eV ==== 
     psi = 0.063*[#   2]+0.063*[#   4]+0.013*[#   5]+0.013*[#   9]+0.011*[#   7]
          +0.011*[#   8]+0.011*[#  11]+0.011*[#  12]+0.002*[#   6]+0.002*[#  10]
          
    |psi|^2 = 0.199
==== e(  14) =    20.76805 eV ==== 
     psi = 0.054*[#   2]+0.054*[#   4]+0.010*[#   7]+0.010*[#   8]+0.010*[#  11]
          +0.010*[#  12]+0.001*[#   5]+0.001*[#   6]+0.001*[#   9]+0.001*[#  10]
          
    |psi|^2 = 0.154

 k =   0.2000000000  0.4041451884  0.1231998600
==== e(   1) =   -90.49873 eV ==== 
     psi = 0.496*[#   1]+0.496*[#   3]+0.001*[#   7]+0.001*[#   8]+0.001*[#  11]
          +0.001*[#  12]
    |psi|^2 = 1.000
==== e(   2) =   -90.49787 eV ==== 
     psi = 0.494*[#   1]+0.494*[#   3]+0.002*[#   2]+0.002*[#   4]+0.001*[#   6]
          +0.001*[#  10]+0.001*[#   7]+0.001*[#   8]+0.001*[#  11]+0.001*[#  12]
          
    |psi|^2 = 1.000
==== e(   3) =   -10.97434 eV ==== 
     psi = 0.408*[#   5]+0.408*[#   9]+0.084*[#   2]+0.084*[#   4]+0.002*[#   7]
          +0.002*[#   8]+0.002*[#  11]+0.002*[#  12]
    |psi|^2 = 0.995
==== e(   4) =   -10.28003 eV ==== 
     psi = 0.486*[#   5]+0.486*[#   9]+0.007*[#   2]+0.007*[#   4]
    |psi|^2 = 0.990
==== e(   5) =     1.32362 eV ==== 
     psi = 0.170*[#   7]+0.170*[#   8]+0.170*[#  11]+0.170*[#  12]+0.098*[#   6]
          +0.098*[#  10]+0.033*[#   2]+0.033*[#   4]+0.011*[#   5]+0.011*[#   9]
          
    |psi|^2 = 0.966
==== e(   6) =     1.61439 eV ==== 
     psi = 0.152*[#   7]+0.152*[#   8]+0.152*[#  11]+0.152*[#  12]+0.133*[#   6]
          +0.133*[#  10]+0.035*[#   2]+0.035*[#   4]+0.011*[#   5]+0.011*[#   9]
          
    |psi|^2 = 0.968
==== e(   7) =     3.06330 eV ==== 
     psi = 0.198*[#   6]+0.198*[#  10]+0.128*[#   7]+0.128*[#   8]+0.128*[#  11]
          +0.128*[#  12]+0.025*[#   2]+0.025*[#   4]+0.001*[#   5]+0.001*[#   9]
          
    |psi|^2 = 0.964
==== e(   8) =     3.38285 eV ==== 
     psi = 0.182*[#   7]+0.182*[#   8]+0.182*[#  11]+0.182*[#  12]+0.091*[#   6]
          +0.091*[#  10]+0.020*[#   2]+0.020*[#   4]+0.005*[#   5]+0.005*[#   9]
          
    |psi|^2 = 0.963
==== e(   9) =     4.24906 eV ==== 
     psi = 0.224*[#   7]+0.224*[#   8]+0.224*[#  11]+0.224*[#  12]+0.024*[#   6]
          +0.024*[#  10]+0.006*[#   2]+0.006*[#   4]
    |psi|^2 = 0.960
==== e(  10) =     4.96411 eV ==== 
     psi = 0.383*[#   6]+0.383*[#  10]+0.049*[#   7]+0.049*[#   8]+0.049*[#  11]
          +0.049*[#  12]+0.001*[#   2]+0.001*[#   4]
    |psi|^2 = 0.965
==== e(  11) =    16.38154 eV ==== 
     psi = 0.061*[#   2]+0.061*[#   4]+0.010*[#   6]+0.010*[#  10]+0.009*[#   5]
          +0.009*[#   9]+0.008*[#   7]+0.008*[#   8]+0.008*[#  11]+0.008*[#  12]
          
    |psi|^2 = 0.194
==== e(  12) =    16.80729 eV ==== 
     psi = 0.140*[#   2]+0.140*[#   4]+0.027*[#   5]+0.027*[#   9]+0.014*[#   7]
          +0.014*[#   8]+0.014*[#  11]+0.014*[#  12]+0.004*[#   6]+0.004*[#  10]
          
    |psi|^2 = 0.398
==== e(  13) =    19.52649 eV ==== 
     psi = 0.044*[#   2]+0.044*[#   4]+0.009*[#   7]+0.009*[#   8]+0.009*[#  11]
          +0.009*[#  12]+0.009*[#   5]+0.009*[#   9]
    |psi|^2 = 0.146
==== e(  14) =    20.41723 eV ==== 
     psi = 0.034*[#   2]+0.034*[#   4]+0.008*[#   7]+0.008*[#   8]+0.008*[#  11]
          +0.008*[#  12]+0.002*[#   5]+0.002*[#   9]+0.002*[#   6]+0.002*[#  10]
          
    |psi|^2 = 0.108

 k =   0.2000000000  0.4041451884  0.1847997900
==== e(   1) =   -90.49861 eV ==== 
     psi = 0.496*[#   1]+0.496*[#   3]+0.001*[#   7]+0.001*[#   8]+0.001*[#  11]
          +0.001*[#  12]
    |psi|^2 = 1.000
==== e(   2) =   -90.49798 eV ==== 
     psi = 0.494*[#   1]+0.494*[#   3]+0.002*[#   2]+0.002*[#   4]+0.001*[#   6]
          +0.001*[#   7]+0.001*[#   8]+0.001*[#  10]+0.001*[#  11]+0.001*[#  12]
          
    |psi|^2 = 1.000
==== e(   3) =   -10.88702 eV ==== 
     psi = 0.420*[#   5]+0.420*[#   9]+0.073*[#   2]+0.073*[#   4]+0.002*[#   7]
          +0.002*[#   8]+0.002*[#  11]+0.002*[#  12]
    |psi|^2 = 0.994
==== e(   4) =   -10.38340 eV ==== 
     psi = 0.477*[#   5]+0.477*[#   9]+0.016*[#   2]+0.016*[#   4]+0.001*[#   6]
          +0.001*[#  10]
    |psi|^2 = 0.990
==== e(   5) =     1.32922 eV ==== 
     psi = 0.155*[#   7]+0.155*[#   8]+0.155*[#  11]+0.155*[#  12]+0.119*[#   6]
          +0.119*[#  10]+0.047*[#   2]+0.047*[#   4]+0.010*[#   5]+0.010*[#   9]
          +0.001*[#   1]+0.001*[#   3]
    |psi|^2 = 0.974
==== e(   6) =     1.57642 eV ==== 
     psi = 0.171*[#   7]+0.171*[#   8]+0.171*[#  11]+0.171*[#  12]+0.086*[#   6]
          +0.086*[#  10]+0.043*[#   2]+0.043*[#   4]+0.016*[#   5]+0.016*[#   9]
          +0.001*[#   1]+0.001*[#   3]
    |psi|^2 = 0.974
==== e(   7) =     3.14820 eV ==== 
     psi = 0.173*[#   7]+0.173*[#   8]+0.173*[#  11]+0.173*[#  12]+0.117*[#   6]
          +0.117*[#  10]+0.012*[#   2]+0.012*[#   4]+0.002*[#   5]+0.002*[#   9]
          
    |psi|^2 = 0.955
==== e(   8) =     3.45961 eV ==== 
     psi = 0.178*[#   6]+0.178*[#  10]+0.145*[#   7]+0.145*[#   8]+0.145*[#  11]
          +0.145*[#  12]+0.009*[#   2]+0.009*[#   4]+0.001*[#   5]+0.001*[#   9]
          
    |psi|^2 = 0.955
==== e(   9) =     4.16281 eV ==== 
     psi = 0.195*[#   7]+0.195*[#   8]+0.195*[#  11]+0.195*[#  12]+0.079*[#   6]
          +0.079*[#  10]+0.010*[#   2]+0.010*[#   4]
    |psi|^2 = 0.959
==== e(  10) =     5.01765 eV ==== 
     psi = 0.344*[#   6]+0.344*[#  10]+0.069*[#   7]+0.069*[#   8]+0.069*[#  11]
          +0.069*[#  12]
    |psi|^2 = 0.966
==== e(  11) =    16.31757 eV ==== 
     psi = 0.103*[#   2]+0.103*[#   4]+0.018*[#   5]+0.018*[#   9]+0.010*[#   7]
          +0.010*[#   8]+0.010*[#  11]+0.010*[#  12]+0.007*[#   6]+0.007*[#  10]
          
    |psi|^2 = 0.295
==== e(  12) =    16.63140 eV ==== 
     psi = 0.092*[#   2]+0.092*[#   4]+0.014*[#   5]+0.014*[#   9]+0.010*[#   7]
          +0.010*[#   8]+0.010*[#  11]+0.010*[#  12]+0.009*[#   6]+0.009*[#  10]
          
    |psi|^2 = 0.270
==== e(  13) =    19.47532 eV ==== 
     psi = 0.037*[#   2]+0.037*[#   4]+0.009*[#   7]+0.009*[#   8]+0.009*[#  11]
          +0.009*[#  12]+0.007*[#   5]+0.007*[#   9]
    |psi|^2 = 0.125
==== e(  14) =    20.06830 eV ==== 
     psi = 0.031*[#   2]+0.031*[#   4]+0.008*[#   7]+0.008*[#   8]+0.008*[#  11]
          +0.008*[#  12]+0.003*[#   5]+0.003*[#   9]+0.001*[#   6]+0.001*[#  10]
          
    |psi|^2 = 0.102

 k =   0.2000000000  0.4041451884  0.2463997200
==== e(   1) =   -90.49846 eV ==== 
     psi = 0.496*[#   1]+0.496*[#   3]+0.001*[#   7]+0.001*[#   8]+0.001*[#  11]
          +0.001*[#  12]
    |psi|^2 = 1.000
==== e(   2) =   -90.49813 eV ==== 
     psi = 0.495*[#   1]+0.495*[#   3]+0.001*[#   2]+0.001*[#   4]+0.001*[#   6]
          +0.001*[#   7]+0.001*[#   8]+0.001*[#  10]+0.001*[#  11]+0.001*[#  12]
          
    |psi|^2 = 1.000
==== e(   3) =   -10.77388 eV ==== 
     psi = 0.434*[#   5]+0.434*[#   9]+0.058*[#   2]+0.058*[#   4]+0.002*[#   7]
          +0.002*[#   8]+0.002*[#  11]+0.002*[#  12]+0.001*[#   6]+0.001*[#  10]
          
    |psi|^2 = 0.993
==== e(   4) =   -10.50946 eV ==== 
     psi = 0.464*[#   5]+0.464*[#   9]+0.028*[#   2]+0.028*[#   4]+0.001*[#   6]
          +0.001*[#  10]
    |psi|^2 = 0.991
==== e(   5) =     1.36902 eV ==== 
     psi = 0.154*[#   7]+0.154*[#   8]+0.154*[#  11]+0.154*[#  12]+0.115*[#   6]
          +0.115*[#  10]+0.054*[#   2]+0.054*[#   4]+0.011*[#   5]+0.011*[#   9]
          +0.001*[#   1]+0.001*[#   3]
    |psi|^2 = 0.980
==== e(   6) =     1.52184 eV ==== 
     psi = 0.169*[#   7]+0.169*[#   8]+0.169*[#  11]+0.169*[#  12]+0.083*[#   6]
          +0.083*[#  10]+0.050*[#   2]+0.050*[#   4]+0.017*[#   5]+0.017*[#   9]
          +0.001*[#   1]+0.001*[#   3]
    |psi|^2 = 0.978
==== e(   7) =     3.16048 eV ==== 
     psi = 0.185*[#   7]+0.185*[#   8]+0.185*[#  11]+0.185*[#  12]+0.097*[#   6]
          +0.097*[#  10]+0.008*[#   2]+0.008*[#   4]
    |psi|^2 = 0.952
==== e(   8) =     3.44150 eV ==== 
     psi = 0.181*[#   7]+0.181*[#   8]+0.181*[#  11]+0.181*[#  12]+0.111*[#   6]
          +0.111*[#  10]+0.002*[#   2]+0.002*[#   4]
    |psi|^2 = 0.950
==== e(   9) =     4.35550 eV ==== 
     psi = 0.203*[#   6]+0.203*[#  10]+0.134*[#   7]+0.134*[#   8]+0.134*[#  11]
          +0.134*[#  12]+0.007*[#   2]+0.007*[#   4]
    |psi|^2 = 0.958
==== e(  10) =     4.92407 eV ==== 
     psi = 0.310*[#   6]+0.310*[#  10]+0.086*[#   7]+0.086*[#   8]+0.086*[#  11]
          +0.086*[#  12]
    |psi|^2 = 0.964
==== e(  11) =    16.25950 eV ==== 
     psi = 0.109*[#   2]+0.109*[#   4]+0.018*[#   5]+0.018*[#   9]+0.009*[#   7]
          +0.009*[#   8]+0.009*[#  11]+0.009*[#  12]+0.007*[#   6]+0.007*[#  10]
          
    |psi|^2 = 0.306
==== e(  12) =    16.46723 eV ==== 
     psi = 0.082*[#   2]+0.082*[#   4]+0.011*[#   6]+0.011*[#  10]+0.010*[#   5]
          +0.010*[#   9]+0.008*[#   7]+0.008*[#   8]+0.008*[#  11]+0.008*[#  12]
          
    |psi|^2 = 0.239
==== e(  13) =    19.52089 eV ==== 
     psi = 0.036*[#   2]+0.036*[#   4]+0.009*[#   7]+0.009*[#   8]+0.009*[#  11]
          +0.009*[#  12]+0.005*[#   5]+0.005*[#   9]
    |psi|^2 = 0.121
==== e(  14) =    19.81110 eV ==== 
     psi = 0.034*[#   2]+0.034*[#   4]+0.009*[#   7]+0.009*[#   8]+0.009*[#  11]
          +0.009*[#  12]+0.004*[#   5]+0.004*[#   9]
    |psi|^2 = 0.112

 k =   0.2000000000  0.4041451884 -0.3079996500
==== e(   1) =   -90.49830 eV ==== 
     psi = 0.495*[#   1]+0.495*[#   3]+0.001*[#   7]+0.001*[#   8]+0.001*[#  11]
          +0.001*[#  12]+0.001*[#   6]+0.001*[#  10]
    |psi|^2 = 1.000
==== e(   2) =   -90.49829 eV ==== 
     psi = 0.495*[#   1]+0.495*[#   3]+0.001*[#   7]+0.001*[#   8]+0.001*[#  11]
          +0.001*[#  12]+0.001*[#   6]+0.001*[#  10]
    |psi|^2 = 1.000
==== e(   3) =   -10.64413 eV ==== 
     psi = 0.449*[#   5]+0.449*[#   9]+0.043*[#   2]+0.043*[#   4]+0.001*[#   6]
          +0.001*[#  10]+0.001*[#   7]+0.001*[#   8]+0.001*[#  11]+0.001*[#  12]
          
    |psi|^2 = 0.992
==== e(   4) =   -10.64413 eV ==== 
     psi = 0.449*[#   5]+0.449*[#   9]+0.043*[#   2]+0.043*[#   4]+0.001*[#   6]
          +0.001*[#  10]+0.001*[#   7]+0.001*[#   8]+0.001*[#  11]+0.001*[#  12]
          
    |psi|^2 = 0.992
==== e(   5) =     1.44250 eV ==== 
     psi = 0.161*[#   7]+0.161*[#   8]+0.161*[#  11]+0.161*[#  12]+0.098*[#   6]
          +0.098*[#  10]+0.055*[#   2]+0.055*[#   4]+0.015*[#   5]+0.015*[#   9]
          +0.001*[#   1]+0.001*[#   3]
    |psi|^2 = 0.981
==== e(   6) =     1.44250 eV ==== 
     psi = 0.161*[#   7]+0.161*[#   8]+0.161*[#  11]+0.161*[#  12]+0.098*[#   6]
          +0.098*[#  10]+0.055*[#   2]+0.055*[#   4]+0.015*[#   5]+0.015*[#   9]
          +0.001*[#   1]+0.001*[#   3]
    |psi|^2 = 0.981
==== e(   7) =     3.27893 eV ==== 
     psi = 0.190*[#   7]+0.190*[#   8]+0.190*[#  11]+0.190*[#  12]+0.090*[#   6]
          +0.090*[#  10]+0.004*[#   2]+0.004*[#   4]
    |psi|^2 = 0.949
==== e(   8) =     3.27893 eV ==== 
     psi = 0.190*[#   7]+0.190*[#   8]+0.190*[#  11]+0.190*[#  12]+0.090*[#   6]
          +0.090*[#  10]+0.004*[#   2]+0.004*[#   4]
    |psi|^2 = 0.949
==== e(   9) =     4.67974 eV ==== 
     psi = 0.269*[#   6]+0.269*[#  10]+0.104*[#   7]+0.104*[#   8]+0.104*[#  11]
          +0.104*[#  12]+0.002*[#   2]+0.002*[#   4]
    |psi|^2 = 0.960
==== e(  10) =     4.67974 eV ==== 
     psi = 0.269*[#   6]+0.269*[#  10]+0.104*[#   7]+0.104*[#   8]+0.104*[#  11]
          +0.104*[#  12]+0.002*[#   2]+0.002*[#   4]
    |psi|^2 = 0.960
==== e(  11) =    16.31714 eV ==== 
     psi = 0.095*[#   2]+0.095*[#   4]+0.013*[#   5]+0.013*[#   9]+0.010*[#   6]
          +0.010*[#  10]+0.008*[#   7]+0.008*[#   8]+0.008*[#  11]+0.008*[#  12]
          
    |psi|^2 = 0.269
==== e(  12) =    16.31714 eV ==== 
     psi = 0.095*[#   2]+0.095*[#   4]+0.013*[#   5]+0.013*[#   9]+0.010*[#   6]
          +0.010*[#  10]+0.008*[#   7]+0.008*[#   8]+0.008*[#  11]+0.008*[#  12]
          
    |psi|^2 = 0.269
==== e(  13) =    19.63611 eV ==== 
     psi = 0.036*[#   2]+0.036*[#   4]+0.009*[#   7]+0.009*[#   8]+0.009*[#  11]
          +0.009*[#  12]+0.005*[#   5]+0.005*[#   9]
    |psi|^2 = 0.120
==== e(  14) =    19.63612 eV ==== 
     psi = 0.036*[#   2]+0.036*[#   4]+0.009*[#   7]+0.009*[#   8]+0.009*[#  11]
          +0.009*[#  12]+0.005*[#   5]+0.005*[#   9]
    |psi|^2 = 0.120

 k =   0.2000000000  0.4618802154  0.0000000000
==== e(   1) =   -90.49857 eV ==== 
     psi = 0.496*[#   1]+0.496*[#   3]+0.001*[#   7]+0.001*[#   8]+0.001*[#  11]
          +0.001*[#  12]
    |psi|^2 = 1.000
==== e(   2) =   -90.49775 eV ==== 
     psi = 0.494*[#   1]+0.494*[#   3]+0.002*[#   2]+0.002*[#   4]+0.001*[#   7]
          +0.001*[#   8]+0.001*[#  11]+0.001*[#  12]+0.001*[#   6]+0.001*[#  10]
          
    |psi|^2 = 1.000
==== e(   3) =   -10.82950 eV ==== 
     psi = 0.423*[#   5]+0.423*[#   9]+0.070*[#   2]+0.070*[#   4]+0.002*[#   7]
          +0.002*[#   8]+0.002*[#  11]+0.002*[#  12]
    |psi|^2 = 0.995
==== e(   4) =   -10.18639 eV ==== 
     psi = 0.493*[#   5]+0.493*[#   9]
    |psi|^2 = 0.989
==== e(   5) =     0.94572 eV ==== 
     psi = 0.215*[#   7]+0.215*[#   8]+0.215*[#  11]+0.215*[#  12]+0.022*[#   2]
          +0.022*[#   4]+0.016*[#   6]+0.016*[#  10]+0.011*[#   5]+0.011*[#   9]
          
    |psi|^2 = 0.958
==== e(   6) =     1.94860 eV ==== 
     psi = 0.187*[#   6]+0.187*[#  10]+0.139*[#   7]+0.139*[#   8]+0.139*[#  11]
          +0.139*[#  12]+0.008*[#   2]+0.008*[#   4]+0.002*[#   5]+0.002*[#   9]
          
    |psi|^2 = 0.951
==== e(   7) =     2.71085 eV ==== 
     psi = 0.217*[#   6]+0.217*[#  10]+0.109*[#   7]+0.109*[#   8]+0.109*[#  11]
          +0.109*[#  12]+0.052*[#   2]+0.052*[#   4]+0.002*[#   5]+0.002*[#   9]
          +0.001*[#   1]+0.001*[#   3]
    |psi|^2 = 0.980
==== e(   8) =     3.30207 eV ==== 
     psi = 0.204*[#   7]+0.204*[#   8]+0.204*[#  11]+0.204*[#  12]+0.038*[#   6]
          +0.038*[#  10]+0.030*[#   2]+0.030*[#   4]+0.007*[#   5]+0.007*[#   9]
          
    |psi|^2 = 0.971
==== e(   9) =     4.21753 eV ==== 
     psi = 0.200*[#   7]+0.200*[#   8]+0.200*[#  11]+0.200*[#  12]+0.073*[#   6]
          +0.073*[#  10]+0.005*[#   2]+0.005*[#   4]+0.001*[#   5]+0.001*[#   9]
          
    |psi|^2 = 0.960
==== e(  10) =     4.49633 eV ==== 
     psi = 0.403*[#   6]+0.403*[#  10]+0.036*[#   7]+0.036*[#   8]+0.036*[#  11]
          +0.036*[#  12]+0.006*[#   2]+0.006*[#   4]
    |psi|^2 = 0.964
==== e(  11) =    15.91852 eV ==== 
     psi = 0.014*[#   2]+0.014*[#   4]+0.010*[#   6]+0.010*[#  10]+0.005*[#   7]
          +0.005*[#   8]+0.005*[#  11]+0.005*[#  12]
    |psi|^2 = 0.068
==== e(  12) =    17.53235 eV ==== 
     psi = 0.120*[#   2]+0.120*[#   4]+0.020*[#   5]+0.020*[#   9]+0.014*[#   7]
          +0.014*[#   8]+0.014*[#  11]+0.014*[#  12]
    |psi|^2 = 0.337
==== e(  13) =    19.60243 eV ==== 
     psi = 0.119*[#   2]+0.119*[#   4]+0.018*[#   5]+0.018*[#   9]+0.014*[#   7]
          +0.014*[#   8]+0.014*[#  11]+0.014*[#  12]+0.003*[#   6]+0.003*[#  10]
          
    |psi|^2 = 0.336
==== e(  14) =    20.94837 eV ==== 
     psi = 0.066*[#   2]+0.066*[#   4]+0.013*[#   7]+0.013*[#   8]+0.013*[#  11]
          +0.013*[#  12]+0.003*[#   6]+0.003*[#  10]
    |psi|^2 = 0.191

 k =   0.2000000000  0.4618802154  0.0615999300
==== e(   1) =   -90.49855 eV ==== 
     psi = 0.496*[#   1]+0.496*[#   3]+0.001*[#   7]+0.001*[#   8]+0.001*[#  11]
          +0.001*[#  12]
    |psi|^2 = 1.000
==== e(   2) =   -90.49777 eV ==== 
     psi = 0.494*[#   1]+0.494*[#   3]+0.002*[#   2]+0.002*[#   4]+0.001*[#   7]
          +0.001*[#   8]+0.001*[#  11]+0.001*[#  12]+0.001*[#   6]+0.001*[#  10]
          
    |psi|^2 = 1.000
==== e(   3) =   -10.81496 eV ==== 
     psi = 0.425*[#   5]+0.425*[#   9]+0.068*[#   2]+0.068*[#   4]+0.002*[#   7]
          +0.002*[#   8]+0.002*[#  11]+0.002*[#  12]
    |psi|^2 = 0.994
==== e(   4) =   -10.20344 eV ==== 
     psi = 0.492*[#   5]+0.492*[#   9]+0.001*[#   2]+0.001*[#   4]
    |psi|^2 = 0.989
==== e(   5) =     0.95642 eV ==== 
     psi = 0.211*[#   7]+0.211*[#   8]+0.211*[#  11]+0.211*[#  12]+0.024*[#   2]
          +0.024*[#   4]+0.023*[#   6]+0.023*[#  10]+0.010*[#   5]+0.010*[#   9]
          
    |psi|^2 = 0.960
==== e(   6) =     1.86141 eV ==== 
     psi = 0.167*[#   6]+0.167*[#  10]+0.143*[#   7]+0.143*[#   8]+0.143*[#  11]
          +0.143*[#  12]+0.023*[#   2]+0.023*[#   4]+0.003*[#   5]+0.003*[#   9]
          
    |psi|^2 = 0.960
==== e(   7) =     2.81009 eV ==== 
     psi = 0.202*[#   6]+0.202*[#  10]+0.122*[#   7]+0.122*[#   8]+0.122*[#  11]
          +0.122*[#  12]+0.033*[#   2]+0.033*[#   4]+0.003*[#   5]+0.003*[#   9]
          
    |psi|^2 = 0.968
==== e(   8) =     3.27092 eV ==== 
     psi = 0.177*[#   7]+0.177*[#   8]+0.177*[#  11]+0.177*[#  12]+0.093*[#   6]
          +0.093*[#  10]+0.032*[#   2]+0.032*[#   4]+0.005*[#   5]+0.005*[#   9]
          
    |psi|^2 = 0.970
==== e(   9) =     4.16303 eV ==== 
     psi = 0.209*[#   7]+0.209*[#   8]+0.209*[#  11]+0.209*[#  12]+0.055*[#   6]
          +0.055*[#  10]+0.007*[#   2]+0.007*[#   4]+0.001*[#   5]+0.001*[#   9]
          
    |psi|^2 = 0.962
==== e(  10) =     4.59168 eV ==== 
     psi = 0.395*[#   6]+0.395*[#  10]+0.040*[#   7]+0.040*[#   8]+0.040*[#  11]
          +0.040*[#  12]+0.005*[#   2]+0.005*[#   4]
    |psi|^2 = 0.963
==== e(  11) =    15.96651 eV ==== 
     psi = 0.017*[#   2]+0.017*[#   4]+0.009*[#   6]+0.009*[#  10]+0.005*[#   7]
          +0.005*[#   8]+0.005*[#  11]+0.005*[#  12]+0.001*[#   5]+0.001*[#   9]
          
    |psi|^2 = 0.078
==== e(  12) =    17.44363 eV ==== 
     psi = 0.118*[#   2]+0.118*[#   4]+0.019*[#   5]+0.019*[#   9]+0.014*[#   7]
          +0.014*[#   8]+0.014*[#  11]+0.014*[#  12]
    |psi|^2 = 0.331
==== e(  13) =    19.49611 eV ==== 
     psi = 0.099*[#   2]+0.099*[#   4]+0.015*[#   5]+0.015*[#   9]+0.012*[#   7]
          +0.012*[#   8]+0.012*[#  11]+0.012*[#  12]+0.002*[#   6]+0.002*[#  10]
          
    |psi|^2 = 0.281
==== e(  14) =    20.78032 eV ==== 
     psi = 0.047*[#   2]+0.047*[#   4]+0.011*[#   7]+0.011*[#   8]+0.011*[#  11]
          +0.011*[#  12]+0.003*[#   6]+0.003*[#  10]
    |psi|^2 = 0.146

 k =   0.2000000000  0.4618802154  0.1231998600
==== e(   1) =   -90.49849 eV ==== 
     psi = 0.496*[#   1]+0.496*[#   3]+0.001*[#   7]+0.001*[#   8]+0.001*[#  11]
          +0.001*[#  12]
    |psi|^2 = 1.000
==== e(   2) =   -90.49783 eV ==== 
     psi = 0.494*[#   1]+0.494*[#   3]+0.002*[#   2]+0.002*[#   4]+0.001*[#   7]
          +0.001*[#   8]+0.001*[#  11]+0.001*[#  12]+0.001*[#   6]+0.001*[#  10]
          
    |psi|^2 = 1.000
==== e(   3) =   -10.77246 eV ==== 
     psi = 0.432*[#   5]+0.432*[#   9]+0.061*[#   2]+0.061*[#   4]+0.002*[#   7]
          +0.002*[#   8]+0.002*[#  11]+0.002*[#  12]
    |psi|^2 = 0.994
==== e(   4) =   -10.25251 eV ==== 
     psi = 0.490*[#   5]+0.490*[#   9]+0.004*[#   2]+0.004*[#   4]
    |psi|^2 = 0.989
==== e(   5) =     0.98744 eV ==== 
     psi = 0.201*[#   7]+0.201*[#   8]+0.201*[#  11]+0.201*[#  12]+0.040*[#   6]
          +0.040*[#  10]+0.032*[#   2]+0.032*[#   4]+0.009*[#   5]+0.009*[#   9]
          
    |psi|^2 = 0.964
==== e(   6) =     1.70644 eV ==== 
     psi = 0.155*[#   7]+0.155*[#   8]+0.155*[#  11]+0.155*[#  12]+0.130*[#   6]
          +0.130*[#  10]+0.040*[#   2]+0.040*[#   4]+0.005*[#   5]+0.005*[#   9]
          
    |psi|^2 = 0.971
==== e(   7) =     2.84298 eV ==== 
     psi = 0.161*[#   7]+0.161*[#   8]+0.161*[#  11]+0.161*[#  12]+0.135*[#   6]
          +0.135*[#  10]+0.018*[#   2]+0.018*[#   4]+0.003*[#   5]+0.003*[#   9]
          
    |psi|^2 = 0.959
==== e(   8) =     3.38309 eV ==== 
     psi = 0.196*[#   6]+0.196*[#  10]+0.131*[#   7]+0.131*[#   8]+0.131*[#  11]
          +0.131*[#  12]+0.022*[#   2]+0.022*[#   4]+0.002*[#   5]+0.002*[#   9]
          
    |psi|^2 = 0.963
==== e(   9) =     4.04488 eV ==== 
     psi = 0.203*[#   7]+0.203*[#   8]+0.203*[#  11]+0.203*[#  12]+0.063*[#   6]
          +0.063*[#  10]+0.011*[#   2]+0.011*[#   4]+0.001*[#   5]+0.001*[#   9]
          
    |psi|^2 = 0.963
==== e(  10) =     4.77663 eV ==== 
     psi = 0.369*[#   6]+0.369*[#  10]+0.054*[#   7]+0.054*[#   8]+0.054*[#  11]
          +0.054*[#  12]+0.003*[#   2]+0.003*[#   4]
    |psi|^2 = 0.963
==== e(  11) =    16.06970 eV ==== 
     psi = 0.028*[#   2]+0.028*[#   4]+0.008*[#   6]+0.008*[#  10]+0.007*[#   7]
          +0.007*[#   8]+0.007*[#  11]+0.007*[#  12]+0.003*[#   5]+0.003*[#   9]
          
    |psi|^2 = 0.106
==== e(  12) =    17.20866 eV ==== 
     psi = 0.105*[#   2]+0.105*[#   4]+0.017*[#   5]+0.017*[#   9]+0.012*[#   7]
          +0.012*[#   8]+0.012*[#  11]+0.012*[#  12]+0.001*[#   6]+0.001*[#  10]
          
    |psi|^2 = 0.295
==== e(  13) =    19.33500 eV ==== 
     psi = 0.068*[#   2]+0.068*[#   4]+0.011*[#   5]+0.011*[#   9]+0.010*[#   7]
          +0.010*[#   8]+0.010*[#  11]+0.010*[#  12]
    |psi|^2 = 0.199
==== e(  14) =    20.39543 eV ==== 
     psi = 0.021*[#   2]+0.021*[#   4]+0.009*[#   7]+0.009*[#   8]+0.009*[#  11]
          +0.009*[#  12]+0.003*[#   6]+0.003*[#  10]
    |psi|^2 = 0.084

 k =   0.2000000000  0.4618802154  0.1847997900
==== e(   1) =   -90.49840 eV ==== 
     psi = 0.496*[#   1]+0.496*[#   3]+0.001*[#   7]+0.001*[#   8]+0.001*[#  11]
          +0.001*[#  12]
    |psi|^2 = 1.000
==== e(   2) =   -90.49792 eV ==== 
     psi = 0.494*[#   1]+0.494*[#   3]+0.002*[#   2]+0.002*[#   4]+0.001*[#   7]
          +0.001*[#   8]+0.001*[#  11]+0.001*[#  12]+0.001*[#   6]+0.001*[#  10]
          
    |psi|^2 = 1.000
==== e(   3) =   -10.70531 eV ==== 
     psi = 0.441*[#   5]+0.441*[#   9]+0.051*[#   2]+0.051*[#   4]+0.001*[#   7]
          +0.001*[#   8]+0.001*[#  11]+0.001*[#  12]
    |psi|^2 = 0.993
==== e(   4) =   -10.32777 eV ==== 
     psi = 0.484*[#   5]+0.484*[#   9]+0.009*[#   2]+0.009*[#   4]
    |psi|^2 = 0.989
==== e(   5) =     1.04063 eV ==== 
     psi = 0.188*[#   7]+0.188*[#   8]+0.188*[#  11]+0.188*[#  12]+0.060*[#   6]
          +0.060*[#  10]+0.042*[#   2]+0.042*[#   4]+0.007*[#   5]+0.007*[#   9]
          
    |psi|^2 = 0.970
==== e(   6) =     1.55255 eV ==== 
     psi = 0.164*[#   7]+0.164*[#   8]+0.164*[#  11]+0.164*[#  12]+0.101*[#   6]
          +0.101*[#  10]+0.050*[#   2]+0.050*[#   4]+0.007*[#   5]+0.007*[#   9]
          +0.001*[#   1]+0.001*[#   3]
    |psi|^2 = 0.977
==== e(   7) =     2.79539 eV ==== 
     psi = 0.173*[#   7]+0.173*[#   8]+0.173*[#  11]+0.173*[#  12]+0.114*[#   6]
          +0.114*[#  10]+0.016*[#   2]+0.016*[#   4]+0.002*[#   5]+0.002*[#   9]
          
    |psi|^2 = 0.956
==== e(   8) =     3.46133 eV ==== 
     psi = 0.170*[#   7]+0.170*[#   8]+0.170*[#  11]+0.170*[#  12]+0.129*[#   6]
          +0.129*[#  10]+0.005*[#   2]+0.005*[#   4]+0.001*[#   5]+0.001*[#   9]
          
    |psi|^2 = 0.952
==== e(   9) =     4.09907 eV ==== 
     psi = 0.182*[#   6]+0.182*[#  10]+0.142*[#   7]+0.142*[#   8]+0.142*[#  11]
          +0.142*[#  12]+0.014*[#   2]+0.014*[#   4]+0.001*[#   5]+0.001*[#   9]
          
    |psi|^2 = 0.963
==== e(  10) =     4.90664 eV ==== 
     psi = 0.344*[#   6]+0.344*[#  10]+0.068*[#   7]+0.068*[#   8]+0.068*[#  11]
          +0.068*[#  12]
    |psi|^2 = 0.964
==== e(  11) =    16.15406 eV ==== 
     psi = 0.044*[#   2]+0.044*[#   4]+0.007*[#   7]+0.007*[#   8]+0.007*[#  11]
          +0.007*[#  12]+0.006*[#   5]+0.006*[#   9]+0.006*[#   6]+0.006*[#  10]
          
    |psi|^2 = 0.144
==== e(  12) =    16.91057 eV ==== 
     psi = 0.081*[#   2]+0.081*[#   4]+0.012*[#   5]+0.012*[#   9]+0.009*[#   7]
          +0.009*[#   8]+0.009*[#  11]+0.009*[#  12]+0.003*[#   6]+0.003*[#  10]
          
    |psi|^2 = 0.230
==== e(  13) =    19.28494 eV ==== 
     psi = 0.049*[#   2]+0.049*[#   4]+0.009*[#   7]+0.009*[#   8]+0.009*[#  11]
          +0.009*[#  12]+0.007*[#   5]+0.007*[#   9]
    |psi|^2 = 0.150
==== e(  14) =    20.01532 eV ==== 
     psi = 0.012*[#   2]+0.012*[#   4]+0.008*[#   7]+0.008*[#   8]+0.008*[#  11]
          +0.008*[#  12]+0.002*[#   6]+0.002*[#  10]
    |psi|^2 = 0.062

 k =   0.2000000000  0.4618802154  0.2463997200
==== e(   1) =   -90.49828 eV ==== 
     psi = 0.495*[#   1]+0.495*[#   3]+0.001*[#   7]+0.001*[#   8]+0.001*[#  11]
          +0.001*[#  12]
    |psi|^2 = 1.000
==== e(   2) =   -90.49803 eV ==== 
     psi = 0.494*[#   1]+0.494*[#   3]+0.002*[#   2]+0.002*[#   4]+0.001*[#   7]
          +0.001*[#   8]+0.001*[#  11]+0.001*[#  12]+0.001*[#   6]+0.001*[#  10]
          
    |psi|^2 = 1.000
==== e(   3) =   -10.61902 eV ==== 
     psi = 0.453*[#   5]+0.453*[#   9]+0.040*[#   2]+0.040*[#   4]+0.001*[#   7]
          +0.001*[#   8]+0.001*[#  11]+0.001*[#  12]
    |psi|^2 = 0.992
==== e(   4) =   -10.42062 eV ==== 
     psi = 0.476*[#   5]+0.476*[#   9]+0.017*[#   2]+0.017*[#   4]
    |psi|^2 = 0.990
==== e(   5) =     1.12489 eV ==== 
     psi = 0.177*[#   7]+0.177*[#   8]+0.177*[#  11]+0.177*[#  12]+0.075*[#   6]
          +0.075*[#  10]+0.050*[#   2]+0.050*[#   4]+0.007*[#   5]+0.007*[#   9]
          +0.001*[#   1]+0.001*[#   3]
    |psi|^2 = 0.975
==== e(   6) =     1.39595 eV ==== 
     psi = 0.169*[#   7]+0.169*[#   8]+0.169*[#  11]+0.169*[#  12]+0.088*[#   6]
          +0.088*[#  10]+0.054*[#   2]+0.054*[#   4]+0.008*[#   5]+0.008*[#   9]
          +0.001*[#   1]+0.001*[#   3]
    |psi|^2 = 0.979
==== e(   7) =     2.85190 eV ==== 
     psi = 0.183*[#   7]+0.183*[#   8]+0.183*[#  11]+0.183*[#  12]+0.097*[#   6]
          +0.097*[#  10]+0.012*[#   2]+0.012*[#   4]
    |psi|^2 = 0.953
==== e(   8) =     3.26484 eV ==== 
     psi = 0.193*[#   7]+0.193*[#   8]+0.193*[#  11]+0.193*[#  12]+0.082*[#   6]
          +0.082*[#  10]+0.006*[#   2]+0.006*[#   4]+0.001*[#   5]+0.001*[#   9]
          
    |psi|^2 = 0.951
==== e(   9) =     4.41737 eV ==== 
     psi = 0.263*[#   6]+0.263*[#  10]+0.105*[#   7]+0.105*[#   8]+0.105*[#  11]
          +0.105*[#  12]+0.007*[#   2]+0.007*[#   4]
    |psi|^2 = 0.960
==== e(  10) =     4.89699 eV ==== 
     psi = 0.322*[#   6]+0.322*[#  10]+0.080*[#   7]+0.080*[#   8]+0.080*[#  11]
          +0.080*[#  12]
    |psi|^2 = 0.964
==== e(  11) =    16.22761 eV ==== 
     psi = 0.055*[#   2]+0.055*[#   4]+0.008*[#   5]+0.008*[#   9]+0.007*[#   7]
          +0.007*[#   8]+0.007*[#  11]+0.007*[#  12]+0.005*[#   6]+0.005*[#  10]
          
    |psi|^2 = 0.166
==== e(  12) =    16.61596 eV ==== 
     psi = 0.062*[#   2]+0.062*[#   4]+0.009*[#   5]+0.009*[#   9]+0.008*[#   7]
          +0.008*[#   8]+0.008*[#  11]+0.008*[#  12]+0.005*[#   6]+0.005*[#  10]
          
    |psi|^2 = 0.182
==== e(  13) =    19.36631 eV ==== 
     psi = 0.037*[#   2]+0.037*[#   4]+0.009*[#   7]+0.009*[#   8]+0.009*[#  11]
          +0.009*[#  12]+0.005*[#   5]+0.005*[#   9]
    |psi|^2 = 0.120
==== e(  14) =    19.73485 eV ==== 
     psi = 0.017*[#   2]+0.017*[#   4]+0.008*[#   7]+0.008*[#   8]+0.008*[#  11]
          +0.008*[#  12]+0.002*[#   5]+0.002*[#   6]+0.002*[#   9]+0.002*[#  10]
          
    |psi|^2 = 0.073

 k =   0.2000000000  0.4618802154 -0.3079996500
==== e(   1) =   -90.49816 eV ==== 
     psi = 0.495*[#   1]+0.495*[#   3]+0.001*[#   7]+0.001*[#   8]+0.001*[#  11]
          +0.001*[#  12]+0.001*[#   2]+0.001*[#   4]
    |psi|^2 = 1.000
==== e(   2) =   -90.49815 eV ==== 
     psi = 0.495*[#   1]+0.495*[#   3]+0.001*[#   7]+0.001*[#   8]+0.001*[#  11]
          +0.001*[#  12]+0.001*[#   2]+0.001*[#   4]
    |psi|^2 = 1.000
==== e(   3) =   -10.52107 eV ==== 
     psi = 0.465*[#   5]+0.465*[#   9]+0.027*[#   2]+0.027*[#   4]
    |psi|^2 = 0.991
==== e(   4) =   -10.52107 eV ==== 
     psi = 0.465*[#   5]+0.465*[#   9]+0.027*[#   2]+0.027*[#   4]
    |psi|^2 = 0.991
==== e(   5) =     1.24630 eV ==== 
     psi = 0.172*[#   7]+0.172*[#   8]+0.172*[#  11]+0.172*[#  12]+0.083*[#   6]
          +0.083*[#  10]+0.054*[#   2]+0.054*[#   4]+0.007*[#   5]+0.007*[#   9]
          +0.001*[#   1]+0.001*[#   3]
    |psi|^2 = 0.979
==== e(   6) =     1.24630 eV ==== 
     psi = 0.172*[#   7]+0.172*[#   8]+0.172*[#  11]+0.172*[#  12]+0.083*[#   6]
          +0.083*[#  10]+0.054*[#   2]+0.054*[#   4]+0.007*[#   5]+0.007*[#   9]
          +0.001*[#   1]+0.001*[#   3]
    |psi|^2 = 0.979
==== e(   7) =     3.02620 eV ==== 
     psi = 0.192*[#   7]+0.192*[#   8]+0.192*[#  11]+0.192*[#  12]+0.083*[#   6]
          +0.083*[#  10]+0.009*[#   2]+0.009*[#   4]
    |psi|^2 = 0.951
==== e(   8) =     3.02620 eV ==== 
     psi = 0.192*[#   7]+0.192*[#   8]+0.192*[#  11]+0.192*[#  12]+0.083*[#   6]
          +0.083*[#  10]+0.009*[#   2]+0.009*[#   4]
    |psi|^2 = 0.951
==== e(   9) =     4.72229 eV ==== 
     psi = 0.297*[#   6]+0.297*[#  10]+0.091*[#   7]+0.091*[#   8]+0.091*[#  11]
          +0.091*[#  12]+0.002*[#   2]+0.002*[#   4]
    |psi|^2 = 0.962
==== e(  10) =     4.72229 eV ==== 
     psi = 0.297*[#   6]+0.297*[#  10]+0.091*[#   7]+0.091*[#   8]+0.091*[#  11]
          +0.091*[#  12]+0.002*[#   2]+0.002*[#   4]
    |psi|^2 = 0.962
==== e(  11) =    16.37324 eV ==== 
     psi = 0.058*[#   2]+0.058*[#   4]+0.008*[#   5]+0.008*[#   9]+0.007*[#   7]
          +0.007*[#   8]+0.007*[#  11]+0.007*[#  12]+0.005*[#   6]+0.005*[#  10]
          
    |psi|^2 = 0.169
==== e(  12) =    16.37324 eV ==== 
     psi = 0.058*[#   2]+0.058*[#   4]+0.008*[#   5]+0.008*[#   9]+0.007*[#   7]
          +0.007*[#   8]+0.007*[#  11]+0.007*[#  12]+0.005*[#   6]+0.005*[#  10]
          
    |psi|^2 = 0.169
==== e(  13) =    19.52770 eV ==== 
     psi = 0.026*[#   2]+0.026*[#   4]+0.009*[#   7]+0.009*[#   8]+0.009*[#  11]
          +0.009*[#  12]+0.003*[#   5]+0.003*[#   9]
    |psi|^2 = 0.096
==== e(  14) =    19.52770 eV ==== 
     psi = 0.026*[#   2]+0.026*[#   4]+0.009*[#   7]+0.009*[#   8]+0.009*[#  11]
          +0.009*[#  12]+0.003*[#   5]+0.003*[#   9]
    |psi|^2 = 0.096

 k =   0.2000000000  0.5196152423  0.0000000000
==== e(   1) =   -90.49837 eV ==== 
     psi = 0.496*[#   1]+0.496*[#   3]+0.002*[#   7]+0.002*[#   8]+0.002*[#  11]
          +0.002*[#  12]
    |psi|^2 = 1.000
==== e(   2) =   -90.49777 eV ==== 
     psi = 0.494*[#   1]+0.494*[#   3]+0.002*[#   2]+0.002*[#   4]+0.001*[#   7]
          +0.001*[#   8]+0.001*[#  11]+0.001*[#  12]
    |psi|^2 = 1.000
==== e(   3) =   -10.65426 eV ==== 
     psi = 0.443*[#   5]+0.443*[#   9]+0.051*[#   2]+0.051*[#   4]+0.001*[#   7]
          +0.001*[#   8]+0.001*[#  11]+0.001*[#  12]
    |psi|^2 = 0.994
==== e(   4) =   -10.21596 eV ==== 
     psi = 0.489*[#   5]+0.489*[#   9]+0.003*[#   2]+0.003*[#   4]+0.001*[#   7]
          +0.001*[#   8]+0.001*[#  11]+0.001*[#  12]
    |psi|^2 = 0.990
==== e(   5) =     0.69624 eV ==== 
     psi = 0.219*[#   7]+0.219*[#   8]+0.219*[#  11]+0.219*[#  12]+0.022*[#   2]
          +0.022*[#   4]+0.012*[#   6]+0.012*[#  10]+0.006*[#   5]+0.006*[#   9]
          
    |psi|^2 = 0.959
==== e(   6) =     2.16844 eV ==== 
     psi = 0.175*[#   7]+0.175*[#   8]+0.175*[#  11]+0.175*[#  12]+0.106*[#   6]
          +0.106*[#  10]+0.020*[#   2]+0.020*[#   4]+0.003*[#   5]+0.003*[#   9]
          
    |psi|^2 = 0.960
==== e(   7) =     2.65962 eV ==== 
     psi = 0.152*[#   6]+0.152*[#  10]+0.150*[#   7]+0.150*[#   8]+0.150*[#  11]
          +0.150*[#  12]+0.023*[#   2]+0.023*[#   4]+0.004*[#   5]+0.004*[#   9]
          
    |psi|^2 = 0.961
==== e(   8) =     3.23726 eV ==== 
     psi = 0.197*[#   6]+0.197*[#  10]+0.122*[#   7]+0.122*[#   8]+0.122*[#  11]
          +0.122*[#  12]+0.045*[#   2]+0.045*[#   4]+0.002*[#   5]+0.002*[#   9]
          +0.001*[#   1]+0.001*[#   3]
    |psi|^2 = 0.980
==== e(   9) =     3.98404 eV ==== 
     psi = 0.210*[#   6]+0.210*[#  10]+0.130*[#   7]+0.130*[#   8]+0.130*[#  11]
          +0.130*[#  12]+0.003*[#   2]+0.003*[#   4]+0.001*[#   5]+0.001*[#   9]
          
    |psi|^2 = 0.950
==== e(  10) =     4.32358 eV ==== 
     psi = 0.260*[#   6]+0.260*[#  10]+0.105*[#   7]+0.105*[#   8]+0.105*[#  11]
          +0.105*[#  12]+0.013*[#   2]+0.013*[#   4]+0.002*[#   5]+0.002*[#   9]
          
    |psi|^2 = 0.970
==== e(  11) =    15.64411 eV ==== 
     psi = 0.008*[#   6]+0.008*[#  10]+0.005*[#   7]+0.005*[#   8]+0.005*[#  11]
          +0.005*[#  12]+0.004*[#   2]+0.004*[#   4]
    |psi|^2 = 0.043
==== e(  12) =    17.81540 eV ==== 
     psi = 0.045*[#   2]+0.045*[#   4]+0.010*[#   7]+0.010*[#   8]+0.010*[#  11]
          +0.010*[#  12]+0.006*[#   5]+0.006*[#   9]
    |psi|^2 = 0.141
==== e(  13) =    19.56910 eV ==== 
     psi = 0.175*[#   2]+0.175*[#   4]+0.021*[#   5]+0.021*[#   9]+0.016*[#   7]
          +0.016*[#   8]+0.016*[#  11]+0.016*[#  12]+0.002*[#   6]+0.002*[#  10]
          +0.001*[#   1]+0.001*[#   3]
    |psi|^2 = 0.461
==== e(  14) =    20.86984 eV ==== 
     psi = 0.071*[#   2]+0.071*[#   4]+0.013*[#   7]+0.013*[#   8]+0.013*[#  11]
          +0.013*[#  12]+0.005*[#   6]+0.005*[#  10]
    |psi|^2 = 0.208

 k =   0.2000000000  0.5196152423  0.0615999300
==== e(   1) =   -90.49835 eV ==== 
     psi = 0.495*[#   1]+0.495*[#   3]+0.002*[#   7]+0.002*[#   8]+0.002*[#  11]
          +0.002*[#  12]
    |psi|^2 = 1.000
==== e(   2) =   -90.49778 eV ==== 
     psi = 0.494*[#   1]+0.494*[#   3]+0.002*[#   2]+0.002*[#   4]+0.001*[#   7]
          +0.001*[#   8]+0.001*[#  11]+0.001*[#  12]
    |psi|^2 = 1.000
==== e(   3) =   -10.64396 eV ==== 
     psi = 0.445*[#   5]+0.445*[#   9]+0.049*[#   2]+0.049*[#   4]+0.001*[#   7]
          +0.001*[#   8]+0.001*[#  11]+0.001*[#  12]
    |psi|^2 = 0.993
==== e(   4) =   -10.22708 eV ==== 
     psi = 0.489*[#   5]+0.489*[#   9]+0.003*[#   2]+0.003*[#   4]
    |psi|^2 = 0.990
==== e(   5) =     0.71091 eV ==== 
     psi = 0.216*[#   7]+0.216*[#   8]+0.216*[#  11]+0.216*[#  12]+0.025*[#   2]
          +0.025*[#   4]+0.017*[#   6]+0.017*[#  10]+0.006*[#   5]+0.006*[#   9]
          
    |psi|^2 = 0.960
==== e(   6) =     2.06374 eV ==== 
     psi = 0.173*[#   7]+0.173*[#   8]+0.173*[#  11]+0.173*[#  12]+0.103*[#   6]
          +0.103*[#  10]+0.030*[#   2]+0.030*[#   4]+0.003*[#   5]+0.003*[#   9]
          
    |psi|^2 = 0.966
==== e(   7) =     2.62428 eV ==== 
     psi = 0.160*[#   7]+0.160*[#   8]+0.160*[#  11]+0.160*[#  12]+0.136*[#   6]
          +0.136*[#  10]+0.020*[#   2]+0.020*[#   4]+0.004*[#   5]+0.004*[#   9]
          
    |psi|^2 = 0.959
==== e(   8) =     3.34198 eV ==== 
     psi = 0.231*[#   6]+0.231*[#  10]+0.108*[#   7]+0.108*[#   8]+0.108*[#  11]
          +0.108*[#  12]+0.036*[#   2]+0.036*[#   4]+0.002*[#   5]+0.002*[#   9]
          
    |psi|^2 = 0.974
==== e(   9) =     3.95900 eV ==== 
     psi = 0.169*[#   7]+0.169*[#   8]+0.169*[#  11]+0.169*[#  12]+0.132*[#   6]
          +0.132*[#  10]+0.006*[#   2]+0.006*[#   4]+0.001*[#   5]+0.001*[#   9]
          
    |psi|^2 = 0.956
==== e(  10) =     4.40373 eV ==== 
     psi = 0.317*[#   6]+0.317*[#  10]+0.077*[#   7]+0.077*[#   8]+0.077*[#  11]
          +0.077*[#  12]+0.010*[#   2]+0.010*[#   4]+0.002*[#   5]+0.002*[#   9]
          
    |psi|^2 = 0.965
==== e(  11) =    15.70607 eV ==== 
     psi = 0.007*[#   6]+0.007*[#  10]+0.007*[#   2]+0.007*[#   4]+0.005*[#   7]
          +0.005*[#   8]+0.005*[#  11]+0.005*[#  12]
    |psi|^2 = 0.050
==== e(  12) =    17.73864 eV ==== 
     psi = 0.045*[#   2]+0.045*[#   4]+0.009*[#   7]+0.009*[#   8]+0.009*[#  11]
          +0.009*[#  12]+0.006*[#   5]+0.006*[#   9]
    |psi|^2 = 0.143
==== e(  13) =    19.43270 eV ==== 
     psi = 0.150*[#   2]+0.150*[#   4]+0.018*[#   5]+0.018*[#   9]+0.014*[#   7]
          +0.014*[#   8]+0.014*[#  11]+0.014*[#  12]+0.002*[#   6]+0.002*[#  10]
          
    |psi|^2 = 0.395
==== e(  14) =    20.68674 eV ==== 
     psi = 0.054*[#   2]+0.054*[#   4]+0.012*[#   7]+0.012*[#   8]+0.012*[#  11]
          +0.012*[#  12]+0.005*[#   6]+0.005*[#  10]
    |psi|^2 = 0.166

 k =   0.2000000000  0.5196152423  0.1231998600
==== e(   1) =   -90.49831 eV ==== 
     psi = 0.495*[#   1]+0.495*[#   3]+0.001*[#   7]+0.001*[#   8]+0.001*[#  11]
          +0.001*[#  12]
    |psi|^2 = 1.000
==== e(   2) =   -90.49783 eV ==== 
     psi = 0.494*[#   1]+0.494*[#   3]+0.002*[#   2]+0.002*[#   4]+0.001*[#   7]
          +0.001*[#   8]+0.001*[#  11]+0.001*[#  12]+0.001*[#   6]+0.001*[#  10]
          
    |psi|^2 = 1.000
==== e(   3) =   -10.61395 eV ==== 
     psi = 0.451*[#   5]+0.451*[#   9]+0.043*[#   2]+0.043*[#   4]+0.001*[#   7]
          +0.001*[#   8]+0.001*[#  11]+0.001*[#  12]
    |psi|^2 = 0.993
==== e(   4) =   -10.25928 eV ==== 
     psi = 0.489*[#   5]+0.489*[#   9]+0.004*[#   2]+0.004*[#   4]
    |psi|^2 = 0.989
==== e(   5) =     0.75495 eV ==== 
     psi = 0.207*[#   7]+0.207*[#   8]+0.207*[#  11]+0.207*[#  12]+0.031*[#   2]
          +0.031*[#   4]+0.030*[#   6]+0.030*[#  10]+0.005*[#   5]+0.005*[#   9]
          
    |psi|^2 = 0.963
==== e(   6) =     1.84495 eV ==== 
     psi = 0.174*[#   7]+0.174*[#   8]+0.174*[#  11]+0.174*[#  12]+0.091*[#   6]
          +0.091*[#  10]+0.043*[#   2]+0.043*[#   4]+0.004*[#   5]+0.004*[#   9]
          +0.001*[#   1]+0.001*[#   3]
    |psi|^2 = 0.974
==== e(   7) =     2.53708 eV ==== 
     psi = 0.163*[#   7]+0.163*[#   8]+0.163*[#  11]+0.163*[#  12]+0.132*[#   6]
          +0.132*[#  10]+0.020*[#   2]+0.020*[#   4]+0.002*[#   5]+0.002*[#   9]
          
    |psi|^2 = 0.958
==== e(   8) =     3.55295 eV ==== 
     psi = 0.195*[#   6]+0.195*[#  10]+0.134*[#   7]+0.134*[#   8]+0.134*[#  11]
          +0.134*[#  12]+0.013*[#   2]+0.013*[#   4]+0.002*[#   5]+0.002*[#   9]
          
    |psi|^2 = 0.958
==== e(   9) =     3.89924 eV ==== 
     psi = 0.160*[#   7]+0.160*[#   8]+0.160*[#  11]+0.160*[#  12]+0.145*[#   6]
          +0.145*[#  10]+0.016*[#   2]+0.016*[#   4]+0.002*[#   5]+0.002*[#   9]
          
    |psi|^2 = 0.965
==== e(  10) =     4.60893 eV ==== 
     psi = 0.343*[#   6]+0.343*[#  10]+0.066*[#   7]+0.066*[#   8]+0.066*[#  11]
          +0.066*[#  12]+0.006*[#   2]+0.006*[#   4]
    |psi|^2 = 0.962
==== e(  11) =    15.85245 eV ==== 
     psi = 0.014*[#   2]+0.014*[#   4]+0.007*[#   7]+0.007*[#   8]+0.007*[#  11]
          +0.007*[#  12]+0.006*[#   6]+0.006*[#  10]+0.002*[#   5]+0.002*[#   9]
          
    |psi|^2 = 0.070
==== e(  12) =    17.50735 eV ==== 
     psi = 0.043*[#   2]+0.043*[#   4]+0.009*[#   7]+0.009*[#   8]+0.009*[#  11]
          +0.009*[#  12]+0.006*[#   5]+0.006*[#   9]
    |psi|^2 = 0.136
==== e(  13) =    19.21327 eV ==== 
     psi = 0.105*[#   2]+0.105*[#   4]+0.013*[#   5]+0.013*[#   9]+0.011*[#   7]
          +0.011*[#   8]+0.011*[#  11]+0.011*[#  12]
    |psi|^2 = 0.281
==== e(  14) =    20.29239 eV ==== 
     psi = 0.026*[#   2]+0.026*[#   4]+0.009*[#   7]+0.009*[#   8]+0.009*[#  11]
          +0.009*[#  12]+0.004*[#   6]+0.004*[#  10]
    |psi|^2 = 0.098

 k =   0.2000000000  0.5196152423  0.1847997900
==== e(   1) =   -90.49824 eV ==== 
     psi = 0.495*[#   1]+0.495*[#   3]+0.001*[#   7]+0.001*[#   8]+0.001*[#  11]
          +0.001*[#  12]+0.001*[#   2]+0.001*[#   4]
    |psi|^2 = 1.000
==== e(   2) =   -90.49789 eV ==== 
     psi = 0.494*[#   1]+0.494*[#   3]+0.002*[#   2]+0.002*[#   4]+0.001*[#   7]
          +0.001*[#   8]+0.001*[#  11]+0.001*[#  12]+0.001*[#   6]+0.001*[#  10]
          
    |psi|^2 = 1.000
==== e(   3) =   -10.56683 eV ==== 
     psi = 0.459*[#   5]+0.459*[#   9]+0.035*[#   2]+0.035*[#   4]
    |psi|^2 = 0.992
==== e(   4) =   -10.30910 eV ==== 
     psi = 0.487*[#   5]+0.487*[#   9]+0.006*[#   2]+0.006*[#   4]
    |psi|^2 = 0.989
==== e(   5) =     0.83127 eV ==== 
     psi = 0.196*[#   7]+0.196*[#   8]+0.196*[#  11]+0.196*[#  12]+0.047*[#   6]
          +0.047*[#  10]+0.040*[#   2]+0.040*[#   4]+0.003*[#   5]+0.003*[#   9]
          
    |psi|^2 = 0.968
==== e(   6) =     1.58795 eV ==== 
     psi = 0.174*[#   7]+0.174*[#   8]+0.174*[#  11]+0.174*[#  12]+0.083*[#   6]
          +0.083*[#  10]+0.051*[#   2]+0.051*[#   4]+0.004*[#   5]+0.004*[#   9]
          +0.001*[#   1]+0.001*[#   3]
    |psi|^2 = 0.977
==== e(   7) =     2.52732 eV ==== 
     psi = 0.170*[#   7]+0.170*[#   8]+0.170*[#  11]+0.170*[#  12]+0.119*[#   6]
          +0.119*[#  10]+0.019*[#   2]+0.019*[#   4]
    |psi|^2 = 0.957
==== e(   8) =     3.42962 eV ==== 
     psi = 0.194*[#   7]+0.194*[#   8]+0.194*[#  11]+0.194*[#  12]+0.081*[#   6]
          +0.081*[#  10]+0.007*[#   2]+0.007*[#   4]+0.002*[#   5]+0.002*[#   9]
          
    |psi|^2 = 0.953
==== e(   9) =     4.15025 eV ==== 
     psi = 0.267*[#   6]+0.267*[#  10]+0.100*[#   7]+0.100*[#   8]+0.100*[#  11]
          +0.100*[#  12]+0.013*[#   2]+0.013*[#   4]+0.001*[#   5]+0.001*[#   9]
          
    |psi|^2 = 0.964
==== e(  10) =     4.79680 eV ==== 
     psi = 0.336*[#   6]+0.336*[#  10]+0.071*[#   7]+0.071*[#   8]+0.071*[#  11]
          +0.071*[#  12]+0.002*[#   2]+0.002*[#   4]
    |psi|^2 = 0.963
==== e(  11) =    16.00859 eV ==== 
     psi = 0.024*[#   2]+0.024*[#   4]+0.007*[#   7]+0.007*[#   8]+0.007*[#  11]
          +0.007*[#  12]+0.004*[#   5]+0.004*[#   9]+0.004*[#   6]+0.004*[#  10]
          
    |psi|^2 = 0.092
==== e(  12) =    17.15202 eV ==== 
     psi = 0.034*[#   2]+0.034*[#   4]+0.008*[#   7]+0.008*[#   8]+0.008*[#  11]
          +0.008*[#  12]+0.005*[#   5]+0.005*[#   9]+0.002*[#   6]+0.002*[#  10]
          
    |psi|^2 = 0.112
==== e(  13) =    19.13612 eV ==== 
     psi = 0.067*[#   2]+0.067*[#   4]+0.009*[#   7]+0.009*[#   8]+0.009*[#  11]
          +0.009*[#  12]+0.008*[#   5]+0.008*[#   9]
    |psi|^2 = 0.187
==== e(  14) =    19.92433 eV ==== 
     psi = 0.010*[#   2]+0.010*[#   4]+0.008*[#   7]+0.008*[#   8]+0.008*[#  11]
          +0.008*[#  12]+0.003*[#   6]+0.003*[#  10]
    |psi|^2 = 0.059

 k =   0.2000000000  0.5196152423  0.2463997200
==== e(   1) =   -90.49816 eV ==== 
     psi = 0.495*[#   1]+0.495*[#   3]+0.001*[#   7]+0.001*[#   8]+0.001*[#  11]
          +0.001*[#  12]+0.001*[#   2]+0.001*[#   4]
    |psi|^2 = 1.000
==== e(   2) =   -90.49798 eV ==== 
     psi = 0.494*[#   1]+0.494*[#   3]+0.002*[#   2]+0.002*[#   4]+0.001*[#   7]
          +0.001*[#   8]+0.001*[#  11]+0.001*[#  12]
    |psi|^2 = 1.000
==== e(   3) =   -10.50682 eV ==== 
     psi = 0.468*[#   5]+0.468*[#   9]+0.026*[#   2]+0.026*[#   4]
    |psi|^2 = 0.991
==== e(   4) =   -10.37130 eV ==== 
     psi = 0.483*[#   5]+0.483*[#   9]+0.010*[#   2]+0.010*[#   4]
    |psi|^2 = 0.989
==== e(   5) =     0.94838 eV ==== 
     psi = 0.186*[#   7]+0.186*[#   8]+0.186*[#  11]+0.186*[#  12]+0.063*[#   6]
          +0.063*[#  10]+0.049*[#   2]+0.049*[#   4]+0.002*[#   5]+0.002*[#   9]
          +0.001*[#   1]+0.001*[#   3]
    |psi|^2 = 0.973
==== e(   6) =     1.33375 eV ==== 
     psi = 0.175*[#   7]+0.175*[#   8]+0.175*[#  11]+0.175*[#  12]+0.080*[#   6]
          +0.080*[#  10]+0.054*[#   2]+0.054*[#   4]+0.003*[#   5]+0.003*[#   9]
          +0.001*[#   1]+0.001*[#   3]
    |psi|^2 = 0.977
==== e(   7) =     2.64459 eV ==== 
     psi = 0.181*[#   7]+0.181*[#   8]+0.181*[#  11]+0.181*[#  12]+0.097*[#   6]
          +0.097*[#  10]+0.017*[#   2]+0.017*[#   4]
    |psi|^2 = 0.956
==== e(   8) =     3.14666 eV ==== 
     psi = 0.197*[#   7]+0.197*[#   8]+0.197*[#  11]+0.197*[#  12]+0.071*[#   6]
          +0.071*[#  10]+0.010*[#   2]+0.010*[#   4]+0.002*[#   5]+0.002*[#   9]
          
    |psi|^2 = 0.953
==== e(   9) =     4.49740 eV ==== 
     psi = 0.296*[#   6]+0.296*[#  10]+0.089*[#   7]+0.089*[#   8]+0.089*[#  11]
          +0.089*[#  12]+0.005*[#   2]+0.005*[#   4]
    |psi|^2 = 0.962
==== e(  10) =     4.86023 eV ==== 
     psi = 0.326*[#   6]+0.326*[#  10]+0.078*[#   7]+0.078*[#   8]+0.078*[#  11]
          +0.078*[#  12]
    |psi|^2 = 0.963
==== e(  11) =    16.16889 eV ==== 
     psi = 0.029*[#   2]+0.029*[#   4]+0.007*[#   7]+0.007*[#   8]+0.007*[#  11]
          +0.007*[#  12]+0.005*[#   5]+0.005*[#   9]+0.002*[#   6]+0.002*[#  10]
          
    |psi|^2 = 0.099
==== e(  12) =    16.75209 eV ==== 
     psi = 0.027*[#   2]+0.027*[#   4]+0.006*[#   7]+0.006*[#   8]+0.006*[#  11]
          +0.006*[#  12]+0.005*[#   5]+0.005*[#   9]+0.002*[#   6]+0.002*[#  10]
          
    |psi|^2 = 0.093
==== e(  13) =    19.23975 eV ==== 
     psi = 0.038*[#   2]+0.038*[#   4]+0.008*[#   7]+0.008*[#   8]+0.008*[#  11]
          +0.008*[#  12]+0.004*[#   5]+0.004*[#   9]
    |psi|^2 = 0.119
==== e(  14) =    19.65544 eV ==== 
     psi = 0.008*[#   2]+0.008*[#   4]+0.008*[#   7]+0.008*[#   8]+0.008*[#  11]
          +0.008*[#  12]+0.002*[#   6]+0.002*[#  10]
    |psi|^2 = 0.055

 k =   0.2000000000  0.5196152423 -0.3079996500
==== e(   1) =   -90.49807 eV ==== 
     psi = 0.494*[#   1]+0.494*[#   3]+0.002*[#   2]+0.002*[#   4]+0.001*[#   7]
          +0.001*[#   8]+0.001*[#  11]+0.001*[#  12]
    |psi|^2 = 1.000
==== e(   2) =   -90.49806 eV ==== 
     psi = 0.494*[#   1]+0.494*[#   3]+0.002*[#   2]+0.002*[#   4]+0.001*[#   7]
          +0.001*[#   8]+0.001*[#  11]+0.001*[#  12]
    |psi|^2 = 1.000
==== e(   3) =   -10.43948 eV ==== 
     psi = 0.476*[#   5]+0.476*[#   9]+0.017*[#   2]+0.017*[#   4]
    |psi|^2 = 0.990
==== e(   4) =   -10.43948 eV ==== 
     psi = 0.476*[#   5]+0.476*[#   9]+0.017*[#   2]+0.017*[#   4]
    |psi|^2 = 0.990
==== e(   5) =     1.11558 eV ==== 
     psi = 0.179*[#   7]+0.179*[#   8]+0.179*[#  11]+0.179*[#  12]+0.074*[#   6]
          +0.074*[#  10]+0.053*[#   2]+0.053*[#   4]+0.002*[#   5]+0.002*[#   9]
          +0.001*[#   1]+0.001*[#   3]
    |psi|^2 = 0.976
==== e(   6) =     1.11558 eV ==== 
     psi = 0.179*[#   7]+0.179*[#   8]+0.179*[#  11]+0.179*[#  12]+0.074*[#   6]
          +0.074*[#  10]+0.053*[#   2]+0.053*[#   4]+0.002*[#   5]+0.002*[#   9]
          +0.001*[#   1]+0.001*[#   3]
    |psi|^2 = 0.976
==== e(   7) =     2.86553 eV ==== 
     psi = 0.191*[#   7]+0.191*[#   8]+0.191*[#  11]+0.191*[#  12]+0.080*[#   6]
          +0.080*[#  10]+0.013*[#   2]+0.013*[#   4]+0.001*[#   5]+0.001*[#   9]
          
    |psi|^2 = 0.954
==== e(   8) =     2.86553 eV ==== 
     psi = 0.191*[#   7]+0.191*[#   8]+0.191*[#  11]+0.191*[#  12]+0.080*[#   6]
          +0.080*[#  10]+0.013*[#   2]+0.013*[#   4]+0.001*[#   5]+0.001*[#   9]
          
    |psi|^2 = 0.954
==== e(   9) =     4.75574 eV ==== 
     psi = 0.313*[#   6]+0.313*[#  10]+0.084*[#   7]+0.084*[#   8]+0.084*[#  11]
          +0.084*[#  12]+0.001*[#   2]+0.001*[#   4]
    |psi|^2 = 0.963
==== e(  10) =     4.75574 eV ==== 
     psi = 0.313*[#   6]+0.313*[#  10]+0.084*[#   7]+0.084*[#   8]+0.084*[#  11]
          +0.084*[#  12]+0.001*[#   2]+0.001*[#   4]
    |psi|^2 = 0.963
==== e(  11) =    16.40568 eV ==== 
     psi = 0.028*[#   2]+0.028*[#   4]+0.006*[#   7]+0.006*[#   8]+0.006*[#  11]
          +0.006*[#  12]+0.005*[#   5]+0.005*[#   9]+0.002*[#   6]+0.002*[#  10]
          
    |psi|^2 = 0.093
==== e(  12) =    16.40568 eV ==== 
     psi = 0.028*[#   2]+0.028*[#   4]+0.006*[#   7]+0.006*[#   8]+0.006*[#  11]
          +0.006*[#  12]+0.005*[#   5]+0.005*[#   9]+0.002*[#   6]+0.002*[#  10]
          
    |psi|^2 = 0.093
==== e(  13) =    19.43594 eV ==== 
     psi = 0.018*[#   2]+0.018*[#   4]+0.008*[#   7]+0.008*[#   8]+0.008*[#  11]
          +0.008*[#  12]+0.002*[#   5]+0.002*[#   9]+0.001*[#   6]+0.001*[#  10]
          
    |psi|^2 = 0.076
==== e(  14) =    19.43594 eV ==== 
     psi = 0.018*[#   2]+0.018*[#   4]+0.008*[#   7]+0.008*[#   8]+0.008*[#  11]
          +0.008*[#  12]+0.002*[#   5]+0.002*[#   9]+0.001*[#   6]+0.001*[#  10]
          
    |psi|^2 = 0.076

 k =   0.2000000000  0.5773502692  0.0000000000
==== e(   1) =   -90.49829 eV ==== 
     psi = 0.495*[#   1]+0.495*[#   3]+0.002*[#   7]+0.002*[#   8]+0.002*[#  11]
          +0.002*[#  12]
    |psi|^2 = 1.000
==== e(   2) =   -90.49779 eV ==== 
     psi = 0.494*[#   1]+0.494*[#   3]+0.002*[#   2]+0.002*[#   4]+0.002*[#   7]
          +0.002*[#   8]+0.002*[#  11]+0.002*[#  12]
    |psi|^2 = 1.000
==== e(   3) =   -10.57797 eV ==== 
     psi = 0.452*[#   5]+0.452*[#   9]+0.042*[#   2]+0.042*[#   4]
    |psi|^2 = 0.993
==== e(   4) =   -10.24126 eV ==== 
     psi = 0.486*[#   5]+0.486*[#   9]+0.006*[#   2]+0.006*[#   4]+0.001*[#   7]
          +0.001*[#   8]+0.001*[#  11]+0.001*[#  12]
    |psi|^2 = 0.990
==== e(   5) =     0.61008 eV ==== 
     psi = 0.220*[#   7]+0.220*[#   8]+0.220*[#  11]+0.220*[#  12]+0.023*[#   2]
          +0.023*[#   4]+0.012*[#   6]+0.012*[#  10]+0.004*[#   5]+0.004*[#   9]
          
    |psi|^2 = 0.959
==== e(   6) =     2.36337 eV ==== 
     psi = 0.217*[#   7]+0.217*[#   8]+0.217*[#  11]+0.217*[#  12]+0.040*[#   2]
          +0.040*[#   4]+0.007*[#   6]+0.007*[#  10]+0.007*[#   5]+0.007*[#   9]
          +0.001*[#   1]+0.001*[#   3]
    |psi|^2 = 0.978
==== e(   7) =     2.46499 eV ==== 
     psi = 0.183*[#   6]+0.183*[#  10]+0.143*[#   7]+0.143*[#   8]+0.143*[#  11]
          +0.143*[#  12]+0.003*[#   2]+0.003*[#   4]
    |psi|^2 = 0.944
==== e(   8) =     3.34478 eV ==== 
     psi = 0.272*[#   6]+0.272*[#  10]+0.086*[#   7]+0.086*[#   8]+0.086*[#  11]
          +0.086*[#  12]+0.046*[#   2]+0.046*[#   4]+0.001*[#   1]+0.001*[#   3]
          +0.001*[#   5]+0.001*[#   9]
    |psi|^2 = 0.985
==== e(   9) =     3.82592 eV ==== 
     psi = 0.261*[#   6]+0.261*[#  10]+0.104*[#   7]+0.104*[#   8]+0.104*[#  11]
          +0.104*[#  12]
    |psi|^2 = 0.940
==== e(  10) =     4.27105 eV ==== 
     psi = 0.202*[#   6]+0.202*[#  10]+0.133*[#   7]+0.133*[#   8]+0.133*[#  11]
          +0.133*[#  12]+0.015*[#   2]+0.015*[#   4]+0.002*[#   5]+0.002*[#   9]
          
    |psi|^2 = 0.973
==== e(  11) =    15.54928 eV ==== 
     psi = 0.007*[#   6]+0.007*[#  10]+0.005*[#   7]+0.005*[#   8]+0.005*[#  11]
          +0.005*[#  12]
    |psi|^2 = 0.034
==== e(  12) =    17.90576 eV ==== 
     psi = 0.009*[#   2]+0.009*[#   4]+0.008*[#   7]+0.008*[#   8]+0.008*[#  11]
          +0.008*[#  12]+0.001*[#   5]+0.001*[#   9]
    |psi|^2 = 0.054
==== e(  13) =    19.58070 eV ==== 
     psi = 0.201*[#   2]+0.201*[#   4]+0.021*[#   5]+0.021*[#   9]+0.017*[#   7]
          +0.017*[#   8]+0.017*[#  11]+0.017*[#  12]+0.002*[#   6]+0.002*[#  10]
          +0.001*[#   1]+0.001*[#   3]
    |psi|^2 = 0.517
==== e(  14) =    20.82925 eV ==== 
     psi = 0.075*[#   2]+0.075*[#   4]+0.014*[#   7]+0.014*[#   8]+0.014*[#  11]
          +0.014*[#  12]+0.005*[#   6]+0.005*[#  10]
    |psi|^2 = 0.219

 k =   0.2000000000  0.5773502692  0.0615999300
==== e(   1) =   -90.49828 eV ==== 
     psi = 0.495*[#   1]+0.495*[#   3]+0.002*[#   7]+0.002*[#   8]+0.002*[#  11]
          +0.002*[#  12]
    |psi|^2 = 1.000
==== e(   2) =   -90.49780 eV ==== 
     psi = 0.494*[#   1]+0.494*[#   3]+0.002*[#   2]+0.002*[#   4]+0.002*[#   7]
          +0.002*[#   8]+0.002*[#  11]+0.002*[#  12]
    |psi|^2 = 1.000
==== e(   3) =   -10.56987 eV ==== 
     psi = 0.454*[#   5]+0.454*[#   9]+0.040*[#   2]+0.040*[#   4]
    |psi|^2 = 0.993
==== e(   4) =   -10.24959 eV ==== 
     psi = 0.486*[#   5]+0.486*[#   9]+0.006*[#   2]+0.006*[#   4]+0.001*[#   7]
          +0.001*[#   8]+0.001*[#  11]+0.001*[#  12]
    |psi|^2 = 0.990
==== e(   5) =     0.62597 eV ==== 
     psi = 0.217*[#   7]+0.217*[#   8]+0.217*[#  11]+0.217*[#  12]+0.025*[#   2]
          +0.025*[#   4]+0.016*[#   6]+0.016*[#  10]+0.004*[#   5]+0.004*[#   9]
          
    |psi|^2 = 0.960
==== e(   6) =     2.23343 eV ==== 
     psi = 0.205*[#   7]+0.205*[#   8]+0.205*[#  11]+0.205*[#  12]+0.042*[#   2]
          +0.042*[#   4]+0.030*[#   6]+0.030*[#  10]+0.007*[#   5]+0.007*[#   9]
          +0.001*[#   1]+0.001*[#   3]
    |psi|^2 = 0.977
==== e(   7) =     2.42133 eV ==== 
     psi = 0.174*[#   6]+0.174*[#  10]+0.145*[#   7]+0.145*[#   8]+0.145*[#  11]
          +0.145*[#  12]+0.011*[#   2]+0.011*[#   4]
    |psi|^2 = 0.950
==== e(   8) =     3.48703 eV ==== 
     psi = 0.276*[#   6]+0.276*[#  10]+0.087*[#   7]+0.087*[#   8]+0.087*[#  11]
          +0.087*[#  12]+0.037*[#   2]+0.037*[#   4]+0.001*[#   5]+0.001*[#   9]
          
    |psi|^2 = 0.979
==== e(   9) =     3.81277 eV ==== 
     psi = 0.173*[#   6]+0.173*[#  10]+0.149*[#   7]+0.149*[#   8]+0.149*[#  11]
          +0.149*[#  12]+0.001*[#   5]+0.001*[#   9]
    |psi|^2 = 0.947
==== e(  10) =     4.33477 eV ==== 
     psi = 0.268*[#   6]+0.268*[#  10]+0.100*[#   7]+0.100*[#   8]+0.100*[#  11]
          +0.100*[#  12]+0.013*[#   2]+0.013*[#   4]+0.002*[#   5]+0.002*[#   9]
          
    |psi|^2 = 0.967
==== e(  11) =    15.61574 eV ==== 
     psi = 0.007*[#   6]+0.007*[#  10]+0.005*[#   7]+0.005*[#   8]+0.005*[#  11]
          +0.005*[#  12]+0.003*[#   2]+0.003*[#   4]
    |psi|^2 = 0.041
==== e(  12) =    17.83782 eV ==== 
     psi = 0.010*[#   2]+0.010*[#   4]+0.008*[#   7]+0.008*[#   8]+0.008*[#  11]
          +0.008*[#  12]+0.002*[#   5]+0.002*[#   9]
    |psi|^2 = 0.054
==== e(  13) =    19.42806 eV ==== 
     psi = 0.176*[#   2]+0.176*[#   4]+0.019*[#   5]+0.019*[#   9]+0.014*[#   7]
          +0.014*[#   8]+0.014*[#  11]+0.014*[#  12]+0.001*[#   1]+0.001*[#   3]
          +0.001*[#   6]+0.001*[#  10]
    |psi|^2 = 0.452
==== e(  14) =    20.63794 eV ==== 
     psi = 0.058*[#   2]+0.058*[#   4]+0.012*[#   7]+0.012*[#   8]+0.012*[#  11]
          +0.012*[#  12]+0.005*[#   6]+0.005*[#  10]
    |psi|^2 = 0.177

 k =   0.2000000000  0.5773502692  0.1231998600
==== e(   1) =   -90.49824 eV ==== 
     psi = 0.495*[#   1]+0.495*[#   3]+0.002*[#   7]+0.002*[#   8]+0.002*[#  11]
          +0.002*[#  12]+0.001*[#   2]+0.001*[#   4]
    |psi|^2 = 1.000
==== e(   2) =   -90.49783 eV ==== 
     psi = 0.494*[#   1]+0.494*[#   3]+0.002*[#   2]+0.002*[#   4]+0.002*[#   7]
          +0.002*[#   8]+0.002*[#  11]+0.002*[#  12]
    |psi|^2 = 1.000
==== e(   3) =   -10.54632 eV ==== 
     psi = 0.459*[#   5]+0.459*[#   9]+0.035*[#   2]+0.035*[#   4]
    |psi|^2 = 0.992
==== e(   4) =   -10.27376 eV ==== 
     psi = 0.487*[#   5]+0.487*[#   9]+0.005*[#   2]+0.005*[#   4]+0.001*[#   7]
          +0.001*[#   8]+0.001*[#  11]+0.001*[#  12]
    |psi|^2 = 0.989
==== e(   5) =     0.67401 eV ==== 
     psi = 0.209*[#   7]+0.209*[#   8]+0.209*[#  11]+0.209*[#  12]+0.031*[#   2]
          +0.031*[#   4]+0.028*[#   6]+0.028*[#  10]+0.003*[#   5]+0.003*[#   9]
          
    |psi|^2 = 0.963
==== e(   6) =     1.94068 eV ==== 
     psi = 0.188*[#   7]+0.188*[#   8]+0.188*[#  11]+0.188*[#  12]+0.059*[#   6]
          +0.059*[#  10]+0.046*[#   2]+0.046*[#   4]+0.005*[#   5]+0.005*[#   9]
          +0.001*[#   1]+0.001*[#   3]
    |psi|^2 = 0.976
==== e(   7) =     2.37732 eV ==== 
     psi = 0.154*[#   7]+0.154*[#   8]+0.154*[#  11]+0.154*[#  12]+0.151*[#   6]
          +0.151*[#  10]+0.019*[#   2]+0.019*[#   4]
    |psi|^2 = 0.956
==== e(   8) =     3.67195 eV ==== 
     psi = 0.191*[#   7]+0.191*[#   8]+0.191*[#  11]+0.191*[#  12]+0.088*[#   6]
          +0.088*[#  10]+0.004*[#   2]+0.004*[#   4]+0.002*[#   5]+0.002*[#   9]
          
    |psi|^2 = 0.953
==== e(   9) =     3.81344 eV ==== 
     psi = 0.286*[#   6]+0.286*[#  10]+0.087*[#   7]+0.087*[#   8]+0.087*[#  11]
          +0.087*[#  12]+0.023*[#   2]+0.023*[#   4]+0.001*[#   5]+0.001*[#   9]
          
    |psi|^2 = 0.970
==== e(  10) =     4.53454 eV ==== 
     psi = 0.323*[#   6]+0.323*[#  10]+0.074*[#   7]+0.074*[#   8]+0.074*[#  11]
          +0.074*[#  12]+0.008*[#   2]+0.008*[#   4]+0.001*[#   5]+0.001*[#   9]
          
    |psi|^2 = 0.962
==== e(  11) =    15.77598 eV ==== 
     psi = 0.009*[#   2]+0.009*[#   4]+0.006*[#   7]+0.006*[#   8]+0.006*[#  11]
          +0.006*[#  12]+0.005*[#   6]+0.005*[#  10]+0.002*[#   5]+0.002*[#   9]
          
    |psi|^2 = 0.058
==== e(  12) =    17.61845 eV ==== 
     psi = 0.010*[#   2]+0.010*[#   4]+0.007*[#   7]+0.007*[#   8]+0.007*[#  11]
          +0.007*[#  12]+0.002*[#   5]+0.002*[#   9]
    |psi|^2 = 0.055
==== e(  13) =    19.17301 eV ==== 
     psi = 0.127*[#   2]+0.127*[#   4]+0.014*[#   5]+0.014*[#   9]+0.011*[#   7]
          +0.011*[#   8]+0.011*[#  11]+0.011*[#  12]
    |psi|^2 = 0.328
==== e(  14) =    20.24101 eV ==== 
     psi = 0.029*[#   2]+0.029*[#   4]+0.010*[#   7]+0.010*[#   8]+0.010*[#  11]
          +0.010*[#  12]+0.004*[#   6]+0.004*[#  10]
    |psi|^2 = 0.108

 k =   0.2000000000  0.5773502692  0.1847997900
==== e(   1) =   -90.49819 eV ==== 
     psi = 0.495*[#   1]+0.495*[#   3]+0.001*[#   7]+0.001*[#   8]+0.001*[#  11]
          +0.001*[#  12]+0.001*[#   2]+0.001*[#   4]
    |psi|^2 = 1.000
==== e(   2) =   -90.49789 eV ==== 
     psi = 0.494*[#   1]+0.494*[#   3]+0.002*[#   2]+0.002*[#   4]+0.002*[#   7]
          +0.002*[#   8]+0.002*[#  11]+0.002*[#  12]
    |psi|^2 = 1.000
==== e(   3) =   -10.50950 eV ==== 
     psi = 0.466*[#   5]+0.466*[#   9]+0.028*[#   2]+0.028*[#   4]
    |psi|^2 = 0.991
==== e(   4) =   -10.31136 eV ==== 
     psi = 0.487*[#   5]+0.487*[#   9]+0.006*[#   2]+0.006*[#   4]
    |psi|^2 = 0.989
==== e(   5) =     0.75764 eV ==== 
     psi = 0.199*[#   7]+0.199*[#   8]+0.199*[#  11]+0.199*[#  12]+0.044*[#   6]
          +0.044*[#  10]+0.040*[#   2]+0.040*[#   4]+0.001*[#   5]+0.001*[#   9]
          
    |psi|^2 = 0.968
==== e(   6) =     1.61309 eV ==== 
     psi = 0.180*[#   7]+0.180*[#   8]+0.180*[#  11]+0.180*[#  12]+0.074*[#   6]
          +0.074*[#  10]+0.050*[#   2]+0.050*[#   4]+0.003*[#   5]+0.003*[#   9]
          +0.001*[#   1]+0.001*[#   3]
    |psi|^2 = 0.976
==== e(   7) =     2.42122 eV ==== 
     psi = 0.167*[#   7]+0.167*[#   8]+0.167*[#  11]+0.167*[#  12]+0.123*[#   6]
          +0.123*[#  10]+0.021*[#   2]+0.021*[#   4]
    |psi|^2 = 0.958
==== e(   8) =     3.41182 eV ==== 
     psi = 0.200*[#   7]+0.200*[#   8]+0.200*[#  11]+0.200*[#  12]+0.067*[#   6]
          +0.067*[#  10]+0.008*[#   2]+0.008*[#   4]+0.002*[#   5]+0.002*[#   9]
          
    |psi|^2 = 0.954
==== e(   9) =     4.19335 eV ==== 
     psi = 0.297*[#   6]+0.297*[#  10]+0.086*[#   7]+0.086*[#   8]+0.086*[#  11]
          +0.086*[#  12]+0.012*[#   2]+0.012*[#   4]+0.001*[#   5]+0.001*[#   9]
          
    |psi|^2 = 0.965
==== e(  10) =     4.74368 eV ==== 
     psi = 0.330*[#   6]+0.330*[#  10]+0.074*[#   7]+0.074*[#   8]+0.074*[#  11]
          +0.074*[#  12]+0.003*[#   2]+0.003*[#   4]
    |psi|^2 = 0.962
==== e(  11) =    15.95534 eV ==== 
     psi = 0.017*[#   2]+0.017*[#   4]+0.007*[#   7]+0.007*[#   8]+0.007*[#  11]
          +0.007*[#  12]+0.004*[#   5]+0.004*[#   9]+0.003*[#   6]+0.003*[#  10]
          
    |psi|^2 = 0.075
==== e(  12) =    17.24606 eV ==== 
     psi = 0.010*[#   2]+0.010*[#   4]+0.007*[#   7]+0.007*[#   8]+0.007*[#  11]
          +0.007*[#  12]+0.002*[#   5]+0.002*[#   9]+0.001*[#   6]+0.001*[#  10]
          
    |psi|^2 = 0.053
==== e(  13) =    19.07711 eV ==== 
     psi = 0.078*[#   2]+0.078*[#   4]+0.009*[#   7]+0.009*[#   8]+0.009*[#  11]
          +0.009*[#  12]+0.008*[#   5]+0.008*[#   9]
    |psi|^2 = 0.209
==== e(  14) =    19.88309 eV ==== 
     psi = 0.011*[#   2]+0.011*[#   4]+0.008*[#   7]+0.008*[#   8]+0.008*[#  11]
          +0.008*[#  12]+0.003*[#   6]+0.003*[#  10]
    |psi|^2 = 0.063

 k =   0.2000000000  0.5773502692  0.2463997200
==== e(   1) =   -90.49812 eV ==== 
     psi = 0.495*[#   1]+0.495*[#   3]+0.001*[#   2]+0.001*[#   4]+0.001*[#   7]
          +0.001*[#   8]+0.001*[#  11]+0.001*[#  12]
    |psi|^2 = 1.000
==== e(   2) =   -90.49796 eV ==== 
     psi = 0.494*[#   1]+0.494*[#   3]+0.002*[#   2]+0.002*[#   4]+0.001*[#   7]
          +0.001*[#   8]+0.001*[#  11]+0.001*[#  12]
    |psi|^2 = 1.000
==== e(   3) =   -10.46285 eV ==== 
     psi = 0.474*[#   5]+0.474*[#   9]+0.020*[#   2]+0.020*[#   4]
    |psi|^2 = 0.990
==== e(   4) =   -10.35864 eV ==== 
     psi = 0.485*[#   5]+0.485*[#   9]+0.008*[#   2]+0.008*[#   4]
    |psi|^2 = 0.989
==== e(   5) =     0.88585 eV ==== 
     psi = 0.188*[#   7]+0.188*[#   8]+0.188*[#  11]+0.188*[#  12]+0.060*[#   6]
          +0.060*[#  10]+0.048*[#   2]+0.048*[#   4]+0.001*[#   1]+0.001*[#   3]
          
    |psi|^2 = 0.972
==== e(   6) =     1.31412 eV ==== 
     psi = 0.178*[#   7]+0.178*[#   8]+0.178*[#  11]+0.178*[#  12]+0.076*[#   6]
          +0.076*[#  10]+0.053*[#   2]+0.053*[#   4]+0.001*[#   1]+0.001*[#   3]
          +0.001*[#   5]+0.001*[#   9]
    |psi|^2 = 0.976
==== e(   7) =     2.57135 eV ==== 
     psi = 0.180*[#   7]+0.180*[#   8]+0.180*[#  11]+0.180*[#  12]+0.098*[#   6]
          +0.098*[#  10]+0.019*[#   2]+0.019*[#   4]
    |psi|^2 = 0.957
==== e(   8) =     3.10574 eV ==== 
     psi = 0.198*[#   7]+0.198*[#   8]+0.198*[#  11]+0.198*[#  12]+0.068*[#   6]
          +0.068*[#  10]+0.011*[#   2]+0.011*[#   4]+0.002*[#   5]+0.002*[#   9]
          
    |psi|^2 = 0.954
==== e(   9) =     4.53615 eV ==== 
     psi = 0.308*[#   6]+0.308*[#  10]+0.084*[#   7]+0.084*[#   8]+0.084*[#  11]
          +0.084*[#  12]+0.004*[#   2]+0.004*[#   4]
    |psi|^2 = 0.963
==== e(  10) =     4.83933 eV ==== 
     psi = 0.325*[#   6]+0.325*[#  10]+0.078*[#   7]+0.078*[#   8]+0.078*[#  11]
          +0.078*[#  12]
    |psi|^2 = 0.963
==== e(  11) =    16.14530 eV ==== 
     psi = 0.020*[#   2]+0.020*[#   4]+0.007*[#   7]+0.007*[#   8]+0.007*[#  11]
          +0.007*[#  12]+0.004*[#   5]+0.004*[#   9]
    |psi|^2 = 0.077
==== e(  12) =    16.80412 eV ==== 
     psi = 0.011*[#   2]+0.011*[#   4]+0.006*[#   7]+0.006*[#   8]+0.006*[#  11]
          +0.006*[#  12]+0.003*[#   5]+0.003*[#   9]
    |psi|^2 = 0.054
==== e(  13) =    19.18948 eV ==== 
     psi = 0.039*[#   2]+0.039*[#   4]+0.008*[#   7]+0.008*[#   8]+0.008*[#  11]
          +0.008*[#  12]+0.004*[#   5]+0.004*[#   9]
    |psi|^2 = 0.120
==== e(  14) =    19.62266 eV ==== 
     psi = 0.008*[#   7]+0.008*[#   8]+0.008*[#  11]+0.008*[#  12]+0.007*[#   2]
          +0.007*[#   4]+0.002*[#   6]+0.002*[#  10]
    |psi|^2 = 0.051

 k =   0.2000000000  0.5773502692 -0.3079996500
==== e(   1) =   -90.49804 eV ==== 
     psi = 0.494*[#   1]+0.494*[#   3]+0.002*[#   2]+0.002*[#   4]+0.001*[#   7]
          +0.001*[#   8]+0.001*[#  11]+0.001*[#  12]
    |psi|^2 = 1.000
==== e(   2) =   -90.49803 eV ==== 
     psi = 0.494*[#   1]+0.494*[#   3]+0.002*[#   2]+0.002*[#   4]+0.001*[#   7]
          +0.001*[#   8]+0.001*[#  11]+0.001*[#  12]
    |psi|^2 = 1.000
==== e(   3) =   -10.41087 eV ==== 
     psi = 0.480*[#   5]+0.480*[#   9]+0.013*[#   2]+0.013*[#   4]
    |psi|^2 = 0.989
==== e(   4) =   -10.41087 eV ==== 
     psi = 0.480*[#   5]+0.480*[#   9]+0.013*[#   2]+0.013*[#   4]
    |psi|^2 = 0.989
==== e(   5) =     1.06955 eV ==== 
     psi = 0.181*[#   7]+0.181*[#   8]+0.181*[#  11]+0.181*[#  12]+0.071*[#   6]
          +0.071*[#  10]+0.053*[#   2]+0.053*[#   4]+0.001*[#   1]+0.001*[#   3]
          
    |psi|^2 = 0.975
==== e(   6) =     1.06955 eV ==== 
     psi = 0.181*[#   7]+0.181*[#   8]+0.181*[#  11]+0.181*[#  12]+0.071*[#   6]
          +0.071*[#  10]+0.053*[#   2]+0.053*[#   4]+0.001*[#   1]+0.001*[#   3]
          
    |psi|^2 = 0.975
==== e(   7) =     2.81073 eV ==== 
     psi = 0.191*[#   7]+0.191*[#   8]+0.191*[#  11]+0.191*[#  12]+0.079*[#   6]
          +0.079*[#  10]+0.015*[#   2]+0.015*[#   4]+0.001*[#   5]+0.001*[#   9]
          
    |psi|^2 = 0.956
==== e(   8) =     2.81074 eV ==== 
     psi = 0.191*[#   7]+0.191*[#   8]+0.191*[#  11]+0.191*[#  12]+0.079*[#   6]
          +0.079*[#  10]+0.015*[#   2]+0.015*[#   4]+0.001*[#   5]+0.001*[#   9]
          
    |psi|^2 = 0.956
==== e(   9) =     4.76820 eV ==== 
     psi = 0.317*[#   6]+0.317*[#  10]+0.081*[#   7]+0.081*[#   8]+0.081*[#  11]
          +0.081*[#  12]
    |psi|^2 = 0.963
==== e(  10) =     4.76821 eV ==== 
     psi = 0.317*[#   6]+0.317*[#  10]+0.081*[#   7]+0.081*[#   8]+0.081*[#  11]
          +0.081*[#  12]
    |psi|^2 = 0.963
==== e(  11) =    16.41639 eV ==== 
     psi = 0.016*[#   2]+0.016*[#   4]+0.006*[#   7]+0.006*[#   8]+0.006*[#  11]
          +0.006*[#  12]+0.004*[#   5]+0.004*[#   9]
    |psi|^2 = 0.064
==== e(  12) =    16.41639 eV ==== 
     psi = 0.016*[#   2]+0.016*[#   4]+0.006*[#   7]+0.006*[#   8]+0.006*[#  11]
          +0.006*[#  12]+0.004*[#   5]+0.004*[#   9]
    |psi|^2 = 0.064
==== e(  13) =    19.39974 eV ==== 
     psi = 0.015*[#   2]+0.015*[#   4]+0.008*[#   7]+0.008*[#   8]+0.008*[#  11]
          +0.008*[#  12]+0.001*[#   5]+0.002*[#   6]+0.001*[#   9]+0.002*[#  10]
          
    |psi|^2 = 0.069
==== e(  14) =    19.39974 eV ==== 
     psi = 0.015*[#   2]+0.015*[#   4]+0.008*[#   7]+0.008*[#   8]+0.008*[#  11]
          +0.008*[#  12]+0.001*[#   5]+0.002*[#   6]+0.001*[#   9]+0.002*[#  10]
          
    |psi|^2 = 0.069

 k =   0.2500000000  0.4330127019  0.0000000000
==== e(   1) =   -90.49857 eV ==== 
     psi = 0.496*[#   1]+0.496*[#   3]+0.001*[#   7]+0.001*[#   8]+0.001*[#  11]
          +0.001*[#  12]
    |psi|^2 = 1.000
==== e(   2) =   -90.49775 eV ==== 
     psi = 0.494*[#   1]+0.494*[#   3]+0.002*[#   2]+0.002*[#   4]+0.001*[#   7]
          +0.001*[#   8]+0.001*[#  11]+0.001*[#  12]+0.001*[#   6]+0.001*[#  10]
          
    |psi|^2 = 1.000
==== e(   3) =   -10.83598 eV ==== 
     psi = 0.422*[#   5]+0.422*[#   9]+0.071*[#   2]+0.071*[#   4]+0.002*[#   7]
          +0.002*[#   8]+0.002*[#  11]+0.002*[#  12]
    |psi|^2 = 0.995
==== e(   4) =   -10.17969 eV ==== 
     psi = 0.494*[#   5]+0.494*[#   9]
    |psi|^2 = 0.989
==== e(   5) =     1.04935 eV ==== 
     psi = 0.223*[#   7]+0.223*[#   8]+0.223*[#  11]+0.223*[#  12]+0.018*[#   2]
          +0.018*[#   4]+0.013*[#   5]+0.013*[#   9]+0.001*[#   6]+0.001*[#  10]
          
    |psi|^2 = 0.957
==== e(   6) =     1.83008 eV ==== 
     psi = 0.205*[#   6]+0.205*[#  10]+0.131*[#   7]+0.131*[#   8]+0.131*[#  11]
          +0.131*[#  12]+0.007*[#   2]+0.007*[#   4]
    |psi|^2 = 0.948
==== e(   7) =     2.76775 eV ==== 
     psi = 0.237*[#   6]+0.237*[#  10]+0.098*[#   7]+0.098*[#   8]+0.098*[#  11]
          +0.098*[#  12]+0.058*[#   2]+0.058*[#   4]+0.001*[#   1]+0.001*[#   3]
          
    |psi|^2 = 0.984
==== e(   8) =     3.33211 eV ==== 
     psi = 0.216*[#   7]+0.216*[#   8]+0.216*[#  11]+0.216*[#  12]+0.027*[#   2]
          +0.027*[#   4]+0.013*[#   6]+0.013*[#  10]+0.010*[#   5]+0.010*[#   9]
          +0.001*[#   1]+0.001*[#   3]
    |psi|^2 = 0.968
==== e(   9) =     4.10271 eV ==== 
     psi = 0.228*[#   7]+0.228*[#   8]+0.228*[#  11]+0.228*[#  12]+0.017*[#   6]
          +0.017*[#  10]+0.009*[#   2]+0.009*[#   4]
    |psi|^2 = 0.965
==== e(  10) =     4.49432 eV ==== 
     psi = 0.463*[#   6]+0.463*[#  10]+0.006*[#   7]+0.006*[#   8]+0.006*[#  11]
          +0.006*[#  12]+0.005*[#   2]+0.005*[#   4]
    |psi|^2 = 0.961
==== e(  11) =    15.91718 eV ==== 
     psi = 0.015*[#   2]+0.015*[#   4]+0.008*[#   6]+0.008*[#  10]+0.005*[#   7]
          +0.005*[#   8]+0.005*[#  11]+0.005*[#  12]
    |psi|^2 = 0.066
==== e(  12) =    17.63697 eV ==== 
     psi = 0.142*[#   2]+0.142*[#   4]+0.024*[#   5]+0.024*[#   9]+0.016*[#   7]
          +0.016*[#   8]+0.016*[#  11]+0.016*[#  12]
    |psi|^2 = 0.398
==== e(  13) =    19.85069 eV ==== 
     psi = 0.092*[#   2]+0.092*[#   4]+0.014*[#   7]+0.014*[#   8]+0.014*[#  11]
          +0.014*[#  12]+0.014*[#   5]+0.014*[#   9]+0.004*[#   6]+0.004*[#  10]
          
    |psi|^2 = 0.277
==== e(  14) =    20.91643 eV ==== 
     psi = 0.062*[#   2]+0.062*[#   4]+0.012*[#   7]+0.012*[#   8]+0.012*[#  11]
          +0.012*[#  12]+0.003*[#   6]+0.003*[#  10]
    |psi|^2 = 0.180

 k =   0.2500000000  0.4330127019  0.0615999300
==== e(   1) =   -90.49855 eV ==== 
     psi = 0.496*[#   1]+0.496*[#   3]+0.001*[#   7]+0.001*[#   8]+0.001*[#  11]
          +0.001*[#  12]
    |psi|^2 = 1.000
==== e(   2) =   -90.49777 eV ==== 
     psi = 0.494*[#   1]+0.494*[#   3]+0.002*[#   2]+0.002*[#   4]+0.001*[#   7]
          +0.001*[#   8]+0.001*[#  11]+0.001*[#  12]+0.001*[#   6]+0.001*[#  10]
          
    |psi|^2 = 1.000
==== e(   3) =   -10.82119 eV ==== 
     psi = 0.424*[#   5]+0.424*[#   9]+0.069*[#   2]+0.069*[#   4]+0.002*[#   7]
          +0.002*[#   8]+0.002*[#  11]+0.002*[#  12]
    |psi|^2 = 0.995
==== e(   4) =   -10.19716 eV ==== 
     psi = 0.493*[#   5]+0.493*[#   9]
    |psi|^2 = 0.989
==== e(   5) =     1.07550 eV ==== 
     psi = 0.222*[#   7]+0.222*[#   8]+0.222*[#  11]+0.222*[#  12]+0.020*[#   2]
          +0.020*[#   4]+0.013*[#   5]+0.013*[#   9]+0.003*[#   6]+0.003*[#  10]
          
    |psi|^2 = 0.957
==== e(   6) =     1.73571 eV ==== 
     psi = 0.193*[#   6]+0.193*[#  10]+0.132*[#   7]+0.132*[#   8]+0.132*[#  11]
          +0.132*[#  12]+0.023*[#   2]+0.023*[#   4]
    |psi|^2 = 0.958
==== e(   7) =     2.92008 eV ==== 
     psi = 0.242*[#   6]+0.242*[#  10]+0.101*[#   7]+0.101*[#   8]+0.101*[#  11]
          +0.101*[#  12]+0.041*[#   2]+0.041*[#   4]
    |psi|^2 = 0.973
==== e(   8) =     3.22538 eV ==== 
     psi = 0.200*[#   7]+0.200*[#   8]+0.200*[#  11]+0.200*[#  12]+0.046*[#   6]
          +0.046*[#  10]+0.027*[#   2]+0.027*[#   4]+0.009*[#   5]+0.009*[#   9]
          +0.001*[#   1]+0.001*[#   3]
    |psi|^2 = 0.967
==== e(   9) =     4.05468 eV ==== 
     psi = 0.224*[#   7]+0.224*[#   8]+0.224*[#  11]+0.224*[#  12]+0.023*[#   6]
          +0.023*[#  10]+0.010*[#   2]+0.010*[#   4]
    |psi|^2 = 0.964
==== e(  10) =     4.59555 eV ==== 
     psi = 0.429*[#   6]+0.429*[#  10]+0.024*[#   7]+0.024*[#   8]+0.024*[#  11]
          +0.024*[#  12]+0.004*[#   2]+0.004*[#   4]
    |psi|^2 = 0.962
==== e(  11) =    15.99649 eV ==== 
     psi = 0.016*[#   2]+0.016*[#   4]+0.008*[#   6]+0.008*[#  10]+0.006*[#   7]
          +0.006*[#   8]+0.006*[#  11]+0.006*[#  12]
    |psi|^2 = 0.071
==== e(  12) =    17.52701 eV ==== 
     psi = 0.142*[#   2]+0.142*[#   4]+0.024*[#   5]+0.024*[#   9]+0.016*[#   7]
          +0.016*[#   8]+0.016*[#  11]+0.016*[#  12]
    |psi|^2 = 0.395
==== e(  13) =    19.72373 eV ==== 
     psi = 0.072*[#   2]+0.072*[#   4]+0.012*[#   7]+0.012*[#   8]+0.012*[#  11]
          +0.012*[#  12]+0.011*[#   5]+0.011*[#   9]+0.003*[#   6]+0.003*[#  10]
          
    |psi|^2 = 0.222
==== e(  14) =    20.68073 eV ==== 
     psi = 0.038*[#   2]+0.038*[#   4]+0.009*[#   7]+0.009*[#   8]+0.009*[#  11]
          +0.009*[#  12]+0.003*[#   6]+0.003*[#  10]
    |psi|^2 = 0.122

 k =   0.2500000000  0.4330127019  0.1231998600
==== e(   1) =   -90.49849 eV ==== 
     psi = 0.496*[#   1]+0.496*[#   3]+0.001*[#   7]+0.001*[#   8]+0.001*[#  11]
          +0.001*[#  12]
    |psi|^2 = 1.000
==== e(   2) =   -90.49783 eV ==== 
     psi = 0.494*[#   1]+0.494*[#   3]+0.002*[#   2]+0.002*[#   4]+0.001*[#   7]
          +0.001*[#   8]+0.001*[#  11]+0.001*[#  12]+0.001*[#   6]+0.001*[#  10]
          
    |psi|^2 = 1.000
==== e(   3) =   -10.77795 eV ==== 
     psi = 0.430*[#   5]+0.430*[#   9]+0.062*[#   2]+0.062*[#   4]+0.002*[#   7]
          +0.002*[#   8]+0.002*[#  11]+0.002*[#  12]
    |psi|^2 = 0.994
==== e(   4) =   -10.24741 eV ==== 
     psi = 0.490*[#   5]+0.490*[#   9]+0.004*[#   2]+0.004*[#   4]
    |psi|^2 = 0.989
==== e(   5) =     1.14579 eV ==== 
     psi = 0.217*[#   7]+0.217*[#   8]+0.217*[#  11]+0.217*[#  12]+0.024*[#   2]
          +0.024*[#   4]+0.013*[#   5]+0.013*[#   9]+0.010*[#   6]+0.010*[#  10]
          
    |psi|^2 = 0.960
==== e(   6) =     1.57215 eV ==== 
     psi = 0.170*[#   6]+0.170*[#  10]+0.136*[#   7]+0.136*[#   8]+0.136*[#  11]
          +0.136*[#  12]+0.043*[#   2]+0.043*[#   4]
    |psi|^2 = 0.971
==== e(   7) =     3.01390 eV ==== 
     psi = 0.182*[#   7]+0.182*[#   8]+0.182*[#  11]+0.182*[#  12]+0.084*[#   6]
          +0.084*[#  10]+0.026*[#   2]+0.026*[#   4]+0.007*[#   5]+0.007*[#   9]
          +0.001*[#   1]+0.001*[#   3]
    |psi|^2 = 0.965
==== e(   8) =     3.19958 eV ==== 
     psi = 0.222*[#   6]+0.222*[#  10]+0.120*[#   7]+0.120*[#   8]+0.120*[#  11]
          +0.120*[#  12]+0.015*[#   2]+0.015*[#   4]
    |psi|^2 = 0.956
==== e(   9) =     3.97242 eV ==== 
     psi = 0.200*[#   7]+0.200*[#   8]+0.200*[#  11]+0.200*[#  12]+0.065*[#   6]
          +0.065*[#  10]+0.015*[#   2]+0.015*[#   4]+0.001*[#   5]+0.001*[#   9]
          
    |psi|^2 = 0.964
==== e(  10) =     4.78639 eV ==== 
     psi = 0.382*[#   6]+0.382*[#  10]+0.048*[#   7]+0.048*[#   8]+0.048*[#  11]
          +0.048*[#  12]+0.003*[#   2]+0.003*[#   4]
    |psi|^2 = 0.964
==== e(  11) =    16.19269 eV ==== 
     psi = 0.019*[#   2]+0.019*[#   4]+0.009*[#   6]+0.009*[#  10]+0.007*[#   7]
          +0.007*[#   8]+0.007*[#  11]+0.007*[#  12]
    |psi|^2 = 0.084
==== e(  12) =    17.24034 eV ==== 
     psi = 0.135*[#   2]+0.135*[#   4]+0.022*[#   5]+0.022*[#   9]+0.014*[#   7]
          +0.014*[#   8]+0.014*[#  11]+0.014*[#  12]
    |psi|^2 = 0.370
==== e(  13) =    19.52268 eV ==== 
     psi = 0.045*[#   2]+0.045*[#   4]+0.010*[#   7]+0.010*[#   8]+0.010*[#  11]
          +0.010*[#  12]+0.007*[#   5]+0.007*[#   9]+0.002*[#   6]+0.002*[#  10]
          
    |psi|^2 = 0.148
==== e(  14) =    20.18564 eV ==== 
     psi = 0.014*[#   2]+0.014*[#   4]+0.007*[#   7]+0.007*[#   8]+0.007*[#  11]
          +0.007*[#  12]+0.003*[#   6]+0.003*[#  10]+0.001*[#   5]+0.001*[#   9]
          
    |psi|^2 = 0.062

 k =   0.2500000000  0.4330127019  0.1847997900
==== e(   1) =   -90.49840 eV ==== 
     psi = 0.496*[#   1]+0.496*[#   3]+0.001*[#   7]+0.001*[#   8]+0.001*[#  11]
          +0.001*[#  12]
    |psi|^2 = 1.000
==== e(   2) =   -90.49792 eV ==== 
     psi = 0.494*[#   1]+0.494*[#   3]+0.002*[#   2]+0.002*[#   4]+0.001*[#   7]
          +0.001*[#   8]+0.001*[#  11]+0.001*[#  12]+0.001*[#   6]+0.001*[#  10]
          
    |psi|^2 = 1.000
==== e(   3) =   -10.70961 eV ==== 
     psi = 0.440*[#   5]+0.440*[#   9]+0.052*[#   2]+0.052*[#   4]+0.002*[#   7]
          +0.002*[#   8]+0.002*[#  11]+0.002*[#  12]
    |psi|^2 = 0.993
==== e(   4) =   -10.32441 eV ==== 
     psi = 0.484*[#   5]+0.484*[#   9]+0.009*[#   2]+0.009*[#   4]
    |psi|^2 = 0.990
==== e(   5) =     1.23479 eV ==== 
     psi = 0.206*[#   7]+0.206*[#   8]+0.206*[#  11]+0.206*[#  12]+0.032*[#   2]
          +0.032*[#   4]+0.025*[#   6]+0.025*[#  10]+0.013*[#   5]+0.013*[#   9]
          
    |psi|^2 = 0.965
==== e(   6) =     1.44604 eV ==== 
     psi = 0.145*[#   6]+0.145*[#  10]+0.143*[#   7]+0.143*[#   8]+0.143*[#  11]
          +0.143*[#  12]+0.055*[#   2]+0.055*[#   4]+0.002*[#   5]+0.002*[#   9]
          +0.001*[#   1]+0.001*[#   3]
    |psi|^2 = 0.979
==== e(   7) =     2.84072 eV ==== 
     psi = 0.178*[#   7]+0.178*[#   8]+0.178*[#  11]+0.178*[#  12]+0.098*[#   6]
          +0.098*[#  10]+0.023*[#   2]+0.023*[#   4]+0.004*[#   5]+0.004*[#   9]
          +0.001*[#   1]+0.001*[#   3]
    |psi|^2 = 0.962
==== e(   8) =     3.26688 eV ==== 
     psi = 0.177*[#   7]+0.177*[#   8]+0.177*[#  11]+0.177*[#  12]+0.120*[#   6]
          +0.120*[#  10]
    |psi|^2 = 0.947
==== e(   9) =     4.09310 eV ==== 
     psi = 0.193*[#   6]+0.193*[#  10]+0.136*[#   7]+0.136*[#   8]+0.136*[#  11]
          +0.136*[#  12]+0.016*[#   2]+0.016*[#   4]+0.001*[#   5]+0.001*[#   9]
          
    |psi|^2 = 0.963
==== e(  10) =     4.91779 eV ==== 
     psi = 0.350*[#   6]+0.350*[#  10]+0.066*[#   7]+0.066*[#   8]+0.066*[#  11]
          +0.066*[#  12]
    |psi|^2 = 0.965
==== e(  11) =    16.39814 eV ==== 
     psi = 0.026*[#   2]+0.026*[#   4]+0.009*[#   6]+0.009*[#  10]+0.008*[#   7]
          +0.008*[#   8]+0.008*[#  11]+0.008*[#  12]+0.002*[#   5]+0.002*[#   9]
          
    |psi|^2 = 0.105
==== e(  12) =    16.90826 eV ==== 
     psi = 0.116*[#   2]+0.116*[#   4]+0.018*[#   5]+0.018*[#   9]+0.011*[#   7]
          +0.011*[#   8]+0.011*[#  11]+0.011*[#  12]
    |psi|^2 = 0.315
==== e(  13) =    19.39764 eV ==== 
     psi = 0.031*[#   2]+0.031*[#   4]+0.010*[#   7]+0.010*[#   8]+0.010*[#  11]
          +0.010*[#  12]+0.005*[#   5]+0.005*[#   9]
    |psi|^2 = 0.111
==== e(  14) =    19.72097 eV ==== 
     psi = 0.009*[#   2]+0.009*[#   4]+0.006*[#   7]+0.006*[#   8]+0.006*[#  11]
          +0.006*[#  12]+0.002*[#   6]+0.002*[#  10]+0.002*[#   5]+0.002*[#   9]
          
    |psi|^2 = 0.050

 k =   0.2500000000  0.4330127019  0.2463997200
==== e(   1) =   -90.49828 eV ==== 
     psi = 0.495*[#   1]+0.495*[#   3]+0.001*[#   7]+0.001*[#   8]+0.001*[#  11]
          +0.001*[#  12]
    |psi|^2 = 1.000
==== e(   2) =   -90.49803 eV ==== 
     psi = 0.494*[#   1]+0.494*[#   3]+0.002*[#   2]+0.002*[#   4]+0.001*[#   7]
          +0.001*[#   8]+0.001*[#  11]+0.001*[#  12]+0.001*[#   6]+0.001*[#  10]
          
    |psi|^2 = 1.000
==== e(   3) =   -10.62171 eV ==== 
     psi = 0.452*[#   5]+0.452*[#   9]+0.040*[#   2]+0.040*[#   4]+0.001*[#   7]
          +0.001*[#   8]+0.001*[#  11]+0.001*[#  12]
    |psi|^2 = 0.992
==== e(   4) =   -10.41931 eV ==== 
     psi = 0.476*[#   5]+0.476*[#   9]+0.017*[#   2]+0.017*[#   4]
    |psi|^2 = 0.990
==== e(   5) =     1.30608 eV ==== 
     psi = 0.189*[#   7]+0.189*[#   8]+0.189*[#  11]+0.189*[#  12]+0.051*[#   6]
          +0.051*[#  10]+0.044*[#   2]+0.044*[#   4]+0.012*[#   5]+0.012*[#   9]
          +0.001*[#   1]+0.001*[#   3]
    |psi|^2 = 0.972
==== e(   6) =     1.37679 eV ==== 
     psi = 0.154*[#   7]+0.154*[#   8]+0.154*[#  11]+0.154*[#  12]+0.117*[#   6]
          +0.117*[#  10]+0.059*[#   2]+0.059*[#   4]+0.005*[#   5]+0.005*[#   9]
          +0.001*[#   1]+0.001*[#   3]
    |psi|^2 = 0.982
==== e(   7) =     2.79022 eV ==== 
     psi = 0.184*[#   7]+0.184*[#   8]+0.184*[#  11]+0.184*[#  12]+0.092*[#   6]
          +0.092*[#  10]+0.016*[#   2]+0.016*[#   4]+0.001*[#   5]+0.001*[#   9]
          
    |psi|^2 = 0.955
==== e(   8) =     3.08570 eV ==== 
     psi = 0.197*[#   7]+0.197*[#   8]+0.197*[#  11]+0.197*[#  12]+0.076*[#   6]
          +0.076*[#  10]+0.003*[#   2]+0.003*[#   4]
    |psi|^2 = 0.947
==== e(   9) =     4.42539 eV ==== 
     psi = 0.266*[#   6]+0.266*[#  10]+0.103*[#   7]+0.103*[#   8]+0.103*[#  11]
          +0.103*[#  12]+0.007*[#   2]+0.007*[#   4]
    |psi|^2 = 0.960
==== e(  10) =     4.90792 eV ==== 
     psi = 0.325*[#   6]+0.325*[#  10]+0.078*[#   7]+0.078*[#   8]+0.078*[#  11]
          +0.078*[#  12]
    |psi|^2 = 0.964
==== e(  11) =    16.51363 eV ==== 
     psi = 0.041*[#   2]+0.041*[#   4]+0.008*[#   6]+0.008*[#  10]+0.008*[#   7]
          +0.008*[#   8]+0.008*[#  11]+0.008*[#  12]+0.004*[#   5]+0.004*[#   9]
          
    |psi|^2 = 0.138
==== e(  12) =    16.66825 eV ==== 
     psi = 0.090*[#   2]+0.090*[#   4]+0.013*[#   5]+0.013*[#   9]+0.009*[#   7]
          +0.009*[#   8]+0.009*[#  11]+0.009*[#  12]+0.003*[#   6]+0.003*[#  10]
          
    |psi|^2 = 0.248
==== e(  13) =    19.34292 eV ==== 
     psi = 0.025*[#   2]+0.025*[#   4]+0.009*[#   7]+0.009*[#   8]+0.009*[#  11]
          +0.009*[#  12]+0.003*[#   5]+0.003*[#   9]
    |psi|^2 = 0.096
==== e(  14) =    19.44073 eV ==== 
     psi = 0.015*[#   2]+0.015*[#   4]+0.007*[#   7]+0.007*[#   8]+0.007*[#  11]
          +0.007*[#  12]+0.002*[#   5]+0.002*[#   9]
    |psi|^2 = 0.064

 k =   0.2500000000  0.4330127019 -0.3079996500
==== e(   1) =   -90.49816 eV ==== 
     psi = 0.495*[#   1]+0.495*[#   3]+0.001*[#   7]+0.001*[#   8]+0.001*[#  11]
          +0.001*[#  12]+0.001*[#   2]+0.001*[#   4]
    |psi|^2 = 1.000
==== e(   2) =   -90.49815 eV ==== 
     psi = 0.495*[#   1]+0.495*[#   3]+0.001*[#   7]+0.001*[#   8]+0.001*[#  11]
          +0.001*[#  12]+0.001*[#   2]+0.001*[#   4]
    |psi|^2 = 1.000
==== e(   3) =   -10.52185 eV ==== 
     psi = 0.465*[#   5]+0.465*[#   9]+0.028*[#   2]+0.028*[#   4]
    |psi|^2 = 0.991
==== e(   4) =   -10.52185 eV ==== 
     psi = 0.465*[#   5]+0.465*[#   9]+0.028*[#   2]+0.028*[#   4]
    |psi|^2 = 0.991
==== e(   5) =     1.34390 eV ==== 
     psi = 0.170*[#   7]+0.170*[#   8]+0.170*[#  11]+0.170*[#  12]+0.085*[#   6]
          +0.085*[#  10]+0.054*[#   2]+0.054*[#   4]+0.009*[#   5]+0.009*[#   9]
          +0.001*[#   1]+0.001*[#   3]
    |psi|^2 = 0.979
==== e(   6) =     1.34390 eV ==== 
     psi = 0.170*[#   7]+0.170*[#   8]+0.170*[#  11]+0.170*[#  12]+0.085*[#   6]
          +0.085*[#  10]+0.054*[#   2]+0.054*[#   4]+0.009*[#   5]+0.009*[#   9]
          +0.001*[#   1]+0.001*[#   3]
    |psi|^2 = 0.979
==== e(   7) =     2.88782 eV ==== 
     psi = 0.194*[#   7]+0.194*[#   8]+0.194*[#  11]+0.194*[#  12]+0.078*[#   6]
          +0.078*[#  10]+0.009*[#   2]+0.009*[#   4]
    |psi|^2 = 0.950
==== e(   8) =     2.88782 eV ==== 
     psi = 0.194*[#   7]+0.194*[#   8]+0.194*[#  11]+0.194*[#  12]+0.078*[#   6]
          +0.078*[#  10]+0.009*[#   2]+0.009*[#   4]
    |psi|^2 = 0.950
==== e(   9) =     4.73254 eV ==== 
     psi = 0.300*[#   6]+0.300*[#  10]+0.090*[#   7]+0.090*[#   8]+0.090*[#  11]
          +0.090*[#  12]+0.002*[#   2]+0.002*[#   4]
    |psi|^2 = 0.962
==== e(  10) =     4.73254 eV ==== 
     psi = 0.300*[#   6]+0.300*[#  10]+0.090*[#   7]+0.090*[#   8]+0.090*[#  11]
          +0.090*[#  12]+0.002*[#   2]+0.002*[#   4]
    |psi|^2 = 0.962
==== e(  11) =    16.56238 eV ==== 
     psi = 0.063*[#   2]+0.063*[#   4]+0.008*[#   5]+0.008*[#   9]+0.008*[#   7]
          +0.008*[#   8]+0.008*[#  11]+0.008*[#  12]+0.006*[#   6]+0.006*[#  10]
          
    |psi|^2 = 0.186
==== e(  12) =    16.56239 eV ==== 
     psi = 0.063*[#   2]+0.063*[#   4]+0.008*[#   5]+0.008*[#   9]+0.008*[#   7]
          +0.008*[#   8]+0.008*[#  11]+0.008*[#  12]+0.006*[#   6]+0.006*[#  10]
          
    |psi|^2 = 0.186
==== e(  13) =    19.34291 eV ==== 
     psi = 0.021*[#   2]+0.021*[#   4]+0.009*[#   7]+0.009*[#   8]+0.009*[#  11]
          +0.009*[#  12]+0.003*[#   5]+0.003*[#   9]
    |psi|^2 = 0.082
==== e(  14) =    19.34291 eV ==== 
     psi = 0.021*[#   2]+0.021*[#   4]+0.009*[#   7]+0.009*[#   8]+0.009*[#  11]
          +0.009*[#  12]+0.003*[#   5]+0.003*[#   9]
    |psi|^2 = 0.082

 k =   0.2500000000  0.4907477288  0.0000000000
==== e(   1) =   -90.49834 eV ==== 
     psi = 0.495*[#   1]+0.495*[#   3]+0.002*[#   7]+0.002*[#   8]+0.002*[#  11]
          +0.002*[#  12]
    |psi|^2 = 1.000
==== e(   2) =   -90.49777 eV ==== 
     psi = 0.494*[#   1]+0.494*[#   3]+0.002*[#   2]+0.002*[#   4]+0.001*[#   7]
          +0.001*[#   8]+0.001*[#  11]+0.001*[#  12]
    |psi|^2 = 1.000
==== e(   3) =   -10.64722 eV ==== 
     psi = 0.442*[#   5]+0.442*[#   9]+0.051*[#   2]+0.051*[#   4]+0.002*[#   7]
          +0.002*[#   8]+0.002*[#  11]+0.002*[#  12]
    |psi|^2 = 0.994
==== e(   4) =   -10.20304 eV ==== 
     psi = 0.491*[#   5]+0.491*[#   9]+0.003*[#   2]+0.003*[#   4]
    |psi|^2 = 0.990
==== e(   5) =     0.79218 eV ==== 
     psi = 0.227*[#   7]+0.227*[#   8]+0.227*[#  11]+0.227*[#  12]+0.013*[#   2]
          +0.013*[#   4]+0.006*[#   5]+0.006*[#   9]+0.003*[#   6]+0.003*[#  10]
          
    |psi|^2 = 0.953
==== e(   6) =     2.02744 eV ==== 
     psi = 0.163*[#   7]+0.163*[#   8]+0.163*[#  11]+0.163*[#  12]+0.133*[#   6]
          +0.133*[#  10]+0.018*[#   2]+0.018*[#   4]+0.001*[#   5]+0.001*[#   9]
          
    |psi|^2 = 0.957
==== e(   7) =     2.89030 eV ==== 
     psi = 0.161*[#   6]+0.161*[#  10]+0.143*[#   7]+0.143*[#   8]+0.143*[#  11]
          +0.143*[#  12]+0.033*[#   2]+0.033*[#   4]+0.004*[#   5]+0.004*[#   9]
          
    |psi|^2 = 0.968
==== e(   8) =     3.11545 eV ==== 
     psi = 0.157*[#   6]+0.157*[#  10]+0.142*[#   7]+0.142*[#   8]+0.142*[#  11]
          +0.142*[#  12]+0.040*[#   2]+0.040*[#   4]+0.005*[#   5]+0.005*[#   9]
          +0.001*[#   1]+0.001*[#   3]
    |psi|^2 = 0.974
==== e(   9) =     3.85123 eV ==== 
     psi = 0.209*[#   7]+0.209*[#   8]+0.209*[#  11]+0.209*[#  12]+0.051*[#   6]
          +0.051*[#  10]+0.013*[#   2]+0.013*[#   4]+0.001*[#   5]+0.001*[#   9]
          
    |psi|^2 = 0.966
==== e(  10) =     4.24136 eV ==== 
     psi = 0.433*[#   6]+0.433*[#  10]+0.018*[#   7]+0.018*[#   8]+0.018*[#  11]
          +0.018*[#  12]+0.010*[#   2]+0.010*[#   4]
    |psi|^2 = 0.963
==== e(  11) =    15.57562 eV ==== 
     psi = 0.006*[#   2]+0.006*[#   4]+0.005*[#   7]+0.005*[#   8]+0.005*[#  11]
          +0.005*[#  12]+0.005*[#   6]+0.005*[#  10]
    |psi|^2 = 0.043
==== e(  12) =    18.12699 eV ==== 
     psi = 0.078*[#   2]+0.078*[#   4]+0.013*[#   7]+0.013*[#   8]+0.013*[#  11]
          +0.013*[#  12]+0.010*[#   5]+0.010*[#   9]
    |psi|^2 = 0.227
==== e(  13) =    19.86756 eV ==== 
     psi = 0.124*[#   2]+0.124*[#   4]+0.016*[#   7]+0.016*[#   8]+0.016*[#  11]
          +0.016*[#  12]+0.014*[#   5]+0.014*[#   9]+0.004*[#   6]+0.004*[#  10]
          
    |psi|^2 = 0.349
==== e(  14) =    20.84411 eV ==== 
     psi = 0.065*[#   2]+0.065*[#   4]+0.013*[#   7]+0.013*[#   8]+0.013*[#  11]
          +0.013*[#  12]+0.005*[#   6]+0.005*[#  10]
    |psi|^2 = 0.193

 k =   0.2500000000  0.4907477288  0.0615999300
==== e(   1) =   -90.49833 eV ==== 
     psi = 0.495*[#   1]+0.495*[#   3]+0.002*[#   7]+0.002*[#   8]+0.002*[#  11]
          +0.002*[#  12]
    |psi|^2 = 1.000
==== e(   2) =   -90.49779 eV ==== 
     psi = 0.494*[#   1]+0.494*[#   3]+0.002*[#   2]+0.002*[#   4]+0.001*[#   7]
          +0.001*[#   8]+0.001*[#  11]+0.001*[#  12]
    |psi|^2 = 1.000
==== e(   3) =   -10.63683 eV ==== 
     psi = 0.444*[#   5]+0.444*[#   9]+0.049*[#   2]+0.049*[#   4]+0.002*[#   7]
          +0.002*[#   8]+0.002*[#  11]+0.002*[#  12]
    |psi|^2 = 0.993
==== e(   4) =   -10.21438 eV ==== 
     psi = 0.491*[#   5]+0.491*[#   9]+0.003*[#   2]+0.003*[#   4]
    |psi|^2 = 0.990
==== e(   5) =     0.82403 eV ==== 
     psi = 0.225*[#   7]+0.225*[#   8]+0.225*[#  11]+0.225*[#  12]+0.015*[#   2]
          +0.015*[#   4]+0.006*[#   5]+0.006*[#   9]+0.005*[#   6]+0.005*[#  10]
          
    |psi|^2 = 0.954
==== e(   6) =     1.92285 eV ==== 
     psi = 0.157*[#   7]+0.157*[#   8]+0.157*[#  11]+0.157*[#  12]+0.138*[#   6]
          +0.138*[#  10]+0.030*[#   2]+0.030*[#   4]
    |psi|^2 = 0.964
==== e(   7) =     2.84427 eV ==== 
     psi = 0.179*[#   7]+0.179*[#   8]+0.179*[#  11]+0.179*[#  12]+0.088*[#   6]
          +0.088*[#  10]+0.030*[#   2]+0.030*[#   4]+0.007*[#   5]+0.007*[#   9]
          
    |psi|^2 = 0.967
==== e(   8) =     3.17893 eV ==== 
     psi = 0.231*[#   6]+0.231*[#  10]+0.110*[#   7]+0.110*[#   8]+0.110*[#  11]
          +0.110*[#  12]+0.029*[#   2]+0.029*[#   4]+0.002*[#   5]+0.002*[#   9]
          
    |psi|^2 = 0.966
==== e(   9) =     3.81867 eV ==== 
     psi = 0.198*[#   7]+0.198*[#   8]+0.198*[#  11]+0.198*[#  12]+0.069*[#   6]
          +0.069*[#  10]+0.017*[#   2]+0.017*[#   4]+0.001*[#   5]+0.001*[#   9]
          
    |psi|^2 = 0.968
==== e(  10) =     4.36049 eV ==== 
     psi = 0.408*[#   6]+0.408*[#  10]+0.032*[#   7]+0.032*[#   8]+0.032*[#  11]
          +0.032*[#  12]+0.009*[#   2]+0.009*[#   4]
    |psi|^2 = 0.963
==== e(  11) =    15.68192 eV ==== 
     psi = 0.007*[#   2]+0.007*[#   4]+0.006*[#   7]+0.006*[#   8]+0.006*[#  11]
          +0.006*[#  12]+0.005*[#   6]+0.005*[#  10]
    |psi|^2 = 0.047
==== e(  12) =    18.02790 eV ==== 
     psi = 0.082*[#   2]+0.082*[#   4]+0.012*[#   7]+0.012*[#   8]+0.012*[#  11]
          +0.012*[#  12]+0.011*[#   5]+0.011*[#   9]
    |psi|^2 = 0.236
==== e(  13) =    19.68647 eV ==== 
     psi = 0.098*[#   2]+0.098*[#   4]+0.013*[#   7]+0.013*[#   8]+0.013*[#  11]
          +0.013*[#  12]+0.011*[#   5]+0.011*[#   9]+0.003*[#   6]+0.003*[#  10]
          
    |psi|^2 = 0.279
==== e(  14) =    20.57731 eV ==== 
     psi = 0.042*[#   2]+0.042*[#   4]+0.010*[#   7]+0.010*[#   8]+0.010*[#  11]
          +0.010*[#  12]+0.005*[#   6]+0.005*[#  10]
    |psi|^2 = 0.139

 k =   0.2500000000  0.4907477288  0.1231998600
==== e(   1) =   -90.49829 eV ==== 
     psi = 0.495*[#   1]+0.495*[#   3]+0.002*[#   7]+0.002*[#   8]+0.002*[#  11]
          +0.002*[#  12]
    |psi|^2 = 1.000
==== e(   2) =   -90.49783 eV ==== 
     psi = 0.494*[#   1]+0.494*[#   3]+0.002*[#   2]+0.002*[#   4]+0.001*[#   7]
          +0.001*[#   8]+0.001*[#  11]+0.001*[#  12]
    |psi|^2 = 1.000
==== e(   3) =   -10.60654 eV ==== 
     psi = 0.450*[#   5]+0.450*[#   9]+0.043*[#   2]+0.043*[#   4]+0.001*[#   7]
          +0.001*[#   8]+0.001*[#  11]+0.001*[#  12]
    |psi|^2 = 0.993
==== e(   4) =   -10.24717 eV ==== 
     psi = 0.490*[#   5]+0.490*[#   9]+0.004*[#   2]+0.004*[#   4]
    |psi|^2 = 0.989
==== e(   5) =     0.91305 eV ==== 
     psi = 0.220*[#   7]+0.220*[#   8]+0.220*[#  11]+0.220*[#  12]+0.019*[#   2]
          +0.019*[#   4]+0.012*[#   6]+0.012*[#  10]+0.006*[#   5]+0.006*[#   9]
          
    |psi|^2 = 0.956
==== e(   6) =     1.73117 eV ==== 
     psi = 0.154*[#   7]+0.154*[#   8]+0.154*[#  11]+0.154*[#  12]+0.133*[#   6]
          +0.133*[#  10]+0.045*[#   2]+0.045*[#   4]
    |psi|^2 = 0.973
==== e(   7) =     2.65186 eV ==== 
     psi = 0.174*[#   7]+0.174*[#   8]+0.174*[#  11]+0.174*[#  12]+0.097*[#   6]
          +0.097*[#  10]+0.033*[#   2]+0.033*[#   4]+0.005*[#   5]+0.005*[#   9]
          +0.001*[#   1]+0.001*[#   3]
    |psi|^2 = 0.968
==== e(   8) =     3.27110 eV ==== 
     psi = 0.167*[#   7]+0.167*[#   8]+0.167*[#  11]+0.167*[#  12]+0.135*[#   6]
          +0.135*[#  10]+0.005*[#   2]+0.005*[#   4]
    |psi|^2 = 0.950
==== e(   9) =     3.86967 eV ==== 
     psi = 0.189*[#   6]+0.189*[#  10]+0.135*[#   7]+0.135*[#   8]+0.135*[#  11]
          +0.135*[#  12]+0.024*[#   2]+0.024*[#   4]+0.001*[#   5]+0.001*[#   9]
          
    |psi|^2 = 0.970
==== e(  10) =     4.59919 eV ==== 
     psi = 0.372*[#   6]+0.372*[#  10]+0.052*[#   7]+0.052*[#   8]+0.052*[#  11]
          +0.052*[#  12]+0.005*[#   2]+0.005*[#   4]
    |psi|^2 = 0.963
==== e(  11) =    15.95983 eV ==== 
     psi = 0.009*[#   2]+0.009*[#   4]+0.007*[#   7]+0.007*[#   8]+0.007*[#  11]
          +0.007*[#  12]+0.005*[#   6]+0.005*[#  10]
    |psi|^2 = 0.058
==== e(  12) =    17.74131 eV ==== 
     psi = 0.083*[#   2]+0.083*[#   4]+0.011*[#   7]+0.011*[#   8]+0.011*[#  11]
          +0.011*[#  12]+0.011*[#   5]+0.011*[#   9]
    |psi|^2 = 0.235
==== e(  13) =    19.37773 eV ==== 
     psi = 0.057*[#   2]+0.057*[#   4]+0.010*[#   7]+0.010*[#   8]+0.010*[#  11]
          +0.010*[#  12]+0.007*[#   5]+0.007*[#   9]+0.002*[#   6]+0.002*[#  10]
          
    |psi|^2 = 0.172
==== e(  14) =    20.02662 eV ==== 
     psi = 0.015*[#   2]+0.015*[#   4]+0.007*[#   7]+0.007*[#   8]+0.007*[#  11]
          +0.007*[#  12]+0.004*[#   6]+0.004*[#  10]
    |psi|^2 = 0.070

 k =   0.2500000000  0.4907477288  0.1847997900
==== e(   1) =   -90.49822 eV ==== 
     psi = 0.495*[#   1]+0.495*[#   3]+0.002*[#   7]+0.002*[#   8]+0.002*[#  11]
          +0.002*[#  12]+0.001*[#   2]+0.001*[#   4]
    |psi|^2 = 1.000
==== e(   2) =   -90.49789 eV ==== 
     psi = 0.494*[#   1]+0.494*[#   3]+0.002*[#   2]+0.002*[#   4]+0.001*[#   7]
          +0.001*[#   8]+0.001*[#  11]+0.001*[#  12]+0.001*[#   6]+0.001*[#  10]
          
    |psi|^2 = 1.000
==== e(   3) =   -10.55896 eV ==== 
     psi = 0.458*[#   5]+0.458*[#   9]+0.035*[#   2]+0.035*[#   4]+0.001*[#   7]
          +0.001*[#   8]+0.001*[#  11]+0.001*[#  12]
    |psi|^2 = 0.992
==== e(   4) =   -10.29786 eV ==== 
     psi = 0.488*[#   5]+0.488*[#   9]+0.006*[#   2]+0.006*[#   4]
    |psi|^2 = 0.989
==== e(   5) =     1.03919 eV ==== 
     psi = 0.210*[#   7]+0.210*[#   8]+0.210*[#  11]+0.210*[#  12]+0.028*[#   2]
          +0.028*[#   4]+0.026*[#   6]+0.026*[#  10]+0.006*[#   5]+0.006*[#   9]
          
    |psi|^2 = 0.960
==== e(   6) =     1.56001 eV ==== 
     psi = 0.158*[#   7]+0.158*[#   8]+0.158*[#  11]+0.158*[#  12]+0.117*[#   6]
          +0.117*[#  10]+0.054*[#   2]+0.054*[#   4]+0.001*[#   5]+0.001*[#   9]
          +0.001*[#   1]+0.001*[#   3]
    |psi|^2 = 0.979
==== e(   7) =     2.48413 eV ==== 
     psi = 0.171*[#   7]+0.171*[#   8]+0.171*[#  11]+0.171*[#  12]+0.105*[#   6]
          +0.105*[#  10]+0.031*[#   2]+0.031*[#   4]+0.003*[#   5]+0.003*[#   9]
          +0.001*[#   1]+0.001*[#   3]
    |psi|^2 = 0.966
==== e(   8) =     3.09192 eV ==== 
     psi = 0.202*[#   7]+0.202*[#   8]+0.202*[#  11]+0.202*[#  12]+0.065*[#   6]
          +0.065*[#  10]+0.004*[#   2]+0.004*[#   4]
    |psi|^2 = 0.948
==== e(   9) =     4.17737 eV ==== 
     psi = 0.273*[#   6]+0.273*[#  10]+0.097*[#   7]+0.097*[#   8]+0.097*[#  11]
          +0.097*[#  12]+0.014*[#   2]+0.014*[#   4]+0.001*[#   5]+0.001*[#   9]
          
    |psi|^2 = 0.964
==== e(  10) =     4.80046 eV ==== 
     psi = 0.348*[#   6]+0.348*[#  10]+0.066*[#   7]+0.066*[#   8]+0.066*[#  11]
          +0.066*[#  12]+0.002*[#   2]+0.002*[#   4]
    |psi|^2 = 0.964
==== e(  11) =    16.29806 eV ==== 
     psi = 0.014*[#   2]+0.014*[#   4]+0.008*[#   7]+0.008*[#   8]+0.008*[#  11]
          +0.008*[#  12]+0.004*[#   6]+0.004*[#  10]+0.001*[#   5]+0.001*[#   9]
          
    |psi|^2 = 0.073
==== e(  12) =    17.36332 eV ==== 
     psi = 0.070*[#   2]+0.070*[#   4]+0.009*[#   5]+0.009*[#   9]+0.009*[#   7]
          +0.009*[#   8]+0.009*[#  11]+0.009*[#  12]
    |psi|^2 = 0.197
==== e(  13) =    19.13452 eV ==== 
     psi = 0.031*[#   2]+0.031*[#   4]+0.008*[#   7]+0.008*[#   8]+0.008*[#  11]
          +0.008*[#  12]+0.004*[#   5]+0.004*[#   9]
    |psi|^2 = 0.104
==== e(  14) =    19.53154 eV ==== 
     psi = 0.007*[#   7]+0.007*[#   8]+0.007*[#  11]+0.007*[#  12]+0.005*[#   2]
          +0.005*[#   4]+0.003*[#   6]+0.003*[#  10]+0.001*[#   5]+0.001*[#   9]
          
    |psi|^2 = 0.045

 k =   0.2500000000  0.4907477288  0.2463997200
==== e(   1) =   -90.49814 eV ==== 
     psi = 0.495*[#   1]+0.495*[#   3]+0.001*[#   7]+0.001*[#   8]+0.001*[#  11]
          +0.001*[#  12]+0.001*[#   2]+0.001*[#   4]
    |psi|^2 = 1.000
==== e(   2) =   -90.49797 eV ==== 
     psi = 0.494*[#   1]+0.494*[#   3]+0.002*[#   2]+0.002*[#   4]+0.001*[#   7]
          +0.001*[#   8]+0.001*[#  11]+0.001*[#  12]
    |psi|^2 = 1.000
==== e(   3) =   -10.49830 eV ==== 
     psi = 0.467*[#   5]+0.467*[#   9]+0.026*[#   2]+0.026*[#   4]
    |psi|^2 = 0.991
==== e(   4) =   -10.36103 eV ==== 
     psi = 0.483*[#   5]+0.483*[#   9]+0.010*[#   2]+0.010*[#   4]
    |psi|^2 = 0.989
==== e(   5) =     1.17360 eV ==== 
     psi = 0.194*[#   7]+0.194*[#   8]+0.194*[#  11]+0.194*[#  12]+0.050*[#   6]
          +0.050*[#  10]+0.040*[#   2]+0.040*[#   4]+0.005*[#   5]+0.005*[#   9]
          
    |psi|^2 = 0.968
==== e(   6) =     1.42232 eV ==== 
     psi = 0.166*[#   7]+0.166*[#   8]+0.166*[#  11]+0.166*[#  12]+0.097*[#   6]
          +0.097*[#  10]+0.056*[#   2]+0.056*[#   4]+0.003*[#   5]+0.003*[#   9]
          +0.001*[#   1]+0.001*[#   3]
    |psi|^2 = 0.979
==== e(   7) =     2.44686 eV ==== 
     psi = 0.180*[#   7]+0.180*[#   8]+0.180*[#  11]+0.180*[#  12]+0.094*[#   6]
          +0.094*[#  10]+0.025*[#   2]+0.025*[#   4]
    |psi|^2 = 0.960
==== e(   8) =     2.81503 eV ==== 
     psi = 0.203*[#   7]+0.203*[#   8]+0.203*[#  11]+0.203*[#  12]+0.060*[#   6]
          +0.060*[#  10]+0.008*[#   2]+0.008*[#   4]
    |psi|^2 = 0.949
==== e(   9) =     4.52475 eV ==== 
     psi = 0.300*[#   6]+0.300*[#  10]+0.087*[#   7]+0.087*[#   8]+0.087*[#  11]
          +0.087*[#  12]+0.005*[#   2]+0.005*[#   4]
    |psi|^2 = 0.962
==== e(  10) =     4.87303 eV ==== 
     psi = 0.332*[#   6]+0.332*[#  10]+0.075*[#   7]+0.075*[#   8]+0.075*[#  11]
          +0.075*[#  12]
    |psi|^2 = 0.964
==== e(  11) =    16.57497 eV ==== 
     psi = 0.022*[#   2]+0.022*[#   4]+0.008*[#   7]+0.008*[#   8]+0.008*[#  11]
          +0.008*[#  12]+0.004*[#   6]+0.004*[#  10]+0.003*[#   5]+0.003*[#   9]
          
    |psi|^2 = 0.091
==== e(  12) =    17.03033 eV ==== 
     psi = 0.048*[#   2]+0.048*[#   4]+0.008*[#   7]+0.008*[#   8]+0.008*[#  11]
          +0.008*[#  12]+0.007*[#   5]+0.007*[#   9]+0.001*[#   6]+0.001*[#  10]
          
    |psi|^2 = 0.145
==== e(  13) =    19.00298 eV ==== 
     psi = 0.016*[#   2]+0.016*[#   4]+0.007*[#   7]+0.007*[#   8]+0.007*[#  11]
          +0.007*[#  12]+0.003*[#   5]+0.003*[#   9]
    |psi|^2 = 0.068
==== e(  14) =    19.22681 eV ==== 
     psi = 0.008*[#   7]+0.008*[#   8]+0.008*[#  11]+0.008*[#  12]+0.007*[#   2]
          +0.007*[#   4]+0.002*[#   5]+0.002*[#   9]+0.001*[#   6]+0.001*[#  10]
          
    |psi|^2 = 0.051

 k =   0.2500000000  0.4907477288 -0.3079996500
==== e(   1) =   -90.49806 eV ==== 
     psi = 0.494*[#   1]+0.494*[#   3]+0.002*[#   2]+0.002*[#   4]+0.001*[#   7]
          +0.001*[#   8]+0.001*[#  11]+0.001*[#  12]
    |psi|^2 = 1.000
==== e(   2) =   -90.49805 eV ==== 
     psi = 0.494*[#   1]+0.494*[#   3]+0.002*[#   2]+0.002*[#   4]+0.001*[#   7]
          +0.001*[#   8]+0.001*[#  11]+0.001*[#  12]
    |psi|^2 = 1.000
==== e(   3) =   -10.43015 eV ==== 
     psi = 0.476*[#   5]+0.476*[#   9]+0.017*[#   2]+0.017*[#   4]
    |psi|^2 = 0.990
==== e(   4) =   -10.43015 eV ==== 
     psi = 0.476*[#   5]+0.476*[#   9]+0.017*[#   2]+0.017*[#   4]
    |psi|^2 = 0.990
==== e(   5) =     1.29923 eV ==== 
     psi = 0.178*[#   7]+0.178*[#   8]+0.178*[#  11]+0.178*[#  12]+0.075*[#   6]
          +0.075*[#  10]+0.051*[#   2]+0.051*[#   4]+0.004*[#   5]+0.004*[#   9]
          +0.001*[#   1]+0.001*[#   3]
    |psi|^2 = 0.976
==== e(   6) =     1.29923 eV ==== 
     psi = 0.178*[#   7]+0.178*[#   8]+0.178*[#  11]+0.178*[#  12]+0.075*[#   6]
          +0.075*[#  10]+0.051*[#   2]+0.051*[#   4]+0.004*[#   5]+0.004*[#   9]
          +0.001*[#   1]+0.001*[#   3]
    |psi|^2 = 0.976
==== e(   7) =     2.57190 eV ==== 
     psi = 0.193*[#   7]+0.193*[#   8]+0.193*[#  11]+0.193*[#  12]+0.074*[#   6]
          +0.074*[#  10]+0.015*[#   2]+0.015*[#   4]
    |psi|^2 = 0.953
==== e(   8) =     2.57190 eV ==== 
     psi = 0.193*[#   7]+0.193*[#   8]+0.193*[#  11]+0.193*[#  12]+0.074*[#   6]
          +0.074*[#  10]+0.015*[#   2]+0.015*[#   4]
    |psi|^2 = 0.953
==== e(   9) =     4.77714 eV ==== 
     psi = 0.317*[#   6]+0.317*[#  10]+0.082*[#   7]+0.082*[#   8]+0.082*[#  11]
          +0.082*[#  12]+0.001*[#   2]+0.001*[#   4]
    |psi|^2 = 0.962
==== e(  10) =     4.77715 eV ==== 
     psi = 0.317*[#   6]+0.317*[#  10]+0.082*[#   7]+0.082*[#   8]+0.082*[#  11]
          +0.082*[#  12]+0.001*[#   2]+0.001*[#   4]
    |psi|^2 = 0.962
==== e(  11) =    16.78583 eV ==== 
     psi = 0.033*[#   2]+0.033*[#   4]+0.007*[#   7]+0.007*[#   8]+0.007*[#  11]
          +0.007*[#  12]+0.005*[#   5]+0.005*[#   9]+0.003*[#   6]+0.003*[#  10]
          
    |psi|^2 = 0.110
==== e(  12) =    16.78583 eV ==== 
     psi = 0.033*[#   2]+0.033*[#   4]+0.007*[#   7]+0.007*[#   8]+0.007*[#  11]
          +0.007*[#  12]+0.005*[#   5]+0.005*[#   9]+0.003*[#   6]+0.003*[#  10]
          
    |psi|^2 = 0.110
==== e(  13) =    19.04958 eV ==== 
     psi = 0.011*[#   2]+0.011*[#   4]+0.008*[#   7]+0.008*[#   8]+0.008*[#  11]
          +0.008*[#  12]+0.002*[#   5]+0.002*[#   9]
    |psi|^2 = 0.057
==== e(  14) =    19.04958 eV ==== 
     psi = 0.011*[#   2]+0.011*[#   4]+0.008*[#   7]+0.008*[#   8]+0.008*[#  11]
          +0.008*[#  12]+0.002*[#   5]+0.002*[#   9]
    |psi|^2 = 0.057

 k =   0.2500000000  0.5484827557  0.0000000000
==== e(   1) =   -90.49819 eV ==== 
     psi = 0.495*[#   1]+0.495*[#   3]+0.002*[#   7]+0.002*[#   8]+0.002*[#  11]
          +0.002*[#  12]+0.001*[#   2]+0.001*[#   4]
    |psi|^2 = 1.000
==== e(   2) =   -90.49782 eV ==== 
     psi = 0.494*[#   1]+0.494*[#   3]+0.002*[#   2]+0.002*[#   4]+0.002*[#   7]
          +0.002*[#   8]+0.002*[#  11]+0.002*[#  12]
    |psi|^2 = 1.000
==== e(   3) =   -10.51424 eV ==== 
     psi = 0.458*[#   5]+0.458*[#   9]+0.036*[#   2]+0.036*[#   4]+0.001*[#   7]
          +0.001*[#   8]+0.001*[#  11]+0.001*[#  12]
    |psi|^2 = 0.993
==== e(   4) =   -10.24720 eV ==== 
     psi = 0.485*[#   5]+0.485*[#   9]+0.008*[#   2]+0.008*[#   4]
    |psi|^2 = 0.990
==== e(   5) =     0.65057 eV ==== 
     psi = 0.229*[#   7]+0.229*[#   8]+0.229*[#  11]+0.229*[#  12]+0.011*[#   2]
          +0.011*[#   4]+0.004*[#   6]+0.004*[#  10]+0.003*[#   5]+0.003*[#   9]
          
    |psi|^2 = 0.951
==== e(   6) =     2.27744 eV ==== 
     psi = 0.175*[#   7]+0.175*[#   8]+0.175*[#  11]+0.175*[#  12]+0.104*[#   6]
          +0.104*[#  10]+0.023*[#   2]+0.023*[#   4]+0.003*[#   5]+0.003*[#   9]
          
    |psi|^2 = 0.960
==== e(   7) =     2.60437 eV ==== 
     psi = 0.196*[#   7]+0.196*[#   8]+0.196*[#  11]+0.196*[#  12]+0.053*[#   6]
          +0.053*[#  10]+0.032*[#   2]+0.032*[#   4]+0.006*[#   5]+0.006*[#   9]
          
    |psi|^2 = 0.969
==== e(   8) =     3.34385 eV ==== 
     psi = 0.283*[#   6]+0.283*[#  10]+0.084*[#   7]+0.084*[#   8]+0.084*[#  11]
          +0.084*[#  12]+0.034*[#   2]+0.034*[#   4]+0.001*[#   5]+0.001*[#   9]
          
    |psi|^2 = 0.972
==== e(   9) =     3.62877 eV ==== 
     psi = 0.165*[#   7]+0.165*[#   8]+0.165*[#  11]+0.165*[#  12]+0.136*[#   6]
          +0.136*[#  10]+0.012*[#   2]+0.012*[#   4]+0.001*[#   5]+0.001*[#   9]
          
    |psi|^2 = 0.960
==== e(  10) =     4.06930 eV ==== 
     psi = 0.360*[#   6]+0.360*[#  10]+0.053*[#   7]+0.053*[#   8]+0.053*[#  11]
          +0.053*[#  12]+0.017*[#   2]+0.017*[#   4]+0.001*[#   5]+0.001*[#   9]
          
    |psi|^2 = 0.969
==== e(  11) =    15.39166 eV ==== 
     psi = 0.005*[#   7]+0.005*[#   8]+0.005*[#  11]+0.005*[#  12]+0.003*[#   6]
          +0.003*[#  10]+0.001*[#   2]+0.001*[#   4]
    |psi|^2 = 0.030
==== e(  12) =    18.40308 eV ==== 
     psi = 0.018*[#   2]+0.018*[#   4]+0.009*[#   7]+0.009*[#   8]+0.009*[#  11]
          +0.009*[#  12]+0.002*[#   5]+0.002*[#   9]
    |psi|^2 = 0.078
==== e(  13) =    19.90802 eV ==== 
     psi = 0.160*[#   2]+0.160*[#   4]+0.017*[#   7]+0.017*[#   8]+0.017*[#  11]
          +0.017*[#  12]+0.014*[#   5]+0.014*[#   9]+0.004*[#   6]+0.004*[#  10]
          +0.001*[#   1]+0.001*[#   3]
    |psi|^2 = 0.426
==== e(  14) =    20.75315 eV ==== 
     psi = 0.073*[#   2]+0.073*[#   4]+0.014*[#   7]+0.014*[#   8]+0.014*[#  11]
          +0.014*[#  12]+0.006*[#   6]+0.006*[#  10]
    |psi|^2 = 0.218

 k =   0.2500000000  0.5484827557  0.0615999300
==== e(   1) =   -90.49818 eV ==== 
     psi = 0.495*[#   1]+0.495*[#   3]+0.002*[#   7]+0.002*[#   8]+0.002*[#  11]
          +0.002*[#  12]+0.001*[#   2]+0.001*[#   4]
    |psi|^2 = 1.000
==== e(   2) =   -90.49783 eV ==== 
     psi = 0.494*[#   1]+0.494*[#   3]+0.002*[#   2]+0.002*[#   4]+0.002*[#   7]
          +0.002*[#   8]+0.002*[#  11]+0.002*[#  12]
    |psi|^2 = 1.000
==== e(   3) =   -10.50775 eV ==== 
     psi = 0.459*[#   5]+0.459*[#   9]+0.035*[#   2]+0.035*[#   4]
    |psi|^2 = 0.992
==== e(   4) =   -10.25373 eV ==== 
     psi = 0.486*[#   5]+0.486*[#   9]+0.007*[#   2]+0.007*[#   4]
    |psi|^2 = 0.990
==== e(   5) =     0.68492 eV ==== 
     psi = 0.228*[#   7]+0.228*[#   8]+0.228*[#  11]+0.228*[#  12]+0.012*[#   2]
          +0.012*[#   4]+0.006*[#   6]+0.006*[#  10]+0.003*[#   5]+0.003*[#   9]
          
    |psi|^2 = 0.952
==== e(   6) =     2.17692 eV ==== 
     psi = 0.169*[#   7]+0.169*[#   8]+0.169*[#  11]+0.169*[#  12]+0.110*[#   6]
          +0.110*[#  10]+0.032*[#   2]+0.032*[#   4]+0.002*[#   5]+0.002*[#   9]
          
    |psi|^2 = 0.965
==== e(   7) =     2.49840 eV ==== 
     psi = 0.184*[#   7]+0.184*[#   8]+0.184*[#  11]+0.184*[#  12]+0.076*[#   6]
          +0.076*[#  10]+0.034*[#   2]+0.034*[#   4]+0.006*[#   5]+0.006*[#   9]
          
    |psi|^2 = 0.969
==== e(   8) =     3.41033 eV ==== 
     psi = 0.175*[#   6]+0.175*[#  10]+0.145*[#   7]+0.145*[#   8]+0.145*[#  11]
          +0.145*[#  12]+0.013*[#   2]+0.013*[#   4]+0.001*[#   5]+0.001*[#   9]
          
    |psi|^2 = 0.957
==== e(   9) =     3.64818 eV ==== 
     psi = 0.208*[#   6]+0.208*[#  10]+0.125*[#   7]+0.125*[#   8]+0.125*[#  11]
          +0.125*[#  12]+0.025*[#   2]+0.025*[#   4]+0.001*[#   5]+0.001*[#   9]
          
    |psi|^2 = 0.971
==== e(  10) =     4.18705 eV ==== 
     psi = 0.365*[#   6]+0.365*[#  10]+0.051*[#   7]+0.051*[#   8]+0.051*[#  11]
          +0.051*[#  12]+0.014*[#   2]+0.014*[#   4]+0.001*[#   5]+0.001*[#   9]
          
    |psi|^2 = 0.966
==== e(  11) =    15.51023 eV ==== 
     psi = 0.006*[#   7]+0.006*[#   8]+0.006*[#  11]+0.006*[#  12]+0.003*[#   6]
          +0.003*[#  10]+0.002*[#   2]+0.002*[#   4]
    |psi|^2 = 0.033
==== e(  12) =    18.33554 eV ==== 
     psi = 0.020*[#   2]+0.020*[#   4]+0.009*[#   7]+0.009*[#   8]+0.009*[#  11]
          +0.009*[#  12]+0.002*[#   5]+0.002*[#   9]
    |psi|^2 = 0.083
==== e(  13) =    19.65456 eV ==== 
     psi = 0.134*[#   2]+0.134*[#   4]+0.014*[#   7]+0.014*[#   8]+0.014*[#  11]
          +0.014*[#  12]+0.013*[#   5]+0.013*[#   9]+0.003*[#   6]+0.003*[#  10]
          +0.001*[#   1]+0.001*[#   3]
    |psi|^2 = 0.357
==== e(  14) =    20.48655 eV ==== 
     psi = 0.053*[#   2]+0.053*[#   4]+0.012*[#   7]+0.012*[#   8]+0.012*[#  11]
          +0.012*[#  12]+0.006*[#   6]+0.006*[#  10]
    |psi|^2 = 0.167

 k =   0.2500000000  0.5484827557  0.1231998600
==== e(   1) =   -90.49815 eV ==== 
     psi = 0.495*[#   1]+0.495*[#   3]+0.002*[#   7]+0.002*[#   8]+0.002*[#  11]
          +0.002*[#  12]+0.001*[#   2]+0.001*[#   4]
    |psi|^2 = 1.000
==== e(   2) =   -90.49785 eV ==== 
     psi = 0.494*[#   1]+0.494*[#   3]+0.002*[#   2]+0.002*[#   4]+0.002*[#   7]
          +0.002*[#   8]+0.002*[#  11]+0.002*[#  12]
    |psi|^2 = 1.000
==== e(   3) =   -10.48887 eV ==== 
     psi = 0.464*[#   5]+0.464*[#   9]+0.030*[#   2]+0.030*[#   4]
    |psi|^2 = 0.992
==== e(   4) =   -10.27270 eV ==== 
     psi = 0.487*[#   5]+0.487*[#   9]+0.006*[#   2]+0.006*[#   4]
    |psi|^2 = 0.990
==== e(   5) =     0.78270 eV ==== 
     psi = 0.223*[#   7]+0.223*[#   8]+0.223*[#  11]+0.223*[#  12]+0.016*[#   2]
          +0.016*[#   4]+0.013*[#   6]+0.013*[#  10]+0.002*[#   5]+0.002*[#   9]
          
    |psi|^2 = 0.954
==== e(   6) =     1.97233 eV ==== 
     psi = 0.167*[#   7]+0.167*[#   8]+0.167*[#  11]+0.167*[#  12]+0.105*[#   6]
          +0.105*[#  10]+0.044*[#   2]+0.044*[#   4]+0.002*[#   5]+0.002*[#   9]
          +0.001*[#   1]+0.001*[#   3]
    |psi|^2 = 0.973
==== e(   7) =     2.29599 eV ==== 
     psi = 0.167*[#   7]+0.167*[#   8]+0.167*[#  11]+0.167*[#  12]+0.110*[#   6]
          +0.110*[#  10]+0.037*[#   2]+0.037*[#   4]+0.003*[#   5]+0.003*[#   9]
          
    |psi|^2 = 0.969
==== e(   8) =     3.27901 eV ==== 
     psi = 0.206*[#   7]+0.206*[#   8]+0.206*[#  11]+0.206*[#  12]+0.057*[#   6]
          +0.057*[#  10]+0.005*[#   2]+0.005*[#   4]+0.001*[#   5]+0.001*[#   9]
          
    |psi|^2 = 0.951
==== e(   9) =     3.91609 eV ==== 
     psi = 0.300*[#   6]+0.300*[#  10]+0.080*[#   7]+0.080*[#   8]+0.080*[#  11]
          +0.080*[#  12]+0.022*[#   2]+0.022*[#   4]+0.001*[#   5]+0.001*[#   9]
          
    |psi|^2 = 0.970
==== e(  10) =     4.44800 eV ==== 
     psi = 0.354*[#   6]+0.354*[#  10]+0.059*[#   7]+0.059*[#   8]+0.059*[#  11]
          +0.059*[#  12]+0.009*[#   2]+0.009*[#   4]+0.001*[#   5]+0.001*[#   9]
          
    |psi|^2 = 0.963
==== e(  11) =    15.82588 eV ==== 
     psi = 0.007*[#   7]+0.007*[#   8]+0.007*[#  11]+0.007*[#  12]+0.004*[#   2]
          +0.004*[#   4]+0.003*[#   6]+0.003*[#  10]
    |psi|^2 = 0.043
==== e(  12) =    18.11096 eV ==== 
     psi = 0.023*[#   2]+0.023*[#   4]+0.009*[#   7]+0.009*[#   8]+0.009*[#  11]
          +0.009*[#  12]+0.003*[#   5]+0.003*[#   9]
    |psi|^2 = 0.090
==== e(  13) =    19.18182 eV ==== 
     psi = 0.089*[#   2]+0.089*[#   4]+0.010*[#   7]+0.010*[#   8]+0.010*[#  11]
          +0.010*[#  12]+0.009*[#   5]+0.009*[#   9]+0.002*[#   6]+0.002*[#  10]
          
    |psi|^2 = 0.241
==== e(  14) =    19.95477 eV ==== 
     psi = 0.023*[#   2]+0.023*[#   4]+0.009*[#   7]+0.009*[#   8]+0.009*[#  11]
          +0.009*[#  12]+0.005*[#   6]+0.005*[#  10]+0.001*[#   5]+0.001*[#   9]
          
    |psi|^2 = 0.092

 k =   0.2500000000  0.5484827557  0.1847997900
==== e(   1) =   -90.49811 eV ==== 
     psi = 0.495*[#   1]+0.495*[#   3]+0.002*[#   7]+0.002*[#   8]+0.002*[#  11]
          +0.002*[#  12]+0.001*[#   2]+0.001*[#   4]
    |psi|^2 = 1.000
==== e(   2) =   -90.49790 eV ==== 
     psi = 0.494*[#   1]+0.494*[#   3]+0.002*[#   2]+0.002*[#   4]+0.002*[#   7]
          +0.002*[#   8]+0.002*[#  11]+0.002*[#  12]
    |psi|^2 = 1.000
==== e(   3) =   -10.45941 eV ==== 
     psi = 0.470*[#   5]+0.470*[#   9]+0.024*[#   2]+0.024*[#   4]
    |psi|^2 = 0.991
==== e(   4) =   -10.30228 eV ==== 
     psi = 0.487*[#   5]+0.487*[#   9]+0.006*[#   2]+0.006*[#   4]
    |psi|^2 = 0.989
==== e(   5) =     0.92834 eV ==== 
     psi = 0.213*[#   7]+0.213*[#   8]+0.213*[#  11]+0.213*[#  12]+0.027*[#   6]
          +0.027*[#  10]+0.025*[#   2]+0.025*[#   4]+0.002*[#   5]+0.002*[#   9]
          
    |psi|^2 = 0.958
==== e(   6) =     1.73790 eV ==== 
     psi = 0.170*[#   7]+0.170*[#   8]+0.170*[#  11]+0.170*[#  12]+0.094*[#   6]
          +0.094*[#  10]+0.052*[#   2]+0.052*[#   4]+0.002*[#   5]+0.002*[#   9]
          +0.001*[#   1]+0.001*[#   3]
    |psi|^2 = 0.977
==== e(   7) =     2.17371 eV ==== 
     psi = 0.164*[#   7]+0.164*[#   8]+0.164*[#  11]+0.164*[#  12]+0.117*[#   6]
          +0.117*[#  10]+0.037*[#   2]+0.037*[#   4]
    |psi|^2 = 0.968
==== e(   8) =     2.99365 eV ==== 
     psi = 0.209*[#   7]+0.209*[#   8]+0.209*[#  11]+0.209*[#  12]+0.047*[#   6]
          +0.047*[#  10]+0.008*[#   2]+0.008*[#   4]+0.001*[#   5]+0.001*[#   9]
          
    |psi|^2 = 0.951
==== e(   9) =     4.28436 eV ==== 
     psi = 0.310*[#   6]+0.310*[#  10]+0.080*[#   7]+0.080*[#   8]+0.080*[#  11]
          +0.080*[#  12]+0.011*[#   2]+0.011*[#   4]+0.001*[#   5]+0.001*[#   9]
          
    |psi|^2 = 0.964
==== e(  10) =     4.69700 eV ==== 
     psi = 0.341*[#   6]+0.341*[#  10]+0.068*[#   7]+0.068*[#   8]+0.068*[#  11]
          +0.068*[#  12]+0.004*[#   2]+0.004*[#   4]
    |psi|^2 = 0.963
==== e(  11) =    16.22977 eV ==== 
     psi = 0.008*[#   7]+0.008*[#   8]+0.008*[#  11]+0.008*[#  12]+0.008*[#   2]
          +0.008*[#   4]+0.002*[#   6]+0.002*[#  10]+0.001*[#   5]+0.001*[#   9]
          
    |psi|^2 = 0.056
==== e(  12) =    17.73347 eV ==== 
     psi = 0.020*[#   2]+0.020*[#   4]+0.008*[#   7]+0.008*[#   8]+0.008*[#  11]
          +0.008*[#  12]+0.003*[#   5]+0.003*[#   9]
    |psi|^2 = 0.080
==== e(  13) =    18.81346 eV ==== 
     psi = 0.051*[#   2]+0.051*[#   4]+0.007*[#   7]+0.007*[#   8]+0.007*[#  11]
          +0.007*[#  12]+0.006*[#   5]+0.006*[#   9]
    |psi|^2 = 0.145
==== e(  14) =    19.48279 eV ==== 
     psi = 0.008*[#   7]+0.008*[#   8]+0.008*[#  11]+0.008*[#  12]+0.006*[#   2]
          +0.006*[#   4]+0.003*[#   6]+0.003*[#  10]
    |psi|^2 = 0.050

 k =   0.2500000000  0.5484827557  0.2463997200
==== e(   1) =   -90.49806 eV ==== 
     psi = 0.494*[#   1]+0.494*[#   3]+0.002*[#   2]+0.002*[#   4]+0.002*[#   7]
          +0.002*[#   8]+0.002*[#  11]+0.002*[#  12]
    |psi|^2 = 1.000
==== e(   2) =   -90.49795 eV ==== 
     psi = 0.494*[#   1]+0.494*[#   3]+0.002*[#   2]+0.002*[#   4]+0.002*[#   7]
          +0.002*[#   8]+0.002*[#  11]+0.002*[#  12]
    |psi|^2 = 1.000
==== e(   3) =   -10.42222 eV ==== 
     psi = 0.477*[#   5]+0.477*[#   9]+0.017*[#   2]+0.017*[#   4]
    |psi|^2 = 0.990
==== e(   4) =   -10.33957 eV ==== 
     psi = 0.486*[#   5]+0.486*[#   9]+0.007*[#   2]+0.007*[#   4]
    |psi|^2 = 0.989
==== e(   5) =     1.10105 eV ==== 
     psi = 0.198*[#   7]+0.198*[#   8]+0.198*[#  11]+0.198*[#  12]+0.048*[#   6]
          +0.048*[#  10]+0.037*[#   2]+0.037*[#   4]
    |psi|^2 = 0.965
==== e(   6) =     1.50236 eV ==== 
     psi = 0.174*[#   7]+0.174*[#   8]+0.174*[#  11]+0.174*[#  12]+0.085*[#   6]
          +0.085*[#  10]+0.053*[#   2]+0.053*[#   4]+0.001*[#   1]+0.001*[#   3]
          +0.001*[#   5]+0.001*[#   9]
    |psi|^2 = 0.977
==== e(   7) =     2.20817 eV ==== 
     psi = 0.176*[#   7]+0.176*[#   8]+0.176*[#  11]+0.176*[#  12]+0.098*[#   6]
          +0.098*[#  10]+0.031*[#   2]+0.031*[#   4]
    |psi|^2 = 0.963
==== e(   8) =     2.67334 eV ==== 
     psi = 0.203*[#   7]+0.203*[#   8]+0.203*[#  11]+0.203*[#  12]+0.055*[#   6]
          +0.055*[#  10]+0.013*[#   2]+0.013*[#   4]+0.001*[#   5]+0.001*[#   9]
          
    |psi|^2 = 0.952
==== e(   9) =     4.60518 eV ==== 
     psi = 0.317*[#   6]+0.317*[#  10]+0.080*[#   7]+0.080*[#   8]+0.080*[#  11]
          +0.080*[#  12]+0.004*[#   2]+0.004*[#   4]
    |psi|^2 = 0.963
==== e(  10) =     4.83223 eV ==== 
     psi = 0.332*[#   6]+0.332*[#  10]+0.074*[#   7]+0.074*[#   8]+0.074*[#  11]
          +0.074*[#  12]
    |psi|^2 = 0.963
==== e(  11) =    16.60097 eV ==== 
     psi = 0.012*[#   2]+0.012*[#   4]+0.008*[#   7]+0.008*[#   8]+0.008*[#  11]
          +0.008*[#  12]+0.002*[#   5]+0.002*[#   9]
    |psi|^2 = 0.063
==== e(  12) =    17.30705 eV ==== 
     psi = 0.013*[#   2]+0.013*[#   4]+0.007*[#   7]+0.007*[#   8]+0.007*[#  11]
          +0.007*[#  12]+0.003*[#   5]+0.003*[#   9]
    |psi|^2 = 0.063
==== e(  13) =    18.70334 eV ==== 
     psi = 0.024*[#   2]+0.024*[#   4]+0.006*[#   7]+0.006*[#   8]+0.006*[#  11]
          +0.006*[#  12]+0.004*[#   5]+0.004*[#   9]
    |psi|^2 = 0.081
==== e(  14) =    19.13297 eV ==== 
     psi = 0.007*[#   7]+0.007*[#   8]+0.007*[#  11]+0.007*[#  12]+0.002*[#   2]
          +0.002*[#   4]+0.002*[#   6]+0.002*[#  10]+0.001*[#   5]+0.001*[#   9]
          
    |psi|^2 = 0.039

 k =   0.2500000000  0.5484827557 -0.3079996500
==== e(   1) =   -90.49801 eV ==== 
     psi = 0.494*[#   1]+0.494*[#   3]+0.002*[#   2]+0.002*[#   4]+0.002*[#   7]
          +0.002*[#   8]+0.002*[#  11]+0.002*[#  12]
    |psi|^2 = 1.000
==== e(   2) =   -90.49800 eV ==== 
     psi = 0.494*[#   1]+0.494*[#   3]+0.002*[#   2]+0.002*[#   4]+0.002*[#   7]
          +0.002*[#   8]+0.002*[#  11]+0.002*[#  12]
    |psi|^2 = 1.000
==== e(   3) =   -10.38092 eV ==== 
     psi = 0.483*[#   5]+0.483*[#   9]+0.011*[#   2]+0.011*[#   4]
    |psi|^2 = 0.989
==== e(   4) =   -10.38091 eV ==== 
     psi = 0.483*[#   5]+0.483*[#   9]+0.011*[#   2]+0.011*[#   4]
    |psi|^2 = 0.989
==== e(   5) =     1.29029 eV ==== 
     psi = 0.183*[#   7]+0.183*[#   8]+0.183*[#  11]+0.183*[#  12]+0.070*[#   6]
          +0.070*[#  10]+0.048*[#   2]+0.048*[#   4]+0.001*[#   1]+0.001*[#   3]
          
    |psi|^2 = 0.972
==== e(   6) =     1.29029 eV ==== 
     psi = 0.183*[#   7]+0.183*[#   8]+0.183*[#  11]+0.183*[#  12]+0.070*[#   6]
          +0.070*[#  10]+0.048*[#   2]+0.048*[#   4]+0.001*[#   1]+0.001*[#   3]
          
    |psi|^2 = 0.972
==== e(   7) =     2.39029 eV ==== 
     psi = 0.191*[#   7]+0.191*[#   8]+0.191*[#  11]+0.191*[#  12]+0.073*[#   6]
          +0.073*[#  10]+0.021*[#   2]+0.021*[#   4]
    |psi|^2 = 0.957
==== e(   8) =     2.39029 eV ==== 
     psi = 0.191*[#   7]+0.191*[#   8]+0.191*[#  11]+0.191*[#  12]+0.073*[#   6]
          +0.073*[#  10]+0.021*[#   2]+0.021*[#   4]
    |psi|^2 = 0.957
==== e(   9) =     4.80223 eV ==== 
     psi = 0.325*[#   6]+0.325*[#  10]+0.078*[#   7]+0.078*[#   8]+0.078*[#  11]
          +0.078*[#  12]
    |psi|^2 = 0.963
==== e(  10) =     4.80223 eV ==== 
     psi = 0.325*[#   6]+0.325*[#  10]+0.078*[#   7]+0.078*[#   8]+0.078*[#  11]
          +0.078*[#  12]
    |psi|^2 = 0.963
==== e(  11) =    16.93116 eV ==== 
     psi = 0.012*[#   2]+0.012*[#   4]+0.007*[#   7]+0.007*[#   8]+0.007*[#  11]
          +0.007*[#  12]+0.003*[#   5]+0.003*[#   9]
    |psi|^2 = 0.060
==== e(  12) =    16.93116 eV ==== 
     psi = 0.012*[#   2]+0.012*[#   4]+0.007*[#   7]+0.007*[#   8]+0.007*[#  11]
          +0.007*[#  12]+0.003*[#   5]+0.003*[#   9]
    |psi|^2 = 0.060
==== e(  13) =    18.85490 eV ==== 
     psi = 0.007*[#   2]+0.007*[#   4]+0.007*[#   7]+0.007*[#   8]+0.007*[#  11]
          +0.007*[#  12]+0.002*[#   5]+0.002*[#   9]
    |psi|^2 = 0.048
==== e(  14) =    18.85490 eV ==== 
     psi = 0.007*[#   2]+0.007*[#   4]+0.007*[#   7]+0.007*[#   8]+0.007*[#  11]
          +0.007*[#  12]+0.002*[#   5]+0.002*[#   9]
    |psi|^2 = 0.048

 k =   0.3000000000  0.5196152423  0.0000000000
==== e(   1) =   -90.49815 eV ==== 
     psi = 0.495*[#   1]+0.495*[#   3]+0.002*[#   7]+0.002*[#   8]+0.002*[#  11]
          +0.002*[#  12]+0.001*[#   2]+0.001*[#   4]
    |psi|^2 = 1.000
==== e(   2) =   -90.49784 eV ==== 
     psi = 0.494*[#   1]+0.494*[#   3]+0.002*[#   2]+0.002*[#   4]+0.002*[#   7]
          +0.002*[#   8]+0.002*[#  11]+0.002*[#  12]
    |psi|^2 = 1.000
==== e(   3) =   -10.49160 eV ==== 
     psi = 0.459*[#   5]+0.459*[#   9]+0.034*[#   2]+0.034*[#   4]+0.001*[#   7]
          +0.001*[#   8]+0.001*[#  11]+0.001*[#  12]
    |psi|^2 = 0.993
==== e(   4) =   -10.24975 eV ==== 
     psi = 0.485*[#   5]+0.485*[#   9]+0.009*[#   2]+0.009*[#   4]
    |psi|^2 = 0.990
==== e(   5) =     0.67029 eV ==== 
     psi = 0.233*[#   7]+0.233*[#   8]+0.233*[#  11]+0.233*[#  12]+0.005*[#   2]
          +0.005*[#   4]+0.002*[#   5]+0.002*[#   9]
    |psi|^2 = 0.948
==== e(   6) =     2.20984 eV ==== 
     psi = 0.174*[#   7]+0.174*[#   8]+0.174*[#  11]+0.174*[#  12]+0.101*[#   6]
          +0.101*[#  10]+0.028*[#   2]+0.028*[#   4]+0.003*[#   5]+0.003*[#   9]
          
    |psi|^2 = 0.962
==== e(   7) =     2.76586 eV ==== 
     psi = 0.197*[#   7]+0.197*[#   8]+0.197*[#  11]+0.197*[#  12]+0.044*[#   6]
          +0.044*[#  10]+0.038*[#   2]+0.038*[#   4]+0.009*[#   5]+0.009*[#   9]
          
    |psi|^2 = 0.972
==== e(   8) =     3.20813 eV ==== 
     psi = 0.216*[#   6]+0.216*[#  10]+0.124*[#   7]+0.124*[#   8]+0.124*[#  11]
          +0.124*[#  12]+0.015*[#   2]+0.015*[#   4]
    |psi|^2 = 0.957
==== e(   9) =     3.61977 eV ==== 
     psi = 0.155*[#   7]+0.155*[#   8]+0.155*[#  11]+0.155*[#  12]+0.150*[#   6]
          +0.150*[#  10]+0.027*[#   2]+0.027*[#   4]+0.001*[#   5]+0.001*[#   9]
          
    |psi|^2 = 0.976
==== e(  10) =     3.99391 eV ==== 
     psi = 0.429*[#   6]+0.429*[#  10]+0.018*[#   7]+0.018*[#   8]+0.018*[#  11]
          +0.018*[#  12]+0.017*[#   2]+0.017*[#   4]
    |psi|^2 = 0.966
==== e(  11) =    15.33166 eV ==== 
     psi = 0.005*[#   7]+0.005*[#   8]+0.005*[#  11]+0.005*[#  12]+0.002*[#   2]
          +0.002*[#   4]+0.002*[#   6]+0.002*[#  10]
    |psi|^2 = 0.028
==== e(  12) =    18.59120 eV ==== 
     psi = 0.027*[#   2]+0.027*[#   4]+0.011*[#   7]+0.011*[#   8]+0.011*[#  11]
          +0.011*[#  12]+0.003*[#   5]+0.003*[#   9]
    |psi|^2 = 0.102
==== e(  13) =    20.09562 eV ==== 
     psi = 0.132*[#   2]+0.132*[#   4]+0.017*[#   7]+0.017*[#   8]+0.017*[#  11]
          +0.017*[#  12]+0.010*[#   5]+0.010*[#   9]+0.005*[#   6]+0.005*[#  10]
          +0.001*[#   1]+0.001*[#   3]
    |psi|^2 = 0.364
==== e(  14) =    20.70808 eV ==== 
     psi = 0.076*[#   2]+0.076*[#   4]+0.014*[#   7]+0.014*[#   8]+0.014*[#  11]
          +0.014*[#  12]+0.006*[#   6]+0.006*[#  10]+0.001*[#   5]+0.001*[#   9]
          
    |psi|^2 = 0.225

 k =   0.3000000000  0.5196152423  0.0615999300
==== e(   1) =   -90.49814 eV ==== 
     psi = 0.495*[#   1]+0.495*[#   3]+0.002*[#   7]+0.002*[#   8]+0.002*[#  11]
          +0.002*[#  12]+0.001*[#   2]+0.001*[#   4]
    |psi|^2 = 1.000
==== e(   2) =   -90.49784 eV ==== 
     psi = 0.494*[#   1]+0.494*[#   3]+0.002*[#   2]+0.002*[#   4]+0.002*[#   7]
          +0.002*[#   8]+0.002*[#  11]+0.002*[#  12]
    |psi|^2 = 1.000
==== e(   3) =   -10.48569 eV ==== 
     psi = 0.461*[#   5]+0.461*[#   9]+0.033*[#   2]+0.033*[#   4]+0.001*[#   7]
          +0.001*[#   8]+0.001*[#  11]+0.001*[#  12]
    |psi|^2 = 0.992
==== e(   4) =   -10.25565 eV ==== 
     psi = 0.486*[#   5]+0.486*[#   9]+0.008*[#   2]+0.008*[#   4]
    |psi|^2 = 0.990
==== e(   5) =     0.71360 eV ==== 
     psi = 0.232*[#   7]+0.232*[#   8]+0.232*[#  11]+0.232*[#  12]+0.005*[#   2]
          +0.005*[#   4]+0.002*[#   5]+0.002*[#   9]+0.001*[#   6]+0.001*[#  10]
          
    |psi|^2 = 0.948
==== e(   6) =     2.10067 eV ==== 
     psi = 0.165*[#   7]+0.165*[#   8]+0.165*[#  11]+0.165*[#  12]+0.116*[#   6]
          +0.116*[#  10]+0.036*[#   2]+0.036*[#   4]+0.002*[#   5]+0.002*[#   9]
          
    |psi|^2 = 0.968
==== e(   7) =     2.64705 eV ==== 
     psi = 0.183*[#   7]+0.183*[#   8]+0.183*[#  11]+0.183*[#  12]+0.072*[#   6]
          +0.072*[#  10]+0.041*[#   2]+0.041*[#   4]+0.008*[#   5]+0.008*[#   9]
          +0.001*[#   1]+0.001*[#   3]
    |psi|^2 = 0.973
==== e(   8) =     3.22237 eV ==== 
     psi = 0.178*[#   7]+0.178*[#   8]+0.178*[#  11]+0.178*[#  12]+0.116*[#   6]
          +0.116*[#  10]+0.003*[#   2]+0.003*[#   4]
    |psi|^2 = 0.950
==== e(   9) =     3.68331 eV ==== 
     psi = 0.235*[#   6]+0.235*[#  10]+0.110*[#   7]+0.110*[#   8]+0.110*[#  11]
          +0.110*[#  12]+0.031*[#   2]+0.031*[#   4]+0.002*[#   5]+0.002*[#   9]
          
    |psi|^2 = 0.977
==== e(  10) =     4.13095 eV ==== 
     psi = 0.400*[#   6]+0.400*[#  10]+0.033*[#   7]+0.033*[#   8]+0.033*[#  11]
          +0.033*[#  12]+0.014*[#   2]+0.014*[#   4]+0.001*[#   5]+0.001*[#   9]
          
    |psi|^2 = 0.965
==== e(  11) =    15.46746 eV ==== 
     psi = 0.006*[#   7]+0.006*[#   8]+0.006*[#  11]+0.006*[#  12]+0.002*[#   2]
          +0.002*[#   4]+0.002*[#   6]+0.002*[#  10]
    |psi|^2 = 0.031
==== e(  12) =    18.52133 eV ==== 
     psi = 0.032*[#   2]+0.032*[#   4]+0.011*[#   7]+0.011*[#   8]+0.011*[#  11]
          +0.011*[#  12]+0.003*[#   5]+0.003*[#   9]
    |psi|^2 = 0.114
==== e(  13) =    19.82880 eV ==== 
     psi = 0.104*[#   2]+0.104*[#   4]+0.014*[#   7]+0.014*[#   8]+0.014*[#  11]
          +0.014*[#  12]+0.009*[#   5]+0.009*[#   9]+0.004*[#   6]+0.004*[#  10]
          
    |psi|^2 = 0.290
==== e(  14) =    20.37248 eV ==== 
     psi = 0.055*[#   2]+0.055*[#   4]+0.011*[#   7]+0.011*[#   8]+0.011*[#  11]
          +0.011*[#  12]+0.006*[#   6]+0.006*[#  10]+0.002*[#   5]+0.002*[#   9]
          
    |psi|^2 = 0.170

 k =   0.3000000000  0.5196152423  0.1231998600
==== e(   1) =   -90.49812 eV ==== 
     psi = 0.495*[#   1]+0.495*[#   3]+0.002*[#   7]+0.002*[#   8]+0.002*[#  11]
          +0.002*[#  12]+0.001*[#   2]+0.001*[#   4]
    |psi|^2 = 1.000
==== e(   2) =   -90.49787 eV ==== 
     psi = 0.494*[#   1]+0.494*[#   3]+0.002*[#   2]+0.002*[#   4]+0.002*[#   7]
          +0.002*[#   8]+0.002*[#  11]+0.002*[#  12]
    |psi|^2 = 1.000
==== e(   3) =   -10.46853 eV ==== 
     psi = 0.465*[#   5]+0.465*[#   9]+0.028*[#   2]+0.028*[#   4]
    |psi|^2 = 0.992
==== e(   4) =   -10.27277 eV ==== 
     psi = 0.487*[#   5]+0.487*[#   9]+0.007*[#   2]+0.007*[#   4]
    |psi|^2 = 0.990
==== e(   5) =     0.83928 eV ==== 
     psi = 0.230*[#   7]+0.230*[#   8]+0.230*[#  11]+0.230*[#  12]+0.007*[#   2]
          +0.007*[#   4]+0.003*[#   6]+0.003*[#  10]+0.002*[#   5]+0.002*[#   9]
          
    |psi|^2 = 0.948
==== e(   6) =     1.89181 eV ==== 
     psi = 0.155*[#   7]+0.155*[#   8]+0.155*[#  11]+0.155*[#  12]+0.127*[#   6]
          +0.127*[#  10]+0.049*[#   2]+0.049*[#   4]+0.001*[#   1]+0.001*[#   3]
          
    |psi|^2 = 0.976
==== e(   7) =     2.41124 eV ==== 
     psi = 0.166*[#   7]+0.166*[#   8]+0.166*[#  11]+0.166*[#  12]+0.104*[#   6]
          +0.104*[#  10]+0.046*[#   2]+0.046*[#   4]+0.006*[#   5]+0.006*[#   9]
          +0.001*[#   1]+0.001*[#   3]
    |psi|^2 = 0.976
==== e(   8) =     3.06793 eV ==== 
     psi = 0.217*[#   7]+0.217*[#   8]+0.217*[#  11]+0.217*[#  12]+0.039*[#   6]
          +0.039*[#  10]
    |psi|^2 = 0.947
==== e(   9) =     3.96024 eV ==== 
     psi = 0.301*[#   6]+0.301*[#  10]+0.080*[#   7]+0.080*[#   8]+0.080*[#  11]
          +0.080*[#  12]+0.022*[#   2]+0.022*[#   4]+0.001*[#   5]+0.001*[#   9]
          
    |psi|^2 = 0.969
==== e(  10) =     4.41259 eV ==== 
     psi = 0.365*[#   6]+0.365*[#  10]+0.053*[#   7]+0.053*[#   8]+0.053*[#  11]
          +0.053*[#  12]+0.009*[#   2]+0.009*[#   4]+0.001*[#   5]+0.001*[#   9]
          
    |psi|^2 = 0.964
==== e(  11) =    15.83925 eV ==== 
     psi = 0.008*[#   7]+0.008*[#   8]+0.008*[#  11]+0.008*[#  12]+0.002*[#   2]
          +0.002*[#   4]+0.002*[#   6]+0.002*[#  10]
    |psi|^2 = 0.038
==== e(  12) =    18.27948 eV ==== 
     psi = 0.043*[#   2]+0.043*[#   4]+0.010*[#   7]+0.010*[#   8]+0.010*[#  11]
          +0.010*[#  12]+0.005*[#   5]+0.005*[#   9]
    |psi|^2 = 0.138
==== e(  13) =    19.36770 eV ==== 
     psi = 0.055*[#   2]+0.055*[#   4]+0.010*[#   7]+0.010*[#   8]+0.010*[#  11]
          +0.010*[#  12]+0.006*[#   5]+0.006*[#   9]+0.002*[#   6]+0.002*[#  10]
          
    |psi|^2 = 0.167
==== e(  14) =    19.69528 eV ==== 
     psi = 0.025*[#   2]+0.025*[#   4]+0.007*[#   7]+0.007*[#   8]+0.007*[#  11]
          +0.007*[#  12]+0.005*[#   6]+0.005*[#  10]+0.002*[#   5]+0.002*[#   9]
          
    |psi|^2 = 0.092

 k =   0.3000000000  0.5196152423  0.1847997900
==== e(   1) =   -90.49808 eV ==== 
     psi = 0.495*[#   1]+0.495*[#   3]+0.001*[#   2]+0.001*[#   4]+0.002*[#   7]
          +0.002*[#   8]+0.002*[#  11]+0.002*[#  12]
    |psi|^2 = 1.000
==== e(   2) =   -90.49790 eV ==== 
     psi = 0.494*[#   1]+0.494*[#   3]+0.002*[#   2]+0.002*[#   4]+0.002*[#   7]
          +0.002*[#   8]+0.002*[#  11]+0.002*[#  12]
    |psi|^2 = 1.000
==== e(   3) =   -10.44177 eV ==== 
     psi = 0.472*[#   5]+0.472*[#   9]+0.022*[#   2]+0.022*[#   4]
    |psi|^2 = 0.991
==== e(   4) =   -10.29948 eV ==== 
     psi = 0.487*[#   5]+0.487*[#   9]+0.006*[#   2]+0.006*[#   4]
    |psi|^2 = 0.989
==== e(   5) =     1.03174 eV ==== 
     psi = 0.225*[#   7]+0.225*[#   8]+0.225*[#  11]+0.225*[#  12]+0.012*[#   2]
          +0.012*[#   4]+0.010*[#   6]+0.010*[#  10]+0.002*[#   5]+0.002*[#   9]
          
    |psi|^2 = 0.950
==== e(   6) =     1.70227 eV ==== 
     psi = 0.154*[#   7]+0.154*[#   8]+0.154*[#  11]+0.154*[#  12]+0.124*[#   6]
          +0.124*[#  10]+0.058*[#   2]+0.058*[#   4]+0.001*[#   1]+0.001*[#   3]
          
    |psi|^2 = 0.981
==== e(   7) =     2.20019 eV ==== 
     psi = 0.160*[#   7]+0.160*[#   8]+0.160*[#  11]+0.160*[#  12]+0.116*[#   6]
          +0.116*[#  10]+0.049*[#   2]+0.049*[#   4]+0.003*[#   5]+0.003*[#   9]
          +0.001*[#   1]+0.001*[#   3]
    |psi|^2 = 0.977
==== e(   8) =     2.76938 eV ==== 
     psi = 0.220*[#   7]+0.220*[#   8]+0.220*[#  11]+0.220*[#  12]+0.029*[#   6]
          +0.029*[#  10]+0.003*[#   2]+0.003*[#   4]
    |psi|^2 = 0.946
==== e(   9) =     4.32110 eV ==== 
     psi = 0.313*[#   6]+0.313*[#  10]+0.078*[#   7]+0.078*[#   8]+0.078*[#  11]
          +0.078*[#  12]+0.011*[#   2]+0.011*[#   4]
    |psi|^2 = 0.964
==== e(  10) =     4.67617 eV ==== 
     psi = 0.346*[#   6]+0.346*[#  10]+0.066*[#   7]+0.066*[#   8]+0.066*[#  11]
          +0.066*[#  12]+0.004*[#   2]+0.004*[#   4]
    |psi|^2 = 0.964
==== e(  11) =    16.34745 eV ==== 
     psi = 0.009*[#   7]+0.009*[#   8]+0.009*[#  11]+0.009*[#  12]+0.004*[#   2]
          +0.004*[#   4]+0.002*[#   6]+0.002*[#  10]
    |psi|^2 = 0.047
==== e(  12) =    17.88609 eV ==== 
     psi = 0.041*[#   2]+0.041*[#   4]+0.008*[#   7]+0.008*[#   8]+0.008*[#  11]
          +0.008*[#  12]+0.005*[#   5]+0.005*[#   9]
    |psi|^2 = 0.128
==== e(  13) =    19.01882 eV ==== 
     psi = 0.023*[#   2]+0.023*[#   4]+0.009*[#   7]+0.009*[#   8]+0.009*[#  11]
          +0.009*[#  12]+0.003*[#   5]+0.003*[#   9]
    |psi|^2 = 0.088
==== e(  14) =    19.04493 eV ==== 
     psi = 0.007*[#   2]+0.007*[#   4]+0.005*[#   7]+0.005*[#   8]+0.005*[#  11]
          +0.005*[#  12]+0.003*[#   6]+0.003*[#  10]+0.002*[#   5]+0.002*[#   9]
          
    |psi|^2 = 0.043

 k =   0.3000000000  0.5196152423  0.2463997200
==== e(   1) =   -90.49804 eV ==== 
     psi = 0.494*[#   1]+0.494*[#   3]+0.002*[#   2]+0.002*[#   4]+0.002*[#   7]
          +0.002*[#   8]+0.002*[#  11]+0.002*[#  12]
    |psi|^2 = 1.000
==== e(   2) =   -90.49794 eV ==== 
     psi = 0.494*[#   1]+0.494*[#   3]+0.002*[#   2]+0.002*[#   4]+0.002*[#   7]
          +0.002*[#   8]+0.002*[#  11]+0.002*[#  12]
    |psi|^2 = 1.000
==== e(   3) =   -10.40802 eV ==== 
     psi = 0.478*[#   5]+0.478*[#   9]+0.016*[#   2]+0.016*[#   4]
    |psi|^2 = 0.990
==== e(   4) =   -10.33319 eV ==== 
     psi = 0.487*[#   5]+0.487*[#   9]+0.007*[#   2]+0.007*[#   4]
    |psi|^2 = 0.989
==== e(   5) =     1.25270 eV ==== 
     psi = 0.211*[#   7]+0.211*[#   8]+0.211*[#  11]+0.211*[#  12]+0.029*[#   6]
          +0.029*[#  10]+0.024*[#   2]+0.024*[#   4]+0.002*[#   5]+0.002*[#   9]
          
    |psi|^2 = 0.957
==== e(   6) =     1.56071 eV ==== 
     psi = 0.162*[#   7]+0.162*[#   8]+0.162*[#  11]+0.162*[#  12]+0.106*[#   6]
          +0.106*[#  10]+0.058*[#   2]+0.058*[#   4]+0.001*[#   1]+0.001*[#   3]
          
    |psi|^2 = 0.980
==== e(   7) =     2.09738 eV ==== 
     psi = 0.167*[#   7]+0.167*[#   8]+0.167*[#  11]+0.167*[#  12]+0.106*[#   6]
          +0.106*[#  10]+0.043*[#   2]+0.043*[#   4]+0.001*[#   1]+0.001*[#   3]
          +0.001*[#   5]+0.001*[#   9]
    |psi|^2 = 0.972
==== e(   8) =     2.43756 eV ==== 
     psi = 0.212*[#   7]+0.212*[#   8]+0.212*[#  11]+0.212*[#  12]+0.040*[#   6]
          +0.040*[#  10]+0.010*[#   2]+0.010*[#   4]
    |psi|^2 = 0.948
==== e(   9) =     4.63137 eV ==== 
     psi = 0.320*[#   6]+0.320*[#  10]+0.079*[#   7]+0.079*[#   8]+0.079*[#  11]
          +0.079*[#  12]+0.004*[#   2]+0.004*[#   4]
    |psi|^2 = 0.963
==== e(  10) =     4.82674 eV ==== 
     psi = 0.335*[#   6]+0.335*[#  10]+0.073*[#   7]+0.073*[#   8]+0.073*[#  11]
          +0.073*[#  12]
    |psi|^2 = 0.964
==== e(  11) =    16.84549 eV ==== 
     psi = 0.009*[#   7]+0.009*[#   8]+0.009*[#  11]+0.009*[#  12]+0.006*[#   2]
          +0.006*[#   4]+0.001*[#   6]+0.001*[#  10]
    |psi|^2 = 0.055
==== e(  12) =    17.50888 eV ==== 
     psi = 0.026*[#   2]+0.026*[#   4]+0.007*[#   7]+0.007*[#   8]+0.007*[#  11]
          +0.007*[#  12]+0.004*[#   5]+0.004*[#   9]
    |psi|^2 = 0.091
==== e(  13) =    18.62987 eV ==== 
     psi = 0.004*[#   7]+0.004*[#   8]+0.004*[#  11]+0.004*[#  12]+0.002*[#   5]
          +0.002*[#   9]+0.001*[#   6]+0.001*[#  10]
    |psi|^2 = 0.025
==== e(  14) =    18.75187 eV ==== 
     psi = 0.009*[#   2]+0.009*[#   4]+0.008*[#   7]+0.008*[#   8]+0.008*[#  11]
          +0.008*[#  12]+0.002*[#   5]+0.002*[#   9]
    |psi|^2 = 0.056

 k =   0.3000000000  0.5196152423 -0.3079996500
==== e(   1) =   -90.49800 eV ==== 
     psi = 0.494*[#   1]+0.494*[#   3]+0.002*[#   2]+0.002*[#   4]+0.002*[#   7]
          +0.002*[#   8]+0.002*[#  11]+0.002*[#  12]
    |psi|^2 = 1.000
==== e(   2) =   -90.49799 eV ==== 
     psi = 0.494*[#   1]+0.494*[#   3]+0.002*[#   2]+0.002*[#   4]+0.002*[#   7]
          +0.002*[#   8]+0.002*[#  11]+0.002*[#  12]
    |psi|^2 = 1.000
==== e(   3) =   -10.37060 eV ==== 
     psi = 0.483*[#   5]+0.483*[#   9]+0.010*[#   2]+0.010*[#   4]
    |psi|^2 = 0.989
==== e(   4) =   -10.37060 eV ==== 
     psi = 0.483*[#   5]+0.483*[#   9]+0.010*[#   2]+0.010*[#   4]
    |psi|^2 = 0.989
==== e(   5) =     1.43381 eV ==== 
     psi = 0.184*[#   7]+0.184*[#   8]+0.184*[#  11]+0.184*[#  12]+0.070*[#   6]
          +0.070*[#  10]+0.045*[#   2]+0.045*[#   4]+0.001*[#   5]+0.001*[#   9]
          +0.001*[#   1]+0.001*[#   3]
    |psi|^2 = 0.971
==== e(   6) =     1.43381 eV ==== 
     psi = 0.184*[#   7]+0.184*[#   8]+0.184*[#  11]+0.184*[#  12]+0.070*[#   6]
          +0.070*[#  10]+0.045*[#   2]+0.045*[#   4]+0.001*[#   5]+0.001*[#   9]
          +0.001*[#   1]+0.001*[#   3]
    |psi|^2 = 0.971
==== e(   7) =     2.17737 eV ==== 
     psi = 0.191*[#   7]+0.191*[#   8]+0.191*[#  11]+0.191*[#  12]+0.071*[#   6]
          +0.071*[#  10]+0.025*[#   2]+0.025*[#   4]
    |psi|^2 = 0.958
==== e(   8) =     2.17737 eV ==== 
     psi = 0.191*[#   7]+0.191*[#   8]+0.191*[#  11]+0.191*[#  12]+0.071*[#   6]
          +0.071*[#  10]+0.025*[#   2]+0.025*[#   4]
    |psi|^2 = 0.958
==== e(   9) =     4.81345 eV ==== 
     psi = 0.327*[#   6]+0.327*[#  10]+0.077*[#   7]+0.077*[#   8]+0.077*[#  11]
          +0.077*[#  12]
    |psi|^2 = 0.963
==== e(  10) =     4.81345 eV ==== 
     psi = 0.327*[#   6]+0.327*[#  10]+0.077*[#   7]+0.077*[#   8]+0.077*[#  11]
          +0.077*[#  12]
    |psi|^2 = 0.963
==== e(  11) =    17.20869 eV ==== 
     psi = 0.013*[#   2]+0.013*[#   4]+0.008*[#   7]+0.008*[#   8]+0.008*[#  11]
          +0.008*[#  12]+0.002*[#   5]+0.002*[#   9]+0.001*[#   6]+0.001*[#  10]
          
    |psi|^2 = 0.065
==== e(  12) =    17.20869 eV ==== 
     psi = 0.013*[#   2]+0.013*[#   4]+0.008*[#   7]+0.008*[#   8]+0.008*[#  11]
          +0.008*[#  12]+0.002*[#   5]+0.002*[#   9]+0.001*[#   6]+0.001*[#  10]
          
    |psi|^2 = 0.065
==== e(  13) =    18.56491 eV ==== 
     psi = 0.006*[#   7]+0.006*[#   8]+0.006*[#  11]+0.006*[#  12]+0.003*[#   2]
          +0.003*[#   4]+0.002*[#   5]+0.002*[#   9]
    |psi|^2 = 0.035
==== e(  14) =    18.56492 eV ==== 
     psi = 0.006*[#   7]+0.006*[#   8]+0.006*[#  11]+0.006*[#  12]+0.003*[#   2]
          +0.003*[#   4]+0.002*[#   5]+0.002*[#   9]
    |psi|^2 = 0.035

 k =   0.3000000000  0.5773502692  0.0000000000
==== e(   1) =   -90.49804 eV ==== 
     psi = 0.495*[#   1]+0.495*[#   3]+0.002*[#   2]+0.002*[#   4]+0.002*[#   7]
          +0.002*[#   8]+0.002*[#  11]+0.002*[#  12]
    |psi|^2 = 1.000
==== e(   2) =   -90.49790 eV ==== 
     psi = 0.494*[#   1]+0.494*[#   3]+0.002*[#   2]+0.002*[#   4]+0.002*[#   7]
          +0.002*[#   8]+0.002*[#  11]+0.002*[#  12]
    |psi|^2 = 1.000
==== e(   3) =   -10.40349 eV ==== 
     psi = 0.469*[#   5]+0.469*[#   9]+0.025*[#   2]+0.025*[#   4]
    |psi|^2 = 0.992
==== e(   4) =   -10.29985 eV ==== 
     psi = 0.479*[#   5]+0.479*[#   9]+0.014*[#   2]+0.014*[#   4]
    |psi|^2 = 0.991
==== e(   5) =     0.62475 eV ==== 
     psi = 0.235*[#   7]+0.235*[#   8]+0.235*[#  11]+0.235*[#  12]+0.002*[#   2]
          +0.002*[#   4]
    |psi|^2 = 0.945
==== e(   6) =     2.40874 eV ==== 
     psi = 0.175*[#   7]+0.175*[#   8]+0.175*[#  11]+0.175*[#  12]+0.095*[#   6]
          +0.095*[#  10]+0.031*[#   2]+0.031*[#   4]+0.005*[#   5]+0.005*[#   9]
          
    |psi|^2 = 0.963
==== e(   7) =     2.54959 eV ==== 
     psi = 0.194*[#   7]+0.194*[#   8]+0.194*[#  11]+0.194*[#  12]+0.051*[#   6]
          +0.051*[#  10]+0.040*[#   2]+0.040*[#   4]+0.007*[#   5]+0.007*[#   9]
          
    |psi|^2 = 0.972
==== e(   8) =     3.29406 eV ==== 
     psi = 0.225*[#   7]+0.225*[#   8]+0.225*[#  11]+0.225*[#  12]+0.025*[#   6]
          +0.025*[#  10]
    |psi|^2 = 0.952
==== e(   9) =     3.59159 eV ==== 
     psi = 0.374*[#   6]+0.374*[#  10]+0.039*[#   7]+0.039*[#   8]+0.039*[#  11]
          +0.039*[#  12]+0.035*[#   2]+0.035*[#   4]+0.001*[#   5]+0.001*[#   9]
          +0.001*[#   1]+0.001*[#   3]
    |psi|^2 = 0.978
==== e(  10) =     3.84439 eV ==== 
     psi = 0.395*[#   6]+0.395*[#  10]+0.033*[#   7]+0.033*[#   8]+0.033*[#  11]
          +0.033*[#  12]+0.023*[#   2]+0.023*[#   4]+0.001*[#   5]+0.001*[#   9]
          
    |psi|^2 = 0.971
==== e(  11) =    15.24466 eV ==== 
     psi = 0.005*[#   7]+0.005*[#   8]+0.005*[#  11]+0.005*[#  12]
    |psi|^2 = 0.023
==== e(  12) =    18.76319 eV ==== 
     psi = 0.010*[#   7]+0.010*[#   8]+0.010*[#  11]+0.010*[#  12]+0.003*[#   2]
          +0.003*[#   4]
    |psi|^2 = 0.045
==== e(  13) =    20.25024 eV ==== 
     psi = 0.131*[#   2]+0.131*[#   4]+0.017*[#   7]+0.017*[#   8]+0.017*[#  11]
          +0.017*[#  12]+0.008*[#   5]+0.008*[#   9]+0.005*[#   6]+0.005*[#  10]
          +0.001*[#   1]+0.001*[#   3]
    |psi|^2 = 0.357
==== e(  14) =    20.58803 eV ==== 
     psi = 0.090*[#   2]+0.090*[#   4]+0.015*[#   7]+0.015*[#   8]+0.015*[#  11]
          +0.015*[#  12]+0.006*[#   6]+0.006*[#  10]+0.003*[#   5]+0.003*[#   9]
          
    |psi|^2 = 0.260

 k =   0.3000000000  0.5773502692  0.0615999300
==== e(   1) =   -90.49804 eV ==== 
     psi = 0.495*[#   1]+0.495*[#   3]+0.002*[#   2]+0.002*[#   4]+0.002*[#   7]
          +0.002*[#   8]+0.002*[#  11]+0.002*[#  12]
    |psi|^2 = 1.000
==== e(   2) =   -90.49790 eV ==== 
     psi = 0.494*[#   1]+0.494*[#   3]+0.002*[#   2]+0.002*[#   4]+0.002*[#   7]
          +0.002*[#   8]+0.002*[#  11]+0.002*[#  12]
    |psi|^2 = 1.000
==== e(   3) =   -10.40079 eV ==== 
     psi = 0.470*[#   5]+0.470*[#   9]+0.024*[#   2]+0.024*[#   4]
    |psi|^2 = 0.992
==== e(   4) =   -10.30221 eV ==== 
     psi = 0.480*[#   5]+0.480*[#   9]+0.013*[#   2]+0.013*[#   4]
    |psi|^2 = 0.991
==== e(   5) =     0.67163 eV ==== 
     psi = 0.235*[#   7]+0.235*[#   8]+0.235*[#  11]+0.235*[#  12]+0.002*[#   2]
          +0.002*[#   4]
    |psi|^2 = 0.945
==== e(   6) =     2.30241 eV ==== 
     psi = 0.165*[#   7]+0.165*[#   8]+0.165*[#  11]+0.165*[#  12]+0.113*[#   6]
          +0.113*[#  10]+0.038*[#   2]+0.038*[#   4]+0.004*[#   5]+0.004*[#   9]
          
    |psi|^2 = 0.968
==== e(   7) =     2.42807 eV ==== 
     psi = 0.180*[#   7]+0.180*[#   8]+0.180*[#  11]+0.180*[#  12]+0.077*[#   6]
          +0.077*[#  10]+0.044*[#   2]+0.044*[#   4]+0.006*[#   5]+0.006*[#   9]
          
    |psi|^2 = 0.975
==== e(   8) =     3.21189 eV ==== 
     psi = 0.229*[#   7]+0.229*[#   8]+0.229*[#  11]+0.229*[#  12]+0.017*[#   6]
          +0.017*[#  10]
    |psi|^2 = 0.951
==== e(   9) =     3.74403 eV ==== 
     psi = 0.356*[#   6]+0.356*[#  10]+0.050*[#   7]+0.050*[#   8]+0.050*[#  11]
          +0.050*[#  12]+0.028*[#   2]+0.028*[#   4]+0.001*[#   5]+0.001*[#   9]
          
    |psi|^2 = 0.974
==== e(  10) =     3.98476 eV ==== 
     psi = 0.378*[#   6]+0.378*[#  10]+0.042*[#   7]+0.042*[#   8]+0.042*[#  11]
          +0.042*[#  12]+0.019*[#   2]+0.019*[#   4]+0.001*[#   5]+0.001*[#   9]
          
    |psi|^2 = 0.969
==== e(  11) =    15.38958 eV ==== 
     psi = 0.006*[#   7]+0.006*[#   8]+0.006*[#  11]+0.006*[#  12]
    |psi|^2 = 0.026
==== e(  12) =    18.72307 eV ==== 
     psi = 0.010*[#   7]+0.010*[#   8]+0.010*[#  11]+0.010*[#  12]+0.003*[#   2]
          +0.003*[#   4]
    |psi|^2 = 0.046
==== e(  13) =    19.91244 eV ==== 
     psi = 0.107*[#   2]+0.107*[#   4]+0.013*[#   7]+0.013*[#   8]+0.013*[#  11]
          +0.013*[#  12]+0.008*[#   5]+0.008*[#   9]+0.005*[#   6]+0.005*[#  10]
          
    |psi|^2 = 0.295
==== e(  14) =    20.24663 eV ==== 
     psi = 0.068*[#   2]+0.068*[#   4]+0.012*[#   7]+0.012*[#   8]+0.012*[#  11]
          +0.012*[#  12]+0.006*[#   6]+0.006*[#  10]+0.003*[#   5]+0.003*[#   9]
          
    |psi|^2 = 0.204

 k =   0.3000000000  0.5773502692  0.1231998600
==== e(   1) =   -90.49803 eV ==== 
     psi = 0.494*[#   1]+0.494*[#   3]+0.002*[#   2]+0.002*[#   4]+0.002*[#   7]
          +0.002*[#   8]+0.002*[#  11]+0.002*[#  12]
    |psi|^2 = 1.000
==== e(   2) =   -90.49791 eV ==== 
     psi = 0.494*[#   1]+0.494*[#   3]+0.002*[#   2]+0.002*[#   4]+0.002*[#   7]
          +0.002*[#   8]+0.002*[#  11]+0.002*[#  12]
    |psi|^2 = 1.000
==== e(   3) =   -10.39300 eV ==== 
     psi = 0.474*[#   5]+0.474*[#   9]+0.020*[#   2]+0.020*[#   4]
    |psi|^2 = 0.991
==== e(   4) =   -10.30910 eV ==== 
     psi = 0.483*[#   5]+0.483*[#   9]+0.011*[#   2]+0.011*[#   4]
    |psi|^2 = 0.990
==== e(   5) =     0.80937 eV ==== 
     psi = 0.234*[#   7]+0.234*[#   8]+0.234*[#  11]+0.234*[#  12]+0.003*[#   2]
          +0.003*[#   4]+0.002*[#   6]+0.002*[#  10]
    |psi|^2 = 0.945
==== e(   6) =     2.10075 eV ==== 
     psi = 0.153*[#   7]+0.153*[#   8]+0.153*[#  11]+0.153*[#  12]+0.130*[#   6]
          +0.130*[#  10]+0.049*[#   2]+0.049*[#   4]+0.002*[#   5]+0.002*[#   9]
          +0.001*[#   1]+0.001*[#   3]
    |psi|^2 = 0.976
==== e(   7) =     2.18095 eV ==== 
     psi = 0.164*[#   7]+0.164*[#   8]+0.164*[#  11]+0.164*[#  12]+0.105*[#   6]
          +0.105*[#  10]+0.051*[#   2]+0.051*[#   4]+0.004*[#   5]+0.004*[#   9]
          +0.001*[#   1]+0.001*[#   3]
    |psi|^2 = 0.979
==== e(   8) =     2.97705 eV ==== 
     psi = 0.230*[#   7]+0.230*[#   8]+0.230*[#  11]+0.230*[#  12]+0.012*[#   6]
          +0.012*[#  10]+0.002*[#   2]+0.002*[#   4]
    |psi|^2 = 0.948
==== e(   9) =     4.07383 eV ==== 
     psi = 0.337*[#   6]+0.337*[#  10]+0.064*[#   7]+0.064*[#   8]+0.064*[#  11]
          +0.064*[#  12]+0.018*[#   2]+0.018*[#   4]+0.001*[#   5]+0.001*[#   9]
          
    |psi|^2 = 0.968
==== e(  10) =     4.28526 eV ==== 
     psi = 0.354*[#   6]+0.354*[#  10]+0.058*[#   7]+0.058*[#   8]+0.058*[#  11]
          +0.058*[#  12]+0.012*[#   2]+0.012*[#   4]+0.001*[#   5]+0.001*[#   9]
          
    |psi|^2 = 0.965
==== e(  11) =    15.79093 eV ==== 
     psi = 0.008*[#   7]+0.008*[#   8]+0.008*[#  11]+0.008*[#  12]
    |psi|^2 = 0.032
==== e(  12) =    18.58133 eV ==== 
     psi = 0.010*[#   7]+0.010*[#   8]+0.010*[#  11]+0.010*[#  12]+0.005*[#   2]
          +0.005*[#   4]
    |psi|^2 = 0.051
==== e(  13) =    19.25520 eV ==== 
     psi = 0.071*[#   2]+0.071*[#   4]+0.009*[#   7]+0.009*[#   8]+0.009*[#  11]
          +0.009*[#  12]+0.007*[#   5]+0.007*[#   9]+0.003*[#   6]+0.003*[#  10]
          
    |psi|^2 = 0.198
==== e(  14) =    19.58269 eV ==== 
     psi = 0.035*[#   2]+0.035*[#   4]+0.008*[#   7]+0.008*[#   8]+0.008*[#  11]
          +0.008*[#  12]+0.004*[#   6]+0.004*[#  10]+0.003*[#   5]+0.003*[#   9]
          
    |psi|^2 = 0.118

 k =   0.3000000000  0.5773502692  0.1847997900
==== e(   1) =   -90.49801 eV ==== 
     psi = 0.494*[#   1]+0.494*[#   3]+0.002*[#   2]+0.002*[#   4]+0.002*[#   7]
          +0.002*[#   8]+0.002*[#  11]+0.002*[#  12]
    |psi|^2 = 1.000
==== e(   2) =   -90.49793 eV ==== 
     psi = 0.494*[#   1]+0.494*[#   3]+0.002*[#   2]+0.002*[#   4]+0.002*[#   7]
          +0.002*[#   8]+0.002*[#  11]+0.002*[#  12]
    |psi|^2 = 1.000
==== e(   3) =   -10.38099 eV ==== 
     psi = 0.478*[#   5]+0.478*[#   9]+0.015*[#   2]+0.015*[#   4]
    |psi|^2 = 0.990
==== e(   4) =   -10.31999 eV ==== 
     psi = 0.485*[#   5]+0.485*[#   9]+0.009*[#   2]+0.009*[#   4]
    |psi|^2 = 0.990
==== e(   5) =     1.02752 eV ==== 
     psi = 0.231*[#   7]+0.231*[#   8]+0.231*[#  11]+0.231*[#  12]+0.006*[#   6]
          +0.006*[#  10]+0.005*[#   2]+0.005*[#   4]
    |psi|^2 = 0.945
==== e(   6) =     1.93363 eV ==== 
     psi = 0.149*[#   7]+0.149*[#   8]+0.149*[#  11]+0.149*[#  12]+0.134*[#   6]
          +0.134*[#  10]+0.057*[#   2]+0.057*[#   4]+0.001*[#   1]+0.001*[#   3]
          
    |psi|^2 = 0.981
==== e(   7) =     1.93643 eV ==== 
     psi = 0.157*[#   7]+0.157*[#   8]+0.157*[#  11]+0.157*[#  12]+0.115*[#   6]
          +0.115*[#  10]+0.058*[#   2]+0.058*[#   4]+0.002*[#   5]+0.002*[#   9]
          +0.001*[#   1]+0.001*[#   3]
    |psi|^2 = 0.982
==== e(   8) =     2.63972 eV ==== 
     psi = 0.227*[#   7]+0.227*[#   8]+0.227*[#  11]+0.227*[#  12]+0.015*[#   6]
          +0.015*[#  10]+0.004*[#   2]+0.004*[#   4]
    |psi|^2 = 0.946
==== e(   9) =     4.42319 eV ==== 
     psi = 0.329*[#   6]+0.329*[#  10]+0.072*[#   7]+0.072*[#   8]+0.072*[#  11]
          +0.072*[#  12]+0.009*[#   2]+0.009*[#   4]
    |psi|^2 = 0.964
==== e(  10) =     4.58455 eV ==== 
     psi = 0.340*[#   6]+0.340*[#  10]+0.068*[#   7]+0.068*[#   8]+0.068*[#  11]
          +0.068*[#  12]+0.006*[#   2]+0.006*[#   4]
    |psi|^2 = 0.964
==== e(  11) =    16.35756 eV ==== 
     psi = 0.009*[#   7]+0.009*[#   8]+0.009*[#  11]+0.009*[#  12]+0.001*[#   2]
          +0.001*[#   4]
    |psi|^2 = 0.040
==== e(  12) =    18.28238 eV ==== 
     psi = 0.009*[#   7]+0.009*[#   8]+0.009*[#  11]+0.009*[#  12]+0.007*[#   2]
          +0.007*[#   4]+0.001*[#   5]+0.001*[#   9]
    |psi|^2 = 0.053
==== e(  13) =    18.65266 eV ==== 
     psi = 0.039*[#   2]+0.039*[#   4]+0.006*[#   5]+0.006*[#   7]+0.006*[#   8]
          +0.006*[#   9]+0.006*[#  11]+0.006*[#  12]+0.002*[#   6]+0.002*[#  10]
          
    |psi|^2 = 0.116
==== e(  14) =    18.99249 eV ==== 
     psi = 0.010*[#   2]+0.010*[#   4]+0.007*[#   7]+0.007*[#   8]+0.007*[#  11]
          +0.007*[#  12]+0.002*[#   6]+0.002*[#  10]+0.002*[#   5]+0.002*[#   9]
          
    |psi|^2 = 0.056

 k =   0.3000000000  0.5773502692  0.2463997200
==== e(   1) =   -90.49799 eV ==== 
     psi = 0.494*[#   1]+0.494*[#   3]+0.002*[#   2]+0.002*[#   4]+0.002*[#   7]
          +0.002*[#   8]+0.002*[#  11]+0.002*[#  12]
    |psi|^2 = 1.000
==== e(   2) =   -90.49795 eV ==== 
     psi = 0.494*[#   1]+0.494*[#   3]+0.002*[#   2]+0.002*[#   4]+0.002*[#   7]
          +0.002*[#   8]+0.002*[#  11]+0.002*[#  12]
    |psi|^2 = 1.000
==== e(   3) =   -10.36608 eV ==== 
     psi = 0.483*[#   5]+0.483*[#   9]+0.011*[#   2]+0.011*[#   4]
    |psi|^2 = 0.989
==== e(   4) =   -10.33400 eV ==== 
     psi = 0.487*[#   5]+0.487*[#   9]+0.007*[#   2]+0.007*[#   4]
    |psi|^2 = 0.989
==== e(   5) =     1.29909 eV ==== 
     psi = 0.221*[#   7]+0.221*[#   8]+0.221*[#  11]+0.221*[#  12]+0.019*[#   6]
          +0.019*[#  10]+0.014*[#   2]+0.014*[#   4]
    |psi|^2 = 0.949
==== e(   6) =     1.73661 eV ==== 
     psi = 0.161*[#   7]+0.161*[#   8]+0.161*[#  11]+0.161*[#  12]+0.107*[#   6]
          +0.107*[#  10]+0.058*[#   2]+0.058*[#   4]+0.001*[#   1]+0.001*[#   3]
          
    |psi|^2 = 0.981
==== e(   7) =     1.86595 eV ==== 
     psi = 0.156*[#   7]+0.156*[#   8]+0.156*[#  11]+0.156*[#  12]+0.121*[#   6]
          +0.121*[#  10]+0.055*[#   2]+0.055*[#   4]+0.001*[#   1]+0.001*[#   3]
          
    |psi|^2 = 0.979
==== e(   8) =     2.27010 eV ==== 
     psi = 0.217*[#   7]+0.217*[#   8]+0.217*[#  11]+0.217*[#  12]+0.028*[#   6]
          +0.028*[#  10]+0.010*[#   2]+0.010*[#   4]
    |psi|^2 = 0.948
==== e(   9) =     4.69570 eV ==== 
     psi = 0.328*[#   6]+0.328*[#  10]+0.075*[#   7]+0.075*[#   8]+0.075*[#  11]
          +0.075*[#  12]+0.003*[#   2]+0.003*[#   4]
    |psi|^2 = 0.963
==== e(  10) =     4.78408 eV ==== 
     psi = 0.334*[#   6]+0.334*[#  10]+0.073*[#   7]+0.073*[#   8]+0.073*[#  11]
          +0.073*[#  12]+0.002*[#   2]+0.002*[#   4]
    |psi|^2 = 0.963
==== e(  11) =    16.95890 eV ==== 
     psi = 0.010*[#   7]+0.010*[#   8]+0.010*[#  11]+0.010*[#  12]+0.002*[#   2]
          +0.002*[#   4]
    |psi|^2 = 0.046
==== e(  12) =    17.87025 eV ==== 
     psi = 0.008*[#   7]+0.008*[#   8]+0.008*[#  11]+0.008*[#  12]+0.004*[#   2]
          +0.004*[#   4]+0.002*[#   5]+0.002*[#   9]
    |psi|^2 = 0.044
==== e(  13) =    18.29380 eV ==== 
     psi = 0.016*[#   2]+0.016*[#   4]+0.004*[#   5]+0.004*[#   9]+0.004*[#   7]
          +0.004*[#   8]+0.004*[#  11]+0.004*[#  12]
    |psi|^2 = 0.057
==== e(  14) =    18.57372 eV ==== 
     psi = 0.006*[#   7]+0.006*[#   8]+0.006*[#  11]+0.006*[#  12]+0.002*[#   5]
          +0.002*[#   9]+0.001*[#   2]+0.001*[#   4]+0.001*[#   6]+0.001*[#  10]
          
    |psi|^2 = 0.033

 k =   0.3000000000  0.5773502692 -0.3079996500
==== e(   1) =   -90.49798 eV ==== 
     psi = 0.494*[#   1]+0.494*[#   3]+0.002*[#   2]+0.002*[#   4]+0.002*[#   7]
          +0.002*[#   8]+0.002*[#  11]+0.002*[#  12]
    |psi|^2 = 1.000
==== e(   2) =   -90.49796 eV ==== 
     psi = 0.494*[#   1]+0.494*[#   3]+0.002*[#   2]+0.002*[#   4]+0.002*[#   7]
          +0.002*[#   8]+0.002*[#  11]+0.002*[#  12]
    |psi|^2 = 1.000
==== e(   3) =   -10.34987 eV ==== 
     psi = 0.486*[#   5]+0.486*[#   9]+0.008*[#   2]+0.008*[#   4]
    |psi|^2 = 0.989
==== e(   4) =   -10.34987 eV ==== 
     psi = 0.486*[#   5]+0.486*[#   9]+0.008*[#   2]+0.008*[#   4]
    |psi|^2 = 0.989
==== e(   5) =     1.55184 eV ==== 
     psi = 0.188*[#   7]+0.188*[#   8]+0.188*[#  11]+0.188*[#  12]+0.066*[#   6]
          +0.066*[#  10]+0.039*[#   2]+0.039*[#   4]
    |psi|^2 = 0.967
==== e(   6) =     1.55184 eV ==== 
     psi = 0.188*[#   7]+0.188*[#   8]+0.188*[#  11]+0.188*[#  12]+0.066*[#   6]
          +0.066*[#  10]+0.039*[#   2]+0.039*[#   4]
    |psi|^2 = 0.967
==== e(   7) =     1.96948 eV ==== 
     psi = 0.188*[#   7]+0.188*[#   8]+0.188*[#  11]+0.188*[#  12]+0.072*[#   6]
          +0.072*[#  10]+0.031*[#   2]+0.031*[#   4]
    |psi|^2 = 0.962
==== e(   8) =     1.96948 eV ==== 
     psi = 0.188*[#   7]+0.188*[#   8]+0.188*[#  11]+0.188*[#  12]+0.072*[#   6]
          +0.072*[#  10]+0.031*[#   2]+0.031*[#   4]
    |psi|^2 = 0.962
==== e(   9) =     4.82613 eV ==== 
     psi = 0.330*[#   6]+0.330*[#  10]+0.076*[#   7]+0.076*[#   8]+0.076*[#  11]
          +0.076*[#  12]
    |psi|^2 = 0.963
==== e(  10) =     4.82613 eV ==== 
     psi = 0.330*[#   6]+0.330*[#  10]+0.076*[#   7]+0.076*[#   8]+0.076*[#  11]
          +0.076*[#  12]
    |psi|^2 = 0.963
==== e(  11) =    17.45990 eV ==== 
     psi = 0.009*[#   7]+0.009*[#   8]+0.009*[#  11]+0.009*[#  12]+0.003*[#   2]
          +0.003*[#   4]+0.001*[#   5]+0.001*[#   9]
    |psi|^2 = 0.045
==== e(  12) =    17.45990 eV ==== 
     psi = 0.009*[#   7]+0.009*[#   8]+0.009*[#  11]+0.009*[#  12]+0.003*[#   2]
          +0.003*[#   4]+0.001*[#   5]+0.001*[#   9]
    |psi|^2 = 0.045
==== e(  13) =    18.28898 eV ==== 
     psi = 0.005*[#   7]+0.005*[#   8]+0.005*[#  11]+0.005*[#  12]+0.003*[#   2]
          +0.003*[#   4]+0.003*[#   5]+0.003*[#   9]
    |psi|^2 = 0.031
==== e(  14) =    18.28898 eV ==== 
     psi = 0.005*[#   7]+0.005*[#   8]+0.005*[#  11]+0.005*[#  12]+0.003*[#   2]
          +0.003*[#   4]+0.003*[#   5]+0.003*[#   9]
    |psi|^2 = 0.031

Lowdin Charges: 

     Atom #   1: total charge =   2.4670, s =  2.4670, 
     Atom #   1: total charge =   2.4670, p =  0.0000, pz=  0.0000, px=  0.0000, py=  0.0000, 
     Atom #   2: total charge =   2.4670, s =  2.4670, 
     Atom #   2: total charge =   2.4670, p =  0.0000, pz=  0.0000, px=  0.0000, py=  0.0000, 
     Atom #   3: total charge =   7.3196, s =  1.7879, 
     Atom #   3: total charge =   7.3196, p =  5.5317, pz=  1.8415, px=  1.8451, py=  1.8451, 
     Atom #   4: total charge =   7.3196, s =  1.7879, 
     Atom #   4: total charge =   7.3196, p =  5.5317, pz=  1.8415, px=  1.8451, py=  1.8451, 
     Spilling Parameter:   0.0213

     PROJWFC      :      0.87s CPU      1.27s WALL


   This run was terminated on:  14:24:46  31Aug2026            

=------------------------------------------------------------------------------=
   JOB DONE.
=------------------------------------------------------------------------------=
Note: The following floating-point exceptions are signalling: IEEE_DENORMAL
