#  E (eV)   dos(E)     Int dos(E) EFermi =   17.181 eV
 -20.000  0.5280E-84  0.5280E-86
 -19.990  0.5280E-84  0.1056E-85
 -19.980  0.5280E-84  0.1584E-85
 -19.970  0.5280E-84  0.2112E-85
 -19.960  0.5280E-84  0.2640E-85
 -19.950  0.5280E-84  0.3168E-85
 -19.940  0.5280E-84  0.3696E-85
 -19.930  0.5280E-84  0.4224E-85
 -19.920  0.5280E-84  0.4752E-85
 -19.910  0.5280E-84  0.5280E-85
 -19.900  0.5280E-84  0.5807E-85
 -19.890  0.5280E-84  0.6335E-85
 -19.880  0.5280E-84  0.6863E-85
 -19.870  0.5280E-84  0.7391E-85
 -19.860  0.5280E-84  0.7919E-85
 -19.850  0.5280E-84  0.8447E-85
 -19.840  0.5280E-84  0.8975E-85
 -19.830  0.5280E-84  0.9503E-85
 -19.820  0.5280E-84  0.1003E-84
 -19.810  0.5280E-84  0.1056E-84
 -19.800  0.5280E-84  0.1109E-84
 -19.790  0.5280E-84  0.1161E-84
 -19.780  0.5280E-84  0.1214E-84
 -19.770  0.5280E-84  0.1267E-84
 -19.760  0.5280E-84  0.1320E-84
 -19.750  0.5280E-84  0.1373E-84
 -19.740  0.5280E-84  0.1425E-84
 -19.730  0.5280E-84  0.1478E-84
 -19.720  0.5280E-84  0.1531E-84
 -19.710  0.5280E-84  0.1584E-84
 -19.700  0.5280E-84  0.1637E-84
 -19.690  0.5280E-84  0.1689E-84
 -19.680  0.5280E-84  0.1742E-84
 -19.670  0.5280E-84  0.1795E-84
 -19.660  0.5280E-84  0.1848E-84
 -19.650  0.5280E-84  0.1901E-84
 -19.640  0.5280E-84  0.1953E-84
 -19.630  0.5280E-84  0.2006E-84
 -19.620  0.5280E-84  0.2059E-84
 -19.610  0.5280E-84  0.2112E-84
 -19.600  0.5280E-84  0.2165E-84
 -19.590  0.5280E-84  0.2217E-84
 -19.580  0.5280E-84  0.2270E-84
 -19.570  0.5280E-84  0.2323E-84
 -19.560  0.5280E-84  0.2376E-84
 -19.550  0.5280E-84  0.2429E-84
 -19.540  0.5280E-84  0.2481E-84
 -19.530  0.5280E-84  0.2534E-84
 -19.520  0.5280E-84  0.2587E-84
 -19.510  0.5280E-84  0.2640E-84
 -19.500  0.5280E-84  0.2693E-84
 -19.490  0.5280E-84  0.2745E-84
 -19.480  0.5280E-84  0.2798E-84
 -19.470  0.5280E-84  0.2851E-84
 -19.460  0.5280E-84  0.2904E-84
 -19.450  0.5280E-84  0.2957E-84
 -19.440  0.5280E-84  0.3009E-84
 -19.430  0.5280E-84  0.3062E-84
 -19.420  0.5280E-84  0.3115E-84
 -19.410  0.5280E-84  0.3168E-84
 -19.400  0.5280E-84  0.3221E-84
 -19.390  0.5280E-84  0.3273E-84
 -19.380  0.5280E-84  0.3326E-84
 -19.370  0.5280E-84  0.3379E-84
 -19.360  0.5280E-84  0.3432E-84
 -19.350  0.5280E-84  0.3484E-84
 -19.340  0.5280E-84  0.3537E-84
 -19.330  0.5280E-84  0.3590E-84
 -19.320  0.5280E-84  0.3643E-84
 -19.310  0.5280E-84  0.3696E-84
 -19.300  0.5280E-84  0.3748E-84
 -19.290  0.5280E-84  0.3801E-84
 -19.280  0.5280E-84  0.3854E-84
 -19.270  0.5280E-84  0.3907E-84
 -19.260  0.5280E-84  0.3960E-84
 -19.250  0.5280E-84  0.4012E-84
 -19.240  0.5280E-84  0.4065E-84
 -19.230  0.5280E-84  0.4118E-84
 -19.220  0.5280E-84  0.4171E-84
 -19.210  0.5280E-84  0.4224E-84
 -19.200  0.5280E-84  0.4276E-84
 -19.190  0.5280E-84  0.4329E-84
 -19.180  0.5280E-84  0.4382E-84
 -19.170  0.5280E-84  0.4435E-84
 -19.160  0.5280E-84  0.4488E-84
 -19.150  0.5280E-84  0.4540E-84
 -19.140  0.5280E-84  0.4593E-84
 -19.130  0.5280E-84  0.4646E-84
 -19.120  0.5280E-84  0.4699E-84
 -19.110  0.5280E-84  0.4752E-84
 -19.100  0.5280E-84  0.4804E-84
 -19.090  0.5280E-84  0.4857E-84
 -19.080  0.5280E-84  0.4910E-84
 -19.070  0.5280E-84  0.4963E-84
 -19.060  0.5280E-84  0.5016E-84
 -19.050  0.5280E-84  0.5068E-84
 -19.040  0.5280E-84  0.5121E-84
 -19.030  0.5280E-84  0.5174E-84
 -19.020  0.5280E-84  0.5227E-84
 -19.010  0.5280E-84  0.5280E-84
 -19.000  0.5280E-84  0.5332E-84
 -18.990  0.5280E-84  0.5385E-84
 -18.980  0.5280E-84  0.5438E-84
 -18.970  0.5280E-84  0.5491E-84
 -18.960  0.5280E-84  0.5544E-84
 -18.950  0.5280E-84  0.5596E-84
 -18.940  0.5280E-84  0.5649E-84
 -18.930  0.5280E-84  0.5702E-84
 -18.920  0.5280E-84  0.5755E-84
 -18.910  0.5280E-84  0.5807E-84
 -18.900  0.5280E-84  0.5860E-84
 -18.890  0.5280E-84  0.5913E-84
 -18.880  0.5280E-84  0.5966E-84
 -18.870  0.5280E-84  0.6019E-84
 -18.860  0.5280E-84  0.6071E-84
 -18.850  0.5280E-84  0.6124E-84
 -18.840  0.5280E-84  0.6177E-84
 -18.830  0.5280E-84  0.6230E-84
 -18.820  0.5280E-84  0.6283E-84
 -18.810  0.5280E-84  0.6335E-84
 -18.800  0.5280E-84  0.6388E-84
 -18.790  0.5280E-84  0.6441E-84
 -18.780  0.5280E-84  0.6494E-84
 -18.770  0.5280E-84  0.6547E-84
 -18.760  0.5280E-84  0.6599E-84
 -18.750  0.5280E-84  0.6652E-84
 -18.740  0.5280E-84  0.6705E-84
 -18.730  0.5280E-84  0.6758E-84
 -18.720  0.5280E-84  0.6811E-84
 -18.710  0.5280E-84  0.6863E-84
 -18.700  0.5280E-84  0.6916E-84
 -18.690  0.5280E-84  0.6969E-84
 -18.680  0.5280E-84  0.7022E-84
 -18.670  0.5280E-84  0.7075E-84
 -18.660  0.5280E-84  0.7127E-84
 -18.650  0.5280E-84  0.7180E-84
 -18.640  0.5280E-84  0.7233E-84
 -18.630  0.5280E-84  0.7286E-84
 -18.620  0.5280E-84  0.7339E-84
 -18.610  0.5280E-84  0.7391E-84
 -18.600  0.5280E-84  0.7444E-84
 -18.590  0.5280E-84  0.7497E-84
 -18.580  0.5280E-84  0.7550E-84
 -18.570  0.5280E-84  0.7603E-84
 -18.560  0.5280E-84  0.7655E-84
 -18.550  0.5280E-84  0.7708E-84
 -18.540  0.5280E-84  0.7761E-84
 -18.530  0.5280E-84  0.7814E-84
 -18.520  0.5280E-84  0.7867E-84
 -18.510  0.5280E-84  0.7919E-84
 -18.500  0.5280E-84  0.7972E-84
 -18.490  0.5280E-84  0.8025E-84
 -18.480  0.5280E-84  0.8078E-84
 -18.470  0.5280E-84  0.8130E-84
 -18.460  0.5280E-84  0.8183E-84
 -18.450  0.5280E-84  0.8236E-84
 -18.440  0.5280E-84  0.8289E-84
 -18.430  0.5280E-84  0.8342E-84
 -18.420  0.5280E-84  0.8394E-84
 -18.410  0.5280E-84  0.8447E-84
 -18.400  0.5280E-84  0.8500E-84
 -18.390  0.5280E-84  0.8553E-84
 -18.380  0.5280E-84  0.8606E-84
 -18.370  0.5280E-84  0.8658E-84
 -18.360  0.5280E-84  0.8711E-84
 -18.350  0.5280E-84  0.8764E-84
 -18.340  0.5280E-84  0.8817E-84
 -18.330  0.5280E-84  0.8870E-84
 -18.320  0.5280E-84  0.8922E-84
 -18.310  0.5280E-84  0.8975E-84
 -18.300  0.5280E-84  0.9028E-84
 -18.290  0.5280E-84  0.9081E-84
 -18.280  0.5280E-84  0.9134E-84
 -18.270  0.5280E-84  0.9186E-84
 -18.260  0.5280E-84  0.9239E-84
 -18.250  0.5280E-84  0.9292E-84
 -18.240  0.5280E-84  0.9345E-84
 -18.230  0.5280E-84  0.9398E-84
 -18.220  0.5280E-84  0.9450E-84
 -18.210  0.5280E-84  0.9503E-84
 -18.200  0.5280E-84  0.9556E-84
 -18.190  0.5280E-84  0.9609E-84
 -18.180  0.5280E-84  0.9662E-84
 -18.170  0.5280E-84  0.9714E-84
 -18.160  0.5280E-84  0.9767E-84
 -18.150  0.5280E-84  0.9820E-84
 -18.140  0.5280E-84  0.9873E-84
 -18.130  0.5280E-84  0.9926E-84
 -18.120  0.5280E-84  0.9978E-84
 -18.110  0.5280E-84  0.1003E-83
 -18.100  0.5280E-84  0.1008E-83
 -18.090  0.5280E-84  0.1014E-83
 -18.080  0.5280E-84  0.1019E-83
 -18.070  0.5280E-84  0.1024E-83
 -18.060  0.5280E-84  0.1030E-83
 -18.050  0.5280E-84  0.1035E-83
 -18.040  0.5280E-84  0.1040E-83
 -18.030  0.5280E-84  0.1045E-83
 -18.020  0.5280E-84  0.1051E-83
 -18.010  0.5280E-84  0.1056E-83
 -18.000  0.5280E-84  0.1061E-83
 -17.990  0.5280E-84  0.1066E-83
 -17.980  0.5280E-84  0.1072E-83
 -17.970  0.5280E-84  0.1077E-83
 -17.960  0.5280E-84  0.1082E-83
 -17.950  0.5280E-84  0.1088E-83
 -17.940  0.5280E-84  0.1093E-83
 -17.930  0.5280E-84  0.1098E-83
 -17.920  0.5280E-84  0.1103E-83
 -17.910  0.5280E-84  0.1109E-83
 -17.900  0.5280E-84  0.1114E-83
 -17.890  0.5280E-84  0.1119E-83
 -17.880  0.5280E-84  0.1125E-83
 -17.870  0.5280E-84  0.1130E-83
 -17.860  0.5280E-84  0.1135E-83
 -17.850  0.5280E-84  0.1140E-83
 -17.840  0.5280E-84  0.1146E-83
 -17.830  0.5280E-84  0.1151E-83
 -17.820  0.5280E-84  0.1156E-83
 -17.810  0.5280E-84  0.1161E-83
 -17.800  0.5280E-84  0.1167E-83
 -17.790  0.5280E-84  0.1172E-83
 -17.780  0.5280E-84  0.1177E-83
 -17.770  0.5280E-84  0.1183E-83
 -17.760  0.5280E-84  0.1188E-83
 -17.750  0.5280E-84  0.1193E-83
 -17.740  0.5280E-84  0.1198E-83
 -17.730  0.5280E-84  0.1204E-83
 -17.720  0.5280E-84  0.1209E-83
 -17.710  0.5280E-84  0.1214E-83
 -17.700  0.5280E-84  0.1220E-83
 -17.690  0.5280E-84  0.1225E-83
 -17.680  0.5280E-84  0.1230E-83
 -17.670  0.5280E-84  0.1235E-83
 -17.660  0.5280E-84  0.1241E-83
 -17.650  0.5280E-84  0.1246E-83
 -17.640  0.5280E-84  0.1251E-83
 -17.630  0.5280E-84  0.1257E-83
 -17.620  0.5280E-84  0.1262E-83
 -17.610  0.5280E-84  0.1267E-83
 -17.600  0.5280E-84  0.1272E-83
 -17.590  0.5280E-84  0.1278E-83
 -17.580  0.5280E-84  0.1283E-83
 -17.570  0.5280E-84  0.1288E-83
 -17.560  0.5280E-84  0.1293E-83
 -17.550  0.5280E-84  0.1299E-83
 -17.540  0.5280E-84  0.1304E-83
 -17.530  0.5280E-84  0.1309E-83
 -17.520  0.5280E-84  0.1315E-83
 -17.510  0.5280E-84  0.1320E-83
 -17.500  0.5280E-84  0.1325E-83
 -17.490  0.5280E-84  0.1330E-83
 -17.480  0.5280E-84  0.1336E-83
 -17.470  0.5280E-84  0.1341E-83
 -17.460  0.5280E-84  0.1346E-83
 -17.450  0.5280E-84  0.1352E-83
 -17.440  0.5280E-84  0.1357E-83
 -17.430  0.5280E-84  0.1362E-83
 -17.420  0.5280E-84  0.1367E-83
 -17.410  0.5280E-84  0.1373E-83
 -17.400  0.5280E-84  0.1378E-83
 -17.390  0.5280E-84  0.1383E-83
 -17.380  0.5280E-84  0.1389E-83
 -17.370  0.5280E-84  0.1394E-83
 -17.360  0.5280E-84  0.1399E-83
 -17.350  0.5280E-84  0.1404E-83
 -17.340  0.5280E-84  0.1410E-83
 -17.330  0.5280E-84  0.1415E-83
 -17.320  0.5280E-84  0.1420E-83
 -17.310  0.5280E-84  0.1425E-83
 -17.300  0.5280E-84  0.1431E-83
 -17.290  0.5280E-84  0.1436E-83
 -17.280  0.5280E-84  0.1441E-83
 -17.270  0.5280E-84  0.1447E-83
 -17.260  0.5280E-84  0.1452E-83
 -17.250  0.5280E-84  0.1457E-83
 -17.240  0.5280E-84  0.1462E-83
 -17.230  0.5280E-84  0.1468E-83
 -17.220  0.5280E-84  0.1473E-83
 -17.210  0.5280E-84  0.1478E-83
 -17.200  0.5280E-84  0.1484E-83
 -17.190  0.5280E-84  0.1489E-83
 -17.180  0.5280E-84  0.1494E-83
 -17.170  0.5280E-84  0.1499E-83
 -17.160  0.5280E-84  0.1505E-83
 -17.150  0.5280E-84  0.1510E-83
 -17.140  0.5280E-84  0.1515E-83
 -17.130  0.5280E-84  0.1521E-83
 -17.120  0.5280E-84  0.1526E-83
 -17.110  0.5280E-84  0.1531E-83
 -17.100  0.5280E-84  0.1536E-83
 -17.090  0.5280E-84  0.1542E-83
 -17.080  0.5280E-84  0.1547E-83
 -17.070  0.5280E-84  0.1552E-83
 -17.060  0.5280E-84  0.1557E-83
 -17.050  0.5280E-84  0.1563E-83
 -17.040  0.5280E-84  0.1568E-83
 -17.030  0.5280E-84  0.1573E-83
 -17.020  0.5280E-84  0.1579E-83
 -17.010  0.5280E-84  0.1584E-83
 -17.000  0.5280E-84  0.1589E-83
 -16.990  0.5280E-84  0.1594E-83
 -16.980  0.5280E-84  0.1600E-83
 -16.970  0.5280E-84  0.1605E-83
 -16.960  0.5280E-84  0.1610E-83
 -16.950  0.5280E-84  0.1616E-83
 -16.940  0.5280E-84  0.1621E-83
 -16.930  0.5280E-84  0.1626E-83
 -16.920  0.5280E-84  0.1631E-83
 -16.910  0.5280E-84  0.1637E-83
 -16.900  0.5280E-84  0.1642E-83
 -16.890  0.5280E-84  0.1647E-83
 -16.880  0.5280E-84  0.1652E-83
 -16.870  0.5280E-84  0.1658E-83
 -16.860  0.5280E-84  0.1663E-83
 -16.850  0.5280E-84  0.1668E-83
 -16.840  0.5280E-84  0.1674E-83
 -16.830  0.5280E-84  0.1679E-83
 -16.820  0.5280E-84  0.1684E-83
 -16.810  0.5280E-84  0.1689E-83
 -16.800  0.5280E-84  0.1695E-83
 -16.790  0.5280E-84  0.1700E-83
 -16.780  0.5280E-84  0.1705E-83
 -16.770  0.5280E-84  0.1711E-83
 -16.760  0.5280E-84  0.1716E-83
 -16.750  0.5280E-84  0.1721E-83
 -16.740  0.5280E-84  0.1726E-83
 -16.730  0.5280E-84  0.1732E-83
 -16.720  0.5280E-84  0.1737E-83
 -16.710  0.5280E-84  0.1742E-83
 -16.700  0.5280E-84  0.1748E-83
 -16.690  0.5280E-84  0.1753E-83
 -16.680  0.5280E-84  0.1758E-83
 -16.670  0.5280E-84  0.1763E-83
 -16.660  0.5280E-84  0.1769E-83
 -16.650  0.5280E-84  0.1774E-83
 -16.640  0.5280E-84  0.1779E-83
 -16.630  0.5280E-84  0.1784E-83
 -16.620  0.5280E-84  0.1790E-83
 -16.610  0.5280E-84  0.1795E-83
 -16.600  0.5280E-84  0.1800E-83
 -16.590  0.5280E-84  0.1806E-83
 -16.580  0.5280E-84  0.1811E-83
 -16.570  0.5280E-84  0.1816E-83
 -16.560  0.5280E-84  0.1821E-83
 -16.550  0.5280E-84  0.1827E-83
 -16.540  0.5280E-84  0.1832E-83
 -16.530  0.5280E-84  0.1837E-83
 -16.520  0.5280E-84  0.1843E-83
 -16.510  0.5280E-84  0.1848E-83
 -16.500  0.5280E-84  0.1853E-83
 -16.490  0.5280E-84  0.1858E-83
 -16.480  0.5280E-84  0.1864E-83
 -16.470  0.5280E-84  0.1869E-83
 -16.460  0.5280E-84  0.1874E-83
 -16.450  0.5280E-84  0.1880E-83
 -16.440  0.5280E-84  0.1885E-83
 -16.430  0.5280E-84  0.1890E-83
 -16.420  0.5280E-84  0.1895E-83
 -16.410  0.5280E-84  0.1901E-83
 -16.400  0.5280E-84  0.1906E-83
 -16.390  0.5280E-84  0.1911E-83
 -16.380  0.5280E-84  0.1916E-83
 -16.370  0.5280E-84  0.1922E-83
 -16.360  0.5280E-84  0.1927E-83
 -16.350  0.5280E-84  0.1932E-83
 -16.340  0.5280E-84  0.1938E-83
 -16.330  0.5280E-84  0.1943E-83
 -16.320  0.5280E-84  0.1948E-83
 -16.310  0.5280E-84  0.1953E-83
 -16.300  0.5280E-84  0.1959E-83
 -16.290  0.5280E-84  0.1964E-83
 -16.280  0.5280E-84  0.1969E-83
 -16.270  0.5280E-84  0.1975E-83
 -16.260  0.5280E-84  0.1980E-83
 -16.250  0.5280E-84  0.1985E-83
 -16.240  0.5280E-84  0.1990E-83
 -16.230  0.5280E-84  0.1996E-83
 -16.220  0.5280E-84  0.2001E-83
 -16.210  0.5280E-84  0.2006E-83
 -16.200  0.5280E-84  0.2012E-83
 -16.190  0.5280E-84  0.2017E-83
 -16.180  0.5280E-84  0.2022E-83
 -16.170  0.5280E-84  0.2027E-83
 -16.160  0.5280E-84  0.2033E-83
 -16.150  0.5280E-84  0.2038E-83
 -16.140  0.5280E-84  0.2043E-83
 -16.130  0.5280E-84  0.2048E-83
 -16.120  0.5280E-84  0.2054E-83
 -16.110  0.5280E-84  0.2059E-83
 -16.100  0.5280E-84  0.2064E-83
 -16.090  0.5280E-84  0.2070E-83
 -16.080  0.5280E-84  0.2075E-83
 -16.070  0.5280E-84  0.2080E-83
 -16.060  0.5280E-84  0.2085E-83
 -16.050  0.5280E-84  0.2091E-83
 -16.040  0.5280E-84  0.2096E-83
 -16.030  0.5280E-84  0.2101E-83
 -16.020  0.5280E-84  0.2107E-83
 -16.010  0.5280E-84  0.2112E-83
 -16.000  0.5280E-84  0.2117E-83
 -15.990  0.5280E-84  0.2122E-83
 -15.980  0.5280E-84  0.2128E-83
 -15.970  0.5280E-84  0.2133E-83
 -15.960  0.5280E-84  0.2138E-83
 -15.950  0.5280E-84  0.2143E-83
 -15.940  0.5280E-84  0.2149E-83
 -15.930  0.5280E-84  0.2154E-83
 -15.920  0.5280E-84  0.2159E-83
 -15.910  0.5280E-84  0.2165E-83
 -15.900  0.5280E-84  0.2170E-83
 -15.890  0.5280E-84  0.2175E-83
 -15.880  0.5280E-84  0.2180E-83
 -15.870  0.5280E-84  0.2186E-83
 -15.860  0.5280E-84  0.2191E-83
 -15.850  0.5280E-84  0.2196E-83
 -15.840  0.5280E-84  0.2202E-83
 -15.830  0.5280E-84  0.2207E-83
 -15.820  0.5280E-84  0.2212E-83
 -15.810  0.5280E-84  0.2217E-83
 -15.800  0.5280E-84  0.2223E-83
 -15.790  0.5280E-84  0.2228E-83
 -15.780  0.5280E-84  0.2233E-83
 -15.770  0.5280E-84  0.2239E-83
 -15.760  0.5280E-84  0.2244E-83
 -15.750  0.5280E-84  0.2249E-83
 -15.740  0.5280E-84  0.2254E-83
 -15.730  0.5280E-84  0.2260E-83
 -15.720  0.5280E-84  0.2265E-83
 -15.710  0.5280E-84  0.2270E-83
 -15.700  0.5280E-84  0.2275E-83
 -15.690  0.5280E-84  0.2281E-83
 -15.680  0.5280E-84  0.2286E-83
 -15.670  0.5280E-84  0.2291E-83
 -15.660  0.5280E-84  0.2297E-83
 -15.650  0.5280E-84  0.2302E-83
 -15.640  0.5280E-84  0.2307E-83
 -15.630  0.5280E-84  0.2312E-83
 -15.620  0.5280E-84  0.2318E-83
 -15.610  0.5280E-84  0.2323E-83
 -15.600  0.5280E-84  0.2328E-83
 -15.590  0.5280E-84  0.2334E-83
 -15.580  0.5280E-84  0.2339E-83
 -15.570  0.5280E-84  0.2344E-83
 -15.560  0.5280E-84  0.2349E-83
 -15.550  0.5280E-84  0.2355E-83
 -15.540  0.5280E-84  0.2360E-83
 -15.530  0.5280E-84  0.2365E-83
 -15.520  0.5280E-84  0.2371E-83
 -15.510  0.5280E-84  0.2376E-83
 -15.500  0.5280E-84  0.2381E-83
 -15.490  0.5280E-84  0.2386E-83
 -15.480  0.5280E-84  0.2392E-83
 -15.470  0.5280E-84  0.2397E-83
 -15.460  0.5280E-84  0.2402E-83
 -15.450  0.5280E-84  0.2407E-83
 -15.440  0.5280E-84  0.2413E-83
 -15.430  0.5280E-84  0.2418E-83
 -15.420  0.5280E-84  0.2423E-83
 -15.410  0.5280E-84  0.2429E-83
 -15.400  0.5280E-84  0.2434E-83
 -15.390  0.5280E-84  0.2439E-83
 -15.380  0.5280E-84  0.2444E-83
 -15.370  0.5280E-84  0.2450E-83
 -15.360  0.5280E-84  0.2455E-83
 -15.350  0.5280E-84  0.2460E-83
 -15.340  0.5280E-84  0.2466E-83
 -15.330  0.5280E-84  0.2471E-83
 -15.320  0.5280E-84  0.2476E-83
 -15.310  0.5280E-84  0.2481E-83
 -15.300  0.5280E-84  0.2487E-83
 -15.290  0.5280E-84  0.2492E-83
 -15.280  0.5280E-84  0.2497E-83
 -15.270  0.5280E-84  0.2503E-83
 -15.260  0.5280E-84  0.2508E-83
 -15.250  0.5280E-84  0.2513E-83
 -15.240  0.5280E-84  0.2518E-83
 -15.230  0.5280E-84  0.2524E-83
 -15.220  0.5280E-84  0.2529E-83
 -15.210  0.5280E-84  0.2534E-83
 -15.200  0.5280E-84  0.2539E-83
 -15.190  0.5280E-84  0.2545E-83
 -15.180  0.5280E-84  0.2550E-83
 -15.170  0.5280E-84  0.2555E-83
 -15.160  0.5280E-84  0.2561E-83
 -15.150  0.5280E-84  0.2566E-83
 -15.140  0.5280E-84  0.2571E-83
 -15.130  0.5280E-84  0.2576E-83
 -15.120  0.5280E-84  0.2582E-83
 -15.110  0.5280E-84  0.2587E-83
 -15.100  0.5280E-84  0.2592E-83
 -15.090  0.5280E-84  0.2598E-83
 -15.080  0.5280E-84  0.2603E-83
 -15.070  0.5280E-84  0.2608E-83
 -15.060  0.5280E-84  0.2613E-83
 -15.050  0.5280E-84  0.2619E-83
 -15.040  0.5280E-84  0.2624E-83
 -15.030  0.5280E-84  0.2629E-83
 -15.020  0.5280E-84  0.2634E-83
 -15.010  0.5280E-84  0.2640E-83
 -15.000  0.5280E-84  0.2645E-83
 -14.990  0.5280E-84  0.2650E-83
 -14.980  0.5280E-84  0.2656E-83
 -14.970  0.5280E-84  0.2661E-83
 -14.960  0.5280E-84  0.2666E-83
 -14.950  0.5280E-84  0.2671E-83
 -14.940  0.5280E-84  0.2677E-83
 -14.930  0.5280E-84  0.2682E-83
 -14.920  0.5280E-84  0.2687E-83
 -14.910  0.5280E-84  0.2693E-83
 -14.900  0.5280E-84  0.2698E-83
 -14.890  0.5280E-84  0.2703E-83
 -14.880  0.5280E-84  0.2708E-83
 -14.870  0.5280E-84  0.2714E-83
 -14.860  0.5280E-84  0.2719E-83
 -14.850  0.5280E-84  0.2724E-83
 -14.840  0.5280E-84  0.2730E-83
 -14.830  0.5280E-84  0.2735E-83
 -14.820  0.5280E-84  0.2740E-83
 -14.810  0.5280E-84  0.2745E-83
 -14.800  0.5280E-84  0.2751E-83
 -14.790  0.5280E-84  0.2756E-83
 -14.780  0.5280E-84  0.2761E-83
 -14.770  0.5280E-84  0.2766E-83
 -14.760  0.5280E-84  0.2772E-83
 -14.750  0.5280E-84  0.2777E-83
 -14.740  0.5280E-84  0.2782E-83
 -14.730  0.5280E-84  0.2788E-83
 -14.720  0.5280E-84  0.2793E-83
 -14.710  0.5280E-84  0.2798E-83
 -14.700  0.5280E-84  0.2803E-83
 -14.690  0.5280E-84  0.2809E-83
 -14.680  0.5280E-84  0.2814E-83
 -14.670  0.5280E-84  0.2819E-83
 -14.660  0.5280E-84  0.2825E-83
 -14.650  0.5280E-84  0.2830E-83
 -14.640  0.5280E-84  0.2835E-83
 -14.630  0.5280E-84  0.2840E-83
 -14.620  0.5280E-84  0.2846E-83
 -14.610  0.5280E-84  0.2851E-83
 -14.600  0.5280E-84  0.2856E-83
 -14.590  0.5280E-84  0.2862E-83
 -14.580  0.5280E-84  0.2867E-83
 -14.570  0.5280E-84  0.2872E-83
 -14.560  0.5280E-84  0.2877E-83
 -14.550  0.5280E-84  0.2883E-83
 -14.540  0.5280E-84  0.2888E-83
 -14.530  0.5280E-84  0.2893E-83
 -14.520  0.5280E-84  0.2898E-83
 -14.510  0.5280E-84  0.2904E-83
 -14.500  0.5280E-84  0.2909E-83
 -14.490  0.5280E-84  0.2914E-83
 -14.480  0.5280E-84  0.2920E-83
 -14.470  0.5280E-84  0.2925E-83
 -14.460  0.5280E-84  0.2930E-83
 -14.450  0.5280E-84  0.2935E-83
 -14.440  0.5280E-84  0.2941E-83
 -14.430  0.5280E-84  0.2946E-83
 -14.420  0.5280E-84  0.2951E-83
 -14.410  0.5280E-84  0.2957E-83
 -14.400  0.5280E-84  0.2962E-83
 -14.390  0.5280E-84  0.2967E-83
 -14.380  0.5280E-84  0.2972E-83
 -14.370  0.5280E-84  0.2978E-83
 -14.360  0.5280E-84  0.2983E-83
 -14.350  0.5280E-84  0.2988E-83
 -14.340  0.5280E-84  0.2993E-83
 -14.330  0.5280E-84  0.2999E-83
 -14.320  0.5280E-84  0.3004E-83
 -14.310  0.5280E-84  0.3009E-83
 -14.300  0.5280E-84  0.3015E-83
 -14.290  0.5280E-84  0.3020E-83
 -14.280  0.5280E-84  0.3025E-83
 -14.270  0.5280E-84  0.3030E-83
 -14.260  0.5280E-84  0.3036E-83
 -14.250  0.5280E-84  0.3041E-83
 -14.240  0.5280E-84  0.3046E-83
 -14.230  0.5280E-84  0.3052E-83
 -14.220  0.5280E-84  0.3057E-83
 -14.210  0.5280E-84  0.3062E-83
 -14.200  0.5280E-84  0.3067E-83
 -14.190  0.5280E-84  0.3073E-83
 -14.180  0.5280E-84  0.3078E-83
 -14.170  0.5280E-84  0.3083E-83
 -14.160  0.5280E-84  0.3089E-83
 -14.150  0.5280E-84  0.3094E-83
 -14.140  0.5280E-84  0.3099E-83
 -14.130  0.5280E-84  0.3104E-83
 -14.120  0.5280E-84  0.3110E-83
 -14.110  0.5280E-84  0.3115E-83
 -14.100  0.5280E-84  0.3120E-83
 -14.090  0.5280E-84  0.3125E-83
 -14.080  0.5280E-84  0.3131E-83
 -14.070  0.5280E-84  0.3136E-83
 -14.060  0.5280E-84  0.3141E-83
 -14.050  0.5280E-84  0.3147E-83
 -14.040  0.5280E-84  0.3152E-83
 -14.030  0.5280E-84  0.3157E-83
 -14.020  0.5280E-84  0.3162E-83
 -14.010  0.5280E-84  0.3168E-83
 -14.000  0.5280E-84  0.3173E-83
 -13.990  0.5280E-84  0.3178E-83
 -13.980  0.5280E-84  0.3184E-83
 -13.970  0.5280E-84  0.3189E-83
 -13.960  0.5280E-84  0.3194E-83
 -13.950  0.5280E-84  0.3199E-83
 -13.940  0.5280E-84  0.3205E-83
 -13.930  0.5280E-84  0.3210E-83
 -13.920  0.5280E-84  0.3215E-83
 -13.910  0.5280E-84  0.3221E-83
 -13.900  0.5280E-84  0.3226E-83
 -13.890  0.5280E-84  0.3231E-83
 -13.880  0.5280E-84  0.3236E-83
 -13.870  0.5280E-84  0.3242E-83
 -13.860  0.5280E-84  0.3247E-83
 -13.850  0.5280E-84  0.3252E-83
 -13.840  0.5280E-84  0.3257E-83
 -13.830  0.5280E-84  0.3263E-83
 -13.820  0.5280E-84  0.3268E-83
 -13.810  0.5280E-84  0.3273E-83
 -13.800  0.5280E-84  0.3279E-83
 -13.790  0.5280E-84  0.3284E-83
 -13.780  0.5280E-84  0.3289E-83
 -13.770  0.5280E-84  0.3294E-83
 -13.760  0.5280E-84  0.3300E-83
 -13.750  0.5280E-84  0.3305E-83
 -13.740  0.5280E-84  0.3310E-83
 -13.730  0.5280E-84  0.3316E-83
 -13.720  0.5280E-84  0.3321E-83
 -13.710  0.5280E-84  0.3326E-83
 -13.700  0.5280E-84  0.3331E-83
 -13.690  0.5280E-84  0.3337E-83
 -13.680  0.5280E-84  0.3342E-83
 -13.670  0.5280E-84  0.3347E-83
 -13.660  0.5280E-84  0.3353E-83
 -13.650  0.5280E-84  0.3358E-83
 -13.640  0.5280E-84  0.3363E-83
 -13.630  0.5280E-84  0.3368E-83
 -13.620  0.5280E-84  0.3374E-83
 -13.610  0.5280E-84  0.3379E-83
 -13.600  0.5280E-84  0.3384E-83
 -13.590  0.5280E-84  0.3389E-83
 -13.580  0.5280E-84  0.3395E-83
 -13.570  0.5280E-84  0.3400E-83
 -13.560  0.5280E-84  0.3405E-83
 -13.550  0.5280E-84  0.3411E-83
 -13.540  0.5280E-84  0.3416E-83
 -13.530  0.5280E-84  0.3421E-83
 -13.520  0.5280E-84  0.3426E-83
 -13.510  0.5280E-84  0.3432E-83
 -13.500  0.5280E-84  0.3437E-83
 -13.490  0.5280E-84  0.3442E-83
 -13.480  0.5280E-84  0.3448E-83
 -13.470  0.5280E-84  0.3453E-83
 -13.460  0.5280E-84  0.3458E-83
 -13.450  0.5280E-84  0.3463E-83
 -13.440  0.5280E-84  0.3469E-83
 -13.430  0.5280E-84  0.3474E-83
 -13.420  0.5280E-84  0.3479E-83
 -13.410  0.5280E-84  0.3484E-83
 -13.400  0.5280E-84  0.3490E-83
 -13.390  0.5280E-84  0.3495E-83
 -13.380  0.5280E-84  0.3500E-83
 -13.370  0.5280E-84  0.3506E-83
 -13.360  0.5280E-84  0.3511E-83
 -13.350  0.5280E-84  0.3516E-83
 -13.340  0.5280E-84  0.3521E-83
 -13.330  0.5280E-84  0.3527E-83
 -13.320  0.5280E-84  0.3532E-83
 -13.310  0.5280E-84  0.3537E-83
 -13.300  0.5280E-84  0.3543E-83
 -13.290  0.5280E-84  0.3548E-83
 -13.280  0.5280E-84  0.3553E-83
 -13.270  0.5280E-84  0.3558E-83
 -13.260  0.5280E-84  0.3564E-83
 -13.250  0.5280E-84  0.3569E-83
 -13.240  0.5280E-84  0.3574E-83
 -13.230  0.5280E-84  0.3580E-83
 -13.220  0.5280E-84  0.3585E-83
 -13.210  0.5280E-84  0.3590E-83
 -13.200  0.5280E-84  0.3595E-83
 -13.190  0.5280E-84  0.3601E-83
 -13.180  0.5280E-84  0.3606E-83
 -13.170  0.5280E-84  0.3611E-83
 -13.160  0.5280E-84  0.3616E-83
 -13.150  0.5280E-84  0.3622E-83
 -13.140  0.5280E-84  0.3627E-83
 -13.130  0.5280E-84  0.3632E-83
 -13.120  0.5280E-84  0.3638E-83
 -13.110  0.5280E-84  0.3643E-83
 -13.100  0.5280E-84  0.3648E-83
 -13.090  0.5280E-84  0.3653E-83
 -13.080  0.5280E-84  0.3659E-83
 -13.070  0.5280E-84  0.3664E-83
 -13.060  0.5280E-84  0.3669E-83
 -13.050  0.5280E-84  0.3675E-83
 -13.040  0.5280E-84  0.3680E-83
 -13.030  0.5280E-84  0.3685E-83
 -13.020  0.5280E-84  0.3690E-83
 -13.010  0.5280E-84  0.3696E-83
 -13.000  0.5280E-84  0.3701E-83
 -12.990  0.5280E-84  0.3706E-83
 -12.980  0.5280E-84  0.3712E-83
 -12.970  0.5280E-84  0.3717E-83
 -12.960  0.5280E-84  0.3722E-83
 -12.950  0.5280E-84  0.3727E-83
 -12.940  0.5280E-84  0.3733E-83
 -12.930  0.5280E-84  0.3738E-83
 -12.920  0.5280E-84  0.3743E-83
 -12.910  0.5280E-84  0.3748E-83
 -12.900  0.5280E-84  0.3754E-83
 -12.890  0.5280E-84  0.3759E-83
 -12.880  0.5280E-84  0.3764E-83
 -12.870  0.5280E-84  0.3770E-83
 -12.860  0.5280E-84  0.3775E-83
 -12.850  0.5280E-84  0.3780E-83
 -12.840  0.5280E-84  0.3785E-83
 -12.830  0.5280E-84  0.3791E-83
 -12.820  0.5280E-84  0.3796E-83
 -12.810  0.5280E-84  0.3801E-83
 -12.800  0.5280E-84  0.3807E-83
 -12.790  0.5280E-84  0.3812E-83
 -12.780  0.5280E-84  0.3817E-83
 -12.770  0.5280E-84  0.3822E-83
 -12.760  0.5280E-84  0.3828E-83
 -12.750  0.5280E-84  0.3833E-83
 -12.740  0.5280E-84  0.3838E-83
 -12.730  0.5280E-84  0.3844E-83
 -12.720  0.5280E-84  0.3849E-83
 -12.710  0.5280E-84  0.3854E-83
 -12.700  0.5280E-84  0.3859E-83
 -12.690  0.5280E-84  0.3865E-83
 -12.680  0.5280E-84  0.3870E-83
 -12.670  0.5280E-84  0.3875E-83
 -12.660  0.5280E-84  0.3880E-83
 -12.650  0.5280E-84  0.3886E-83
 -12.640  0.5280E-84  0.3891E-83
 -12.630  0.5280E-84  0.3896E-83
 -12.620  0.5280E-84  0.3902E-83
 -12.610  0.5280E-84  0.3907E-83
 -12.600  0.5280E-84  0.3912E-83
 -12.590  0.5280E-84  0.3917E-83
 -12.580  0.5280E-84  0.3923E-83
 -12.570  0.5280E-84  0.3928E-83
 -12.560  0.5280E-84  0.3933E-83
 -12.550  0.5280E-84  0.3939E-83
 -12.540  0.5280E-84  0.3944E-83
 -12.530  0.5280E-84  0.3949E-83
 -12.520  0.5280E-84  0.3954E-83
 -12.510  0.5280E-84  0.3960E-83
 -12.500  0.5280E-84  0.3965E-83
 -12.490  0.5280E-84  0.3970E-83
 -12.480  0.5280E-84  0.3975E-83
 -12.470  0.5280E-84  0.3981E-83
 -12.460  0.5280E-84  0.3986E-83
 -12.450  0.5280E-84  0.3991E-83
 -12.440  0.5280E-84  0.3997E-83
 -12.430  0.5280E-84  0.4002E-83
 -12.420  0.5280E-84  0.4007E-83
 -12.410  0.5280E-84  0.4012E-83
 -12.400  0.5280E-84  0.4018E-83
 -12.390  0.5280E-84  0.4023E-83
 -12.380  0.5280E-84  0.4028E-83
 -12.370  0.5280E-84  0.4034E-83
 -12.360  0.5280E-84  0.4039E-83
 -12.350  0.5280E-84  0.4044E-83
 -12.340  0.5280E-84  0.4049E-83
 -12.330  0.5280E-84  0.4055E-83
 -12.320  0.5280E-84  0.4060E-83
 -12.310  0.5280E-84  0.4065E-83
 -12.300  0.5280E-84  0.4071E-83
 -12.290  0.5280E-84  0.4076E-83
 -12.280  0.5280E-84  0.4081E-83
 -12.270  0.5280E-84  0.4086E-83
 -12.260  0.5280E-84  0.4092E-83
 -12.250  0.5280E-84  0.4097E-83
 -12.240  0.5280E-84  0.4102E-83
 -12.230  0.5280E-84  0.4107E-83
 -12.220  0.5280E-84  0.4113E-83
 -12.210  0.5280E-84  0.4118E-83
 -12.200  0.5280E-84  0.4123E-83
 -12.190  0.5280E-84  0.4129E-83
 -12.180  0.5280E-84  0.4134E-83
 -12.170  0.5280E-84  0.4139E-83
 -12.160  0.5280E-84  0.4144E-83
 -12.150  0.5280E-84  0.4150E-83
 -12.140  0.5280E-84  0.4155E-83
 -12.130  0.5280E-84  0.4160E-83
 -12.120  0.5280E-84  0.4166E-83
 -12.110  0.5280E-84  0.4171E-83
 -12.100  0.5280E-84  0.4176E-83
 -12.090  0.5280E-84  0.4181E-83
 -12.080  0.5280E-84  0.4187E-83
 -12.070  0.5280E-84  0.4192E-83
 -12.060  0.5280E-84  0.4197E-83
 -12.050  0.5280E-84  0.4203E-83
 -12.040  0.5280E-84  0.4208E-83
 -12.030  0.5280E-84  0.4213E-83
 -12.020  0.5280E-84  0.4218E-83
 -12.010  0.5280E-84  0.4224E-83
 -12.000  0.5280E-84  0.4229E-83
 -11.990  0.5280E-84  0.4234E-83
 -11.980  0.5280E-84  0.4239E-83
 -11.970  0.5280E-84  0.4245E-83
 -11.960  0.5280E-84  0.4250E-83
 -11.950  0.5280E-84  0.4255E-83
 -11.940  0.5280E-84  0.4261E-83
 -11.930  0.5280E-84  0.4266E-83
 -11.920  0.5280E-84  0.4271E-83
 -11.910  0.5280E-84  0.4276E-83
 -11.900  0.5280E-84  0.4282E-83
 -11.890  0.5280E-84  0.4287E-83
 -11.880  0.5280E-84  0.4292E-83
 -11.870  0.5280E-84  0.4298E-83
 -11.860  0.5280E-84  0.4303E-83
 -11.850  0.5280E-84  0.4308E-83
 -11.840  0.5280E-84  0.4313E-83
 -11.830  0.5280E-84  0.4319E-83
 -11.820  0.5280E-84  0.4324E-83
 -11.810  0.5280E-84  0.4329E-83
 -11.800  0.5280E-84  0.4334E-83
 -11.790  0.5280E-84  0.4340E-83
 -11.780  0.5280E-84  0.4345E-83
 -11.770  0.5280E-84  0.4350E-83
 -11.760  0.5280E-84  0.4356E-83
 -11.750  0.5280E-84  0.4361E-83
 -11.740  0.5280E-84  0.4366E-83
 -11.730  0.5280E-84  0.4371E-83
 -11.720  0.5280E-84  0.4377E-83
 -11.710  0.5280E-84  0.4382E-83
 -11.700  0.5280E-84  0.4387E-83
 -11.690  0.5280E-84  0.4393E-83
 -11.680  0.5280E-84  0.4398E-83
 -11.670  0.5280E-84  0.4403E-83
 -11.660  0.5280E-84  0.4408E-83
 -11.650  0.5280E-84  0.4414E-83
 -11.640  0.5280E-84  0.4419E-83
 -11.630  0.5280E-84  0.4424E-83
 -11.620  0.5280E-84  0.4430E-83
 -11.610  0.5280E-84  0.4435E-83
 -11.600  0.5280E-84  0.4440E-83
 -11.590  0.5280E-84  0.4445E-83
 -11.580  0.5280E-84  0.4451E-83
 -11.570  0.5280E-84  0.4456E-83
 -11.560  0.5280E-84  0.4461E-83
 -11.550  0.5280E-84  0.4466E-83
 -11.540  0.5280E-84  0.4472E-83
 -11.530  0.5280E-84  0.4477E-83
 -11.520  0.5280E-84  0.4482E-83
 -11.510  0.5280E-84  0.4488E-83
 -11.500  0.5280E-84  0.4493E-83
 -11.490  0.5280E-84  0.4498E-83
 -11.480  0.5280E-84  0.4503E-83
 -11.470  0.5280E-84  0.4509E-83
 -11.460  0.5280E-84  0.4514E-83
 -11.450  0.5280E-84  0.4519E-83
 -11.440  0.5280E-84  0.4525E-83
 -11.430  0.5280E-84  0.4530E-83
 -11.420  0.5280E-84  0.4535E-83
 -11.410  0.5280E-84  0.4540E-83
 -11.400  0.5280E-84  0.4546E-83
 -11.390  0.5280E-84  0.4551E-83
 -11.380  0.5280E-84  0.4556E-83
 -11.370  0.5280E-84  0.4562E-83
 -11.360  0.5280E-84  0.4567E-83
 -11.350  0.5280E-84  0.4572E-83
 -11.340  0.5280E-84  0.4577E-83
 -11.330  0.5280E-84  0.4583E-83
 -11.320  0.5280E-84  0.4588E-83
 -11.310  0.5280E-84  0.4593E-83
 -11.300  0.5280E-84  0.4598E-83
 -11.290  0.5280E-84  0.4604E-83
 -11.280  0.5280E-84  0.4609E-83
 -11.270  0.5280E-84  0.4614E-83
 -11.260  0.5280E-84  0.4620E-83
 -11.250  0.5280E-84  0.4625E-83
 -11.240  0.5280E-84  0.4630E-83
 -11.230  0.5280E-84  0.4635E-83
 -11.220  0.5280E-84  0.4641E-83
 -11.210  0.5280E-84  0.4646E-83
 -11.200  0.5280E-84  0.4651E-83
 -11.190  0.5280E-84  0.4657E-83
 -11.180  0.5280E-84  0.4662E-83
 -11.170  0.5280E-84  0.4667E-83
 -11.160  0.5280E-84  0.4672E-83
 -11.150  0.5280E-84  0.4678E-83
 -11.140  0.5280E-84  0.4683E-83
 -11.130  0.5280E-84  0.4688E-83
 -11.120  0.5280E-84  0.4694E-83
 -11.110  0.5280E-84  0.4699E-83
 -11.100  0.5280E-84  0.4704E-83
 -11.090  0.5280E-84  0.4709E-83
 -11.080  0.5280E-84  0.4715E-83
 -11.070  0.5280E-84  0.4720E-83
 -11.060  0.5280E-84  0.4725E-83
 -11.050  0.5280E-84  0.4730E-83
 -11.040  0.5280E-84  0.4736E-83
 -11.030  0.5280E-84  0.4741E-83
 -11.020  0.5280E-84  0.4746E-83
 -11.010  0.5280E-84  0.4752E-83
 -11.000  0.5280E-84  0.4757E-83
 -10.990  0.5280E-84  0.4762E-83
 -10.980  0.5280E-84  0.4767E-83
 -10.970  0.5280E-84  0.4773E-83
 -10.960  0.5280E-84  0.4778E-83
 -10.950  0.5280E-84  0.4783E-83
 -10.940  0.5280E-84  0.4789E-83
 -10.930  0.5280E-84  0.4794E-83
 -10.920  0.5280E-84  0.4799E-83
 -10.910  0.5280E-84  0.4804E-83
 -10.900  0.5280E-84  0.4810E-83
 -10.890  0.5280E-84  0.4815E-83
 -10.880  0.5280E-84  0.4820E-83
 -10.870  0.5280E-84  0.4825E-83
 -10.860  0.5280E-84  0.4831E-83
 -10.850  0.5280E-84  0.4836E-83
 -10.840  0.5280E-84  0.4841E-83
 -10.830  0.5280E-84  0.4847E-83
 -10.820  0.5280E-84  0.4852E-83
 -10.810  0.5280E-84  0.4857E-83
 -10.800  0.5280E-84  0.4862E-83
 -10.790  0.5280E-84  0.4868E-83
 -10.780  0.5280E-84  0.4873E-83
 -10.770  0.5280E-84  0.4878E-83
 -10.760  0.5280E-84  0.4884E-83
 -10.750  0.5280E-84  0.4889E-83
 -10.740  0.5280E-84  0.4894E-83
 -10.730  0.5280E-84  0.4899E-83
 -10.720  0.5280E-84  0.4905E-83
 -10.710  0.5280E-84  0.4910E-83
 -10.700  0.5280E-84  0.4915E-83
 -10.690  0.5280E-84  0.4921E-83
 -10.680  0.5280E-84  0.4926E-83
 -10.670  0.5280E-84  0.4931E-83
 -10.660  0.5280E-84  0.4936E-83
 -10.650  0.5280E-84  0.4942E-83
 -10.640  0.5280E-84  0.4947E-83
 -10.630  0.5280E-84  0.4952E-83
 -10.620  0.5280E-84  0.4957E-83
 -10.610  0.5280E-84  0.4963E-83
 -10.600  0.5280E-84  0.4968E-83
 -10.590  0.5280E-84  0.4973E-83
 -10.580  0.5280E-84  0.4979E-83
 -10.570  0.5280E-84  0.4984E-83
 -10.560  0.5280E-84  0.4989E-83
 -10.550  0.5280E-84  0.4994E-83
 -10.540  0.5280E-84  0.5000E-83
 -10.530  0.5280E-84  0.5005E-83
 -10.520  0.5280E-84  0.5010E-83
 -10.510  0.5280E-84  0.5016E-83
 -10.500  0.5280E-84  0.5021E-83
 -10.490  0.5280E-84  0.5026E-83
 -10.480  0.5280E-84  0.5031E-83
 -10.470  0.5280E-84  0.5037E-83
 -10.460  0.5280E-84  0.5042E-83
 -10.450  0.5280E-84  0.5047E-83
 -10.440  0.5280E-84  0.5053E-83
 -10.430  0.5280E-84  0.5058E-83
 -10.420  0.5280E-84  0.5063E-83
 -10.410  0.5280E-84  0.5068E-83
 -10.400  0.5280E-84  0.5074E-83
 -10.390  0.5280E-84  0.5079E-83
 -10.380  0.5280E-84  0.5084E-83
 -10.370  0.5280E-84  0.5089E-83
 -10.360  0.5280E-84  0.5095E-83
 -10.350  0.5280E-84  0.5100E-83
 -10.340  0.5280E-84  0.5105E-83
 -10.330  0.5280E-84  0.5111E-83
 -10.320  0.5280E-84  0.5116E-83
 -10.310  0.5280E-84  0.5121E-83
 -10.300  0.5280E-84  0.5126E-83
 -10.290  0.5280E-84  0.5132E-83
 -10.280  0.5280E-84  0.5137E-83
 -10.270  0.5280E-84  0.5142E-83
 -10.260  0.5280E-84  0.5148E-83
 -10.250  0.5280E-84  0.5153E-83
 -10.240  0.5280E-84  0.5158E-83
 -10.230  0.5280E-84  0.5163E-83
 -10.220  0.5280E-84  0.5169E-83
 -10.210  0.5280E-84  0.5174E-83
 -10.200  0.5280E-84  0.5179E-83
 -10.190  0.5280E-84  0.5185E-83
 -10.180  0.5280E-84  0.5190E-83
 -10.170  0.5280E-84  0.5195E-83
 -10.160  0.5280E-84  0.5200E-83
 -10.150  0.5280E-84  0.5206E-83
 -10.140  0.5280E-84  0.5211E-83
 -10.130  0.5280E-84  0.5216E-83
 -10.120  0.5280E-84  0.5221E-83
 -10.110  0.5280E-84  0.5227E-83
 -10.100  0.5280E-84  0.5232E-83
 -10.090  0.5280E-84  0.5237E-83
 -10.080  0.5280E-84  0.5243E-83
 -10.070  0.5280E-84  0.5248E-83
 -10.060  0.5280E-84  0.5253E-83
 -10.050  0.5280E-84  0.5258E-83
 -10.040  0.5280E-84  0.5264E-83
 -10.030  0.5280E-84  0.5269E-83
 -10.020  0.5280E-84  0.5274E-83
 -10.010  0.5280E-84  0.5280E-83
 -10.000  0.5280E-84  0.5285E-83
  -9.990  0.5280E-84  0.5290E-83
  -9.980  0.5280E-84  0.5295E-83
  -9.970  0.5280E-84  0.5301E-83
  -9.960  0.5280E-84  0.5306E-83
  -9.950  0.5280E-84  0.5311E-83
  -9.940  0.5280E-84  0.5316E-83
  -9.930  0.5280E-84  0.5322E-83
  -9.920  0.5280E-84  0.5327E-83
  -9.910  0.5280E-84  0.5332E-83
  -9.900  0.5280E-84  0.5338E-83
  -9.890  0.5280E-84  0.5343E-83
  -9.880  0.5280E-84  0.5348E-83
  -9.870  0.5280E-84  0.5353E-83
  -9.860  0.5280E-84  0.5359E-83
  -9.850  0.5280E-84  0.5364E-83
  -9.840  0.5280E-84  0.5369E-83
  -9.830  0.5280E-84  0.5375E-83
  -9.820  0.5280E-84  0.5380E-83
  -9.810  0.5280E-84  0.5385E-83
  -9.800  0.5280E-84  0.5390E-83
  -9.790  0.5280E-84  0.5396E-83
  -9.780  0.5280E-84  0.5401E-83
  -9.770  0.5280E-84  0.5406E-83
  -9.760  0.5280E-84  0.5412E-83
  -9.750  0.5280E-84  0.5417E-83
  -9.740  0.5280E-84  0.5422E-83
  -9.730  0.5280E-84  0.5427E-83
  -9.720  0.5280E-84  0.5433E-83
  -9.710  0.5280E-84  0.5438E-83
  -9.700  0.5280E-84  0.5443E-83
  -9.690  0.5280E-84  0.5448E-83
  -9.680  0.5280E-84  0.5454E-83
  -9.670  0.5280E-84  0.5459E-83
  -9.660  0.5280E-84  0.5464E-83
  -9.650  0.5280E-84  0.5470E-83
  -9.640  0.5280E-84  0.5475E-83
  -9.630  0.5280E-84  0.5480E-83
  -9.620  0.5280E-84  0.5485E-83
  -9.610  0.5280E-84  0.5491E-83
  -9.600  0.5280E-84  0.5496E-83
  -9.590  0.5280E-84  0.5501E-83
  -9.580  0.5280E-84  0.5507E-83
  -9.570  0.5280E-84  0.5512E-83
  -9.560  0.5280E-84  0.5517E-83
  -9.550  0.5280E-84  0.5522E-83
  -9.540  0.5280E-84  0.5528E-83
  -9.530  0.5280E-84  0.5533E-83
  -9.520  0.5280E-84  0.5538E-83
  -9.510  0.5280E-84  0.5544E-83
  -9.500  0.5280E-84  0.5549E-83
  -9.490  0.5280E-84  0.5554E-83
  -9.480  0.5280E-84  0.5559E-83
  -9.470  0.5280E-84  0.5565E-83
  -9.460  0.5280E-84  0.5570E-83
  -9.450  0.5280E-84  0.5575E-83
  -9.440  0.5280E-84  0.5580E-83
  -9.430  0.5280E-84  0.5586E-83
  -9.420  0.5280E-84  0.5591E-83
  -9.410  0.5280E-84  0.5596E-83
  -9.400  0.5280E-84  0.5602E-83
  -9.390  0.5280E-84  0.5607E-83
  -9.380  0.5280E-84  0.5612E-83
  -9.370  0.5280E-84  0.5617E-83
  -9.360  0.5280E-84  0.5623E-83
  -9.350  0.5280E-84  0.5628E-83
  -9.340  0.5280E-84  0.5633E-83
  -9.330  0.5280E-84  0.5639E-83
  -9.320  0.5280E-84  0.5644E-83
  -9.310  0.5280E-84  0.5649E-83
  -9.300  0.5280E-84  0.5654E-83
  -9.290  0.5280E-84  0.5660E-83
  -9.280  0.5280E-84  0.5665E-83
  -9.270  0.5280E-84  0.5670E-83
  -9.260  0.5280E-84  0.5676E-83
  -9.250  0.5280E-84  0.5681E-83
  -9.240  0.5280E-84  0.5686E-83
  -9.230  0.5280E-84  0.5691E-83
  -9.220  0.5280E-84  0.5697E-83
  -9.210  0.5280E-84  0.5702E-83
  -9.200  0.5280E-84  0.5707E-83
  -9.190  0.5280E-84  0.5712E-83
  -9.180  0.5280E-84  0.5718E-83
  -9.170  0.5280E-84  0.5723E-83
  -9.160  0.5280E-84  0.5728E-83
  -9.150  0.5280E-84  0.5734E-83
  -9.140  0.5280E-84  0.5739E-83
  -9.130  0.5280E-84  0.5744E-83
  -9.120  0.5280E-84  0.5749E-83
  -9.110  0.5280E-84  0.5755E-83
  -9.100  0.5280E-84  0.5760E-83
  -9.090  0.5280E-84  0.5765E-83
  -9.080  0.5280E-84  0.5771E-83
  -9.070  0.5280E-84  0.5776E-83
  -9.060  0.5280E-84  0.5781E-83
  -9.050  0.5280E-84  0.5786E-83
  -9.040  0.5280E-84  0.5792E-83
  -9.030  0.5280E-84  0.5797E-83
  -9.020  0.5280E-84  0.5802E-83
  -9.010  0.5280E-84  0.5807E-83
  -9.000  0.5280E-84  0.5813E-83
  -8.990  0.5280E-84  0.5818E-83
  -8.980  0.5280E-84  0.5823E-83
  -8.970  0.5280E-84  0.5829E-83
  -8.960  0.5280E-84  0.5834E-83
  -8.950  0.5280E-84  0.5839E-83
  -8.940  0.5280E-84  0.5844E-83
  -8.930  0.5280E-84  0.5850E-83
  -8.920  0.5280E-84  0.5855E-83
  -8.910  0.5280E-84  0.5860E-83
  -8.900  0.5280E-84  0.5866E-83
  -8.890  0.5280E-84  0.5871E-83
  -8.880  0.5280E-84  0.5876E-83
  -8.870  0.5280E-84  0.5881E-83
  -8.860  0.5280E-84  0.5887E-83
  -8.850  0.5280E-84  0.5892E-83
  -8.840  0.5280E-84  0.5897E-83
  -8.830  0.5280E-84  0.5903E-83
  -8.820  0.5280E-84  0.5908E-83
  -8.810  0.5280E-84  0.5913E-83
  -8.800  0.5280E-84  0.5918E-83
  -8.790  0.5280E-84  0.5924E-83
  -8.780  0.5280E-84  0.5929E-83
  -8.770  0.5280E-84  0.5934E-83
  -8.760  0.5280E-84  0.5939E-83
  -8.750  0.5280E-84  0.5945E-83
  -8.740  0.5280E-84  0.5950E-83
  -8.730  0.5280E-84  0.5955E-83
  -8.720  0.5280E-84  0.5961E-83
  -8.710  0.5280E-84  0.5966E-83
  -8.700  0.5280E-84  0.5971E-83
  -8.690  0.5280E-84  0.5976E-83
  -8.680  0.5280E-84  0.5982E-83
  -8.670  0.5280E-84  0.5987E-83
  -8.660  0.5280E-84  0.5992E-83
  -8.650  0.5280E-84  0.5998E-83
  -8.640  0.5280E-84  0.6003E-83
  -8.630  0.5280E-84  0.6008E-83
  -8.620  0.5280E-84  0.6013E-83
  -8.610  0.5280E-84  0.6019E-83
  -8.600  0.5280E-84  0.6024E-83
  -8.590  0.5280E-84  0.6029E-83
  -8.580  0.5280E-84  0.6035E-83
  -8.570  0.5280E-84  0.6040E-83
  -8.560  0.5280E-84  0.6045E-83
  -8.550  0.5280E-84  0.6050E-83
  -8.540  0.5280E-84  0.6056E-83
  -8.530  0.5280E-84  0.6061E-83
  -8.520  0.5280E-84  0.6066E-83
  -8.510  0.5280E-84  0.6071E-83
  -8.500  0.5280E-84  0.6077E-83
  -8.490  0.5280E-84  0.6082E-83
  -8.480  0.5280E-84  0.6087E-83
  -8.470  0.5280E-84  0.6093E-83
  -8.460  0.5280E-84  0.6098E-83
  -8.450  0.5280E-84  0.6103E-83
  -8.440  0.5280E-84  0.6108E-83
  -8.430  0.5280E-84  0.6114E-83
  -8.420  0.5280E-84  0.6119E-83
  -8.410  0.5280E-84  0.6124E-83
  -8.400  0.5280E-84  0.6130E-83
  -8.390  0.5280E-84  0.6135E-83
  -8.380  0.5280E-84  0.6140E-83
  -8.370  0.5280E-84  0.6145E-83
  -8.360  0.5280E-84  0.6151E-83
  -8.350  0.5280E-84  0.6156E-83
  -8.340  0.5280E-84  0.6161E-83
  -8.330  0.5280E-84  0.6166E-83
  -8.320  0.5280E-84  0.6172E-83
  -8.310  0.5280E-84  0.6177E-83
  -8.300  0.5280E-84  0.6182E-83
  -8.290  0.5280E-84  0.6188E-83
  -8.280  0.5280E-84  0.6193E-83
  -8.270  0.5280E-84  0.6198E-83
  -8.260  0.5280E-84  0.6203E-83
  -8.250  0.5280E-84  0.6209E-83
  -8.240  0.5280E-84  0.6214E-83
  -8.230  0.5280E-84  0.6219E-83
  -8.220  0.5280E-84  0.6225E-83
  -8.210  0.5280E-84  0.6230E-83
  -8.200  0.5280E-84  0.6235E-83
  -8.190  0.5280E-84  0.6240E-83
  -8.180  0.5280E-84  0.6246E-83
  -8.170  0.5280E-84  0.6251E-83
  -8.160  0.5280E-84  0.6256E-83
  -8.150  0.5280E-84  0.6262E-83
  -8.140  0.5280E-84  0.6267E-83
  -8.130  0.5280E-84  0.6272E-83
  -8.120  0.5280E-84  0.6277E-83
  -8.110  0.5280E-84  0.6283E-83
  -8.100  0.5280E-84  0.6288E-83
  -8.090  0.5280E-84  0.6293E-83
  -8.080  0.5280E-84  0.6298E-83
  -8.070  0.5280E-84  0.6304E-83
  -8.060  0.5280E-84  0.6309E-83
  -8.050  0.5280E-84  0.6314E-83
  -8.040  0.5280E-84  0.6320E-83
  -8.030  0.5280E-84  0.6325E-83
  -8.020  0.5280E-84  0.6330E-83
  -8.010  0.5280E-84  0.6335E-83
  -8.000  0.5280E-84  0.6341E-83
  -7.990  0.5280E-84  0.6346E-83
  -7.980  0.5280E-84  0.6351E-83
  -7.970  0.5280E-84  0.6357E-83
  -7.960  0.5280E-84  0.6362E-83
  -7.950  0.5280E-84  0.6367E-83
  -7.940  0.5280E-84  0.6372E-83
  -7.930  0.5280E-84  0.6378E-83
  -7.920  0.5280E-84  0.6383E-83
  -7.910  0.5280E-84  0.6388E-83
  -7.900  0.5280E-84  0.6394E-83
  -7.890  0.5280E-84  0.6399E-83
  -7.880  0.5280E-84  0.6404E-83
  -7.870  0.5280E-84  0.6409E-83
  -7.860  0.5280E-84  0.6415E-83
  -7.850  0.5280E-84  0.6420E-83
  -7.840  0.5280E-84  0.6425E-83
  -7.830  0.5280E-84  0.6430E-83
  -7.820  0.5280E-84  0.6436E-83
  -7.810  0.5280E-84  0.6441E-83
  -7.800  0.5280E-84  0.6446E-83
  -7.790  0.5280E-84  0.6452E-83
  -7.780  0.5280E-84  0.6457E-83
  -7.770  0.5280E-84  0.6462E-83
  -7.760  0.5280E-84  0.6467E-83
  -7.750  0.5280E-84  0.6473E-83
  -7.740  0.5280E-84  0.6478E-83
  -7.730  0.5280E-84  0.6483E-83
  -7.720  0.5280E-84  0.6489E-83
  -7.710  0.5280E-84  0.6494E-83
  -7.700  0.5280E-84  0.6499E-83
  -7.690  0.5280E-84  0.6504E-83
  -7.680  0.5280E-84  0.6510E-83
  -7.670  0.5280E-84  0.6515E-83
  -7.660  0.5280E-84  0.6520E-83
  -7.650  0.5280E-84  0.6526E-83
  -7.640  0.5280E-84  0.6531E-83
  -7.630  0.5280E-84  0.6536E-83
  -7.620  0.5280E-84  0.6541E-83
  -7.610  0.5280E-84  0.6547E-83
  -7.600  0.5280E-84  0.6552E-83
  -7.590  0.5280E-84  0.6557E-83
  -7.580  0.5280E-84  0.6562E-83
  -7.570  0.5280E-84  0.6568E-83
  -7.560  0.5280E-84  0.6573E-83
  -7.550  0.5280E-84  0.6578E-83
  -7.540  0.5280E-84  0.6584E-83
  -7.530  0.5280E-84  0.6589E-83
  -7.520  0.5280E-84  0.6594E-83
  -7.510  0.5280E-84  0.6599E-83
  -7.500  0.5280E-84  0.6605E-83
  -7.490  0.5280E-84  0.6610E-83
  -7.480  0.5280E-84  0.6615E-83
  -7.470  0.5280E-84  0.6621E-83
  -7.460  0.5280E-84  0.6626E-83
  -7.450  0.5280E-84  0.6631E-83
  -7.440  0.5280E-84  0.6636E-83
  -7.430  0.5280E-84  0.6642E-83
  -7.420  0.5280E-84  0.6647E-83
  -7.410  0.5280E-84  0.6652E-83
  -7.400  0.5280E-84  0.6657E-83
  -7.390  0.5280E-84  0.6663E-83
  -7.380  0.5280E-84  0.6668E-83
  -7.370  0.5280E-84  0.6673E-83
  -7.360  0.5280E-84  0.6679E-83
  -7.350  0.5280E-84  0.6684E-83
  -7.340  0.5280E-84  0.6689E-83
  -7.330  0.5280E-84  0.6694E-83
  -7.320  0.5280E-84  0.6700E-83
  -7.310  0.5280E-84  0.6705E-83
  -7.300  0.5280E-84  0.6710E-83
  -7.290  0.5280E-84  0.6716E-83
  -7.280  0.5280E-84  0.6721E-83
  -7.270  0.5280E-84  0.6726E-83
  -7.260  0.5280E-84  0.6731E-83
  -7.250  0.5280E-84  0.6737E-83
  -7.240  0.5280E-84  0.6742E-83
  -7.230  0.5280E-84  0.6747E-83
  -7.220  0.5280E-84  0.6753E-83
  -7.210  0.5280E-84  0.6758E-83
  -7.200  0.5280E-84  0.6763E-83
  -7.190  0.5280E-84  0.6768E-83
  -7.180  0.5280E-84  0.6774E-83
  -7.170  0.5280E-84  0.6779E-83
  -7.160  0.5280E-84  0.6784E-83
  -7.150  0.5280E-84  0.6789E-83
  -7.140  0.5280E-84  0.6795E-83
  -7.130  0.5280E-84  0.6800E-83
  -7.120  0.5280E-84  0.6805E-83
  -7.110  0.5280E-84  0.6811E-83
  -7.100  0.5280E-84  0.6816E-83
  -7.090  0.5280E-84  0.6821E-83
  -7.080  0.5280E-84  0.6826E-83
  -7.070  0.5280E-84  0.6832E-83
  -7.060  0.5280E-84  0.6837E-83
  -7.050  0.5280E-84  0.6842E-83
  -7.040  0.5280E-84  0.6848E-83
  -7.030  0.5280E-84  0.6853E-83
  -7.020  0.5280E-84  0.6858E-83
  -7.010  0.5280E-84  0.6863E-83
  -7.000  0.5280E-84  0.6869E-83
  -6.990  0.5280E-84  0.6874E-83
  -6.980  0.5280E-84  0.6879E-83
  -6.970  0.5280E-84  0.6885E-83
  -6.960  0.5280E-84  0.6890E-83
  -6.950  0.5280E-84  0.6895E-83
  -6.940  0.5280E-84  0.6900E-83
  -6.930  0.5280E-84  0.6906E-83
  -6.920  0.5280E-84  0.6911E-83
  -6.910  0.5280E-84  0.6916E-83
  -6.900  0.5280E-84  0.6921E-83
  -6.890  0.5280E-84  0.6927E-83
  -6.880  0.5280E-84  0.6932E-83
  -6.870  0.5280E-84  0.6937E-83
  -6.860  0.5280E-84  0.6943E-83
  -6.850  0.5280E-84  0.6948E-83
  -6.840  0.5280E-84  0.6953E-83
  -6.830  0.5280E-84  0.6958E-83
  -6.820  0.5280E-84  0.6964E-83
  -6.810  0.5280E-84  0.6969E-83
  -6.800  0.5280E-84  0.6974E-83
  -6.790  0.5280E-84  0.6980E-83
  -6.780  0.5280E-84  0.6985E-83
  -6.770  0.5280E-84  0.6990E-83
  -6.760  0.5280E-84  0.6995E-83
  -6.750  0.5280E-84  0.7001E-83
  -6.740  0.5280E-84  0.7006E-83
  -6.730  0.5280E-84  0.7011E-83
  -6.720  0.5280E-84  0.7017E-83
  -6.710  0.5280E-84  0.7022E-83
  -6.700  0.5280E-84  0.7027E-83
  -6.690  0.5280E-84  0.7032E-83
  -6.680  0.5280E-84  0.7038E-83
  -6.670  0.5280E-84  0.7043E-83
  -6.660  0.5280E-84  0.7048E-83
  -6.650  0.5280E-84  0.7053E-83
  -6.640  0.5280E-84  0.7059E-83
  -6.630  0.5280E-84  0.7064E-83
  -6.620  0.5280E-84  0.7069E-83
  -6.610  0.5280E-84  0.7075E-83
  -6.600  0.5280E-84  0.7080E-83
  -6.590  0.5280E-84  0.7085E-83
  -6.580  0.5280E-84  0.7090E-83
  -6.570  0.5280E-84  0.7096E-83
  -6.560  0.5280E-84  0.7101E-83
  -6.550  0.5280E-84  0.7106E-83
  -6.540  0.5280E-84  0.7112E-83
  -6.530  0.5280E-84  0.7117E-83
  -6.520  0.5280E-84  0.7122E-83
  -6.510  0.5280E-84  0.7127E-83
  -6.500  0.5280E-84  0.7133E-83
  -6.490  0.5280E-84  0.7138E-83
  -6.480  0.5280E-84  0.7143E-83
  -6.470  0.5280E-84  0.7148E-83
  -6.460  0.5280E-84  0.7154E-83
  -6.450  0.5280E-84  0.7159E-83
  -6.440  0.5280E-84  0.7164E-83
  -6.430  0.5280E-84  0.7170E-83
  -6.420  0.5280E-84  0.7175E-83
  -6.410  0.5280E-84  0.7180E-83
  -6.400  0.5280E-84  0.7185E-83
  -6.390  0.5280E-84  0.7191E-83
  -6.380  0.5280E-84  0.7196E-83
  -6.370  0.5280E-84  0.7201E-83
  -6.360  0.5280E-84  0.7207E-83
  -6.350  0.5280E-84  0.7212E-83
  -6.340  0.5280E-84  0.7217E-83
  -6.330  0.5280E-84  0.7222E-83
  -6.320  0.5280E-84  0.7228E-83
  -6.310  0.5280E-84  0.7233E-83
  -6.300  0.5280E-84  0.7238E-83
  -6.290  0.5280E-84  0.7244E-83
  -6.280  0.5280E-84  0.7249E-83
  -6.270  0.5280E-84  0.7254E-83
  -6.260  0.5280E-84  0.7259E-83
  -6.250  0.5280E-84  0.7265E-83
  -6.240  0.5280E-84  0.7270E-83
  -6.230  0.5280E-84  0.7275E-83
  -6.220  0.5280E-84  0.7280E-83
  -6.210  0.5280E-84  0.7286E-83
  -6.200  0.5280E-84  0.7291E-83
  -6.190  0.5280E-84  0.7296E-83
  -6.180  0.5280E-84  0.7302E-83
  -6.170  0.5280E-84  0.7307E-83
  -6.160  0.5280E-84  0.7312E-83
  -6.150  0.5280E-84  0.7317E-83
  -6.140  0.5280E-84  0.7323E-83
  -6.130  0.5280E-84  0.7328E-83
  -6.120  0.5280E-84  0.7333E-83
  -6.110  0.5280E-84  0.7339E-83
  -6.100  0.5280E-84  0.7344E-83
  -6.090  0.5280E-84  0.7349E-83
  -6.080  0.5280E-84  0.7354E-83
  -6.070  0.5280E-84  0.7360E-83
  -6.060  0.5280E-84  0.7365E-83
  -6.050  0.5280E-84  0.7370E-83
  -6.040  0.5280E-84  0.7376E-83
  -6.030  0.5280E-84  0.7381E-83
  -6.020  0.5280E-84  0.7386E-83
  -6.010  0.5280E-84  0.7391E-83
  -6.000  0.5280E-84  0.7397E-83
  -5.990  0.5280E-84  0.7402E-83
  -5.980  0.5280E-84  0.7407E-83
  -5.970  0.5280E-84  0.7412E-83
  -5.960  0.5280E-84  0.7418E-83
  -5.950  0.5280E-84  0.7423E-83
  -5.940  0.5280E-84  0.7428E-83
  -5.930  0.5280E-84  0.7434E-83
  -5.920  0.5280E-84  0.7439E-83
  -5.910  0.5280E-84  0.7444E-83
  -5.900  0.5280E-84  0.7449E-83
  -5.890  0.5280E-84  0.7455E-83
  -5.880  0.5280E-84  0.7460E-83
  -5.870  0.5280E-84  0.7465E-83
  -5.860  0.5280E-84  0.7471E-83
  -5.850  0.5280E-84  0.7476E-83
  -5.840  0.5280E-84  0.7481E-83
  -5.830  0.5280E-84  0.7486E-83
  -5.820  0.5280E-84  0.7492E-83
  -5.810  0.5280E-84  0.7497E-83
  -5.800  0.5280E-84  0.7502E-83
  -5.790  0.5280E-84  0.7508E-83
  -5.780  0.5280E-84  0.7513E-83
  -5.770  0.5280E-84  0.7518E-83
  -5.760  0.5280E-84  0.7523E-83
  -5.750  0.5280E-84  0.7529E-83
  -5.740  0.5280E-84  0.7534E-83
  -5.730  0.5280E-84  0.7539E-83
  -5.720  0.5280E-84  0.7544E-83
  -5.710  0.5280E-84  0.7550E-83
  -5.700  0.5280E-84  0.7555E-83
  -5.690  0.5280E-84  0.7560E-83
  -5.680  0.5280E-84  0.7566E-83
  -5.670  0.5280E-84  0.7571E-83
  -5.660  0.5280E-84  0.7576E-83
  -5.650  0.5280E-84  0.7581E-83
  -5.640  0.5280E-84  0.7587E-83
  -5.630  0.5280E-84  0.7592E-83
  -5.620  0.5280E-84  0.7597E-83
  -5.610  0.5280E-84  0.7603E-83
  -5.600  0.5280E-84  0.7608E-83
  -5.590  0.5280E-84  0.7613E-83
  -5.580  0.5280E-84  0.7618E-83
  -5.570  0.5280E-84  0.7624E-83
  -5.560  0.5280E-84  0.7629E-83
  -5.550  0.5280E-84  0.7634E-83
  -5.540  0.5280E-84  0.7639E-83
  -5.530  0.5280E-84  0.7645E-83
  -5.520  0.5280E-84  0.7650E-83
  -5.510  0.5280E-84  0.7655E-83
  -5.500  0.5280E-84  0.7661E-83
  -5.490  0.5280E-84  0.7666E-83
  -5.480  0.5280E-84  0.7671E-83
  -5.470  0.5280E-84  0.7676E-83
  -5.460  0.5280E-84  0.7682E-83
  -5.450  0.5280E-84  0.7687E-83
  -5.440  0.5280E-84  0.7692E-83
  -5.430  0.5280E-84  0.7698E-83
  -5.420  0.5280E-84  0.7703E-83
  -5.410  0.5280E-84  0.7708E-83
  -5.400  0.5280E-84  0.7713E-83
  -5.390  0.5280E-84  0.7719E-83
  -5.380  0.5280E-84  0.7724E-83
  -5.370  0.5280E-84  0.7729E-83
  -5.360  0.5280E-84  0.7735E-83
  -5.350  0.5280E-84  0.7740E-83
  -5.340  0.5280E-84  0.7745E-83
  -5.330  0.5280E-84  0.7750E-83
  -5.320  0.5280E-84  0.7756E-83
  -5.310  0.5280E-84  0.7761E-83
  -5.300  0.5280E-84  0.7766E-83
  -5.290  0.5280E-84  0.7771E-83
  -5.280  0.5280E-84  0.7777E-83
  -5.270  0.5280E-84  0.7782E-83
  -5.260  0.5280E-84  0.7787E-83
  -5.250  0.5280E-84  0.7793E-83
  -5.240  0.5280E-84  0.7798E-83
  -5.230  0.5280E-84  0.7803E-83
  -5.220  0.5280E-84  0.7808E-83
  -5.210  0.5280E-84  0.7814E-83
  -5.200  0.5280E-84  0.7819E-83
  -5.190  0.5280E-84  0.7824E-83
  -5.180  0.5280E-84  0.7830E-83
  -5.170  0.5280E-84  0.7835E-83
  -5.160  0.5280E-84  0.7840E-83
  -5.150  0.5280E-84  0.7845E-83
  -5.140  0.5280E-84  0.7851E-83
  -5.130  0.5280E-84  0.7856E-83
  -5.120  0.5280E-84  0.7861E-83
  -5.110  0.5280E-84  0.7867E-83
  -5.100  0.5280E-84  0.7872E-83
  -5.090  0.5280E-84  0.7877E-83
  -5.080  0.5280E-84  0.7882E-83
  -5.070  0.5280E-84  0.7888E-83
  -5.060  0.5280E-84  0.7893E-83
  -5.050  0.5280E-84  0.7898E-83
  -5.040  0.5280E-84  0.7903E-83
  -5.030  0.5280E-84  0.7909E-83
  -5.020  0.5280E-84  0.7914E-83
  -5.010  0.5280E-84  0.7919E-83
  -5.000  0.5280E-84  0.7925E-83
  -4.990  0.5280E-84  0.7930E-83
  -4.980  0.5280E-84  0.7935E-83
  -4.970  0.5280E-84  0.7940E-83
  -4.960  0.5280E-84  0.7946E-83
  -4.950  0.5280E-84  0.7951E-83
  -4.940  0.5280E-84  0.7956E-83
  -4.930  0.5280E-84  0.7962E-83
  -4.920  0.5280E-84  0.7967E-83
  -4.910  0.5280E-84  0.7972E-83
  -4.900  0.5280E-84  0.7977E-83
  -4.890  0.5280E-84  0.7983E-83
  -4.880  0.5280E-84  0.7988E-83
  -4.870  0.5280E-84  0.7993E-83
  -4.860  0.5280E-84  0.7998E-83
  -4.850  0.5280E-84  0.8004E-83
  -4.840  0.5280E-84  0.8009E-83
  -4.830  0.5280E-84  0.8014E-83
  -4.820  0.5280E-84  0.8020E-83
  -4.810  0.5280E-84  0.8025E-83
  -4.800  0.5280E-84  0.8030E-83
  -4.790  0.5280E-84  0.8035E-83
  -4.780  0.5280E-84  0.8041E-83
  -4.770  0.5280E-84  0.8046E-83
  -4.760  0.5280E-84  0.8051E-83
  -4.750  0.5280E-84  0.8057E-83
  -4.740  0.5280E-84  0.8062E-83
  -4.730  0.5280E-84  0.8067E-83
  -4.720  0.5280E-84  0.8072E-83
  -4.710  0.5280E-84  0.8078E-83
  -4.700  0.5280E-84  0.8083E-83
  -4.690  0.5280E-84  0.8088E-83
  -4.680  0.5280E-84  0.8094E-83
  -4.670  0.5280E-84  0.8099E-83
  -4.660  0.5280E-84  0.8104E-83
  -4.650  0.5280E-84  0.8109E-83
  -4.640  0.5280E-84  0.8115E-83
  -4.630  0.5280E-84  0.8120E-83
  -4.620  0.5280E-84  0.8125E-83
  -4.610  0.5280E-84  0.8130E-83
  -4.600  0.5280E-84  0.8136E-83
  -4.590  0.5280E-84  0.8141E-83
  -4.580  0.5280E-84  0.8146E-83
  -4.570  0.5280E-84  0.8152E-83
  -4.560  0.5280E-84  0.8157E-83
  -4.550  0.5280E-84  0.8162E-83
  -4.540  0.5280E-84  0.8167E-83
  -4.530  0.5280E-84  0.8173E-83
  -4.520  0.5280E-84  0.8178E-83
  -4.510  0.5280E-84  0.8183E-83
  -4.500  0.5280E-84  0.8189E-83
  -4.490  0.5280E-84  0.8194E-83
  -4.480  0.5280E-84  0.8199E-83
  -4.470  0.5280E-84  0.8204E-83
  -4.460  0.5280E-84  0.8210E-83
  -4.450  0.5280E-84  0.8215E-83
  -4.440  0.5280E-84  0.8220E-83
  -4.430  0.5280E-84  0.8226E-83
  -4.420  0.5280E-84  0.8231E-83
  -4.410  0.5280E-84  0.8236E-83
  -4.400  0.5280E-84  0.8241E-83
  -4.390  0.5280E-84  0.8247E-83
  -4.380  0.5280E-84  0.8252E-83
  -4.370  0.5280E-84  0.8257E-83
  -4.360  0.5280E-84  0.8262E-83
  -4.350  0.5280E-84  0.8268E-83
  -4.340  0.5280E-84  0.8273E-83
  -4.330  0.5280E-84  0.8278E-83
  -4.320  0.5280E-84  0.8284E-83
  -4.310  0.5280E-84  0.8289E-83
  -4.300  0.5280E-84  0.8294E-83
  -4.290  0.5280E-84  0.8299E-83
  -4.280  0.5280E-84  0.8305E-83
  -4.270  0.5280E-84  0.8310E-83
  -4.260  0.5280E-84  0.8315E-83
  -4.250  0.5280E-84  0.8321E-83
  -4.240  0.5280E-84  0.8326E-83
  -4.230  0.5280E-84  0.8331E-83
  -4.220  0.5280E-84  0.8336E-83
  -4.210  0.5280E-84  0.8342E-83
  -4.200  0.5280E-84  0.8347E-83
  -4.190  0.5280E-84  0.8352E-83
  -4.180  0.5280E-84  0.8358E-83
  -4.170  0.5280E-84  0.8363E-83
  -4.160  0.5280E-84  0.8368E-83
  -4.150  0.5280E-84  0.8373E-83
  -4.140  0.5280E-84  0.8379E-83
  -4.130  0.5280E-84  0.8384E-83
  -4.120  0.5280E-84  0.8389E-83
  -4.110  0.5280E-84  0.8394E-83
  -4.100  0.5280E-84  0.8400E-83
  -4.090  0.5280E-84  0.8405E-83
  -4.080  0.5280E-84  0.8410E-83
  -4.070  0.5280E-84  0.8416E-83
  -4.060  0.5280E-84  0.8421E-83
  -4.050  0.5280E-84  0.8426E-83
  -4.040  0.5280E-84  0.8431E-83
  -4.030  0.5280E-84  0.8437E-83
  -4.020  0.5280E-84  0.8442E-83
  -4.010  0.5280E-84  0.8447E-83
  -4.000  0.5280E-84  0.8453E-83
  -3.990  0.5280E-84  0.8458E-83
  -3.980  0.5280E-84  0.8463E-83
  -3.970  0.5280E-84  0.8468E-83
  -3.960  0.5280E-84  0.8474E-83
  -3.950  0.5280E-84  0.8479E-83
  -3.940  0.5280E-84  0.8484E-83
  -3.930  0.5280E-84  0.8489E-83
  -3.920  0.5280E-84  0.8495E-83
  -3.910  0.5280E-84  0.8500E-83
  -3.900  0.5280E-84  0.8505E-83
  -3.890  0.5280E-84  0.8511E-83
  -3.880  0.5280E-84  0.8516E-83
  -3.870  0.5280E-84  0.8521E-83
  -3.860  0.5280E-84  0.8526E-83
  -3.850  0.5280E-84  0.8532E-83
  -3.840  0.5280E-84  0.8537E-83
  -3.830  0.5280E-84  0.8542E-83
  -3.820  0.5280E-84  0.8548E-83
  -3.810  0.5280E-84  0.8553E-83
  -3.800  0.5280E-84  0.8558E-83
  -3.790  0.5280E-84  0.8563E-83
  -3.780  0.5280E-84  0.8569E-83
  -3.770  0.5280E-84  0.8574E-83
  -3.760  0.5280E-84  0.8579E-83
  -3.750  0.5280E-84  0.8585E-83
  -3.740  0.5280E-84  0.8590E-83
  -3.730  0.5280E-84  0.8595E-83
  -3.720  0.5280E-84  0.8600E-83
  -3.710  0.5280E-84  0.8606E-83
  -3.700  0.5280E-84  0.8611E-83
  -3.690  0.5280E-84  0.8616E-83
  -3.680  0.5280E-84  0.8621E-83
  -3.670  0.5280E-84  0.8627E-83
  -3.660  0.5280E-84  0.8632E-83
  -3.650  0.5280E-84  0.8637E-83
  -3.640  0.5280E-84  0.8643E-83
  -3.630  0.5280E-84  0.8648E-83
  -3.620  0.5280E-84  0.8653E-83
  -3.610  0.5280E-84  0.8658E-83
  -3.600  0.5280E-84  0.8664E-83
  -3.590  0.5280E-84  0.8669E-83
  -3.580  0.5280E-84  0.8674E-83
  -3.570  0.5280E-84  0.8680E-83
  -3.560  0.5280E-84  0.8685E-83
  -3.550  0.5280E-84  0.8690E-83
  -3.540  0.5280E-84  0.8695E-83
  -3.530  0.5280E-84  0.8701E-83
  -3.520  0.5280E-84  0.8706E-83
  -3.510  0.5280E-84  0.8711E-83
  -3.500  0.5280E-84  0.8717E-83
  -3.490  0.5280E-84  0.8722E-83
  -3.480  0.5280E-84  0.8727E-83
  -3.470  0.5280E-84  0.8732E-83
  -3.460  0.5280E-84  0.8738E-83
  -3.450  0.5280E-84  0.8743E-83
  -3.440  0.5280E-84  0.8748E-83
  -3.430  0.5280E-84  0.8753E-83
  -3.420  0.5280E-84  0.8759E-83
  -3.410  0.5280E-84  0.8764E-83
  -3.400  0.5280E-84  0.8769E-83
  -3.390  0.5280E-84  0.8775E-83
  -3.380  0.5280E-84  0.8780E-83
  -3.370  0.5280E-84  0.8785E-83
  -3.360  0.5280E-84  0.8790E-83
  -3.350  0.5280E-84  0.8796E-83
  -3.340  0.5280E-84  0.8801E-83
  -3.330  0.5280E-84  0.8806E-83
  -3.320  0.5280E-84  0.8812E-83
  -3.310  0.5280E-84  0.8817E-83
  -3.300  0.5280E-84  0.8822E-83
  -3.290  0.5280E-84  0.8827E-83
  -3.280  0.5280E-84  0.8833E-83
  -3.270  0.5280E-84  0.8838E-83
  -3.260  0.5280E-84  0.8843E-83
  -3.250  0.5280E-84  0.8849E-83
  -3.240  0.5280E-84  0.8854E-83
  -3.230  0.5280E-84  0.8859E-83
  -3.220  0.5280E-84  0.8864E-83
  -3.210  0.5280E-84  0.8870E-83
  -3.200  0.5280E-84  0.8875E-83
  -3.190  0.5280E-84  0.8880E-83
  -3.180  0.5280E-84  0.8885E-83
  -3.170  0.5280E-84  0.8891E-83
  -3.160  0.5280E-84  0.8896E-83
  -3.150  0.5280E-84  0.8901E-83
  -3.140  0.5280E-84  0.8907E-83
  -3.130  0.5280E-84  0.8912E-83
  -3.120  0.5280E-84  0.8917E-83
  -3.110  0.5280E-84  0.8922E-83
  -3.100  0.5280E-84  0.8928E-83
  -3.090  0.5280E-84  0.8933E-83
  -3.080  0.5280E-84  0.8938E-83
  -3.070  0.5280E-84  0.8944E-83
  -3.060  0.5280E-84  0.8949E-83
  -3.050  0.5280E-84  0.8954E-83
  -3.040  0.5280E-84  0.8959E-83
  -3.030  0.5280E-84  0.8965E-83
  -3.020  0.5280E-84  0.8970E-83
  -3.010  0.5280E-84  0.8975E-83
  -3.000  0.5280E-84  0.8980E-83
  -2.990  0.5280E-84  0.8986E-83
  -2.980  0.5280E-84  0.8991E-83
  -2.970  0.5280E-84  0.8996E-83
  -2.960  0.5280E-84  0.9002E-83
  -2.950  0.5280E-84  0.9007E-83
  -2.940  0.5280E-84  0.9012E-83
  -2.930  0.5280E-84  0.9017E-83
  -2.920  0.5280E-84  0.9023E-83
  -2.910  0.5280E-84  0.9028E-83
  -2.900  0.5280E-84  0.9033E-83
  -2.890  0.5280E-84  0.9039E-83
  -2.880  0.5280E-84  0.9044E-83
  -2.870  0.5280E-84  0.9049E-83
  -2.860  0.5280E-84  0.9054E-83
  -2.850  0.5280E-84  0.9060E-83
  -2.840  0.5280E-84  0.9065E-83
  -2.830  0.5280E-84  0.9070E-83
  -2.820  0.5280E-84  0.9076E-83
  -2.810  0.5280E-84  0.9081E-83
  -2.800  0.5280E-84  0.9086E-83
  -2.790  0.5280E-84  0.9091E-83
  -2.780  0.5280E-84  0.9097E-83
  -2.770  0.5280E-84  0.9102E-83
  -2.760  0.5280E-84  0.9107E-83
  -2.750  0.5280E-84  0.9112E-83
  -2.740  0.5280E-84  0.9118E-83
  -2.730  0.5280E-84  0.9123E-83
  -2.720  0.5280E-84  0.9128E-83
  -2.710  0.5280E-84  0.9134E-83
  -2.700  0.5280E-84  0.9139E-83
  -2.690  0.5280E-84  0.9144E-83
  -2.680  0.5280E-84  0.9149E-83
  -2.670  0.5280E-84  0.9155E-83
  -2.660  0.5280E-84  0.9160E-83
  -2.650  0.5280E-84  0.9165E-83
  -2.640  0.5280E-84  0.9171E-83
  -2.630  0.5280E-84  0.9176E-83
  -2.620  0.5280E-84  0.9181E-83
  -2.610  0.5280E-84  0.9186E-83
  -2.600  0.5280E-84  0.9192E-83
  -2.590  0.5280E-84  0.9197E-83
  -2.580  0.5280E-84  0.9202E-83
  -2.570  0.5280E-84  0.9208E-83
  -2.560  0.5280E-84  0.9213E-83
  -2.550  0.5280E-84  0.9218E-83
  -2.540  0.5280E-84  0.9223E-83
  -2.530  0.5280E-84  0.9229E-83
  -2.520  0.5280E-84  0.9234E-83
  -2.510  0.5280E-84  0.9239E-83
  -2.500  0.5280E-84  0.9244E-83
  -2.490  0.5280E-84  0.9250E-83
  -2.480  0.5280E-84  0.9255E-83
  -2.470  0.5280E-84  0.9260E-83
  -2.460  0.5280E-84  0.9266E-83
  -2.450  0.5280E-84  0.9271E-83
  -2.440  0.5280E-84  0.9276E-83
  -2.430  0.5280E-84  0.9281E-83
  -2.420  0.5280E-84  0.9287E-83
  -2.410  0.5280E-84  0.9292E-83
  -2.400  0.5280E-84  0.9297E-83
  -2.390  0.5280E-84  0.9303E-83
  -2.380  0.5280E-84  0.9308E-83
  -2.370  0.5280E-84  0.9313E-83
  -2.360  0.5280E-84  0.9318E-83
  -2.350  0.5280E-84  0.9324E-83
  -2.340  0.5280E-84  0.9329E-83
  -2.330  0.5280E-84  0.9334E-83
  -2.320  0.5280E-84  0.9340E-83
  -2.310  0.5280E-84  0.9345E-83
  -2.300  0.5280E-84  0.9350E-83
  -2.290  0.5280E-84  0.9355E-83
  -2.280  0.5280E-84  0.9361E-83
  -2.270  0.5280E-84  0.9366E-83
  -2.260  0.5280E-84  0.9371E-83
  -2.250  0.5280E-84  0.9376E-83
  -2.240  0.5280E-84  0.9382E-83
  -2.230  0.5280E-84  0.9387E-83
  -2.220  0.5280E-84  0.9392E-83
  -2.210  0.5280E-84  0.9398E-83
  -2.200  0.5280E-84  0.9403E-83
  -2.190  0.5280E-84  0.9408E-83
  -2.180  0.5280E-84  0.9413E-83
  -2.170  0.5280E-84  0.9419E-83
  -2.160  0.5280E-84  0.9424E-83
  -2.150  0.5280E-84  0.9429E-83
  -2.140  0.5280E-84  0.9435E-83
  -2.130  0.5280E-84  0.9440E-83
  -2.120  0.5280E-84  0.9445E-83
  -2.110  0.5280E-84  0.9450E-83
  -2.100  0.5280E-84  0.9456E-83
  -2.090  0.5280E-84  0.9461E-83
  -2.080  0.5280E-84  0.9466E-83
  -2.070  0.5280E-84  0.9471E-83
  -2.060  0.5280E-84  0.9477E-83
  -2.050  0.5280E-84  0.9482E-83
  -2.040  0.5280E-84  0.9487E-83
  -2.030  0.5280E-84  0.9493E-83
  -2.020  0.5280E-84  0.9498E-83
  -2.010  0.5280E-84  0.9503E-83
  -2.000  0.5280E-84  0.9508E-83
  -1.990  0.5280E-84  0.9514E-83
  -1.980  0.5280E-84  0.9519E-83
  -1.970  0.5280E-84  0.9524E-83
  -1.960  0.5280E-84  0.9530E-83
  -1.950  0.5280E-84  0.9535E-83
  -1.940  0.5280E-84  0.9540E-83
  -1.930  0.5280E-84  0.9545E-83
  -1.920  0.5280E-84  0.9551E-83
  -1.910  0.5280E-84  0.9556E-83
  -1.900  0.5280E-84  0.9561E-83
  -1.890  0.5280E-84  0.9567E-83
  -1.880  0.5280E-84  0.9572E-83
  -1.870  0.5280E-84  0.9577E-83
  -1.860  0.5280E-84  0.9582E-83
  -1.850  0.5280E-84  0.9588E-83
  -1.840  0.5280E-84  0.9593E-83
  -1.830  0.5280E-84  0.9598E-83
  -1.820  0.5280E-84  0.9603E-83
  -1.810  0.5280E-84  0.9609E-83
  -1.800  0.5280E-84  0.9614E-83
  -1.790  0.5280E-84  0.9619E-83
  -1.780  0.5280E-84  0.9625E-83
  -1.770  0.5280E-84  0.9630E-83
  -1.760  0.5280E-84  0.9635E-83
  -1.750  0.5280E-84  0.9640E-83
  -1.740  0.5280E-84  0.9646E-83
  -1.730  0.5280E-84  0.9651E-83
  -1.720  0.5280E-84  0.9656E-83
  -1.710  0.5280E-84  0.9662E-83
  -1.700  0.5280E-84  0.9667E-83
  -1.690  0.5280E-84  0.9672E-83
  -1.680  0.5280E-84  0.9677E-83
  -1.670  0.5280E-84  0.9683E-83
  -1.660  0.5280E-84  0.9688E-83
  -1.650  0.5280E-84  0.9693E-83
  -1.640  0.5280E-84  0.9699E-83
  -1.630  0.5280E-84  0.9704E-83
  -1.620  0.5280E-84  0.9709E-83
  -1.610  0.5280E-84  0.9714E-83
  -1.600  0.5280E-84  0.9720E-83
  -1.590  0.5280E-84  0.9725E-83
  -1.580  0.5280E-84  0.9730E-83
  -1.570  0.5280E-84  0.9735E-83
  -1.560  0.5280E-84  0.9741E-83
  -1.550  0.5280E-84  0.9746E-83
  -1.540  0.5280E-84  0.9751E-83
  -1.530  0.5280E-84  0.9757E-83
  -1.520  0.5280E-84  0.9762E-83
  -1.510  0.5280E-84  0.9767E-83
  -1.500  0.5280E-84  0.9772E-83
  -1.490  0.5280E-84  0.9778E-83
  -1.480  0.5280E-84  0.9783E-83
  -1.470  0.5280E-84  0.9788E-83
  -1.460  0.5280E-84  0.9794E-83
  -1.450  0.5280E-84  0.9799E-83
  -1.440  0.5280E-84  0.9804E-83
  -1.430  0.5280E-84  0.9809E-83
  -1.420  0.5280E-84  0.9815E-83
  -1.410  0.5280E-84  0.9820E-83
  -1.400  0.5280E-84  0.9825E-83
  -1.390  0.5280E-84  0.9830E-83
  -1.380  0.5280E-84  0.9836E-83
  -1.370  0.5280E-84  0.9841E-83
  -1.360  0.5280E-84  0.9846E-83
  -1.350  0.5280E-84  0.9852E-83
  -1.340  0.5280E-84  0.9857E-83
  -1.330  0.5280E-84  0.9862E-83
  -1.320  0.5280E-84  0.9867E-83
  -1.310  0.5280E-84  0.9873E-83
  -1.300  0.5280E-84  0.9878E-83
  -1.290  0.5280E-84  0.9883E-83
  -1.280  0.5280E-84  0.9889E-83
  -1.270  0.5280E-84  0.9894E-83
  -1.260  0.5280E-84  0.9899E-83
  -1.250  0.5280E-84  0.9904E-83
  -1.240  0.5280E-84  0.9910E-83
  -1.230  0.5280E-84  0.9915E-83
  -1.220  0.5280E-84  0.9920E-83
  -1.210  0.5280E-84  0.9926E-83
  -1.200  0.5280E-84  0.9931E-83
  -1.190  0.5280E-84  0.9936E-83
  -1.180  0.5280E-84  0.9941E-83
  -1.170  0.5280E-84  0.9947E-83
  -1.160  0.5280E-84  0.9952E-83
  -1.150  0.5280E-84  0.9957E-83
  -1.140  0.5280E-84  0.9962E-83
  -1.130  0.5280E-84  0.9968E-83
  -1.120  0.5280E-84  0.9973E-83
  -1.110  0.5280E-84  0.9978E-83
  -1.100  0.5280E-84  0.9984E-83
  -1.090  0.5280E-84  0.9989E-83
  -1.080  0.5280E-84  0.9994E-83
  -1.070  0.5280E-84  0.9999E-83
  -1.060  0.5280E-84  0.1000E-82
  -1.050  0.5280E-84  0.1001E-82
  -1.040  0.5280E-84  0.1002E-82
  -1.030  0.5280E-84  0.1002E-82
  -1.020  0.5280E-84  0.1003E-82
  -1.010  0.5280E-84  0.1003E-82
  -1.000  0.5280E-84  0.1004E-82
  -0.990  0.5280E-84  0.1004E-82
  -0.980  0.5280E-84  0.1005E-82
  -0.970  0.5280E-84  0.1005E-82
  -0.960  0.5280E-84  0.1006E-82
  -0.950  0.5280E-84  0.1006E-82
  -0.940  0.5280E-84  0.1007E-82
  -0.930  0.5280E-84  0.1007E-82
  -0.920  0.5280E-84  0.1008E-82
  -0.910  0.5280E-84  0.1008E-82
  -0.900  0.5280E-84  0.1009E-82
  -0.890  0.5280E-84  0.1009E-82
  -0.880  0.5280E-84  0.1010E-82
  -0.870  0.5280E-84  0.1011E-82
  -0.860  0.5280E-84  0.1011E-82
  -0.850  0.5280E-84  0.1012E-82
  -0.840  0.5280E-84  0.1012E-82
  -0.830  0.5280E-84  0.1013E-82
  -0.820  0.5280E-84  0.1013E-82
  -0.810  0.5280E-84  0.1014E-82
  -0.800  0.5280E-84  0.1014E-82
  -0.790  0.5280E-84  0.1015E-82
  -0.780  0.5280E-84  0.1015E-82
  -0.770  0.5280E-84  0.1016E-82
  -0.760  0.5280E-84  0.1016E-82
  -0.750  0.5280E-84  0.1017E-82
  -0.740  0.5280E-84  0.1017E-82
  -0.730  0.5280E-84  0.1018E-82
  -0.720  0.5280E-84  0.1018E-82
  -0.710  0.5280E-84  0.1019E-82
  -0.700  0.5280E-84  0.1019E-82
  -0.690  0.5280E-84  0.1020E-82
  -0.680  0.5280E-84  0.1021E-82
  -0.670  0.5280E-84  0.1021E-82
  -0.660  0.5280E-84  0.1022E-82
  -0.650  0.5280E-84  0.1022E-82
  -0.640  0.5280E-84  0.1023E-82
  -0.630  0.5280E-84  0.1023E-82
  -0.620  0.5280E-84  0.1024E-82
  -0.610  0.5280E-84  0.1024E-82
  -0.600  0.5280E-84  0.1025E-82
  -0.590  0.5280E-84  0.1025E-82
  -0.580  0.5280E-84  0.1026E-82
  -0.570  0.5280E-84  0.1026E-82
  -0.560  0.5280E-84  0.1027E-82
  -0.550  0.5280E-84  0.1027E-82
  -0.540  0.5280E-84  0.1028E-82
  -0.530  0.5280E-84  0.1028E-82
  -0.520  0.5280E-84  0.1029E-82
  -0.510  0.5280E-84  0.1030E-82
  -0.500  0.5280E-84  0.1030E-82
  -0.490  0.5280E-84  0.1031E-82
  -0.480  0.5280E-84  0.1031E-82
  -0.470  0.5280E-84  0.1032E-82
  -0.460  0.5280E-84  0.1032E-82
  -0.450  0.5280E-84  0.1033E-82
  -0.440  0.5280E-84  0.1033E-82
  -0.430  0.5280E-84  0.1034E-82
  -0.420  0.5280E-84  0.1034E-82
  -0.410  0.5280E-84  0.1035E-82
  -0.400  0.5280E-84  0.1035E-82
  -0.390  0.5280E-84  0.1036E-82
  -0.380  0.5280E-84  0.1036E-82
  -0.370  0.5280E-84  0.1037E-82
  -0.360  0.5280E-84  0.1037E-82
  -0.350  0.5280E-84  0.1038E-82
  -0.340  0.5280E-84  0.1038E-82
  -0.330  0.5280E-84  0.1039E-82
  -0.320  0.5280E-84  0.1040E-82
  -0.310  0.5280E-84  0.1040E-82
  -0.300  0.5280E-84  0.1041E-82
  -0.290  0.5280E-84  0.1041E-82
  -0.280  0.5280E-84  0.1042E-82
  -0.270  0.5280E-84  0.1042E-82
  -0.260  0.5280E-84  0.1043E-82
  -0.250  0.5280E-84  0.1043E-82
  -0.240  0.5280E-84  0.1044E-82
  -0.230  0.5280E-84  0.1044E-82
  -0.220  0.5280E-84  0.1045E-82
  -0.210  0.5280E-84  0.1045E-82
  -0.200  0.5280E-84  0.1046E-82
  -0.190  0.5280E-84  0.1046E-82
  -0.180  0.5280E-84  0.1047E-82
  -0.170  0.5280E-84  0.1047E-82
  -0.160  0.5280E-84  0.1048E-82
  -0.150  0.5280E-84  0.1049E-82
  -0.140  0.5280E-84  0.1049E-82
  -0.130  0.5280E-84  0.1050E-82
  -0.120  0.5280E-84  0.1050E-82
  -0.110  0.5280E-84  0.1051E-82
  -0.100  0.5280E-84  0.1051E-82
  -0.090  0.5280E-84  0.1052E-82
  -0.080  0.5280E-84  0.1052E-82
  -0.070  0.5280E-84  0.1053E-82
  -0.060  0.5280E-84  0.1053E-82
  -0.050  0.5280E-84  0.1054E-82
  -0.040  0.5280E-84  0.1054E-82
  -0.030  0.5280E-84  0.1055E-82
  -0.020  0.5280E-84  0.1055E-82
  -0.010  0.5280E-84  0.1056E-82
   0.000  0.5280E-84  0.1056E-82
   0.010  0.5280E-84  0.1057E-82
   0.020  0.5280E-84  0.1057E-82
   0.030  0.5280E-84  0.1058E-82
   0.040  0.5280E-84  0.1059E-82
   0.050  0.5280E-84  0.1059E-82
   0.060  0.5280E-84  0.1060E-82
   0.070  0.5280E-84  0.1060E-82
   0.080  0.5280E-84  0.1061E-82
   0.090  0.5280E-84  0.1061E-82
   0.100  0.5280E-84  0.1062E-82
   0.110  0.5280E-84  0.1062E-82
   0.120  0.5280E-84  0.1063E-82
   0.130  0.5280E-84  0.1063E-82
   0.140  0.5280E-84  0.1064E-82
   0.150  0.5280E-84  0.1064E-82
   0.160  0.5280E-84  0.1065E-82
   0.170  0.5280E-84  0.1065E-82
   0.180  0.5280E-84  0.1066E-82
   0.190  0.5280E-84  0.1066E-82
   0.200  0.5280E-84  0.1067E-82
   0.210  0.5280E-84  0.1068E-82
   0.220  0.5280E-84  0.1068E-82
   0.230  0.5280E-84  0.1069E-82
   0.240  0.5280E-84  0.1069E-82
   0.250  0.5280E-84  0.1070E-82
   0.260  0.5280E-84  0.1070E-82
   0.270  0.5280E-84  0.1071E-82
   0.280  0.5280E-84  0.1071E-82
   0.290  0.5280E-84  0.1072E-82
   0.300  0.5280E-84  0.1072E-82
   0.310  0.5280E-84  0.1073E-82
   0.320  0.5280E-84  0.1073E-82
   0.330  0.5280E-84  0.1074E-82
   0.340  0.5280E-84  0.1074E-82
   0.350  0.5280E-84  0.1075E-82
   0.360  0.5280E-84  0.1075E-82
   0.370  0.5280E-84  0.1076E-82
   0.380  0.5280E-84  0.1076E-82
   0.390  0.5280E-84  0.1077E-82
   0.400  0.5280E-84  0.1078E-82
   0.410  0.5280E-84  0.1078E-82
   0.420  0.5280E-84  0.1079E-82
   0.430  0.5280E-84  0.1079E-82
   0.440  0.5280E-84  0.1080E-82
   0.450  0.5280E-84  0.1080E-82
   0.460  0.5280E-84  0.1081E-82
   0.470  0.5280E-84  0.1081E-82
   0.480  0.5280E-84  0.1082E-82
   0.490  0.5280E-84  0.1082E-82
   0.500  0.5280E-84  0.1083E-82
   0.510  0.5280E-84  0.1083E-82
   0.520  0.5280E-84  0.1084E-82
   0.530  0.5280E-84  0.1084E-82
   0.540  0.5280E-84  0.1085E-82
   0.550  0.5280E-84  0.1085E-82
   0.560  0.5280E-84  0.1086E-82
   0.570  0.5280E-84  0.1087E-82
   0.580  0.5280E-84  0.1087E-82
   0.590  0.5280E-84  0.1088E-82
   0.600  0.5280E-84  0.1088E-82
   0.610  0.5280E-84  0.1089E-82
   0.620  0.5280E-84  0.1089E-82
   0.630  0.5280E-84  0.1090E-82
   0.640  0.5280E-84  0.1090E-82
   0.650  0.5280E-84  0.1091E-82
   0.660  0.5280E-84  0.1091E-82
   0.670  0.5280E-84  0.1092E-82
   0.680  0.5280E-84  0.1092E-82
   0.690  0.5280E-84  0.1093E-82
   0.700  0.5280E-84  0.1093E-82
   0.710  0.5280E-84  0.1094E-82
   0.720  0.5280E-84  0.1094E-82
   0.730  0.5280E-84  0.1095E-82
   0.740  0.5280E-84  0.1096E-82
   0.750  0.5280E-84  0.1096E-82
   0.760  0.5280E-84  0.1097E-82
   0.770  0.5280E-84  0.1097E-82
   0.780  0.5280E-84  0.1098E-82
   0.790  0.5280E-84  0.1098E-82
   0.800  0.5280E-84  0.1099E-82
   0.810  0.5280E-84  0.1099E-82
   0.820  0.5280E-84  0.1100E-82
   0.830  0.5280E-84  0.1100E-82
   0.840  0.5280E-84  0.1101E-82
   0.850  0.5280E-84  0.1101E-82
   0.860  0.5280E-84  0.1102E-82
   0.870  0.5280E-84  0.1102E-82
   0.880  0.5280E-84  0.1103E-82
   0.890  0.5280E-84  0.1103E-82
   0.900  0.5280E-84  0.1104E-82
   0.910  0.5280E-84  0.1104E-82
   0.920  0.5280E-84  0.1105E-82
   0.930  0.5280E-84  0.1106E-82
   0.940  0.5280E-84  0.1106E-82
   0.950  0.5280E-84  0.1107E-82
   0.960  0.5280E-84  0.1107E-82
   0.970  0.5280E-84  0.1108E-82
   0.980  0.5280E-84  0.1108E-82
   0.990  0.5280E-84  0.1109E-82
   1.000  0.5280E-84  0.1109E-82
   1.010  0.5280E-84  0.1110E-82
   1.020  0.5280E-84  0.1110E-82
   1.030  0.5280E-84  0.1111E-82
   1.040  0.5280E-84  0.1111E-82
   1.050  0.5280E-84  0.1112E-82
   1.060  0.5280E-84  0.1112E-82
   1.070  0.5280E-84  0.1113E-82
   1.080  0.5280E-84  0.1113E-82
   1.090  0.5280E-84  0.1114E-82
   1.100  0.5280E-84  0.1115E-82
   1.110  0.5280E-84  0.1115E-82
   1.120  0.5280E-84  0.1116E-82
   1.130  0.5280E-84  0.1116E-82
   1.140  0.5280E-84  0.1117E-82
   1.150  0.5280E-84  0.1117E-82
   1.160  0.5280E-84  0.1118E-82
   1.170  0.5280E-84  0.1118E-82
   1.180  0.5280E-84  0.1119E-82
   1.190  0.5280E-84  0.1119E-82
   1.200  0.5280E-84  0.1120E-82
   1.210  0.5280E-84  0.1120E-82
   1.220  0.5280E-84  0.1121E-82
   1.230  0.5280E-84  0.1121E-82
   1.240  0.5280E-84  0.1122E-82
   1.250  0.5280E-84  0.1122E-82
   1.260  0.5280E-84  0.1123E-82
   1.270  0.5280E-84  0.1123E-82
   1.280  0.5280E-84  0.1124E-82
   1.290  0.5280E-84  0.1125E-82
   1.300  0.5280E-84  0.1125E-82
   1.310  0.5280E-84  0.1126E-82
   1.320  0.5280E-84  0.1126E-82
   1.330  0.5280E-84  0.1127E-82
   1.340  0.5280E-84  0.1127E-82
   1.350  0.5280E-84  0.1128E-82
   1.360  0.5280E-84  0.1128E-82
   1.370  0.5280E-84  0.1129E-82
   1.380  0.5280E-84  0.1129E-82
   1.390  0.5280E-84  0.1130E-82
   1.400  0.5280E-84  0.1130E-82
   1.410  0.5280E-84  0.1131E-82
   1.420  0.5280E-84  0.1131E-82
   1.430  0.5280E-84  0.1132E-82
   1.440  0.5280E-84  0.1132E-82
   1.450  0.5280E-84  0.1133E-82
   1.460  0.5280E-84  0.1134E-82
   1.470  0.5280E-84  0.1134E-82
   1.480  0.5280E-84  0.1135E-82
   1.490  0.5280E-84  0.1135E-82
   1.500  0.5280E-84  0.1136E-82
   1.510  0.5280E-84  0.1136E-82
   1.520  0.5280E-84  0.1137E-82
   1.530  0.5280E-84  0.1137E-82
   1.540  0.5280E-84  0.1138E-82
   1.550  0.5280E-84  0.1138E-82
   1.560  0.5280E-84  0.1139E-82
   1.570  0.5280E-84  0.1139E-82
   1.580  0.5280E-84  0.1140E-82
   1.590  0.5280E-84  0.1140E-82
   1.600  0.5280E-84  0.1141E-82
   1.610  0.5280E-84  0.1141E-82
   1.620  0.5280E-84  0.1142E-82
   1.630  0.5280E-84  0.1142E-82
   1.640  0.5280E-84  0.1143E-82
   1.650  0.5280E-84  0.1144E-82
   1.660  0.5280E-84  0.1144E-82
   1.670  0.5280E-84  0.1145E-82
   1.680  0.5280E-84  0.1145E-82
   1.690  0.5280E-84  0.1146E-82
   1.700  0.5280E-84  0.1146E-82
   1.710  0.5280E-84  0.1147E-82
   1.720  0.5280E-84  0.1147E-82
   1.730  0.5280E-84  0.1148E-82
   1.740  0.5280E-84  0.1148E-82
   1.750  0.5280E-84  0.1149E-82
   1.760  0.5280E-84  0.1149E-82
   1.770  0.5280E-84  0.1150E-82
   1.780  0.5280E-84  0.1150E-82
   1.790  0.5280E-84  0.1151E-82
   1.800  0.5280E-84  0.1151E-82
   1.810  0.5280E-84  0.1152E-82
   1.820  0.5280E-84  0.1153E-82
   1.830  0.5280E-84  0.1153E-82
   1.840  0.5280E-84  0.1154E-82
   1.850  0.5280E-84  0.1154E-82
   1.860  0.5280E-84  0.1155E-82
   1.870  0.5280E-84  0.1155E-82
   1.880  0.5280E-84  0.1156E-82
   1.890  0.5280E-84  0.1156E-82
   1.900  0.5280E-84  0.1157E-82
   1.910  0.5280E-84  0.1157E-82
   1.920  0.5280E-84  0.1158E-82
   1.930  0.5280E-84  0.1158E-82
   1.940  0.5280E-84  0.1159E-82
   1.950  0.5280E-84  0.1159E-82
   1.960  0.5280E-84  0.1160E-82
   1.970  0.5280E-84  0.1160E-82
   1.980  0.5280E-84  0.1161E-82
   1.990  0.5280E-84  0.1161E-82
   2.000  0.5280E-84  0.1162E-82
   2.010  0.5280E-84  0.1163E-82
   2.020  0.5280E-84  0.1163E-82
   2.030  0.5280E-84  0.1164E-82
   2.040  0.5280E-84  0.1164E-82
   2.050  0.5280E-84  0.1165E-82
   2.060  0.5280E-84  0.1165E-82
   2.070  0.5280E-84  0.1166E-82
   2.080  0.5280E-84  0.1166E-82
   2.090  0.5280E-84  0.1167E-82
   2.100  0.5280E-84  0.1167E-82
   2.110  0.5280E-84  0.1168E-82
   2.120  0.5280E-84  0.1168E-82
   2.130  0.5280E-84  0.1169E-82
   2.140  0.5280E-84  0.1169E-82
   2.150  0.5280E-84  0.1170E-82
   2.160  0.5280E-84  0.1170E-82
   2.170  0.5280E-84  0.1171E-82
   2.180  0.5280E-84  0.1172E-82
   2.190  0.5280E-84  0.1172E-82
   2.200  0.5280E-84  0.1173E-82
   2.210  0.5280E-84  0.1173E-82
   2.220  0.5280E-84  0.1174E-82
   2.230  0.5280E-84  0.1174E-82
   2.240  0.5280E-84  0.1175E-82
   2.250  0.5280E-84  0.1175E-82
   2.260  0.5280E-84  0.1176E-82
   2.270  0.5280E-84  0.1176E-82
   2.280  0.5280E-84  0.1177E-82
   2.290  0.5280E-84  0.1177E-82
   2.300  0.5280E-84  0.1178E-82
   2.310  0.5280E-84  0.1178E-82
   2.320  0.5280E-84  0.1179E-82
   2.330  0.5280E-84  0.1179E-82
   2.340  0.5280E-84  0.1180E-82
   2.350  0.5280E-84  0.1181E-82
   2.360  0.5280E-84  0.1181E-82
   2.370  0.5280E-84  0.1182E-82
   2.380  0.5280E-84  0.1182E-82
   2.390  0.5280E-84  0.1183E-82
   2.400  0.5280E-84  0.1183E-82
   2.410  0.5280E-84  0.1184E-82
   2.420  0.5280E-84  0.1184E-82
   2.430  0.5280E-84  0.1185E-82
   2.440  0.5280E-84  0.1185E-82
   2.450  0.5280E-84  0.1186E-82
   2.460  0.5280E-84  0.1186E-82
   2.470  0.5280E-84  0.1187E-82
   2.480  0.5280E-84  0.1187E-82
   2.490  0.5280E-84  0.1188E-82
   2.500  0.5280E-84  0.1188E-82
   2.510  0.5280E-84  0.1189E-82
   2.520  0.5280E-84  0.1189E-82
   2.530  0.5280E-84  0.1190E-82
   2.540  0.5280E-84  0.1191E-82
   2.550  0.5280E-84  0.1191E-82
   2.560  0.5280E-84  0.1192E-82
   2.570  0.5280E-84  0.1192E-82
   2.580  0.5280E-84  0.1193E-82
   2.590  0.5280E-84  0.1193E-82
   2.600  0.5280E-84  0.1194E-82
   2.610  0.5280E-84  0.1194E-82
   2.620  0.5280E-84  0.1195E-82
   2.630  0.5280E-84  0.1195E-82
   2.640  0.5280E-84  0.1196E-82
   2.650  0.5280E-84  0.1196E-82
   2.660  0.5280E-84  0.1197E-82
   2.670  0.5280E-84  0.1197E-82
   2.680  0.5280E-84  0.1198E-82
   2.690  0.5280E-84  0.1198E-82
   2.700  0.5280E-84  0.1199E-82
   2.710  0.5280E-84  0.1200E-82
   2.720  0.5280E-84  0.1200E-82
   2.730  0.5280E-84  0.1201E-82
   2.740  0.5280E-84  0.1201E-82
   2.750  0.5280E-84  0.1202E-82
   2.760  0.5280E-84  0.1202E-82
   2.770  0.5280E-84  0.1203E-82
   2.780  0.5280E-84  0.1203E-82
   2.790  0.5280E-84  0.1204E-82
   2.800  0.5280E-84  0.1204E-82
   2.810  0.5280E-84  0.1205E-82
   2.820  0.5280E-84  0.1205E-82
   2.830  0.5280E-84  0.1206E-82
   2.840  0.5280E-84  0.1206E-82
   2.850  0.5280E-84  0.1207E-82
   2.860  0.5280E-84  0.1207E-82
   2.870  0.5280E-84  0.1208E-82
   2.880  0.5280E-84  0.1208E-82
   2.890  0.5280E-84  0.1209E-82
   2.900  0.5280E-84  0.1210E-82
   2.910  0.5280E-84  0.1210E-82
   2.920  0.5280E-84  0.1211E-82
   2.930  0.5280E-84  0.1211E-82
   2.940  0.5280E-84  0.1212E-82
   2.950  0.5280E-84  0.1212E-82
   2.960  0.5280E-84  0.1213E-82
   2.970  0.5280E-84  0.1213E-82
   2.980  0.5280E-84  0.1214E-82
   2.990  0.5280E-84  0.1214E-82
   3.000  0.5280E-84  0.1215E-82
   3.010  0.5280E-84  0.1215E-82
   3.020  0.5280E-84  0.1216E-82
   3.030  0.5280E-84  0.1216E-82
   3.040  0.5280E-84  0.1217E-82
   3.050  0.5280E-84  0.1217E-82
   3.060  0.5280E-84  0.1218E-82
   3.070  0.5280E-84  0.1219E-82
   3.080  0.5280E-84  0.1219E-82
   3.090  0.5280E-84  0.1220E-82
   3.100  0.5280E-84  0.1220E-82
   3.110  0.5280E-84  0.1221E-82
   3.120  0.5280E-84  0.1221E-82
   3.130  0.5280E-84  0.1222E-82
   3.140  0.5280E-84  0.1222E-82
   3.150  0.5280E-84  0.1223E-82
   3.160  0.5280E-84  0.1223E-82
   3.170  0.5280E-84  0.1224E-82
   3.180  0.5280E-84  0.1224E-82
   3.190  0.5280E-84  0.1225E-82
   3.200  0.5280E-84  0.1225E-82
   3.210  0.5280E-84  0.1226E-82
   3.220  0.5280E-84  0.1226E-82
   3.230  0.5280E-84  0.1227E-82
   3.240  0.5280E-84  0.1227E-82
   3.250  0.5280E-84  0.1228E-82
   3.260  0.5280E-84  0.1229E-82
   3.270  0.5280E-84  0.1229E-82
   3.280  0.5280E-84  0.1230E-82
   3.290  0.5280E-84  0.1230E-82
   3.300  0.5280E-84  0.1231E-82
   3.310  0.5280E-84  0.1231E-82
   3.320  0.5280E-84  0.1232E-82
   3.330  0.5280E-84  0.1232E-82
   3.340  0.5280E-84  0.1233E-82
   3.350  0.5280E-84  0.1233E-82
   3.360  0.5280E-84  0.1234E-82
   3.370  0.5280E-84  0.1234E-82
   3.380  0.5280E-84  0.1235E-82
   3.390  0.5280E-84  0.1235E-82
   3.400  0.5280E-84  0.1236E-82
   3.410  0.5280E-84  0.1236E-82
   3.420  0.5280E-84  0.1237E-82
   3.430  0.5280E-84  0.1238E-82
   3.440  0.5280E-84  0.1238E-82
   3.450  0.5280E-84  0.1239E-82
   3.460  0.5280E-84  0.1239E-82
   3.470  0.5280E-84  0.1240E-82
   3.480  0.5280E-84  0.1240E-82
   3.490  0.5280E-84  0.1241E-82
   3.500  0.5280E-84  0.1241E-82
   3.510  0.5280E-84  0.1242E-82
   3.520  0.5280E-84  0.1242E-82
   3.530  0.5280E-84  0.1243E-82
   3.540  0.5280E-84  0.1243E-82
   3.550  0.5280E-84  0.1244E-82
   3.560  0.5280E-84  0.1244E-82
   3.570  0.5280E-84  0.1245E-82
   3.580  0.5280E-84  0.1245E-82
   3.590  0.5280E-84  0.1246E-82
   3.600  0.5280E-84  0.1246E-82
   3.610  0.5280E-84  0.1247E-82
   3.620  0.5280E-84  0.1248E-82
   3.630  0.5280E-84  0.1248E-82
   3.640  0.5280E-84  0.1249E-82
   3.650  0.5280E-84  0.1249E-82
   3.660  0.5280E-84  0.1250E-82
   3.670  0.5280E-84  0.1250E-82
   3.680  0.5280E-84  0.1251E-82
   3.690  0.5280E-84  0.1251E-82
   3.700  0.5280E-84  0.1252E-82
   3.710  0.5280E-84  0.1252E-82
   3.720  0.5280E-84  0.1253E-82
   3.730  0.5280E-84  0.1253E-82
   3.740  0.5280E-84  0.1254E-82
   3.750  0.5280E-84  0.1254E-82
   3.760  0.5280E-84  0.1255E-82
   3.770  0.5280E-84  0.1255E-82
   3.780  0.5280E-84  0.1256E-82
   3.790  0.5280E-84  0.1257E-82
   3.800  0.5280E-84  0.1257E-82
   3.810  0.5280E-84  0.1258E-82
   3.820  0.5280E-84  0.1258E-82
   3.830  0.5280E-84  0.1259E-82
   3.840  0.5280E-84  0.1259E-82
   3.850  0.5280E-84  0.1260E-82
   3.860  0.5280E-84  0.1260E-82
   3.870  0.5280E-84  0.1261E-82
   3.880  0.5280E-84  0.1261E-82
   3.890  0.5280E-84  0.1262E-82
   3.900  0.5280E-84  0.1262E-82
   3.910  0.5280E-84  0.1263E-82
   3.920  0.5280E-84  0.1263E-82
   3.930  0.5280E-84  0.1264E-82
   3.940  0.5280E-84  0.1264E-82
   3.950  0.5280E-84  0.1265E-82
   3.960  0.5280E-84  0.1266E-82
   3.970  0.5280E-84  0.1266E-82
   3.980  0.5280E-84  0.1267E-82
   3.990  0.5280E-84  0.1267E-82
   4.000  0.5280E-84  0.1268E-82
   4.010  0.5280E-84  0.1268E-82
   4.020  0.5280E-84  0.1269E-82
   4.030  0.5280E-84  0.1269E-82
   4.040  0.5280E-84  0.1270E-82
   4.050  0.5280E-84  0.1270E-82
   4.060  0.5280E-84  0.1271E-82
   4.070  0.5280E-84  0.1271E-82
   4.080  0.5280E-84  0.1272E-82
   4.090  0.5280E-84  0.1272E-82
   4.100  0.5280E-84  0.1273E-82
   4.110  0.5280E-84  0.1273E-82
   4.120  0.5280E-84  0.1274E-82
   4.130  0.5280E-84  0.1274E-82
   4.140  0.5280E-84  0.1275E-82
   4.150  0.5280E-84  0.1276E-82
   4.160  0.5280E-84  0.1276E-82
   4.170  0.5280E-84  0.1277E-82
   4.180  0.5280E-84  0.1277E-82
   4.190  0.5280E-84  0.1278E-82
   4.200  0.5280E-84  0.1278E-82
   4.210  0.5280E-84  0.1279E-82
   4.220  0.5280E-84  0.1279E-82
   4.230  0.5280E-84  0.1280E-82
   4.240  0.5280E-84  0.1280E-82
   4.250  0.5280E-84  0.1281E-82
   4.260  0.5280E-84  0.1281E-82
   4.270  0.5280E-84  0.1282E-82
   4.280  0.5280E-84  0.1282E-82
   4.290  0.5280E-84  0.1283E-82
   4.300  0.5280E-84  0.1283E-82
   4.310  0.5280E-84  0.1284E-82
   4.320  0.5280E-84  0.1285E-82
   4.330  0.5280E-84  0.1285E-82
   4.340  0.5280E-84  0.1286E-82
   4.350  0.5280E-84  0.1286E-82
   4.360  0.5280E-84  0.1287E-82
   4.370  0.5280E-84  0.1287E-82
   4.380  0.5280E-84  0.1288E-82
   4.390  0.5280E-84  0.1288E-82
   4.400  0.5280E-84  0.1289E-82
   4.410  0.5280E-84  0.1289E-82
   4.420  0.5280E-84  0.1290E-82
   4.430  0.5280E-84  0.1290E-82
   4.440  0.5280E-84  0.1291E-82
   4.450  0.5280E-84  0.1291E-82
   4.460  0.5280E-84  0.1292E-82
   4.470  0.5280E-84  0.1292E-82
   4.480  0.5280E-84  0.1293E-82
   4.490  0.5280E-84  0.1293E-82
   4.500  0.5280E-84  0.1294E-82
   4.510  0.5280E-84  0.1295E-82
   4.520  0.5280E-84  0.1295E-82
   4.530  0.5280E-84  0.1296E-82
   4.540  0.5280E-84  0.1296E-82
   4.550  0.5280E-84  0.1297E-82
   4.560  0.5280E-84  0.1297E-82
   4.570  0.5280E-84  0.1298E-82
   4.580  0.5280E-84  0.1298E-82
   4.590  0.5280E-84  0.1299E-82
   4.600  0.5280E-84  0.1299E-82
   4.610  0.5280E-84  0.1300E-82
   4.620  0.5280E-84  0.1300E-82
   4.630  0.5280E-84  0.1301E-82
   4.640  0.5280E-84  0.1301E-82
   4.650  0.5280E-84  0.1302E-82
   4.660  0.5280E-84  0.1302E-82
   4.670  0.5280E-84  0.1303E-82
   4.680  0.5280E-84  0.1304E-82
   4.690  0.5280E-84  0.1304E-82
   4.700  0.5280E-84  0.1305E-82
   4.710  0.5280E-84  0.1305E-82
   4.720  0.5280E-84  0.1306E-82
   4.730  0.5280E-84  0.1306E-82
   4.740  0.5280E-84  0.1307E-82
   4.750  0.5280E-84  0.1307E-82
   4.760  0.5280E-84  0.1308E-82
   4.770  0.5280E-84  0.1308E-82
   4.780  0.5280E-84  0.1309E-82
   4.790  0.5280E-84  0.1309E-82
   4.800  0.5280E-84  0.1310E-82
   4.810  0.5280E-84  0.1310E-82
   4.820  0.5280E-84  0.1311E-82
   4.830  0.5280E-84  0.1311E-82
   4.840  0.5280E-84  0.1312E-82
   4.850  0.5280E-84  0.1312E-82
   4.860  0.5280E-84  0.1313E-82
   4.870  0.5280E-84  0.1314E-82
   4.880  0.5280E-84  0.1314E-82
   4.890  0.5280E-84  0.1315E-82
   4.900  0.5280E-84  0.1315E-82
   4.910  0.5280E-84  0.1316E-82
   4.920  0.5280E-84  0.1316E-82
   4.930  0.5280E-84  0.1317E-82
   4.940  0.5280E-84  0.1317E-82
   4.950  0.5280E-84  0.1318E-82
   4.960  0.5280E-84  0.1318E-82
   4.970  0.5280E-84  0.1319E-82
   4.980  0.5280E-84  0.1319E-82
   4.990  0.5280E-84  0.1320E-82
   5.000  0.5280E-84  0.1320E-82
   5.010  0.5280E-84  0.1321E-82
   5.020  0.5280E-84  0.1321E-82
   5.030  0.5280E-84  0.1322E-82
   5.040  0.5280E-84  0.1323E-82
   5.050  0.5280E-84  0.1323E-82
   5.060  0.5280E-84  0.1324E-82
   5.070  0.5280E-84  0.1324E-82
   5.080  0.5280E-84  0.1325E-82
   5.090  0.5280E-84  0.1325E-82
   5.100  0.5280E-84  0.1326E-82
   5.110  0.5280E-84  0.1326E-82
   5.120  0.5280E-84  0.1327E-82
   5.130  0.5280E-84  0.1327E-82
   5.140  0.5280E-84  0.1328E-82
   5.150  0.5280E-84  0.1328E-82
   5.160  0.5280E-84  0.1329E-82
   5.170  0.5280E-84  0.1329E-82
   5.180  0.5280E-84  0.1330E-82
   5.190  0.5280E-84  0.1330E-82
   5.200  0.5280E-84  0.1331E-82
   5.210  0.5280E-84  0.1331E-82
   5.220  0.5280E-84  0.1332E-82
   5.230  0.5280E-84  0.1333E-82
   5.240  0.5280E-84  0.1333E-82
   5.250  0.5280E-84  0.1334E-82
   5.260  0.5280E-84  0.1334E-82
   5.270  0.5280E-84  0.1335E-82
   5.280  0.5280E-84  0.1335E-82
   5.290  0.5280E-84  0.1336E-82
   5.300  0.5280E-84  0.1336E-82
   5.310  0.5280E-84  0.1337E-82
   5.320  0.5280E-84  0.1337E-82
   5.330  0.5280E-84  0.1338E-82
   5.340  0.5280E-84  0.1338E-82
   5.350  0.5280E-84  0.1339E-82
   5.360  0.5280E-84  0.1339E-82
   5.370  0.5280E-84  0.1340E-82
   5.380  0.5280E-84  0.1340E-82
   5.390  0.5280E-84  0.1341E-82
   5.400  0.5280E-84  0.1342E-82
   5.410  0.5280E-84  0.1342E-82
   5.420  0.5280E-84  0.1343E-82
   5.430  0.5280E-84  0.1343E-82
   5.440  0.5280E-84  0.1344E-82
   5.450  0.5280E-84  0.1344E-82
   5.460  0.5280E-84  0.1345E-82
   5.470  0.5280E-84  0.1345E-82
   5.480  0.5280E-84  0.1346E-82
   5.490  0.5280E-84  0.1346E-82
   5.500  0.5280E-84  0.1347E-82
   5.510  0.5280E-84  0.1347E-82
   5.520  0.5280E-84  0.1348E-82
   5.530  0.5280E-84  0.1348E-82
   5.540  0.5280E-84  0.1349E-82
   5.550  0.5280E-84  0.1349E-82
   5.560  0.5280E-84  0.1350E-82
   5.570  0.5280E-84  0.1351E-82
   5.580  0.5280E-84  0.1351E-82
   5.590  0.5280E-84  0.1352E-82
   5.600  0.5280E-84  0.1352E-82
   5.610  0.5280E-84  0.1353E-82
   5.620  0.5280E-84  0.1353E-82
   5.630  0.5280E-84  0.1354E-82
   5.640  0.5280E-84  0.1354E-82
   5.650  0.5280E-84  0.1355E-82
   5.660  0.5280E-84  0.1355E-82
   5.670  0.5280E-84  0.1356E-82
   5.680  0.5280E-84  0.1356E-82
   5.690  0.5280E-84  0.1357E-82
   5.700  0.5280E-84  0.1357E-82
   5.710  0.5280E-84  0.1358E-82
   5.720  0.5280E-84  0.1358E-82
   5.730  0.5280E-84  0.1359E-82
   5.740  0.5280E-84  0.1359E-82
   5.750  0.5280E-84  0.1360E-82
   5.760  0.5280E-84  0.1361E-82
   5.770  0.5283E-84  0.1361E-82
   5.780  0.5304E-84  0.1362E-82
   5.790  0.5467E-84  0.1362E-82
   5.800  0.6704E-84  0.1363E-82
   5.810  0.1598E-83  0.1364E-82
   5.820  0.8480E-83  0.1373E-82
   5.830  0.5898E-82  0.1432E-82
   5.840  0.4255E-81  0.1857E-82
   5.850  0.3058E-80  0.4915E-82
   5.860  0.2176E-79  0.2667E-81
   5.870  0.1531E-78  0.1798E-80
   5.880  0.1067E-77  0.1246E-79
   5.890  0.7347E-77  0.8594E-79
   5.900  0.5007E-76  0.5867E-78
   5.910  0.3376E-75  0.3963E-77
   5.920  0.2252E-74  0.2648E-76
   5.930  0.1486E-73  0.1750E-75
   5.940  0.9696E-73  0.1145E-74
   5.950  0.6260E-72  0.7405E-74
   5.960  0.3999E-71  0.4739E-73
   5.970  0.2527E-70  0.3001E-72
   5.980  0.1579E-69  0.1880E-71
   5.990  0.9767E-69  0.1165E-70
   6.000  0.5975E-68  0.7139E-70
   6.010  0.3616E-67  0.4330E-69
   6.020  0.2165E-66  0.2597E-68
   6.030  0.1282E-65  0.1542E-67
   6.040  0.7510E-65  0.9052E-67
   6.050  0.4353E-64  0.5258E-66
   6.060  0.2496E-63  0.3021E-65
   6.070  0.1415E-62  0.1718E-64
   6.080  0.7942E-62  0.9660E-64
   6.090  0.4408E-61  0.5374E-63
   6.100  0.2421E-60  0.2958E-62
   6.110  0.1315E-59  0.1611E-61
   6.120  0.7066E-59  0.8676E-61
   6.130  0.3756E-58  0.4624E-60
   6.140  0.1975E-57  0.2438E-59
   6.150  0.1028E-56  0.1271E-58
   6.160  0.5289E-56  0.6560E-58
   6.170  0.2693E-55  0.3349E-57
   6.180  0.1356E-54  0.1691E-56
   6.190  0.6757E-54  0.8448E-56
   6.200  0.3330E-53  0.4175E-55
   6.210  0.1624E-52  0.2041E-54
   6.220  0.7833E-52  0.9875E-54
   6.230  0.3738E-51  0.4725E-53
   6.240  0.1765E-50  0.2237E-52
   6.250  0.8240E-50  0.1048E-51
   6.260  0.3807E-49  0.4855E-51
   6.270  0.1740E-48  0.2225E-50
   6.280  0.7866E-48  0.1009E-49
   6.290  0.3518E-47  0.4527E-49
   6.300  0.1557E-46  0.2009E-48
   6.310  0.6813E-46  0.8823E-48
   6.320  0.2950E-45  0.3833E-47
   6.330  0.1264E-44  0.1647E-46
   6.340  0.5356E-44  0.7003E-46
   6.350  0.2245E-43  0.2945E-45
   6.360  0.9311E-43  0.1226E-44
   6.370  0.3820E-42  0.5046E-44
   6.380  0.1550E-41  0.2055E-43
   6.390  0.6225E-41  0.8280E-43
   6.400  0.2473E-40  0.3301E-42
   6.410  0.9716E-40  0.1302E-41
   6.420  0.3777E-39  0.5079E-41
   6.430  0.1453E-38  0.1960E-40
   6.440  0.5526E-38  0.7486E-40
   6.450  0.2080E-37  0.2828E-39
   6.460  0.7743E-37  0.1057E-38
   6.470  0.2852E-36  0.3909E-38
   6.480  0.1039E-35  0.1430E-37
   6.490  0.3746E-35  0.5177E-37
   6.500  0.1336E-34  0.1854E-36
   6.510  0.4714E-34  0.6567E-36
   6.520  0.1645E-33  0.2302E-35
   6.530  0.5680E-33  0.7982E-35
   6.540  0.1940E-32  0.2739E-34
   6.550  0.6557E-32  0.9296E-34
   6.560  0.2192E-31  0.3122E-33
   6.570  0.7250E-31  0.1037E-32
   6.580  0.2372E-30  0.3409E-32
   6.590  0.7678E-30  0.1109E-31
   6.600  0.2459E-29  0.3568E-31
   6.610  0.7790E-29  0.1136E-30
   6.620  0.2442E-28  0.3577E-30
   6.630  0.7571E-28  0.1115E-29
   6.640  0.2322E-27  0.3437E-29
   6.650  0.7048E-27  0.1049E-28
   6.660  0.2116E-26  0.3165E-28
   6.670  0.6286E-26  0.9451E-28
   6.680  0.1847E-25  0.2792E-27
   6.690  0.5371E-25  0.8163E-27
   6.700  0.1545E-24  0.2361E-26
   6.710  0.4396E-24  0.6757E-26
   6.720  0.1238E-23  0.1913E-25
   6.730  0.3448E-23  0.5361E-25
   6.740  0.9501E-23  0.1486E-24
   6.750  0.2590E-22  0.4077E-24
   6.760  0.6988E-22  0.1106E-23
   6.770  0.1865E-21  0.2971E-23
   6.780  0.4924E-21  0.7896E-23
   6.790  0.1287E-20  0.2076E-22
   6.800  0.3325E-20  0.5401E-22
   6.810  0.8504E-20  0.1391E-21
   6.820  0.2152E-19  0.3542E-21
   6.830  0.5387E-19  0.8930E-21
   6.840  0.1334E-18  0.2227E-20
   6.850  0.3271E-18  0.5498E-20
   6.860  0.7931E-18  0.1343E-19
   6.870  0.1903E-17  0.3246E-19
   6.880  0.4518E-17  0.7764E-19
   6.890  0.1061E-16  0.1838E-18
   6.900  0.2467E-16  0.4305E-18
   6.910  0.5674E-16  0.9979E-18
   6.920  0.1291E-15  0.2289E-17
   6.930  0.2908E-15  0.5198E-17
   6.940  0.6481E-15  0.1168E-16
   6.950  0.1429E-14  0.2597E-16
   6.960  0.3119E-14  0.5716E-16
   6.970  0.6734E-14  0.1245E-15
   6.980  0.1439E-13  0.2684E-15
   6.990  0.3043E-13  0.5727E-15
   7.000  0.6368E-13  0.1209E-14
   7.010  0.1319E-12  0.2528E-14
   7.020  0.2703E-12  0.5231E-14
   7.030  0.5482E-12  0.1071E-13
   7.040  0.1100E-11  0.2172E-13
   7.050  0.2186E-11  0.4358E-13
   7.060  0.4299E-11  0.8657E-13
   7.070  0.8367E-11  0.1702E-12
   7.080  0.1612E-10  0.3314E-12
   7.090  0.3073E-10  0.6387E-12
   7.100  0.5799E-10  0.1219E-11
   7.110  0.1083E-09  0.2302E-11
   7.120  0.2003E-09  0.4304E-11
   7.130  0.3665E-09  0.7970E-11
   7.140  0.6641E-09  0.1461E-10
   7.150  0.1191E-08  0.2652E-10
   7.160  0.2115E-08  0.4767E-10
   7.170  0.3717E-08  0.8484E-10
   7.180  0.6469E-08  0.1495E-09
   7.190  0.1114E-07  0.2610E-09
   7.200  0.1901E-07  0.4511E-09
   7.210  0.3210E-07  0.7721E-09
   7.220  0.5368E-07  0.1309E-08
   7.230  0.8888E-07  0.2198E-08
   7.240  0.1457E-06  0.3655E-08
   7.250  0.2366E-06  0.6021E-08
   7.260  0.3803E-06  0.9823E-08
   7.270  0.6054E-06  0.1588E-07
   7.280  0.9544E-06  0.2542E-07
   7.290  0.1490E-05  0.4032E-07
   7.300  0.2304E-05  0.6336E-07
   7.310  0.3528E-05  0.9864E-07
   7.320  0.5351E-05  0.1522E-06
   7.330  0.8039E-05  0.2326E-06
   7.340  0.1196E-04  0.3522E-06
   7.350  0.1763E-04  0.5285E-06
   7.360  0.2574E-04  0.7860E-06
   7.370  0.3724E-04  0.1158E-05
   7.380  0.5335E-04  0.1692E-05
   7.390  0.7573E-04  0.2449E-05
   7.400  0.1065E-03  0.3514E-05
   7.410  0.1484E-03  0.4998E-05
   7.420  0.2048E-03  0.7045E-05
   7.430  0.2801E-03  0.9846E-05
   7.440  0.3795E-03  0.1364E-04
   7.450  0.5096E-03  0.1874E-04
   7.460  0.6781E-03  0.2552E-04
   7.470  0.8941E-03  0.3446E-04
   7.480  0.1168E-02  0.4614E-04
   7.490  0.1513E-02  0.6127E-04
   7.500  0.1942E-02  0.8069E-04
   7.510  0.2470E-02  0.1054E-03
   7.520  0.3115E-02  0.1365E-03
   7.530  0.3893E-02  0.1755E-03
   7.540  0.4824E-02  0.2237E-03
   7.550  0.5925E-02  0.2830E-03
   7.560  0.7216E-02  0.3551E-03
   7.570  0.8714E-02  0.4423E-03
   7.580  0.1044E-01  0.5466E-03
   7.590  0.1239E-01  0.6706E-03
   7.600  0.1460E-01  0.8166E-03
   7.610  0.1706E-01  0.9872E-03
   7.620  0.1979E-01  0.1185E-02
   7.630  0.2277E-01  0.1413E-02
   7.640  0.2600E-01  0.1673E-02
   7.650  0.2948E-01  0.1968E-02
   7.660  0.3320E-01  0.2300E-02
   7.670  0.3712E-01  0.2671E-02
   7.680  0.4124E-01  0.3083E-02
   7.690  0.4553E-01  0.3539E-02
   7.700  0.4998E-01  0.4038E-02
   7.710  0.5455E-01  0.4584E-02
   7.720  0.5922E-01  0.5176E-02
   7.730  0.6398E-01  0.5816E-02
   7.740  0.6880E-01  0.6504E-02
   7.750  0.7367E-01  0.7241E-02
   7.760  0.7858E-01  0.8026E-02
   7.770  0.8349E-01  0.8861E-02
   7.780  0.8841E-01  0.9745E-02
   7.790  0.9332E-01  0.1068E-01
   7.800  0.9819E-01  0.1166E-01
   7.810  0.1030E+00  0.1269E-01
   7.820  0.1078E+00  0.1377E-01
   7.830  0.1124E+00  0.1489E-01
   7.840  0.1170E+00  0.1606E-01
   7.850  0.1213E+00  0.1728E-01
   7.860  0.1255E+00  0.1853E-01
   7.870  0.1295E+00  0.1983E-01
   7.880  0.1333E+00  0.2116E-01
   7.890  0.1368E+00  0.2253E-01
   7.900  0.1401E+00  0.2393E-01
   7.910  0.1431E+00  0.2536E-01
   7.920  0.1459E+00  0.2682E-01
   7.930  0.1485E+00  0.2830E-01
   7.940  0.1510E+00  0.2981E-01
   7.950  0.1533E+00  0.3135E-01
   7.960  0.1555E+00  0.3290E-01
   7.970  0.1578E+00  0.3448E-01
   7.980  0.1601E+00  0.3608E-01
   7.990  0.1626E+00  0.3771E-01
   8.000  0.1651E+00  0.3936E-01
   8.010  0.1679E+00  0.4104E-01
   8.020  0.1709E+00  0.4275E-01
   8.030  0.1741E+00  0.4449E-01
   8.040  0.1775E+00  0.4626E-01
   8.050  0.1811E+00  0.4807E-01
   8.060  0.1848E+00  0.4992E-01
   8.070  0.1886E+00  0.5181E-01
   8.080  0.1924E+00  0.5373E-01
   8.090  0.1962E+00  0.5569E-01
   8.100  0.1998E+00  0.5769E-01
   8.110  0.2033E+00  0.5973E-01
   8.120  0.2066E+00  0.6179E-01
   8.130  0.2097E+00  0.6389E-01
   8.140  0.2124E+00  0.6601E-01
   8.150  0.2150E+00  0.6816E-01
   8.160  0.2172E+00  0.7034E-01
   8.170  0.2193E+00  0.7253E-01
   8.180  0.2211E+00  0.7474E-01
   8.190  0.2227E+00  0.7697E-01
   8.200  0.2242E+00  0.7921E-01
   8.210  0.2255E+00  0.8146E-01
   8.220  0.2267E+00  0.8373E-01
   8.230  0.2278E+00  0.8601E-01
   8.240  0.2288E+00  0.8830E-01
   8.250  0.2298E+00  0.9059E-01
   8.260  0.2307E+00  0.9290E-01
   8.270  0.2316E+00  0.9522E-01
   8.280  0.2324E+00  0.9754E-01
   8.290  0.2332E+00  0.9987E-01
   8.300  0.2339E+00  0.1022E+00
   8.310  0.2348E+00  0.1046E+00
   8.320  0.2357E+00  0.1069E+00
   8.330  0.2367E+00  0.1093E+00
   8.340  0.2379E+00  0.1117E+00
   8.350  0.2394E+00  0.1141E+00
   8.360  0.2412E+00  0.1165E+00
   8.370  0.2433E+00  0.1189E+00
   8.380  0.2459E+00  0.1214E+00
   8.390  0.2489E+00  0.1238E+00
   8.400  0.2524E+00  0.1264E+00
   8.410  0.2563E+00  0.1289E+00
   8.420  0.2607E+00  0.1315E+00
   8.430  0.2654E+00  0.1342E+00
   8.440  0.2703E+00  0.1369E+00
   8.450  0.2755E+00  0.1397E+00
   8.460  0.2807E+00  0.1425E+00
   8.470  0.2859E+00  0.1453E+00
   8.480  0.2909E+00  0.1482E+00
   8.490  0.2956E+00  0.1512E+00
   8.500  0.3000E+00  0.1542E+00
   8.510  0.3040E+00  0.1572E+00
   8.520  0.3074E+00  0.1603E+00
   8.530  0.3103E+00  0.1634E+00
   8.540  0.3125E+00  0.1665E+00
   8.550  0.3141E+00  0.1697E+00
   8.560  0.3150E+00  0.1728E+00
   8.570  0.3153E+00  0.1760E+00
   8.580  0.3149E+00  0.1791E+00
   8.590  0.3139E+00  0.1823E+00
   8.600  0.3124E+00  0.1854E+00
   8.610  0.3104E+00  0.1885E+00
   8.620  0.3079E+00  0.1916E+00
   8.630  0.3051E+00  0.1946E+00
   8.640  0.3021E+00  0.1976E+00
   8.650  0.2989E+00  0.2006E+00
   8.660  0.2958E+00  0.2036E+00
   8.670  0.2929E+00  0.2065E+00
   8.680  0.2903E+00  0.2094E+00
   8.690  0.2882E+00  0.2123E+00
   8.700  0.2867E+00  0.2152E+00
   8.710  0.2860E+00  0.2180E+00
   8.720  0.2862E+00  0.2209E+00
   8.730  0.2874E+00  0.2238E+00
   8.740  0.2896E+00  0.2267E+00
   8.750  0.2929E+00  0.2296E+00
   8.760  0.2973E+00  0.2326E+00
   8.770  0.3027E+00  0.2356E+00
   8.780  0.3089E+00  0.2387E+00
   8.790  0.3159E+00  0.2418E+00
   8.800  0.3235E+00  0.2451E+00
   8.810  0.3315E+00  0.2484E+00
   8.820  0.3397E+00  0.2518E+00
   8.830  0.3478E+00  0.2553E+00
   8.840  0.3558E+00  0.2588E+00
   8.850  0.3634E+00  0.2625E+00
   8.860  0.3705E+00  0.2662E+00
   8.870  0.3769E+00  0.2699E+00
   8.880  0.3825E+00  0.2738E+00
   8.890  0.3873E+00  0.2776E+00
   8.900  0.3912E+00  0.2815E+00
   8.910  0.3942E+00  0.2855E+00
   8.920  0.3963E+00  0.2894E+00
   8.930  0.3976E+00  0.2934E+00
   8.940  0.3981E+00  0.2974E+00
   8.950  0.3978E+00  0.3014E+00
   8.960  0.3968E+00  0.3053E+00
   8.970  0.3952E+00  0.3093E+00
   8.980  0.3930E+00  0.3132E+00
   8.990  0.3902E+00  0.3171E+00
   9.000  0.3871E+00  0.3210E+00
   9.010  0.3836E+00  0.3248E+00
   9.020  0.3799E+00  0.3286E+00
   9.030  0.3761E+00  0.3324E+00
   9.040  0.3722E+00  0.3361E+00
   9.050  0.3686E+00  0.3398E+00
   9.060  0.3652E+00  0.3435E+00
   9.070  0.3623E+00  0.3471E+00
   9.080  0.3600E+00  0.3507E+00
   9.090  0.3584E+00  0.3543E+00
   9.100  0.3576E+00  0.3578E+00
   9.110  0.3578E+00  0.3614E+00
   9.120  0.3589E+00  0.3650E+00
   9.130  0.3609E+00  0.3686E+00
   9.140  0.3639E+00  0.3723E+00
   9.150  0.3677E+00  0.3759E+00
   9.160  0.3723E+00  0.3797E+00
   9.170  0.3775E+00  0.3834E+00
   9.180  0.3830E+00  0.3873E+00
   9.190  0.3889E+00  0.3911E+00
   9.200  0.3948E+00  0.3951E+00
   9.210  0.4005E+00  0.3991E+00
   9.220  0.4060E+00  0.4032E+00
   9.230  0.4110E+00  0.4073E+00
   9.240  0.4155E+00  0.4114E+00
   9.250  0.4194E+00  0.4156E+00
   9.260  0.4227E+00  0.4198E+00
   9.270  0.4252E+00  0.4241E+00
   9.280  0.4271E+00  0.4284E+00
   9.290  0.4285E+00  0.4327E+00
   9.300  0.4293E+00  0.4369E+00
   9.310  0.4297E+00  0.4412E+00
   9.320  0.4299E+00  0.4455E+00
   9.330  0.4299E+00  0.4498E+00
   9.340  0.4299E+00  0.4541E+00
   9.350  0.4301E+00  0.4584E+00
   9.360  0.4305E+00  0.4627E+00
   9.370  0.4313E+00  0.4671E+00
   9.380  0.4326E+00  0.4714E+00
   9.390  0.4344E+00  0.4757E+00
   9.400  0.4369E+00  0.4801E+00
   9.410  0.4401E+00  0.4845E+00
   9.420  0.4439E+00  0.4889E+00
   9.430  0.4484E+00  0.4934E+00
   9.440  0.4535E+00  0.4980E+00
   9.450  0.4590E+00  0.5025E+00
   9.460  0.4649E+00  0.5072E+00
   9.470  0.4711E+00  0.5119E+00
   9.480  0.4773E+00  0.5167E+00
   9.490  0.4834E+00  0.5215E+00
   9.500  0.4892E+00  0.5264E+00
   9.510  0.4945E+00  0.5313E+00
   9.520  0.4992E+00  0.5363E+00
   9.530  0.5031E+00  0.5414E+00
   9.540  0.5062E+00  0.5464E+00
   9.550  0.5083E+00  0.5515E+00
   9.560  0.5094E+00  0.5566E+00
   9.570  0.5095E+00  0.5617E+00
   9.580  0.5087E+00  0.5668E+00
   9.590  0.5069E+00  0.5719E+00
   9.600  0.5043E+00  0.5769E+00
   9.610  0.5010E+00  0.5819E+00
   9.620  0.4971E+00  0.5869E+00
   9.630  0.4926E+00  0.5918E+00
   9.640  0.4878E+00  0.5967E+00
   9.650  0.4826E+00  0.6015E+00
   9.660  0.4773E+00  0.6063E+00
   9.670  0.4719E+00  0.6110E+00
   9.680  0.4665E+00  0.6157E+00
   9.690  0.4613E+00  0.6203E+00
   9.700  0.4564E+00  0.6248E+00
   9.710  0.4519E+00  0.6294E+00
   9.720  0.4480E+00  0.6338E+00
   9.730  0.4447E+00  0.6383E+00
   9.740  0.4423E+00  0.6427E+00
   9.750  0.4409E+00  0.6471E+00
   9.760  0.4407E+00  0.6515E+00
   9.770  0.4416E+00  0.6559E+00
   9.780  0.4438E+00  0.6604E+00
   9.790  0.4474E+00  0.6649E+00
   9.800  0.4523E+00  0.6694E+00
   9.810  0.4586E+00  0.6740E+00
   9.820  0.4661E+00  0.6786E+00
   9.830  0.4747E+00  0.6834E+00
   9.840  0.4843E+00  0.6882E+00
   9.850  0.4947E+00  0.6932E+00
   9.860  0.5058E+00  0.6982E+00
   9.870  0.5173E+00  0.7034E+00
   9.880  0.5289E+00  0.7087E+00
   9.890  0.5406E+00  0.7141E+00
   9.900  0.5522E+00  0.7196E+00
   9.910  0.5634E+00  0.7252E+00
   9.920  0.5741E+00  0.7310E+00
   9.930  0.5843E+00  0.7368E+00
   9.940  0.5937E+00  0.7428E+00
   9.950  0.6023E+00  0.7488E+00
   9.960  0.6100E+00  0.7549E+00
   9.970  0.6168E+00  0.7611E+00
   9.980  0.6225E+00  0.7673E+00
   9.990  0.6271E+00  0.7736E+00
  10.000  0.6305E+00  0.7799E+00
  10.010  0.6328E+00  0.7862E+00
  10.020  0.6338E+00  0.7925E+00
  10.030  0.6336E+00  0.7989E+00
  10.040  0.6321E+00  0.8052E+00
  10.050  0.6295E+00  0.8115E+00
  10.060  0.6258E+00  0.8177E+00
  10.070  0.6210E+00  0.8239E+00
  10.080  0.6153E+00  0.8301E+00
  10.090  0.6089E+00  0.8362E+00
  10.100  0.6019E+00  0.8422E+00
  10.110  0.5945E+00  0.8482E+00
  10.120  0.5871E+00  0.8540E+00
  10.130  0.5796E+00  0.8598E+00
  10.140  0.5725E+00  0.8655E+00
  10.150  0.5658E+00  0.8712E+00
  10.160  0.5598E+00  0.8768E+00
  10.170  0.5546E+00  0.8823E+00
  10.180  0.5503E+00  0.8879E+00
  10.190  0.5470E+00  0.8933E+00
  10.200  0.5447E+00  0.8988E+00
  10.210  0.5435E+00  0.9042E+00
  10.220  0.5433E+00  0.9096E+00
  10.230  0.5442E+00  0.9151E+00
  10.240  0.5459E+00  0.9205E+00
  10.250  0.5486E+00  0.9260E+00
  10.260  0.5519E+00  0.9315E+00
  10.270  0.5560E+00  0.9371E+00
  10.280  0.5606E+00  0.9427E+00
  10.290  0.5656E+00  0.9484E+00
  10.300  0.5710E+00  0.9541E+00
  10.310  0.5768E+00  0.9598E+00
  10.320  0.5828E+00  0.9657E+00
  10.330  0.5890E+00  0.9716E+00
  10.340  0.5955E+00  0.9775E+00
  10.350  0.6023E+00  0.9835E+00
  10.360  0.6093E+00  0.9896E+00
  10.370  0.6167E+00  0.9958E+00
  10.380  0.6244E+00  0.1002E+01
  10.390  0.6325E+00  0.1008E+01
  10.400  0.6410E+00  0.1015E+01
  10.410  0.6498E+00  0.1021E+01
  10.420  0.6591E+00  0.1028E+01
  10.430  0.6686E+00  0.1035E+01
  10.440  0.6784E+00  0.1041E+01
  10.450  0.6883E+00  0.1048E+01
  10.460  0.6980E+00  0.1055E+01
  10.470  0.7075E+00  0.1062E+01
  10.480  0.7166E+00  0.1069E+01
  10.490  0.7250E+00  0.1077E+01
  10.500  0.7324E+00  0.1084E+01
  10.510  0.7388E+00  0.1091E+01
  10.520  0.7438E+00  0.1099E+01
  10.530  0.7474E+00  0.1106E+01
  10.540  0.7495E+00  0.1114E+01
  10.550  0.7499E+00  0.1121E+01
  10.560  0.7487E+00  0.1129E+01
  10.570  0.7458E+00  0.1136E+01
  10.580  0.7415E+00  0.1144E+01
  10.590  0.7359E+00  0.1151E+01
  10.600  0.7293E+00  0.1158E+01
  10.610  0.7218E+00  0.1166E+01
  10.620  0.7140E+00  0.1173E+01
  10.630  0.7060E+00  0.1180E+01
  10.640  0.6985E+00  0.1187E+01
  10.650  0.6916E+00  0.1194E+01
  10.660  0.6860E+00  0.1200E+01
  10.670  0.6818E+00  0.1207E+01
  10.680  0.6795E+00  0.1214E+01
  10.690  0.6792E+00  0.1221E+01
  10.700  0.6812E+00  0.1228E+01
  10.710  0.6854E+00  0.1235E+01
  10.720  0.6918E+00  0.1241E+01
  10.730  0.7004E+00  0.1248E+01
  10.740  0.7107E+00  0.1256E+01
  10.750  0.7225E+00  0.1263E+01
  10.760  0.7354E+00  0.1270E+01
  10.770  0.7488E+00  0.1278E+01
  10.780  0.7623E+00  0.1285E+01
  10.790  0.7754E+00  0.1293E+01
  10.800  0.7875E+00  0.1301E+01
  10.810  0.7983E+00  0.1309E+01
  10.820  0.8073E+00  0.1317E+01
  10.830  0.8144E+00  0.1325E+01
  10.840  0.8193E+00  0.1333E+01
  10.850  0.8221E+00  0.1342E+01
  10.860  0.8228E+00  0.1350E+01
  10.870  0.8215E+00  0.1358E+01
  10.880  0.8187E+00  0.1366E+01
  10.890  0.8146E+00  0.1374E+01
  10.900  0.8096E+00  0.1382E+01
  10.910  0.8042E+00  0.1390E+01
  10.920  0.7989E+00  0.1398E+01
  10.930  0.7940E+00  0.1406E+01
  10.940  0.7900E+00  0.1414E+01
  10.950  0.7872E+00  0.1422E+01
  10.960  0.7858E+00  0.1430E+01
  10.970  0.7860E+00  0.1438E+01
  10.980  0.7879E+00  0.1446E+01
  10.990  0.7915E+00  0.1454E+01
  11.000  0.7967E+00  0.1462E+01
  11.010  0.8033E+00  0.1470E+01
  11.020  0.8111E+00  0.1478E+01
  11.030  0.8199E+00  0.1486E+01
  11.040  0.8294E+00  0.1494E+01
  11.050  0.8394E+00  0.1503E+01
  11.060  0.8496E+00  0.1511E+01
  11.070  0.8597E+00  0.1520E+01
  11.080  0.8697E+00  0.1528E+01
  11.090  0.8794E+00  0.1537E+01
  11.100  0.8887E+00  0.1546E+01
  11.110  0.8976E+00  0.1555E+01
  11.120  0.9062E+00  0.1564E+01
  11.130  0.9145E+00  0.1573E+01
  11.140  0.9225E+00  0.1583E+01
  11.150  0.9305E+00  0.1592E+01
  11.160  0.9384E+00  0.1601E+01
  11.170  0.9464E+00  0.1611E+01
  11.180  0.9546E+00  0.1620E+01
  11.190  0.9630E+00  0.1630E+01
  11.200  0.9717E+00  0.1640E+01
  11.210  0.9807E+00  0.1649E+01
  11.220  0.9899E+00  0.1659E+01
  11.230  0.9993E+00  0.1669E+01
  11.240  0.1009E+01  0.1679E+01
  11.250  0.1018E+01  0.1690E+01
  11.260  0.1028E+01  0.1700E+01
  11.270  0.1037E+01  0.1710E+01
  11.280  0.1045E+01  0.1721E+01
  11.290  0.1053E+01  0.1731E+01
  11.300  0.1060E+01  0.1742E+01
  11.310  0.1067E+01  0.1752E+01
  11.320  0.1072E+01  0.1763E+01
  11.330  0.1076E+01  0.1774E+01
  11.340  0.1079E+01  0.1785E+01
  11.350  0.1080E+01  0.1796E+01
  11.360  0.1080E+01  0.1806E+01
  11.370  0.1079E+01  0.1817E+01
  11.380  0.1077E+01  0.1828E+01
  11.390  0.1074E+01  0.1839E+01
  11.400  0.1070E+01  0.1849E+01
  11.410  0.1066E+01  0.1860E+01
  11.420  0.1061E+01  0.1871E+01
  11.430  0.1057E+01  0.1881E+01
  11.440  0.1053E+01  0.1892E+01
  11.450  0.1051E+01  0.1902E+01
  11.460  0.1050E+01  0.1913E+01
  11.470  0.1051E+01  0.1923E+01
  11.480  0.1054E+01  0.1934E+01
  11.490  0.1059E+01  0.1944E+01
  11.500  0.1068E+01  0.1955E+01
  11.510  0.1079E+01  0.1966E+01
  11.520  0.1093E+01  0.1977E+01
  11.530  0.1110E+01  0.1988E+01
  11.540  0.1130E+01  0.1999E+01
  11.550  0.1152E+01  0.2011E+01
  11.560  0.1176E+01  0.2022E+01
  11.570  0.1202E+01  0.2034E+01
  11.580  0.1230E+01  0.2047E+01
  11.590  0.1259E+01  0.2059E+01
  11.600  0.1288E+01  0.2072E+01
  11.610  0.1317E+01  0.2085E+01
  11.620  0.1345E+01  0.2099E+01
  11.630  0.1373E+01  0.2113E+01
  11.640  0.1399E+01  0.2127E+01
  11.650  0.1424E+01  0.2141E+01
  11.660  0.1447E+01  0.2155E+01
  11.670  0.1468E+01  0.2170E+01
  11.680  0.1487E+01  0.2185E+01
  11.690  0.1504E+01  0.2200E+01
  11.700  0.1519E+01  0.2215E+01
  11.710  0.1532E+01  0.2230E+01
  11.720  0.1544E+01  0.2246E+01
  11.730  0.1554E+01  0.2261E+01
  11.740  0.1563E+01  0.2277E+01
  11.750  0.1571E+01  0.2293E+01
  11.760  0.1579E+01  0.2308E+01
  11.770  0.1587E+01  0.2324E+01
  11.780  0.1596E+01  0.2340E+01
  11.790  0.1605E+01  0.2356E+01
  11.800  0.1615E+01  0.2373E+01
  11.810  0.1626E+01  0.2389E+01
  11.820  0.1640E+01  0.2405E+01
  11.830  0.1656E+01  0.2422E+01
  11.840  0.1674E+01  0.2438E+01
  11.850  0.1695E+01  0.2455E+01
  11.860  0.1720E+01  0.2473E+01
  11.870  0.1748E+01  0.2490E+01
  11.880  0.1779E+01  0.2508E+01
  11.890  0.1815E+01  0.2526E+01
  11.900  0.1854E+01  0.2545E+01
  11.910  0.1898E+01  0.2564E+01
  11.920  0.1945E+01  0.2583E+01
  11.930  0.1997E+01  0.2603E+01
  11.940  0.2051E+01  0.2623E+01
  11.950  0.2109E+01  0.2645E+01
  11.960  0.2170E+01  0.2666E+01
  11.970  0.2232E+01  0.2689E+01
  11.980  0.2296E+01  0.2712E+01
  11.990  0.2361E+01  0.2735E+01
  12.000  0.2426E+01  0.2759E+01
  12.010  0.2490E+01  0.2784E+01
  12.020  0.2554E+01  0.2810E+01
  12.030  0.2615E+01  0.2836E+01
  12.040  0.2675E+01  0.2863E+01
  12.050  0.2732E+01  0.2890E+01
  12.060  0.2787E+01  0.2918E+01
  12.070  0.2839E+01  0.2946E+01
  12.080  0.2889E+01  0.2975E+01
  12.090  0.2936E+01  0.3005E+01
  12.100  0.2982E+01  0.3034E+01
  12.110  0.3027E+01  0.3065E+01
  12.120  0.3071E+01  0.3095E+01
  12.130  0.3115E+01  0.3127E+01
  12.140  0.3160E+01  0.3158E+01
  12.150  0.3207E+01  0.3190E+01
  12.160  0.3256E+01  0.3223E+01
  12.170  0.3308E+01  0.3256E+01
  12.180  0.3363E+01  0.3289E+01
  12.190  0.3421E+01  0.3324E+01
  12.200  0.3483E+01  0.3359E+01
  12.210  0.3549E+01  0.3394E+01
  12.220  0.3617E+01  0.3430E+01
  12.230  0.3688E+01  0.3467E+01
  12.240  0.3761E+01  0.3505E+01
  12.250  0.3835E+01  0.3543E+01
  12.260  0.3909E+01  0.3582E+01
  12.270  0.3982E+01  0.3622E+01
  12.280  0.4053E+01  0.3662E+01
  12.290  0.4121E+01  0.3704E+01
  12.300  0.4186E+01  0.3746E+01
  12.310  0.4247E+01  0.3788E+01
  12.320  0.4302E+01  0.3831E+01
  12.330  0.4352E+01  0.3875E+01
  12.340  0.4397E+01  0.3919E+01
  12.350  0.4437E+01  0.3963E+01
  12.360  0.4472E+01  0.4008E+01
  12.370  0.4501E+01  0.4053E+01
  12.380  0.4527E+01  0.4098E+01
  12.390  0.4549E+01  0.4143E+01
  12.400  0.4568E+01  0.4189E+01
  12.410  0.4586E+01  0.4235E+01
  12.420  0.4601E+01  0.4281E+01
  12.430  0.4617E+01  0.4327E+01
  12.440  0.4631E+01  0.4373E+01
  12.450  0.4647E+01  0.4420E+01
  12.460  0.4662E+01  0.4467E+01
  12.470  0.4679E+01  0.4513E+01
  12.480  0.4697E+01  0.4560E+01
  12.490  0.4716E+01  0.4607E+01
  12.500  0.4735E+01  0.4655E+01
  12.510  0.4756E+01  0.4702E+01
  12.520  0.4778E+01  0.4750E+01
  12.530  0.4802E+01  0.4798E+01
  12.540  0.4826E+01  0.4846E+01
  12.550  0.4851E+01  0.4895E+01
  12.560  0.4878E+01  0.4944E+01
  12.570  0.4907E+01  0.4993E+01
  12.580  0.4938E+01  0.5042E+01
  12.590  0.4972E+01  0.5092E+01
  12.600  0.5010E+01  0.5142E+01
  12.610  0.5051E+01  0.5192E+01
  12.620  0.5098E+01  0.5243E+01
  12.630  0.5149E+01  0.5295E+01
  12.640  0.5206E+01  0.5347E+01
  12.650  0.5270E+01  0.5400E+01
  12.660  0.5339E+01  0.5453E+01
  12.670  0.5415E+01  0.5507E+01
  12.680  0.5497E+01  0.5562E+01
  12.690  0.5586E+01  0.5618E+01
  12.700  0.5680E+01  0.5675E+01
  12.710  0.5779E+01  0.5733E+01
  12.720  0.5883E+01  0.5791E+01
  12.730  0.5990E+01  0.5851E+01
  12.740  0.6102E+01  0.5912E+01
  12.750  0.6216E+01  0.5975E+01
  12.760  0.6333E+01  0.6038E+01
  12.770  0.6452E+01  0.6102E+01
  12.780  0.6572E+01  0.6168E+01
  12.790  0.6694E+01  0.6235E+01
  12.800  0.6816E+01  0.6303E+01
  12.810  0.6939E+01  0.6373E+01
  12.820  0.7062E+01  0.6443E+01
  12.830  0.7186E+01  0.6515E+01
  12.840  0.7309E+01  0.6588E+01
  12.850  0.7432E+01  0.6663E+01
  12.860  0.7554E+01  0.6738E+01
  12.870  0.7675E+01  0.6815E+01
  12.880  0.7793E+01  0.6893E+01
  12.890  0.7910E+01  0.6972E+01
  12.900  0.8023E+01  0.7052E+01
  12.910  0.8132E+01  0.7133E+01
  12.920  0.8238E+01  0.7216E+01
  12.930  0.8338E+01  0.7299E+01
  12.940  0.8433E+01  0.7383E+01
  12.950  0.8522E+01  0.7469E+01
  12.960  0.8604E+01  0.7555E+01
  12.970  0.8679E+01  0.7642E+01
  12.980  0.8746E+01  0.7729E+01
  12.990  0.8805E+01  0.7817E+01
  13.000  0.8855E+01  0.7906E+01
  13.010  0.8897E+01  0.7995E+01
  13.020  0.8930E+01  0.8084E+01
  13.030  0.8954E+01  0.8173E+01
  13.040  0.8968E+01  0.8263E+01
  13.050  0.8975E+01  0.8353E+01
  13.060  0.8972E+01  0.8443E+01
  13.070  0.8962E+01  0.8532E+01
  13.080  0.8944E+01  0.8622E+01
  13.090  0.8919E+01  0.8711E+01
  13.100  0.8888E+01  0.8800E+01
  13.110  0.8851E+01  0.8888E+01
  13.120  0.8811E+01  0.8976E+01
  13.130  0.8767E+01  0.9064E+01
  13.140  0.8721E+01  0.9151E+01
  13.150  0.8675E+01  0.9238E+01
  13.160  0.8628E+01  0.9324E+01
  13.170  0.8581E+01  0.9410E+01
  13.180  0.8537E+01  0.9495E+01
  13.190  0.8494E+01  0.9580E+01
  13.200  0.8455E+01  0.9665E+01
  13.210  0.8419E+01  0.9749E+01
  13.220  0.8386E+01  0.9833E+01
  13.230  0.8357E+01  0.9916E+01
  13.240  0.8331E+01  0.1000E+02
  13.250  0.8310E+01  0.1008E+02
  13.260  0.8291E+01  0.1017E+02
  13.270  0.8276E+01  0.1025E+02
  13.280  0.8264E+01  0.1033E+02
  13.290  0.8255E+01  0.1041E+02
  13.300  0.8247E+01  0.1050E+02
  13.310  0.8241E+01  0.1058E+02
  13.320  0.8236E+01  0.1066E+02
  13.330  0.8232E+01  0.1074E+02
  13.340  0.8228E+01  0.1083E+02
  13.350  0.8224E+01  0.1091E+02
  13.360  0.8219E+01  0.1099E+02
  13.370  0.8215E+01  0.1107E+02
  13.380  0.8209E+01  0.1115E+02
  13.390  0.8204E+01  0.1124E+02
  13.400  0.8199E+01  0.1132E+02
  13.410  0.8194E+01  0.1140E+02
  13.420  0.8190E+01  0.1148E+02
  13.430  0.8189E+01  0.1156E+02
  13.440  0.8190E+01  0.1165E+02
  13.450  0.8196E+01  0.1173E+02
  13.460  0.8206E+01  0.1181E+02
  13.470  0.8223E+01  0.1189E+02
  13.480  0.8248E+01  0.1197E+02
  13.490  0.8280E+01  0.1206E+02
  13.500  0.8321E+01  0.1214E+02
  13.510  0.8372E+01  0.1222E+02
  13.520  0.8433E+01  0.1231E+02
  13.530  0.8503E+01  0.1239E+02
  13.540  0.8584E+01  0.1248E+02
  13.550  0.8673E+01  0.1257E+02
  13.560  0.8771E+01  0.1265E+02
  13.570  0.8878E+01  0.1274E+02
  13.580  0.8991E+01  0.1283E+02
  13.590  0.9110E+01  0.1292E+02
  13.600  0.9234E+01  0.1302E+02
  13.610  0.9361E+01  0.1311E+02
  13.620  0.9492E+01  0.1320E+02
  13.630  0.9623E+01  0.1330E+02
  13.640  0.9756E+01  0.1340E+02
  13.650  0.9889E+01  0.1350E+02
  13.660  0.1002E+02  0.1360E+02
  13.670  0.1015E+02  0.1370E+02
  13.680  0.1028E+02  0.1380E+02
  13.690  0.1041E+02  0.1391E+02
  13.700  0.1054E+02  0.1401E+02
  13.710  0.1067E+02  0.1412E+02
  13.720  0.1079E+02  0.1423E+02
  13.730  0.1091E+02  0.1434E+02
  13.740  0.1103E+02  0.1445E+02
  13.750  0.1115E+02  0.1456E+02
  13.760  0.1126E+02  0.1467E+02
  13.770  0.1138E+02  0.1478E+02
  13.780  0.1148E+02  0.1490E+02
  13.790  0.1159E+02  0.1501E+02
  13.800  0.1169E+02  0.1513E+02
  13.810  0.1178E+02  0.1525E+02
  13.820  0.1187E+02  0.1537E+02
  13.830  0.1195E+02  0.1549E+02
  13.840  0.1203E+02  0.1561E+02
  13.850  0.1211E+02  0.1573E+02
  13.860  0.1218E+02  0.1585E+02
  13.870  0.1225E+02  0.1597E+02
  13.880  0.1232E+02  0.1610E+02
  13.890  0.1240E+02  0.1622E+02
  13.900  0.1247E+02  0.1634E+02
  13.910  0.1255E+02  0.1647E+02
  13.920  0.1263E+02  0.1660E+02
  13.930  0.1272E+02  0.1672E+02
  13.940  0.1282E+02  0.1685E+02
  13.950  0.1292E+02  0.1698E+02
  13.960  0.1303E+02  0.1711E+02
  13.970  0.1315E+02  0.1724E+02
  13.980  0.1327E+02  0.1738E+02
  13.990  0.1340E+02  0.1751E+02
  14.000  0.1353E+02  0.1765E+02
  14.010  0.1367E+02  0.1778E+02
  14.020  0.1380E+02  0.1792E+02
  14.030  0.1394E+02  0.1806E+02
  14.040  0.1407E+02  0.1820E+02
  14.050  0.1419E+02  0.1834E+02
  14.060  0.1431E+02  0.1848E+02
  14.070  0.1443E+02  0.1863E+02
  14.080  0.1454E+02  0.1877E+02
  14.090  0.1464E+02  0.1892E+02
  14.100  0.1474E+02  0.1907E+02
  14.110  0.1483E+02  0.1922E+02
  14.120  0.1492E+02  0.1937E+02
  14.130  0.1501E+02  0.1952E+02
  14.140  0.1510E+02  0.1967E+02
  14.150  0.1519E+02  0.1982E+02
  14.160  0.1528E+02  0.1997E+02
  14.170  0.1537E+02  0.2013E+02
  14.180  0.1546E+02  0.2028E+02
  14.190  0.1556E+02  0.2044E+02
  14.200  0.1565E+02  0.2059E+02
  14.210  0.1575E+02  0.2075E+02
  14.220  0.1584E+02  0.2091E+02
  14.230  0.1592E+02  0.2107E+02
  14.240  0.1599E+02  0.2123E+02
  14.250  0.1606E+02  0.2139E+02
  14.260  0.1611E+02  0.2155E+02
  14.270  0.1613E+02  0.2171E+02
  14.280  0.1614E+02  0.2187E+02
  14.290  0.1612E+02  0.2203E+02
  14.300  0.1608E+02  0.2219E+02
  14.310  0.1601E+02  0.2235E+02
  14.320  0.1591E+02  0.2251E+02
  14.330  0.1578E+02  0.2267E+02
  14.340  0.1562E+02  0.2283E+02
  14.350  0.1543E+02  0.2298E+02
  14.360  0.1522E+02  0.2313E+02
  14.370  0.1499E+02  0.2328E+02
  14.380  0.1474E+02  0.2343E+02
  14.390  0.1447E+02  0.2358E+02
  14.400  0.1419E+02  0.2372E+02
  14.410  0.1390E+02  0.2386E+02
  14.420  0.1361E+02  0.2399E+02
  14.430  0.1333E+02  0.2413E+02
  14.440  0.1304E+02  0.2426E+02
  14.450  0.1277E+02  0.2438E+02
  14.460  0.1250E+02  0.2451E+02
  14.470  0.1225E+02  0.2463E+02
  14.480  0.1201E+02  0.2475E+02
  14.490  0.1179E+02  0.2487E+02
  14.500  0.1159E+02  0.2498E+02
  14.510  0.1141E+02  0.2510E+02
  14.520  0.1124E+02  0.2521E+02
  14.530  0.1110E+02  0.2532E+02
  14.540  0.1097E+02  0.2543E+02
  14.550  0.1087E+02  0.2554E+02
  14.560  0.1078E+02  0.2565E+02
  14.570  0.1071E+02  0.2576E+02
  14.580  0.1065E+02  0.2586E+02
  14.590  0.1062E+02  0.2597E+02
  14.600  0.1059E+02  0.2607E+02
  14.610  0.1059E+02  0.2618E+02
  14.620  0.1060E+02  0.2629E+02
  14.630  0.1062E+02  0.2639E+02
  14.640  0.1066E+02  0.2650E+02
  14.650  0.1071E+02  0.2661E+02
  14.660  0.1077E+02  0.2671E+02
  14.670  0.1085E+02  0.2682E+02
  14.680  0.1094E+02  0.2693E+02
  14.690  0.1104E+02  0.2704E+02
  14.700  0.1115E+02  0.2715E+02
  14.710  0.1128E+02  0.2727E+02
  14.720  0.1141E+02  0.2738E+02
  14.730  0.1155E+02  0.2750E+02
  14.740  0.1171E+02  0.2761E+02
  14.750  0.1186E+02  0.2773E+02
  14.760  0.1203E+02  0.2785E+02
  14.770  0.1219E+02  0.2797E+02
  14.780  0.1236E+02  0.2810E+02
  14.790  0.1253E+02  0.2822E+02
  14.800  0.1270E+02  0.2835E+02
  14.810  0.1287E+02  0.2848E+02
  14.820  0.1303E+02  0.2861E+02
  14.830  0.1319E+02  0.2874E+02
  14.840  0.1334E+02  0.2887E+02
  14.850  0.1348E+02  0.2901E+02
  14.860  0.1360E+02  0.2914E+02
  14.870  0.1372E+02  0.2928E+02
  14.880  0.1383E+02  0.2942E+02
  14.890  0.1392E+02  0.2956E+02
  14.900  0.1399E+02  0.2970E+02
  14.910  0.1405E+02  0.2984E+02
  14.920  0.1410E+02  0.2998E+02
  14.930  0.1413E+02  0.3012E+02
  14.940  0.1414E+02  0.3026E+02
  14.950  0.1414E+02  0.3041E+02
  14.960  0.1412E+02  0.3055E+02
  14.970  0.1409E+02  0.3069E+02
  14.980  0.1405E+02  0.3083E+02
  14.990  0.1400E+02  0.3097E+02
  15.000  0.1393E+02  0.3111E+02
  15.010  0.1385E+02  0.3125E+02
  15.020  0.1377E+02  0.3138E+02
  15.030  0.1368E+02  0.3152E+02
  15.040  0.1359E+02  0.3166E+02
  15.050  0.1349E+02  0.3179E+02
  15.060  0.1339E+02  0.3192E+02
  15.070  0.1330E+02  0.3206E+02
  15.080  0.1320E+02  0.3219E+02
  15.090  0.1311E+02  0.3232E+02
  15.100  0.1303E+02  0.3245E+02
  15.110  0.1295E+02  0.3258E+02
  15.120  0.1287E+02  0.3271E+02
  15.130  0.1281E+02  0.3284E+02
  15.140  0.1275E+02  0.3297E+02
  15.150  0.1270E+02  0.3309E+02
  15.160  0.1267E+02  0.3322E+02
  15.170  0.1264E+02  0.3335E+02
  15.180  0.1262E+02  0.3347E+02
  15.190  0.1262E+02  0.3360E+02
  15.200  0.1262E+02  0.3372E+02
  15.210  0.1264E+02  0.3385E+02
  15.220  0.1267E+02  0.3398E+02
  15.230  0.1272E+02  0.3410E+02
  15.240  0.1277E+02  0.3423E+02
  15.250  0.1284E+02  0.3436E+02
  15.260  0.1293E+02  0.3449E+02
  15.270  0.1303E+02  0.3462E+02
  15.280  0.1315E+02  0.3475E+02
  15.290  0.1328E+02  0.3488E+02
  15.300  0.1343E+02  0.3502E+02
  15.310  0.1360E+02  0.3515E+02
  15.320  0.1378E+02  0.3529E+02
  15.330  0.1399E+02  0.3543E+02
  15.340  0.1421E+02  0.3557E+02
  15.350  0.1445E+02  0.3572E+02
  15.360  0.1471E+02  0.3587E+02
  15.370  0.1499E+02  0.3602E+02
  15.380  0.1528E+02  0.3617E+02
  15.390  0.1558E+02  0.3632E+02
  15.400  0.1590E+02  0.3648E+02
  15.410  0.1622E+02  0.3665E+02
  15.420  0.1654E+02  0.3681E+02
  15.430  0.1687E+02  0.3698E+02
  15.440  0.1719E+02  0.3715E+02
  15.450  0.1750E+02  0.3733E+02
  15.460  0.1778E+02  0.3750E+02
  15.470  0.1805E+02  0.3768E+02
  15.480  0.1828E+02  0.3787E+02
  15.490  0.1847E+02  0.3805E+02
  15.500  0.1862E+02  0.3824E+02
  15.510  0.1871E+02  0.3843E+02
  15.520  0.1875E+02  0.3861E+02
  15.530  0.1873E+02  0.3880E+02
  15.540  0.1864E+02  0.3899E+02
  15.550  0.1847E+02  0.3917E+02
  15.560  0.1824E+02  0.3935E+02
  15.570  0.1794E+02  0.3953E+02
  15.580  0.1757E+02  0.3971E+02
  15.590  0.1713E+02  0.3988E+02
  15.600  0.1662E+02  0.4005E+02
  15.610  0.1606E+02  0.4021E+02
  15.620  0.1544E+02  0.4036E+02
  15.630  0.1478E+02  0.4051E+02
  15.640  0.1407E+02  0.4065E+02
  15.650  0.1334E+02  0.4078E+02
  15.660  0.1258E+02  0.4091E+02
  15.670  0.1181E+02  0.4103E+02
  15.680  0.1103E+02  0.4114E+02
  15.690  0.1026E+02  0.4124E+02
  15.700  0.9501E+01  0.4134E+02
  15.710  0.8759E+01  0.4142E+02
  15.720  0.8042E+01  0.4150E+02
  15.730  0.7358E+01  0.4158E+02
  15.740  0.6712E+01  0.4164E+02
  15.750  0.6106E+01  0.4170E+02
  15.760  0.5546E+01  0.4176E+02
  15.770  0.5033E+01  0.4181E+02
  15.780  0.4567E+01  0.4186E+02
  15.790  0.4150E+01  0.4190E+02
  15.800  0.3781E+01  0.4194E+02
  15.810  0.3458E+01  0.4197E+02
  15.820  0.3178E+01  0.4200E+02
  15.830  0.2938E+01  0.4203E+02
  15.840  0.2735E+01  0.4206E+02
  15.850  0.2566E+01  0.4208E+02
  15.860  0.2425E+01  0.4211E+02
  15.870  0.2309E+01  0.4213E+02
  15.880  0.2214E+01  0.4215E+02
  15.890  0.2136E+01  0.4218E+02
  15.900  0.2072E+01  0.4220E+02
  15.910  0.2017E+01  0.4222E+02
  15.920  0.1970E+01  0.4224E+02
  15.930  0.1929E+01  0.4226E+02
  15.940  0.1890E+01  0.4227E+02
  15.950  0.1855E+01  0.4229E+02
  15.960  0.1820E+01  0.4231E+02
  15.970  0.1786E+01  0.4233E+02
  15.980  0.1754E+01  0.4235E+02
  15.990  0.1722E+01  0.4236E+02
  16.000  0.1692E+01  0.4238E+02
  16.010  0.1664E+01  0.4240E+02
  16.020  0.1639E+01  0.4241E+02
  16.030  0.1617E+01  0.4243E+02
  16.040  0.1598E+01  0.4245E+02
  16.050  0.1584E+01  0.4246E+02
  16.060  0.1573E+01  0.4248E+02
  16.070  0.1567E+01  0.4249E+02
  16.080  0.1565E+01  0.4251E+02
  16.090  0.1567E+01  0.4252E+02
  16.100  0.1571E+01  0.4254E+02
  16.110  0.1578E+01  0.4256E+02
  16.120  0.1586E+01  0.4257E+02
  16.130  0.1595E+01  0.4259E+02
  16.140  0.1604E+01  0.4260E+02
  16.150  0.1611E+01  0.4262E+02
  16.160  0.1616E+01  0.4264E+02
  16.170  0.1618E+01  0.4265E+02
  16.180  0.1617E+01  0.4267E+02
  16.190  0.1611E+01  0.4268E+02
  16.200  0.1601E+01  0.4270E+02
  16.210  0.1587E+01  0.4272E+02
  16.220  0.1569E+01  0.4273E+02
  16.230  0.1547E+01  0.4275E+02
  16.240  0.1522E+01  0.4276E+02
  16.250  0.1494E+01  0.4278E+02
  16.260  0.1465E+01  0.4279E+02
  16.270  0.1436E+01  0.4281E+02
  16.280  0.1407E+01  0.4282E+02
  16.290  0.1380E+01  0.4283E+02
  16.300  0.1354E+01  0.4285E+02
  16.310  0.1333E+01  0.4286E+02
  16.320  0.1315E+01  0.4287E+02
  16.330  0.1301E+01  0.4289E+02
  16.340  0.1293E+01  0.4290E+02
  16.350  0.1290E+01  0.4291E+02
  16.360  0.1293E+01  0.4293E+02
  16.370  0.1300E+01  0.4294E+02
  16.380  0.1313E+01  0.4295E+02
  16.390  0.1330E+01  0.4297E+02
  16.400  0.1350E+01  0.4298E+02
  16.410  0.1373E+01  0.4299E+02
  16.420  0.1398E+01  0.4301E+02
  16.430  0.1424E+01  0.4302E+02
  16.440  0.1450E+01  0.4304E+02
  16.450  0.1475E+01  0.4305E+02
  16.460  0.1498E+01  0.4307E+02
  16.470  0.1518E+01  0.4308E+02
  16.480  0.1534E+01  0.4310E+02
  16.490  0.1545E+01  0.4311E+02
  16.500  0.1552E+01  0.4313E+02
  16.510  0.1554E+01  0.4314E+02
  16.520  0.1550E+01  0.4316E+02
  16.530  0.1542E+01  0.4317E+02
  16.540  0.1529E+01  0.4319E+02
  16.550  0.1511E+01  0.4320E+02
  16.560  0.1490E+01  0.4322E+02
  16.570  0.1466E+01  0.4323E+02
  16.580  0.1440E+01  0.4325E+02
  16.590  0.1413E+01  0.4326E+02
  16.600  0.1385E+01  0.4328E+02
  16.610  0.1358E+01  0.4329E+02
  16.620  0.1332E+01  0.4330E+02
  16.630  0.1308E+01  0.4332E+02
  16.640  0.1286E+01  0.4333E+02
  16.650  0.1267E+01  0.4334E+02
  16.660  0.1252E+01  0.4335E+02
  16.670  0.1241E+01  0.4337E+02
  16.680  0.1233E+01  0.4338E+02
  16.690  0.1229E+01  0.4339E+02
  16.700  0.1230E+01  0.4340E+02
  16.710  0.1234E+01  0.4342E+02
  16.720  0.1241E+01  0.4343E+02
  16.730  0.1252E+01  0.4344E+02
  16.740  0.1265E+01  0.4345E+02
  16.750  0.1280E+01  0.4347E+02
  16.760  0.1297E+01  0.4348E+02
  16.770  0.1315E+01  0.4349E+02
  16.780  0.1333E+01  0.4351E+02
  16.790  0.1351E+01  0.4352E+02
  16.800  0.1368E+01  0.4353E+02
  16.810  0.1383E+01  0.4355E+02
  16.820  0.1397E+01  0.4356E+02
  16.830  0.1407E+01  0.4357E+02
  16.840  0.1415E+01  0.4359E+02
  16.850  0.1420E+01  0.4360E+02
  16.860  0.1422E+01  0.4362E+02
  16.870  0.1420E+01  0.4363E+02
  16.880  0.1414E+01  0.4364E+02
  16.890  0.1406E+01  0.4366E+02
  16.900  0.1395E+01  0.4367E+02
  16.910  0.1381E+01  0.4369E+02
  16.920  0.1365E+01  0.4370E+02
  16.930  0.1347E+01  0.4371E+02
  16.940  0.1327E+01  0.4373E+02
  16.950  0.1307E+01  0.4374E+02
  16.960  0.1286E+01  0.4375E+02
  16.970  0.1265E+01  0.4377E+02
  16.980  0.1244E+01  0.4378E+02
  16.990  0.1224E+01  0.4379E+02
  17.000  0.1205E+01  0.4380E+02
  17.010  0.1186E+01  0.4381E+02
  17.020  0.1170E+01  0.4383E+02
  17.030  0.1154E+01  0.4384E+02
  17.040  0.1141E+01  0.4385E+02
  17.050  0.1129E+01  0.4386E+02
  17.060  0.1119E+01  0.4387E+02
  17.070  0.1111E+01  0.4388E+02
  17.080  0.1106E+01  0.4389E+02
  17.090  0.1101E+01  0.4390E+02
  17.100  0.1099E+01  0.4392E+02
  17.110  0.1099E+01  0.4393E+02
  17.120  0.1100E+01  0.4394E+02
  17.130  0.1103E+01  0.4395E+02
  17.140  0.1108E+01  0.4396E+02
  17.150  0.1114E+01  0.4397E+02
  17.160  0.1122E+01  0.4398E+02
  17.170  0.1131E+01  0.4399E+02
  17.180  0.1142E+01  0.4400E+02
  17.190  0.1153E+01  0.4402E+02
  17.200  0.1166E+01  0.4403E+02
  17.210  0.1181E+01  0.4404E+02
  17.220  0.1196E+01  0.4405E+02
  17.230  0.1213E+01  0.4406E+02
  17.240  0.1230E+01  0.4408E+02
  17.250  0.1248E+01  0.4409E+02
  17.260  0.1267E+01  0.4410E+02
  17.270  0.1286E+01  0.4411E+02
  17.280  0.1304E+01  0.4413E+02
  17.290  0.1323E+01  0.4414E+02
  17.300  0.1341E+01  0.4415E+02
  17.310  0.1357E+01  0.4417E+02
  17.320  0.1372E+01  0.4418E+02
  17.330  0.1385E+01  0.4420E+02
  17.340  0.1396E+01  0.4421E+02
  17.350  0.1405E+01  0.4422E+02
  17.360  0.1410E+01  0.4424E+02
  17.370  0.1412E+01  0.4425E+02
  17.380  0.1411E+01  0.4427E+02
  17.390  0.1407E+01  0.4428E+02
  17.400  0.1399E+01  0.4429E+02
  17.410  0.1388E+01  0.4431E+02
  17.420  0.1373E+01  0.4432E+02
  17.430  0.1355E+01  0.4433E+02
  17.440  0.1334E+01  0.4435E+02
  17.450  0.1310E+01  0.4436E+02
  17.460  0.1284E+01  0.4437E+02
  17.470  0.1257E+01  0.4439E+02
  17.480  0.1227E+01  0.4440E+02
  17.490  0.1197E+01  0.4441E+02
  17.500  0.1166E+01  0.4442E+02
  17.510  0.1135E+01  0.4443E+02
  17.520  0.1105E+01  0.4444E+02
  17.530  0.1076E+01  0.4446E+02
  17.540  0.1048E+01  0.4447E+02
  17.550  0.1022E+01  0.4448E+02
  17.560  0.9988E+00  0.4449E+02
  17.570  0.9776E+00  0.4450E+02
  17.580  0.9591E+00  0.4451E+02
  17.590  0.9434E+00  0.4452E+02
  17.600  0.9306E+00  0.4452E+02
  17.610  0.9206E+00  0.4453E+02
  17.620  0.9135E+00  0.4454E+02
  17.630  0.9091E+00  0.4455E+02
  17.640  0.9073E+00  0.4456E+02
  17.650  0.9079E+00  0.4457E+02
  17.660  0.9107E+00  0.4458E+02
  17.670  0.9154E+00  0.4459E+02
  17.680  0.9220E+00  0.4460E+02
  17.690  0.9302E+00  0.4461E+02
  17.700  0.9400E+00  0.4462E+02
  17.710  0.9511E+00  0.4463E+02
  17.720  0.9636E+00  0.4464E+02
  17.730  0.9774E+00  0.4465E+02
  17.740  0.9925E+00  0.4465E+02
  17.750  0.1009E+01  0.4467E+02
  17.760  0.1027E+01  0.4468E+02
  17.770  0.1046E+01  0.4469E+02
  17.780  0.1067E+01  0.4470E+02
  17.790  0.1089E+01  0.4471E+02
  17.800  0.1113E+01  0.4472E+02
  17.810  0.1138E+01  0.4473E+02
  17.820  0.1164E+01  0.4474E+02
  17.830  0.1190E+01  0.4475E+02
  17.840  0.1217E+01  0.4477E+02
  17.850  0.1243E+01  0.4478E+02
  17.860  0.1269E+01  0.4479E+02
  17.870  0.1293E+01  0.4480E+02
  17.880  0.1315E+01  0.4482E+02
  17.890  0.1334E+01  0.4483E+02
  17.900  0.1350E+01  0.4484E+02
  17.910  0.1361E+01  0.4486E+02
  17.920  0.1368E+01  0.4487E+02
  17.930  0.1371E+01  0.4488E+02
  17.940  0.1368E+01  0.4490E+02
  17.950  0.1361E+01  0.4491E+02
  17.960  0.1348E+01  0.4493E+02
  17.970  0.1332E+01  0.4494E+02
  17.980  0.1311E+01  0.4495E+02
  17.990  0.1288E+01  0.4496E+02
  18.000  0.1262E+01  0.4498E+02
  18.010  0.1235E+01  0.4499E+02
  18.020  0.1208E+01  0.4500E+02
  18.030  0.1181E+01  0.4501E+02
  18.040  0.1156E+01  0.4503E+02
  18.050  0.1133E+01  0.4504E+02
  18.060  0.1112E+01  0.4505E+02
  18.070  0.1095E+01  0.4506E+02
  18.080  0.1081E+01  0.4507E+02
  18.090  0.1070E+01  0.4508E+02
  18.100  0.1062E+01  0.4509E+02
  18.110  0.1058E+01  0.4510E+02
  18.120  0.1055E+01  0.4511E+02
  18.130  0.1055E+01  0.4512E+02
  18.140  0.1056E+01  0.4513E+02
  18.150  0.1057E+01  0.4514E+02
  18.160  0.1058E+01  0.4515E+02
  18.170  0.1059E+01  0.4516E+02
  18.180  0.1058E+01  0.4518E+02
  18.190  0.1055E+01  0.4519E+02
  18.200  0.1050E+01  0.4520E+02
  18.210  0.1042E+01  0.4521E+02
  18.220  0.1033E+01  0.4522E+02
  18.230  0.1021E+01  0.4523E+02
  18.240  0.1007E+01  0.4524E+02
  18.250  0.9923E+00  0.4525E+02
  18.260  0.9764E+00  0.4526E+02
  18.270  0.9599E+00  0.4527E+02
  18.280  0.9435E+00  0.4528E+02
  18.290  0.9278E+00  0.4529E+02
  18.300  0.9132E+00  0.4529E+02
  18.310  0.9001E+00  0.4530E+02
  18.320  0.8888E+00  0.4531E+02
  18.330  0.8798E+00  0.4532E+02
  18.340  0.8731E+00  0.4533E+02
  18.350  0.8688E+00  0.4534E+02
  18.360  0.8669E+00  0.4535E+02
  18.370  0.8674E+00  0.4536E+02
  18.380  0.8702E+00  0.4536E+02
  18.390  0.8750E+00  0.4537E+02
  18.400  0.8818E+00  0.4538E+02
  18.410  0.8902E+00  0.4539E+02
  18.420  0.9002E+00  0.4540E+02
  18.430  0.9116E+00  0.4541E+02
  18.440  0.9241E+00  0.4542E+02
  18.450  0.9377E+00  0.4543E+02
  18.460  0.9523E+00  0.4544E+02
  18.470  0.9676E+00  0.4545E+02
  18.480  0.9836E+00  0.4546E+02
  18.490  0.1000E+01  0.4547E+02
  18.500  0.1017E+01  0.4548E+02
  18.510  0.1035E+01  0.4549E+02
  18.520  0.1052E+01  0.4550E+02
  18.530  0.1070E+01  0.4551E+02
  18.540  0.1088E+01  0.4552E+02
  18.550  0.1106E+01  0.4553E+02
  18.560  0.1123E+01  0.4554E+02
  18.570  0.1141E+01  0.4555E+02
  18.580  0.1158E+01  0.4556E+02
  18.590  0.1174E+01  0.4558E+02
  18.600  0.1190E+01  0.4559E+02
  18.610  0.1205E+01  0.4560E+02
  18.620  0.1220E+01  0.4561E+02
  18.630  0.1233E+01  0.4562E+02
  18.640  0.1246E+01  0.4564E+02
  18.650  0.1257E+01  0.4565E+02
  18.660  0.1267E+01  0.4566E+02
  18.670  0.1275E+01  0.4568E+02
  18.680  0.1282E+01  0.4569E+02
  18.690  0.1287E+01  0.4570E+02
  18.700  0.1289E+01  0.4571E+02
  18.710  0.1288E+01  0.4573E+02
  18.720  0.1285E+01  0.4574E+02
  18.730  0.1279E+01  0.4575E+02
  18.740  0.1270E+01  0.4577E+02
  18.750  0.1257E+01  0.4578E+02
  18.760  0.1242E+01  0.4579E+02
  18.770  0.1223E+01  0.4580E+02
  18.780  0.1201E+01  0.4581E+02
  18.790  0.1176E+01  0.4583E+02
  18.800  0.1149E+01  0.4584E+02
  18.810  0.1120E+01  0.4585E+02
  18.820  0.1089E+01  0.4586E+02
  18.830  0.1056E+01  0.4587E+02
  18.840  0.1023E+01  0.4588E+02
  18.850  0.9895E+00  0.4589E+02
  18.860  0.9565E+00  0.4590E+02
  18.870  0.9244E+00  0.4591E+02
  18.880  0.8939E+00  0.4592E+02
  18.890  0.8654E+00  0.4593E+02
  18.900  0.8395E+00  0.4594E+02
  18.910  0.8166E+00  0.4594E+02
  18.920  0.7970E+00  0.4595E+02
  18.930  0.7811E+00  0.4596E+02
  18.940  0.7691E+00  0.4597E+02
  18.950  0.7610E+00  0.4597E+02
  18.960  0.7568E+00  0.4598E+02
  18.970  0.7565E+00  0.4599E+02
  18.980  0.7598E+00  0.4600E+02
  18.990  0.7664E+00  0.4600E+02
  19.000  0.7759E+00  0.4601E+02
  19.010  0.7879E+00  0.4602E+02
  19.020  0.8019E+00  0.4603E+02
  19.030  0.8173E+00  0.4604E+02
  19.040  0.8337E+00  0.4605E+02
  19.050  0.8504E+00  0.4605E+02
  19.060  0.8670E+00  0.4606E+02
  19.070  0.8830E+00  0.4607E+02
  19.080  0.8981E+00  0.4608E+02
  19.090  0.9119E+00  0.4609E+02
  19.100  0.9243E+00  0.4610E+02
  19.110  0.9352E+00  0.4611E+02
  19.120  0.9446E+00  0.4612E+02
  19.130  0.9525E+00  0.4613E+02
  19.140  0.9592E+00  0.4614E+02
  19.150  0.9648E+00  0.4615E+02
  19.160  0.9697E+00  0.4616E+02
  19.170  0.9742E+00  0.4617E+02
  19.180  0.9785E+00  0.4618E+02
  19.190  0.9829E+00  0.4619E+02
  19.200  0.9876E+00  0.4619E+02
  19.210  0.9927E+00  0.4620E+02
  19.220  0.9982E+00  0.4621E+02
  19.230  0.1004E+01  0.4622E+02
  19.240  0.1010E+01  0.4623E+02
  19.250  0.1016E+01  0.4625E+02
  19.260  0.1022E+01  0.4626E+02
  19.270  0.1027E+01  0.4627E+02
  19.280  0.1030E+01  0.4628E+02
  19.290  0.1032E+01  0.4629E+02
  19.300  0.1032E+01  0.4630E+02
  19.310  0.1029E+01  0.4631E+02
  19.320  0.1024E+01  0.4632E+02
  19.330  0.1015E+01  0.4633E+02
  19.340  0.1003E+01  0.4634E+02
  19.350  0.9888E+00  0.4635E+02
  19.360  0.9716E+00  0.4636E+02
  19.370  0.9521E+00  0.4637E+02
  19.380  0.9310E+00  0.4638E+02
  19.390  0.9089E+00  0.4638E+02
  19.400  0.8866E+00  0.4639E+02
  19.410  0.8650E+00  0.4640E+02
  19.420  0.8450E+00  0.4641E+02
  19.430  0.8274E+00  0.4642E+02
  19.440  0.8131E+00  0.4643E+02
  19.450  0.8028E+00  0.4644E+02
  19.460  0.7970E+00  0.4644E+02
  19.470  0.7962E+00  0.4645E+02
  19.480  0.8005E+00  0.4646E+02
  19.490  0.8099E+00  0.4647E+02
  19.500  0.8241E+00  0.4648E+02
  19.510  0.8425E+00  0.4648E+02
  19.520  0.8645E+00  0.4649E+02
  19.530  0.8891E+00  0.4650E+02
  19.540  0.9152E+00  0.4651E+02
  19.550  0.9417E+00  0.4652E+02
  19.560  0.9675E+00  0.4653E+02
  19.570  0.9912E+00  0.4654E+02
  19.580  0.1012E+01  0.4655E+02
  19.590  0.1028E+01  0.4656E+02
  19.600  0.1040E+01  0.4657E+02
  19.610  0.1045E+01  0.4658E+02
  19.620  0.1045E+01  0.4659E+02
  19.630  0.1039E+01  0.4660E+02
  19.640  0.1026E+01  0.4661E+02
  19.650  0.1008E+01  0.4662E+02
  19.660  0.9851E+00  0.4663E+02
  19.670  0.9575E+00  0.4664E+02
  19.680  0.9264E+00  0.4665E+02
  19.690  0.8929E+00  0.4666E+02
  19.700  0.8580E+00  0.4667E+02
  19.710  0.8227E+00  0.4668E+02
  19.720  0.7882E+00  0.4668E+02
  19.730  0.7554E+00  0.4669E+02
  19.740  0.7251E+00  0.4670E+02
  19.750  0.6980E+00  0.4671E+02
  19.760  0.6747E+00  0.4671E+02
  19.770  0.6556E+00  0.4672E+02
  19.780  0.6408E+00  0.4673E+02
  19.790  0.6304E+00  0.4673E+02
  19.800  0.6244E+00  0.4674E+02
  19.810  0.6225E+00  0.4674E+02
  19.820  0.6244E+00  0.4675E+02
  19.830  0.6296E+00  0.4676E+02
  19.840  0.6376E+00  0.4676E+02
  19.850  0.6480E+00  0.4677E+02
  19.860  0.6602E+00  0.4678E+02
  19.870  0.6737E+00  0.4678E+02
  19.880  0.6880E+00  0.4679E+02
  19.890  0.7027E+00  0.4680E+02
  19.900  0.7173E+00  0.4680E+02
  19.910  0.7316E+00  0.4681E+02
  19.920  0.7452E+00  0.4682E+02
  19.930  0.7580E+00  0.4683E+02
  19.940  0.7698E+00  0.4683E+02
  19.950  0.7805E+00  0.4684E+02
  19.960  0.7900E+00  0.4685E+02
  19.970  0.7983E+00  0.4686E+02
  19.980  0.8053E+00  0.4687E+02
  19.990  0.8112E+00  0.4687E+02
  20.000  0.8158E+00  0.4688E+02
