
     Program PROJWFC v.7.4.1 starts on 21Oct2025 at 16: 0:52 

     This program is part of the open-source Quantum ESPRESSO suite
     for quantum simulation of materials; please cite
         "P. Giannozzi et al., J. Phys.:Condens. Matter 21 395502 (2009);
         "P. Giannozzi et al., J. Phys.:Condens. Matter 29 465901 (2017);
         "P. Giannozzi et al., J. Chem. Phys. 152 154105 (2020);
          URL http://www.quantum-espresso.org", 
     in publications or presentations arising from this work. More details at
     http://www.quantum-espresso.org/quote

     Parallel version (MPI), running on     4 processors

     MPI processes distributed on     1 nodes
     R & G space division:  proc/nbgrp/npool/nimage =       4
     12726 MiB available memory on the printing compute node when the environment starts


     Reading xml data from directory:

     ./tmp/silicon.save/

     IMPORTANT: XC functional enforced from input :
     Exchange-correlation= PBE
                           (   1   4   3   4   0   0   0)
     Any further DFT definition will be discarded
     Please, verify this is what you really want


     Parallelization info
     --------------------
     sticks:   dense  smooth     PW     G-vecs:    dense   smooth      PW
     Min         370     370    108                 9325     9325    1489
     Max         371     371    109                 9328     9328    1492
     Sum        1483    1483    433                37309    37309    5961

     Using Slab Decomposition


     Gaussian broadening (read from input): ngauss,degauss=   0    0.010000


     Calling projwave .... 
     Subspace diagonalization in iterative solution of the eigenvalue problem:
     a serial algorithm will be used


  Problem Sizes 
  natomwfc =            8
  nbnd     =            8
  nkstot   =          145
  npwx     =         1193
  nkb      =           36


     Atomic states used for projection
     (read from pseudopotential files):

     state #   1: atom   1 (Si ), wfc  1 (l=0 m= 1)
     state #   2: atom   1 (Si ), wfc  2 (l=1 m= 1)
     state #   3: atom   1 (Si ), wfc  2 (l=1 m= 2)
     state #   4: atom   1 (Si ), wfc  2 (l=1 m= 3)
     state #   5: atom   2 (Si ), wfc  1 (l=0 m= 1)
     state #   6: atom   2 (Si ), wfc  2 (l=1 m= 1)
     state #   7: atom   2 (Si ), wfc  2 (l=1 m= 2)
     state #   8: atom   2 (Si ), wfc  2 (l=1 m= 3)

 k =   0.0000000000  0.0000000000  0.0000000000
==== e(   1) =    -5.80617 eV ==== 
     psi = 0.498*[#   1]+0.498*[#   5]
    |psi|^2 = 0.996
==== e(   2) =     6.01790 eV ==== 
     psi = 0.160*[#   2]+0.160*[#   3]+0.160*[#   4]+0.160*[#   6]+0.160*[#   7]
          +0.160*[#   8]
    |psi|^2 = 0.962
==== e(   3) =     6.01790 eV ==== 
     psi = 0.160*[#   2]+0.160*[#   3]+0.160*[#   4]+0.160*[#   6]+0.160*[#   7]
          +0.160*[#   8]
    |psi|^2 = 0.962
==== e(   4) =     6.01790 eV ==== 
     psi = 0.160*[#   2]+0.160*[#   3]+0.160*[#   4]+0.160*[#   6]+0.160*[#   7]
          +0.160*[#   8]
    |psi|^2 = 0.962
==== e(   5) =     8.56498 eV ==== 
     psi = 0.161*[#   2]+0.161*[#   3]+0.161*[#   4]+0.161*[#   6]+0.161*[#   7]
          +0.161*[#   8]
    |psi|^2 = 0.966
==== e(   6) =     8.56498 eV ==== 
     psi = 0.161*[#   2]+0.161*[#   3]+0.161*[#   4]+0.161*[#   6]+0.161*[#   7]
          +0.161*[#   8]
    |psi|^2 = 0.966
==== e(   7) =     8.56498 eV ==== 
     psi = 0.161*[#   2]+0.161*[#   3]+0.161*[#   4]+0.161*[#   6]+0.161*[#   7]
          +0.161*[#   8]
    |psi|^2 = 0.966
==== e(   8) =     9.12484 eV ==== 
     psi = 0.494*[#   1]+0.494*[#   5]
    |psi|^2 = 0.987

 k =   0.0441941738  0.0441941738 -0.0441941738
==== e(   1) =    -5.75584 eV ==== 
     psi = 0.484*[#   1]+0.484*[#   5]+0.005*[#   2]+0.005*[#   3]+0.005*[#   4]
          +0.005*[#   6]+0.005*[#   7]+0.005*[#   8]
    |psi|^2 = 0.996
==== e(   2) =     5.48404 eV ==== 
     psi = 0.147*[#   2]+0.147*[#   3]+0.147*[#   4]+0.147*[#   6]+0.147*[#   7]
          +0.147*[#   8]+0.044*[#   1]+0.044*[#   5]
    |psi|^2 = 0.970
==== e(   3) =     5.93498 eV ==== 
     psi = 0.161*[#   2]+0.161*[#   3]+0.161*[#   4]+0.161*[#   6]+0.161*[#   7]
          +0.161*[#   8]
    |psi|^2 = 0.965
==== e(   4) =     5.93498 eV ==== 
     psi = 0.161*[#   2]+0.161*[#   3]+0.161*[#   4]+0.161*[#   6]+0.161*[#   7]
          +0.161*[#   8]
    |psi|^2 = 0.965
==== e(   5) =     8.60346 eV ==== 
     psi = 0.135*[#   2]+0.135*[#   3]+0.135*[#   4]+0.135*[#   6]+0.135*[#   7]
          +0.135*[#   8]+0.075*[#   1]+0.075*[#   5]
    |psi|^2 = 0.963
==== e(   6) =     8.68654 eV ==== 
     psi = 0.160*[#   2]+0.160*[#   3]+0.160*[#   4]+0.160*[#   6]+0.160*[#   7]
          +0.160*[#   8]
    |psi|^2 = 0.963
==== e(   7) =     8.68654 eV ==== 
     psi = 0.160*[#   2]+0.160*[#   3]+0.160*[#   4]+0.160*[#   6]+0.160*[#   7]
          +0.160*[#   8]
    |psi|^2 = 0.963
==== e(   8) =     9.53498 eV ==== 
     psi = 0.388*[#   1]+0.388*[#   5]+0.034*[#   2]+0.034*[#   3]+0.034*[#   4]
          +0.034*[#   6]+0.034*[#   7]+0.034*[#   8]
    |psi|^2 = 0.980

 k =   0.0883883476  0.0883883476 -0.0883883476
==== e(   1) =    -5.60573 eV ==== 
     psi = 0.450*[#   1]+0.450*[#   5]+0.016*[#   2]+0.016*[#   3]+0.016*[#   4]
          +0.016*[#   6]+0.016*[#   7]+0.016*[#   8]
    |psi|^2 = 0.996
==== e(   2) =     4.42166 eV ==== 
     psi = 0.132*[#   2]+0.132*[#   3]+0.132*[#   4]+0.132*[#   6]+0.132*[#   7]
          +0.132*[#   8]+0.092*[#   1]+0.092*[#   5]
    |psi|^2 = 0.978
==== e(   3) =     5.73404 eV ==== 
     psi = 0.162*[#   2]+0.162*[#   3]+0.162*[#   4]+0.162*[#   6]+0.162*[#   7]
          +0.162*[#   8]
    |psi|^2 = 0.971
==== e(   4) =     5.73404 eV ==== 
     psi = 0.162*[#   2]+0.162*[#   3]+0.162*[#   4]+0.162*[#   6]+0.162*[#   7]
          +0.162*[#   8]
    |psi|^2 = 0.971
==== e(   5) =     8.44877 eV ==== 
     psi = 0.172*[#   1]+0.172*[#   5]+0.103*[#   2]+0.103*[#   3]+0.103*[#   4]
          +0.103*[#   6]+0.103*[#   7]+0.103*[#   8]
    |psi|^2 = 0.960
==== e(   6) =     8.98159 eV ==== 
     psi = 0.159*[#   2]+0.159*[#   3]+0.159*[#   4]+0.159*[#   6]+0.159*[#   7]
          +0.159*[#   8]
    |psi|^2 = 0.954
==== e(   7) =     8.98159 eV ==== 
     psi = 0.159*[#   2]+0.159*[#   3]+0.159*[#   4]+0.159*[#   6]+0.159*[#   7]
          +0.159*[#   8]
    |psi|^2 = 0.954
==== e(   8) =    10.53279 eV ==== 
     psi = 0.274*[#   1]+0.274*[#   5]+0.069*[#   2]+0.069*[#   3]+0.069*[#   4]
          +0.069*[#   6]+0.069*[#   7]+0.069*[#   8]
    |psi|^2 = 0.962

 k =   0.1325825215  0.1325825215 -0.1325825215
==== e(   1) =    -5.35879 eV ==== 
     psi = 0.413*[#   1]+0.413*[#   5]+0.028*[#   2]+0.028*[#   3]+0.028*[#   4]
          +0.028*[#   6]+0.028*[#   7]+0.028*[#   8]
    |psi|^2 = 0.996
==== e(   2) =     3.26016 eV ==== 
     psi = 0.124*[#   1]+0.124*[#   5]+0.123*[#   2]+0.123*[#   3]+0.123*[#   4]
          +0.123*[#   6]+0.123*[#   7]+0.123*[#   8]
    |psi|^2 = 0.984
==== e(   3) =     5.49504 eV ==== 
     psi = 0.163*[#   2]+0.163*[#   3]+0.163*[#   4]+0.163*[#   6]+0.163*[#   7]
          +0.163*[#   8]
    |psi|^2 = 0.976
==== e(   4) =     5.49504 eV ==== 
     psi = 0.163*[#   2]+0.163*[#   3]+0.163*[#   4]+0.163*[#   6]+0.163*[#   7]
          +0.163*[#   8]
    |psi|^2 = 0.976
==== e(   5) =     8.20826 eV ==== 
     psi = 0.227*[#   1]+0.227*[#   5]+0.084*[#   2]+0.084*[#   3]+0.084*[#   4]
          +0.084*[#   6]+0.084*[#   7]+0.084*[#   8]
    |psi|^2 = 0.955
==== e(   6) =     9.30146 eV ==== 
     psi = 0.156*[#   2]+0.156*[#   3]+0.156*[#   4]+0.156*[#   6]+0.156*[#   7]
          +0.156*[#   8]
    |psi|^2 = 0.933
==== e(   7) =     9.30146 eV ==== 
     psi = 0.156*[#   2]+0.156*[#   3]+0.156*[#   4]+0.156*[#   6]+0.156*[#   7]
          +0.156*[#   8]
    |psi|^2 = 0.933
==== e(   8) =    11.65631 eV ==== 
     psi = 0.218*[#   1]+0.218*[#   5]+0.083*[#   2]+0.083*[#   3]+0.083*[#   4]
          +0.083*[#   6]+0.083*[#   7]+0.083*[#   8]
    |psi|^2 = 0.936

 k =   0.1767766953  0.1767766953 -0.1767766953
==== e(   1) =    -5.02140 eV ==== 
     psi = 0.383*[#   1]+0.383*[#   5]+0.038*[#   2]+0.038*[#   3]+0.038*[#   4]
          +0.038*[#   6]+0.038*[#   7]+0.038*[#   8]
    |psi|^2 = 0.995
==== e(   2) =     2.12371 eV ==== 
     psi = 0.143*[#   1]+0.143*[#   5]+0.117*[#   2]+0.117*[#   3]+0.117*[#   4]
          +0.117*[#   6]+0.117*[#   7]+0.117*[#   8]
    |psi|^2 = 0.987
==== e(   3) =     5.26971 eV ==== 
     psi = 0.163*[#   2]+0.163*[#   3]+0.163*[#   4]+0.163*[#   6]+0.163*[#   7]
          +0.163*[#   8]
    |psi|^2 = 0.981
==== e(   4) =     5.26971 eV ==== 
     psi = 0.163*[#   2]+0.163*[#   3]+0.163*[#   4]+0.163*[#   6]+0.163*[#   7]
          +0.163*[#   8]
    |psi|^2 = 0.981
==== e(   5) =     7.96543 eV ==== 
     psi = 0.268*[#   1]+0.268*[#   5]+0.069*[#   2]+0.069*[#   3]+0.069*[#   4]
          +0.069*[#   6]+0.069*[#   7]+0.069*[#   8]
    |psi|^2 = 0.947
==== e(   6) =     9.50107 eV ==== 
     psi = 0.148*[#   2]+0.148*[#   3]+0.148*[#   4]+0.148*[#   6]+0.148*[#   7]
          +0.148*[#   8]
    |psi|^2 = 0.889
==== e(   7) =     9.50107 eV ==== 
     psi = 0.148*[#   2]+0.148*[#   3]+0.148*[#   4]+0.148*[#   6]+0.148*[#   7]
          +0.148*[#   8]
    |psi|^2 = 0.889
==== e(   8) =    12.75475 eV ==== 
     psi = 0.176*[#   1]+0.176*[#   5]+0.089*[#   2]+0.089*[#   3]+0.089*[#   4]
          +0.089*[#   6]+0.089*[#   7]+0.089*[#   8]
    |psi|^2 = 0.889

 k =   0.2209708691  0.2209708691 -0.2209708691
==== e(   1) =    -4.60703 eV ==== 
     psi = 0.365*[#   1]+0.365*[#   5]+0.044*[#   2]+0.044*[#   3]+0.044*[#   4]
          +0.044*[#   6]+0.044*[#   7]+0.044*[#   8]
    |psi|^2 = 0.995
==== e(   2) =     1.06652 eV ==== 
     psi = 0.152*[#   1]+0.152*[#   5]+0.114*[#   2]+0.114*[#   3]+0.114*[#   4]
          +0.114*[#   6]+0.114*[#   7]+0.114*[#   8]
    |psi|^2 = 0.988
==== e(   3) =     5.08308 eV ==== 
     psi = 0.164*[#   2]+0.164*[#   3]+0.164*[#   4]+0.164*[#   6]+0.164*[#   7]
          +0.164*[#   8]
    |psi|^2 = 0.984
==== e(   4) =     5.08308 eV ==== 
     psi = 0.164*[#   2]+0.164*[#   3]+0.164*[#   4]+0.164*[#   6]+0.164*[#   7]
          +0.164*[#   8]
    |psi|^2 = 0.984
==== e(   5) =     7.75728 eV ==== 
     psi = 0.299*[#   1]+0.299*[#   5]+0.057*[#   2]+0.057*[#   3]+0.057*[#   4]
          +0.057*[#   6]+0.057*[#   7]+0.057*[#   8]
    |psi|^2 = 0.939
==== e(   6) =     9.53205 eV ==== 
     psi = 0.139*[#   2]+0.139*[#   3]+0.139*[#   4]+0.139*[#   6]+0.139*[#   7]
          +0.139*[#   8]
    |psi|^2 = 0.833
==== e(   7) =     9.53205 eV ==== 
     psi = 0.139*[#   2]+0.139*[#   3]+0.139*[#   4]+0.139*[#   6]+0.139*[#   7]
          +0.139*[#   8]
    |psi|^2 = 0.833
==== e(   8) =    13.64369 eV ==== 
     psi = 0.114*[#   1]+0.114*[#   5]+0.080*[#   2]+0.080*[#   3]+0.080*[#   4]
          +0.080*[#   6]+0.080*[#   7]+0.080*[#   8]
    |psi|^2 = 0.708

 k =   0.2651650429  0.2651650429 -0.2651650429
==== e(   1) =    -4.14693 eV ==== 
     psi = 0.361*[#   1]+0.361*[#   5]+0.046*[#   2]+0.046*[#   3]+0.046*[#   4]
          +0.046*[#   6]+0.046*[#   7]+0.046*[#   8]
    |psi|^2 = 0.995
==== e(   2) =     0.13832 eV ==== 
     psi = 0.149*[#   1]+0.149*[#   5]+0.115*[#   2]+0.115*[#   3]+0.115*[#   4]
          +0.115*[#   6]+0.115*[#   7]+0.115*[#   8]
    |psi|^2 = 0.988
==== e(   3) =     4.94605 eV ==== 
     psi = 0.164*[#   2]+0.164*[#   3]+0.164*[#   4]+0.164*[#   6]+0.164*[#   7]
          +0.164*[#   8]
    |psi|^2 = 0.986
==== e(   4) =     4.94605 eV ==== 
     psi = 0.164*[#   2]+0.164*[#   3]+0.164*[#   4]+0.164*[#   6]+0.164*[#   7]
          +0.164*[#   8]
    |psi|^2 = 0.986
==== e(   5) =     7.60130 eV ==== 
     psi = 0.322*[#   1]+0.322*[#   5]+0.048*[#   2]+0.048*[#   3]+0.048*[#   4]
          +0.048*[#   6]+0.048*[#   7]+0.048*[#   8]
    |psi|^2 = 0.932
==== e(   6) =     9.46609 eV ==== 
     psi = 0.132*[#   2]+0.132*[#   3]+0.132*[#   4]+0.132*[#   6]+0.132*[#   7]
          +0.132*[#   8]
    |psi|^2 = 0.794
==== e(   7) =     9.46609 eV ==== 
     psi = 0.132*[#   2]+0.132*[#   3]+0.132*[#   4]+0.132*[#   6]+0.132*[#   7]
          +0.132*[#   8]
    |psi|^2 = 0.794
==== e(   8) =    13.85397 eV ==== 
     psi = 0.040*[#   2]+0.040*[#   3]+0.040*[#   4]+0.040*[#   6]+0.040*[#   7]
          +0.040*[#   8]+0.040*[#   1]+0.040*[#   5]
    |psi|^2 = 0.320

 k =   0.3093592168  0.3093592168 -0.3093592168
==== e(   1) =    -3.72285 eV ==== 
     psi = 0.372*[#   1]+0.372*[#   5]+0.042*[#   2]+0.042*[#   3]+0.042*[#   4]
          +0.042*[#   6]+0.042*[#   7]+0.042*[#   8]
    |psi|^2 = 0.996
==== e(   2) =    -0.56970 eV ==== 
     psi = 0.133*[#   1]+0.133*[#   5]+0.120*[#   2]+0.120*[#   3]+0.120*[#   4]
          +0.120*[#   6]+0.120*[#   7]+0.120*[#   8]
    |psi|^2 = 0.987
==== e(   3) =     4.86293 eV ==== 
     psi = 0.165*[#   2]+0.165*[#   3]+0.165*[#   4]+0.165*[#   6]+0.165*[#   7]
          +0.165*[#   8]
    |psi|^2 = 0.988
==== e(   4) =     4.86293 eV ==== 
     psi = 0.165*[#   2]+0.165*[#   3]+0.165*[#   4]+0.165*[#   6]+0.165*[#   7]
          +0.165*[#   8]
    |psi|^2 = 0.988
==== e(   5) =     7.50551 eV ==== 
     psi = 0.336*[#   1]+0.336*[#   5]+0.042*[#   2]+0.042*[#   3]+0.042*[#   4]
          +0.042*[#   6]+0.042*[#   7]+0.042*[#   8]
    |psi|^2 = 0.927
==== e(   6) =     9.39269 eV ==== 
     psi = 0.129*[#   2]+0.129*[#   3]+0.129*[#   4]+0.129*[#   6]+0.129*[#   7]
          +0.129*[#   8]
    |psi|^2 = 0.775
==== e(   7) =     9.39269 eV ==== 
     psi = 0.129*[#   2]+0.129*[#   3]+0.129*[#   4]+0.129*[#   6]+0.129*[#   7]
          +0.129*[#   8]
    |psi|^2 = 0.775
==== e(   8) =    13.76604 eV ==== 
     psi = 0.027*[#   2]+0.027*[#   3]+0.027*[#   4]+0.027*[#   6]+0.027*[#   7]
          +0.027*[#   8]+0.023*[#   1]+0.023*[#   5]
    |psi|^2 = 0.206

 k =  -0.3535533906 -0.3535533906  0.3535533906
==== e(   1) =    -3.52760 eV ==== 
     psi = 0.384*[#   1]+0.384*[#   5]+0.038*[#   2]+0.038*[#   3]+0.038*[#   4]
          +0.038*[#   6]+0.038*[#   7]+0.038*[#   8]
    |psi|^2 = 0.997
==== e(   2) =    -0.86008 eV ==== 
     psi = 0.124*[#   2]+0.124*[#   3]+0.124*[#   4]+0.124*[#   6]+0.124*[#   7]
          +0.124*[#   8]+0.120*[#   1]+0.120*[#   5]
    |psi|^2 = 0.986
==== e(   3) =     4.83513 eV ==== 
     psi = 0.165*[#   2]+0.165*[#   3]+0.165*[#   4]+0.165*[#   6]+0.165*[#   7]
          +0.165*[#   8]
    |psi|^2 = 0.988
==== e(   4) =     4.83513 eV ==== 
     psi = 0.165*[#   2]+0.165*[#   3]+0.165*[#   4]+0.165*[#   6]+0.165*[#   7]
          +0.165*[#   8]
    |psi|^2 = 0.988
==== e(   5) =     7.47327 eV ==== 
     psi = 0.341*[#   1]+0.341*[#   5]+0.040*[#   2]+0.040*[#   3]+0.040*[#   4]
          +0.040*[#   6]+0.040*[#   7]+0.040*[#   8]
    |psi|^2 = 0.925
==== e(   6) =     9.36312 eV ==== 
     psi = 0.128*[#   2]+0.128*[#   3]+0.128*[#   4]+0.128*[#   6]+0.128*[#   7]
          +0.128*[#   8]
    |psi|^2 = 0.770
==== e(   7) =     9.36312 eV ==== 
     psi = 0.128*[#   2]+0.128*[#   3]+0.128*[#   4]+0.128*[#   6]+0.128*[#   7]
          +0.128*[#   8]
    |psi|^2 = 0.770
==== e(   8) =    13.72130 eV ==== 
     psi = 0.024*[#   2]+0.024*[#   3]+0.024*[#   4]+0.024*[#   6]+0.024*[#   7]
          +0.024*[#   8]+0.021*[#   1]+0.021*[#   5]
    |psi|^2 = 0.184

 k =   0.0883883476  0.0000000000  0.0000000000
==== e(   1) =    -5.73902 eV ==== 
     psi = 0.480*[#   1]+0.480*[#   5]+0.006*[#   2]+0.006*[#   3]+0.006*[#   4]
          +0.006*[#   6]+0.006*[#   7]+0.006*[#   8]
    |psi|^2 = 0.996
==== e(   2) =     5.58341 eV ==== 
     psi = 0.140*[#   2]+0.140*[#   3]+0.140*[#   4]+0.140*[#   6]+0.140*[#   7]
          +0.140*[#   8]+0.062*[#   1]+0.062*[#   5]
    |psi|^2 = 0.967
==== e(   3) =     5.76126 eV ==== 
     psi = 0.161*[#   2]+0.161*[#   3]+0.161*[#   4]+0.161*[#   6]+0.161*[#   7]
          +0.161*[#   8]
    |psi|^2 = 0.968
==== e(   4) =     5.76126 eV ==== 
     psi = 0.161*[#   2]+0.161*[#   3]+0.161*[#   4]+0.161*[#   6]+0.161*[#   7]
          +0.161*[#   8]
    |psi|^2 = 0.968
==== e(   5) =     8.40735 eV ==== 
     psi = 0.155*[#   2]+0.155*[#   3]+0.155*[#   4]+0.155*[#   6]+0.155*[#   7]
          +0.155*[#   8]+0.018*[#   1]+0.018*[#   5]
    |psi|^2 = 0.965
==== e(   6) =     8.90430 eV ==== 
     psi = 0.159*[#   2]+0.159*[#   3]+0.159*[#   4]+0.159*[#   6]+0.159*[#   7]
          +0.159*[#   8]
    |psi|^2 = 0.956
==== e(   7) =     8.90430 eV ==== 
     psi = 0.159*[#   2]+0.159*[#   3]+0.159*[#   4]+0.159*[#   6]+0.159*[#   7]
          +0.159*[#   8]
    |psi|^2 = 0.956
==== e(   8) =     9.54055 eV ==== 
     psi = 0.430*[#   1]+0.430*[#   5]+0.021*[#   2]+0.021*[#   3]+0.021*[#   4]
          +0.021*[#   6]+0.021*[#   7]+0.021*[#   8]
    |psi|^2 = 0.984

 k =   0.1325825215  0.0441941738 -0.0441941738
==== e(   1) =    -5.62202 eV ==== 
     psi = 0.453*[#   1]+0.453*[#   5]+0.015*[#   2]+0.015*[#   3]+0.015*[#   4]
          +0.015*[#   6]+0.015*[#   7]+0.015*[#   8]
    |psi|^2 = 0.996
==== e(   2) =     4.73224 eV ==== 
     psi = 0.132*[#   2]+0.132*[#   3]+0.132*[#   4]+0.132*[#   6]+0.132*[#   7]
          +0.132*[#   8]+0.091*[#   1]+0.091*[#   5]
    |psi|^2 = 0.976
==== e(   3) =     5.50983 eV ==== 
     psi = 0.162*[#   2]+0.162*[#   3]+0.162*[#   4]+0.162*[#   6]+0.162*[#   7]
          +0.162*[#   8]
    |psi|^2 = 0.974
==== e(   4) =     5.66787 eV ==== 
     psi = 0.156*[#   2]+0.156*[#   3]+0.156*[#   4]+0.156*[#   6]+0.156*[#   7]
          +0.156*[#   8]+0.016*[#   1]+0.016*[#   5]
    |psi|^2 = 0.971
==== e(   5) =     8.40287 eV ==== 
     psi = 0.148*[#   2]+0.148*[#   3]+0.148*[#   4]+0.148*[#   6]+0.148*[#   7]
          +0.148*[#   8]+0.037*[#   1]+0.037*[#   5]
    |psi|^2 = 0.959
==== e(   6) =     8.96980 eV ==== 
     psi = 0.127*[#   2]+0.127*[#   3]+0.127*[#   4]+0.127*[#   6]+0.127*[#   7]
          +0.127*[#   8]+0.099*[#   1]+0.099*[#   5]
    |psi|^2 = 0.959
==== e(   7) =     9.26439 eV ==== 
     psi = 0.158*[#   2]+0.158*[#   3]+0.158*[#   4]+0.158*[#   6]+0.158*[#   7]
          +0.158*[#   8]
    |psi|^2 = 0.946
==== e(   8) =    10.27570 eV ==== 
     psi = 0.287*[#   1]+0.287*[#   5]+0.064*[#   2]+0.064*[#   3]+0.064*[#   4]
          +0.064*[#   6]+0.064*[#   7]+0.064*[#   8]
    |psi|^2 = 0.960

 k =   0.1767766953  0.0883883476 -0.0883883476
==== e(   1) =    -5.40701 eV ==== 
     psi = 0.418*[#   1]+0.418*[#   5]+0.027*[#   2]+0.027*[#   3]+0.027*[#   4]
          +0.027*[#   6]+0.027*[#   7]+0.027*[#   8]
    |psi|^2 = 0.996
==== e(   2) =     3.62302 eV ==== 
     psi = 0.123*[#   2]+0.123*[#   3]+0.123*[#   4]+0.123*[#   6]+0.123*[#   7]
          +0.123*[#   8]+0.121*[#   1]+0.121*[#   5]
    |psi|^2 = 0.982
==== e(   3) =     5.25259 eV ==== 
     psi = 0.163*[#   2]+0.163*[#   3]+0.163*[#   4]+0.163*[#   6]+0.163*[#   7]
          +0.163*[#   8]
    |psi|^2 = 0.978
==== e(   4) =     5.47596 eV ==== 
     psi = 0.155*[#   2]+0.155*[#   3]+0.155*[#   4]+0.155*[#   6]+0.155*[#   7]
          +0.155*[#   8]+0.024*[#   1]+0.024*[#   5]
    |psi|^2 = 0.976
==== e(   5) =     8.47372 eV ==== 
     psi = 0.118*[#   2]+0.118*[#   3]+0.118*[#   4]+0.118*[#   6]+0.118*[#   7]
          +0.118*[#   8]+0.118*[#   1]+0.118*[#   5]
    |psi|^2 = 0.946
==== e(   6) =     8.96501 eV ==== 
     psi = 0.133*[#   2]+0.133*[#   3]+0.133*[#   4]+0.133*[#   6]+0.133*[#   7]
          +0.133*[#   8]+0.080*[#   1]+0.080*[#   5]
    |psi|^2 = 0.958
==== e(   7) =     9.63378 eV ==== 
     psi = 0.155*[#   2]+0.155*[#   3]+0.155*[#   4]+0.155*[#   6]+0.155*[#   7]
          +0.155*[#   8]
    |psi|^2 = 0.929
==== e(   8) =    11.17480 eV ==== 
     psi = 0.193*[#   1]+0.193*[#   5]+0.075*[#   2]+0.075*[#   3]+0.075*[#   4]
          +0.075*[#   6]+0.075*[#   7]+0.075*[#   8]
    |psi|^2 = 0.838

 k =   0.2209708691  0.1325825215 -0.1325825215
==== e(   1) =    -5.09895 eV ==== 
     psi = 0.387*[#   1]+0.387*[#   5]+0.037*[#   2]+0.037*[#   3]+0.037*[#   4]
          +0.037*[#   6]+0.037*[#   7]+0.037*[#   8]
    |psi|^2 = 0.995
==== e(   2) =     2.49271 eV ==== 
     psi = 0.142*[#   1]+0.142*[#   5]+0.117*[#   2]+0.117*[#   3]+0.117*[#   4]
          +0.117*[#   6]+0.117*[#   7]+0.117*[#   8]
    |psi|^2 = 0.986
==== e(   3) =     5.03003 eV ==== 
     psi = 0.164*[#   2]+0.164*[#   3]+0.164*[#   4]+0.164*[#   6]+0.164*[#   7]
          +0.164*[#   8]
    |psi|^2 = 0.982
==== e(   4) =     5.22647 eV ==== 
     psi = 0.154*[#   2]+0.154*[#   3]+0.154*[#   4]+0.154*[#   6]+0.154*[#   7]
          +0.154*[#   8]+0.029*[#   1]+0.029*[#   5]
    |psi|^2 = 0.980
==== e(   5) =     8.33784 eV ==== 
     psi = 0.203*[#   1]+0.203*[#   5]+0.089*[#   2]+0.089*[#   3]+0.089*[#   4]
          +0.089*[#   6]+0.089*[#   7]+0.089*[#   8]
    |psi|^2 = 0.939
==== e(   6) =     9.15849 eV ==== 
     psi = 0.145*[#   2]+0.145*[#   3]+0.145*[#   4]+0.145*[#   6]+0.145*[#   7]
          +0.145*[#   8]+0.029*[#   1]+0.029*[#   5]
    |psi|^2 = 0.927
==== e(   7) =     9.87473 eV ==== 
     psi = 0.148*[#   2]+0.148*[#   3]+0.148*[#   4]+0.148*[#   6]+0.148*[#   7]
          +0.148*[#   8]
    |psi|^2 = 0.891
==== e(   8) =    11.73631 eV ==== 
     psi = 0.100*[#   1]+0.100*[#   5]+0.052*[#   2]+0.052*[#   3]+0.052*[#   4]
          +0.052*[#   6]+0.052*[#   7]+0.052*[#   8]
    |psi|^2 = 0.509

 k =   0.2651650429  0.1767766953 -0.1767766953
==== e(   1) =    -4.70821 eV ==== 
     psi = 0.366*[#   1]+0.366*[#   5]+0.044*[#   2]+0.044*[#   3]+0.044*[#   4]
          +0.044*[#   6]+0.044*[#   7]+0.044*[#   8]
    |psi|^2 = 0.995
==== e(   2) =     1.41672 eV ==== 
     psi = 0.153*[#   1]+0.153*[#   5]+0.114*[#   2]+0.114*[#   3]+0.114*[#   4]
          +0.114*[#   6]+0.114*[#   7]+0.114*[#   8]
    |psi|^2 = 0.988
==== e(   3) =     4.86151 eV ==== 
     psi = 0.164*[#   2]+0.164*[#   3]+0.164*[#   4]+0.164*[#   6]+0.164*[#   7]
          +0.164*[#   8]
    |psi|^2 = 0.984
==== e(   4) =     4.97937 eV ==== 
     psi = 0.153*[#   2]+0.153*[#   3]+0.153*[#   4]+0.153*[#   6]+0.153*[#   7]
          +0.153*[#   8]+0.033*[#   1]+0.033*[#   5]
    |psi|^2 = 0.984
==== e(   5) =     8.14621 eV ==== 
     psi = 0.245*[#   1]+0.245*[#   5]+0.074*[#   2]+0.074*[#   3]+0.074*[#   4]
          +0.074*[#   6]+0.074*[#   7]+0.074*[#   8]
    |psi|^2 = 0.933
==== e(   6) =     9.28842 eV ==== 
     psi = 0.140*[#   2]+0.140*[#   3]+0.140*[#   4]+0.140*[#   6]+0.140*[#   7]
          +0.140*[#   8]+0.013*[#   1]+0.013*[#   5]
    |psi|^2 = 0.864
==== e(   7) =     9.91727 eV ==== 
     psi = 0.139*[#   2]+0.139*[#   3]+0.139*[#   4]+0.139*[#   6]+0.139*[#   7]
          +0.139*[#   8]
    |psi|^2 = 0.837
==== e(   8) =    12.22406 eV ==== 
     psi = 0.062*[#   1]+0.062*[#   5]+0.042*[#   2]+0.042*[#   3]+0.042*[#   4]
          +0.042*[#   6]+0.042*[#   7]+0.042*[#   8]
    |psi|^2 = 0.375

 k =   0.3093592168  0.2209708691 -0.2209708691
==== e(   1) =    -4.25794 eV ==== 
     psi = 0.357*[#   1]+0.357*[#   5]+0.047*[#   2]+0.047*[#   3]+0.047*[#   4]
          +0.047*[#   6]+0.047*[#   7]+0.047*[#   8]
    |psi|^2 = 0.995
==== e(   2) =     0.44600 eV ==== 
     psi = 0.154*[#   1]+0.154*[#   5]+0.113*[#   2]+0.113*[#   3]+0.113*[#   4]
          +0.113*[#   6]+0.113*[#   7]+0.113*[#   8]
    |psi|^2 = 0.988
==== e(   3) =     4.75520 eV ==== 
     psi = 0.164*[#   2]+0.164*[#   3]+0.164*[#   4]+0.164*[#   6]+0.164*[#   7]
          +0.164*[#   8]
    |psi|^2 = 0.986
==== e(   4) =     4.76396 eV ==== 
     psi = 0.153*[#   2]+0.153*[#   3]+0.153*[#   4]+0.153*[#   6]+0.153*[#   7]
          +0.153*[#   8]+0.034*[#   1]+0.034*[#   5]
    |psi|^2 = 0.986
==== e(   5) =     7.98246 eV ==== 
     psi = 0.272*[#   1]+0.272*[#   5]+0.064*[#   2]+0.064*[#   3]+0.064*[#   4]
          +0.064*[#   6]+0.064*[#   7]+0.064*[#   8]
    |psi|^2 = 0.926
==== e(   6) =     9.29852 eV ==== 
     psi = 0.132*[#   2]+0.132*[#   3]+0.132*[#   4]+0.132*[#   6]+0.132*[#   7]
          +0.132*[#   8]+0.007*[#   1]+0.007*[#   5]
    |psi|^2 = 0.806
==== e(   7) =     9.81845 eV ==== 
     psi = 0.132*[#   2]+0.132*[#   3]+0.132*[#   4]+0.132*[#   6]+0.132*[#   7]
          +0.132*[#   8]
    |psi|^2 = 0.794
==== e(   8) =    12.92072 eV ==== 
     psi = 0.049*[#   1]+0.049*[#   5]+0.044*[#   2]+0.044*[#   3]+0.044*[#   4]
          +0.044*[#   6]+0.044*[#   7]+0.044*[#   8]
    |psi|^2 = 0.363

 k =   0.3535533906  0.2651650429 -0.2651650429
==== e(   1) =    -3.80675 eV ==== 
     psi = 0.364*[#   1]+0.364*[#   5]+0.045*[#   2]+0.045*[#   3]+0.045*[#   4]
          +0.045*[#   6]+0.045*[#   7]+0.045*[#   8]
    |psi|^2 = 0.996
==== e(   2) =    -0.34714 eV ==== 
     psi = 0.143*[#   1]+0.143*[#   5]+0.117*[#   2]+0.117*[#   3]+0.117*[#   4]
          +0.117*[#   6]+0.117*[#   7]+0.117*[#   8]
    |psi|^2 = 0.988
==== e(   3) =     4.59442 eV ==== 
     psi = 0.153*[#   2]+0.153*[#   3]+0.153*[#   4]+0.153*[#   6]+0.153*[#   7]
          +0.153*[#   8]+0.034*[#   1]+0.034*[#   5]
    |psi|^2 = 0.988
==== e(   4) =     4.71332 eV ==== 
     psi = 0.165*[#   2]+0.165*[#   3]+0.165*[#   4]+0.165*[#   6]+0.165*[#   7]
          +0.165*[#   8]
    |psi|^2 = 0.987
==== e(   5) =     7.86956 eV ==== 
     psi = 0.290*[#   1]+0.290*[#   5]+0.057*[#   2]+0.057*[#   3]+0.057*[#   4]
          +0.057*[#   6]+0.057*[#   7]+0.057*[#   8]
    |psi|^2 = 0.920
==== e(   6) =     9.27749 eV ==== 
     psi = 0.127*[#   2]+0.127*[#   3]+0.127*[#   4]+0.127*[#   6]+0.127*[#   7]
          +0.127*[#   8]+0.006*[#   1]+0.006*[#   5]
    |psi|^2 = 0.775
==== e(   7) =     9.67778 eV ==== 
     psi = 0.129*[#   2]+0.129*[#   3]+0.129*[#   4]+0.129*[#   6]+0.129*[#   7]
          +0.129*[#   8]
    |psi|^2 = 0.772
==== e(   8) =    13.62485 eV ==== 
     psi = 0.044*[#   2]+0.044*[#   3]+0.044*[#   4]+0.044*[#   6]+0.044*[#   7]
          +0.044*[#   8]+0.042*[#   1]+0.042*[#   5]
    |psi|^2 = 0.345

 k =  -0.3093592168 -0.3977475644  0.3977475644
==== e(   1) =    -3.50663 eV ==== 
     psi = 0.379*[#   1]+0.379*[#   5]+0.040*[#   2]+0.040*[#   3]+0.040*[#   4]
          +0.040*[#   6]+0.040*[#   7]+0.040*[#   8]
    |psi|^2 = 0.997
==== e(   2) =    -0.80378 eV ==== 
     psi = 0.126*[#   1]+0.126*[#   5]+0.123*[#   2]+0.123*[#   3]+0.123*[#   4]
          +0.123*[#   6]+0.123*[#   7]+0.123*[#   8]
    |psi|^2 = 0.987
==== e(   3) =     4.47870 eV ==== 
     psi = 0.153*[#   2]+0.153*[#   3]+0.153*[#   4]+0.153*[#   6]+0.153*[#   7]
          +0.153*[#   8]+0.034*[#   1]+0.034*[#   5]
    |psi|^2 = 0.988
==== e(   4) =     4.73464 eV ==== 
     psi = 0.165*[#   2]+0.165*[#   3]+0.165*[#   4]+0.165*[#   6]+0.165*[#   7]
          +0.165*[#   8]
    |psi|^2 = 0.988
==== e(   5) =     7.81599 eV ==== 
     psi = 0.299*[#   1]+0.299*[#   5]+0.053*[#   2]+0.053*[#   3]+0.053*[#   4]
          +0.053*[#   6]+0.053*[#   7]+0.053*[#   8]
    |psi|^2 = 0.917
==== e(   6) =     9.29279 eV ==== 
     psi = 0.126*[#   2]+0.126*[#   3]+0.126*[#   4]+0.126*[#   6]+0.126*[#   7]
          +0.126*[#   8]+0.005*[#   1]+0.005*[#   5]
    |psi|^2 = 0.764
==== e(   7) =     9.56149 eV ==== 
     psi = 0.127*[#   2]+0.127*[#   3]+0.127*[#   4]+0.127*[#   6]+0.127*[#   7]
          +0.127*[#   8]
    |psi|^2 = 0.764
==== e(   8) =    13.87440 eV ==== 
     psi = 0.032*[#   2]+0.032*[#   3]+0.032*[#   4]+0.032*[#   6]+0.032*[#   7]
          +0.032*[#   8]+0.029*[#   1]+0.029*[#   5]
    |psi|^2 = 0.252

 k =  -0.2651650429 -0.3535533906  0.3535533906
==== e(   1) =    -3.57514 eV ==== 
     psi = 0.374*[#   1]+0.374*[#   5]+0.041*[#   2]+0.041*[#   3]+0.041*[#   4]
          +0.041*[#   6]+0.041*[#   7]+0.041*[#   8]
    |psi|^2 = 0.996
==== e(   2) =    -0.70364 eV ==== 
     psi = 0.131*[#   1]+0.131*[#   5]+0.121*[#   2]+0.121*[#   3]+0.121*[#   4]
          +0.121*[#   6]+0.121*[#   7]+0.121*[#   8]
    |psi|^2 = 0.987
==== e(   3) =     4.42228 eV ==== 
     psi = 0.154*[#   2]+0.154*[#   3]+0.154*[#   4]+0.154*[#   6]+0.154*[#   7]
          +0.154*[#   8]+0.033*[#   1]+0.033*[#   5]
    |psi|^2 = 0.988
==== e(   4) =     4.81581 eV ==== 
     psi = 0.165*[#   2]+0.165*[#   3]+0.165*[#   4]+0.165*[#   6]+0.165*[#   7]
          +0.165*[#   8]
    |psi|^2 = 0.988
==== e(   5) =     7.82474 eV ==== 
     psi = 0.299*[#   1]+0.299*[#   5]+0.054*[#   2]+0.054*[#   3]+0.054*[#   4]
          +0.054*[#   6]+0.054*[#   7]+0.054*[#   8]
    |psi|^2 = 0.918
==== e(   6) =     9.36914 eV ==== 
     psi = 0.126*[#   2]+0.126*[#   3]+0.126*[#   4]+0.126*[#   6]+0.126*[#   7]
          +0.126*[#   8]+0.004*[#   1]+0.004*[#   5]
    |psi|^2 = 0.763
==== e(   7) =     9.49785 eV ==== 
     psi = 0.128*[#   2]+0.128*[#   3]+0.128*[#   4]+0.128*[#   6]+0.128*[#   7]
          +0.128*[#   8]
    |psi|^2 = 0.768
==== e(   8) =    13.90690 eV ==== 
     psi = 0.033*[#   2]+0.033*[#   3]+0.033*[#   4]+0.033*[#   6]+0.033*[#   7]
          +0.033*[#   8]+0.030*[#   1]+0.030*[#   5]
    |psi|^2 = 0.255

 k =  -0.2209708691 -0.3093592168  0.3093592168
==== e(   1) =    -3.95122 eV ==== 
     psi = 0.360*[#   1]+0.360*[#   5]+0.046*[#   2]+0.046*[#   3]+0.046*[#   4]
          +0.046*[#   6]+0.046*[#   7]+0.046*[#   8]
    |psi|^2 = 0.996
==== e(   2) =    -0.10835 eV ==== 
     psi = 0.148*[#   1]+0.148*[#   5]+0.115*[#   2]+0.115*[#   3]+0.115*[#   4]
          +0.115*[#   6]+0.115*[#   7]+0.115*[#   8]
    |psi|^2 = 0.988
==== e(   3) =     4.42941 eV ==== 
     psi = 0.154*[#   2]+0.154*[#   3]+0.154*[#   4]+0.154*[#   6]+0.154*[#   7]
          +0.154*[#   8]+0.031*[#   1]+0.031*[#   5]
    |psi|^2 = 0.987
==== e(   4) =     4.95184 eV ==== 
     psi = 0.165*[#   2]+0.165*[#   3]+0.165*[#   4]+0.165*[#   6]+0.165*[#   7]
          +0.165*[#   8]
    |psi|^2 = 0.987
==== e(   5) =     7.89575 eV ==== 
     psi = 0.290*[#   1]+0.290*[#   5]+0.057*[#   2]+0.057*[#   3]+0.057*[#   4]
          +0.057*[#   6]+0.057*[#   7]+0.057*[#   8]
    |psi|^2 = 0.924
==== e(   6) =     9.48436 eV ==== 
     psi = 0.131*[#   2]+0.131*[#   3]+0.131*[#   4]+0.131*[#   6]+0.131*[#   7]
          +0.131*[#   8]
    |psi|^2 = 0.784
==== e(   7) =     9.49930 eV ==== 
     psi = 0.127*[#   2]+0.127*[#   3]+0.127*[#   4]+0.127*[#   6]+0.127*[#   7]
          +0.127*[#   8]+0.004*[#   1]+0.004*[#   5]
    |psi|^2 = 0.773
==== e(   8) =    13.80034 eV ==== 
     psi = 0.051*[#   1]+0.051*[#   5]+0.048*[#   2]+0.048*[#   3]+0.048*[#   4]
          +0.048*[#   6]+0.048*[#   7]+0.048*[#   8]
    |psi|^2 = 0.387

 k =  -0.1767766953 -0.2651650429  0.2651650429
==== e(   1) =    -4.41274 eV ==== 
     psi = 0.359*[#   1]+0.359*[#   5]+0.046*[#   2]+0.046*[#   3]+0.046*[#   4]
          +0.046*[#   6]+0.046*[#   7]+0.046*[#   8]
    |psi|^2 = 0.995
==== e(   2) =     0.75578 eV ==== 
     psi = 0.155*[#   1]+0.155*[#   5]+0.113*[#   2]+0.113*[#   3]+0.113*[#   4]
          +0.113*[#   6]+0.113*[#   7]+0.113*[#   8]
    |psi|^2 = 0.988
==== e(   3) =     4.50316 eV ==== 
     psi = 0.155*[#   2]+0.155*[#   3]+0.155*[#   4]+0.155*[#   6]+0.155*[#   7]
          +0.155*[#   8]+0.029*[#   1]+0.029*[#   5]
    |psi|^2 = 0.986
==== e(   4) =     5.13578 eV ==== 
     psi = 0.164*[#   2]+0.164*[#   3]+0.164*[#   4]+0.164*[#   6]+0.164*[#   7]
          +0.164*[#   8]
    |psi|^2 = 0.985
==== e(   5) =     8.02626 eV ==== 
     psi = 0.272*[#   1]+0.272*[#   5]+0.065*[#   2]+0.065*[#   3]+0.065*[#   4]
          +0.065*[#   6]+0.065*[#   7]+0.065*[#   8]
    |psi|^2 = 0.931
==== e(   6) =     9.48429 eV ==== 
     psi = 0.137*[#   2]+0.137*[#   3]+0.137*[#   4]+0.137*[#   6]+0.137*[#   7]
          +0.137*[#   8]
    |psi|^2 = 0.824
==== e(   7) =     9.64204 eV ==== 
     psi = 0.132*[#   2]+0.132*[#   3]+0.132*[#   4]+0.132*[#   6]+0.132*[#   7]
          +0.132*[#   8]+0.005*[#   1]+0.005*[#   5]
    |psi|^2 = 0.800
==== e(   8) =    13.27454 eV ==== 
     psi = 0.085*[#   1]+0.085*[#   5]+0.061*[#   2]+0.061*[#   3]+0.061*[#   4]
          +0.061*[#   6]+0.061*[#   7]+0.061*[#   8]
    |psi|^2 = 0.537

 k =  -0.1325825215 -0.2209708691  0.2209708691
==== e(   1) =    -4.84707 eV ==== 
     psi = 0.372*[#   1]+0.372*[#   5]+0.042*[#   2]+0.042*[#   3]+0.042*[#   4]
          +0.042*[#   6]+0.042*[#   7]+0.042*[#   8]
    |psi|^2 = 0.995
==== e(   2) =     1.76680 eV ==== 
     psi = 0.151*[#   1]+0.151*[#   5]+0.114*[#   2]+0.114*[#   3]+0.114*[#   4]
          +0.114*[#   6]+0.114*[#   7]+0.114*[#   8]
    |psi|^2 = 0.987
==== e(   3) =     4.64503 eV ==== 
     psi = 0.155*[#   2]+0.155*[#   3]+0.155*[#   4]+0.155*[#   6]+0.155*[#   7]
          +0.155*[#   8]+0.026*[#   1]+0.026*[#   5]
    |psi|^2 = 0.984
==== e(   4) =     5.35703 eV ==== 
     psi = 0.164*[#   2]+0.164*[#   3]+0.164*[#   4]+0.164*[#   6]+0.164*[#   7]
          +0.164*[#   8]
    |psi|^2 = 0.982
==== e(   5) =     8.20943 eV ==== 
     psi = 0.246*[#   1]+0.246*[#   5]+0.075*[#   2]+0.075*[#   3]+0.075*[#   4]
          +0.075*[#   6]+0.075*[#   7]+0.075*[#   8]
    |psi|^2 = 0.940
==== e(   6) =     9.42065 eV ==== 
     psi = 0.147*[#   2]+0.147*[#   3]+0.147*[#   4]+0.147*[#   6]+0.147*[#   7]
          +0.147*[#   8]
    |psi|^2 = 0.884
==== e(   7) =     9.70716 eV ==== 
     psi = 0.139*[#   2]+0.139*[#   3]+0.139*[#   4]+0.139*[#   6]+0.139*[#   7]
          +0.139*[#   8]+0.008*[#   1]+0.008*[#   5]
    |psi|^2 = 0.851
==== e(   8) =    12.55382 eV ==== 
     psi = 0.120*[#   1]+0.120*[#   5]+0.067*[#   2]+0.067*[#   3]+0.067*[#   4]
          +0.067*[#   6]+0.067*[#   7]+0.067*[#   8]
    |psi|^2 = 0.640

 k =  -0.0883883476 -0.1767766953  0.1767766953
==== e(   1) =    -5.21184 eV ==== 
     psi = 0.397*[#   1]+0.397*[#   5]+0.034*[#   2]+0.034*[#   3]+0.034*[#   4]
          +0.034*[#   6]+0.034*[#   7]+0.034*[#   8]
    |psi|^2 = 0.996
==== e(   2) =     2.86296 eV ==== 
     psi = 0.136*[#   1]+0.136*[#   5]+0.119*[#   2]+0.119*[#   3]+0.119*[#   4]
          +0.119*[#   6]+0.119*[#   7]+0.119*[#   8]
    |psi|^2 = 0.985
==== e(   3) =     4.85446 eV ==== 
     psi = 0.156*[#   2]+0.156*[#   3]+0.156*[#   4]+0.156*[#   6]+0.156*[#   7]
          +0.156*[#   8]+0.022*[#   1]+0.022*[#   5]
    |psi|^2 = 0.982
==== e(   4) =     5.59659 eV ==== 
     psi = 0.163*[#   2]+0.163*[#   3]+0.163*[#   4]+0.163*[#   6]+0.163*[#   7]
          +0.163*[#   8]
    |psi|^2 = 0.977
==== e(   5) =     8.43018 eV ==== 
     psi = 0.210*[#   1]+0.210*[#   5]+0.088*[#   2]+0.088*[#   3]+0.088*[#   4]
          +0.088*[#   6]+0.088*[#   7]+0.088*[#   8]
    |psi|^2 = 0.947
==== e(   6) =     9.22095 eV ==== 
     psi = 0.156*[#   2]+0.156*[#   3]+0.156*[#   4]+0.156*[#   6]+0.156*[#   7]
          +0.156*[#   8]
    |psi|^2 = 0.935
==== e(   7) =     9.57286 eV ==== 
     psi = 0.145*[#   2]+0.145*[#   3]+0.145*[#   4]+0.145*[#   6]+0.145*[#   7]
          +0.145*[#   8]+0.018*[#   1]+0.018*[#   5]
    |psi|^2 = 0.907
==== e(   8) =    11.84094 eV ==== 
     psi = 0.171*[#   1]+0.171*[#   5]+0.077*[#   2]+0.077*[#   3]+0.077*[#   4]
          +0.077*[#   6]+0.077*[#   7]+0.077*[#   8]
    |psi|^2 = 0.805

 k =  -0.0441941738 -0.1325825215  0.1325825215
==== e(   1) =    -5.48958 eV ==== 
     psi = 0.430*[#   1]+0.430*[#   5]+0.023*[#   2]+0.023*[#   3]+0.023*[#   4]
          +0.023*[#   6]+0.023*[#   7]+0.023*[#   8]
    |psi|^2 = 0.996
==== e(   2) =     3.98096 eV ==== 
     psi = 0.126*[#   2]+0.126*[#   3]+0.126*[#   4]+0.126*[#   6]+0.126*[#   7]
          +0.126*[#   8]+0.113*[#   1]+0.113*[#   5]
    |psi|^2 = 0.981
==== e(   3) =     5.13107 eV ==== 
     psi = 0.158*[#   2]+0.158*[#   3]+0.158*[#   4]+0.158*[#   6]+0.158*[#   7]
          +0.158*[#   8]+0.015*[#   1]+0.015*[#   5]
    |psi|^2 = 0.978
==== e(   4) =     5.81753 eV ==== 
     psi = 0.162*[#   2]+0.162*[#   3]+0.162*[#   4]+0.162*[#   6]+0.162*[#   7]
          +0.162*[#   8]
    |psi|^2 = 0.972
==== e(   5) =     8.65552 eV ==== 
     psi = 0.162*[#   1]+0.162*[#   5]+0.105*[#   2]+0.105*[#   3]+0.105*[#   4]
          +0.105*[#   6]+0.105*[#   7]+0.105*[#   8]
    |psi|^2 = 0.954
==== e(   6) =     8.92963 eV ==== 
     psi = 0.159*[#   2]+0.159*[#   3]+0.159*[#   4]+0.159*[#   6]+0.159*[#   7]
          +0.159*[#   8]
    |psi|^2 = 0.956
==== e(   7) =     9.22084 eV ==== 
     psi = 0.145*[#   2]+0.145*[#   3]+0.145*[#   4]+0.145*[#   6]+0.145*[#   7]
          +0.145*[#   8]+0.035*[#   1]+0.035*[#   5]
    |psi|^2 = 0.938
==== e(   8) =    11.01024 eV ==== 
     psi = 0.224*[#   1]+0.224*[#   5]+0.081*[#   2]+0.081*[#   3]+0.081*[#   4]
          +0.081*[#   6]+0.081*[#   7]+0.081*[#   8]
    |psi|^2 = 0.931

 k =   0.0000000000 -0.0883883476  0.0883883476
==== e(   1) =    -5.67220 eV ==== 
     psi = 0.464*[#   1]+0.464*[#   5]+0.011*[#   2]+0.011*[#   3]+0.011*[#   4]
          +0.011*[#   6]+0.011*[#   7]+0.011*[#   8]
    |psi|^2 = 0.996
==== e(   2) =     4.96402 eV ==== 
     psi = 0.136*[#   2]+0.136*[#   3]+0.136*[#   4]+0.136*[#   6]+0.136*[#   7]
          +0.136*[#   8]+0.080*[#   1]+0.080*[#   5]
    |psi|^2 = 0.974
==== e(   3) =     5.50368 eV ==== 
     psi = 0.160*[#   2]+0.160*[#   3]+0.160*[#   4]+0.160*[#   6]+0.160*[#   7]
          +0.160*[#   8]+0.005*[#   1]+0.005*[#   5]
    |psi|^2 = 0.973
==== e(   4) =     5.95418 eV ==== 
     psi = 0.161*[#   2]+0.161*[#   3]+0.161*[#   4]+0.161*[#   6]+0.161*[#   7]
          +0.161*[#   8]
    |psi|^2 = 0.966
==== e(   5) =     8.70338 eV ==== 
     psi = 0.161*[#   2]+0.161*[#   3]+0.161*[#   4]+0.161*[#   6]+0.161*[#   7]
          +0.161*[#   8]
    |psi|^2 = 0.963
==== e(   6) =     8.80505 eV ==== 
     psi = 0.149*[#   2]+0.149*[#   3]+0.149*[#   4]+0.149*[#   6]+0.149*[#   7]
          +0.149*[#   8]+0.027*[#   1]+0.027*[#   5]
    |psi|^2 = 0.947
==== e(   7) =     8.80587 eV ==== 
     psi = 0.121*[#   2]+0.121*[#   3]+0.121*[#   4]+0.121*[#   6]+0.121*[#   7]
          +0.121*[#   8]+0.120*[#   1]+0.120*[#   5]
    |psi|^2 = 0.965
==== e(   8) =    10.11078 eV ==== 
     psi = 0.293*[#   1]+0.293*[#   5]+0.064*[#   2]+0.064*[#   3]+0.064*[#   4]
          +0.064*[#   6]+0.064*[#   7]+0.064*[#   8]
    |psi|^2 = 0.969

 k =   0.1767766953  0.0000000000  0.0000000000
==== e(   1) =    -5.53816 eV ==== 
     psi = 0.437*[#   1]+0.437*[#   5]+0.020*[#   2]+0.020*[#   3]+0.020*[#   4]
          +0.020*[#   6]+0.020*[#   7]+0.020*[#   8]
    |psi|^2 = 0.996
==== e(   2) =     4.66015 eV ==== 
     psi = 0.138*[#   1]+0.138*[#   5]+0.117*[#   2]+0.117*[#   3]+0.117*[#   4]
          +0.117*[#   6]+0.117*[#   7]+0.117*[#   8]
    |psi|^2 = 0.975
==== e(   3) =     5.22825 eV ==== 
     psi = 0.163*[#   2]+0.163*[#   3]+0.163*[#   4]+0.163*[#   6]+0.163*[#   7]
          +0.163*[#   8]
    |psi|^2 = 0.978
==== e(   4) =     5.22825 eV ==== 
     psi = 0.163*[#   2]+0.163*[#   3]+0.163*[#   4]+0.163*[#   6]+0.163*[#   7]
          +0.163*[#   8]
    |psi|^2 = 0.978
==== e(   5) =     8.02547 eV ==== 
     psi = 0.141*[#   2]+0.141*[#   3]+0.141*[#   4]+0.141*[#   6]+0.141*[#   7]
          +0.141*[#   8]+0.058*[#   1]+0.058*[#   5]
    |psi|^2 = 0.962
==== e(   6) =     9.68292 eV ==== 
     psi = 0.156*[#   2]+0.156*[#   3]+0.156*[#   4]+0.156*[#   6]+0.156*[#   7]
          +0.156*[#   8]
    |psi|^2 = 0.936
==== e(   7) =     9.68292 eV ==== 
     psi = 0.156*[#   2]+0.156*[#   3]+0.156*[#   4]+0.156*[#   6]+0.156*[#   7]
          +0.156*[#   8]
    |psi|^2 = 0.936
==== e(   8) =    10.21793 eV ==== 
     psi = 0.328*[#   1]+0.328*[#   5]+0.045*[#   2]+0.045*[#   3]+0.045*[#   4]
          +0.045*[#   6]+0.045*[#   7]+0.045*[#   8]
    |psi|^2 = 0.929

 k =   0.2209708691  0.0441941738 -0.0441941738
==== e(   1) =    -5.35560 eV ==== 
     psi = 0.410*[#   1]+0.410*[#   5]+0.029*[#   2]+0.029*[#   3]+0.029*[#   4]
          +0.029*[#   6]+0.029*[#   7]+0.029*[#   8]
    |psi|^2 = 0.996
==== e(   2) =     3.83862 eV ==== 
     psi = 0.144*[#   1]+0.144*[#   5]+0.115*[#   2]+0.115*[#   3]+0.115*[#   4]
          +0.115*[#   6]+0.115*[#   7]+0.115*[#   8]
    |psi|^2 = 0.981
==== e(   3) =     4.95446 eV ==== 
     psi = 0.164*[#   2]+0.164*[#   3]+0.164*[#   4]+0.164*[#   6]+0.164*[#   7]
          +0.164*[#   8]
    |psi|^2 = 0.982
==== e(   4) =     5.03707 eV ==== 
     psi = 0.155*[#   2]+0.155*[#   3]+0.155*[#   4]+0.155*[#   6]+0.155*[#   7]
          +0.155*[#   8]+0.026*[#   1]+0.026*[#   5]
    |psi|^2 = 0.980
==== e(   5) =     7.98519 eV ==== 
     psi = 0.135*[#   2]+0.135*[#   3]+0.135*[#   4]+0.135*[#   6]+0.135*[#   7]
          +0.135*[#   8]+0.072*[#   1]+0.072*[#   5]
    |psi|^2 = 0.955
==== e(   6) =     9.72524 eV ==== 
     psi = 0.121*[#   1]+0.121*[#   5]+0.115*[#   2]+0.115*[#   3]+0.115*[#   4]
          +0.115*[#   6]+0.115*[#   7]+0.115*[#   8]
    |psi|^2 = 0.935
==== e(   7) =    10.11936 eV ==== 
     psi = 0.153*[#   2]+0.153*[#   3]+0.153*[#   4]+0.153*[#   6]+0.153*[#   7]
          +0.153*[#   8]
    |psi|^2 = 0.920
==== e(   8) =    10.63074 eV ==== 
     psi = 0.129*[#   1]+0.129*[#   5]+0.076*[#   2]+0.076*[#   3]+0.076*[#   4]
          +0.076*[#   6]+0.076*[#   7]+0.076*[#   8]
    |psi|^2 = 0.712

 k =   0.2651650429  0.0883883476 -0.0883883476
==== e(   1) =    -5.07815 eV ==== 
     psi = 0.382*[#   1]+0.382*[#   5]+0.039*[#   2]+0.039*[#   3]+0.039*[#   4]
          +0.039*[#   6]+0.039*[#   7]+0.039*[#   8]
    |psi|^2 = 0.995
==== e(   2) =     2.80454 eV ==== 
     psi = 0.155*[#   1]+0.155*[#   5]+0.113*[#   2]+0.113*[#   3]+0.113*[#   4]
          +0.113*[#   6]+0.113*[#   7]+0.113*[#   8]
    |psi|^2 = 0.986
==== e(   3) =     4.72465 eV ==== 
     psi = 0.164*[#   2]+0.164*[#   3]+0.164*[#   4]+0.164*[#   6]+0.164*[#   7]
          +0.164*[#   8]
    |psi|^2 = 0.985
==== e(   4) =     4.78809 eV ==== 
     psi = 0.148*[#   2]+0.148*[#   3]+0.148*[#   4]+0.148*[#   6]+0.148*[#   7]
          +0.148*[#   8]+0.047*[#   1]+0.047*[#   5]
    |psi|^2 = 0.983
==== e(   5) =     8.15692 eV ==== 
     psi = 0.128*[#   2]+0.128*[#   3]+0.128*[#   4]+0.128*[#   6]+0.128*[#   7]
          +0.128*[#   8]+0.085*[#   1]+0.085*[#   5]
    |psi|^2 = 0.936
==== e(   6) =     9.63008 eV ==== 
     psi = 0.146*[#   1]+0.146*[#   5]+0.109*[#   2]+0.109*[#   3]+0.109*[#   4]
          +0.109*[#   6]+0.109*[#   7]+0.109*[#   8]
    |psi|^2 = 0.944
==== e(   7) =    10.43972 eV ==== 
     psi = 0.148*[#   2]+0.148*[#   3]+0.148*[#   4]+0.148*[#   6]+0.148*[#   7]
          +0.148*[#   8]
    |psi|^2 = 0.888
==== e(   8) =    10.75655 eV ==== 
     psi = 0.057*[#   2]+0.057*[#   3]+0.057*[#   4]+0.057*[#   6]+0.057*[#   7]
          +0.057*[#   8]+0.057*[#   1]+0.057*[#   5]
    |psi|^2 = 0.454

 k =   0.3093592168  0.1325825215 -0.1325825215
==== e(   1) =    -4.71377 eV ==== 
     psi = 0.361*[#   1]+0.361*[#   5]+0.046*[#   2]+0.046*[#   3]+0.046*[#   4]
          +0.046*[#   6]+0.046*[#   7]+0.046*[#   8]
    |psi|^2 = 0.995
==== e(   2) =     1.76039 eV ==== 
     psi = 0.164*[#   1]+0.164*[#   5]+0.110*[#   2]+0.110*[#   3]+0.110*[#   4]
          +0.110*[#   6]+0.110*[#   7]+0.110*[#   8]
    |psi|^2 = 0.988
==== e(   3) =     4.49080 eV ==== 
     psi = 0.145*[#   2]+0.145*[#   3]+0.145*[#   4]+0.145*[#   6]+0.145*[#   7]
          +0.145*[#   8]+0.058*[#   1]+0.058*[#   5]
    |psi|^2 = 0.986
==== e(   4) =     4.55681 eV ==== 
     psi = 0.164*[#   2]+0.164*[#   3]+0.164*[#   4]+0.164*[#   6]+0.164*[#   7]
          +0.164*[#   8]
    |psi|^2 = 0.987
==== e(   5) =     8.26363 eV ==== 
     psi = 0.118*[#   1]+0.118*[#   5]+0.111*[#   2]+0.111*[#   3]+0.111*[#   4]
          +0.111*[#   6]+0.111*[#   7]+0.111*[#   8]
    |psi|^2 = 0.902
==== e(   6) =     9.63039 eV ==== 
     psi = 0.117*[#   2]+0.117*[#   3]+0.117*[#   4]+0.117*[#   6]+0.117*[#   7]
          +0.117*[#   8]+0.116*[#   1]+0.116*[#   5]
    |psi|^2 = 0.935
==== e(   7) =    10.54284 eV ==== 
     psi = 0.139*[#   2]+0.139*[#   3]+0.139*[#   4]+0.139*[#   6]+0.139*[#   7]
          +0.139*[#   8]
    |psi|^2 = 0.834
==== e(   8) =    10.91183 eV ==== 
     psi = 0.058*[#   1]+0.058*[#   5]+0.044*[#   2]+0.044*[#   3]+0.044*[#   4]
          +0.044*[#   6]+0.044*[#   7]+0.044*[#   8]
    |psi|^2 = 0.380

 k =   0.3535533906  0.1767766953 -0.1767766953
==== e(   1) =    -4.27966 eV ==== 
     psi = 0.349*[#   1]+0.349*[#   5]+0.049*[#   2]+0.049*[#   3]+0.049*[#   4]
          +0.049*[#   6]+0.049*[#   7]+0.049*[#   8]
    |psi|^2 = 0.995
==== e(   2) =     0.78150 eV ==== 
     psi = 0.167*[#   1]+0.167*[#   5]+0.109*[#   2]+0.109*[#   3]+0.109*[#   4]
          +0.109*[#   6]+0.109*[#   7]+0.109*[#   8]
    |psi|^2 = 0.989
==== e(   3) =     4.20370 eV ==== 
     psi = 0.144*[#   2]+0.144*[#   3]+0.144*[#   4]+0.144*[#   6]+0.144*[#   7]
          +0.144*[#   8]+0.063*[#   1]+0.063*[#   5]
    |psi|^2 = 0.988
==== e(   4) =     4.45915 eV ==== 
     psi = 0.165*[#   2]+0.165*[#   3]+0.165*[#   4]+0.165*[#   6]+0.165*[#   7]
          +0.165*[#   8]
    |psi|^2 = 0.988
==== e(   5) =     8.23984 eV ==== 
     psi = 0.152*[#   1]+0.152*[#   5]+0.096*[#   2]+0.096*[#   3]+0.096*[#   4]
          +0.096*[#   6]+0.096*[#   7]+0.096*[#   8]
    |psi|^2 = 0.877
==== e(   6) =     9.60223 eV ==== 
     psi = 0.115*[#   2]+0.115*[#   3]+0.115*[#   4]+0.115*[#   6]+0.115*[#   7]
          +0.115*[#   8]+0.086*[#   1]+0.086*[#   5]
    |psi|^2 = 0.861
==== e(   7) =    10.45546 eV ==== 
     psi = 0.131*[#   2]+0.131*[#   3]+0.131*[#   4]+0.131*[#   6]+0.131*[#   7]
          +0.131*[#   8]
    |psi|^2 = 0.785
==== e(   8) =    11.45730 eV ==== 
     psi = 0.066*[#   1]+0.066*[#   5]+0.047*[#   2]+0.047*[#   3]+0.047*[#   4]
          +0.047*[#   6]+0.047*[#   7]+0.047*[#   8]
    |psi|^2 = 0.414

 k =   0.3977475644  0.2209708691 -0.2209708691
==== e(   1) =    -3.81773 eV ==== 
     psi = 0.351*[#   1]+0.351*[#   5]+0.049*[#   2]+0.049*[#   3]+0.049*[#   4]
          +0.049*[#   6]+0.049*[#   7]+0.049*[#   8]
    |psi|^2 = 0.995
==== e(   2) =    -0.06371 eV ==== 
     psi = 0.159*[#   1]+0.159*[#   5]+0.112*[#   2]+0.112*[#   3]+0.112*[#   4]
          +0.112*[#   6]+0.112*[#   7]+0.112*[#   8]
    |psi|^2 = 0.989
==== e(   3) =     3.95689 eV ==== 
     psi = 0.143*[#   2]+0.143*[#   3]+0.143*[#   4]+0.143*[#   6]+0.143*[#   7]
          +0.143*[#   8]+0.064*[#   1]+0.064*[#   5]
    |psi|^2 = 0.989
==== e(   4) =     4.43426 eV ==== 
     psi = 0.165*[#   2]+0.165*[#   3]+0.165*[#   4]+0.165*[#   6]+0.165*[#   7]
          +0.165*[#   8]
    |psi|^2 = 0.989
==== e(   5) =     8.18780 eV ==== 
     psi = 0.175*[#   1]+0.175*[#   5]+0.086*[#   2]+0.086*[#   3]+0.086*[#   4]
          +0.086*[#   6]+0.086*[#   7]+0.086*[#   8]
    |psi|^2 = 0.868
==== e(   6) =     9.53682 eV ==== 
     psi = 0.109*[#   2]+0.109*[#   3]+0.109*[#   4]+0.109*[#   6]+0.109*[#   7]
          +0.109*[#   8]+0.075*[#   1]+0.075*[#   5]
    |psi|^2 = 0.804
==== e(   7) =    10.28298 eV ==== 
     psi = 0.126*[#   2]+0.126*[#   3]+0.126*[#   4]+0.126*[#   6]+0.126*[#   7]
          +0.126*[#   8]
    |psi|^2 = 0.758
==== e(   8) =    12.31958 eV ==== 
     psi = 0.062*[#   1]+0.062*[#   5]+0.050*[#   2]+0.050*[#   3]+0.050*[#   4]
          +0.050*[#   6]+0.050*[#   7]+0.050*[#   8]
    |psi|^2 = 0.423

 k =  -0.2651650429 -0.4419417382  0.4419417382
==== e(   1) =    -3.44066 eV ==== 
     psi = 0.364*[#   1]+0.364*[#   5]+0.045*[#   2]+0.045*[#   3]+0.045*[#   4]
          +0.045*[#   6]+0.045*[#   7]+0.045*[#   8]
    |psi|^2 = 0.996
==== e(   2) =    -0.64943 eV ==== 
     psi = 0.143*[#   1]+0.143*[#   5]+0.117*[#   2]+0.117*[#   3]+0.117*[#   4]
          +0.117*[#   6]+0.117*[#   7]+0.117*[#   8]
    |psi|^2 = 0.988
==== e(   3) =     3.76613 eV ==== 
     psi = 0.144*[#   2]+0.144*[#   3]+0.144*[#   4]+0.144*[#   6]+0.144*[#   7]
          +0.144*[#   8]+0.064*[#   1]+0.064*[#   5]
    |psi|^2 = 0.990
==== e(   4) =     4.48110 eV ==== 
     psi = 0.165*[#   2]+0.165*[#   3]+0.165*[#   4]+0.165*[#   6]+0.165*[#   7]
          +0.165*[#   8]
    |psi|^2 = 0.989
==== e(   5) =     8.17355 eV ==== 
     psi = 0.191*[#   1]+0.191*[#   5]+0.081*[#   2]+0.081*[#   3]+0.081*[#   4]
          +0.081*[#   6]+0.081*[#   7]+0.081*[#   8]
    |psi|^2 = 0.870
==== e(   6) =     9.50205 eV ==== 
     psi = 0.106*[#   2]+0.106*[#   3]+0.106*[#   4]+0.106*[#   6]+0.106*[#   7]
          +0.106*[#   8]+0.069*[#   1]+0.069*[#   5]
    |psi|^2 = 0.775
==== e(   7) =    10.10779 eV ==== 
     psi = 0.125*[#   2]+0.125*[#   3]+0.125*[#   4]+0.125*[#   6]+0.125*[#   7]
          +0.125*[#   8]
    |psi|^2 = 0.747
==== e(   8) =    13.31937 eV ==== 
     psi = 0.053*[#   1]+0.053*[#   5]+0.048*[#   2]+0.048*[#   3]+0.048*[#   4]
          +0.048*[#   6]+0.048*[#   7]+0.048*[#   8]
    |psi|^2 = 0.395

 k =  -0.2209708691 -0.3977475644  0.3977475644
==== e(   1) =    -3.37405 eV ==== 
     psi = 0.369*[#   1]+0.369*[#   5]+0.043*[#   2]+0.043*[#   3]+0.043*[#   4]
          +0.043*[#   6]+0.043*[#   7]+0.043*[#   8]
    |psi|^2 = 0.996
==== e(   2) =    -0.74437 eV ==== 
     psi = 0.138*[#   1]+0.138*[#   5]+0.119*[#   2]+0.119*[#   3]+0.119*[#   4]
          +0.119*[#   6]+0.119*[#   7]+0.119*[#   8]
    |psi|^2 = 0.988
==== e(   3) =     3.64147 eV ==== 
     psi = 0.144*[#   2]+0.144*[#   3]+0.144*[#   4]+0.144*[#   6]+0.144*[#   7]
          +0.144*[#   8]+0.062*[#   1]+0.062*[#   5]
    |psi|^2 = 0.990
==== e(   4) =     4.59565 eV ==== 
     psi = 0.165*[#   2]+0.165*[#   3]+0.165*[#   4]+0.165*[#   6]+0.165*[#   7]
          +0.165*[#   8]
    |psi|^2 = 0.989
==== e(   5) =     8.21808 eV ==== 
     psi = 0.202*[#   1]+0.202*[#   5]+0.079*[#   2]+0.079*[#   3]+0.079*[#   4]
          +0.079*[#   6]+0.079*[#   7]+0.079*[#   8]
    |psi|^2 = 0.877
==== e(   6) =     9.52923 eV ==== 
     psi = 0.106*[#   2]+0.106*[#   3]+0.106*[#   4]+0.106*[#   6]+0.106*[#   7]
          +0.106*[#   8]+0.062*[#   1]+0.062*[#   5]
    |psi|^2 = 0.761
==== e(   7) =     9.97019 eV ==== 
     psi = 0.125*[#   2]+0.125*[#   3]+0.125*[#   4]+0.125*[#   6]+0.125*[#   7]
          +0.125*[#   8]
    |psi|^2 = 0.750
==== e(   8) =    14.14811 eV ==== 
     psi = 0.052*[#   2]+0.052*[#   3]+0.052*[#   4]+0.052*[#   6]+0.052*[#   7]
          +0.052*[#   8]+0.052*[#   1]+0.052*[#   5]
    |psi|^2 = 0.417

 k =  -0.1767766953 -0.3535533906  0.3535533906
==== e(   1) =    -3.67795 eV ==== 
     psi = 0.355*[#   1]+0.355*[#   5]+0.048*[#   2]+0.048*[#   3]+0.048*[#   4]
          +0.048*[#   6]+0.048*[#   7]+0.048*[#   8]
    |psi|^2 = 0.996
==== e(   2) =    -0.28810 eV ==== 
     psi = 0.154*[#   1]+0.154*[#   5]+0.114*[#   2]+0.114*[#   3]+0.114*[#   4]
          +0.114*[#   6]+0.114*[#   7]+0.114*[#   8]
    |psi|^2 = 0.989
==== e(   3) =     3.59082 eV ==== 
     psi = 0.145*[#   2]+0.145*[#   3]+0.145*[#   4]+0.145*[#   6]+0.145*[#   7]
          +0.145*[#   8]+0.059*[#   1]+0.059*[#   5]
    |psi|^2 = 0.990
==== e(   4) =     4.77089 eV ==== 
     psi = 0.165*[#   2]+0.165*[#   3]+0.165*[#   4]+0.165*[#   6]+0.165*[#   7]
          +0.165*[#   8]
    |psi|^2 = 0.988
==== e(   5) =     8.32145 eV ==== 
     psi = 0.207*[#   1]+0.207*[#   5]+0.079*[#   2]+0.079*[#   3]+0.079*[#   4]
          +0.079*[#   6]+0.079*[#   7]+0.079*[#   8]
    |psi|^2 = 0.888
==== e(   6) =     9.62305 eV ==== 
     psi = 0.109*[#   2]+0.109*[#   3]+0.109*[#   4]+0.109*[#   6]+0.109*[#   7]
          +0.109*[#   8]+0.052*[#   1]+0.052*[#   5]
    |psi|^2 = 0.756
==== e(   7) =     9.87712 eV ==== 
     psi = 0.128*[#   2]+0.128*[#   3]+0.128*[#   4]+0.128*[#   6]+0.128*[#   7]
          +0.128*[#   8]
    |psi|^2 = 0.769
==== e(   8) =    13.83916 eV ==== 
     psi = 0.074*[#   1]+0.074*[#   5]+0.058*[#   2]+0.058*[#   3]+0.058*[#   4]
          +0.058*[#   6]+0.058*[#   7]+0.058*[#   8]
    |psi|^2 = 0.497

 k =  -0.1325825215 -0.3093592168  0.3093592168
==== e(   1) =    -4.13017 eV ==== 
     psi = 0.350*[#   1]+0.350*[#   5]+0.049*[#   2]+0.049*[#   3]+0.049*[#   4]
          +0.049*[#   6]+0.049*[#   7]+0.049*[#   8]
    |psi|^2 = 0.995
==== e(   2) =     0.49160 eV ==== 
     psi = 0.164*[#   1]+0.164*[#   5]+0.110*[#   2]+0.110*[#   3]+0.110*[#   4]
          +0.110*[#   6]+0.110*[#   7]+0.110*[#   8]
    |psi|^2 = 0.989
==== e(   3) =     3.62189 eV ==== 
     psi = 0.146*[#   2]+0.146*[#   3]+0.146*[#   4]+0.146*[#   6]+0.146*[#   7]
          +0.146*[#   8]+0.055*[#   1]+0.055*[#   5]
    |psi|^2 = 0.989
==== e(   4) =     4.99589 eV ==== 
     psi = 0.164*[#   2]+0.164*[#   3]+0.164*[#   4]+0.164*[#   6]+0.164*[#   7]
          +0.164*[#   8]
    |psi|^2 = 0.987
==== e(   5) =     8.47452 eV ==== 
     psi = 0.204*[#   1]+0.204*[#   5]+0.083*[#   2]+0.083*[#   3]+0.083*[#   4]
          +0.083*[#   6]+0.083*[#   7]+0.083*[#   8]
    |psi|^2 = 0.903
==== e(   6) =     9.75916 eV ==== 
     psi = 0.113*[#   2]+0.113*[#   3]+0.113*[#   4]+0.113*[#   6]+0.113*[#   7]
          +0.113*[#   8]+0.043*[#   1]+0.043*[#   5]
    |psi|^2 = 0.765
==== e(   7) =     9.80095 eV ==== 
     psi = 0.136*[#   2]+0.136*[#   3]+0.136*[#   4]+0.136*[#   6]+0.136*[#   7]
          +0.136*[#   8]
    |psi|^2 = 0.814
==== e(   8) =    13.00843 eV ==== 
     psi = 0.099*[#   1]+0.099*[#   5]+0.064*[#   2]+0.064*[#   3]+0.064*[#   4]
          +0.064*[#   6]+0.064*[#   7]+0.064*[#   8]
    |psi|^2 = 0.579

 k =  -0.0883883476 -0.2651650429  0.2651650429
==== e(   1) =    -4.57964 eV ==== 
     psi = 0.358*[#   1]+0.358*[#   5]+0.047*[#   2]+0.047*[#   3]+0.047*[#   4]
          +0.047*[#   6]+0.047*[#   7]+0.047*[#   8]
    |psi|^2 = 0.995
==== e(   2) =     1.42808 eV ==== 
     psi = 0.164*[#   1]+0.164*[#   5]+0.110*[#   2]+0.110*[#   3]+0.110*[#   4]
          +0.110*[#   6]+0.110*[#   7]+0.110*[#   8]
    |psi|^2 = 0.989
==== e(   3) =     3.74540 eV ==== 
     psi = 0.148*[#   2]+0.148*[#   3]+0.148*[#   4]+0.148*[#   6]+0.148*[#   7]
          +0.148*[#   8]+0.050*[#   1]+0.050*[#   5]
    |psi|^2 = 0.988
==== e(   4) =     5.25327 eV ==== 
     psi = 0.164*[#   2]+0.164*[#   3]+0.164*[#   4]+0.164*[#   6]+0.164*[#   7]
          +0.164*[#   8]
    |psi|^2 = 0.984
==== e(   5) =     8.66297 eV ==== 
     psi = 0.191*[#   1]+0.191*[#   5]+0.090*[#   2]+0.090*[#   3]+0.090*[#   4]
          +0.090*[#   6]+0.090*[#   7]+0.090*[#   8]
    |psi|^2 = 0.920
==== e(   6) =     9.67152 eV ==== 
     psi = 0.147*[#   2]+0.147*[#   3]+0.147*[#   4]+0.147*[#   6]+0.147*[#   7]
          +0.147*[#   8]
    |psi|^2 = 0.883
==== e(   7) =     9.85162 eV ==== 
     psi = 0.121*[#   2]+0.121*[#   3]+0.121*[#   4]+0.121*[#   6]+0.121*[#   7]
          +0.121*[#   8]+0.040*[#   1]+0.040*[#   5]
    |psi|^2 = 0.803
==== e(   8) =    12.22229 eV ==== 
     psi = 0.119*[#   1]+0.119*[#   5]+0.065*[#   2]+0.065*[#   3]+0.065*[#   4]
          +0.065*[#   6]+0.065*[#   7]+0.065*[#   8]
    |psi|^2 = 0.625

 k =  -0.0441941738 -0.2209708691  0.2209708691
==== e(   1) =    -4.96901 eV ==== 
     psi = 0.376*[#   1]+0.376*[#   5]+0.041*[#   2]+0.041*[#   3]+0.041*[#   4]
          +0.041*[#   6]+0.041*[#   7]+0.041*[#   8]
    |psi|^2 = 0.995
==== e(   2) =     2.42301 eV ==== 
     psi = 0.157*[#   1]+0.157*[#   5]+0.112*[#   2]+0.112*[#   3]+0.112*[#   4]
          +0.112*[#   6]+0.112*[#   7]+0.112*[#   8]
    |psi|^2 = 0.987
==== e(   3) =     3.98654 eV ==== 
     psi = 0.151*[#   2]+0.151*[#   3]+0.151*[#   4]+0.151*[#   6]+0.151*[#   7]
          +0.151*[#   8]+0.041*[#   1]+0.041*[#   5]
    |psi|^2 = 0.986
==== e(   4) =     5.51374 eV ==== 
     psi = 0.163*[#   2]+0.163*[#   3]+0.163*[#   4]+0.163*[#   6]+0.163*[#   7]
          +0.163*[#   8]
    |psi|^2 = 0.981
==== e(   5) =     8.86135 eV ==== 
     psi = 0.171*[#   1]+0.171*[#   5]+0.099*[#   2]+0.099*[#   3]+0.099*[#   4]
          +0.099*[#   6]+0.099*[#   7]+0.099*[#   8]
    |psi|^2 = 0.937
==== e(   6) =     9.42229 eV ==== 
     psi = 0.156*[#   2]+0.156*[#   3]+0.156*[#   4]+0.156*[#   6]+0.156*[#   7]
          +0.156*[#   8]
    |psi|^2 = 0.937
==== e(   7) =     9.71952 eV ==== 
     psi = 0.127*[#   2]+0.127*[#   3]+0.127*[#   4]+0.127*[#   6]+0.127*[#   7]
          +0.127*[#   8]+0.052*[#   1]+0.052*[#   5]
    |psi|^2 = 0.867
==== e(   8) =    11.71372 eV ==== 
     psi = 0.135*[#   1]+0.135*[#   5]+0.067*[#   2]+0.067*[#   3]+0.067*[#   4]
          +0.067*[#   6]+0.067*[#   7]+0.067*[#   8]
    |psi|^2 = 0.671

 k =   0.0000000000 -0.1767766953  0.1767766953
==== e(   1) =    -5.27571 eV ==== 
     psi = 0.402*[#   1]+0.402*[#   5]+0.032*[#   2]+0.032*[#   3]+0.032*[#   4]
          +0.032*[#   6]+0.032*[#   7]+0.032*[#   8]
    |psi|^2 = 0.996
==== e(   2) =     3.33629 eV ==== 
     psi = 0.142*[#   1]+0.142*[#   5]+0.117*[#   2]+0.117*[#   3]+0.117*[#   4]
          +0.117*[#   6]+0.117*[#   7]+0.117*[#   8]
    |psi|^2 = 0.984
==== e(   3) =     4.42390 eV ==== 
     psi = 0.155*[#   2]+0.155*[#   3]+0.155*[#   4]+0.155*[#   6]+0.155*[#   7]
          +0.155*[#   8]+0.028*[#   1]+0.028*[#   5]
    |psi|^2 = 0.984
==== e(   4) =     5.72655 eV ==== 
     psi = 0.163*[#   2]+0.163*[#   3]+0.163*[#   4]+0.163*[#   6]+0.163*[#   7]
          +0.163*[#   8]
    |psi|^2 = 0.976
==== e(   5) =     8.97263 eV ==== 
     psi = 0.157*[#   1]+0.157*[#   5]+0.107*[#   2]+0.107*[#   3]+0.107*[#   4]
          +0.107*[#   6]+0.107*[#   7]+0.107*[#   8]
    |psi|^2 = 0.955
==== e(   6) =     9.11763 eV ==== 
     psi = 0.159*[#   2]+0.159*[#   3]+0.159*[#   4]+0.159*[#   6]+0.159*[#   7]
          +0.159*[#   8]
    |psi|^2 = 0.954
==== e(   7) =     9.34641 eV ==== 
     psi = 0.131*[#   2]+0.131*[#   3]+0.131*[#   4]+0.131*[#   6]+0.131*[#   7]
          +0.131*[#   8]+0.061*[#   1]+0.061*[#   5]
    |psi|^2 = 0.905
==== e(   8) =    11.43627 eV ==== 
     psi = 0.164*[#   1]+0.164*[#   5]+0.079*[#   2]+0.079*[#   3]+0.079*[#   4]
          +0.079*[#   6]+0.079*[#   7]+0.079*[#   8]
    |psi|^2 = 0.802

 k =   0.2651650429  0.0000000000  0.0000000000
==== e(   1) =    -5.20537 eV ==== 
     psi = 0.391*[#   1]+0.391*[#   5]+0.036*[#   2]+0.036*[#   3]+0.036*[#   4]
          +0.036*[#   6]+0.036*[#   7]+0.036*[#   8]
    |psi|^2 = 0.996
==== e(   2) =     3.59488 eV ==== 
     psi = 0.186*[#   1]+0.186*[#   5]+0.102*[#   2]+0.102*[#   3]+0.102*[#   4]
          +0.102*[#   6]+0.102*[#   7]+0.102*[#   8]
    |psi|^2 = 0.982
==== e(   3) =     4.66559 eV ==== 
     psi = 0.164*[#   2]+0.164*[#   3]+0.164*[#   4]+0.164*[#   6]+0.164*[#   7]
          +0.164*[#   8]
    |psi|^2 = 0.985
==== e(   4) =     4.66559 eV ==== 
     psi = 0.164*[#   2]+0.164*[#   3]+0.164*[#   4]+0.164*[#   6]+0.164*[#   7]
          +0.164*[#   8]
    |psi|^2 = 0.985
==== e(   5) =     7.57529 eV ==== 
     psi = 0.126*[#   2]+0.126*[#   3]+0.126*[#   4]+0.126*[#   6]+0.126*[#   7]
          +0.126*[#   8]+0.101*[#   1]+0.101*[#   5]
    |psi|^2 = 0.956
==== e(   6) =    10.01916 eV ==== 
     psi = 0.176*[#   1]+0.176*[#   5]+0.045*[#   2]+0.045*[#   3]+0.045*[#   4]
          +0.045*[#   6]+0.045*[#   7]+0.045*[#   8]
    |psi|^2 = 0.619
==== e(   7) =    10.64804 eV ==== 
     psi = 0.151*[#   2]+0.151*[#   3]+0.151*[#   4]+0.151*[#   6]+0.151*[#   7]
          +0.151*[#   8]
    |psi|^2 = 0.907
==== e(   8) =    10.64804 eV ==== 
     psi = 0.151*[#   2]+0.151*[#   3]+0.151*[#   4]+0.151*[#   6]+0.151*[#   7]
          +0.151*[#   8]
    |psi|^2 = 0.907

 k =   0.3093592168  0.0441941738 -0.0441941738
==== e(   1) =    -4.95913 eV ==== 
     psi = 0.370*[#   1]+0.370*[#   5]+0.043*[#   2]+0.043*[#   3]+0.043*[#   4]
          +0.043*[#   6]+0.043*[#   7]+0.043*[#   8]
    |psi|^2 = 0.995
==== e(   2) =     2.86609 eV ==== 
     psi = 0.191*[#   1]+0.191*[#   5]+0.101*[#   2]+0.101*[#   3]+0.101*[#   4]
          +0.101*[#   6]+0.101*[#   7]+0.101*[#   8]
    |psi|^2 = 0.985
==== e(   3) =     4.39084 eV ==== 
     psi = 0.158*[#   2]+0.158*[#   3]+0.158*[#   4]+0.158*[#   6]+0.158*[#   7]
          +0.158*[#   8]+0.020*[#   1]+0.020*[#   5]
    |psi|^2 = 0.987
==== e(   4) =     4.42260 eV ==== 
     psi = 0.165*[#   2]+0.165*[#   3]+0.165*[#   4]+0.165*[#   6]+0.165*[#   7]
          +0.165*[#   8]
    |psi|^2 = 0.987
==== e(   5) =     7.54998 eV ==== 
     psi = 0.122*[#   2]+0.122*[#   3]+0.122*[#   4]+0.122*[#   6]+0.122*[#   7]
          +0.122*[#   8]+0.109*[#   1]+0.109*[#   5]
    |psi|^2 = 0.948
==== e(   6) =     9.69191 eV ==== 
     psi = 0.150*[#   1]+0.150*[#   5]+0.045*[#   2]+0.045*[#   3]+0.045*[#   4]
          +0.045*[#   6]+0.045*[#   7]+0.045*[#   8]
    |psi|^2 = 0.570
==== e(   7) =    10.92778 eV ==== 
     psi = 0.133*[#   2]+0.133*[#   3]+0.133*[#   4]+0.133*[#   6]+0.133*[#   7]
          +0.133*[#   8]+0.011*[#   1]+0.011*[#   5]
    |psi|^2 = 0.821
==== e(   8) =    11.08956 eV ==== 
     psi = 0.147*[#   2]+0.147*[#   3]+0.147*[#   4]+0.147*[#   6]+0.147*[#   7]
          +0.147*[#   8]
    |psi|^2 = 0.882

 k =   0.3535533906  0.0883883476 -0.0883883476
==== e(   1) =    -4.62295 eV ==== 
     psi = 0.351*[#   1]+0.351*[#   5]+0.049*[#   2]+0.049*[#   3]+0.049*[#   4]
          +0.049*[#   6]+0.049*[#   7]+0.049*[#   8]
    |psi|^2 = 0.995
==== e(   2) =     1.96985 eV ==== 
     psi = 0.192*[#   1]+0.192*[#   5]+0.101*[#   2]+0.101*[#   3]+0.101*[#   4]
          +0.101*[#   6]+0.101*[#   7]+0.101*[#   8]
    |psi|^2 = 0.988
==== e(   3) =     4.03933 eV ==== 
     psi = 0.150*[#   2]+0.150*[#   3]+0.150*[#   4]+0.150*[#   6]+0.150*[#   7]
          +0.150*[#   8]+0.044*[#   1]+0.044*[#   5]
    |psi|^2 = 0.989
==== e(   4) =     4.24438 eV ==== 
     psi = 0.165*[#   2]+0.165*[#   3]+0.165*[#   4]+0.165*[#   6]+0.165*[#   7]
          +0.165*[#   8]
    |psi|^2 = 0.989
==== e(   5) =     7.74549 eV ==== 
     psi = 0.117*[#   2]+0.117*[#   3]+0.117*[#   4]+0.117*[#   6]+0.117*[#   7]
          +0.117*[#   8]+0.109*[#   1]+0.109*[#   5]
    |psi|^2 = 0.921
==== e(   6) =     9.64619 eV ==== 
     psi = 0.139*[#   1]+0.139*[#   5]+0.049*[#   2]+0.049*[#   3]+0.049*[#   4]
          +0.049*[#   6]+0.049*[#   7]+0.049*[#   8]
    |psi|^2 = 0.573
==== e(   7) =    10.86405 eV ==== 
     psi = 0.114*[#   2]+0.114*[#   3]+0.114*[#   4]+0.114*[#   6]+0.114*[#   7]
          +0.114*[#   8]+0.038*[#   1]+0.038*[#   5]
    |psi|^2 = 0.762
==== e(   8) =    11.30890 eV ==== 
     psi = 0.138*[#   2]+0.138*[#   3]+0.138*[#   4]+0.138*[#   6]+0.138*[#   7]
          +0.138*[#   8]
    |psi|^2 = 0.830

 k =   0.3977475644  0.1325825215 -0.1325825215
==== e(   1) =    -4.20964 eV ==== 
     psi = 0.339*[#   1]+0.339*[#   5]+0.053*[#   2]+0.053*[#   3]+0.053*[#   4]
          +0.053*[#   6]+0.053*[#   7]+0.053*[#   8]
    |psi|^2 = 0.995
==== e(   2) =     1.05655 eV ==== 
     psi = 0.192*[#   1]+0.192*[#   5]+0.101*[#   2]+0.101*[#   3]+0.101*[#   4]
          +0.101*[#   6]+0.101*[#   7]+0.101*[#   8]
    |psi|^2 = 0.990
==== e(   3) =     3.66641 eV ==== 
     psi = 0.146*[#   2]+0.146*[#   3]+0.146*[#   4]+0.146*[#   6]+0.146*[#   7]
          +0.146*[#   8]+0.057*[#   1]+0.057*[#   5]
    |psi|^2 = 0.990
==== e(   4) =     4.14011 eV ==== 
     psi = 0.165*[#   2]+0.165*[#   3]+0.165*[#   4]+0.165*[#   6]+0.165*[#   7]
          +0.165*[#   8]
    |psi|^2 = 0.990
==== e(   5) =     7.87096 eV ==== 
     psi = 0.116*[#   1]+0.116*[#   5]+0.107*[#   2]+0.107*[#   3]+0.107*[#   4]
          +0.107*[#   6]+0.107*[#   7]+0.107*[#   8]
    |psi|^2 = 0.872
==== e(   6) =    10.05607 eV ==== 
     psi = 0.125*[#   1]+0.125*[#   5]+0.060*[#   2]+0.060*[#   3]+0.060*[#   4]
          +0.060*[#   6]+0.060*[#   7]+0.060*[#   8]
    |psi|^2 = 0.610
==== e(   7) =    10.70650 eV ==== 
     psi = 0.101*[#   2]+0.101*[#   3]+0.101*[#   4]+0.101*[#   6]+0.101*[#   7]
          +0.101*[#   8]+0.060*[#   1]+0.060*[#   5]
    |psi|^2 = 0.724
==== e(   8) =    11.28252 eV ==== 
     psi = 0.129*[#   2]+0.129*[#   3]+0.129*[#   4]+0.129*[#   6]+0.129*[#   7]
          +0.129*[#   8]
    |psi|^2 = 0.772

 k =   0.4419417382  0.1767766953 -0.1767766953
==== e(   1) =    -3.74916 eV ==== 
     psi = 0.336*[#   1]+0.336*[#   5]+0.054*[#   2]+0.054*[#   3]+0.054*[#   4]
          +0.054*[#   6]+0.054*[#   7]+0.054*[#   8]
    |psi|^2 = 0.995
==== e(   2) =     0.21393 eV ==== 
     psi = 0.187*[#   1]+0.187*[#   5]+0.103*[#   2]+0.103*[#   3]+0.103*[#   4]
          +0.103*[#   6]+0.103*[#   7]+0.103*[#   8]
    |psi|^2 = 0.990
==== e(   3) =     3.32967 eV ==== 
     psi = 0.144*[#   2]+0.144*[#   3]+0.144*[#   4]+0.144*[#   6]+0.144*[#   7]
          +0.144*[#   8]+0.063*[#   1]+0.063*[#   5]
    |psi|^2 = 0.991
==== e(   4) =     4.11340 eV ==== 
     psi = 0.165*[#   2]+0.165*[#   3]+0.165*[#   4]+0.165*[#   6]+0.165*[#   7]
          +0.165*[#   8]
    |psi|^2 = 0.990
==== e(   5) =     7.89959 eV ==== 
     psi = 0.124*[#   1]+0.124*[#   5]+0.099*[#   2]+0.099*[#   3]+0.099*[#   4]
          +0.099*[#   6]+0.099*[#   7]+0.099*[#   8]
    |psi|^2 = 0.842
==== e(   6) =    10.54524 eV ==== 
     psi = 0.099*[#   2]+0.099*[#   3]+0.099*[#   4]+0.099*[#   6]+0.099*[#   7]
          +0.099*[#   8]+0.099*[#   1]+0.099*[#   5]
    |psi|^2 = 0.795
==== e(   7) =    10.86485 eV ==== 
     psi = 0.086*[#   1]+0.086*[#   5]+0.057*[#   2]+0.057*[#   3]+0.057*[#   4]
          +0.057*[#   6]+0.057*[#   7]+0.057*[#   8]
    |psi|^2 = 0.514
==== e(   8) =    11.11472 eV ==== 
     psi = 0.122*[#   2]+0.122*[#   3]+0.122*[#   4]+0.122*[#   6]+0.122*[#   7]
          +0.122*[#   8]
    |psi|^2 = 0.735

 k =  -0.2209708691 -0.4861359121  0.4861359121
==== e(   1) =    -3.32212 eV ==== 
     psi = 0.345*[#   1]+0.345*[#   5]+0.051*[#   2]+0.051*[#   3]+0.051*[#   4]
          +0.051*[#   6]+0.051*[#   7]+0.051*[#   8]
    |psi|^2 = 0.996
==== e(   2) =    -0.44843 eV ==== 
     psi = 0.173*[#   1]+0.173*[#   5]+0.107*[#   2]+0.107*[#   3]+0.107*[#   4]
          +0.107*[#   6]+0.107*[#   7]+0.107*[#   8]
    |psi|^2 = 0.990
==== e(   3) =     3.05656 eV ==== 
     psi = 0.144*[#   2]+0.144*[#   3]+0.144*[#   4]+0.144*[#   6]+0.144*[#   7]
          +0.144*[#   8]+0.064*[#   1]+0.064*[#   5]
    |psi|^2 = 0.992
==== e(   4) =     4.16412 eV ==== 
     psi = 0.165*[#   2]+0.165*[#   3]+0.165*[#   4]+0.165*[#   6]+0.165*[#   7]
          +0.165*[#   8]
    |psi|^2 = 0.990
==== e(   5) =     7.93825 eV ==== 
     psi = 0.128*[#   1]+0.128*[#   5]+0.096*[#   2]+0.096*[#   3]+0.096*[#   4]
          +0.096*[#   6]+0.096*[#   7]+0.096*[#   8]
    |psi|^2 = 0.834
==== e(   6) =    10.43122 eV ==== 
     psi = 0.102*[#   1]+0.102*[#   5]+0.089*[#   2]+0.089*[#   3]+0.089*[#   4]
          +0.089*[#   6]+0.089*[#   7]+0.089*[#   8]
    |psi|^2 = 0.740
==== e(   7) =    10.90943 eV ==== 
     psi = 0.120*[#   2]+0.120*[#   3]+0.120*[#   4]+0.120*[#   6]+0.120*[#   7]
          +0.120*[#   8]
    |psi|^2 = 0.721
==== e(   8) =    11.89544 eV ==== 
     psi = 0.078*[#   1]+0.078*[#   5]+0.057*[#   2]+0.057*[#   3]+0.057*[#   4]
          +0.057*[#   6]+0.057*[#   7]+0.057*[#   8]
    |psi|^2 = 0.500

 k =  -0.1767766953 -0.4419417382  0.4419417382
==== e(   1) =    -3.12889 eV ==== 
     psi = 0.356*[#   1]+0.356*[#   5]+0.047*[#   2]+0.047*[#   3]+0.047*[#   4]
          +0.047*[#   6]+0.047*[#   7]+0.047*[#   8]
    |psi|^2 = 0.996
==== e(   2) =    -0.71662 eV ==== 
     psi = 0.160*[#   1]+0.160*[#   5]+0.111*[#   2]+0.111*[#   3]+0.111*[#   4]
          +0.111*[#   6]+0.111*[#   7]+0.111*[#   8]
    |psi|^2 = 0.989
==== e(   3) =     2.86207 eV ==== 
     psi = 0.144*[#   2]+0.144*[#   3]+0.144*[#   4]+0.144*[#   6]+0.144*[#   7]
          +0.144*[#   8]+0.063*[#   1]+0.063*[#   5]
    |psi|^2 = 0.992
==== e(   4) =     4.28894 eV ==== 
     psi = 0.165*[#   2]+0.165*[#   3]+0.165*[#   4]+0.165*[#   6]+0.165*[#   7]
          +0.165*[#   8]
    |psi|^2 = 0.990
==== e(   5) =     8.03983 eV ==== 
     psi = 0.129*[#   1]+0.129*[#   5]+0.096*[#   2]+0.096*[#   3]+0.096*[#   4]
          +0.096*[#   6]+0.096*[#   7]+0.096*[#   8]
    |psi|^2 = 0.836
==== e(   6) =    10.36724 eV ==== 
     psi = 0.108*[#   1]+0.108*[#   5]+0.085*[#   2]+0.085*[#   3]+0.085*[#   4]
          +0.085*[#   6]+0.085*[#   7]+0.085*[#   8]
    |psi|^2 = 0.727
==== e(   7) =    10.72153 eV ==== 
     psi = 0.121*[#   2]+0.121*[#   3]+0.121*[#   4]+0.121*[#   6]+0.121*[#   7]
          +0.121*[#   8]
    |psi|^2 = 0.725
==== e(   8) =    13.05936 eV ==== 
     psi = 0.061*[#   1]+0.061*[#   5]+0.048*[#   2]+0.048*[#   3]+0.048*[#   4]
          +0.048*[#   6]+0.048*[#   7]+0.048*[#   8]
    |psi|^2 = 0.411

 k =  -0.1325825215 -0.3977475644  0.3977475644
==== e(   1) =    -3.33759 eV ==== 
     psi = 0.347*[#   1]+0.347*[#   5]+0.050*[#   2]+0.050*[#   3]+0.050*[#   4]
          +0.050*[#   6]+0.050*[#   7]+0.050*[#   8]
    |psi|^2 = 0.996
==== e(   2) =    -0.42034 eV ==== 
     psi = 0.171*[#   1]+0.171*[#   5]+0.108*[#   2]+0.108*[#   3]+0.108*[#   4]
          +0.108*[#   6]+0.108*[#   7]+0.108*[#   8]
    |psi|^2 = 0.990
==== e(   3) =     2.75854 eV ==== 
     psi = 0.145*[#   2]+0.145*[#   3]+0.145*[#   4]+0.145*[#   6]+0.145*[#   7]
          +0.145*[#   8]+0.060*[#   1]+0.060*[#   5]
    |psi|^2 = 0.992
==== e(   4) =     4.48094 eV ==== 
     psi = 0.165*[#   2]+0.165*[#   3]+0.165*[#   4]+0.165*[#   6]+0.165*[#   7]
          +0.165*[#   8]
    |psi|^2 = 0.990
==== e(   5) =     8.21438 eV ==== 
     psi = 0.128*[#   1]+0.128*[#   5]+0.098*[#   2]+0.098*[#   3]+0.098*[#   4]
          +0.098*[#   6]+0.098*[#   7]+0.098*[#   8]
    |psi|^2 = 0.843
==== e(   6) =    10.35979 eV ==== 
     psi = 0.107*[#   1]+0.107*[#   5]+0.085*[#   2]+0.085*[#   3]+0.085*[#   4]
          +0.085*[#   6]+0.085*[#   7]+0.085*[#   8]
    |psi|^2 = 0.723
==== e(   7) =    10.56470 eV ==== 
     psi = 0.125*[#   2]+0.125*[#   3]+0.125*[#   4]+0.125*[#   6]+0.125*[#   7]
          +0.125*[#   8]
    |psi|^2 = 0.752
==== e(   8) =    13.84756 eV ==== 
     psi = 0.077*[#   1]+0.077*[#   5]+0.049*[#   2]+0.049*[#   3]+0.049*[#   4]
          +0.049*[#   6]+0.049*[#   7]+0.049*[#   8]
    |psi|^2 = 0.450

 k =  -0.0883883476 -0.3535533906  0.3535533906
==== e(   1) =    -3.76795 eV ==== 
     psi = 0.340*[#   1]+0.340*[#   5]+0.052*[#   2]+0.052*[#   3]+0.052*[#   4]
          +0.052*[#   6]+0.052*[#   7]+0.052*[#   8]
    |psi|^2 = 0.995
==== e(   2) =     0.24909 eV ==== 
     psi = 0.183*[#   1]+0.183*[#   5]+0.104*[#   2]+0.104*[#   3]+0.104*[#   4]
          +0.104*[#   6]+0.104*[#   7]+0.104*[#   8]
    |psi|^2 = 0.991
==== e(   3) =     2.76275 eV ==== 
     psi = 0.147*[#   2]+0.147*[#   3]+0.147*[#   4]+0.147*[#   6]+0.147*[#   7]
          +0.147*[#   8]+0.055*[#   1]+0.055*[#   5]
    |psi|^2 = 0.991
==== e(   4) =     4.72817 eV ==== 
     psi = 0.165*[#   2]+0.165*[#   3]+0.165*[#   4]+0.165*[#   6]+0.165*[#   7]
          +0.165*[#   8]
    |psi|^2 = 0.988
==== e(   5) =     8.44918 eV ==== 
     psi = 0.126*[#   1]+0.126*[#   5]+0.101*[#   2]+0.101*[#   3]+0.101*[#   4]
          +0.101*[#   6]+0.101*[#   7]+0.101*[#   8]
    |psi|^2 = 0.855
==== e(   6) =    10.39440 eV ==== 
     psi = 0.099*[#   1]+0.099*[#   5]+0.088*[#   2]+0.088*[#   3]+0.088*[#   4]
          +0.088*[#   6]+0.088*[#   7]+0.088*[#   8]
    |psi|^2 = 0.727
==== e(   7) =    10.41014 eV ==== 
     psi = 0.136*[#   2]+0.136*[#   3]+0.136*[#   4]+0.136*[#   6]+0.136*[#   7]
          +0.136*[#   8]
    |psi|^2 = 0.813
==== e(   8) =    12.84222 eV ==== 
     psi = 0.109*[#   1]+0.109*[#   5]+0.064*[#   2]+0.064*[#   3]+0.064*[#   4]
          +0.064*[#   6]+0.064*[#   7]+0.064*[#   8]
    |psi|^2 = 0.604

 k =  -0.0441941738 -0.3093592168  0.3093592168
==== e(   1) =    -4.22641 eV ==== 
     psi = 0.344*[#   1]+0.344*[#   5]+0.051*[#   2]+0.051*[#   3]+0.051*[#   4]
          +0.051*[#   6]+0.051*[#   7]+0.051*[#   8]
    |psi|^2 = 0.995
==== e(   2) =     1.06013 eV ==== 
     psi = 0.188*[#   1]+0.188*[#   5]+0.102*[#   2]+0.102*[#   3]+0.102*[#   4]
          +0.102*[#   6]+0.102*[#   7]+0.102*[#   8]
    |psi|^2 = 0.991
==== e(   3) =     2.91036 eV ==== 
     psi = 0.149*[#   2]+0.149*[#   3]+0.149*[#   4]+0.149*[#   6]+0.149*[#   7]
          +0.149*[#   8]+0.048*[#   1]+0.048*[#   5]
    |psi|^2 = 0.990
==== e(   4) =     5.01025 eV ==== 
     psi = 0.164*[#   2]+0.164*[#   3]+0.164*[#   4]+0.164*[#   6]+0.164*[#   7]
          +0.164*[#   8]
    |psi|^2 = 0.986
==== e(   5) =     8.71046 eV ==== 
     psi = 0.125*[#   1]+0.125*[#   5]+0.104*[#   2]+0.104*[#   3]+0.104*[#   4]
          +0.104*[#   6]+0.104*[#   7]+0.104*[#   8]
    |psi|^2 = 0.876
==== e(   6) =    10.17540 eV ==== 
     psi = 0.150*[#   2]+0.150*[#   3]+0.150*[#   4]+0.150*[#   6]+0.150*[#   7]
          +0.150*[#   8]
    |psi|^2 = 0.897
==== e(   7) =    10.38763 eV ==== 
     psi = 0.098*[#   2]+0.098*[#   3]+0.098*[#   4]+0.098*[#   6]+0.098*[#   7]
          +0.098*[#   8]+0.085*[#   1]+0.085*[#   5]
    |psi|^2 = 0.757
==== e(   8) =    11.99737 eV ==== 
     psi = 0.133*[#   1]+0.133*[#   5]+0.065*[#   2]+0.065*[#   3]+0.065*[#   4]
          +0.065*[#   6]+0.065*[#   7]+0.065*[#   8]
    |psi|^2 = 0.655

 k =   0.0000000000 -0.2651650429  0.2651650429
==== e(   1) =    -4.63636 eV ==== 
     psi = 0.357*[#   1]+0.357*[#   5]+0.047*[#   2]+0.047*[#   3]+0.047*[#   4]
          +0.047*[#   6]+0.047*[#   7]+0.047*[#   8]
    |psi|^2 = 0.995
==== e(   2) =     1.83618 eV ==== 
     psi = 0.181*[#   1]+0.181*[#   5]+0.105*[#   2]+0.105*[#   3]+0.105*[#   4]
          +0.105*[#   6]+0.105*[#   7]+0.105*[#   8]
    |psi|^2 = 0.989
==== e(   3) =     3.28815 eV ==== 
     psi = 0.151*[#   2]+0.151*[#   3]+0.151*[#   4]+0.151*[#   6]+0.151*[#   7]
          +0.151*[#   8]+0.042*[#   1]+0.042*[#   5]
    |psi|^2 = 0.989
==== e(   4) =     5.29189 eV ==== 
     psi = 0.164*[#   2]+0.164*[#   3]+0.164*[#   4]+0.164*[#   6]+0.164*[#   7]
          +0.164*[#   8]
    |psi|^2 = 0.984
==== e(   5) =     8.92190 eV ==== 
     psi = 0.132*[#   1]+0.132*[#   5]+0.107*[#   2]+0.107*[#   3]+0.107*[#   4]
          +0.107*[#   6]+0.107*[#   7]+0.107*[#   8]
    |psi|^2 = 0.906
==== e(   6) =     9.80458 eV ==== 
     psi = 0.156*[#   2]+0.156*[#   3]+0.156*[#   4]+0.156*[#   6]+0.156*[#   7]
          +0.156*[#   8]
    |psi|^2 = 0.937
==== e(   7) =    10.10800 eV ==== 
     psi = 0.111*[#   2]+0.111*[#   3]+0.111*[#   4]+0.111*[#   6]+0.111*[#   7]
          +0.111*[#   8]+0.079*[#   1]+0.079*[#   5]
    |psi|^2 = 0.823
==== e(   8) =    11.62496 eV ==== 
     psi = 0.135*[#   1]+0.135*[#   5]+0.062*[#   2]+0.062*[#   3]+0.062*[#   4]
          +0.062*[#   6]+0.062*[#   7]+0.062*[#   8]
    |psi|^2 = 0.641

 k =   0.3535533906  0.0000000000  0.0000000000
==== e(   1) =    -4.74380 eV ==== 
     psi = 0.354*[#   1]+0.354*[#   5]+0.048*[#   2]+0.048*[#   3]+0.048*[#   4]
          +0.048*[#   6]+0.048*[#   7]+0.048*[#   8]
    |psi|^2 = 0.995
==== e(   2) =     2.49125 eV ==== 
     psi = 0.218*[#   1]+0.218*[#   5]+0.092*[#   2]+0.092*[#   3]+0.092*[#   4]
          +0.092*[#   6]+0.092*[#   7]+0.092*[#   8]
    |psi|^2 = 0.986
==== e(   3) =     4.16387 eV ==== 
     psi = 0.165*[#   2]+0.165*[#   3]+0.165*[#   4]+0.165*[#   6]+0.165*[#   7]
          +0.165*[#   8]
    |psi|^2 = 0.990
==== e(   4) =     4.16387 eV ==== 
     psi = 0.165*[#   2]+0.165*[#   3]+0.165*[#   4]+0.165*[#   6]+0.165*[#   7]
          +0.165*[#   8]
    |psi|^2 = 0.990
==== e(   5) =     7.16349 eV ==== 
     psi = 0.135*[#   1]+0.135*[#   5]+0.113*[#   2]+0.113*[#   3]+0.113*[#   4]
          +0.113*[#   6]+0.113*[#   7]+0.113*[#   8]
    |psi|^2 = 0.948
==== e(   6) =     9.15018 eV ==== 
     psi = 0.130*[#   1]+0.130*[#   5]+0.044*[#   2]+0.044*[#   3]+0.044*[#   4]
          +0.044*[#   6]+0.044*[#   7]+0.044*[#   8]
    |psi|^2 = 0.527
==== e(   7) =    11.70237 eV ==== 
     psi = 0.145*[#   2]+0.145*[#   3]+0.145*[#   4]+0.145*[#   6]+0.145*[#   7]
          +0.145*[#   8]
    |psi|^2 = 0.869
==== e(   8) =    11.70237 eV ==== 
     psi = 0.145*[#   2]+0.145*[#   3]+0.145*[#   4]+0.145*[#   6]+0.145*[#   7]
          +0.145*[#   8]
    |psi|^2 = 0.869

 k =   0.3977475644  0.0441941738 -0.0441941738
==== e(   1) =    -4.43671 eV ==== 
     psi = 0.338*[#   1]+0.338*[#   5]+0.053*[#   2]+0.053*[#   3]+0.053*[#   4]
          +0.053*[#   6]+0.053*[#   7]+0.053*[#   8]
    |psi|^2 = 0.995
==== e(   2) =     1.84043 eV ==== 
     psi = 0.225*[#   1]+0.225*[#   5]+0.090*[#   2]+0.090*[#   3]+0.090*[#   4]
          +0.090*[#   6]+0.090*[#   7]+0.090*[#   8]
    |psi|^2 = 0.988
==== e(   3) =     3.84833 eV ==== 
     psi = 0.161*[#   2]+0.161*[#   3]+0.161*[#   4]+0.161*[#   6]+0.161*[#   7]
          +0.161*[#   8]+0.012*[#   1]+0.012*[#   5]
    |psi|^2 = 0.991
==== e(   4) =     3.96954 eV ==== 
     psi = 0.165*[#   2]+0.165*[#   3]+0.165*[#   4]+0.165*[#   6]+0.165*[#   7]
          +0.165*[#   8]
    |psi|^2 = 0.991
==== e(   5) =     7.18012 eV ==== 
     psi = 0.137*[#   1]+0.137*[#   5]+0.111*[#   2]+0.111*[#   3]+0.111*[#   4]
          +0.111*[#   6]+0.111*[#   7]+0.111*[#   8]
    |psi|^2 = 0.937
==== e(   6) =     8.83352 eV ==== 
     psi = 0.129*[#   1]+0.129*[#   5]+0.048*[#   2]+0.048*[#   3]+0.048*[#   4]
          +0.048*[#   6]+0.048*[#   7]+0.048*[#   8]
    |psi|^2 = 0.543
==== e(   7) =    11.97195 eV ==== 
     psi = 0.130*[#   2]+0.130*[#   3]+0.130*[#   4]+0.130*[#   6]+0.130*[#   7]
          +0.130*[#   8]+0.021*[#   1]+0.021*[#   5]
    |psi|^2 = 0.820
==== e(   8) =    12.11497 eV ==== 
     psi = 0.138*[#   2]+0.138*[#   3]+0.138*[#   4]+0.138*[#   6]+0.138*[#   7]
          +0.138*[#   8]
    |psi|^2 = 0.828

 k =   0.4419417382  0.0883883476 -0.0883883476
==== e(   1) =    -4.04735 eV ==== 
     psi = 0.327*[#   1]+0.327*[#   5]+0.057*[#   2]+0.057*[#   3]+0.057*[#   4]
          +0.057*[#   6]+0.057*[#   7]+0.057*[#   8]
    |psi|^2 = 0.995
==== e(   2) =     1.09375 eV ==== 
     psi = 0.228*[#   1]+0.228*[#   5]+0.089*[#   2]+0.089*[#   3]+0.089*[#   4]
          +0.089*[#   6]+0.089*[#   7]+0.089*[#   8]
    |psi|^2 = 0.990
==== e(   3) =     3.39699 eV ==== 
     psi = 0.156*[#   2]+0.156*[#   3]+0.156*[#   4]+0.156*[#   6]+0.156*[#   7]
          +0.156*[#   8]+0.028*[#   1]+0.028*[#   5]
    |psi|^2 = 0.991
==== e(   4) =     3.85028 eV ==== 
     psi = 0.165*[#   2]+0.165*[#   3]+0.165*[#   4]+0.165*[#   6]+0.165*[#   7]
          +0.165*[#   8]
    |psi|^2 = 0.992
==== e(   5) =     7.38420 eV ==== 
     psi = 0.131*[#   1]+0.131*[#   5]+0.106*[#   2]+0.106*[#   3]+0.106*[#   4]
          +0.106*[#   6]+0.106*[#   7]+0.106*[#   8]
    |psi|^2 = 0.899
==== e(   6) =     8.91841 eV ==== 
     psi = 0.123*[#   1]+0.123*[#   5]+0.055*[#   2]+0.055*[#   3]+0.055*[#   4]
          +0.055*[#   6]+0.055*[#   7]+0.055*[#   8]
    |psi|^2 = 0.579
==== e(   7) =    11.92026 eV ==== 
     psi = 0.112*[#   2]+0.112*[#   3]+0.112*[#   4]+0.112*[#   6]+0.112*[#   7]
          +0.112*[#   8]+0.051*[#   1]+0.051*[#   5]
    |psi|^2 = 0.778
==== e(   8) =    12.22094 eV ==== 
     psi = 0.127*[#   2]+0.127*[#   3]+0.127*[#   4]+0.127*[#   6]+0.127*[#   7]
          +0.127*[#   8]
    |psi|^2 = 0.760

 k =   0.4861359121  0.1325825215 -0.1325825215
==== e(   1) =    -3.59710 eV ==== 
     psi = 0.322*[#   1]+0.322*[#   5]+0.058*[#   2]+0.058*[#   3]+0.058*[#   4]
          +0.058*[#   6]+0.058*[#   7]+0.058*[#   8]
    |psi|^2 = 0.995
==== e(   2) =     0.34382 eV ==== 
     psi = 0.226*[#   1]+0.226*[#   5]+0.090*[#   2]+0.090*[#   3]+0.090*[#   4]
          +0.090*[#   6]+0.090*[#   7]+0.090*[#   8]
    |psi|^2 = 0.991
==== e(   3) =     2.93776 eV ==== 
     psi = 0.153*[#   2]+0.153*[#   3]+0.153*[#   4]+0.153*[#   6]+0.153*[#   7]
          +0.153*[#   8]+0.037*[#   1]+0.037*[#   5]
    |psi|^2 = 0.992
==== e(   4) =     3.81086 eV ==== 
     psi = 0.165*[#   2]+0.165*[#   3]+0.165*[#   4]+0.165*[#   6]+0.165*[#   7]
          +0.165*[#   8]
    |psi|^2 = 0.992
==== e(   5) =     7.49103 eV ==== 
     psi = 0.130*[#   1]+0.130*[#   5]+0.098*[#   2]+0.098*[#   3]+0.098*[#   4]
          +0.098*[#   6]+0.098*[#   7]+0.098*[#   8]
    |psi|^2 = 0.850
==== e(   6) =     9.51428 eV ==== 
     psi = 0.108*[#   1]+0.108*[#   5]+0.063*[#   2]+0.063*[#   3]+0.063*[#   4]
          +0.063*[#   6]+0.063*[#   7]+0.063*[#   8]
    |psi|^2 = 0.596
==== e(   7) =    11.78339 eV ==== 
     psi = 0.100*[#   2]+0.100*[#   3]+0.100*[#   4]+0.100*[#   6]+0.100*[#   7]
          +0.100*[#   8]+0.078*[#   1]+0.078*[#   5]
    |psi|^2 = 0.758
==== e(   8) =    12.10107 eV ==== 
     psi = 0.118*[#   2]+0.118*[#   3]+0.118*[#   4]+0.118*[#   6]+0.118*[#   7]
          +0.118*[#   8]
    |psi|^2 = 0.709

 k =  -0.1767766953 -0.5303300859  0.5303300859
==== e(   1) =    -3.14242 eV ==== 
     psi = 0.327*[#   1]+0.327*[#   5]+0.057*[#   2]+0.057*[#   3]+0.057*[#   4]
          +0.057*[#   6]+0.057*[#   7]+0.057*[#   8]
    |psi|^2 = 0.995
==== e(   2) =    -0.31492 eV ==== 
     psi = 0.216*[#   1]+0.216*[#   5]+0.093*[#   2]+0.093*[#   3]+0.093*[#   4]
          +0.093*[#   6]+0.093*[#   7]+0.093*[#   8]
    |psi|^2 = 0.992
==== e(   3) =     2.54833 eV ==== 
     psi = 0.152*[#   2]+0.152*[#   3]+0.152*[#   4]+0.152*[#   6]+0.152*[#   7]
          +0.152*[#   8]+0.041*[#   1]+0.041*[#   5]
    |psi|^2 = 0.993
==== e(   4) =     3.85218 eV ==== 
     psi = 0.165*[#   2]+0.165*[#   3]+0.165*[#   4]+0.165*[#   6]+0.165*[#   7]
          +0.165*[#   8]
    |psi|^2 = 0.992
==== e(   5) =     7.55551 eV ==== 
     psi = 0.128*[#   1]+0.128*[#   5]+0.096*[#   2]+0.096*[#   3]+0.096*[#   4]
          +0.096*[#   6]+0.096*[#   7]+0.096*[#   8]
    |psi|^2 = 0.832
==== e(   6) =    10.44959 eV ==== 
     psi = 0.084*[#   1]+0.084*[#   5]+0.059*[#   2]+0.059*[#   3]+0.059*[#   4]
          +0.059*[#   6]+0.059*[#   7]+0.059*[#   8]
    |psi|^2 = 0.519
==== e(   7) =    11.65602 eV ==== 
     psi = 0.105*[#   1]+0.105*[#   5]+0.094*[#   2]+0.094*[#   3]+0.094*[#   4]
          +0.094*[#   6]+0.094*[#   7]+0.094*[#   8]
    |psi|^2 = 0.776
==== e(   8) =    11.89167 eV ==== 
     psi = 0.115*[#   2]+0.115*[#   3]+0.115*[#   4]+0.115*[#   6]+0.115*[#   7]
          +0.115*[#   8]
    |psi|^2 = 0.689

 k =  -0.1325825215 -0.4861359121  0.4861359121
==== e(   1) =    -2.84482 eV ==== 
     psi = 0.339*[#   1]+0.339*[#   5]+0.053*[#   2]+0.053*[#   3]+0.053*[#   4]
          +0.053*[#   6]+0.053*[#   7]+0.053*[#   8]
    |psi|^2 = 0.996
==== e(   2) =    -0.69933 eV ==== 
     psi = 0.201*[#   1]+0.201*[#   5]+0.098*[#   2]+0.098*[#   3]+0.098*[#   4]
          +0.098*[#   6]+0.098*[#   7]+0.098*[#   8]
    |psi|^2 = 0.991
==== e(   3) =     2.26182 eV ==== 
     psi = 0.152*[#   2]+0.152*[#   3]+0.152*[#   4]+0.152*[#   6]+0.152*[#   7]
          +0.152*[#   8]+0.041*[#   1]+0.041*[#   5]
    |psi|^2 = 0.993
==== e(   4) =     3.97185 eV ==== 
     psi = 0.165*[#   2]+0.165*[#   3]+0.165*[#   4]+0.165*[#   6]+0.165*[#   7]
          +0.165*[#   8]
    |psi|^2 = 0.992
==== e(   5) =     7.67262 eV ==== 
     psi = 0.123*[#   1]+0.123*[#   5]+0.097*[#   2]+0.097*[#   3]+0.097*[#   4]
          +0.097*[#   6]+0.097*[#   7]+0.097*[#   8]
    |psi|^2 = 0.830
==== e(   6) =    11.37045 eV ==== 
     psi = 0.040*[#   2]+0.040*[#   3]+0.040*[#   4]+0.040*[#   6]+0.040*[#   7]
          +0.040*[#   8]+0.039*[#   1]+0.039*[#   5]
    |psi|^2 = 0.317
==== e(   7) =    11.67056 eV ==== 
     psi = 0.116*[#   2]+0.116*[#   3]+0.116*[#   4]+0.116*[#   6]+0.116*[#   7]
          +0.116*[#   8]
    |psi|^2 = 0.698
==== e(   8) =    11.76751 eV ==== 
     psi = 0.142*[#   1]+0.142*[#   5]+0.097*[#   2]+0.097*[#   3]+0.097*[#   4]
          +0.097*[#   6]+0.097*[#   7]+0.097*[#   8]
    |psi|^2 = 0.866

 k =  -0.0883883476 -0.4419417382  0.4419417382
==== e(   1) =    -2.94522 eV ==== 
     psi = 0.339*[#   1]+0.339*[#   5]+0.053*[#   2]+0.053*[#   3]+0.053*[#   4]
          +0.053*[#   6]+0.053*[#   7]+0.053*[#   8]
    |psi|^2 = 0.996
==== e(   2) =    -0.56492 eV ==== 
     psi = 0.203*[#   1]+0.203*[#   5]+0.098*[#   2]+0.098*[#   3]+0.098*[#   4]
          +0.098*[#   6]+0.098*[#   7]+0.098*[#   8]
    |psi|^2 = 0.992
==== e(   3) =     2.10066 eV ==== 
     psi = 0.153*[#   2]+0.153*[#   3]+0.153*[#   4]+0.153*[#   6]+0.153*[#   7]
          +0.153*[#   8]+0.038*[#   1]+0.038*[#   5]
    |psi|^2 = 0.993
==== e(   4) =     4.16387 eV ==== 
     psi = 0.165*[#   2]+0.165*[#   3]+0.165*[#   4]+0.165*[#   6]+0.165*[#   7]
          +0.165*[#   8]
    |psi|^2 = 0.991
==== e(   5) =     7.86904 eV ==== 
     psi = 0.115*[#   1]+0.115*[#   5]+0.100*[#   2]+0.100*[#   3]+0.100*[#   4]
          +0.100*[#   6]+0.100*[#   7]+0.100*[#   8]
    |psi|^2 = 0.832
==== e(   6) =    11.41870 eV ==== 
     psi = 0.090*[#   1]+0.090*[#   5]+0.064*[#   2]+0.064*[#   3]+0.064*[#   4]
          +0.064*[#   6]+0.064*[#   7]+0.064*[#   8]
    |psi|^2 = 0.562
==== e(   7) =    11.45534 eV ==== 
     psi = 0.124*[#   2]+0.124*[#   3]+0.124*[#   4]+0.124*[#   6]+0.124*[#   7]
          +0.124*[#   8]
    |psi|^2 = 0.743
==== e(   8) =    12.89671 eV ==== 
     psi = 0.070*[#   1]+0.070*[#   5]+0.051*[#   2]+0.051*[#   3]+0.051*[#   4]
          +0.051*[#   6]+0.051*[#   7]+0.051*[#   8]
    |psi|^2 = 0.443

 k =  -0.0441941738 -0.3977475644  0.3977475644
==== e(   1) =    -3.34243 eV ==== 
     psi = 0.333*[#   1]+0.333*[#   5]+0.055*[#   2]+0.055*[#   3]+0.055*[#   4]
          +0.055*[#   6]+0.055*[#   7]+0.055*[#   8]
    |psi|^2 = 0.995
==== e(   2) =    -0.03821 eV ==== 
     psi = 0.213*[#   1]+0.213*[#   5]+0.094*[#   2]+0.094*[#   3]+0.094*[#   4]
          +0.094*[#   6]+0.094*[#   7]+0.094*[#   8]
    |psi|^2 = 0.992
==== e(   3) =     2.10131 eV ==== 
     psi = 0.154*[#   2]+0.154*[#   3]+0.154*[#   4]+0.154*[#   6]+0.154*[#   7]
          +0.154*[#   8]+0.035*[#   1]+0.035*[#   5]
    |psi|^2 = 0.992
==== e(   4) =     4.41698 eV ==== 
     psi = 0.165*[#   2]+0.165*[#   3]+0.165*[#   4]+0.165*[#   6]+0.165*[#   7]
          +0.165*[#   8]
    |psi|^2 = 0.990
==== e(   5) =     8.13862 eV ==== 
     psi = 0.108*[#   1]+0.108*[#   5]+0.103*[#   2]+0.103*[#   3]+0.103*[#   4]
          +0.103*[#   6]+0.103*[#   7]+0.103*[#   8]
    |psi|^2 = 0.836
==== e(   6) =    11.19331 eV ==== 
     psi = 0.140*[#   2]+0.140*[#   3]+0.140*[#   4]+0.140*[#   6]+0.140*[#   7]
          +0.140*[#   8]
    |psi|^2 = 0.839
==== e(   7) =    11.37352 eV ==== 
     psi = 0.091*[#   1]+0.091*[#   5]+0.069*[#   2]+0.069*[#   3]+0.069*[#   4]
          +0.069*[#   6]+0.069*[#   7]+0.069*[#   8]
    |psi|^2 = 0.592
==== e(   8) =    12.76548 eV ==== 
     psi = 0.116*[#   1]+0.116*[#   5]+0.065*[#   2]+0.065*[#   3]+0.065*[#   4]
          +0.065*[#   6]+0.065*[#   7]+0.065*[#   8]
    |psi|^2 = 0.623

 k =   0.0000000000 -0.3535533906  0.3535533906
==== e(   1) =    -3.80230 eV ==== 
     psi = 0.335*[#   1]+0.335*[#   5]+0.054*[#   2]+0.054*[#   3]+0.054*[#   4]
          +0.054*[#   6]+0.054*[#   7]+0.054*[#   8]
    |psi|^2 = 0.995
==== e(   2) =     0.56948 eV ==== 
     psi = 0.210*[#   1]+0.210*[#   5]+0.095*[#   2]+0.095*[#   3]+0.095*[#   4]
          +0.095*[#   6]+0.095*[#   7]+0.095*[#   8]
    |psi|^2 = 0.992
==== e(   3) =     2.34164 eV ==== 
     psi = 0.153*[#   2]+0.153*[#   3]+0.153*[#   4]+0.153*[#   6]+0.153*[#   7]
          +0.153*[#   8]+0.036*[#   1]+0.036*[#   5]
    |psi|^2 = 0.991
==== e(   4) =     4.71106 eV ==== 
     psi = 0.165*[#   2]+0.165*[#   3]+0.165*[#   4]+0.165*[#   6]+0.165*[#   7]
          +0.165*[#   8]
    |psi|^2 = 0.988
==== e(   5) =     8.44896 eV ==== 
     psi = 0.107*[#   1]+0.107*[#   5]+0.106*[#   2]+0.106*[#   3]+0.106*[#   4]
          +0.106*[#   6]+0.106*[#   7]+0.106*[#   8]
    |psi|^2 = 0.848
==== e(   6) =    10.75752 eV ==== 
     psi = 0.152*[#   2]+0.152*[#   3]+0.152*[#   4]+0.152*[#   6]+0.152*[#   7]
          +0.152*[#   8]
    |psi|^2 = 0.910
==== e(   7) =    11.10415 eV ==== 
     psi = 0.082*[#   2]+0.082*[#   3]+0.082*[#   4]+0.082*[#   6]+0.082*[#   7]
          +0.082*[#   8]+0.079*[#   1]+0.079*[#   5]
    |psi|^2 = 0.650
==== e(   8) =    12.04721 eV ==== 
     psi = 0.148*[#   1]+0.148*[#   5]+0.068*[#   2]+0.068*[#   3]+0.068*[#   4]
          +0.068*[#   6]+0.068*[#   7]+0.068*[#   8]
    |psi|^2 = 0.705

 k =   0.4419417382  0.0000000000  0.0000000000
==== e(   1) =    -4.15823 eV ==== 
     psi = 0.326*[#   1]+0.326*[#   5]+0.057*[#   2]+0.057*[#   3]+0.057*[#   4]
          +0.057*[#   6]+0.057*[#   7]+0.057*[#   8]
    |psi|^2 = 0.994
==== e(   2) =     1.38444 eV ==== 
     psi = 0.240*[#   1]+0.240*[#   5]+0.085*[#   2]+0.085*[#   3]+0.085*[#   4]
          +0.085*[#   6]+0.085*[#   7]+0.085*[#   8]
    |psi|^2 = 0.990
==== e(   3) =     3.75659 eV ==== 
     psi = 0.165*[#   2]+0.165*[#   3]+0.165*[#   4]+0.165*[#   6]+0.165*[#   7]
          +0.165*[#   8]
    |psi|^2 = 0.992
==== e(   4) =     3.75659 eV ==== 
     psi = 0.165*[#   2]+0.165*[#   3]+0.165*[#   4]+0.165*[#   6]+0.165*[#   7]
          +0.165*[#   8]
    |psi|^2 = 0.992
==== e(   5) =     6.84857 eV ==== 
     psi = 0.158*[#   1]+0.158*[#   5]+0.103*[#   2]+0.103*[#   3]+0.103*[#   4]
          +0.103*[#   6]+0.103*[#   7]+0.103*[#   8]
    |psi|^2 = 0.936
==== e(   6) =     8.29040 eV ==== 
     psi = 0.133*[#   1]+0.133*[#   5]+0.052*[#   2]+0.052*[#   3]+0.052*[#   4]
          +0.052*[#   6]+0.052*[#   7]+0.052*[#   8]
    |psi|^2 = 0.580
==== e(   7) =    12.80822 eV ==== 
     psi = 0.136*[#   2]+0.136*[#   3]+0.136*[#   4]+0.136*[#   6]+0.136*[#   7]
          +0.136*[#   8]
    |psi|^2 = 0.818
==== e(   8) =    12.80822 eV ==== 
     psi = 0.136*[#   2]+0.136*[#   3]+0.136*[#   4]+0.136*[#   6]+0.136*[#   7]
          +0.136*[#   8]
    |psi|^2 = 0.818

 k =   0.4861359121  0.0441941738 -0.0441941738
==== e(   1) =    -3.79440 eV ==== 
     psi = 0.316*[#   1]+0.316*[#   5]+0.060*[#   2]+0.060*[#   3]+0.060*[#   4]
          +0.060*[#   6]+0.060*[#   7]+0.060*[#   8]
    |psi|^2 = 0.994
==== e(   2) =     0.79188 eV ==== 
     psi = 0.248*[#   1]+0.248*[#   5]+0.082*[#   2]+0.082*[#   3]+0.082*[#   4]
          +0.082*[#   6]+0.082*[#   7]+0.082*[#   8]
    |psi|^2 = 0.991
==== e(   3) =     3.43759 eV ==== 
     psi = 0.163*[#   2]+0.163*[#   3]+0.163*[#   4]+0.163*[#   6]+0.163*[#   7]
          +0.163*[#   8]+0.007*[#   1]+0.007*[#   5]
    |psi|^2 = 0.993
==== e(   4) =     3.61814 eV ==== 
     psi = 0.166*[#   2]+0.166*[#   3]+0.166*[#   4]+0.166*[#   6]+0.166*[#   7]
          +0.166*[#   8]
    |psi|^2 = 0.993
==== e(   5) =     6.91881 eV ==== 
     psi = 0.155*[#   1]+0.155*[#   5]+0.102*[#   2]+0.102*[#   3]+0.102*[#   4]
          +0.102*[#   6]+0.102*[#   7]+0.102*[#   8]
    |psi|^2 = 0.920
==== e(   6) =     8.07140 eV ==== 
     psi = 0.137*[#   1]+0.137*[#   5]+0.058*[#   2]+0.058*[#   3]+0.058*[#   4]
          +0.058*[#   6]+0.058*[#   7]+0.058*[#   8]
    |psi|^2 = 0.621
==== e(   7) =    13.09773 eV ==== 
     psi = 0.122*[#   2]+0.122*[#   3]+0.122*[#   4]+0.122*[#   6]+0.122*[#   7]
          +0.122*[#   8]+0.019*[#   1]+0.019*[#   5]
    |psi|^2 = 0.768
==== e(   8) =    13.17537 eV ==== 
     psi = 0.127*[#   2]+0.127*[#   3]+0.127*[#   4]+0.127*[#   6]+0.127*[#   7]
          +0.127*[#   8]
    |psi|^2 = 0.762

 k =   0.5303300859  0.0883883476 -0.0883883476
==== e(   1) =    -3.36033 eV ==== 
     psi = 0.310*[#   1]+0.310*[#   5]+0.062*[#   2]+0.062*[#   3]+0.062*[#   4]
          +0.062*[#   6]+0.062*[#   7]+0.062*[#   8]
    |psi|^2 = 0.994
==== e(   2) =     0.17069 eV ==== 
     psi = 0.254*[#   1]+0.254*[#   5]+0.081*[#   2]+0.081*[#   3]+0.081*[#   4]
          +0.081*[#   6]+0.081*[#   7]+0.081*[#   8]
    |psi|^2 = 0.992
==== e(   3) =     2.92969 eV ==== 
     psi = 0.160*[#   2]+0.160*[#   3]+0.160*[#   4]+0.160*[#   6]+0.160*[#   7]
          +0.160*[#   8]+0.015*[#   1]+0.015*[#   5]
    |psi|^2 = 0.993
==== e(   4) =     3.56025 eV ==== 
     psi = 0.166*[#   2]+0.166*[#   3]+0.166*[#   4]+0.166*[#   6]+0.166*[#   7]
          +0.166*[#   8]
    |psi|^2 = 0.993
==== e(   5) =     7.11206 eV ==== 
     psi = 0.148*[#   1]+0.148*[#   5]+0.096*[#   2]+0.096*[#   3]+0.096*[#   4]
          +0.096*[#   6]+0.096*[#   7]+0.096*[#   8]
    |psi|^2 = 0.872
==== e(   6) =     8.34903 eV ==== 
     psi = 0.131*[#   1]+0.131*[#   5]+0.068*[#   2]+0.068*[#   3]+0.068*[#   4]
          +0.068*[#   6]+0.068*[#   7]+0.068*[#   8]
    |psi|^2 = 0.668
==== e(   7) =    13.06450 eV ==== 
     psi = 0.104*[#   2]+0.104*[#   3]+0.104*[#   4]+0.104*[#   6]+0.104*[#   7]
          +0.104*[#   8]+0.046*[#   1]+0.046*[#   5]
    |psi|^2 = 0.716
==== e(   8) =    13.18184 eV ==== 
     psi = 0.115*[#   2]+0.115*[#   3]+0.115*[#   4]+0.115*[#   6]+0.115*[#   7]
          +0.115*[#   8]
    |psi|^2 = 0.691

 k =  -0.1325825215 -0.5745242597  0.5745242597
==== e(   1) =    -2.89482 eV ==== 
     psi = 0.310*[#   1]+0.310*[#   5]+0.062*[#   2]+0.062*[#   3]+0.062*[#   4]
          +0.062*[#   6]+0.062*[#   7]+0.062*[#   8]
    |psi|^2 = 0.994
==== e(   2) =    -0.41301 eV ==== 
     psi = 0.255*[#   1]+0.255*[#   5]+0.080*[#   2]+0.080*[#   3]+0.080*[#   4]
          +0.080*[#   6]+0.080*[#   7]+0.080*[#   8]
    |psi|^2 = 0.992
==== e(   3) =     2.41497 eV ==== 
     psi = 0.160*[#   2]+0.160*[#   3]+0.160*[#   4]+0.160*[#   6]+0.160*[#   7]
          +0.160*[#   8]+0.016*[#   1]+0.016*[#   5]
    |psi|^2 = 0.993
==== e(   4) =     3.58483 eV ==== 
     psi = 0.166*[#   2]+0.166*[#   3]+0.166*[#   4]+0.166*[#   6]+0.166*[#   7]
          +0.166*[#   8]
    |psi|^2 = 0.993
==== e(   5) =     7.20851 eV ==== 
     psi = 0.142*[#   1]+0.142*[#   5]+0.092*[#   2]+0.092*[#   3]+0.092*[#   4]
          +0.092*[#   6]+0.092*[#   7]+0.092*[#   8]
    |psi|^2 = 0.839
==== e(   6) =     9.14131 eV ==== 
     psi = 0.115*[#   1]+0.115*[#   5]+0.071*[#   2]+0.071*[#   3]+0.071*[#   4]
          +0.071*[#   6]+0.071*[#   7]+0.071*[#   8]
    |psi|^2 = 0.656
==== e(   7) =    12.94113 eV ==== 
     psi = 0.090*[#   2]+0.090*[#   3]+0.090*[#   4]+0.090*[#   6]+0.090*[#   7]
          +0.090*[#   8]+0.069*[#   1]+0.069*[#   5]
    |psi|^2 = 0.680
==== e(   8) =    13.00178 eV ==== 
     psi = 0.110*[#   2]+0.110*[#   3]+0.110*[#   4]+0.110*[#   6]+0.110*[#   7]
          +0.110*[#   8]
    |psi|^2 = 0.662

 k =  -0.0883883476 -0.5303300859  0.5303300859
==== e(   1) =    -2.52157 eV ==== 
     psi = 0.321*[#   1]+0.321*[#   5]+0.059*[#   2]+0.059*[#   3]+0.059*[#   4]
          +0.059*[#   6]+0.059*[#   7]+0.059*[#   8]
    |psi|^2 = 0.995
==== e(   2) =    -0.83187 eV ==== 
     psi = 0.246*[#   1]+0.246*[#   5]+0.083*[#   2]+0.083*[#   3]+0.083*[#   4]
          +0.083*[#   6]+0.083*[#   7]+0.083*[#   8]
    |psi|^2 = 0.993
==== e(   3) =     2.00456 eV ==== 
     psi = 0.161*[#   2]+0.161*[#   3]+0.161*[#   4]+0.161*[#   6]+0.161*[#   7]
          +0.161*[#   8]+0.013*[#   1]+0.013*[#   5]
    |psi|^2 = 0.993
==== e(   4) =     3.69052 eV ==== 
     psi = 0.166*[#   2]+0.166*[#   3]+0.166*[#   4]+0.166*[#   6]+0.166*[#   7]
          +0.166*[#   8]
    |psi|^2 = 0.993
==== e(   5) =     7.32712 eV ==== 
     psi = 0.134*[#   1]+0.134*[#   5]+0.094*[#   2]+0.094*[#   3]+0.094*[#   4]
          +0.094*[#   6]+0.094*[#   7]+0.094*[#   8]
    |psi|^2 = 0.833
==== e(   6) =    10.20857 eV ==== 
     psi = 0.092*[#   1]+0.092*[#   5]+0.062*[#   2]+0.062*[#   3]+0.062*[#   4]
          +0.062*[#   6]+0.062*[#   7]+0.062*[#   8]
    |psi|^2 = 0.559
==== e(   7) =    12.75802 eV ==== 
     psi = 0.114*[#   2]+0.114*[#   3]+0.114*[#   4]+0.114*[#   6]+0.114*[#   7]
          +0.114*[#   8]
    |psi|^2 = 0.683
==== e(   8) =    12.81772 eV ==== 
     psi = 0.088*[#   1]+0.088*[#   5]+0.081*[#   2]+0.081*[#   3]+0.081*[#   4]
          +0.081*[#   6]+0.081*[#   7]+0.081*[#   8]
    |psi|^2 = 0.664

 k =  -0.0441941738 -0.4861359121  0.4861359121
==== e(   1) =    -2.52572 eV ==== 
     psi = 0.330*[#   1]+0.330*[#   5]+0.056*[#   2]+0.056*[#   3]+0.056*[#   4]
          +0.056*[#   6]+0.056*[#   7]+0.056*[#   8]
    |psi|^2 = 0.996
==== e(   2) =    -0.81598 eV ==== 
     psi = 0.239*[#   1]+0.239*[#   5]+0.086*[#   2]+0.086*[#   3]+0.086*[#   4]
          +0.086*[#   6]+0.086*[#   7]+0.086*[#   8]
    |psi|^2 = 0.993
==== e(   3) =     1.76465 eV ==== 
     psi = 0.162*[#   2]+0.162*[#   3]+0.162*[#   4]+0.162*[#   6]+0.162*[#   7]
          +0.162*[#   8]+0.010*[#   1]+0.010*[#   5]
    |psi|^2 = 0.993
==== e(   4) =     3.87242 eV ==== 
     psi = 0.165*[#   2]+0.165*[#   3]+0.165*[#   4]+0.165*[#   6]+0.165*[#   7]
          +0.165*[#   8]
    |psi|^2 = 0.993
==== e(   5) =     7.52488 eV ==== 
     psi = 0.124*[#   1]+0.124*[#   5]+0.098*[#   2]+0.098*[#   3]+0.098*[#   4]
          +0.098*[#   6]+0.098*[#   7]+0.098*[#   8]
    |psi|^2 = 0.833
==== e(   6) =    11.40626 eV ==== 
     psi = 0.054*[#   1]+0.054*[#   5]+0.040*[#   2]+0.040*[#   3]+0.040*[#   4]
          +0.040*[#   6]+0.040*[#   7]+0.040*[#   8]
    |psi|^2 = 0.347
==== e(   7) =    12.45985 eV ==== 
     psi = 0.129*[#   2]+0.129*[#   3]+0.129*[#   4]+0.129*[#   6]+0.129*[#   7]
          +0.129*[#   8]
    |psi|^2 = 0.772
==== e(   8) =    12.73665 eV ==== 
     psi = 0.110*[#   1]+0.110*[#   5]+0.082*[#   2]+0.082*[#   3]+0.082*[#   4]
          +0.082*[#   6]+0.082*[#   7]+0.082*[#   8]
    |psi|^2 = 0.708

 k =   0.0000000000 -0.4419417382  0.4419417382
==== e(   1) =    -2.89099 eV ==== 
     psi = 0.329*[#   1]+0.329*[#   5]+0.056*[#   2]+0.056*[#   3]+0.056*[#   4]
          +0.056*[#   6]+0.056*[#   7]+0.056*[#   8]
    |psi|^2 = 0.995
==== e(   2) =    -0.43248 eV ==== 
     psi = 0.235*[#   1]+0.235*[#   5]+0.087*[#   2]+0.087*[#   3]+0.087*[#   4]
          +0.087*[#   6]+0.087*[#   7]+0.087*[#   8]
    |psi|^2 = 0.993
==== e(   3) =     1.76775 eV ==== 
     psi = 0.160*[#   2]+0.160*[#   3]+0.160*[#   4]+0.160*[#   6]+0.160*[#   7]
          +0.160*[#   8]+0.015*[#   1]+0.015*[#   5]
    |psi|^2 = 0.992
==== e(   4) =     4.12065 eV ==== 
     psi = 0.165*[#   2]+0.165*[#   3]+0.165*[#   4]+0.165*[#   6]+0.165*[#   7]
          +0.165*[#   8]
    |psi|^2 = 0.991
==== e(   5) =     7.80403 eV ==== 
     psi = 0.113*[#   1]+0.113*[#   5]+0.101*[#   2]+0.101*[#   3]+0.101*[#   4]
          +0.101*[#   6]+0.101*[#   7]+0.101*[#   8]
    |psi|^2 = 0.833
==== e(   6) =    11.96264 eV ==== 
     psi = 0.145*[#   2]+0.145*[#   3]+0.145*[#   4]+0.145*[#   6]+0.145*[#   7]
          +0.145*[#   8]
    |psi|^2 = 0.871
==== e(   7) =    12.20038 eV ==== 
     psi = 0.013*[#   1]+0.013*[#   5]+0.011*[#   2]+0.011*[#   3]+0.011*[#   4]
          +0.011*[#   6]+0.011*[#   7]+0.011*[#   8]
    |psi|^2 = 0.091
==== e(   8) =    12.93452 eV ==== 
     psi = 0.130*[#   1]+0.130*[#   5]+0.083*[#   2]+0.083*[#   3]+0.083*[#   4]
          +0.083*[#   6]+0.083*[#   7]+0.083*[#   8]
    |psi|^2 = 0.759

 k =   0.5303300859  0.0000000000  0.0000000000
==== e(   1) =    -3.45540 eV ==== 
     psi = 0.307*[#   1]+0.307*[#   5]+0.063*[#   2]+0.063*[#   3]+0.063*[#   4]
          +0.063*[#   6]+0.063*[#   7]+0.063*[#   8]
    |psi|^2 = 0.994
==== e(   2) =     0.29651 eV ==== 
     psi = 0.256*[#   1]+0.256*[#   5]+0.080*[#   2]+0.080*[#   3]+0.080*[#   4]
          +0.080*[#   6]+0.080*[#   7]+0.080*[#   8]
    |psi|^2 = 0.991
==== e(   3) =     3.45867 eV ==== 
     psi = 0.166*[#   2]+0.166*[#   3]+0.166*[#   4]+0.166*[#   6]+0.166*[#   7]
          +0.166*[#   8]
    |psi|^2 = 0.994
==== e(   4) =     3.45867 eV ==== 
     psi = 0.166*[#   2]+0.166*[#   3]+0.166*[#   4]+0.166*[#   6]+0.166*[#   7]
          +0.166*[#   8]
    |psi|^2 = 0.994
==== e(   5) =     6.66379 eV ==== 
     psi = 0.170*[#   1]+0.170*[#   5]+0.096*[#   2]+0.096*[#   3]+0.096*[#   4]
          +0.096*[#   6]+0.096*[#   7]+0.096*[#   8]
    |psi|^2 = 0.917
==== e(   6) =     7.59121 eV ==== 
     psi = 0.148*[#   1]+0.148*[#   5]+0.063*[#   2]+0.063*[#   3]+0.063*[#   4]
          +0.063*[#   6]+0.063*[#   7]+0.063*[#   8]
    |psi|^2 = 0.673
==== e(   7) =    13.94864 eV ==== 
     psi = 0.127*[#   2]+0.127*[#   3]+0.127*[#   4]+0.127*[#   6]+0.127*[#   7]
          +0.127*[#   8]
    |psi|^2 = 0.763
==== e(   8) =    13.94864 eV ==== 
     psi = 0.127*[#   2]+0.127*[#   3]+0.127*[#   4]+0.127*[#   6]+0.127*[#   7]
          +0.127*[#   8]
    |psi|^2 = 0.763

 k =   0.5745242597  0.0441941738 -0.0441941738
==== e(   1) =    -3.04070 eV ==== 
     psi = 0.300*[#   1]+0.300*[#   5]+0.066*[#   2]+0.066*[#   3]+0.066*[#   4]
          +0.066*[#   6]+0.066*[#   7]+0.066*[#   8]
    |psi|^2 = 0.994
==== e(   2) =    -0.24772 eV ==== 
     psi = 0.264*[#   1]+0.264*[#   5]+0.077*[#   2]+0.077*[#   3]+0.077*[#   4]
          +0.077*[#   6]+0.077*[#   7]+0.077*[#   8]
    |psi|^2 = 0.992
==== e(   3) =     3.16348 eV ==== 
     psi = 0.164*[#   2]+0.164*[#   3]+0.164*[#   4]+0.164*[#   6]+0.164*[#   7]
          +0.164*[#   8]+0.005*[#   1]+0.005*[#   5]
    |psi|^2 = 0.994
==== e(   4) =     3.37940 eV ==== 
     psi = 0.166*[#   2]+0.166*[#   3]+0.166*[#   4]+0.166*[#   6]+0.166*[#   7]
          +0.166*[#   8]
    |psi|^2 = 0.994
==== e(   5) =     6.78861 eV ==== 
     psi = 0.165*[#   1]+0.165*[#   5]+0.094*[#   2]+0.094*[#   3]+0.094*[#   4]
          +0.094*[#   6]+0.094*[#   7]+0.094*[#   8]
    |psi|^2 = 0.893
==== e(   6) =     7.49663 eV ==== 
     psi = 0.150*[#   1]+0.150*[#   5]+0.070*[#   2]+0.070*[#   3]+0.070*[#   4]
          +0.070*[#   6]+0.070*[#   7]+0.070*[#   8]
    |psi|^2 = 0.719
==== e(   7) =    14.25592 eV ==== 
     psi = 0.113*[#   2]+0.113*[#   3]+0.113*[#   4]+0.113*[#   6]+0.113*[#   7]
          +0.113*[#   8]+0.015*[#   1]+0.015*[#   5]
    |psi|^2 = 0.709
==== e(   8) =    14.26429 eV ==== 
     psi = 0.117*[#   2]+0.117*[#   3]+0.117*[#   4]+0.117*[#   6]+0.117*[#   7]
          +0.117*[#   8]
    |psi|^2 = 0.702

 k =  -0.0883883476 -0.6187184335  0.6187184335
==== e(   1) =    -2.57608 eV ==== 
     psi = 0.297*[#   1]+0.297*[#   5]+0.066*[#   2]+0.066*[#   3]+0.066*[#   4]
          +0.066*[#   6]+0.066*[#   7]+0.066*[#   8]
    |psi|^2 = 0.994
==== e(   2) =    -0.77024 eV ==== 
     psi = 0.271*[#   1]+0.271*[#   5]+0.075*[#   2]+0.075*[#   3]+0.075*[#   4]
          +0.075*[#   6]+0.075*[#   7]+0.075*[#   8]
    |psi|^2 = 0.993
==== e(   3) =     2.65266 eV ==== 
     psi = 0.163*[#   2]+0.163*[#   3]+0.163*[#   4]+0.163*[#   6]+0.163*[#   7]
          +0.163*[#   8]+0.008*[#   1]+0.008*[#   5]
    |psi|^2 = 0.993
==== e(   4) =     3.38333 eV ==== 
     psi = 0.166*[#   2]+0.166*[#   3]+0.166*[#   4]+0.166*[#   6]+0.166*[#   7]
          +0.166*[#   8]
    |psi|^2 = 0.994
==== e(   5) =     6.94516 eV ==== 
     psi = 0.158*[#   1]+0.158*[#   5]+0.089*[#   2]+0.089*[#   3]+0.089*[#   4]
          +0.089*[#   6]+0.089*[#   7]+0.089*[#   8]
    |psi|^2 = 0.847
==== e(   6) =     8.00028 eV ==== 
     psi = 0.139*[#   1]+0.139*[#   5]+0.078*[#   2]+0.078*[#   3]+0.078*[#   4]
          +0.078*[#   6]+0.078*[#   7]+0.078*[#   8]
    |psi|^2 = 0.747
==== e(   7) =    14.18602 eV ==== 
     psi = 0.110*[#   2]+0.110*[#   3]+0.110*[#   4]+0.110*[#   6]+0.110*[#   7]
          +0.110*[#   8]
    |psi|^2 = 0.661
==== e(   8) =    14.23955 eV ==== 
     psi = 0.094*[#   2]+0.094*[#   3]+0.094*[#   4]+0.094*[#   6]+0.094*[#   7]
          +0.094*[#   8]+0.038*[#   1]+0.038*[#   5]
    |psi|^2 = 0.643

 k =  -0.0441941738 -0.5745242597  0.5745242597
==== e(   1) =    -2.15711 eV ==== 
     psi = 0.305*[#   1]+0.305*[#   5]+0.064*[#   2]+0.064*[#   3]+0.064*[#   4]
          +0.064*[#   6]+0.064*[#   7]+0.064*[#   8]
    |psi|^2 = 0.994
==== e(   2) =    -1.18116 eV ==== 
     psi = 0.270*[#   1]+0.270*[#   5]+0.075*[#   2]+0.075*[#   3]+0.075*[#   4]
          +0.075*[#   6]+0.075*[#   7]+0.075*[#   8]
    |psi|^2 = 0.993
==== e(   3) =     2.14964 eV ==== 
     psi = 0.164*[#   2]+0.164*[#   3]+0.164*[#   4]+0.164*[#   6]+0.164*[#   7]
          +0.164*[#   8]+0.004*[#   1]+0.004*[#   5]
    |psi|^2 = 0.994
==== e(   4) =     3.47008 eV ==== 
     psi = 0.166*[#   2]+0.166*[#   3]+0.166*[#   4]+0.166*[#   6]+0.166*[#   7]
          +0.166*[#   8]
    |psi|^2 = 0.994
==== e(   5) =     7.05969 eV ==== 
     psi = 0.149*[#   1]+0.149*[#   5]+0.090*[#   2]+0.090*[#   3]+0.090*[#   4]
          +0.090*[#   6]+0.090*[#   7]+0.090*[#   8]
    |psi|^2 = 0.836
==== e(   6) =     8.95775 eV ==== 
     psi = 0.120*[#   1]+0.120*[#   5]+0.075*[#   2]+0.075*[#   3]+0.075*[#   4]
          +0.075*[#   6]+0.075*[#   7]+0.075*[#   8]
    |psi|^2 = 0.692
==== e(   7) =    13.91712 eV ==== 
     psi = 0.119*[#   2]+0.119*[#   3]+0.119*[#   4]+0.119*[#   6]+0.119*[#   7]
          +0.119*[#   8]
    |psi|^2 = 0.715
==== e(   8) =    14.12834 eV ==== 
     psi = 0.078*[#   2]+0.078*[#   3]+0.078*[#   4]+0.078*[#   6]+0.078*[#   7]
          +0.078*[#   8]+0.057*[#   1]+0.057*[#   5]
    |psi|^2 = 0.582

 k =   0.0000000000 -0.5303300859  0.5303300859
==== e(   1) =    -2.15277 eV ==== 
     psi = 0.322*[#   1]+0.322*[#   5]+0.059*[#   2]+0.059*[#   3]+0.059*[#   4]
          +0.059*[#   6]+0.059*[#   7]+0.059*[#   8]
    |psi|^2 = 0.995
==== e(   2) =    -1.15554 eV ==== 
     psi = 0.257*[#   1]+0.257*[#   5]+0.080*[#   2]+0.080*[#   3]+0.080*[#   4]
          +0.080*[#   6]+0.080*[#   7]+0.080*[#   8]
    |psi|^2 = 0.993
==== e(   3) =     1.81000 eV ==== 
     psi = 0.166*[#   2]+0.166*[#   3]+0.166*[#   4]+0.166*[#   6]+0.166*[#   7]
          +0.166*[#   8]
    |psi|^2 = 0.993
==== e(   4) =     3.63589 eV ==== 
     psi = 0.166*[#   2]+0.166*[#   3]+0.166*[#   4]+0.166*[#   6]+0.166*[#   7]
          +0.166*[#   8]
    |psi|^2 = 0.993
==== e(   5) =     7.24829 eV ==== 
     psi = 0.137*[#   1]+0.137*[#   5]+0.094*[#   2]+0.094*[#   3]+0.094*[#   4]
          +0.094*[#   6]+0.094*[#   7]+0.094*[#   8]
    |psi|^2 = 0.835
==== e(   6) =    10.12916 eV ==== 
     psi = 0.095*[#   1]+0.095*[#   5]+0.064*[#   2]+0.064*[#   3]+0.064*[#   4]
          +0.064*[#   6]+0.064*[#   7]+0.064*[#   8]
    |psi|^2 = 0.571
==== e(   7) =    13.38797 eV ==== 
     psi = 0.138*[#   2]+0.138*[#   3]+0.138*[#   4]+0.138*[#   6]+0.138*[#   7]
          +0.138*[#   8]
    |psi|^2 = 0.827
==== e(   8) =    13.93513 eV ==== 
     psi = 0.056*[#   1]+0.056*[#   5]+0.034*[#   2]+0.034*[#   3]+0.034*[#   4]
          +0.034*[#   6]+0.034*[#   7]+0.034*[#   8]
    |psi|^2 = 0.318

 k =   0.6187184335  0.0000000000  0.0000000000
==== e(   1) =    -2.64455 eV ==== 
     psi = 0.293*[#   1]+0.293*[#   5]+0.068*[#   2]+0.068*[#   3]+0.068*[#   4]
          +0.068*[#   6]+0.068*[#   7]+0.068*[#   8]
    |psi|^2 = 0.993
==== e(   2) =    -0.75128 eV ==== 
     psi = 0.269*[#   1]+0.269*[#   5]+0.076*[#   2]+0.076*[#   3]+0.076*[#   4]
          +0.076*[#   6]+0.076*[#   7]+0.076*[#   8]
    |psi|^2 = 0.992
==== e(   3) =     3.27754 eV ==== 
     psi = 0.166*[#   2]+0.166*[#   3]+0.166*[#   4]+0.166*[#   6]+0.166*[#   7]
          +0.166*[#   8]
    |psi|^2 = 0.994
==== e(   4) =     3.27754 eV ==== 
     psi = 0.166*[#   2]+0.166*[#   3]+0.166*[#   4]+0.166*[#   6]+0.166*[#   7]
          +0.166*[#   8]
    |psi|^2 = 0.994
==== e(   5) =     6.63081 eV ==== 
     psi = 0.175*[#   1]+0.175*[#   5]+0.089*[#   2]+0.089*[#   3]+0.089*[#   4]
          +0.089*[#   6]+0.089*[#   7]+0.089*[#   8]
    |psi|^2 = 0.886
==== e(   6) =     7.08297 eV ==== 
     psi = 0.162*[#   1]+0.162*[#   5]+0.074*[#   2]+0.074*[#   3]+0.074*[#   4]
          +0.074*[#   6]+0.074*[#   7]+0.074*[#   8]
    |psi|^2 = 0.765
==== e(   7) =    15.09962 eV ==== 
     psi = 0.123*[#   2]+0.123*[#   3]+0.123*[#   4]+0.123*[#   6]+0.123*[#   7]
          +0.123*[#   8]
    |psi|^2 = 0.739
==== e(   8) =    15.09962 eV ==== 
     psi = 0.123*[#   2]+0.123*[#   3]+0.123*[#   4]+0.123*[#   6]+0.123*[#   7]
          +0.123*[#   8]
    |psi|^2 = 0.739

 k =  -0.0441941738 -0.6629126074  0.6629126074
==== e(   1) =    -2.18764 eV ==== 
     psi = 0.288*[#   1]+0.288*[#   5]+0.070*[#   2]+0.070*[#   3]+0.070*[#   4]
          +0.070*[#   6]+0.070*[#   7]+0.070*[#   8]
    |psi|^2 = 0.993
==== e(   2) =    -1.24856 eV ==== 
     psi = 0.276*[#   1]+0.276*[#   5]+0.073*[#   2]+0.073*[#   3]+0.073*[#   4]
          +0.073*[#   6]+0.073*[#   7]+0.073*[#   8]
    |psi|^2 = 0.993
==== e(   3) =     3.02646 eV ==== 
     psi = 0.164*[#   2]+0.164*[#   3]+0.164*[#   4]+0.164*[#   6]+0.164*[#   7]
          +0.164*[#   8]+0.004*[#   1]+0.004*[#   5]
    |psi|^2 = 0.994
==== e(   4) =     3.25884 eV ==== 
     psi = 0.166*[#   2]+0.166*[#   3]+0.166*[#   4]+0.166*[#   6]+0.166*[#   7]
          +0.166*[#   8]
    |psi|^2 = 0.994
==== e(   5) =     6.78497 eV ==== 
     psi = 0.169*[#   1]+0.169*[#   5]+0.086*[#   2]+0.086*[#   3]+0.086*[#   4]
          +0.086*[#   6]+0.086*[#   7]+0.086*[#   8]
    |psi|^2 = 0.851
==== e(   6) =     7.14355 eV ==== 
     psi = 0.160*[#   1]+0.160*[#   5]+0.081*[#   2]+0.081*[#   3]+0.081*[#   4]
          +0.081*[#   6]+0.081*[#   7]+0.081*[#   8]
    |psi|^2 = 0.804
==== e(   7) =    15.32371 eV ==== 
     psi = 0.124*[#   2]+0.124*[#   3]+0.124*[#   4]+0.124*[#   6]+0.124*[#   7]
          +0.124*[#   8]
    |psi|^2 = 0.747
==== e(   8) =    15.39499 eV ==== 
     psi = 0.119*[#   2]+0.119*[#   3]+0.119*[#   4]+0.119*[#   6]+0.119*[#   7]
          +0.119*[#   8]+0.012*[#   1]+0.012*[#   5]
    |psi|^2 = 0.736

 k =   0.0000000000 -0.6187184335  0.6187184335
==== e(   1) =    -1.80959 eV ==== 
     psi = 0.296*[#   1]+0.296*[#   5]+0.067*[#   2]+0.067*[#   3]+0.067*[#   4]
          +0.067*[#   6]+0.067*[#   7]+0.067*[#   8]
    |psi|^2 = 0.994
==== e(   2) =    -1.59203 eV ==== 
     psi = 0.274*[#   1]+0.274*[#   5]+0.074*[#   2]+0.074*[#   3]+0.074*[#   4]
          +0.074*[#   6]+0.074*[#   7]+0.074*[#   8]
    |psi|^2 = 0.993
==== e(   3) =     2.56141 eV ==== 
     psi = 0.163*[#   2]+0.163*[#   3]+0.163*[#   4]+0.163*[#   6]+0.163*[#   7]
          +0.163*[#   8]+0.006*[#   1]+0.006*[#   5]
    |psi|^2 = 0.994
==== e(   4) =     3.32392 eV ==== 
     psi = 0.166*[#   2]+0.166*[#   3]+0.166*[#   4]+0.166*[#   6]+0.166*[#   7]
          +0.166*[#   8]
    |psi|^2 = 0.994
==== e(   5) =     6.88916 eV ==== 
     psi = 0.161*[#   1]+0.161*[#   5]+0.086*[#   2]+0.086*[#   3]+0.086*[#   4]
          +0.086*[#   6]+0.086*[#   7]+0.086*[#   8]
    |psi|^2 = 0.837
==== e(   6) =     7.88327 eV ==== 
     psi = 0.142*[#   1]+0.142*[#   5]+0.082*[#   2]+0.082*[#   3]+0.082*[#   4]
          +0.082*[#   6]+0.082*[#   7]+0.082*[#   8]
    |psi|^2 = 0.778
==== e(   7) =    14.93014 eV ==== 
     psi = 0.136*[#   2]+0.136*[#   3]+0.136*[#   4]+0.136*[#   6]+0.136*[#   7]
          +0.136*[#   8]
    |psi|^2 = 0.819
==== e(   8) =    15.27439 eV ==== 
     psi = 0.130*[#   2]+0.130*[#   3]+0.130*[#   4]+0.130*[#   6]+0.130*[#   7]
          +0.130*[#   8]+0.035*[#   1]+0.035*[#   5]
    |psi|^2 = 0.849

 k =  -0.7071067812  0.0000000000  0.0000000000
==== e(   1) =    -1.73795 eV ==== 
     psi = 0.281*[#   1]+0.281*[#   5]+0.072*[#   2]+0.072*[#   3]+0.072*[#   4]
          +0.072*[#   6]+0.072*[#   7]+0.072*[#   8]
    |psi|^2 = 0.993
==== e(   2) =    -1.73795 eV ==== 
     psi = 0.281*[#   1]+0.281*[#   5]+0.072*[#   2]+0.072*[#   3]+0.072*[#   4]
          +0.072*[#   6]+0.072*[#   7]+0.072*[#   8]
    |psi|^2 = 0.993
==== e(   3) =     3.21681 eV ==== 
     psi = 0.166*[#   2]+0.166*[#   3]+0.166*[#   4]+0.166*[#   6]+0.166*[#   7]
          +0.166*[#   8]
    |psi|^2 = 0.995
==== e(   4) =     3.21681 eV ==== 
     psi = 0.166*[#   2]+0.166*[#   3]+0.166*[#   4]+0.166*[#   6]+0.166*[#   7]
          +0.166*[#   8]
    |psi|^2 = 0.995
==== e(   5) =     6.76604 eV ==== 
     psi = 0.171*[#   1]+0.171*[#   5]+0.082*[#   2]+0.082*[#   3]+0.082*[#   4]
          +0.082*[#   6]+0.082*[#   7]+0.082*[#   8]
    |psi|^2 = 0.837
==== e(   6) =     6.76604 eV ==== 
     psi = 0.171*[#   1]+0.171*[#   5]+0.082*[#   2]+0.082*[#   3]+0.082*[#   4]
          +0.082*[#   6]+0.082*[#   7]+0.082*[#   8]
    |psi|^2 = 0.837
==== e(   7) =    15.93125 eV ==== 
     psi = 0.155*[#   2]+0.155*[#   3]+0.155*[#   4]+0.155*[#   6]+0.155*[#   7]
          +0.155*[#   8]
    |psi|^2 = 0.927
==== e(   8) =    15.93125 eV ==== 
     psi = 0.155*[#   2]+0.155*[#   3]+0.155*[#   4]+0.155*[#   6]+0.155*[#   7]
          +0.155*[#   8]
    |psi|^2 = 0.927

 k =   0.1767766953  0.0883883476  0.0000000000
==== e(   1) =    -5.47235 eV ==== 
     psi = 0.427*[#   1]+0.427*[#   5]+0.024*[#   2]+0.024*[#   3]+0.024*[#   4]
          +0.024*[#   6]+0.024*[#   7]+0.024*[#   8]
    |psi|^2 = 0.996
==== e(   2) =     4.12005 eV ==== 
     psi = 0.123*[#   1]+0.123*[#   5]+0.122*[#   2]+0.122*[#   3]+0.122*[#   4]
          +0.122*[#   6]+0.122*[#   7]+0.122*[#   8]
    |psi|^2 = 0.980
==== e(   3) =     4.96728 eV ==== 
     psi = 0.159*[#   2]+0.159*[#   3]+0.159*[#   4]+0.159*[#   6]+0.159*[#   7]
          +0.159*[#   8]+0.012*[#   1]+0.012*[#   5]
    |psi|^2 = 0.980
==== e(   4) =     5.59739 eV ==== 
     psi = 0.159*[#   2]+0.159*[#   3]+0.159*[#   4]+0.159*[#   6]+0.159*[#   7]
          +0.159*[#   8]+0.011*[#   1]+0.011*[#   5]
    |psi|^2 = 0.974
==== e(   5) =     8.38357 eV ==== 
     psi = 0.144*[#   2]+0.144*[#   3]+0.144*[#   4]+0.144*[#   6]+0.144*[#   7]
          +0.144*[#   8]+0.044*[#   1]+0.044*[#   5]
    |psi|^2 = 0.954
==== e(   6) =     9.21328 eV ==== 
     psi = 0.129*[#   1]+0.129*[#   5]+0.116*[#   2]+0.116*[#   3]+0.116*[#   4]
          +0.116*[#   6]+0.116*[#   7]+0.116*[#   8]
    |psi|^2 = 0.956
==== e(   7) =     9.55871 eV ==== 
     psi = 0.152*[#   2]+0.152*[#   3]+0.152*[#   4]+0.152*[#   6]+0.152*[#   7]
          +0.152*[#   8]+0.011*[#   1]+0.011*[#   5]
    |psi|^2 = 0.932
==== e(   8) =    10.80555 eV ==== 
     psi = 0.200*[#   1]+0.200*[#   5]+0.078*[#   2]+0.078*[#   3]+0.078*[#   4]
          +0.078*[#   6]+0.078*[#   7]+0.078*[#   8]
    |psi|^2 = 0.870

 k =   0.2209708691  0.1325825215 -0.0441941738
==== e(   1) =    -5.22611 eV ==== 
     psi = 0.397*[#   1]+0.397*[#   5]+0.034*[#   2]+0.034*[#   3]+0.034*[#   4]
          +0.034*[#   6]+0.034*[#   7]+0.034*[#   8]
    |psi|^2 = 0.996
==== e(   2) =     3.16689 eV ==== 
     psi = 0.143*[#   1]+0.143*[#   5]+0.116*[#   2]+0.116*[#   3]+0.116*[#   4]
          +0.116*[#   6]+0.116*[#   7]+0.116*[#   8]
    |psi|^2 = 0.984
==== e(   3) =     4.55666 eV ==== 
     psi = 0.155*[#   2]+0.155*[#   3]+0.155*[#   4]+0.155*[#   6]+0.155*[#   7]
          +0.155*[#   8]+0.026*[#   1]+0.026*[#   5]
    |psi|^2 = 0.983
==== e(   4) =     5.43926 eV ==== 
     psi = 0.159*[#   2]+0.159*[#   3]+0.159*[#   4]+0.159*[#   6]+0.159*[#   7]
          +0.159*[#   8]+0.011*[#   1]+0.011*[#   5]
    |psi|^2 = 0.979
==== e(   5) =     8.54711 eV ==== 
     psi = 0.133*[#   2]+0.133*[#   3]+0.133*[#   4]+0.133*[#   6]+0.133*[#   7]
          +0.133*[#   8]+0.070*[#   1]+0.070*[#   5]
    |psi|^2 = 0.939
==== e(   6) =     9.20503 eV ==== 
     psi = 0.130*[#   1]+0.130*[#   5]+0.115*[#   2]+0.115*[#   3]+0.115*[#   4]
          +0.115*[#   6]+0.115*[#   7]+0.115*[#   8]
    |psi|^2 = 0.953
==== e(   7) =     9.93294 eV ==== 
     psi = 0.147*[#   2]+0.147*[#   3]+0.147*[#   4]+0.147*[#   6]+0.147*[#   7]
          +0.147*[#   8]+0.013*[#   1]+0.013*[#   5]
    |psi|^2 = 0.910
==== e(   8) =    11.15731 eV ==== 
     psi = 0.110*[#   1]+0.110*[#   5]+0.061*[#   2]+0.061*[#   3]+0.061*[#   4]
          +0.061*[#   6]+0.061*[#   7]+0.061*[#   8]
    |psi|^2 = 0.589

 k =   0.2651650429  0.1767766953 -0.0883883476
==== e(   1) =    -4.88957 eV ==== 
     psi = 0.371*[#   1]+0.371*[#   5]+0.042*[#   2]+0.042*[#   3]+0.042*[#   4]
          +0.042*[#   6]+0.042*[#   7]+0.042*[#   8]
    |psi|^2 = 0.995
==== e(   2) =     2.11375 eV ==== 
     psi = 0.156*[#   1]+0.156*[#   5]+0.113*[#   2]+0.113*[#   3]+0.113*[#   4]
          +0.113*[#   6]+0.113*[#   7]+0.113*[#   8]
    |psi|^2 = 0.987
==== e(   3) =     4.28711 eV ==== 
     psi = 0.152*[#   2]+0.152*[#   3]+0.152*[#   4]+0.152*[#   6]+0.152*[#   7]
          +0.152*[#   8]+0.037*[#   1]+0.037*[#   5]
    |psi|^2 = 0.986
==== e(   4) =     5.20649 eV ==== 
     psi = 0.160*[#   2]+0.160*[#   3]+0.160*[#   4]+0.160*[#   6]+0.160*[#   7]
          +0.160*[#   8]+0.011*[#   1]+0.011*[#   5]
    |psi|^2 = 0.983
==== e(   5) =     8.58227 eV ==== 
     psi = 0.149*[#   1]+0.149*[#   5]+0.104*[#   2]+0.104*[#   3]+0.104*[#   4]
          +0.104*[#   6]+0.104*[#   7]+0.104*[#   8]
    |psi|^2 = 0.921
==== e(   6) =     9.26735 eV ==== 
     psi = 0.131*[#   2]+0.131*[#   3]+0.131*[#   4]+0.131*[#   6]+0.131*[#   7]
          +0.131*[#   8]+0.068*[#   1]+0.068*[#   5]
    |psi|^2 = 0.924
==== e(   7) =    10.16376 eV ==== 
     psi = 0.141*[#   2]+0.141*[#   3]+0.141*[#   4]+0.141*[#   6]+0.141*[#   7]
          +0.141*[#   8]+0.009*[#   1]+0.009*[#   5]
    |psi|^2 = 0.864
==== e(   8) =    11.36992 eV ==== 
     psi = 0.075*[#   1]+0.075*[#   5]+0.044*[#   2]+0.044*[#   3]+0.044*[#   4]
          +0.044*[#   6]+0.044*[#   7]+0.044*[#   8]
    |psi|^2 = 0.417

 k =   0.3093592168  0.2209708691 -0.1325825215
==== e(   1) =    -4.47593 eV ==== 
     psi = 0.356*[#   1]+0.356*[#   5]+0.047*[#   2]+0.047*[#   3]+0.047*[#   4]
          +0.047*[#   6]+0.047*[#   7]+0.047*[#   8]
    |psi|^2 = 0.995
==== e(   2) =     1.09703 eV ==== 
     psi = 0.162*[#   1]+0.162*[#   5]+0.111*[#   2]+0.111*[#   3]+0.111*[#   4]
          +0.111*[#   6]+0.111*[#   7]+0.111*[#   8]
    |psi|^2 = 0.989
==== e(   3) =     4.10386 eV ==== 
     psi = 0.150*[#   2]+0.150*[#   3]+0.150*[#   4]+0.150*[#   6]+0.150*[#   7]
          +0.150*[#   8]+0.045*[#   1]+0.045*[#   5]
    |psi|^2 = 0.987
==== e(   4) =     4.96880 eV ==== 
     psi = 0.161*[#   2]+0.161*[#   3]+0.161*[#   4]+0.161*[#   6]+0.161*[#   7]
          +0.161*[#   8]+0.009*[#   1]+0.009*[#   5]
    |psi|^2 = 0.986
==== e(   5) =     8.47037 eV ==== 
     psi = 0.203*[#   1]+0.203*[#   5]+0.084*[#   2]+0.084*[#   3]+0.084*[#   4]
          +0.084*[#   6]+0.084*[#   7]+0.084*[#   8]
    |psi|^2 = 0.912
==== e(   6) =     9.32398 eV ==== 
     psi = 0.132*[#   2]+0.132*[#   3]+0.132*[#   4]+0.132*[#   6]+0.132*[#   7]
          +0.132*[#   8]+0.028*[#   1]+0.028*[#   5]
    |psi|^2 = 0.847
==== e(   7) =    10.17749 eV ==== 
     psi = 0.132*[#   2]+0.132*[#   3]+0.132*[#   4]+0.132*[#   6]+0.132*[#   7]
          +0.132*[#   8]+0.009*[#   1]+0.009*[#   5]
    |psi|^2 = 0.813
==== e(   8) =    11.85833 eV ==== 
     psi = 0.064*[#   1]+0.064*[#   5]+0.044*[#   2]+0.044*[#   3]+0.044*[#   4]
          +0.044*[#   6]+0.044*[#   7]+0.044*[#   8]
    |psi|^2 = 0.390

 k =   0.3535533906  0.2651650429 -0.1767766953
==== e(   1) =    -4.01592 eV ==== 
     psi = 0.352*[#   1]+0.352*[#   5]+0.049*[#   2]+0.049*[#   3]+0.049*[#   4]
          +0.049*[#   6]+0.049*[#   7]+0.049*[#   8]
    |psi|^2 = 0.995
==== e(   2) =     0.18989 eV ==== 
     psi = 0.159*[#   1]+0.159*[#   5]+0.112*[#   2]+0.112*[#   3]+0.112*[#   4]
          +0.112*[#   6]+0.112*[#   7]+0.112*[#   8]
    |psi|^2 = 0.989
==== e(   3) =     3.98923 eV ==== 
     psi = 0.148*[#   2]+0.148*[#   3]+0.148*[#   4]+0.148*[#   6]+0.148*[#   7]
          +0.148*[#   8]+0.051*[#   1]+0.051*[#   5]
    |psi|^2 = 0.988
==== e(   4) =     4.76877 eV ==== 
     psi = 0.163*[#   2]+0.163*[#   3]+0.163*[#   4]+0.163*[#   6]+0.163*[#   7]
          +0.163*[#   8]+0.006*[#   1]+0.006*[#   5]
    |psi|^2 = 0.987
==== e(   5) =     8.35011 eV ==== 
     psi = 0.232*[#   1]+0.232*[#   5]+0.074*[#   2]+0.074*[#   3]+0.074*[#   4]
          +0.074*[#   6]+0.074*[#   7]+0.074*[#   8]
    |psi|^2 = 0.906
==== e(   6) =     9.28509 eV ==== 
     psi = 0.126*[#   2]+0.126*[#   3]+0.126*[#   4]+0.126*[#   6]+0.126*[#   7]
          +0.126*[#   8]+0.013*[#   1]+0.013*[#   5]
    |psi|^2 = 0.784
==== e(   7) =    10.08804 eV ==== 
     psi = 0.126*[#   2]+0.126*[#   3]+0.126*[#   4]+0.126*[#   6]+0.126*[#   7]
          +0.126*[#   8]+0.011*[#   1]+0.011*[#   5]
    |psi|^2 = 0.779
==== e(   8) =    12.64034 eV ==== 
     psi = 0.056*[#   1]+0.056*[#   5]+0.046*[#   2]+0.046*[#   3]+0.046*[#   4]
          +0.046*[#   6]+0.046*[#   7]+0.046*[#   8]
    |psi|^2 = 0.390

 k =  -0.3093592168 -0.3977475644  0.4861359121
==== e(   1) =    -3.59039 eV ==== 
     psi = 0.362*[#   1]+0.362*[#   5]+0.045*[#   2]+0.045*[#   3]+0.045*[#   4]
          +0.045*[#   6]+0.045*[#   7]+0.045*[#   8]
    |psi|^2 = 0.996
==== e(   2) =    -0.50909 eV ==== 
     psi = 0.144*[#   1]+0.144*[#   5]+0.117*[#   2]+0.117*[#   3]+0.117*[#   4]
          +0.117*[#   6]+0.117*[#   7]+0.117*[#   8]
    |psi|^2 = 0.988
==== e(   3) =     3.92985 eV ==== 
     psi = 0.146*[#   2]+0.146*[#   3]+0.146*[#   4]+0.146*[#   6]+0.146*[#   7]
          +0.146*[#   8]+0.056*[#   1]+0.056*[#   5]
    |psi|^2 = 0.989
==== e(   4) =     4.63458 eV ==== 
     psi = 0.164*[#   2]+0.164*[#   3]+0.164*[#   4]+0.164*[#   6]+0.164*[#   7]
          +0.164*[#   8]+0.002*[#   1]+0.002*[#   5]
    |psi|^2 = 0.988
==== e(   5) =     8.26946 eV ==== 
     psi = 0.248*[#   1]+0.248*[#   5]+0.068*[#   2]+0.068*[#   3]+0.068*[#   4]
          +0.068*[#   6]+0.068*[#   7]+0.068*[#   8]
    |psi|^2 = 0.902
==== e(   6) =     9.22653 eV ==== 
     psi = 0.124*[#   2]+0.124*[#   3]+0.124*[#   4]+0.124*[#   6]+0.124*[#   7]
          +0.124*[#   8]+0.007*[#   1]+0.007*[#   5]
    |psi|^2 = 0.757
==== e(   7) =     9.99883 eV ==== 
     psi = 0.122*[#   2]+0.122*[#   3]+0.122*[#   4]+0.122*[#   6]+0.122*[#   7]
          +0.122*[#   8]+0.013*[#   1]+0.013*[#   5]
    |psi|^2 = 0.761
==== e(   8) =    13.54057 eV ==== 
     psi = 0.049*[#   1]+0.049*[#   5]+0.047*[#   2]+0.047*[#   3]+0.047*[#   4]
          +0.047*[#   6]+0.047*[#   7]+0.047*[#   8]
    |psi|^2 = 0.380

 k =  -0.2651650429 -0.3535533906  0.4419417382
==== e(   1) =    -3.39346 eV ==== 
     psi = 0.373*[#   1]+0.373*[#   5]+0.042*[#   2]+0.042*[#   3]+0.042*[#   4]
          +0.042*[#   6]+0.042*[#   7]+0.042*[#   8]
    |psi|^2 = 0.997
==== e(   2) =    -0.79793 eV ==== 
     psi = 0.132*[#   1]+0.132*[#   5]+0.121*[#   2]+0.121*[#   3]+0.121*[#   4]
          +0.121*[#   6]+0.121*[#   7]+0.121*[#   8]
    |psi|^2 = 0.987
==== e(   3) =     3.91222 eV ==== 
     psi = 0.145*[#   2]+0.145*[#   3]+0.145*[#   4]+0.145*[#   6]+0.145*[#   7]
          +0.145*[#   8]+0.058*[#   1]+0.058*[#   5]
    |psi|^2 = 0.989
==== e(   4) =     4.58696 eV ==== 
     psi = 0.165*[#   2]+0.165*[#   3]+0.165*[#   4]+0.165*[#   6]+0.165*[#   7]
          +0.165*[#   8]
    |psi|^2 = 0.988
==== e(   5) =     8.24165 eV ==== 
     psi = 0.253*[#   1]+0.253*[#   5]+0.066*[#   2]+0.066*[#   3]+0.066*[#   4]
          +0.066*[#   6]+0.066*[#   7]+0.066*[#   8]
    |psi|^2 = 0.900
==== e(   6) =     9.20200 eV ==== 
     psi = 0.124*[#   2]+0.124*[#   3]+0.124*[#   4]+0.124*[#   6]+0.124*[#   7]
          +0.124*[#   8]+0.005*[#   1]+0.005*[#   5]
    |psi|^2 = 0.750
==== e(   7) =     9.96378 eV ==== 
     psi = 0.121*[#   2]+0.121*[#   3]+0.121*[#   4]+0.121*[#   6]+0.121*[#   7]
          +0.121*[#   8]+0.014*[#   1]+0.014*[#   5]
    |psi|^2 = 0.755
==== e(   8) =    14.06917 eV ==== 
     psi = 0.047*[#   2]+0.047*[#   3]+0.047*[#   4]+0.047*[#   6]+0.047*[#   7]
          +0.047*[#   8]+0.045*[#   1]+0.045*[#   5]
    |psi|^2 = 0.372

 k =   0.2651650429  0.0883883476  0.0000000000
==== e(   1) =    -5.14142 eV ==== 
     psi = 0.386*[#   1]+0.386*[#   5]+0.037*[#   2]+0.037*[#   3]+0.037*[#   4]
          +0.037*[#   6]+0.037*[#   7]+0.037*[#   8]
    |psi|^2 = 0.995
==== e(   2) =     3.21238 eV ==== 
     psi = 0.167*[#   1]+0.167*[#   5]+0.108*[#   2]+0.108*[#   3]+0.108*[#   4]
          +0.108*[#   6]+0.108*[#   7]+0.108*[#   8]
    |psi|^2 = 0.984
==== e(   3) =     4.40214 eV ==== 
     psi = 0.159*[#   2]+0.159*[#   3]+0.159*[#   4]+0.159*[#   6]+0.159*[#   7]
          +0.159*[#   8]+0.016*[#   1]+0.016*[#   5]
    |psi|^2 = 0.986
==== e(   4) =     4.95841 eV ==== 
     psi = 0.159*[#   2]+0.159*[#   3]+0.159*[#   4]+0.159*[#   6]+0.159*[#   7]
          +0.159*[#   8]+0.015*[#   1]+0.015*[#   5]
    |psi|^2 = 0.983
==== e(   5) =     7.95016 eV ==== 
     psi = 0.131*[#   2]+0.131*[#   3]+0.131*[#   4]+0.131*[#   6]+0.131*[#   7]
          +0.131*[#   8]+0.083*[#   1]+0.083*[#   5]
    |psi|^2 = 0.949
==== e(   6) =     9.86280 eV ==== 
     psi = 0.168*[#   1]+0.168*[#   5]+0.089*[#   2]+0.089*[#   3]+0.089*[#   4]
          +0.089*[#   6]+0.089*[#   7]+0.089*[#   8]
    |psi|^2 = 0.871
==== e(   7) =    10.55054 eV ==== 
     psi = 0.148*[#   2]+0.148*[#   3]+0.148*[#   4]+0.148*[#   6]+0.148*[#   7]
          +0.148*[#   8]+0.007*[#   1]+0.007*[#   5]
    |psi|^2 = 0.902
==== e(   8) =    10.57975 eV ==== 
     psi = 0.086*[#   2]+0.086*[#   3]+0.086*[#   4]+0.086*[#   6]+0.086*[#   7]
          +0.086*[#   8]+0.026*[#   1]+0.026*[#   5]
    |psi|^2 = 0.569

 k =   0.3093592168  0.1325825215 -0.0441941738
==== e(   1) =    -4.83463 eV ==== 
     psi = 0.364*[#   1]+0.364*[#   5]+0.045*[#   2]+0.045*[#   3]+0.045*[#   4]
          +0.045*[#   6]+0.045*[#   7]+0.045*[#   8]
    |psi|^2 = 0.995
==== e(   2) =     2.34370 eV ==== 
     psi = 0.177*[#   1]+0.177*[#   5]+0.105*[#   2]+0.105*[#   3]+0.105*[#   4]
          +0.105*[#   6]+0.105*[#   7]+0.105*[#   8]
    |psi|^2 = 0.987
==== e(   3) =     3.98897 eV ==== 
     psi = 0.154*[#   2]+0.154*[#   3]+0.154*[#   4]+0.154*[#   6]+0.154*[#   7]
          +0.154*[#   8]+0.032*[#   1]+0.032*[#   5]
    |psi|^2 = 0.988
==== e(   4) =     4.77970 eV ==== 
     psi = 0.159*[#   2]+0.159*[#   3]+0.159*[#   4]+0.159*[#   6]+0.159*[#   7]
          +0.159*[#   8]+0.015*[#   1]+0.015*[#   5]
    |psi|^2 = 0.986
==== e(   5) =     8.15426 eV ==== 
     psi = 0.126*[#   2]+0.126*[#   3]+0.126*[#   4]+0.126*[#   6]+0.126*[#   7]
          +0.126*[#   8]+0.087*[#   1]+0.087*[#   5]
    |psi|^2 = 0.929
==== e(   6) =     9.83406 eV ==== 
     psi = 0.174*[#   1]+0.174*[#   5]+0.087*[#   2]+0.087*[#   3]+0.087*[#   4]
          +0.087*[#   6]+0.087*[#   7]+0.087*[#   8]
    |psi|^2 = 0.868
==== e(   7) =    10.46201 eV ==== 
     psi = 0.076*[#   2]+0.076*[#   3]+0.076*[#   4]+0.076*[#   6]+0.076*[#   7]
          +0.076*[#   8]+0.011*[#   1]+0.011*[#   5]
    |psi|^2 = 0.480
==== e(   8) =    10.91283 eV ==== 
     psi = 0.140*[#   2]+0.140*[#   3]+0.140*[#   4]+0.140*[#   6]+0.140*[#   7]
          +0.140*[#   8]+0.010*[#   1]+0.010*[#   5]
    |psi|^2 = 0.857

 k =   0.3535533906  0.1767766953 -0.0883883476
==== e(   1) =    -4.44522 eV ==== 
     psi = 0.348*[#   1]+0.348*[#   5]+0.050*[#   2]+0.050*[#   3]+0.050*[#   4]
          +0.050*[#   6]+0.050*[#   7]+0.050*[#   8]
    |psi|^2 = 0.995
==== e(   2) =     1.39836 eV ==== 
     psi = 0.181*[#   1]+0.181*[#   5]+0.105*[#   2]+0.105*[#   3]+0.105*[#   4]
          +0.105*[#   6]+0.105*[#   7]+0.105*[#   8]
    |psi|^2 = 0.989
==== e(   3) =     3.70586 eV ==== 
     psi = 0.149*[#   2]+0.149*[#   3]+0.149*[#   4]+0.149*[#   6]+0.149*[#   7]
          +0.149*[#   8]+0.048*[#   1]+0.048*[#   5]
    |psi|^2 = 0.989
==== e(   4) =     4.55572 eV ==== 
     psi = 0.161*[#   2]+0.161*[#   3]+0.161*[#   4]+0.161*[#   6]+0.161*[#   7]
          +0.161*[#   8]+0.012*[#   1]+0.012*[#   5]
    |psi|^2 = 0.987
==== e(   5) =     8.31342 eV ==== 
     psi = 0.113*[#   2]+0.113*[#   3]+0.113*[#   4]+0.113*[#   6]+0.113*[#   7]
          +0.113*[#   8]+0.105*[#   1]+0.105*[#   5]
    |psi|^2 = 0.886
==== e(   6) =     9.88745 eV ==== 
     psi = 0.122*[#   1]+0.122*[#   5]+0.112*[#   2]+0.112*[#   3]+0.112*[#   4]
          +0.112*[#   6]+0.112*[#   7]+0.112*[#   8]
    |psi|^2 = 0.918
==== e(   7) =    10.51798 eV ==== 
     psi = 0.056*[#   2]+0.056*[#   3]+0.056*[#   4]+0.056*[#   6]+0.056*[#   7]
          +0.056*[#   8]+0.052*[#   1]+0.052*[#   5]
    |psi|^2 = 0.439
==== e(   8) =    11.05313 eV ==== 
     psi = 0.123*[#   2]+0.123*[#   3]+0.123*[#   4]+0.123*[#   6]+0.123*[#   7]
          +0.123*[#   8]+0.012*[#   1]+0.012*[#   5]
    |psi|^2 = 0.765

 k =   0.3977475644  0.2209708691 -0.1325825215
==== e(   1) =    -3.99553 eV ==== 
     psi = 0.341*[#   1]+0.341*[#   5]+0.052*[#   2]+0.052*[#   3]+0.052*[#   4]
          +0.052*[#   6]+0.052*[#   7]+0.052*[#   8]
    |psi|^2 = 0.995
==== e(   2) =     0.49703 eV ==== 
     psi = 0.179*[#   1]+0.179*[#   5]+0.105*[#   2]+0.105*[#   3]+0.105*[#   4]
          +0.105*[#   6]+0.105*[#   7]+0.105*[#   8]
    |psi|^2 = 0.990
==== e(   3) =     3.49542 eV ==== 
     psi = 0.145*[#   2]+0.145*[#   3]+0.145*[#   4]+0.145*[#   6]+0.145*[#   7]
          +0.145*[#   8]+0.060*[#   1]+0.060*[#   5]
    |psi|^2 = 0.990
==== e(   4) =     4.37151 eV ==== 
     psi = 0.163*[#   2]+0.163*[#   3]+0.163*[#   4]+0.163*[#   6]+0.163*[#   7]
          +0.163*[#   8]+0.006*[#   1]+0.006*[#   5]
    |psi|^2 = 0.989
==== e(   5) =     8.34723 eV ==== 
     psi = 0.126*[#   1]+0.126*[#   5]+0.100*[#   2]+0.100*[#   3]+0.100*[#   4]
          +0.100*[#   6]+0.100*[#   7]+0.100*[#   8]
    |psi|^2 = 0.851
==== e(   6) =     9.76614 eV ==== 
     psi = 0.111*[#   2]+0.111*[#   3]+0.111*[#   4]+0.111*[#   6]+0.111*[#   7]
          +0.111*[#   8]+0.079*[#   1]+0.079*[#   5]
    |psi|^2 = 0.822
==== e(   7) =    10.93872 eV ==== 
     psi = 0.121*[#   2]+0.121*[#   3]+0.121*[#   4]+0.121*[#   6]+0.121*[#   7]
          +0.121*[#   8]+0.039*[#   1]+0.039*[#   5]
    |psi|^2 = 0.802
==== e(   8) =    11.21102 eV ==== 
     psi = 0.057*[#   1]+0.057*[#   5]+0.052*[#   2]+0.052*[#   3]+0.052*[#   4]
          +0.052*[#   6]+0.052*[#   7]+0.052*[#   8]
    |psi|^2 = 0.426

 k =  -0.2651650429 -0.4419417382  0.5303300859
==== e(   1) =    -3.54272 eV ==== 
     psi = 0.346*[#   1]+0.346*[#   5]+0.050*[#   2]+0.050*[#   3]+0.050*[#   4]
          +0.050*[#   6]+0.050*[#   7]+0.050*[#   8]
    |psi|^2 = 0.995
==== e(   2) =    -0.26079 eV ==== 
     psi = 0.168*[#   1]+0.168*[#   5]+0.109*[#   2]+0.109*[#   3]+0.109*[#   4]
          +0.109*[#   6]+0.109*[#   7]+0.109*[#   8]
    |psi|^2 = 0.990
==== e(   3) =     3.33091 eV ==== 
     psi = 0.143*[#   2]+0.143*[#   3]+0.143*[#   4]+0.143*[#   6]+0.143*[#   7]
          +0.143*[#   8]+0.067*[#   1]+0.067*[#   5]
    |psi|^2 = 0.991
==== e(   4) =     4.27399 eV ==== 
     psi = 0.164*[#   2]+0.164*[#   3]+0.164*[#   4]+0.164*[#   6]+0.164*[#   7]
          +0.164*[#   8]+0.002*[#   1]+0.002*[#   5]
    |psi|^2 = 0.989
==== e(   5) =     8.35960 eV ==== 
     psi = 0.140*[#   1]+0.140*[#   5]+0.093*[#   2]+0.093*[#   3]+0.093*[#   4]
          +0.093*[#   6]+0.093*[#   7]+0.093*[#   8]
    |psi|^2 = 0.840
==== e(   6) =     9.59639 eV ==== 
     psi = 0.107*[#   2]+0.107*[#   3]+0.107*[#   4]+0.107*[#   6]+0.107*[#   7]
          +0.107*[#   8]+0.069*[#   1]+0.069*[#   5]
    |psi|^2 = 0.779
==== e(   7) =    10.87215 eV ==== 
     psi = 0.116*[#   2]+0.116*[#   3]+0.116*[#   4]+0.116*[#   6]+0.116*[#   7]
          +0.116*[#   8]+0.028*[#   1]+0.028*[#   5]
    |psi|^2 = 0.749
==== e(   8) =    12.12519 eV ==== 
     psi = 0.067*[#   1]+0.067*[#   5]+0.051*[#   2]+0.051*[#   3]+0.051*[#   4]
          +0.051*[#   6]+0.051*[#   7]+0.051*[#   8]
    |psi|^2 = 0.441

 k =  -0.2209708691 -0.3977475644  0.4861359121
==== e(   1) =    -3.23976 eV ==== 
     psi = 0.360*[#   1]+0.360*[#   5]+0.046*[#   2]+0.046*[#   3]+0.046*[#   4]
          +0.046*[#   6]+0.046*[#   7]+0.046*[#   8]
    |psi|^2 = 0.996
==== e(   2) =    -0.70387 eV ==== 
     psi = 0.152*[#   1]+0.152*[#   5]+0.114*[#   2]+0.114*[#   3]+0.114*[#   4]
          +0.114*[#   6]+0.114*[#   7]+0.114*[#   8]
    |psi|^2 = 0.989
==== e(   3) =     3.20777 eV ==== 
     psi = 0.142*[#   2]+0.142*[#   3]+0.142*[#   4]+0.142*[#   6]+0.142*[#   7]
          +0.142*[#   8]+0.068*[#   1]+0.068*[#   5]
    |psi|^2 = 0.991
==== e(   4) =     4.27899 eV ==== 
     psi = 0.165*[#   2]+0.165*[#   3]+0.165*[#   4]+0.165*[#   6]+0.165*[#   7]
          +0.165*[#   8]
    |psi|^2 = 0.989
==== e(   5) =     8.41558 eV ==== 
     psi = 0.150*[#   1]+0.150*[#   5]+0.091*[#   2]+0.091*[#   3]+0.091*[#   4]
          +0.091*[#   6]+0.091*[#   7]+0.091*[#   8]
    |psi|^2 = 0.843
==== e(   6) =     9.46353 eV ==== 
     psi = 0.106*[#   2]+0.106*[#   3]+0.106*[#   4]+0.106*[#   6]+0.106*[#   7]
          +0.106*[#   8]+0.061*[#   1]+0.061*[#   5]
    |psi|^2 = 0.761
==== e(   7) =    10.78679 eV ==== 
     psi = 0.111*[#   2]+0.111*[#   3]+0.111*[#   4]+0.111*[#   6]+0.111*[#   7]
          +0.111*[#   8]+0.031*[#   1]+0.031*[#   5]
    |psi|^2 = 0.732
==== e(   8) =    13.22145 eV ==== 
     psi = 0.055*[#   1]+0.055*[#   5]+0.047*[#   2]+0.047*[#   3]+0.047*[#   4]
          +0.047*[#   6]+0.047*[#   7]+0.047*[#   8]
    |psi|^2 = 0.391

 k =  -0.1767766953 -0.3535533906  0.4419417382
==== e(   1) =    -3.31261 eV ==== 
     psi = 0.356*[#   1]+0.356*[#   5]+0.047*[#   2]+0.047*[#   3]+0.047*[#   4]
          +0.047*[#   6]+0.047*[#   7]+0.047*[#   8]
    |psi|^2 = 0.996
==== e(   2) =    -0.59995 eV ==== 
     psi = 0.156*[#   1]+0.156*[#   5]+0.113*[#   2]+0.113*[#   3]+0.113*[#   4]
          +0.113*[#   6]+0.113*[#   7]+0.113*[#   8]
    |psi|^2 = 0.989
==== e(   3) =     3.13689 eV ==== 
     psi = 0.143*[#   2]+0.143*[#   3]+0.143*[#   4]+0.143*[#   6]+0.143*[#   7]
          +0.143*[#   8]+0.066*[#   1]+0.066*[#   5]
    |psi|^2 = 0.991
==== e(   4) =     4.38055 eV ==== 
     psi = 0.164*[#   2]+0.164*[#   3]+0.164*[#   4]+0.164*[#   6]+0.164*[#   7]
          +0.164*[#   8]+0.002*[#   1]+0.002*[#   5]
    |psi|^2 = 0.989
==== e(   5) =     8.53036 eV ==== 
     psi = 0.159*[#   1]+0.159*[#   5]+0.089*[#   2]+0.089*[#   3]+0.089*[#   4]
          +0.089*[#   6]+0.089*[#   7]+0.089*[#   8]
    |psi|^2 = 0.855
==== e(   6) =     9.39044 eV ==== 
     psi = 0.109*[#   2]+0.109*[#   3]+0.109*[#   4]+0.109*[#   6]+0.109*[#   7]
          +0.109*[#   8]+0.049*[#   1]+0.049*[#   5]
    |psi|^2 = 0.752
==== e(   7) =    10.74174 eV ==== 
     psi = 0.111*[#   2]+0.111*[#   3]+0.111*[#   4]+0.111*[#   6]+0.111*[#   7]
          +0.111*[#   8]+0.035*[#   1]+0.035*[#   5]
    |psi|^2 = 0.738
==== e(   8) =    13.50987 eV ==== 
     psi = 0.049*[#   1]+0.049*[#   5]+0.043*[#   2]+0.043*[#   3]+0.043*[#   4]
          +0.043*[#   6]+0.043*[#   7]+0.043*[#   8]
    |psi|^2 = 0.360

 k =  -0.1325825215 -0.3093592168  0.3977475644
==== e(   1) =    -3.69403 eV ==== 
     psi = 0.344*[#   1]+0.344*[#   5]+0.051*[#   2]+0.051*[#   3]+0.051*[#   4]
          +0.051*[#   6]+0.051*[#   7]+0.051*[#   8]
    |psi|^2 = 0.995
==== e(   2) =    -0.01882 eV ==== 
     psi = 0.171*[#   1]+0.171*[#   5]+0.108*[#   2]+0.108*[#   3]+0.108*[#   4]
          +0.108*[#   6]+0.108*[#   7]+0.108*[#   8]
    |psi|^2 = 0.990
==== e(   3) =     3.13521 eV ==== 
     psi = 0.145*[#   2]+0.145*[#   3]+0.145*[#   4]+0.145*[#   6]+0.145*[#   7]
          +0.145*[#   8]+0.062*[#   1]+0.062*[#   5]
    |psi|^2 = 0.991
==== e(   4) =     4.56229 eV ==== 
     psi = 0.164*[#   2]+0.164*[#   3]+0.164*[#   4]+0.164*[#   6]+0.164*[#   7]
          +0.164*[#   8]+0.003*[#   1]+0.003*[#   5]
    |psi|^2 = 0.988
==== e(   5) =     8.69321 eV ==== 
     psi = 0.166*[#   1]+0.166*[#   5]+0.090*[#   2]+0.090*[#   3]+0.090*[#   4]
          +0.090*[#   6]+0.090*[#   7]+0.090*[#   8]
    |psi|^2 = 0.872
==== e(   6) =     9.37726 eV ==== 
     psi = 0.115*[#   2]+0.115*[#   3]+0.115*[#   4]+0.115*[#   6]+0.115*[#   7]
          +0.115*[#   8]+0.033*[#   1]+0.033*[#   5]
    |psi|^2 = 0.757
==== e(   7) =    10.73232 eV ==== 
     psi = 0.116*[#   2]+0.116*[#   3]+0.116*[#   4]+0.116*[#   6]+0.116*[#   7]
          +0.116*[#   8]+0.036*[#   1]+0.036*[#   5]
    |psi|^2 = 0.766
==== e(   8) =    12.47618 eV ==== 
     psi = 0.060*[#   1]+0.060*[#   5]+0.046*[#   2]+0.046*[#   3]+0.046*[#   4]
          +0.046*[#   6]+0.046*[#   7]+0.046*[#   8]
    |psi|^2 = 0.397

 k =  -0.0883883476 -0.2651650429  0.3535533906
==== e(   1) =    -4.15600 eV ==== 
     psi = 0.344*[#   1]+0.344*[#   5]+0.051*[#   2]+0.051*[#   3]+0.051*[#   4]
          +0.051*[#   6]+0.051*[#   7]+0.051*[#   8]
    |psi|^2 = 0.995
==== e(   2) =     0.79716 eV ==== 
     psi = 0.179*[#   1]+0.179*[#   5]+0.105*[#   2]+0.105*[#   3]+0.105*[#   4]
          +0.105*[#   6]+0.105*[#   7]+0.105*[#   8]
    |psi|^2 = 0.990
==== e(   3) =     3.22326 eV ==== 
     psi = 0.147*[#   2]+0.147*[#   3]+0.147*[#   4]+0.147*[#   6]+0.147*[#   7]
          +0.147*[#   8]+0.055*[#   1]+0.055*[#   5]
    |psi|^2 = 0.990
==== e(   4) =     4.80194 eV ==== 
     psi = 0.163*[#   2]+0.163*[#   3]+0.163*[#   4]+0.163*[#   6]+0.163*[#   7]
          +0.163*[#   8]+0.005*[#   1]+0.005*[#   5]
    |psi|^2 = 0.987
==== e(   5) =     8.87560 eV ==== 
     psi = 0.165*[#   1]+0.165*[#   5]+0.094*[#   2]+0.094*[#   3]+0.094*[#   4]
          +0.094*[#   6]+0.094*[#   7]+0.094*[#   8]
    |psi|^2 = 0.893
==== e(   6) =     9.38235 eV ==== 
     psi = 0.126*[#   2]+0.126*[#   3]+0.126*[#   4]+0.126*[#   6]+0.126*[#   7]
          +0.126*[#   8]+0.023*[#   1]+0.023*[#   5]
    |psi|^2 = 0.801
==== e(   7) =    10.71427 eV ==== 
     psi = 0.123*[#   2]+0.123*[#   3]+0.123*[#   4]+0.123*[#   6]+0.123*[#   7]
          +0.123*[#   8]+0.036*[#   1]+0.036*[#   5]
    |psi|^2 = 0.810
==== e(   8) =    11.61978 eV ==== 
     psi = 0.070*[#   1]+0.070*[#   5]+0.045*[#   2]+0.045*[#   3]+0.045*[#   4]
          +0.045*[#   6]+0.045*[#   7]+0.045*[#   8]
    |psi|^2 = 0.409

 k =  -0.0441941738 -0.2209708691  0.3093592168
==== e(   1) =    -4.58837 eV ==== 
     psi = 0.355*[#   1]+0.355*[#   5]+0.048*[#   2]+0.048*[#   3]+0.048*[#   4]
          +0.048*[#   6]+0.048*[#   7]+0.048*[#   8]
    |psi|^2 = 0.995
==== e(   2) =     1.69769 eV ==== 
     psi = 0.178*[#   1]+0.178*[#   5]+0.105*[#   2]+0.105*[#   3]+0.105*[#   4]
          +0.105*[#   6]+0.105*[#   7]+0.105*[#   8]
    |psi|^2 = 0.989
==== e(   3) =     3.43614 eV ==== 
     psi = 0.150*[#   2]+0.150*[#   3]+0.150*[#   4]+0.150*[#   6]+0.150*[#   7]
          +0.150*[#   8]+0.045*[#   1]+0.045*[#   5]
    |psi|^2 = 0.989
==== e(   4) =     5.06757 eV ==== 
     psi = 0.162*[#   2]+0.162*[#   3]+0.162*[#   4]+0.162*[#   6]+0.162*[#   7]
          +0.162*[#   8]+0.006*[#   1]+0.006*[#   5]
    |psi|^2 = 0.985
==== e(   5) =     9.00510 eV ==== 
     psi = 0.122*[#   1]+0.122*[#   5]+0.111*[#   2]+0.111*[#   3]+0.111*[#   4]
          +0.111*[#   6]+0.111*[#   7]+0.111*[#   8]
    |psi|^2 = 0.909
==== e(   6) =     9.30864 eV ==== 
     psi = 0.127*[#   2]+0.127*[#   3]+0.127*[#   4]+0.127*[#   6]+0.127*[#   7]
          +0.127*[#   8]+0.064*[#   1]+0.064*[#   5]
    |psi|^2 = 0.891
==== e(   7) =    10.61130 eV ==== 
     psi = 0.129*[#   2]+0.129*[#   3]+0.129*[#   4]+0.129*[#   6]+0.129*[#   7]
          +0.129*[#   8]+0.032*[#   1]+0.032*[#   5]
    |psi|^2 = 0.839
==== e(   8) =    11.08571 eV ==== 
     psi = 0.076*[#   1]+0.076*[#   5]+0.045*[#   2]+0.045*[#   3]+0.045*[#   4]
          +0.045*[#   6]+0.045*[#   7]+0.045*[#   8]
    |psi|^2 = 0.424

 k =   0.0000000000 -0.1767766953  0.2651650429
==== e(   1) =    -4.95064 eV ==== 
     psi = 0.373*[#   1]+0.373*[#   5]+0.041*[#   2]+0.041*[#   3]+0.041*[#   4]
          +0.041*[#   6]+0.041*[#   7]+0.041*[#   8]
    |psi|^2 = 0.995
==== e(   2) =     2.53859 eV ==== 
     psi = 0.168*[#   1]+0.168*[#   5]+0.108*[#   2]+0.108*[#   3]+0.108*[#   4]
          +0.108*[#   6]+0.108*[#   7]+0.108*[#   8]
    |psi|^2 = 0.987
==== e(   3) =     3.85519 eV ==== 
     psi = 0.153*[#   2]+0.153*[#   3]+0.153*[#   4]+0.153*[#   6]+0.153*[#   7]
          +0.153*[#   8]+0.035*[#   1]+0.035*[#   5]
    |psi|^2 = 0.987
==== e(   4) =     5.30689 eV ==== 
     psi = 0.161*[#   2]+0.161*[#   3]+0.161*[#   4]+0.161*[#   6]+0.161*[#   7]
          +0.161*[#   8]+0.007*[#   1]+0.007*[#   5]
    |psi|^2 = 0.982
==== e(   5) =     8.82576 eV ==== 
     psi = 0.137*[#   2]+0.137*[#   3]+0.137*[#   4]+0.137*[#   6]+0.137*[#   7]
          +0.137*[#   8]+0.052*[#   1]+0.052*[#   5]
    |psi|^2 = 0.929
==== e(   6) =     9.29159 eV ==== 
     psi = 0.143*[#   1]+0.143*[#   5]+0.108*[#   2]+0.108*[#   3]+0.108*[#   4]
          +0.108*[#   6]+0.108*[#   7]+0.108*[#   8]
    |psi|^2 = 0.936
==== e(   7) =    10.30044 eV ==== 
     psi = 0.139*[#   2]+0.139*[#   3]+0.139*[#   4]+0.139*[#   6]+0.139*[#   7]
          +0.139*[#   8]+0.026*[#   1]+0.026*[#   5]
    |psi|^2 = 0.888
==== e(   8) =    10.99958 eV ==== 
     psi = 0.077*[#   1]+0.077*[#   5]+0.049*[#   2]+0.049*[#   3]+0.049*[#   4]
          +0.049*[#   6]+0.049*[#   7]+0.049*[#   8]
    |psi|^2 = 0.451

 k =   0.3535533906  0.0883883476  0.0000000000
==== e(   1) =    -4.68283 eV ==== 
     psi = 0.352*[#   1]+0.352*[#   5]+0.049*[#   2]+0.049*[#   3]+0.049*[#   4]
          +0.049*[#   6]+0.049*[#   7]+0.049*[#   8]
    |psi|^2 = 0.995
==== e(   2) =     2.25584 eV ==== 
     psi = 0.207*[#   1]+0.207*[#   5]+0.096*[#   2]+0.096*[#   3]+0.096*[#   4]
          +0.096*[#   6]+0.096*[#   7]+0.096*[#   8]
    |psi|^2 = 0.987
==== e(   3) =     3.90193 eV ==== 
     psi = 0.160*[#   2]+0.160*[#   3]+0.160*[#   4]+0.160*[#   6]+0.160*[#   7]
          +0.160*[#   8]+0.016*[#   1]+0.016*[#   5]
    |psi|^2 = 0.989
==== e(   4) =     4.32264 eV ==== 
     psi = 0.162*[#   2]+0.162*[#   3]+0.162*[#   4]+0.162*[#   6]+0.162*[#   7]
          +0.162*[#   8]+0.008*[#   1]+0.008*[#   5]
    |psi|^2 = 0.989
==== e(   5) =     7.54808 eV ==== 
     psi = 0.119*[#   2]+0.119*[#   3]+0.119*[#   4]+0.119*[#   6]+0.119*[#   7]
          +0.119*[#   8]+0.115*[#   1]+0.115*[#   5]
    |psi|^2 = 0.940
==== e(   6) =     9.36671 eV ==== 
     psi = 0.135*[#   1]+0.135*[#   5]+0.044*[#   2]+0.044*[#   3]+0.044*[#   4]
          +0.044*[#   6]+0.044*[#   7]+0.044*[#   8]
    |psi|^2 = 0.535
==== e(   7) =    11.11069 eV ==== 
     psi = 0.127*[#   2]+0.127*[#   3]+0.127*[#   4]+0.127*[#   6]+0.127*[#   7]
          +0.127*[#   8]+0.023*[#   1]+0.023*[#   5]
    |psi|^2 = 0.808
==== e(   8) =    11.63559 eV ==== 
     psi = 0.142*[#   2]+0.142*[#   3]+0.142*[#   4]+0.142*[#   6]+0.142*[#   7]
          +0.142*[#   8]+0.004*[#   1]+0.004*[#   5]
    |psi|^2 = 0.861

 k =   0.3977475644  0.1325825215 -0.0441941738
==== e(   1) =    -4.32008 eV ==== 
     psi = 0.338*[#   1]+0.338*[#   5]+0.053*[#   2]+0.053*[#   3]+0.053*[#   4]
          +0.053*[#   6]+0.053*[#   7]+0.053*[#   8]
    |psi|^2 = 0.995
==== e(   2) =     1.49767 eV ==== 
     psi = 0.213*[#   1]+0.213*[#   5]+0.094*[#   2]+0.094*[#   3]+0.094*[#   4]
          +0.094*[#   6]+0.094*[#   7]+0.094*[#   8]
    |psi|^2 = 0.989
==== e(   3) =     3.48320 eV ==== 
     psi = 0.155*[#   2]+0.155*[#   3]+0.155*[#   4]+0.155*[#   6]+0.155*[#   7]
          +0.155*[#   8]+0.031*[#   1]+0.031*[#   5]
    |psi|^2 = 0.991
==== e(   4) =     4.13143 eV ==== 
     psi = 0.163*[#   2]+0.163*[#   3]+0.163*[#   4]+0.163*[#   6]+0.163*[#   7]
          +0.163*[#   8]+0.007*[#   1]+0.007*[#   5]
    |psi|^2 = 0.990
==== e(   5) =     7.78307 eV ==== 
     psi = 0.115*[#   2]+0.115*[#   3]+0.115*[#   4]+0.115*[#   6]+0.115*[#   7]
          +0.115*[#   8]+0.112*[#   1]+0.112*[#   5]
    |psi|^2 = 0.913
==== e(   6) =     9.34676 eV ==== 
     psi = 0.127*[#   1]+0.127*[#   5]+0.049*[#   2]+0.049*[#   3]+0.049*[#   4]
          +0.049*[#   6]+0.049*[#   7]+0.049*[#   8]
    |psi|^2 = 0.545
==== e(   7) =    10.99368 eV ==== 
     psi = 0.117*[#   2]+0.117*[#   3]+0.117*[#   4]+0.117*[#   6]+0.117*[#   7]
          +0.117*[#   8]+0.043*[#   1]+0.043*[#   5]
    |psi|^2 = 0.786
==== e(   8) =    11.97743 eV ==== 
     psi = 0.131*[#   2]+0.131*[#   3]+0.131*[#   4]+0.131*[#   6]+0.131*[#   7]
          +0.131*[#   8]+0.010*[#   1]+0.010*[#   5]
    |psi|^2 = 0.807

 k =   0.4419417382  0.1767766953 -0.0883883476
==== e(   1) =    -3.88712 eV ==== 
     psi = 0.329*[#   1]+0.329*[#   5]+0.056*[#   2]+0.056*[#   3]+0.056*[#   4]
          +0.056*[#   6]+0.056*[#   7]+0.056*[#   8]
    |psi|^2 = 0.995
==== e(   2) =     0.69433 eV ==== 
     psi = 0.212*[#   1]+0.212*[#   5]+0.094*[#   2]+0.094*[#   3]+0.094*[#   4]
          +0.094*[#   6]+0.094*[#   7]+0.094*[#   8]
    |psi|^2 = 0.991
==== e(   3) =     3.12794 eV ==== 
     psi = 0.150*[#   2]+0.150*[#   3]+0.150*[#   4]+0.150*[#   6]+0.150*[#   7]
          +0.150*[#   8]+0.046*[#   1]+0.046*[#   5]
    |psi|^2 = 0.991
==== e(   4) =     3.96497 eV ==== 
     psi = 0.164*[#   2]+0.164*[#   3]+0.164*[#   4]+0.164*[#   6]+0.164*[#   7]
          +0.164*[#   8]+0.003*[#   1]+0.003*[#   5]
    |psi|^2 = 0.990
==== e(   5) =     7.93939 eV ==== 
     psi = 0.115*[#   1]+0.115*[#   5]+0.105*[#   2]+0.105*[#   3]+0.105*[#   4]
          +0.105*[#   6]+0.105*[#   7]+0.105*[#   8]
    |psi|^2 = 0.858
==== e(   6) =     9.81252 eV ==== 
     psi = 0.106*[#   1]+0.106*[#   5]+0.059*[#   2]+0.059*[#   3]+0.059*[#   4]
          +0.059*[#   6]+0.059*[#   7]+0.059*[#   8]
    |psi|^2 = 0.564
==== e(   7) =    10.78583 eV ==== 
     psi = 0.110*[#   2]+0.110*[#   3]+0.110*[#   4]+0.110*[#   6]+0.110*[#   7]
          +0.110*[#   8]+0.062*[#   1]+0.062*[#   5]
    |psi|^2 = 0.784
==== e(   8) =    12.03454 eV ==== 
     psi = 0.117*[#   2]+0.117*[#   3]+0.117*[#   4]+0.117*[#   6]+0.117*[#   7]
          +0.117*[#   8]+0.019*[#   1]+0.019*[#   5]
    |psi|^2 = 0.737

 k =  -0.2209708691 -0.4861359121  0.5745242597
==== e(   1) =    -3.42401 eV ==== 
     psi = 0.330*[#   1]+0.330*[#   5]+0.056*[#   2]+0.056*[#   3]+0.056*[#   4]
          +0.056*[#   6]+0.056*[#   7]+0.056*[#   8]
    |psi|^2 = 0.995
==== e(   2) =    -0.05010 eV ==== 
     psi = 0.204*[#   1]+0.204*[#   5]+0.097*[#   2]+0.097*[#   3]+0.097*[#   4]
          +0.097*[#   6]+0.097*[#   7]+0.097*[#   8]
    |psi|^2 = 0.991
==== e(   3) =     2.82563 eV ==== 
     psi = 0.148*[#   2]+0.148*[#   3]+0.148*[#   4]+0.148*[#   6]+0.148*[#   7]
          +0.148*[#   8]+0.053*[#   1]+0.053*[#   5]
    |psi|^2 = 0.992
==== e(   4) =     3.89198 eV ==== 
     psi = 0.165*[#   2]+0.165*[#   3]+0.165*[#   4]+0.165*[#   6]+0.165*[#   7]
          +0.165*[#   8]+0.001*[#   1]+0.001*[#   5]
    |psi|^2 = 0.991
==== e(   5) =     8.00341 eV ==== 
     psi = 0.117*[#   1]+0.117*[#   5]+0.099*[#   2]+0.099*[#   3]+0.099*[#   4]
          +0.099*[#   6]+0.099*[#   7]+0.099*[#   8]
    |psi|^2 = 0.827
==== e(   6) =    10.51438 eV ==== 
     psi = 0.084*[#   2]+0.084*[#   3]+0.084*[#   4]+0.084*[#   6]+0.084*[#   7]
          +0.084*[#   8]+0.027*[#   1]+0.027*[#   5]
    |psi|^2 = 0.555
==== e(   7) =    10.72842 eV ==== 
     psi = 0.135*[#   1]+0.135*[#   5]+0.082*[#   2]+0.082*[#   3]+0.082*[#   4]
          +0.082*[#   6]+0.082*[#   7]+0.082*[#   8]
    |psi|^2 = 0.762
==== e(   8) =    11.95023 eV ==== 
     psi = 0.107*[#   2]+0.107*[#   3]+0.107*[#   4]+0.107*[#   6]+0.107*[#   7]
          +0.107*[#   8]+0.028*[#   1]+0.028*[#   5]
    |psi|^2 = 0.697

 k =  -0.1767766953 -0.4419417382  0.5303300859
==== e(   1) =    -3.04353 eV ==== 
     psi = 0.341*[#   1]+0.341*[#   5]+0.052*[#   2]+0.052*[#   3]+0.052*[#   4]
          +0.052*[#   6]+0.052*[#   7]+0.052*[#   8]
    |psi|^2 = 0.996
==== e(   2) =    -0.58634 eV ==== 
     psi = 0.189*[#   1]+0.189*[#   5]+0.102*[#   2]+0.102*[#   3]+0.102*[#   4]
          +0.102*[#   6]+0.102*[#   7]+0.102*[#   8]
    |psi|^2 = 0.991
==== e(   3) =     2.58747 eV ==== 
     psi = 0.147*[#   2]+0.147*[#   3]+0.147*[#   4]+0.147*[#   6]+0.147*[#   7]
          +0.147*[#   8]+0.055*[#   1]+0.055*[#   5]
    |psi|^2 = 0.993
==== e(   4) =     3.92299 eV ==== 
     psi = 0.165*[#   2]+0.165*[#   3]+0.165*[#   4]+0.165*[#   6]+0.165*[#   7]
          +0.165*[#   8]+0.001*[#   1]+0.001*[#   5]
    |psi|^2 = 0.991
==== e(   5) =     8.09105 eV ==== 
     psi = 0.115*[#   1]+0.115*[#   5]+0.098*[#   2]+0.098*[#   3]+0.098*[#   4]
          +0.098*[#   6]+0.098*[#   7]+0.098*[#   8]
    |psi|^2 = 0.820
==== e(   6) =    10.35510 eV ==== 
     psi = 0.097*[#   2]+0.097*[#   3]+0.097*[#   4]+0.097*[#   6]+0.097*[#   7]
          +0.097*[#   8]+0.064*[#   1]+0.064*[#   5]
    |psi|^2 = 0.708
==== e(   7) =    11.77239 eV ==== 
     psi = 0.062*[#   1]+0.062*[#   5]+0.048*[#   2]+0.048*[#   3]+0.048*[#   4]
          +0.048*[#   6]+0.048*[#   7]+0.048*[#   8]
    |psi|^2 = 0.414
==== e(   8) =    11.84523 eV ==== 
     psi = 0.113*[#   2]+0.113*[#   3]+0.113*[#   4]+0.113*[#   6]+0.113*[#   7]
          +0.113*[#   8]+0.059*[#   1]+0.059*[#   5]
    |psi|^2 = 0.797

 k =  -0.1325825215 -0.3977475644  0.4861359121
==== e(   1) =    -2.98551 eV ==== 
     psi = 0.346*[#   1]+0.346*[#   5]+0.051*[#   2]+0.051*[#   3]+0.051*[#   4]
          +0.051*[#   6]+0.051*[#   7]+0.051*[#   8]
    |psi|^2 = 0.996
==== e(   2) =    -0.65943 eV ==== 
     psi = 0.183*[#   1]+0.183*[#   5]+0.104*[#   2]+0.104*[#   3]+0.104*[#   4]
          +0.104*[#   6]+0.104*[#   7]+0.104*[#   8]
    |psi|^2 = 0.991
==== e(   3) =     2.43220 eV ==== 
     psi = 0.148*[#   2]+0.148*[#   3]+0.148*[#   4]+0.148*[#   6]+0.148*[#   7]
          +0.148*[#   8]+0.053*[#   1]+0.053*[#   5]
    |psi|^2 = 0.993
==== e(   4) =     4.04861 eV ==== 
     psi = 0.164*[#   2]+0.164*[#   3]+0.164*[#   4]+0.164*[#   6]+0.164*[#   7]
          +0.164*[#   8]+0.002*[#   1]+0.002*[#   5]
    |psi|^2 = 0.990
==== e(   5) =     8.24712 eV ==== 
     psi = 0.110*[#   1]+0.110*[#   5]+0.100*[#   2]+0.100*[#   3]+0.100*[#   4]
          +0.100*[#   6]+0.100*[#   7]+0.100*[#   8]
    |psi|^2 = 0.822
==== e(   6) =    10.20601 eV ==== 
     psi = 0.097*[#   2]+0.097*[#   3]+0.097*[#   4]+0.097*[#   6]+0.097*[#   7]
          +0.097*[#   8]+0.068*[#   1]+0.068*[#   5]
    |psi|^2 = 0.720
==== e(   7) =    11.73925 eV ==== 
     psi = 0.100*[#   2]+0.100*[#   3]+0.100*[#   4]+0.100*[#   6]+0.100*[#   7]
          +0.100*[#   8]+0.040*[#   1]+0.040*[#   5]
    |psi|^2 = 0.684
==== e(   8) =    12.97505 eV ==== 
     psi = 0.053*[#   1]+0.053*[#   5]+0.042*[#   2]+0.042*[#   3]+0.042*[#   4]
          +0.042*[#   6]+0.042*[#   7]+0.042*[#   8]
    |psi|^2 = 0.356

 k =  -0.0883883476 -0.3535533906  0.4419417382
==== e(   1) =    -3.30439 eV ==== 
     psi = 0.337*[#   1]+0.337*[#   5]+0.054*[#   2]+0.054*[#   3]+0.054*[#   4]
          +0.054*[#   6]+0.054*[#   7]+0.054*[#   8]
    |psi|^2 = 0.995
==== e(   2) =    -0.21895 eV ==== 
     psi = 0.196*[#   1]+0.196*[#   5]+0.100*[#   2]+0.100*[#   3]+0.100*[#   4]
          +0.100*[#   6]+0.100*[#   7]+0.100*[#   8]
    |psi|^2 = 0.991
==== e(   3) =     2.38313 eV ==== 
     psi = 0.149*[#   2]+0.149*[#   3]+0.149*[#   4]+0.149*[#   6]+0.149*[#   7]
          +0.149*[#   8]+0.049*[#   1]+0.049*[#   5]
    |psi|^2 = 0.992
==== e(   4) =     4.25387 eV ==== 
     psi = 0.164*[#   2]+0.164*[#   3]+0.164*[#   4]+0.164*[#   6]+0.164*[#   7]
          +0.164*[#   8]+0.003*[#   1]+0.003*[#   5]
    |psi|^2 = 0.989
==== e(   5) =     8.47484 eV ==== 
     psi = 0.105*[#   1]+0.105*[#   5]+0.103*[#   2]+0.103*[#   3]+0.103*[#   4]
          +0.103*[#   6]+0.103*[#   7]+0.103*[#   8]
    |psi|^2 = 0.828
==== e(   6) =    10.09397 eV ==== 
     psi = 0.102*[#   2]+0.102*[#   3]+0.102*[#   4]+0.102*[#   6]+0.102*[#   7]
          +0.102*[#   8]+0.065*[#   1]+0.065*[#   5]
    |psi|^2 = 0.741
==== e(   7) =    11.64314 eV ==== 
     psi = 0.109*[#   2]+0.109*[#   3]+0.109*[#   4]+0.109*[#   6]+0.109*[#   7]
          +0.109*[#   8]+0.049*[#   1]+0.049*[#   5]
    |psi|^2 = 0.752
==== e(   8) =    12.41689 eV ==== 
     psi = 0.057*[#   1]+0.057*[#   5]+0.040*[#   2]+0.040*[#   3]+0.040*[#   4]
          +0.040*[#   6]+0.040*[#   7]+0.040*[#   8]
    |psi|^2 = 0.352

 k =  -0.0441941738 -0.3093592168  0.3977475644
==== e(   1) =    -3.75942 eV ==== 
     psi = 0.334*[#   1]+0.334*[#   5]+0.054*[#   2]+0.054*[#   3]+0.054*[#   4]
          +0.054*[#   6]+0.054*[#   7]+0.054*[#   8]
    |psi|^2 = 0.995
==== e(   2) =     0.46184 eV ==== 
     psi = 0.205*[#   1]+0.205*[#   5]+0.097*[#   2]+0.097*[#   3]+0.097*[#   4]
          +0.097*[#   6]+0.097*[#   7]+0.097*[#   8]
    |psi|^2 = 0.992
==== e(   3) =     2.48001 eV ==== 
     psi = 0.151*[#   2]+0.151*[#   3]+0.151*[#   4]+0.151*[#   6]+0.151*[#   7]
          +0.151*[#   8]+0.043*[#   1]+0.043*[#   5]
    |psi|^2 = 0.991
==== e(   4) =     4.51811 eV ==== 
     psi = 0.163*[#   2]+0.163*[#   3]+0.163*[#   4]+0.163*[#   6]+0.163*[#   7]
          +0.163*[#   8]+0.004*[#   1]+0.004*[#   5]
    |psi|^2 = 0.988
==== e(   5) =     8.75434 eV ==== 
     psi = 0.106*[#   2]+0.106*[#   3]+0.106*[#   4]+0.106*[#   6]+0.106*[#   7]
          +0.106*[#   8]+0.102*[#   1]+0.102*[#   5]
    |psi|^2 = 0.841
==== e(   6) =     9.95496 eV ==== 
     psi = 0.116*[#   2]+0.116*[#   3]+0.116*[#   4]+0.116*[#   6]+0.116*[#   7]
          +0.116*[#   8]+0.055*[#   1]+0.055*[#   5]
    |psi|^2 = 0.804
==== e(   7) =    11.37727 eV ==== 
     psi = 0.086*[#   2]+0.086*[#   3]+0.086*[#   4]+0.086*[#   6]+0.086*[#   7]
          +0.086*[#   8]+0.084*[#   1]+0.084*[#   5]
    |psi|^2 = 0.686
==== e(   8) =    11.65603 eV ==== 
     psi = 0.072*[#   2]+0.072*[#   3]+0.072*[#   4]+0.072*[#   6]+0.072*[#   7]
          +0.072*[#   8]+0.043*[#   1]+0.043*[#   5]
    |psi|^2 = 0.515

 k =   0.0000000000 -0.2651650429  0.3535533906
==== e(   1) =    -4.20481 eV ==== 
     psi = 0.341*[#   1]+0.341*[#   5]+0.052*[#   2]+0.052*[#   3]+0.052*[#   4]
          +0.052*[#   6]+0.052*[#   7]+0.052*[#   8]
    |psi|^2 = 0.995
==== e(   2) =     1.15226 eV ==== 
     psi = 0.201*[#   1]+0.201*[#   5]+0.098*[#   2]+0.098*[#   3]+0.098*[#   4]
          +0.098*[#   6]+0.098*[#   7]+0.098*[#   8]
    |psi|^2 = 0.991
==== e(   3) =     2.80358 eV ==== 
     psi = 0.152*[#   2]+0.152*[#   3]+0.152*[#   4]+0.152*[#   6]+0.152*[#   7]
          +0.152*[#   8]+0.040*[#   1]+0.040*[#   5]
    |psi|^2 = 0.990
==== e(   4) =     4.80841 eV ==== 
     psi = 0.163*[#   2]+0.163*[#   3]+0.163*[#   4]+0.163*[#   6]+0.163*[#   7]
          +0.163*[#   8]+0.005*[#   1]+0.005*[#   5]
    |psi|^2 = 0.987
==== e(   5) =     9.03383 eV ==== 
     psi = 0.109*[#   2]+0.109*[#   3]+0.109*[#   4]+0.109*[#   6]+0.109*[#   7]
          +0.109*[#   8]+0.107*[#   1]+0.107*[#   5]
    |psi|^2 = 0.866
==== e(   6) =     9.61130 eV ==== 
     psi = 0.129*[#   2]+0.129*[#   3]+0.129*[#   4]+0.129*[#   6]+0.129*[#   7]
          +0.129*[#   8]+0.052*[#   1]+0.052*[#   5]
    |psi|^2 = 0.878
==== e(   7) =    11.01412 eV ==== 
     psi = 0.095*[#   1]+0.095*[#   5]+0.044*[#   2]+0.044*[#   3]+0.044*[#   4]
          +0.044*[#   6]+0.044*[#   7]+0.044*[#   8]
    |psi|^2 = 0.453
==== e(   8) =    11.21210 eV ==== 
     psi = 0.122*[#   2]+0.122*[#   3]+0.122*[#   4]+0.122*[#   6]+0.122*[#   7]
          +0.122*[#   8]+0.035*[#   1]+0.035*[#   5]
    |psi|^2 = 0.800

 k =   0.4419417382  0.0883883476  0.0000000000
==== e(   1) =    -4.10185 eV ==== 
     psi = 0.326*[#   1]+0.326*[#   5]+0.057*[#   2]+0.057*[#   3]+0.057*[#   4]
          +0.057*[#   6]+0.057*[#   7]+0.057*[#   8]
    |psi|^2 = 0.994
==== e(   2) =     1.25887 eV ==== 
     psi = 0.237*[#   1]+0.237*[#   5]+0.086*[#   2]+0.086*[#   3]+0.086*[#   4]
          +0.086*[#   6]+0.086*[#   7]+0.086*[#   8]
    |psi|^2 = 0.990
==== e(   3) =     3.50201 eV ==== 
     psi = 0.161*[#   2]+0.161*[#   3]+0.161*[#   4]+0.161*[#   6]+0.161*[#   7]
          +0.161*[#   8]+0.014*[#   1]+0.014*[#   5]
    |psi|^2 = 0.992
==== e(   4) =     3.79278 eV ==== 
     psi = 0.165*[#   2]+0.165*[#   3]+0.165*[#   4]+0.165*[#   6]+0.165*[#   7]
          +0.165*[#   8]+0.002*[#   1]+0.002*[#   5]
    |psi|^2 = 0.992
==== e(   5) =     7.23560 eV ==== 
     psi = 0.138*[#   1]+0.138*[#   5]+0.109*[#   2]+0.109*[#   3]+0.109*[#   4]
          +0.109*[#   6]+0.109*[#   7]+0.109*[#   8]
    |psi|^2 = 0.927
==== e(   6) =     8.55143 eV ==== 
     psi = 0.130*[#   1]+0.130*[#   5]+0.052*[#   2]+0.052*[#   3]+0.052*[#   4]
          +0.052*[#   6]+0.052*[#   7]+0.052*[#   8]
    |psi|^2 = 0.570
==== e(   7) =    12.08551 eV ==== 
     psi = 0.121*[#   2]+0.121*[#   3]+0.121*[#   4]+0.121*[#   6]+0.121*[#   7]
          +0.121*[#   8]+0.026*[#   1]+0.026*[#   5]
    |psi|^2 = 0.777
==== e(   8) =    12.77129 eV ==== 
     psi = 0.134*[#   2]+0.134*[#   3]+0.134*[#   4]+0.134*[#   6]+0.134*[#   7]
          +0.134*[#   8]+0.003*[#   1]+0.003*[#   5]
    |psi|^2 = 0.808

 k =   0.4861359121  0.1325825215 -0.0441941738
==== e(   1) =    -3.69001 eV ==== 
     psi = 0.318*[#   1]+0.318*[#   5]+0.060*[#   2]+0.060*[#   3]+0.060*[#   4]
          +0.060*[#   6]+0.060*[#   7]+0.060*[#   8]
    |psi|^2 = 0.994
==== e(   2) =     0.61029 eV ==== 
     psi = 0.244*[#   1]+0.244*[#   5]+0.084*[#   2]+0.084*[#   3]+0.084*[#   4]
          +0.084*[#   6]+0.084*[#   7]+0.084*[#   8]
    |psi|^2 = 0.991
==== e(   3) =     3.06575 eV ==== 
     psi = 0.158*[#   2]+0.158*[#   3]+0.158*[#   4]+0.158*[#   6]+0.158*[#   7]
          +0.158*[#   8]+0.023*[#   1]+0.023*[#   5]
    |psi|^2 = 0.992
==== e(   4) =     3.62456 eV ==== 
     psi = 0.165*[#   2]+0.165*[#   3]+0.165*[#   4]+0.165*[#   6]+0.165*[#   7]
          +0.165*[#   8]+0.001*[#   1]+0.001*[#   5]
    |psi|^2 = 0.992
==== e(   5) =     7.49347 eV ==== 
     psi = 0.131*[#   1]+0.131*[#   5]+0.104*[#   2]+0.104*[#   3]+0.104*[#   4]
          +0.104*[#   6]+0.104*[#   7]+0.104*[#   8]
    |psi|^2 = 0.888
==== e(   6) =     8.67327 eV ==== 
     psi = 0.125*[#   1]+0.125*[#   5]+0.060*[#   2]+0.060*[#   3]+0.060*[#   4]
          +0.060*[#   6]+0.060*[#   7]+0.060*[#   8]
    |psi|^2 = 0.609
==== e(   7) =    11.93354 eV ==== 
     psi = 0.111*[#   2]+0.111*[#   3]+0.111*[#   4]+0.111*[#   6]+0.111*[#   7]
          +0.111*[#   8]+0.041*[#   1]+0.041*[#   5]
    |psi|^2 = 0.746
==== e(   8) =    13.10226 eV ==== 
     psi = 0.120*[#   2]+0.120*[#   3]+0.120*[#   4]+0.120*[#   6]+0.120*[#   7]
          +0.120*[#   8]+0.011*[#   1]+0.011*[#   5]
    |psi|^2 = 0.744

 k =  -0.1767766953 -0.5303300859  0.6187184335
==== e(   1) =    -3.22900 eV ==== 
     psi = 0.315*[#   1]+0.315*[#   5]+0.061*[#   2]+0.061*[#   3]+0.061*[#   4]
          +0.061*[#   6]+0.061*[#   7]+0.061*[#   8]
    |psi|^2 = 0.994
==== e(   2) =    -0.03716 eV ==== 
     psi = 0.244*[#   1]+0.244*[#   5]+0.084*[#   2]+0.084*[#   3]+0.084*[#   4]
          +0.084*[#   6]+0.084*[#   7]+0.084*[#   8]
    |psi|^2 = 0.992
==== e(   3) =     2.61208 eV ==== 
     psi = 0.157*[#   2]+0.157*[#   3]+0.157*[#   4]+0.157*[#   6]+0.157*[#   7]
          +0.157*[#   8]+0.027*[#   1]+0.027*[#   5]
    |psi|^2 = 0.993
==== e(   4) =     3.55645 eV ==== 
     psi = 0.165*[#   2]+0.165*[#   3]+0.165*[#   4]+0.165*[#   6]+0.165*[#   7]
          +0.165*[#   8]+0.001*[#   1]+0.001*[#   5]
    |psi|^2 = 0.992
==== e(   5) =     7.62805 eV ==== 
     psi = 0.128*[#   1]+0.128*[#   5]+0.097*[#   2]+0.097*[#   3]+0.097*[#   4]
          +0.097*[#   6]+0.097*[#   7]+0.097*[#   8]
    |psi|^2 = 0.837
==== e(   6) =     9.33774 eV ==== 
     psi = 0.108*[#   1]+0.108*[#   5]+0.068*[#   2]+0.068*[#   3]+0.068*[#   4]
          +0.068*[#   6]+0.068*[#   7]+0.068*[#   8]
    |psi|^2 = 0.623
==== e(   7) =    11.71515 eV ==== 
     psi = 0.104*[#   2]+0.104*[#   3]+0.104*[#   4]+0.104*[#   6]+0.104*[#   7]
          +0.104*[#   8]+0.055*[#   1]+0.055*[#   5]
    |psi|^2 = 0.731
==== e(   8) =    13.11898 eV ==== 
     psi = 0.106*[#   2]+0.106*[#   3]+0.106*[#   4]+0.106*[#   6]+0.106*[#   7]
          +0.106*[#   8]+0.023*[#   1]+0.023*[#   5]
    |psi|^2 = 0.682

 k =  -0.1325825215 -0.4861359121  0.5745242597
==== e(   1) =    -2.79845 eV ==== 
     psi = 0.322*[#   1]+0.322*[#   5]+0.058*[#   2]+0.058*[#   3]+0.058*[#   4]
          +0.058*[#   6]+0.058*[#   7]+0.058*[#   8]
    |psi|^2 = 0.995
==== e(   2) =    -0.57915 eV ==== 
     psi = 0.236*[#   1]+0.236*[#   5]+0.087*[#   2]+0.087*[#   3]+0.087*[#   4]
          +0.087*[#   6]+0.087*[#   7]+0.087*[#   8]
    |psi|^2 = 0.992
==== e(   3) =     2.23037 eV ==== 
     psi = 0.157*[#   2]+0.157*[#   3]+0.157*[#   4]+0.157*[#   6]+0.157*[#   7]
          +0.157*[#   8]+0.026*[#   1]+0.026*[#   5]
    |psi|^2 = 0.993
==== e(   4) =     3.59324 eV ==== 
     psi = 0.165*[#   2]+0.165*[#   3]+0.165*[#   4]+0.165*[#   6]+0.165*[#   7]
          +0.165*[#   8]+0.002*[#   1]+0.002*[#   5]
    |psi|^2 = 0.992
==== e(   5) =     7.72762 eV ==== 
     psi = 0.122*[#   1]+0.122*[#   5]+0.096*[#   2]+0.096*[#   3]+0.096*[#   4]
          +0.096*[#   6]+0.096*[#   7]+0.096*[#   8]
    |psi|^2 = 0.821
==== e(   6) =    10.32838 eV ==== 
     psi = 0.080*[#   1]+0.080*[#   5]+0.062*[#   2]+0.062*[#   3]+0.062*[#   4]
          +0.062*[#   6]+0.062*[#   7]+0.062*[#   8]
    |psi|^2 = 0.534
==== e(   7) =    11.50911 eV ==== 
     psi = 0.101*[#   2]+0.101*[#   3]+0.101*[#   4]+0.101*[#   6]+0.101*[#   7]
          +0.101*[#   8]+0.071*[#   1]+0.071*[#   5]
    |psi|^2 = 0.748
==== e(   8) =    13.01500 eV ==== 
     psi = 0.100*[#   2]+0.100*[#   3]+0.100*[#   4]+0.100*[#   6]+0.100*[#   7]
          +0.100*[#   8]+0.034*[#   1]+0.034*[#   5]
    |psi|^2 = 0.670

 k =  -0.0883883476 -0.4419417382  0.5303300859
==== e(   1) =    -2.62127 eV ==== 
     psi = 0.333*[#   1]+0.333*[#   5]+0.055*[#   2]+0.055*[#   3]+0.055*[#   4]
          +0.055*[#   6]+0.055*[#   7]+0.055*[#   8]
    |psi|^2 = 0.996
==== e(   2) =    -0.78144 eV ==== 
     psi = 0.225*[#   1]+0.225*[#   5]+0.090*[#   2]+0.090*[#   3]+0.090*[#   4]
          +0.090*[#   6]+0.090*[#   7]+0.090*[#   8]
    |psi|^2 = 0.992
==== e(   3) =     1.97194 eV ==== 
     psi = 0.158*[#   2]+0.158*[#   3]+0.158*[#   4]+0.158*[#   6]+0.158*[#   7]
          +0.158*[#   8]+0.024*[#   1]+0.024*[#   5]
    |psi|^2 = 0.993
==== e(   4) =     3.72388 eV ==== 
     psi = 0.164*[#   2]+0.164*[#   3]+0.164*[#   4]+0.164*[#   6]+0.164*[#   7]
          +0.164*[#   8]+0.003*[#   1]+0.003*[#   5]
    |psi|^2 = 0.992
==== e(   5) =     7.88839 eV ==== 
     psi = 0.113*[#   1]+0.113*[#   5]+0.099*[#   2]+0.099*[#   3]+0.099*[#   4]
          +0.099*[#   6]+0.099*[#   7]+0.099*[#   8]
    |psi|^2 = 0.819
==== e(   6) =    11.16423 eV ==== 
     psi = 0.071*[#   2]+0.071*[#   3]+0.071*[#   4]+0.071*[#   6]+0.071*[#   7]
          +0.071*[#   8]+0.024*[#   1]+0.024*[#   5]
    |psi|^2 = 0.472
==== e(   7) =    11.65614 eV ==== 
     psi = 0.105*[#   1]+0.105*[#   5]+0.077*[#   2]+0.077*[#   3]+0.077*[#   4]
          +0.077*[#   6]+0.077*[#   7]+0.077*[#   8]
    |psi|^2 = 0.670
==== e(   8) =    12.86669 eV ==== 
     psi = 0.108*[#   2]+0.108*[#   3]+0.108*[#   4]+0.108*[#   6]+0.108*[#   7]
          +0.108*[#   8]+0.048*[#   1]+0.048*[#   5]
    |psi|^2 = 0.746

 k =  -0.0441941738 -0.3977475644  0.4861359121
==== e(   1) =    -2.86941 eV ==== 
     psi = 0.330*[#   1]+0.330*[#   5]+0.056*[#   2]+0.056*[#   3]+0.056*[#   4]
          +0.056*[#   6]+0.056*[#   7]+0.056*[#   8]
    |psi|^2 = 0.996
==== e(   2) =    -0.48575 eV ==== 
     psi = 0.229*[#   1]+0.229*[#   5]+0.089*[#   2]+0.089*[#   3]+0.089*[#   4]
          +0.089*[#   6]+0.089*[#   7]+0.089*[#   8]
    |psi|^2 = 0.993
==== e(   3) =     1.87968 eV ==== 
     psi = 0.158*[#   2]+0.158*[#   3]+0.158*[#   4]+0.158*[#   6]+0.158*[#   7]
          +0.158*[#   8]+0.022*[#   1]+0.022*[#   5]
    |psi|^2 = 0.992
==== e(   4) =     3.93571 eV ==== 
     psi = 0.164*[#   2]+0.164*[#   3]+0.164*[#   4]+0.164*[#   6]+0.164*[#   7]
          +0.164*[#   8]+0.003*[#   1]+0.003*[#   5]
    |psi|^2 = 0.991
==== e(   5) =     8.12777 eV ==== 
     psi = 0.103*[#   1]+0.103*[#   5]+0.102*[#   2]+0.102*[#   3]+0.102*[#   4]
          +0.102*[#   6]+0.102*[#   7]+0.102*[#   8]
    |psi|^2 = 0.821
==== e(   6) =    11.05517 eV ==== 
     psi = 0.096*[#   2]+0.096*[#   3]+0.096*[#   4]+0.096*[#   6]+0.096*[#   7]
          +0.096*[#   8]+0.044*[#   1]+0.044*[#   5]
    |psi|^2 = 0.663
==== e(   7) =    12.35165 eV ==== 
     psi = 0.077*[#   1]+0.077*[#   5]+0.076*[#   2]+0.076*[#   3]+0.076*[#   4]
          +0.076*[#   6]+0.076*[#   7]+0.076*[#   8]
    |psi|^2 = 0.610
==== e(   8) =    12.64914 eV ==== 
     psi = 0.030*[#   2]+0.030*[#   3]+0.030*[#   4]+0.030*[#   6]+0.030*[#   7]
          +0.030*[#   8]+0.001*[#   1]+0.001*[#   5]
    |psi|^2 = 0.183

 k =   0.0000000000 -0.3535533906  0.4419417382
==== e(   1) =    -3.30982 eV ==== 
     psi = 0.329*[#   1]+0.329*[#   5]+0.056*[#   2]+0.056*[#   3]+0.056*[#   4]
          +0.056*[#   6]+0.056*[#   7]+0.056*[#   8]
    |psi|^2 = 0.995
==== e(   2) =     0.01714 eV ==== 
     psi = 0.227*[#   1]+0.227*[#   5]+0.090*[#   2]+0.090*[#   3]+0.090*[#   4]
          +0.090*[#   6]+0.090*[#   7]+0.090*[#   8]
    |psi|^2 = 0.993
==== e(   3) =     2.02236 eV ==== 
     psi = 0.157*[#   2]+0.157*[#   3]+0.157*[#   4]+0.157*[#   6]+0.157*[#   7]
          +0.157*[#   8]+0.026*[#   1]+0.026*[#   5]
    |psi|^2 = 0.992
==== e(   4) =     4.21068 eV ==== 
     psi = 0.164*[#   2]+0.164*[#   3]+0.164*[#   4]+0.164*[#   6]+0.164*[#   7]
          +0.164*[#   8]+0.004*[#   1]+0.004*[#   5]
    |psi|^2 = 0.990
==== e(   5) =     8.43236 eV ==== 
     psi = 0.105*[#   2]+0.105*[#   3]+0.105*[#   4]+0.105*[#   6]+0.105*[#   7]
          +0.105*[#   8]+0.096*[#   1]+0.096*[#   5]
    |psi|^2 = 0.825
==== e(   6) =    10.68238 eV ==== 
     psi = 0.115*[#   2]+0.115*[#   3]+0.115*[#   4]+0.115*[#   6]+0.115*[#   7]
          +0.115*[#   8]+0.042*[#   1]+0.042*[#   5]
    |psi|^2 = 0.774
==== e(   7) =    11.63472 eV ==== 
     psi = 0.098*[#   1]+0.098*[#   5]+0.050*[#   2]+0.050*[#   3]+0.050*[#   4]
          +0.050*[#   6]+0.050*[#   7]+0.050*[#   8]
    |psi|^2 = 0.498
==== e(   8) =    12.33121 eV ==== 
     psi = 0.092*[#   2]+0.092*[#   3]+0.092*[#   4]+0.092*[#   6]+0.092*[#   7]
          +0.092*[#   8]+0.028*[#   1]+0.028*[#   5]
    |psi|^2 = 0.609

 k =   0.5303300859  0.0883883476  0.0000000000
==== e(   1) =    -3.40607 eV ==== 
     psi = 0.308*[#   1]+0.308*[#   5]+0.063*[#   2]+0.063*[#   3]+0.063*[#   4]
          +0.063*[#   6]+0.063*[#   7]+0.063*[#   8]
    |psi|^2 = 0.994
==== e(   2) =     0.24378 eV ==== 
     psi = 0.257*[#   1]+0.257*[#   5]+0.080*[#   2]+0.080*[#   3]+0.080*[#   4]
          +0.080*[#   6]+0.080*[#   7]+0.080*[#   8]
    |psi|^2 = 0.992
==== e(   3) =     3.21887 eV ==== 
     psi = 0.162*[#   2]+0.162*[#   3]+0.162*[#   4]+0.162*[#   6]+0.162*[#   7]
          +0.162*[#   8]+0.011*[#   1]+0.011*[#   5]
    |psi|^2 = 0.993
==== e(   4) =     3.39936 eV ==== 
     psi = 0.165*[#   2]+0.165*[#   3]+0.165*[#   4]+0.165*[#   6]+0.165*[#   7]
          +0.165*[#   8]
    |psi|^2 = 0.993
==== e(   5) =     7.04600 eV ==== 
     psi = 0.152*[#   1]+0.152*[#   5]+0.100*[#   2]+0.100*[#   3]+0.100*[#   4]
          +0.100*[#   6]+0.100*[#   7]+0.100*[#   8]
    |psi|^2 = 0.907
==== e(   6) =     7.88650 eV ==== 
     psi = 0.141*[#   1]+0.141*[#   5]+0.063*[#   2]+0.063*[#   3]+0.063*[#   4]
          +0.063*[#   6]+0.063*[#   7]+0.063*[#   8]
    |psi|^2 = 0.660
==== e(   7) =    13.12315 eV ==== 
     psi = 0.111*[#   2]+0.111*[#   3]+0.111*[#   4]+0.111*[#   6]+0.111*[#   7]
          +0.111*[#   8]+0.022*[#   1]+0.022*[#   5]
    |psi|^2 = 0.710
==== e(   8) =    13.93671 eV ==== 
     psi = 0.125*[#   2]+0.125*[#   3]+0.125*[#   4]+0.125*[#   6]+0.125*[#   7]
          +0.125*[#   8]+0.002*[#   1]+0.002*[#   5]
    |psi|^2 = 0.753

 k =  -0.1325825215 -0.5745242597  0.6629126074
==== e(   1) =    -2.95575 eV ==== 
     psi = 0.304*[#   1]+0.304*[#   5]+0.064*[#   2]+0.064*[#   3]+0.064*[#   4]
          +0.064*[#   6]+0.064*[#   7]+0.064*[#   8]
    |psi|^2 = 0.994
==== e(   2) =    -0.31111 eV ==== 
     psi = 0.265*[#   1]+0.265*[#   5]+0.077*[#   2]+0.077*[#   3]+0.077*[#   4]
          +0.077*[#   6]+0.077*[#   7]+0.077*[#   8]
    |psi|^2 = 0.992
==== e(   3) =     2.76541 eV ==== 
     psi = 0.161*[#   2]+0.161*[#   3]+0.161*[#   4]+0.161*[#   6]+0.161*[#   7]
          +0.161*[#   8]+0.013*[#   1]+0.013*[#   5]
    |psi|^2 = 0.993
==== e(   4) =     3.29596 eV ==== 
     psi = 0.165*[#   2]+0.165*[#   3]+0.165*[#   4]+0.165*[#   6]+0.165*[#   7]
          +0.165*[#   8]+0.002*[#   1]+0.002*[#   5]
    |psi|^2 = 0.993
==== e(   5) =     7.30567 eV ==== 
     psi = 0.144*[#   1]+0.144*[#   5]+0.095*[#   2]+0.095*[#   3]+0.095*[#   4]
          +0.095*[#   6]+0.095*[#   7]+0.095*[#   8]
    |psi|^2 = 0.856
==== e(   6) =     8.19454 eV ==== 
     psi = 0.133*[#   1]+0.133*[#   5]+0.073*[#   2]+0.073*[#   3]+0.073*[#   4]
          +0.073*[#   6]+0.073*[#   7]+0.073*[#   8]
    |psi|^2 = 0.702
==== e(   7) =    12.94207 eV ==== 
     psi = 0.101*[#   2]+0.101*[#   3]+0.101*[#   4]+0.101*[#   6]+0.101*[#   7]
          +0.101*[#   8]+0.033*[#   1]+0.033*[#   5]
    |psi|^2 = 0.673
==== e(   8) =    14.25642 eV ==== 
     psi = 0.113*[#   2]+0.113*[#   3]+0.113*[#   4]+0.113*[#   6]+0.113*[#   7]
          +0.113*[#   8]+0.011*[#   1]+0.011*[#   5]
    |psi|^2 = 0.701

 k =  -0.0883883476 -0.5303300859  0.6187184335
==== e(   1) =    -2.49755 eV ==== 
     psi = 0.306*[#   1]+0.306*[#   5]+0.064*[#   2]+0.064*[#   3]+0.064*[#   4]
          +0.064*[#   6]+0.064*[#   7]+0.064*[#   8]
    |psi|^2 = 0.994
==== e(   2) =    -0.80950 eV ==== 
     psi = 0.268*[#   1]+0.268*[#   5]+0.076*[#   2]+0.076*[#   3]+0.076*[#   4]
          +0.076*[#   6]+0.076*[#   7]+0.076*[#   8]
    |psi|^2 = 0.993
==== e(   3) =     2.26458 eV ==== 
     psi = 0.163*[#   2]+0.163*[#   3]+0.163*[#   4]+0.163*[#   6]+0.163*[#   7]
          +0.163*[#   8]+0.009*[#   1]+0.009*[#   5]
    |psi|^2 = 0.993
==== e(   4) =     3.32556 eV ==== 
     psi = 0.165*[#   2]+0.165*[#   3]+0.165*[#   4]+0.165*[#   6]+0.165*[#   7]
          +0.165*[#   8]+0.003*[#   1]+0.003*[#   5]
    |psi|^2 = 0.993
==== e(   5) =     7.42698 eV ==== 
     psi = 0.137*[#   1]+0.137*[#   5]+0.092*[#   2]+0.092*[#   3]+0.092*[#   4]
          +0.092*[#   6]+0.092*[#   7]+0.092*[#   8]
    |psi|^2 = 0.826
==== e(   6) =     9.05597 eV ==== 
     psi = 0.115*[#   1]+0.115*[#   5]+0.075*[#   2]+0.075*[#   3]+0.075*[#   4]
          +0.075*[#   6]+0.075*[#   7]+0.075*[#   8]
    |psi|^2 = 0.678
==== e(   7) =    12.71540 eV ==== 
     psi = 0.095*[#   2]+0.095*[#   3]+0.095*[#   4]+0.095*[#   6]+0.095*[#   7]
          +0.095*[#   8]+0.043*[#   1]+0.043*[#   5]
    |psi|^2 = 0.657
==== e(   8) =    14.21294 eV ==== 
     psi = 0.111*[#   2]+0.111*[#   3]+0.111*[#   4]+0.111*[#   6]+0.111*[#   7]
          +0.111*[#   8]+0.025*[#   1]+0.025*[#   5]
    |psi|^2 = 0.718

 k =  -0.0441941738 -0.4861359121  0.5745242597
==== e(   1) =    -2.23346 eV ==== 
     psi = 0.319*[#   1]+0.319*[#   5]+0.059*[#   2]+0.059*[#   3]+0.059*[#   4]
          +0.059*[#   6]+0.059*[#   7]+0.059*[#   8]
    |psi|^2 = 0.995
==== e(   2) =    -1.06622 eV ==== 
     psi = 0.259*[#   1]+0.259*[#   5]+0.079*[#   2]+0.079*[#   3]+0.079*[#   4]
          +0.079*[#   6]+0.079*[#   7]+0.079*[#   8]
    |psi|^2 = 0.993
==== e(   3) =     1.88393 eV ==== 
     psi = 0.164*[#   2]+0.164*[#   3]+0.164*[#   4]+0.164*[#   6]+0.164*[#   7]
          +0.164*[#   8]+0.003*[#   1]+0.003*[#   5]
    |psi|^2 = 0.993
==== e(   4) =     3.45054 eV ==== 
     psi = 0.164*[#   2]+0.164*[#   3]+0.164*[#   4]+0.164*[#   6]+0.164*[#   7]
          +0.164*[#   8]+0.004*[#   1]+0.004*[#   5]
    |psi|^2 = 0.993
==== e(   5) =     7.58121 eV ==== 
     psi = 0.126*[#   1]+0.126*[#   5]+0.095*[#   2]+0.095*[#   3]+0.095*[#   4]
          +0.095*[#   6]+0.095*[#   7]+0.095*[#   8]
    |psi|^2 = 0.822
==== e(   6) =    10.17286 eV ==== 
     psi = 0.089*[#   1]+0.089*[#   5]+0.065*[#   2]+0.065*[#   3]+0.065*[#   4]
          +0.065*[#   6]+0.065*[#   7]+0.065*[#   8]
    |psi|^2 = 0.566
==== e(   7) =    12.48752 eV ==== 
     psi = 0.096*[#   2]+0.096*[#   3]+0.096*[#   4]+0.096*[#   6]+0.096*[#   7]
          +0.096*[#   8]+0.050*[#   1]+0.050*[#   5]
    |psi|^2 = 0.678
==== e(   8) =    13.62675 eV ==== 
     psi = 0.094*[#   2]+0.094*[#   3]+0.094*[#   4]+0.094*[#   6]+0.094*[#   7]
          +0.094*[#   8]+0.052*[#   1]+0.052*[#   5]
    |psi|^2 = 0.667

 k =   0.0000000000 -0.4419417382  0.5303300859
==== e(   1) =    -2.44487 eV ==== 
     psi = 0.326*[#   1]+0.326*[#   5]+0.057*[#   2]+0.057*[#   3]+0.057*[#   4]
          +0.057*[#   6]+0.057*[#   7]+0.057*[#   8]
    |psi|^2 = 0.996
==== e(   2) =    -0.84571 eV ==== 
     psi = 0.250*[#   1]+0.250*[#   5]+0.082*[#   2]+0.082*[#   3]+0.082*[#   4]
          +0.082*[#   6]+0.082*[#   7]+0.082*[#   8]
    |psi|^2 = 0.994
==== e(   3) =     1.72375 eV ==== 
     psi = 0.164*[#   2]+0.164*[#   3]+0.164*[#   4]+0.164*[#   6]+0.164*[#   7]
          +0.164*[#   8]+0.004*[#   1]+0.004*[#   5]
    |psi|^2 = 0.993
==== e(   4) =     3.65898 eV ==== 
     psi = 0.164*[#   2]+0.164*[#   3]+0.164*[#   4]+0.164*[#   6]+0.164*[#   7]
          +0.164*[#   8]+0.004*[#   1]+0.004*[#   5]
    |psi|^2 = 0.992
==== e(   5) =     7.81700 eV ==== 
     psi = 0.114*[#   1]+0.114*[#   5]+0.099*[#   2]+0.099*[#   3]+0.099*[#   4]
          +0.099*[#   6]+0.099*[#   7]+0.099*[#   8]
    |psi|^2 = 0.821
==== e(   6) =    11.36772 eV ==== 
     psi = 0.044*[#   2]+0.044*[#   3]+0.044*[#   4]+0.044*[#   6]+0.044*[#   7]
          +0.044*[#   8]+0.035*[#   1]+0.035*[#   5]
    |psi|^2 = 0.330
==== e(   7) =    12.15511 eV ==== 
     psi = 0.117*[#   2]+0.117*[#   3]+0.117*[#   4]+0.117*[#   6]+0.117*[#   7]
          +0.117*[#   8]+0.073*[#   1]+0.073*[#   5]
    |psi|^2 = 0.849
==== e(   8) =    12.67463 eV ==== 
     psi = 0.077*[#   1]+0.077*[#   5]+0.061*[#   2]+0.061*[#   3]+0.061*[#   4]
          +0.061*[#   6]+0.061*[#   7]+0.061*[#   8]
    |psi|^2 = 0.520

 k =  -0.0883883476 -0.6187184335  0.7071067812
==== e(   1) =    -2.60619 eV ==== 
     psi = 0.294*[#   1]+0.294*[#   5]+0.067*[#   2]+0.067*[#   3]+0.067*[#   4]
          +0.067*[#   6]+0.067*[#   7]+0.067*[#   8]
    |psi|^2 = 0.993
==== e(   2) =    -0.75841 eV ==== 
     psi = 0.271*[#   1]+0.271*[#   5]+0.075*[#   2]+0.075*[#   3]+0.075*[#   4]
          +0.075*[#   6]+0.075*[#   7]+0.075*[#   8]
    |psi|^2 = 0.992
==== e(   3) =     3.06172 eV ==== 
     psi = 0.163*[#   2]+0.163*[#   3]+0.163*[#   4]+0.163*[#   6]+0.163*[#   7]
          +0.163*[#   8]+0.008*[#   1]+0.008*[#   5]
    |psi|^2 = 0.994
==== e(   4) =     3.14789 eV ==== 
     psi = 0.165*[#   2]+0.165*[#   3]+0.165*[#   4]+0.165*[#   6]+0.165*[#   7]
          +0.165*[#   8]+0.001*[#   1]+0.001*[#   5]
    |psi|^2 = 0.994
==== e(   5) =     7.00104 eV ==== 
     psi = 0.159*[#   1]+0.159*[#   5]+0.093*[#   2]+0.093*[#   3]+0.093*[#   4]
          +0.093*[#   6]+0.093*[#   7]+0.093*[#   8]
    |psi|^2 = 0.874
==== e(   6) =     7.40885 eV ==== 
     psi = 0.152*[#   1]+0.152*[#   5]+0.074*[#   2]+0.074*[#   3]+0.074*[#   4]
          +0.074*[#   6]+0.074*[#   7]+0.074*[#   8]
    |psi|^2 = 0.751
==== e(   7) =    14.20460 eV ==== 
     psi = 0.102*[#   2]+0.102*[#   3]+0.102*[#   4]+0.102*[#   6]+0.102*[#   7]
          +0.102*[#   8]+0.018*[#   1]+0.018*[#   5]
    |psi|^2 = 0.646
==== e(   8) =    15.08932 eV ==== 
     psi = 0.126*[#   2]+0.126*[#   3]+0.126*[#   4]+0.126*[#   6]+0.126*[#   7]
          +0.126*[#   8]+0.003*[#   1]+0.003*[#   5]
    |psi|^2 = 0.764

 k =  -0.0441941738 -0.5745242597  0.6629126074
==== e(   1) =    -2.13666 eV ==== 
     psi = 0.293*[#   1]+0.293*[#   5]+0.068*[#   2]+0.068*[#   3]+0.068*[#   4]
          +0.068*[#   6]+0.068*[#   7]+0.068*[#   8]
    |psi|^2 = 0.994
==== e(   2) =    -1.23117 eV ==== 
     psi = 0.279*[#   1]+0.279*[#   5]+0.073*[#   2]+0.073*[#   3]+0.073*[#   4]
          +0.073*[#   6]+0.073*[#   7]+0.073*[#   8]
    |psi|^2 = 0.993
==== e(   3) =     2.60894 eV ==== 
     psi = 0.163*[#   2]+0.163*[#   3]+0.163*[#   4]+0.163*[#   6]+0.163*[#   7]
          +0.163*[#   8]+0.007*[#   1]+0.007*[#   5]
    |psi|^2 = 0.994
==== e(   4) =     3.13722 eV ==== 
     psi = 0.164*[#   2]+0.164*[#   3]+0.164*[#   4]+0.164*[#   6]+0.164*[#   7]
          +0.164*[#   8]+0.004*[#   1]+0.004*[#   5]
    |psi|^2 = 0.994
==== e(   5) =     7.21852 eV ==== 
     psi = 0.150*[#   1]+0.150*[#   5]+0.088*[#   2]+0.088*[#   3]+0.088*[#   4]
          +0.088*[#   6]+0.088*[#   7]+0.088*[#   8]
    |psi|^2 = 0.828
==== e(   6) =     7.94482 eV ==== 
     psi = 0.138*[#   1]+0.138*[#   5]+0.082*[#   2]+0.082*[#   3]+0.082*[#   4]
          +0.082*[#   6]+0.082*[#   7]+0.082*[#   8]
    |psi|^2 = 0.769
==== e(   7) =    14.00588 eV ==== 
     psi = 0.093*[#   2]+0.093*[#   3]+0.093*[#   4]+0.093*[#   6]+0.093*[#   7]
          +0.093*[#   8]+0.026*[#   1]+0.026*[#   5]
    |psi|^2 = 0.612
==== e(   8) =    15.01451 eV ==== 
     psi = 0.124*[#   2]+0.124*[#   3]+0.124*[#   4]+0.124*[#   6]+0.124*[#   7]
          +0.124*[#   8]+0.022*[#   1]+0.022*[#   5]
    |psi|^2 = 0.785

 k =  -0.0000000000 -0.5303300859  0.6187184335
==== e(   1) =    -1.89642 eV ==== 
     psi = 0.308*[#   1]+0.308*[#   5]+0.063*[#   2]+0.063*[#   3]+0.063*[#   4]
          +0.063*[#   6]+0.063*[#   7]+0.063*[#   8]
    |psi|^2 = 0.994
==== e(   2) =    -1.42568 eV ==== 
     psi = 0.270*[#   1]+0.270*[#   5]+0.075*[#   2]+0.075*[#   3]+0.075*[#   4]
          +0.075*[#   6]+0.075*[#   7]+0.075*[#   8]
    |psi|^2 = 0.993
==== e(   3) =     2.14466 eV ==== 
     psi = 0.165*[#   2]+0.165*[#   3]+0.165*[#   4]+0.165*[#   6]+0.165*[#   7]
          +0.165*[#   8]+0.003*[#   1]+0.003*[#   5]
    |psi|^2 = 0.994
==== e(   4) =     3.25086 eV ==== 
     psi = 0.164*[#   2]+0.164*[#   3]+0.164*[#   4]+0.164*[#   6]+0.164*[#   7]
          +0.164*[#   8]+0.004*[#   1]+0.004*[#   5]
    |psi|^2 = 0.993
==== e(   5) =     7.35779 eV ==== 
     psi = 0.140*[#   1]+0.140*[#   5]+0.091*[#   2]+0.091*[#   3]+0.091*[#   4]
          +0.091*[#   6]+0.091*[#   7]+0.091*[#   8]
    |psi|^2 = 0.823
==== e(   6) =     8.96322 eV ==== 
     psi = 0.117*[#   1]+0.117*[#   5]+0.077*[#   2]+0.077*[#   3]+0.077*[#   4]
          +0.077*[#   6]+0.077*[#   7]+0.077*[#   8]
    |psi|^2 = 0.698
==== e(   7) =    13.63578 eV ==== 
     psi = 0.099*[#   2]+0.099*[#   3]+0.099*[#   4]+0.099*[#   6]+0.099*[#   7]
          +0.099*[#   8]+0.026*[#   1]+0.026*[#   5]
    |psi|^2 = 0.648
==== e(   8) =    13.96290 eV ==== 
     psi = 0.077*[#   2]+0.077*[#   3]+0.077*[#   4]+0.077*[#   6]+0.077*[#   7]
          +0.077*[#   8]+0.047*[#   1]+0.047*[#   5]
    |psi|^2 = 0.556

 k =  -0.7071067812  0.0883883476  0.0000000000
==== e(   1) =    -1.71699 eV ==== 
     psi = 0.283*[#   1]+0.283*[#   5]+0.071*[#   2]+0.071*[#   3]+0.071*[#   4]
          +0.071*[#   6]+0.071*[#   7]+0.071*[#   8]
    |psi|^2 = 0.993
==== e(   2) =    -1.71699 eV ==== 
     psi = 0.283*[#   1]+0.283*[#   5]+0.071*[#   2]+0.071*[#   3]+0.071*[#   4]
          +0.071*[#   6]+0.071*[#   7]+0.071*[#   8]
    |psi|^2 = 0.993
==== e(   3) =     3.03656 eV ==== 
     psi = 0.164*[#   2]+0.164*[#   3]+0.164*[#   4]+0.164*[#   6]+0.164*[#   7]
          +0.164*[#   8]+0.004*[#   1]+0.004*[#   5]
    |psi|^2 = 0.994
==== e(   4) =     3.03656 eV ==== 
     psi = 0.164*[#   2]+0.164*[#   3]+0.164*[#   4]+0.164*[#   6]+0.164*[#   7]
          +0.164*[#   8]+0.004*[#   1]+0.004*[#   5]
    |psi|^2 = 0.994
==== e(   5) =     7.11731 eV ==== 
     psi = 0.158*[#   1]+0.158*[#   5]+0.084*[#   2]+0.084*[#   3]+0.084*[#   4]
          +0.084*[#   6]+0.084*[#   7]+0.084*[#   8]
    |psi|^2 = 0.823
==== e(   6) =     7.11731 eV ==== 
     psi = 0.158*[#   1]+0.158*[#   5]+0.084*[#   2]+0.084*[#   3]+0.084*[#   4]
          +0.084*[#   6]+0.084*[#   7]+0.084*[#   8]
    |psi|^2 = 0.823
==== e(   7) =    15.27153 eV ==== 
     psi = 0.113*[#   2]+0.113*[#   3]+0.113*[#   4]+0.113*[#   6]+0.113*[#   7]
          +0.113*[#   8]+0.013*[#   1]+0.013*[#   5]
    |psi|^2 = 0.704
==== e(   8) =    15.27153 eV ==== 
     psi = 0.113*[#   2]+0.113*[#   3]+0.113*[#   4]+0.113*[#   6]+0.113*[#   7]
          +0.113*[#   8]+0.013*[#   1]+0.013*[#   5]
    |psi|^2 = 0.704

 k =   0.3535533906  0.1767766953  0.0000000000
==== e(   1) =    -4.50149 eV ==== 
     psi = 0.347*[#   1]+0.347*[#   5]+0.050*[#   2]+0.050*[#   3]+0.050*[#   4]
          +0.050*[#   6]+0.050*[#   7]+0.050*[#   8]
    |psi|^2 = 0.995
==== e(   2) =     1.74116 eV ==== 
     psi = 0.199*[#   1]+0.199*[#   5]+0.099*[#   2]+0.099*[#   3]+0.099*[#   4]
          +0.099*[#   6]+0.099*[#   7]+0.099*[#   8]
    |psi|^2 = 0.989
==== e(   3) =     3.35949 eV ==== 
     psi = 0.153*[#   2]+0.153*[#   3]+0.153*[#   4]+0.153*[#   6]+0.153*[#   7]
          +0.153*[#   8]+0.034*[#   1]+0.034*[#   5]
    |psi|^2 = 0.990
==== e(   4) =     4.61301 eV ==== 
     psi = 0.161*[#   2]+0.161*[#   3]+0.161*[#   4]+0.161*[#   6]+0.161*[#   7]
          +0.161*[#   8]+0.011*[#   1]+0.011*[#   5]
    |psi|^2 = 0.987
==== e(   5) =     8.45615 eV ==== 
     psi = 0.126*[#   2]+0.126*[#   3]+0.126*[#   4]+0.126*[#   6]+0.126*[#   7]
          +0.126*[#   8]+0.082*[#   1]+0.082*[#   5]
    |psi|^2 = 0.917
==== e(   6) =     9.83307 eV ==== 
     psi = 0.181*[#   1]+0.181*[#   5]+0.078*[#   2]+0.078*[#   3]+0.078*[#   4]
          +0.078*[#   6]+0.078*[#   7]+0.078*[#   8]
    |psi|^2 = 0.827
==== e(   7) =    10.22333 eV ==== 
     psi = 0.080*[#   2]+0.080*[#   3]+0.080*[#   4]+0.080*[#   6]+0.080*[#   7]
          +0.080*[#   8]+0.003*[#   1]+0.003*[#   5]
    |psi|^2 = 0.488
==== e(   8) =    11.45481 eV ==== 
     psi = 0.134*[#   2]+0.134*[#   3]+0.134*[#   4]+0.134*[#   6]+0.134*[#   7]
          +0.134*[#   8]+0.017*[#   1]+0.017*[#   5]
    |psi|^2 = 0.840

 k =   0.3977475644  0.2209708691 -0.0441941738
==== e(   1) =    -4.09110 eV ==== 
     psi = 0.336*[#   1]+0.336*[#   5]+0.054*[#   2]+0.054*[#   3]+0.054*[#   4]
          +0.054*[#   6]+0.054*[#   7]+0.054*[#   8]
    |psi|^2 = 0.995
==== e(   2) =     0.99395 eV ==== 
     psi = 0.205*[#   1]+0.205*[#   5]+0.097*[#   2]+0.097*[#   3]+0.097*[#   4]
          +0.097*[#   6]+0.097*[#   7]+0.097*[#   8]
    |psi|^2 = 0.991
==== e(   3) =     2.96692 eV ==== 
     psi = 0.151*[#   2]+0.151*[#   3]+0.151*[#   4]+0.151*[#   6]+0.151*[#   7]
          +0.151*[#   8]+0.043*[#   1]+0.043*[#   5]
    |psi|^2 = 0.991
==== e(   4) =     4.36207 eV ==== 
     psi = 0.162*[#   2]+0.162*[#   3]+0.162*[#   4]+0.162*[#   6]+0.162*[#   7]
          +0.162*[#   8]+0.008*[#   1]+0.008*[#   5]
    |psi|^2 = 0.988
==== e(   5) =     8.75358 eV ==== 
     psi = 0.115*[#   2]+0.115*[#   3]+0.115*[#   4]+0.115*[#   6]+0.115*[#   7]
          +0.115*[#   8]+0.090*[#   1]+0.090*[#   5]
    |psi|^2 = 0.871
==== e(   6) =     9.79408 eV ==== 
     psi = 0.112*[#   2]+0.112*[#   3]+0.112*[#   4]+0.112*[#   6]+0.112*[#   7]
          +0.112*[#   8]+0.093*[#   1]+0.093*[#   5]
    |psi|^2 = 0.855
==== e(   7) =    10.27869 eV ==== 
     psi = 0.083*[#   1]+0.083*[#   5]+0.052*[#   2]+0.052*[#   3]+0.052*[#   4]
          +0.052*[#   6]+0.052*[#   7]+0.052*[#   8]
    |psi|^2 = 0.475
==== e(   8) =    11.79862 eV ==== 
     psi = 0.120*[#   2]+0.120*[#   3]+0.120*[#   4]+0.120*[#   6]+0.120*[#   7]
          +0.120*[#   8]+0.022*[#   1]+0.022*[#   5]
    |psi|^2 = 0.764

 k =  -0.2651650429 -0.4419417382  0.6187184335
==== e(   1) =    -3.63203 eV ==== 
     psi = 0.333*[#   1]+0.333*[#   5]+0.055*[#   2]+0.055*[#   3]+0.055*[#   4]
          +0.055*[#   6]+0.055*[#   7]+0.055*[#   8]
    |psi|^2 = 0.995
==== e(   2) =     0.22100 eV ==== 
     psi = 0.200*[#   1]+0.200*[#   5]+0.098*[#   2]+0.098*[#   3]+0.098*[#   4]
          +0.098*[#   6]+0.098*[#   7]+0.098*[#   8]
    |psi|^2 = 0.991
==== e(   3) =     2.75483 eV ==== 
     psi = 0.148*[#   2]+0.148*[#   3]+0.148*[#   4]+0.148*[#   6]+0.148*[#   7]
          +0.148*[#   8]+0.052*[#   1]+0.052*[#   5]
    |psi|^2 = 0.992
==== e(   4) =     4.12488 eV ==== 
     psi = 0.163*[#   2]+0.163*[#   3]+0.163*[#   4]+0.163*[#   6]+0.163*[#   7]
          +0.163*[#   8]+0.006*[#   1]+0.006*[#   5]
    |psi|^2 = 0.989
==== e(   5) =     8.87771 eV ==== 
     psi = 0.107*[#   1]+0.107*[#   5]+0.101*[#   2]+0.101*[#   3]+0.101*[#   4]
          +0.101*[#   6]+0.101*[#   7]+0.101*[#   8]
    |psi|^2 = 0.823
==== e(   6) =     9.54350 eV ==== 
     psi = 0.110*[#   2]+0.110*[#   3]+0.110*[#   4]+0.110*[#   6]+0.110*[#   7]
          +0.110*[#   8]+0.063*[#   1]+0.063*[#   5]
    |psi|^2 = 0.783
==== e(   7) =    10.99175 eV ==== 
     psi = 0.094*[#   1]+0.094*[#   5]+0.063*[#   2]+0.063*[#   3]+0.063*[#   4]
          +0.063*[#   6]+0.063*[#   7]+0.063*[#   8]
    |psi|^2 = 0.569
==== e(   8) =    11.89431 eV ==== 
     psi = 0.101*[#   2]+0.101*[#   3]+0.101*[#   4]+0.101*[#   6]+0.101*[#   7]
          +0.101*[#   8]+0.027*[#   1]+0.027*[#   5]
    |psi|^2 = 0.662

 k =  -0.2209708691 -0.3977475644  0.5745242597
==== e(   1) =    -3.20140 eV ==== 
     psi = 0.340*[#   1]+0.340*[#   5]+0.053*[#   2]+0.053*[#   3]+0.053*[#   4]
          +0.053*[#   6]+0.053*[#   7]+0.053*[#   8]
    |psi|^2 = 0.996
==== e(   2) =    -0.42139 eV ==== 
     psi = 0.187*[#   1]+0.187*[#   5]+0.103*[#   2]+0.103*[#   3]+0.103*[#   4]
          +0.103*[#   6]+0.103*[#   7]+0.103*[#   8]
    |psi|^2 = 0.991
==== e(   3) =     2.65309 eV ==== 
     psi = 0.146*[#   2]+0.146*[#   3]+0.146*[#   4]+0.146*[#   6]+0.146*[#   7]
          +0.146*[#   8]+0.059*[#   1]+0.059*[#   5]
    |psi|^2 = 0.992
==== e(   4) =     3.96030 eV ==== 
     psi = 0.164*[#   2]+0.164*[#   3]+0.164*[#   4]+0.164*[#   6]+0.164*[#   7]
          +0.164*[#   8]+0.003*[#   1]+0.003*[#   5]
    |psi|^2 = 0.990
==== e(   5) =     8.95702 eV ==== 
     psi = 0.123*[#   1]+0.123*[#   5]+0.095*[#   2]+0.095*[#   3]+0.095*[#   4]
          +0.095*[#   6]+0.095*[#   7]+0.095*[#   8]
    |psi|^2 = 0.813
==== e(   6) =     9.30369 eV ==== 
     psi = 0.108*[#   2]+0.108*[#   3]+0.108*[#   4]+0.108*[#   6]+0.108*[#   7]
          +0.108*[#   8]+0.055*[#   1]+0.055*[#   5]
    |psi|^2 = 0.758
==== e(   7) =    11.83508 eV ==== 
     psi = 0.116*[#   2]+0.116*[#   3]+0.116*[#   4]+0.116*[#   6]+0.116*[#   7]
          +0.116*[#   8]+0.060*[#   1]+0.060*[#   5]
    |psi|^2 = 0.819
==== e(   8) =    12.06333 eV ==== 
     psi = 0.049*[#   1]+0.049*[#   5]+0.039*[#   2]+0.039*[#   3]+0.039*[#   4]
          +0.039*[#   6]+0.039*[#   7]+0.039*[#   8]
    |psi|^2 = 0.331

 k =  -0.1767766953 -0.3535533906  0.5303300859
==== e(   1) =    -2.99780 eV ==== 
     psi = 0.349*[#   1]+0.349*[#   5]+0.050*[#   2]+0.050*[#   3]+0.050*[#   4]
          +0.050*[#   6]+0.050*[#   7]+0.050*[#   8]
    |psi|^2 = 0.996
==== e(   2) =    -0.69877 eV ==== 
     psi = 0.177*[#   1]+0.177*[#   5]+0.106*[#   2]+0.106*[#   3]+0.106*[#   4]
          +0.106*[#   6]+0.106*[#   7]+0.106*[#   8]
    |psi|^2 = 0.990
==== e(   3) =     2.62330 eV ==== 
     psi = 0.145*[#   2]+0.145*[#   3]+0.145*[#   4]+0.145*[#   6]+0.145*[#   7]
          +0.145*[#   8]+0.061*[#   1]+0.061*[#   5]
    |psi|^2 = 0.992
==== e(   4) =     3.90158 eV ==== 
     psi = 0.164*[#   2]+0.164*[#   3]+0.164*[#   4]+0.164*[#   6]+0.164*[#   7]
          +0.164*[#   8]+0.002*[#   1]+0.002*[#   5]
    |psi|^2 = 0.990
==== e(   5) =     9.03427 eV ==== 
     psi = 0.167*[#   1]+0.167*[#   5]+0.086*[#   2]+0.086*[#   3]+0.086*[#   4]
          +0.086*[#   6]+0.086*[#   7]+0.086*[#   8]
    |psi|^2 = 0.850
==== e(   6) =     9.16369 eV ==== 
     psi = 0.115*[#   2]+0.115*[#   3]+0.115*[#   4]+0.115*[#   6]+0.115*[#   7]
          +0.115*[#   8]+0.013*[#   1]+0.013*[#   5]
    |psi|^2 = 0.714
==== e(   7) =    11.86015 eV ==== 
     psi = 0.103*[#   2]+0.103*[#   3]+0.103*[#   4]+0.103*[#   6]+0.103*[#   7]
          +0.103*[#   8]+0.042*[#   1]+0.042*[#   5]
    |psi|^2 = 0.702
==== e(   8) =    13.08762 eV ==== 
     psi = 0.023*[#   1]+0.023*[#   5]+0.021*[#   2]+0.021*[#   3]+0.021*[#   4]
          +0.021*[#   6]+0.021*[#   7]+0.021*[#   8]
    |psi|^2 = 0.174

 k =   0.4419417382  0.1767766953  0.0000000000
==== e(   1) =    -3.93516 eV ==== 
     psi = 0.327*[#   1]+0.327*[#   5]+0.057*[#   2]+0.057*[#   3]+0.057*[#   4]
          +0.057*[#   6]+0.057*[#   7]+0.057*[#   8]
    |psi|^2 = 0.995
==== e(   2) =     0.92764 eV ==== 
     psi = 0.230*[#   1]+0.230*[#   5]+0.088*[#   2]+0.088*[#   3]+0.088*[#   4]
          +0.088*[#   6]+0.088*[#   7]+0.088*[#   8]
    |psi|^2 = 0.991
==== e(   3) =     2.97539 eV ==== 
     psi = 0.155*[#   2]+0.155*[#   3]+0.155*[#   4]+0.155*[#   6]+0.155*[#   7]
          +0.155*[#   8]+0.030*[#   1]+0.030*[#   5]
    |psi|^2 = 0.992
==== e(   4) =     3.90514 eV ==== 
     psi = 0.163*[#   2]+0.163*[#   3]+0.163*[#   4]+0.163*[#   6]+0.163*[#   7]
          +0.163*[#   8]+0.006*[#   1]+0.006*[#   5]
    |psi|^2 = 0.990
==== e(   5) =     8.15888 eV ==== 
     psi = 0.115*[#   2]+0.115*[#   3]+0.115*[#   4]+0.115*[#   6]+0.115*[#   7]
          +0.115*[#   8]+0.105*[#   1]+0.105*[#   5]
    |psi|^2 = 0.900
==== e(   6) =     9.27340 eV ==== 
     psi = 0.119*[#   1]+0.119*[#   5]+0.050*[#   2]+0.050*[#   3]+0.050*[#   4]
          +0.050*[#   6]+0.050*[#   7]+0.050*[#   8]
    |psi|^2 = 0.541
==== e(   7) =    10.80444 eV ==== 
     psi = 0.112*[#   2]+0.112*[#   3]+0.112*[#   4]+0.112*[#   6]+0.112*[#   7]
          +0.112*[#   8]+0.054*[#   1]+0.054*[#   5]
    |psi|^2 = 0.784
==== e(   8) =    12.66584 eV ==== 
     psi = 0.126*[#   2]+0.126*[#   3]+0.126*[#   4]+0.126*[#   6]+0.126*[#   7]
          +0.126*[#   8]+0.011*[#   1]+0.011*[#   5]
    |psi|^2 = 0.777

 k =  -0.2209708691 -0.4861359121  0.6629126074
==== e(   1) =    -3.48830 eV ==== 
     psi = 0.321*[#   1]+0.321*[#   5]+0.059*[#   2]+0.059*[#   3]+0.059*[#   4]
          +0.059*[#   6]+0.059*[#   7]+0.059*[#   8]
    |psi|^2 = 0.995
==== e(   2) =     0.28714 eV ==== 
     psi = 0.236*[#   1]+0.236*[#   5]+0.087*[#   2]+0.087*[#   3]+0.087*[#   4]
          +0.087*[#   6]+0.087*[#   7]+0.087*[#   8]
    |psi|^2 = 0.992
==== e(   3) =     2.60496 eV ==== 
     psi = 0.154*[#   2]+0.154*[#   3]+0.154*[#   4]+0.154*[#   6]+0.154*[#   7]
          +0.154*[#   8]+0.033*[#   1]+0.033*[#   5]
    |psi|^2 = 0.992
==== e(   4) =     3.66311 eV ==== 
     psi = 0.164*[#   2]+0.164*[#   3]+0.164*[#   4]+0.164*[#   6]+0.164*[#   7]
          +0.164*[#   8]+0.004*[#   1]+0.004*[#   5]
    |psi|^2 = 0.991
==== e(   5) =     8.46819 eV ==== 
     psi = 0.105*[#   2]+0.105*[#   3]+0.105*[#   4]+0.105*[#   6]+0.105*[#   7]
          +0.105*[#   8]+0.103*[#   1]+0.103*[#   5]
    |psi|^2 = 0.837
==== e(   6) =     9.67800 eV ==== 
     psi = 0.092*[#   1]+0.092*[#   5]+0.062*[#   2]+0.062*[#   3]+0.062*[#   4]
          +0.062*[#   6]+0.062*[#   7]+0.062*[#   8]
    |psi|^2 = 0.554
==== e(   7) =    10.54834 eV ==== 
     psi = 0.107*[#   2]+0.107*[#   3]+0.107*[#   4]+0.107*[#   6]+0.107*[#   7]
          +0.107*[#   8]+0.079*[#   1]+0.079*[#   5]
    |psi|^2 = 0.799
==== e(   8) =    13.01618 eV ==== 
     psi = 0.110*[#   2]+0.110*[#   3]+0.110*[#   4]+0.110*[#   6]+0.110*[#   7]
          +0.110*[#   8]+0.018*[#   1]+0.018*[#   5]
    |psi|^2 = 0.699

 k =  -0.1767766953 -0.4419417382  0.6187184335
==== e(   1) =    -3.03190 eV ==== 
     psi = 0.324*[#   1]+0.324*[#   5]+0.058*[#   2]+0.058*[#   3]+0.058*[#   4]
          +0.058*[#   6]+0.058*[#   7]+0.058*[#   8]
    |psi|^2 = 0.995
==== e(   2) =    -0.32568 eV ==== 
     psi = 0.230*[#   1]+0.230*[#   5]+0.089*[#   2]+0.089*[#   3]+0.089*[#   4]
          +0.089*[#   6]+0.089*[#   7]+0.089*[#   8]
    |psi|^2 = 0.992
==== e(   3) =     2.34949 eV ==== 
     psi = 0.153*[#   2]+0.153*[#   3]+0.153*[#   4]+0.153*[#   6]+0.153*[#   7]
          +0.153*[#   8]+0.037*[#   1]+0.037*[#   5]
    |psi|^2 = 0.993
==== e(   4) =     3.50948 eV ==== 
     psi = 0.164*[#   2]+0.164*[#   3]+0.164*[#   4]+0.164*[#   6]+0.164*[#   7]
          +0.164*[#   8]+0.002*[#   1]+0.002*[#   5]
    |psi|^2 = 0.991
==== e(   5) =     8.59898 eV ==== 
     psi = 0.100*[#   1]+0.100*[#   5]+0.099*[#   2]+0.099*[#   3]+0.099*[#   4]
          +0.099*[#   6]+0.099*[#   7]+0.099*[#   8]
    |psi|^2 = 0.791
==== e(   6) =    10.20322 eV ==== 
     psi = 0.094*[#   2]+0.094*[#   3]+0.094*[#   4]+0.094*[#   6]+0.094*[#   7]
          +0.094*[#   8]+0.030*[#   1]+0.030*[#   5]
    |psi|^2 = 0.628
==== e(   7) =    10.65869 eV ==== 
     psi = 0.132*[#   1]+0.132*[#   5]+0.074*[#   2]+0.074*[#   3]+0.074*[#   4]
          +0.074*[#   6]+0.074*[#   7]+0.074*[#   8]
    |psi|^2 = 0.706
==== e(   8) =    13.08375 eV ==== 
     psi = 0.098*[#   2]+0.098*[#   3]+0.098*[#   4]+0.098*[#   6]+0.098*[#   7]
          +0.098*[#   8]+0.028*[#   1]+0.028*[#   5]
    |psi|^2 = 0.642

 k =  -0.1325825215 -0.3977475644  0.5745242597
==== e(   1) =    -2.72069 eV ==== 
     psi = 0.334*[#   1]+0.334*[#   5]+0.055*[#   2]+0.055*[#   3]+0.055*[#   4]
          +0.055*[#   6]+0.055*[#   7]+0.055*[#   8]
    |psi|^2 = 0.996
==== e(   2) =    -0.71261 eV ==== 
     psi = 0.218*[#   1]+0.218*[#   5]+0.093*[#   2]+0.093*[#   3]+0.093*[#   4]
          +0.093*[#   6]+0.093*[#   7]+0.093*[#   8]
    |psi|^2 = 0.992
==== e(   3) =     2.18464 eV ==== 
     psi = 0.153*[#   2]+0.153*[#   3]+0.153*[#   4]+0.153*[#   6]+0.153*[#   7]
          +0.153*[#   8]+0.038*[#   1]+0.038*[#   5]
    |psi|^2 = 0.993
==== e(   4) =     3.48472 eV ==== 
     psi = 0.164*[#   2]+0.164*[#   3]+0.164*[#   4]+0.164*[#   6]+0.164*[#   7]
          +0.164*[#   8]+0.003*[#   1]+0.003*[#   5]
    |psi|^2 = 0.991
==== e(   5) =     8.73654 eV ==== 
     psi = 0.099*[#   2]+0.099*[#   3]+0.099*[#   4]+0.099*[#   6]+0.099*[#   7]
          +0.099*[#   8]+0.091*[#   1]+0.091*[#   5]
    |psi|^2 = 0.779
==== e(   6) =    10.01827 eV ==== 
     psi = 0.096*[#   2]+0.096*[#   3]+0.096*[#   4]+0.096*[#   6]+0.096*[#   7]
          +0.096*[#   8]+0.068*[#   1]+0.068*[#   5]
    |psi|^2 = 0.715
==== e(   7) =    11.74402 eV ==== 
     psi = 0.080*[#   1]+0.080*[#   5]+0.059*[#   2]+0.059*[#   3]+0.059*[#   4]
          +0.059*[#   6]+0.059*[#   7]+0.059*[#   8]
    |psi|^2 = 0.512
==== e(   8) =    13.03170 eV ==== 
     psi = 0.109*[#   2]+0.109*[#   3]+0.109*[#   4]+0.109*[#   6]+0.109*[#   7]
          +0.109*[#   8]+0.046*[#   1]+0.046*[#   5]
    |psi|^2 = 0.746

 k =  -0.0883883476 -0.3535533906  0.5303300859
==== e(   1) =    -2.80878 eV ==== 
     psi = 0.332*[#   1]+0.332*[#   5]+0.055*[#   2]+0.055*[#   3]+0.055*[#   4]
          +0.055*[#   6]+0.055*[#   7]+0.055*[#   8]
    |psi|^2 = 0.996
==== e(   2) =    -0.60241 eV ==== 
     psi = 0.220*[#   1]+0.220*[#   5]+0.092*[#   2]+0.092*[#   3]+0.092*[#   4]
          +0.092*[#   6]+0.092*[#   7]+0.092*[#   8]
    |psi|^2 = 0.992
==== e(   3) =     2.11641 eV ==== 
     psi = 0.154*[#   2]+0.154*[#   3]+0.154*[#   4]+0.154*[#   6]+0.154*[#   7]
          +0.154*[#   8]+0.035*[#   1]+0.035*[#   5]
    |psi|^2 = 0.993
==== e(   4) =     3.58772 eV ==== 
     psi = 0.164*[#   2]+0.164*[#   3]+0.164*[#   4]+0.164*[#   6]+0.164*[#   7]
          +0.164*[#   8]+0.004*[#   1]+0.004*[#   5]
    |psi|^2 = 0.991
==== e(   5) =     8.93844 eV ==== 
     psi = 0.103*[#   2]+0.103*[#   3]+0.103*[#   4]+0.103*[#   6]+0.103*[#   7]
          +0.103*[#   8]+0.081*[#   1]+0.081*[#   5]
    |psi|^2 = 0.778
==== e(   6) =     9.84779 eV ==== 
     psi = 0.096*[#   2]+0.096*[#   3]+0.096*[#   4]+0.096*[#   6]+0.096*[#   7]
          +0.096*[#   8]+0.079*[#   1]+0.079*[#   5]
    |psi|^2 = 0.733
==== e(   7) =    11.99235 eV ==== 
     psi = 0.070*[#   1]+0.070*[#   5]+0.063*[#   2]+0.063*[#   3]+0.063*[#   4]
          +0.063*[#   6]+0.063*[#   7]+0.063*[#   8]
    |psi|^2 = 0.515
==== e(   8) =    12.97951 eV ==== 
     psi = 0.039*[#   2]+0.039*[#   3]+0.039*[#   4]+0.039*[#   6]+0.039*[#   7]
          +0.039*[#   8]+0.016*[#   1]+0.016*[#   5]
    |psi|^2 = 0.263

 k =  -0.0441941738 -0.3093592168  0.4861359121
==== e(   1) =    -3.20524 eV ==== 
     psi = 0.326*[#   1]+0.326*[#   5]+0.057*[#   2]+0.057*[#   3]+0.057*[#   4]
          +0.057*[#   6]+0.057*[#   7]+0.057*[#   8]
    |psi|^2 = 0.995
==== e(   2) =    -0.10234 eV ==== 
     psi = 0.229*[#   1]+0.229*[#   5]+0.089*[#   2]+0.089*[#   3]+0.089*[#   4]
          +0.089*[#   6]+0.089*[#   7]+0.089*[#   8]
    |psi|^2 = 0.993
==== e(   3) =     2.18102 eV ==== 
     psi = 0.155*[#   2]+0.155*[#   3]+0.155*[#   4]+0.155*[#   6]+0.155*[#   7]
          +0.155*[#   8]+0.031*[#   1]+0.031*[#   5]
    |psi|^2 = 0.992
==== e(   4) =     3.79619 eV ==== 
     psi = 0.163*[#   2]+0.163*[#   3]+0.163*[#   4]+0.163*[#   6]+0.163*[#   7]
          +0.163*[#   8]+0.006*[#   1]+0.006*[#   5]
    |psi|^2 = 0.990
==== e(   5) =     9.20600 eV ==== 
     psi = 0.106*[#   2]+0.106*[#   3]+0.106*[#   4]+0.106*[#   6]+0.106*[#   7]
          +0.106*[#   8]+0.072*[#   1]+0.072*[#   5]
    |psi|^2 = 0.780
==== e(   6) =     9.68959 eV ==== 
     psi = 0.103*[#   2]+0.103*[#   3]+0.103*[#   4]+0.103*[#   6]+0.103*[#   7]
          +0.103*[#   8]+0.077*[#   1]+0.077*[#   5]
    |psi|^2 = 0.771
==== e(   7) =    10.96532 eV ==== 
     psi = 0.099*[#   1]+0.099*[#   5]+0.061*[#   2]+0.061*[#   3]+0.061*[#   4]
          +0.061*[#   6]+0.061*[#   7]+0.061*[#   8]
    |psi|^2 = 0.563
==== e(   8) =    12.88884 eV ==== 
     psi = 0.093*[#   2]+0.093*[#   3]+0.093*[#   4]+0.093*[#   6]+0.093*[#   7]
          +0.093*[#   8]+0.023*[#   1]+0.023*[#   5]
    |psi|^2 = 0.604

 k =   0.0000000000 -0.2651650429  0.4419417382
==== e(   1) =    -3.66612 eV ==== 
     psi = 0.328*[#   1]+0.328*[#   5]+0.057*[#   2]+0.057*[#   3]+0.057*[#   4]
          +0.057*[#   6]+0.057*[#   7]+0.057*[#   8]
    |psi|^2 = 0.995
==== e(   2) =     0.48628 eV ==== 
     psi = 0.226*[#   1]+0.226*[#   5]+0.090*[#   2]+0.090*[#   3]+0.090*[#   4]
          +0.090*[#   6]+0.090*[#   7]+0.090*[#   8]
    |psi|^2 = 0.992
==== e(   3) =     2.44412 eV ==== 
     psi = 0.154*[#   2]+0.154*[#   3]+0.154*[#   4]+0.154*[#   6]+0.154*[#   7]
          +0.154*[#   8]+0.032*[#   1]+0.032*[#   5]
    |psi|^2 = 0.992
==== e(   4) =     4.07419 eV ==== 
     psi = 0.163*[#   2]+0.163*[#   3]+0.163*[#   4]+0.163*[#   6]+0.163*[#   7]
          +0.163*[#   8]+0.007*[#   1]+0.007*[#   5]
    |psi|^2 = 0.989
==== e(   5) =     9.34857 eV ==== 
     psi = 0.117*[#   2]+0.117*[#   3]+0.117*[#   4]+0.117*[#   6]+0.117*[#   7]
          +0.117*[#   8]+0.073*[#   1]+0.073*[#   5]
    |psi|^2 = 0.848
==== e(   6) =     9.51499 eV ==== 
     psi = 0.109*[#   2]+0.109*[#   3]+0.109*[#   4]+0.109*[#   6]+0.109*[#   7]
          +0.109*[#   8]+0.070*[#   1]+0.070*[#   5]
    |psi|^2 = 0.796
==== e(   7) =    10.33747 eV ==== 
     psi = 0.114*[#   1]+0.114*[#   5]+0.049*[#   2]+0.049*[#   3]+0.049*[#   4]
          +0.049*[#   6]+0.049*[#   7]+0.049*[#   8]
    |psi|^2 = 0.522
==== e(   8) =    12.50952 eV ==== 
     psi = 0.113*[#   2]+0.113*[#   3]+0.113*[#   4]+0.113*[#   6]+0.113*[#   7]
          +0.113*[#   8]+0.021*[#   1]+0.021*[#   5]
    |psi|^2 = 0.720

 k =  -0.1767766953 -0.5303300859  0.7071067812
==== e(   1) =    -3.26206 eV ==== 
     psi = 0.312*[#   1]+0.312*[#   5]+0.062*[#   2]+0.062*[#   3]+0.062*[#   4]
          +0.062*[#   6]+0.062*[#   7]+0.062*[#   8]
    |psi|^2 = 0.994
==== e(   2) =     0.08118 eV ==== 
     psi = 0.257*[#   1]+0.257*[#   5]+0.080*[#   2]+0.080*[#   3]+0.080*[#   4]
          +0.080*[#   6]+0.080*[#   7]+0.080*[#   8]
    |psi|^2 = 0.992
==== e(   3) =     2.72308 eV ==== 
     psi = 0.158*[#   2]+0.158*[#   3]+0.158*[#   4]+0.158*[#   6]+0.158*[#   7]
          +0.158*[#   8]+0.022*[#   1]+0.022*[#   5]
    |psi|^2 = 0.993
==== e(   4) =     3.31557 eV ==== 
     psi = 0.165*[#   2]+0.165*[#   3]+0.165*[#   4]+0.165*[#   6]+0.165*[#   7]
          +0.165*[#   8]
    |psi|^2 = 0.992
==== e(   5) =     7.96999 eV ==== 
     psi = 0.120*[#   1]+0.120*[#   5]+0.106*[#   2]+0.106*[#   3]+0.106*[#   4]
          +0.106*[#   6]+0.106*[#   7]+0.106*[#   8]
    |psi|^2 = 0.874
==== e(   6) =     8.67476 eV ==== 
     psi = 0.121*[#   1]+0.121*[#   5]+0.062*[#   2]+0.062*[#   3]+0.062*[#   4]
          +0.062*[#   6]+0.062*[#   7]+0.062*[#   8]
    |psi|^2 = 0.617
==== e(   7) =    11.69799 eV ==== 
     psi = 0.105*[#   2]+0.105*[#   3]+0.105*[#   4]+0.105*[#   6]+0.105*[#   7]
          +0.105*[#   8]+0.051*[#   1]+0.051*[#   5]
    |psi|^2 = 0.730
==== e(   8) =    13.90045 eV ==== 
     psi = 0.118*[#   2]+0.118*[#   3]+0.118*[#   4]+0.118*[#   6]+0.118*[#   7]
          +0.118*[#   8]+0.008*[#   1]+0.008*[#   5]
    |psi|^2 = 0.723

 k =  -0.1325825215 -0.4861359121  0.6629126074
==== e(   1) =    -2.79792 eV ==== 
     psi = 0.310*[#   1]+0.310*[#   5]+0.062*[#   2]+0.062*[#   3]+0.062*[#   4]
          +0.062*[#   6]+0.062*[#   7]+0.062*[#   8]
    |psi|^2 = 0.994
==== e(   2) =    -0.45045 eV ==== 
     psi = 0.263*[#   1]+0.263*[#   5]+0.078*[#   2]+0.078*[#   3]+0.078*[#   4]
          +0.078*[#   6]+0.078*[#   7]+0.078*[#   8]
    |psi|^2 = 0.993
==== e(   3) =     2.36255 eV ==== 
     psi = 0.159*[#   2]+0.159*[#   3]+0.159*[#   4]+0.159*[#   6]+0.159*[#   7]
          +0.159*[#   8]+0.018*[#   1]+0.018*[#   5]
    |psi|^2 = 0.993
==== e(   4) =     3.12853 eV ==== 
     psi = 0.165*[#   2]+0.165*[#   3]+0.165*[#   4]+0.165*[#   6]+0.165*[#   7]
          +0.165*[#   8]+0.002*[#   1]+0.002*[#   5]
    |psi|^2 = 0.992
==== e(   5) =     8.26428 eV ==== 
     psi = 0.113*[#   1]+0.113*[#   5]+0.096*[#   2]+0.096*[#   3]+0.096*[#   4]
          +0.096*[#   6]+0.096*[#   7]+0.096*[#   8]
    |psi|^2 = 0.804
==== e(   6) =     9.27417 eV ==== 
     psi = 0.102*[#   1]+0.102*[#   5]+0.073*[#   2]+0.073*[#   3]+0.073*[#   4]
          +0.073*[#   6]+0.073*[#   7]+0.073*[#   8]
    |psi|^2 = 0.639
==== e(   7) =    11.43561 eV ==== 
     psi = 0.099*[#   2]+0.099*[#   3]+0.099*[#   4]+0.099*[#   6]+0.099*[#   7]
          +0.099*[#   8]+0.066*[#   1]+0.066*[#   5]
    |psi|^2 = 0.727
==== e(   8) =    14.23025 eV ==== 
     psi = 0.119*[#   2]+0.119*[#   3]+0.119*[#   4]+0.119*[#   6]+0.119*[#   7]
          +0.119*[#   8]+0.022*[#   1]+0.022*[#   5]
    |psi|^2 = 0.757

 k =  -0.0883883476 -0.4419417382  0.6187184335
==== e(   1) =    -2.40844 eV ==== 
     psi = 0.317*[#   1]+0.317*[#   5]+0.060*[#   2]+0.060*[#   3]+0.060*[#   4]
          +0.060*[#   6]+0.060*[#   7]+0.060*[#   8]
    |psi|^2 = 0.995
==== e(   2) =    -0.86751 eV ==== 
     psi = 0.260*[#   1]+0.260*[#   5]+0.079*[#   2]+0.079*[#   3]+0.079*[#   4]
          +0.079*[#   6]+0.079*[#   7]+0.079*[#   8]
    |psi|^2 = 0.993
==== e(   3) =     2.04254 eV ==== 
     psi = 0.161*[#   2]+0.161*[#   3]+0.161*[#   4]+0.161*[#   6]+0.161*[#   7]
          +0.161*[#   8]+0.012*[#   1]+0.012*[#   5]
    |psi|^2 = 0.993
==== e(   4) =     3.11945 eV ==== 
     psi = 0.164*[#   2]+0.164*[#   3]+0.164*[#   4]+0.164*[#   6]+0.164*[#   7]
          +0.164*[#   8]+0.004*[#   1]+0.004*[#   5]
    |psi|^2 = 0.993
==== e(   5) =     8.41015 eV ==== 
     psi = 0.104*[#   1]+0.104*[#   5]+0.096*[#   2]+0.096*[#   3]+0.096*[#   4]
          +0.096*[#   6]+0.096*[#   7]+0.096*[#   8]
    |psi|^2 = 0.782
==== e(   6) =    10.28763 eV ==== 
     psi = 0.068*[#   2]+0.068*[#   3]+0.068*[#   4]+0.068*[#   6]+0.068*[#   7]
          +0.068*[#   8]+0.063*[#   1]+0.063*[#   5]
    |psi|^2 = 0.535
==== e(   7) =    11.22389 eV ==== 
     psi = 0.096*[#   2]+0.096*[#   3]+0.096*[#   4]+0.096*[#   6]+0.096*[#   7]
          +0.096*[#   8]+0.093*[#   1]+0.093*[#   5]
    |psi|^2 = 0.762
==== e(   8) =    13.36351 eV ==== 
     psi = 0.075*[#   2]+0.075*[#   3]+0.075*[#   4]+0.075*[#   6]+0.075*[#   7]
          +0.075*[#   8]+0.058*[#   1]+0.058*[#   5]
    |psi|^2 = 0.563

 k =  -0.0441941738 -0.3977475644  0.5745242597
==== e(   1) =    -2.38832 eV ==== 
     psi = 0.324*[#   1]+0.324*[#   5]+0.058*[#   2]+0.058*[#   3]+0.058*[#   4]
          +0.058*[#   6]+0.058*[#   7]+0.058*[#   8]
    |psi|^2 = 0.996
==== e(   2) =    -0.88095 eV ==== 
     psi = 0.254*[#   1]+0.254*[#   5]+0.081*[#   2]+0.081*[#   3]+0.081*[#   4]
          +0.081*[#   6]+0.081*[#   7]+0.081*[#   8]
    |psi|^2 = 0.993
==== e(   3) =     1.85621 eV ==== 
     psi = 0.162*[#   2]+0.162*[#   3]+0.162*[#   4]+0.162*[#   6]+0.162*[#   7]
          +0.162*[#   8]+0.009*[#   1]+0.009*[#   5]
    |psi|^2 = 0.993
==== e(   4) =     3.24980 eV ==== 
     psi = 0.164*[#   2]+0.164*[#   3]+0.164*[#   4]+0.164*[#   6]+0.164*[#   7]
          +0.164*[#   8]+0.005*[#   1]+0.005*[#   5]
    |psi|^2 = 0.992
==== e(   5) =     8.60849 eV ==== 
     psi = 0.099*[#   2]+0.099*[#   3]+0.099*[#   4]+0.099*[#   6]+0.099*[#   7]
          +0.099*[#   8]+0.091*[#   1]+0.091*[#   5]
    |psi|^2 = 0.778
==== e(   6) =    10.84917 eV ==== 
     psi = 0.082*[#   2]+0.082*[#   3]+0.082*[#   4]+0.082*[#   6]+0.082*[#   7]
          +0.082*[#   8]+0.032*[#   1]+0.032*[#   5]
    |psi|^2 = 0.558
==== e(   7) =    11.63522 eV ==== 
     psi = 0.093*[#   1]+0.093*[#   5]+0.063*[#   2]+0.063*[#   3]+0.063*[#   4]
          +0.063*[#   6]+0.063*[#   7]+0.063*[#   8]
    |psi|^2 = 0.565
==== e(   8) =    12.16145 eV ==== 
     psi = 0.093*[#   1]+0.093*[#   5]+0.078*[#   2]+0.078*[#   3]+0.078*[#   4]
          +0.078*[#   6]+0.078*[#   7]+0.078*[#   8]
    |psi|^2 = 0.657

 k =   0.0000000000 -0.3535533906  0.5303300859
==== e(   1) =    -2.75210 eV ==== 
     psi = 0.323*[#   1]+0.323*[#   5]+0.058*[#   2]+0.058*[#   3]+0.058*[#   4]
          +0.058*[#   6]+0.058*[#   7]+0.058*[#   8]
    |psi|^2 = 0.995
==== e(   2) =    -0.50961 eV ==== 
     psi = 0.250*[#   1]+0.250*[#   5]+0.082*[#   2]+0.082*[#   3]+0.082*[#   4]
          +0.082*[#   6]+0.082*[#   7]+0.082*[#   8]
    |psi|^2 = 0.994
==== e(   3) =     1.88007 eV ==== 
     psi = 0.161*[#   2]+0.161*[#   3]+0.161*[#   4]+0.161*[#   6]+0.161*[#   7]
          +0.161*[#   8]+0.014*[#   1]+0.014*[#   5]
    |psi|^2 = 0.993
==== e(   4) =     3.48644 eV ==== 
     psi = 0.163*[#   2]+0.163*[#   3]+0.163*[#   4]+0.163*[#   6]+0.163*[#   7]
          +0.163*[#   8]+0.006*[#   1]+0.006*[#   5]
    |psi|^2 = 0.991
==== e(   5) =     8.87941 eV ==== 
     psi = 0.103*[#   2]+0.103*[#   3]+0.103*[#   4]+0.103*[#   6]+0.103*[#   7]
          +0.103*[#   8]+0.079*[#   1]+0.079*[#   5]
    |psi|^2 = 0.777
==== e(   6) =    10.53060 eV ==== 
     psi = 0.101*[#   2]+0.101*[#   3]+0.101*[#   4]+0.101*[#   6]+0.101*[#   7]
          +0.101*[#   8]+0.049*[#   1]+0.049*[#   5]
    |psi|^2 = 0.701
==== e(   7) =    11.18010 eV ==== 
     psi = 0.103*[#   1]+0.103*[#   5]+0.059*[#   2]+0.059*[#   3]+0.059*[#   4]
          +0.059*[#   6]+0.059*[#   7]+0.059*[#   8]
    |psi|^2 = 0.556
==== e(   8) =    12.97867 eV ==== 
     psi = 0.063*[#   1]+0.063*[#   5]+0.046*[#   2]+0.046*[#   3]+0.046*[#   4]
          +0.046*[#   6]+0.046*[#   7]+0.046*[#   8]
    |psi|^2 = 0.402

 k =  -0.0883883476 -0.5303300859  0.7071067812
==== e(   1) =    -2.49760 eV ==== 
     psi = 0.300*[#   1]+0.300*[#   5]+0.066*[#   2]+0.066*[#   3]+0.066*[#   4]
          +0.066*[#   6]+0.066*[#   7]+0.066*[#   8]
    |psi|^2 = 0.994
==== e(   2) =    -0.79252 eV ==== 
     psi = 0.276*[#   1]+0.276*[#   5]+0.074*[#   2]+0.074*[#   3]+0.074*[#   4]
          +0.074*[#   6]+0.074*[#   7]+0.074*[#   8]
    |psi|^2 = 0.993
==== e(   3) =     2.61720 eV ==== 
     psi = 0.161*[#   2]+0.161*[#   3]+0.161*[#   4]+0.161*[#   6]+0.161*[#   7]
          +0.161*[#   8]+0.014*[#   1]+0.014*[#   5]
    |psi|^2 = 0.993
==== e(   4) =     2.90103 eV ==== 
     psi = 0.165*[#   2]+0.165*[#   3]+0.165*[#   4]+0.165*[#   6]+0.165*[#   7]
          +0.165*[#   8]
    |psi|^2 = 0.993
==== e(   5) =     7.91192 eV ==== 
     psi = 0.129*[#   1]+0.129*[#   5]+0.096*[#   2]+0.096*[#   3]+0.096*[#   4]
          +0.096*[#   6]+0.096*[#   7]+0.096*[#   8]
    |psi|^2 = 0.835
==== e(   6) =     8.25158 eV ==== 
     psi = 0.128*[#   1]+0.128*[#   5]+0.075*[#   2]+0.075*[#   3]+0.075*[#   4]
          +0.075*[#   6]+0.075*[#   7]+0.075*[#   8]
    |psi|^2 = 0.705
==== e(   7) =    12.68871 eV ==== 
     psi = 0.094*[#   2]+0.094*[#   3]+0.094*[#   4]+0.094*[#   6]+0.094*[#   7]
          +0.094*[#   8]+0.043*[#   1]+0.043*[#   5]
    |psi|^2 = 0.652
==== e(   8) =    14.80217 eV ==== 
     psi = 0.123*[#   2]+0.123*[#   3]+0.123*[#   4]+0.123*[#   6]+0.123*[#   7]
          +0.123*[#   8]+0.029*[#   1]+0.029*[#   5]
    |psi|^2 = 0.793

 k =  -0.0441941738 -0.4861359121  0.6629126074
==== e(   1) =    -2.05731 eV ==== 
     psi = 0.302*[#   1]+0.302*[#   5]+0.065*[#   2]+0.065*[#   3]+0.065*[#   4]
          +0.065*[#   6]+0.065*[#   7]+0.065*[#   8]
    |psi|^2 = 0.994
==== e(   2) =    -1.21104 eV ==== 
     psi = 0.281*[#   1]+0.281*[#   5]+0.072*[#   2]+0.072*[#   3]+0.072*[#   4]
          +0.072*[#   6]+0.072*[#   7]+0.072*[#   8]
    |psi|^2 = 0.994
==== e(   3) =     2.24306 eV ==== 
     psi = 0.164*[#   2]+0.164*[#   3]+0.164*[#   4]+0.164*[#   6]+0.164*[#   7]
          +0.164*[#   8]+0.005*[#   1]+0.005*[#   5]
    |psi|^2 = 0.994
==== e(   4) =     2.84357 eV ==== 
     psi = 0.164*[#   2]+0.164*[#   3]+0.164*[#   4]+0.164*[#   6]+0.164*[#   7]
          +0.164*[#   8]+0.005*[#   1]+0.005*[#   5]
    |psi|^2 = 0.993
==== e(   5) =     8.15951 eV ==== 
     psi = 0.119*[#   1]+0.119*[#   5]+0.091*[#   2]+0.091*[#   3]+0.091*[#   4]
          +0.091*[#   6]+0.091*[#   7]+0.091*[#   8]
    |psi|^2 = 0.783
==== e(   6) =     9.07240 eV ==== 
     psi = 0.107*[#   1]+0.107*[#   5]+0.080*[#   2]+0.080*[#   3]+0.080*[#   4]
          +0.080*[#   6]+0.080*[#   7]+0.080*[#   8]
    |psi|^2 = 0.691
==== e(   7) =    12.43345 eV ==== 
     psi = 0.089*[#   2]+0.089*[#   3]+0.089*[#   4]+0.089*[#   6]+0.089*[#   7]
          +0.089*[#   8]+0.055*[#   1]+0.055*[#   5]
    |psi|^2 = 0.643
==== e(   8) =    13.54091 eV ==== 
     psi = 0.077*[#   2]+0.077*[#   3]+0.077*[#   4]+0.077*[#   6]+0.077*[#   7]
          +0.077*[#   8]+0.047*[#   1]+0.047*[#   5]
    |psi|^2 = 0.557

 k =   0.0000000000 -0.4419417382  0.6187184335
==== e(   1) =    -2.00987 eV ==== 
     psi = 0.315*[#   1]+0.315*[#   5]+0.061*[#   2]+0.061*[#   3]+0.061*[#   4]
          +0.061*[#   6]+0.061*[#   7]+0.061*[#   8]
    |psi|^2 = 0.995
==== e(   2) =    -1.22936 eV ==== 
     psi = 0.271*[#   1]+0.271*[#   5]+0.075*[#   2]+0.075*[#   3]+0.075*[#   4]
          +0.075*[#   6]+0.075*[#   7]+0.075*[#   8]
    |psi|^2 = 0.994
==== e(   3) =     1.92289 eV ==== 
     psi = 0.166*[#   2]+0.166*[#   3]+0.166*[#   4]+0.166*[#   6]+0.166*[#   7]
          +0.166*[#   8]
    |psi|^2 = 0.993
==== e(   4) =     2.99218 eV ==== 
     psi = 0.164*[#   2]+0.164*[#   3]+0.164*[#   4]+0.164*[#   6]+0.164*[#   7]
          +0.164*[#   8]+0.006*[#   1]+0.006*[#   5]
    |psi|^2 = 0.993
==== e(   5) =     8.34506 eV ==== 
     psi = 0.105*[#   1]+0.105*[#   5]+0.095*[#   2]+0.095*[#   3]+0.095*[#   4]
          +0.095*[#   6]+0.095*[#   7]+0.095*[#   8]
    |psi|^2 = 0.779
==== e(   6) =    10.22207 eV ==== 
     psi = 0.074*[#   1]+0.074*[#   5]+0.069*[#   2]+0.069*[#   3]+0.069*[#   4]
          +0.069*[#   6]+0.069*[#   7]+0.069*[#   8]
    |psi|^2 = 0.562
==== e(   7) =    12.10562 eV ==== 
     psi = 0.097*[#   2]+0.097*[#   3]+0.097*[#   4]+0.097*[#   6]+0.097*[#   7]
          +0.097*[#   8]+0.069*[#   1]+0.069*[#   5]
    |psi|^2 = 0.718
==== e(   8) =    12.36955 eV ==== 
     psi = 0.072*[#   1]+0.072*[#   5]+0.070*[#   2]+0.070*[#   3]+0.070*[#   4]
          +0.070*[#   6]+0.070*[#   7]+0.070*[#   8]
    |psi|^2 = 0.563

 k =  -0.7071067812  0.1767766953  0.0000000000
==== e(   1) =    -1.66418 eV ==== 
     psi = 0.289*[#   1]+0.289*[#   5]+0.069*[#   2]+0.069*[#   3]+0.069*[#   4]
          +0.069*[#   6]+0.069*[#   7]+0.069*[#   8]
    |psi|^2 = 0.994
==== e(   2) =    -1.66418 eV ==== 
     psi = 0.289*[#   1]+0.289*[#   5]+0.069*[#   2]+0.069*[#   3]+0.069*[#   4]
          +0.069*[#   6]+0.069*[#   7]+0.069*[#   8]
    |psi|^2 = 0.994
==== e(   3) =     2.67168 eV ==== 
     psi = 0.163*[#   2]+0.163*[#   3]+0.163*[#   4]+0.163*[#   6]+0.163*[#   7]
          +0.163*[#   8]+0.006*[#   1]+0.006*[#   5]
    |psi|^2 = 0.993
==== e(   4) =     2.67168 eV ==== 
     psi = 0.163*[#   2]+0.163*[#   3]+0.163*[#   4]+0.163*[#   6]+0.163*[#   7]
          +0.163*[#   8]+0.006*[#   1]+0.006*[#   5]
    |psi|^2 = 0.993
==== e(   5) =     8.00116 eV ==== 
     psi = 0.131*[#   1]+0.131*[#   5]+0.086*[#   2]+0.086*[#   3]+0.086*[#   4]
          +0.086*[#   6]+0.086*[#   7]+0.086*[#   8]
    |psi|^2 = 0.779
==== e(   6) =     8.00116 eV ==== 
     psi = 0.131*[#   1]+0.131*[#   5]+0.086*[#   2]+0.086*[#   3]+0.086*[#   4]
          +0.086*[#   6]+0.086*[#   7]+0.086*[#   8]
    |psi|^2 = 0.779
==== e(   7) =    13.76380 eV ==== 
     psi = 0.085*[#   2]+0.085*[#   3]+0.085*[#   4]+0.085*[#   6]+0.085*[#   7]
          +0.085*[#   8]+0.036*[#   1]+0.036*[#   5]
    |psi|^2 = 0.580
==== e(   8) =    13.76380 eV ==== 
     psi = 0.085*[#   2]+0.085*[#   3]+0.085*[#   4]+0.085*[#   6]+0.085*[#   7]
          +0.085*[#   8]+0.036*[#   1]+0.036*[#   5]
    |psi|^2 = 0.580

 k =  -0.1767766953 -0.4419417382  0.7071067812
==== e(   1) =    -3.03619 eV ==== 
     psi = 0.317*[#   1]+0.317*[#   5]+0.060*[#   2]+0.060*[#   3]+0.060*[#   4]
          +0.060*[#   6]+0.060*[#   7]+0.060*[#   8]
    |psi|^2 = 0.995
==== e(   2) =    -0.18342 eV ==== 
     psi = 0.253*[#   1]+0.253*[#   5]+0.081*[#   2]+0.081*[#   3]+0.081*[#   4]
          +0.081*[#   6]+0.081*[#   7]+0.081*[#   8]
    |psi|^2 = 0.993
==== e(   3) =     2.23569 eV ==== 
     psi = 0.158*[#   2]+0.158*[#   3]+0.158*[#   4]+0.158*[#   6]+0.158*[#   7]
          +0.158*[#   8]+0.022*[#   1]+0.022*[#   5]
    |psi|^2 = 0.993
==== e(   4) =     3.33827 eV ==== 
     psi = 0.164*[#   2]+0.164*[#   3]+0.164*[#   4]+0.164*[#   6]+0.164*[#   7]
          +0.164*[#   8]+0.003*[#   1]+0.003*[#   5]
    |psi|^2 = 0.992
==== e(   5) =     9.17381 eV ==== 
     psi = 0.106*[#   2]+0.106*[#   3]+0.106*[#   4]+0.106*[#   6]+0.106*[#   7]
          +0.106*[#   8]+0.087*[#   1]+0.087*[#   5]
    |psi|^2 = 0.811
==== e(   6) =     9.74722 eV ==== 
     psi = 0.068*[#   2]+0.068*[#   3]+0.068*[#   4]+0.068*[#   6]+0.068*[#   7]
          +0.068*[#   8]+0.049*[#   1]+0.049*[#   5]
    |psi|^2 = 0.508
==== e(   7) =    10.29558 eV ==== 
     psi = 0.127*[#   1]+0.127*[#   5]+0.096*[#   2]+0.096*[#   3]+0.096*[#   4]
          +0.096*[#   6]+0.096*[#   7]+0.096*[#   8]
    |psi|^2 = 0.833
==== e(   8) =    13.84142 eV ==== 
     psi = 0.104*[#   2]+0.104*[#   3]+0.104*[#   4]+0.104*[#   6]+0.104*[#   7]
          +0.104*[#   8]+0.014*[#   1]+0.014*[#   5]
    |psi|^2 = 0.654

 k =  -0.1325825215 -0.3977475644  0.6629126074
==== e(   1) =    -2.59405 eV ==== 
     psi = 0.318*[#   1]+0.318*[#   5]+0.060*[#   2]+0.060*[#   3]+0.060*[#   4]
          +0.060*[#   6]+0.060*[#   7]+0.060*[#   8]
    |psi|^2 = 0.995
==== e(   2) =    -0.65643 eV ==== 
     psi = 0.258*[#   1]+0.258*[#   5]+0.080*[#   2]+0.080*[#   3]+0.080*[#   4]
          +0.080*[#   6]+0.080*[#   7]+0.080*[#   8]
    |psi|^2 = 0.993
==== e(   3) =     2.03780 eV ==== 
     psi = 0.160*[#   2]+0.160*[#   3]+0.160*[#   4]+0.160*[#   6]+0.160*[#   7]
          +0.160*[#   8]+0.017*[#   1]+0.017*[#   5]
    |psi|^2 = 0.993
==== e(   4) =     3.10279 eV ==== 
     psi = 0.165*[#   2]+0.165*[#   3]+0.165*[#   4]+0.165*[#   6]+0.165*[#   7]
          +0.165*[#   8]+0.003*[#   1]+0.003*[#   5]
    |psi|^2 = 0.992
==== e(   5) =     9.47897 eV ==== 
     psi = 0.097*[#   2]+0.097*[#   3]+0.097*[#   4]+0.097*[#   6]+0.097*[#   7]
          +0.097*[#   8]+0.062*[#   1]+0.062*[#   5]
    |psi|^2 = 0.702
==== e(   6) =     9.90440 eV ==== 
     psi = 0.097*[#   2]+0.097*[#   3]+0.097*[#   4]+0.097*[#   6]+0.097*[#   7]
          +0.097*[#   8]+0.060*[#   1]+0.060*[#   5]
    |psi|^2 = 0.700
==== e(   7) =    10.66844 eV ==== 
     psi = 0.124*[#   1]+0.124*[#   5]+0.071*[#   2]+0.071*[#   3]+0.071*[#   4]
          +0.071*[#   6]+0.071*[#   7]+0.071*[#   8]
    |psi|^2 = 0.672
==== e(   8) =    13.14497 eV ==== 
     psi = 0.065*[#   1]+0.065*[#   5]+0.060*[#   2]+0.060*[#   3]+0.060*[#   4]
          +0.060*[#   6]+0.060*[#   7]+0.060*[#   8]
    |psi|^2 = 0.490

 k =  -0.0883883476 -0.3535533906  0.6187184335
==== e(   1) =    -2.36745 eV ==== 
     psi = 0.323*[#   1]+0.323*[#   5]+0.058*[#   2]+0.058*[#   3]+0.058*[#   4]
          +0.058*[#   6]+0.058*[#   7]+0.058*[#   8]
    |psi|^2 = 0.996
==== e(   2) =    -0.89838 eV ==== 
     psi = 0.254*[#   1]+0.254*[#   5]+0.081*[#   2]+0.081*[#   3]+0.081*[#   4]
          +0.081*[#   6]+0.081*[#   7]+0.081*[#   8]
    |psi|^2 = 0.993
==== e(   3) =     1.97875 eV ==== 
     psi = 0.160*[#   2]+0.160*[#   3]+0.160*[#   4]+0.160*[#   6]+0.160*[#   7]
          +0.160*[#   8]+0.016*[#   1]+0.016*[#   5]
    |psi|^2 = 0.993
==== e(   4) =     3.01734 eV ==== 
     psi = 0.165*[#   2]+0.165*[#   3]+0.165*[#   4]+0.165*[#   6]+0.165*[#   7]
          +0.165*[#   8]+0.002*[#   1]+0.002*[#   5]
    |psi|^2 = 0.993
==== e(   5) =     9.56564 eV ==== 
     psi = 0.101*[#   2]+0.101*[#   3]+0.101*[#   4]+0.101*[#   6]+0.101*[#   7]
          +0.101*[#   8]+0.017*[#   1]+0.017*[#   5]
    |psi|^2 = 0.638
==== e(   6) =     9.79796 eV ==== 
     psi = 0.127*[#   1]+0.127*[#   5]+0.089*[#   2]+0.089*[#   3]+0.089*[#   4]
          +0.089*[#   6]+0.089*[#   7]+0.089*[#   8]
    |psi|^2 = 0.789
==== e(   7) =    11.62727 eV ==== 
     psi = 0.054*[#   2]+0.054*[#   3]+0.054*[#   4]+0.054*[#   6]+0.054*[#   7]
          +0.054*[#   8]+0.049*[#   1]+0.049*[#   5]
    |psi|^2 = 0.422
==== e(   8) =    12.02337 eV ==== 
     psi = 0.120*[#   1]+0.120*[#   5]+0.082*[#   2]+0.082*[#   3]+0.082*[#   4]
          +0.082*[#   6]+0.082*[#   7]+0.082*[#   8]
    |psi|^2 = 0.729

 k =  -0.0883883476 -0.4419417382  0.7071067812
==== e(   1) =    -2.33898 eV ==== 
     psi = 0.307*[#   1]+0.307*[#   5]+0.063*[#   2]+0.063*[#   3]+0.063*[#   4]
          +0.063*[#   6]+0.063*[#   7]+0.063*[#   8]
    |psi|^2 = 0.995
==== e(   2) =    -0.88067 eV ==== 
     psi = 0.278*[#   1]+0.278*[#   5]+0.073*[#   2]+0.073*[#   3]+0.073*[#   4]
          +0.073*[#   6]+0.073*[#   7]+0.073*[#   8]
    |psi|^2 = 0.994
==== e(   3) =     2.20143 eV ==== 
     psi = 0.162*[#   2]+0.162*[#   3]+0.162*[#   4]+0.162*[#   6]+0.162*[#   7]
          +0.162*[#   8]+0.011*[#   1]+0.011*[#   5]
    |psi|^2 = 0.993
==== e(   4) =     2.74715 eV ==== 
     psi = 0.166*[#   2]+0.166*[#   3]+0.166*[#   4]+0.166*[#   6]+0.166*[#   7]
          +0.166*[#   8]
    |psi|^2 = 0.993
==== e(   5) =     9.11356 eV ==== 
     psi = 0.096*[#   2]+0.096*[#   3]+0.096*[#   4]+0.096*[#   6]+0.096*[#   7]
          +0.096*[#   8]+0.094*[#   1]+0.094*[#   5]
    |psi|^2 = 0.763
==== e(   6) =     9.39785 eV ==== 
     psi = 0.085*[#   1]+0.085*[#   5]+0.074*[#   2]+0.074*[#   3]+0.074*[#   4]
          +0.074*[#   6]+0.074*[#   7]+0.074*[#   8]
    |psi|^2 = 0.616
==== e(   7) =    11.16118 eV ==== 
     psi = 0.094*[#   2]+0.094*[#   3]+0.094*[#   4]+0.094*[#   6]+0.094*[#   7]
          +0.094*[#   8]+0.086*[#   1]+0.086*[#   5]
    |psi|^2 = 0.734
==== e(   8) =    13.31044 eV ==== 
     psi = 0.069*[#   2]+0.069*[#   3]+0.069*[#   4]+0.069*[#   6]+0.069*[#   7]
          +0.069*[#   8]+0.057*[#   1]+0.057*[#   5]
    |psi|^2 = 0.525

 k =  -0.0441941738 -0.3977475644  0.6629126074
==== e(   1) =    -1.99451 eV ==== 
     psi = 0.310*[#   1]+0.310*[#   5]+0.063*[#   2]+0.063*[#   3]+0.063*[#   4]
          +0.063*[#   6]+0.063*[#   7]+0.063*[#   8]
    |psi|^2 = 0.995
==== e(   2) =    -1.20169 eV ==== 
     psi = 0.282*[#   1]+0.282*[#   5]+0.072*[#   2]+0.072*[#   3]+0.072*[#   4]
          +0.072*[#   6]+0.072*[#   7]+0.072*[#   8]
    |psi|^2 = 0.994
==== e(   3) =     2.04541 eV ==== 
     psi = 0.165*[#   2]+0.165*[#   3]+0.165*[#   4]+0.165*[#   6]+0.165*[#   7]
          +0.165*[#   8]+0.003*[#   1]+0.003*[#   5]
    |psi|^2 = 0.993
==== e(   4) =     2.62916 eV ==== 
     psi = 0.165*[#   2]+0.165*[#   3]+0.165*[#   4]+0.165*[#   6]+0.165*[#   7]
          +0.165*[#   8]+0.002*[#   1]+0.002*[#   5]
    |psi|^2 = 0.993
==== e(   5) =     9.38261 eV ==== 
     psi = 0.091*[#   2]+0.091*[#   3]+0.091*[#   4]+0.091*[#   6]+0.091*[#   7]
          +0.091*[#   8]+0.074*[#   1]+0.074*[#   5]
    |psi|^2 = 0.695
==== e(   6) =    10.30754 eV ==== 
     psi = 0.076*[#   2]+0.076*[#   3]+0.076*[#   4]+0.076*[#   6]+0.076*[#   7]
          +0.076*[#   8]+0.033*[#   1]+0.033*[#   5]
    |psi|^2 = 0.519
==== e(   7) =    10.98922 eV ==== 
     psi = 0.128*[#   1]+0.128*[#   5]+0.089*[#   2]+0.089*[#   3]+0.089*[#   4]
          +0.089*[#   6]+0.089*[#   7]+0.089*[#   8]
    |psi|^2 = 0.787
==== e(   8) =    11.98887 eV ==== 
     psi = 0.086*[#   1]+0.086*[#   5]+0.077*[#   2]+0.077*[#   3]+0.077*[#   4]
          +0.077*[#   6]+0.077*[#   7]+0.077*[#   8]
    |psi|^2 = 0.633

 k =  -0.0000000000 -0.3535533906  0.6187184335
==== e(   1) =    -2.16383 eV ==== 
     psi = 0.314*[#   1]+0.314*[#   5]+0.061*[#   2]+0.061*[#   3]+0.061*[#   4]
          +0.061*[#   6]+0.061*[#   7]+0.061*[#   8]
    |psi|^2 = 0.995
==== e(   2) =    -1.03416 eV ==== 
     psi = 0.275*[#   1]+0.275*[#   5]+0.074*[#   2]+0.074*[#   3]+0.074*[#   4]
          +0.074*[#   6]+0.074*[#   7]+0.074*[#   8]
    |psi|^2 = 0.994
==== e(   3) =     1.94724 eV ==== 
     psi = 0.164*[#   2]+0.164*[#   3]+0.164*[#   4]+0.164*[#   6]+0.164*[#   7]
          +0.164*[#   8]+0.004*[#   1]+0.004*[#   5]
    |psi|^2 = 0.993
==== e(   4) =     2.78377 eV ==== 
     psi = 0.165*[#   2]+0.165*[#   3]+0.165*[#   4]+0.165*[#   6]+0.165*[#   7]
          +0.165*[#   8]+0.003*[#   1]+0.003*[#   5]
    |psi|^2 = 0.993
==== e(   5) =     9.59297 eV ==== 
     psi = 0.096*[#   2]+0.096*[#   3]+0.096*[#   4]+0.096*[#   6]+0.096*[#   7]
          +0.096*[#   8]+0.051*[#   1]+0.051*[#   5]
    |psi|^2 = 0.675
==== e(   6) =    10.44805 eV ==== 
     psi = 0.088*[#   2]+0.088*[#   3]+0.088*[#   4]+0.088*[#   6]+0.088*[#   7]
          +0.088*[#   8]+0.039*[#   1]+0.039*[#   5]
    |psi|^2 = 0.606
==== e(   7) =    10.88607 eV ==== 
     psi = 0.122*[#   1]+0.122*[#   5]+0.071*[#   2]+0.071*[#   3]+0.071*[#   4]
          +0.071*[#   6]+0.071*[#   7]+0.071*[#   8]
    |psi|^2 = 0.670
==== e(   8) =    11.81328 eV ==== 
     psi = 0.106*[#   1]+0.106*[#   5]+0.075*[#   2]+0.075*[#   3]+0.075*[#   4]
          +0.075*[#   6]+0.075*[#   7]+0.075*[#   8]
    |psi|^2 = 0.660

 k =  -0.7071067812  0.2651650429  0.0000000000
==== e(   1) =    -1.60785 eV ==== 
     psi = 0.295*[#   1]+0.295*[#   5]+0.067*[#   2]+0.067*[#   3]+0.067*[#   4]
          +0.067*[#   6]+0.067*[#   7]+0.067*[#   8]
    |psi|^2 = 0.994
==== e(   2) =    -1.60785 eV ==== 
     psi = 0.295*[#   1]+0.295*[#   5]+0.067*[#   2]+0.067*[#   3]+0.067*[#   4]
          +0.067*[#   6]+0.067*[#   7]+0.067*[#   8]
    |psi|^2 = 0.994
==== e(   3) =     2.36556 eV ==== 
     psi = 0.165*[#   2]+0.165*[#   3]+0.165*[#   4]+0.165*[#   6]+0.165*[#   7]
          +0.165*[#   8]+0.003*[#   1]+0.003*[#   5]
    |psi|^2 = 0.994
==== e(   4) =     2.36556 eV ==== 
     psi = 0.165*[#   2]+0.165*[#   3]+0.165*[#   4]+0.165*[#   6]+0.165*[#   7]
          +0.165*[#   8]+0.003*[#   1]+0.003*[#   5]
    |psi|^2 = 0.994
==== e(   5) =     9.18446 eV ==== 
     psi = 0.094*[#   1]+0.094*[#   5]+0.085*[#   2]+0.085*[#   3]+0.085*[#   4]
          +0.085*[#   6]+0.085*[#   7]+0.085*[#   8]
    |psi|^2 = 0.698
==== e(   6) =     9.18446 eV ==== 
     psi = 0.094*[#   1]+0.094*[#   5]+0.085*[#   2]+0.085*[#   3]+0.085*[#   4]
          +0.085*[#   6]+0.085*[#   7]+0.085*[#   8]
    |psi|^2 = 0.698
==== e(   7) =    12.17967 eV ==== 
     psi = 0.082*[#   2]+0.082*[#   3]+0.082*[#   4]+0.082*[#   6]+0.082*[#   7]
          +0.082*[#   8]+0.069*[#   1]+0.069*[#   5]
    |psi|^2 = 0.632
==== e(   8) =    12.17967 eV ==== 
     psi = 0.082*[#   2]+0.082*[#   3]+0.082*[#   4]+0.082*[#   6]+0.082*[#   7]
          +0.082*[#   8]+0.069*[#   1]+0.069*[#   5]
    |psi|^2 = 0.632

 k =  -0.7071067812  0.3535533906  0.0000000000
==== e(   1) =    -1.58334 eV ==== 
     psi = 0.298*[#   1]+0.298*[#   5]+0.066*[#   2]+0.066*[#   3]+0.066*[#   4]
          +0.066*[#   6]+0.066*[#   7]+0.066*[#   8]
    |psi|^2 = 0.995
==== e(   2) =    -1.58334 eV ==== 
     psi = 0.298*[#   1]+0.298*[#   5]+0.066*[#   2]+0.066*[#   3]+0.066*[#   4]
          +0.066*[#   6]+0.066*[#   7]+0.066*[#   8]
    |psi|^2 = 0.995
==== e(   3) =     2.24971 eV ==== 
     psi = 0.166*[#   2]+0.166*[#   3]+0.166*[#   4]+0.166*[#   6]+0.166*[#   7]
          +0.166*[#   8]
    |psi|^2 = 0.994
==== e(   4) =     2.24971 eV ==== 
     psi = 0.166*[#   2]+0.166*[#   3]+0.166*[#   4]+0.166*[#   6]+0.166*[#   7]
          +0.166*[#   8]
    |psi|^2 = 0.994
==== e(   5) =    10.29191 eV ==== 
     psi = 0.080*[#   2]+0.080*[#   3]+0.080*[#   4]+0.080*[#   6]+0.080*[#   7]
          +0.080*[#   8]
    |psi|^2 = 0.483
==== e(   6) =    10.29191 eV ==== 
     psi = 0.080*[#   2]+0.080*[#   3]+0.080*[#   4]+0.080*[#   6]+0.080*[#   7]
          +0.080*[#   8]
    |psi|^2 = 0.483
==== e(   7) =    10.93946 eV ==== 
     psi = 0.161*[#   1]+0.161*[#   5]+0.087*[#   2]+0.087*[#   3]+0.087*[#   4]
          +0.087*[#   6]+0.087*[#   7]+0.087*[#   8]
    |psi|^2 = 0.843
==== e(   8) =    10.93946 eV ==== 
     psi = 0.161*[#   1]+0.161*[#   5]+0.087*[#   2]+0.087*[#   3]+0.087*[#   4]
          +0.087*[#   6]+0.087*[#   7]+0.087*[#   8]
    |psi|^2 = 0.843

Lowdin Charges: 

     Atom #   1: total charge =   3.9644, s =  1.1603, 
     Atom #   1: total charge =   3.9644, p =  2.8041, pz=  0.9347, px=  0.9347, py=  0.9347, 
     Atom #   2: total charge =   3.9644, s =  1.1603, 
     Atom #   2: total charge =   3.9644, p =  2.8041, pz=  0.9347, px=  0.9347, py=  0.9347, 
     Spilling Parameter:   0.0089

     PROJWFC      :      0.33s CPU      0.41s WALL


   This run was terminated on:  16: 0:52  21Oct2025            

=------------------------------------------------------------------------------=
   JOB DONE.
=------------------------------------------------------------------------------=
