#  E (eV)   dos(E)     Int dos(E) EFermi =    6.317 eV
 -20.000  0.9182E-85  0.9182E-87
 -19.990  0.9182E-85  0.1836E-86
 -19.980  0.9182E-85  0.2755E-86
 -19.970  0.9182E-85  0.3673E-86
 -19.960  0.9182E-85  0.4591E-86
 -19.950  0.9182E-85  0.5509E-86
 -19.940  0.9182E-85  0.6427E-86
 -19.930  0.9182E-85  0.7345E-86
 -19.920  0.9182E-85  0.8264E-86
 -19.910  0.9182E-85  0.9182E-86
 -19.900  0.9182E-85  0.1010E-85
 -19.890  0.9182E-85  0.1102E-85
 -19.880  0.9182E-85  0.1194E-85
 -19.870  0.9182E-85  0.1285E-85
 -19.860  0.9182E-85  0.1377E-85
 -19.850  0.9182E-85  0.1469E-85
 -19.840  0.9182E-85  0.1561E-85
 -19.830  0.9182E-85  0.1653E-85
 -19.820  0.9182E-85  0.1745E-85
 -19.810  0.9182E-85  0.1836E-85
 -19.800  0.9182E-85  0.1928E-85
 -19.790  0.9182E-85  0.2020E-85
 -19.780  0.9182E-85  0.2112E-85
 -19.770  0.9182E-85  0.2204E-85
 -19.760  0.9182E-85  0.2295E-85
 -19.750  0.9182E-85  0.2387E-85
 -19.740  0.9182E-85  0.2479E-85
 -19.730  0.9182E-85  0.2571E-85
 -19.720  0.9182E-85  0.2663E-85
 -19.710  0.9182E-85  0.2755E-85
 -19.700  0.9182E-85  0.2846E-85
 -19.690  0.9182E-85  0.2938E-85
 -19.680  0.9182E-85  0.3030E-85
 -19.670  0.9182E-85  0.3122E-85
 -19.660  0.9182E-85  0.3214E-85
 -19.650  0.9182E-85  0.3305E-85
 -19.640  0.9182E-85  0.3397E-85
 -19.630  0.9182E-85  0.3489E-85
 -19.620  0.9182E-85  0.3581E-85
 -19.610  0.9182E-85  0.3673E-85
 -19.600  0.9182E-85  0.3765E-85
 -19.590  0.9182E-85  0.3856E-85
 -19.580  0.9182E-85  0.3948E-85
 -19.570  0.9182E-85  0.4040E-85
 -19.560  0.9182E-85  0.4132E-85
 -19.550  0.9182E-85  0.4224E-85
 -19.540  0.9182E-85  0.4315E-85
 -19.530  0.9182E-85  0.4407E-85
 -19.520  0.9182E-85  0.4499E-85
 -19.510  0.9182E-85  0.4591E-85
 -19.500  0.9182E-85  0.4683E-85
 -19.490  0.9182E-85  0.4775E-85
 -19.480  0.9182E-85  0.4866E-85
 -19.470  0.9182E-85  0.4958E-85
 -19.460  0.9182E-85  0.5050E-85
 -19.450  0.9182E-85  0.5142E-85
 -19.440  0.9182E-85  0.5234E-85
 -19.430  0.9182E-85  0.5325E-85
 -19.420  0.9182E-85  0.5417E-85
 -19.410  0.9182E-85  0.5509E-85
 -19.400  0.9182E-85  0.5601E-85
 -19.390  0.9182E-85  0.5693E-85
 -19.380  0.9182E-85  0.5785E-85
 -19.370  0.9182E-85  0.5876E-85
 -19.360  0.9182E-85  0.5968E-85
 -19.350  0.9182E-85  0.6060E-85
 -19.340  0.9182E-85  0.6152E-85
 -19.330  0.9182E-85  0.6244E-85
 -19.320  0.9182E-85  0.6335E-85
 -19.310  0.9182E-85  0.6427E-85
 -19.300  0.9182E-85  0.6519E-85
 -19.290  0.9182E-85  0.6611E-85
 -19.280  0.9182E-85  0.6703E-85
 -19.270  0.9182E-85  0.6795E-85
 -19.260  0.9182E-85  0.6886E-85
 -19.250  0.9182E-85  0.6978E-85
 -19.240  0.9182E-85  0.7070E-85
 -19.230  0.9182E-85  0.7162E-85
 -19.220  0.9182E-85  0.7254E-85
 -19.210  0.9182E-85  0.7345E-85
 -19.200  0.9182E-85  0.7437E-85
 -19.190  0.9182E-85  0.7529E-85
 -19.180  0.9182E-85  0.7621E-85
 -19.170  0.9182E-85  0.7713E-85
 -19.160  0.9182E-85  0.7805E-85
 -19.150  0.9182E-85  0.7896E-85
 -19.140  0.9182E-85  0.7988E-85
 -19.130  0.9182E-85  0.8080E-85
 -19.120  0.9182E-85  0.8172E-85
 -19.110  0.9182E-85  0.8264E-85
 -19.100  0.9182E-85  0.8355E-85
 -19.090  0.9182E-85  0.8447E-85
 -19.080  0.9182E-85  0.8539E-85
 -19.070  0.9182E-85  0.8631E-85
 -19.060  0.9182E-85  0.8723E-85
 -19.050  0.9182E-85  0.8815E-85
 -19.040  0.9182E-85  0.8906E-85
 -19.030  0.9182E-85  0.8998E-85
 -19.020  0.9182E-85  0.9090E-85
 -19.010  0.9182E-85  0.9182E-85
 -19.000  0.9182E-85  0.9274E-85
 -18.990  0.9182E-85  0.9365E-85
 -18.980  0.9182E-85  0.9457E-85
 -18.970  0.9182E-85  0.9549E-85
 -18.960  0.9182E-85  0.9641E-85
 -18.950  0.9182E-85  0.9733E-85
 -18.940  0.9182E-85  0.9825E-85
 -18.930  0.9182E-85  0.9916E-85
 -18.920  0.9182E-85  0.1001E-84
 -18.910  0.9182E-85  0.1010E-84
 -18.900  0.9182E-85  0.1019E-84
 -18.890  0.9182E-85  0.1028E-84
 -18.880  0.9182E-85  0.1038E-84
 -18.870  0.9182E-85  0.1047E-84
 -18.860  0.9182E-85  0.1056E-84
 -18.850  0.9182E-85  0.1065E-84
 -18.840  0.9182E-85  0.1074E-84
 -18.830  0.9182E-85  0.1083E-84
 -18.820  0.9182E-85  0.1093E-84
 -18.810  0.9182E-85  0.1102E-84
 -18.800  0.9182E-85  0.1111E-84
 -18.790  0.9182E-85  0.1120E-84
 -18.780  0.9182E-85  0.1129E-84
 -18.770  0.9182E-85  0.1139E-84
 -18.760  0.9182E-85  0.1148E-84
 -18.750  0.9182E-85  0.1157E-84
 -18.740  0.9182E-85  0.1166E-84
 -18.730  0.9182E-85  0.1175E-84
 -18.720  0.9182E-85  0.1184E-84
 -18.710  0.9182E-85  0.1194E-84
 -18.700  0.9182E-85  0.1203E-84
 -18.690  0.9182E-85  0.1212E-84
 -18.680  0.9182E-85  0.1221E-84
 -18.670  0.9182E-85  0.1230E-84
 -18.660  0.9182E-85  0.1240E-84
 -18.650  0.9182E-85  0.1249E-84
 -18.640  0.9182E-85  0.1258E-84
 -18.630  0.9182E-85  0.1267E-84
 -18.620  0.9182E-85  0.1276E-84
 -18.610  0.9182E-85  0.1285E-84
 -18.600  0.9182E-85  0.1295E-84
 -18.590  0.9182E-85  0.1304E-84
 -18.580  0.9182E-85  0.1313E-84
 -18.570  0.9182E-85  0.1322E-84
 -18.560  0.9182E-85  0.1331E-84
 -18.550  0.9182E-85  0.1341E-84
 -18.540  0.9182E-85  0.1350E-84
 -18.530  0.9182E-85  0.1359E-84
 -18.520  0.9182E-85  0.1368E-84
 -18.510  0.9182E-85  0.1377E-84
 -18.500  0.9182E-85  0.1386E-84
 -18.490  0.9182E-85  0.1396E-84
 -18.480  0.9182E-85  0.1405E-84
 -18.470  0.9182E-85  0.1414E-84
 -18.460  0.9182E-85  0.1423E-84
 -18.450  0.9182E-85  0.1432E-84
 -18.440  0.9182E-85  0.1442E-84
 -18.430  0.9182E-85  0.1451E-84
 -18.420  0.9182E-85  0.1460E-84
 -18.410  0.9182E-85  0.1469E-84
 -18.400  0.9182E-85  0.1478E-84
 -18.390  0.9182E-85  0.1487E-84
 -18.380  0.9182E-85  0.1497E-84
 -18.370  0.9182E-85  0.1506E-84
 -18.360  0.9182E-85  0.1515E-84
 -18.350  0.9182E-85  0.1524E-84
 -18.340  0.9182E-85  0.1533E-84
 -18.330  0.9182E-85  0.1543E-84
 -18.320  0.9182E-85  0.1552E-84
 -18.310  0.9182E-85  0.1561E-84
 -18.300  0.9182E-85  0.1570E-84
 -18.290  0.9182E-85  0.1579E-84
 -18.280  0.9182E-85  0.1588E-84
 -18.270  0.9182E-85  0.1598E-84
 -18.260  0.9182E-85  0.1607E-84
 -18.250  0.9182E-85  0.1616E-84
 -18.240  0.9182E-85  0.1625E-84
 -18.230  0.9182E-85  0.1634E-84
 -18.220  0.9182E-85  0.1644E-84
 -18.210  0.9182E-85  0.1653E-84
 -18.200  0.9182E-85  0.1662E-84
 -18.190  0.9182E-85  0.1671E-84
 -18.180  0.9182E-85  0.1680E-84
 -18.170  0.9182E-85  0.1689E-84
 -18.160  0.9182E-85  0.1699E-84
 -18.150  0.9182E-85  0.1708E-84
 -18.140  0.9182E-85  0.1717E-84
 -18.130  0.9182E-85  0.1726E-84
 -18.120  0.9182E-85  0.1735E-84
 -18.110  0.9182E-85  0.1745E-84
 -18.100  0.9182E-85  0.1754E-84
 -18.090  0.9182E-85  0.1763E-84
 -18.080  0.9182E-85  0.1772E-84
 -18.070  0.9182E-85  0.1781E-84
 -18.060  0.9182E-85  0.1790E-84
 -18.050  0.9182E-85  0.1800E-84
 -18.040  0.9182E-85  0.1809E-84
 -18.030  0.9182E-85  0.1818E-84
 -18.020  0.9182E-85  0.1827E-84
 -18.010  0.9182E-85  0.1836E-84
 -18.000  0.9182E-85  0.1846E-84
 -17.990  0.9182E-85  0.1855E-84
 -17.980  0.9182E-85  0.1864E-84
 -17.970  0.9182E-85  0.1873E-84
 -17.960  0.9182E-85  0.1882E-84
 -17.950  0.9182E-85  0.1891E-84
 -17.940  0.9182E-85  0.1901E-84
 -17.930  0.9182E-85  0.1910E-84
 -17.920  0.9182E-85  0.1919E-84
 -17.910  0.9182E-85  0.1928E-84
 -17.900  0.9182E-85  0.1937E-84
 -17.890  0.9182E-85  0.1947E-84
 -17.880  0.9182E-85  0.1956E-84
 -17.870  0.9182E-85  0.1965E-84
 -17.860  0.9182E-85  0.1974E-84
 -17.850  0.9182E-85  0.1983E-84
 -17.840  0.9182E-85  0.1992E-84
 -17.830  0.9182E-85  0.2002E-84
 -17.820  0.9182E-85  0.2011E-84
 -17.810  0.9182E-85  0.2020E-84
 -17.800  0.9182E-85  0.2029E-84
 -17.790  0.9182E-85  0.2038E-84
 -17.780  0.9182E-85  0.2048E-84
 -17.770  0.9182E-85  0.2057E-84
 -17.760  0.9182E-85  0.2066E-84
 -17.750  0.9182E-85  0.2075E-84
 -17.740  0.9182E-85  0.2084E-84
 -17.730  0.9182E-85  0.2093E-84
 -17.720  0.9182E-85  0.2103E-84
 -17.710  0.9182E-85  0.2112E-84
 -17.700  0.9182E-85  0.2121E-84
 -17.690  0.9182E-85  0.2130E-84
 -17.680  0.9182E-85  0.2139E-84
 -17.670  0.9182E-85  0.2149E-84
 -17.660  0.9182E-85  0.2158E-84
 -17.650  0.9182E-85  0.2167E-84
 -17.640  0.9182E-85  0.2176E-84
 -17.630  0.9182E-85  0.2185E-84
 -17.620  0.9182E-85  0.2194E-84
 -17.610  0.9182E-85  0.2204E-84
 -17.600  0.9182E-85  0.2213E-84
 -17.590  0.9182E-85  0.2222E-84
 -17.580  0.9182E-85  0.2231E-84
 -17.570  0.9182E-85  0.2240E-84
 -17.560  0.9182E-85  0.2250E-84
 -17.550  0.9182E-85  0.2259E-84
 -17.540  0.9182E-85  0.2268E-84
 -17.530  0.9182E-85  0.2277E-84
 -17.520  0.9182E-85  0.2286E-84
 -17.510  0.9182E-85  0.2295E-84
 -17.500  0.9182E-85  0.2305E-84
 -17.490  0.9182E-85  0.2314E-84
 -17.480  0.9182E-85  0.2323E-84
 -17.470  0.9182E-85  0.2332E-84
 -17.460  0.9182E-85  0.2341E-84
 -17.450  0.9182E-85  0.2351E-84
 -17.440  0.9182E-85  0.2360E-84
 -17.430  0.9182E-85  0.2369E-84
 -17.420  0.9182E-85  0.2378E-84
 -17.410  0.9182E-85  0.2387E-84
 -17.400  0.9182E-85  0.2396E-84
 -17.390  0.9182E-85  0.2406E-84
 -17.380  0.9182E-85  0.2415E-84
 -17.370  0.9182E-85  0.2424E-84
 -17.360  0.9182E-85  0.2433E-84
 -17.350  0.9182E-85  0.2442E-84
 -17.340  0.9182E-85  0.2452E-84
 -17.330  0.9182E-85  0.2461E-84
 -17.320  0.9182E-85  0.2470E-84
 -17.310  0.9182E-85  0.2479E-84
 -17.300  0.9182E-85  0.2488E-84
 -17.290  0.9182E-85  0.2497E-84
 -17.280  0.9182E-85  0.2507E-84
 -17.270  0.9182E-85  0.2516E-84
 -17.260  0.9182E-85  0.2525E-84
 -17.250  0.9182E-85  0.2534E-84
 -17.240  0.9182E-85  0.2543E-84
 -17.230  0.9182E-85  0.2553E-84
 -17.220  0.9182E-85  0.2562E-84
 -17.210  0.9182E-85  0.2571E-84
 -17.200  0.9182E-85  0.2580E-84
 -17.190  0.9182E-85  0.2589E-84
 -17.180  0.9182E-85  0.2598E-84
 -17.170  0.9182E-85  0.2608E-84
 -17.160  0.9182E-85  0.2617E-84
 -17.150  0.9182E-85  0.2626E-84
 -17.140  0.9182E-85  0.2635E-84
 -17.130  0.9182E-85  0.2644E-84
 -17.120  0.9182E-85  0.2654E-84
 -17.110  0.9182E-85  0.2663E-84
 -17.100  0.9182E-85  0.2672E-84
 -17.090  0.9182E-85  0.2681E-84
 -17.080  0.9182E-85  0.2690E-84
 -17.070  0.9182E-85  0.2699E-84
 -17.060  0.9182E-85  0.2709E-84
 -17.050  0.9182E-85  0.2718E-84
 -17.040  0.9182E-85  0.2727E-84
 -17.030  0.9182E-85  0.2736E-84
 -17.020  0.9182E-85  0.2745E-84
 -17.010  0.9182E-85  0.2755E-84
 -17.000  0.9182E-85  0.2764E-84
 -16.990  0.9182E-85  0.2773E-84
 -16.980  0.9182E-85  0.2782E-84
 -16.970  0.9182E-85  0.2791E-84
 -16.960  0.9182E-85  0.2800E-84
 -16.950  0.9182E-85  0.2810E-84
 -16.940  0.9182E-85  0.2819E-84
 -16.930  0.9182E-85  0.2828E-84
 -16.920  0.9182E-85  0.2837E-84
 -16.910  0.9182E-85  0.2846E-84
 -16.900  0.9182E-85  0.2856E-84
 -16.890  0.9182E-85  0.2865E-84
 -16.880  0.9182E-85  0.2874E-84
 -16.870  0.9182E-85  0.2883E-84
 -16.860  0.9182E-85  0.2892E-84
 -16.850  0.9182E-85  0.2901E-84
 -16.840  0.9182E-85  0.2911E-84
 -16.830  0.9182E-85  0.2920E-84
 -16.820  0.9182E-85  0.2929E-84
 -16.810  0.9182E-85  0.2938E-84
 -16.800  0.9182E-85  0.2947E-84
 -16.790  0.9182E-85  0.2957E-84
 -16.780  0.9182E-85  0.2966E-84
 -16.770  0.9182E-85  0.2975E-84
 -16.760  0.9182E-85  0.2984E-84
 -16.750  0.9182E-85  0.2993E-84
 -16.740  0.9182E-85  0.3002E-84
 -16.730  0.9182E-85  0.3012E-84
 -16.720  0.9182E-85  0.3021E-84
 -16.710  0.9182E-85  0.3030E-84
 -16.700  0.9182E-85  0.3039E-84
 -16.690  0.9182E-85  0.3048E-84
 -16.680  0.9182E-85  0.3058E-84
 -16.670  0.9182E-85  0.3067E-84
 -16.660  0.9182E-85  0.3076E-84
 -16.650  0.9182E-85  0.3085E-84
 -16.640  0.9182E-85  0.3094E-84
 -16.630  0.9182E-85  0.3103E-84
 -16.620  0.9182E-85  0.3113E-84
 -16.610  0.9182E-85  0.3122E-84
 -16.600  0.9182E-85  0.3131E-84
 -16.590  0.9182E-85  0.3140E-84
 -16.580  0.9182E-85  0.3149E-84
 -16.570  0.9182E-85  0.3159E-84
 -16.560  0.9182E-85  0.3168E-84
 -16.550  0.9182E-85  0.3177E-84
 -16.540  0.9182E-85  0.3186E-84
 -16.530  0.9182E-85  0.3195E-84
 -16.520  0.9182E-85  0.3204E-84
 -16.510  0.9182E-85  0.3214E-84
 -16.500  0.9182E-85  0.3223E-84
 -16.490  0.9182E-85  0.3232E-84
 -16.480  0.9182E-85  0.3241E-84
 -16.470  0.9182E-85  0.3250E-84
 -16.460  0.9182E-85  0.3260E-84
 -16.450  0.9182E-85  0.3269E-84
 -16.440  0.9182E-85  0.3278E-84
 -16.430  0.9182E-85  0.3287E-84
 -16.420  0.9182E-85  0.3296E-84
 -16.410  0.9182E-85  0.3305E-84
 -16.400  0.9182E-85  0.3315E-84
 -16.390  0.9182E-85  0.3324E-84
 -16.380  0.9182E-85  0.3333E-84
 -16.370  0.9182E-85  0.3342E-84
 -16.360  0.9182E-85  0.3351E-84
 -16.350  0.9182E-85  0.3361E-84
 -16.340  0.9182E-85  0.3370E-84
 -16.330  0.9182E-85  0.3379E-84
 -16.320  0.9182E-85  0.3388E-84
 -16.310  0.9182E-85  0.3397E-84
 -16.300  0.9182E-85  0.3406E-84
 -16.290  0.9182E-85  0.3416E-84
 -16.280  0.9182E-85  0.3425E-84
 -16.270  0.9182E-85  0.3434E-84
 -16.260  0.9182E-85  0.3443E-84
 -16.250  0.9182E-85  0.3452E-84
 -16.240  0.9182E-85  0.3462E-84
 -16.230  0.9182E-85  0.3471E-84
 -16.220  0.9182E-85  0.3480E-84
 -16.210  0.9182E-85  0.3489E-84
 -16.200  0.9182E-85  0.3498E-84
 -16.190  0.9182E-85  0.3507E-84
 -16.180  0.9182E-85  0.3517E-84
 -16.170  0.9182E-85  0.3526E-84
 -16.160  0.9182E-85  0.3535E-84
 -16.150  0.9182E-85  0.3544E-84
 -16.140  0.9182E-85  0.3553E-84
 -16.130  0.9182E-85  0.3563E-84
 -16.120  0.9182E-85  0.3572E-84
 -16.110  0.9182E-85  0.3581E-84
 -16.100  0.9182E-85  0.3590E-84
 -16.090  0.9182E-85  0.3599E-84
 -16.080  0.9182E-85  0.3608E-84
 -16.070  0.9182E-85  0.3618E-84
 -16.060  0.9182E-85  0.3627E-84
 -16.050  0.9182E-85  0.3636E-84
 -16.040  0.9182E-85  0.3645E-84
 -16.030  0.9182E-85  0.3654E-84
 -16.020  0.9182E-85  0.3664E-84
 -16.010  0.9182E-85  0.3673E-84
 -16.000  0.9182E-85  0.3682E-84
 -15.990  0.9182E-85  0.3691E-84
 -15.980  0.9182E-85  0.3700E-84
 -15.970  0.9182E-85  0.3709E-84
 -15.960  0.9182E-85  0.3719E-84
 -15.950  0.9182E-85  0.3728E-84
 -15.940  0.9182E-85  0.3737E-84
 -15.930  0.9182E-85  0.3746E-84
 -15.920  0.9182E-85  0.3755E-84
 -15.910  0.9182E-85  0.3765E-84
 -15.900  0.9182E-85  0.3774E-84
 -15.890  0.9182E-85  0.3783E-84
 -15.880  0.9182E-85  0.3792E-84
 -15.870  0.9182E-85  0.3801E-84
 -15.860  0.9182E-85  0.3810E-84
 -15.850  0.9182E-85  0.3820E-84
 -15.840  0.9182E-85  0.3829E-84
 -15.830  0.9182E-85  0.3838E-84
 -15.820  0.9182E-85  0.3847E-84
 -15.810  0.9182E-85  0.3856E-84
 -15.800  0.9182E-85  0.3866E-84
 -15.790  0.9182E-85  0.3875E-84
 -15.780  0.9182E-85  0.3884E-84
 -15.770  0.9182E-85  0.3893E-84
 -15.760  0.9182E-85  0.3902E-84
 -15.750  0.9182E-85  0.3911E-84
 -15.740  0.9182E-85  0.3921E-84
 -15.730  0.9182E-85  0.3930E-84
 -15.720  0.9182E-85  0.3939E-84
 -15.710  0.9182E-85  0.3948E-84
 -15.700  0.9182E-85  0.3957E-84
 -15.690  0.9182E-85  0.3967E-84
 -15.680  0.9182E-85  0.3976E-84
 -15.670  0.9182E-85  0.3985E-84
 -15.660  0.9182E-85  0.3994E-84
 -15.650  0.9182E-85  0.4003E-84
 -15.640  0.9182E-85  0.4012E-84
 -15.630  0.9182E-85  0.4022E-84
 -15.620  0.9182E-85  0.4031E-84
 -15.610  0.9182E-85  0.4040E-84
 -15.600  0.9182E-85  0.4049E-84
 -15.590  0.9182E-85  0.4058E-84
 -15.580  0.9182E-85  0.4068E-84
 -15.570  0.9182E-85  0.4077E-84
 -15.560  0.9182E-85  0.4086E-84
 -15.550  0.9182E-85  0.4095E-84
 -15.540  0.9182E-85  0.4104E-84
 -15.530  0.9182E-85  0.4113E-84
 -15.520  0.9182E-85  0.4123E-84
 -15.510  0.9182E-85  0.4132E-84
 -15.500  0.9182E-85  0.4141E-84
 -15.490  0.9182E-85  0.4150E-84
 -15.480  0.9182E-85  0.4159E-84
 -15.470  0.9182E-85  0.4169E-84
 -15.460  0.9182E-85  0.4178E-84
 -15.450  0.9182E-85  0.4187E-84
 -15.440  0.9182E-85  0.4196E-84
 -15.430  0.9182E-85  0.4205E-84
 -15.420  0.9182E-85  0.4214E-84
 -15.410  0.9182E-85  0.4224E-84
 -15.400  0.9182E-85  0.4233E-84
 -15.390  0.9182E-85  0.4242E-84
 -15.380  0.9182E-85  0.4251E-84
 -15.370  0.9182E-85  0.4260E-84
 -15.360  0.9182E-85  0.4270E-84
 -15.350  0.9182E-85  0.4279E-84
 -15.340  0.9182E-85  0.4288E-84
 -15.330  0.9182E-85  0.4297E-84
 -15.320  0.9182E-85  0.4306E-84
 -15.310  0.9182E-85  0.4315E-84
 -15.300  0.9182E-85  0.4325E-84
 -15.290  0.9182E-85  0.4334E-84
 -15.280  0.9182E-85  0.4343E-84
 -15.270  0.9182E-85  0.4352E-84
 -15.260  0.9182E-85  0.4361E-84
 -15.250  0.9182E-85  0.4371E-84
 -15.240  0.9182E-85  0.4380E-84
 -15.230  0.9182E-85  0.4389E-84
 -15.220  0.9182E-85  0.4398E-84
 -15.210  0.9182E-85  0.4407E-84
 -15.200  0.9182E-85  0.4416E-84
 -15.190  0.9182E-85  0.4426E-84
 -15.180  0.9182E-85  0.4435E-84
 -15.170  0.9182E-85  0.4444E-84
 -15.160  0.9182E-85  0.4453E-84
 -15.150  0.9182E-85  0.4462E-84
 -15.140  0.9182E-85  0.4472E-84
 -15.130  0.9182E-85  0.4481E-84
 -15.120  0.9182E-85  0.4490E-84
 -15.110  0.9182E-85  0.4499E-84
 -15.100  0.9182E-85  0.4508E-84
 -15.090  0.9182E-85  0.4517E-84
 -15.080  0.9182E-85  0.4527E-84
 -15.070  0.9182E-85  0.4536E-84
 -15.060  0.9182E-85  0.4545E-84
 -15.050  0.9182E-85  0.4554E-84
 -15.040  0.9182E-85  0.4563E-84
 -15.030  0.9182E-85  0.4573E-84
 -15.020  0.9182E-85  0.4582E-84
 -15.010  0.9182E-85  0.4591E-84
 -15.000  0.9182E-85  0.4600E-84
 -14.990  0.9182E-85  0.4609E-84
 -14.980  0.9182E-85  0.4618E-84
 -14.970  0.9182E-85  0.4628E-84
 -14.960  0.9182E-85  0.4637E-84
 -14.950  0.9182E-85  0.4646E-84
 -14.940  0.9182E-85  0.4655E-84
 -14.930  0.9182E-85  0.4664E-84
 -14.920  0.9182E-85  0.4674E-84
 -14.910  0.9182E-85  0.4683E-84
 -14.900  0.9182E-85  0.4692E-84
 -14.890  0.9182E-85  0.4701E-84
 -14.880  0.9182E-85  0.4710E-84
 -14.870  0.9182E-85  0.4719E-84
 -14.860  0.9182E-85  0.4729E-84
 -14.850  0.9182E-85  0.4738E-84
 -14.840  0.9182E-85  0.4747E-84
 -14.830  0.9182E-85  0.4756E-84
 -14.820  0.9182E-85  0.4765E-84
 -14.810  0.9182E-85  0.4775E-84
 -14.800  0.9182E-85  0.4784E-84
 -14.790  0.9182E-85  0.4793E-84
 -14.780  0.9182E-85  0.4802E-84
 -14.770  0.9182E-85  0.4811E-84
 -14.760  0.9182E-85  0.4820E-84
 -14.750  0.9182E-85  0.4830E-84
 -14.740  0.9182E-85  0.4839E-84
 -14.730  0.9182E-85  0.4848E-84
 -14.720  0.9182E-85  0.4857E-84
 -14.710  0.9182E-85  0.4866E-84
 -14.700  0.9182E-85  0.4876E-84
 -14.690  0.9182E-85  0.4885E-84
 -14.680  0.9182E-85  0.4894E-84
 -14.670  0.9182E-85  0.4903E-84
 -14.660  0.9182E-85  0.4912E-84
 -14.650  0.9182E-85  0.4921E-84
 -14.640  0.9182E-85  0.4931E-84
 -14.630  0.9182E-85  0.4940E-84
 -14.620  0.9182E-85  0.4949E-84
 -14.610  0.9182E-85  0.4958E-84
 -14.600  0.9182E-85  0.4967E-84
 -14.590  0.9182E-85  0.4977E-84
 -14.580  0.9182E-85  0.4986E-84
 -14.570  0.9182E-85  0.4995E-84
 -14.560  0.9182E-85  0.5004E-84
 -14.550  0.9182E-85  0.5013E-84
 -14.540  0.9182E-85  0.5022E-84
 -14.530  0.9182E-85  0.5032E-84
 -14.520  0.9182E-85  0.5041E-84
 -14.510  0.9182E-85  0.5050E-84
 -14.500  0.9182E-85  0.5059E-84
 -14.490  0.9182E-85  0.5068E-84
 -14.480  0.9182E-85  0.5078E-84
 -14.470  0.9182E-85  0.5087E-84
 -14.460  0.9182E-85  0.5096E-84
 -14.450  0.9182E-85  0.5105E-84
 -14.440  0.9182E-85  0.5114E-84
 -14.430  0.9182E-85  0.5123E-84
 -14.420  0.9182E-85  0.5133E-84
 -14.410  0.9182E-85  0.5142E-84
 -14.400  0.9182E-85  0.5151E-84
 -14.390  0.9182E-85  0.5160E-84
 -14.380  0.9182E-85  0.5169E-84
 -14.370  0.9182E-85  0.5179E-84
 -14.360  0.9182E-85  0.5188E-84
 -14.350  0.9182E-85  0.5197E-84
 -14.340  0.9182E-85  0.5206E-84
 -14.330  0.9182E-85  0.5215E-84
 -14.320  0.9182E-85  0.5224E-84
 -14.310  0.9182E-85  0.5234E-84
 -14.300  0.9182E-85  0.5243E-84
 -14.290  0.9182E-85  0.5252E-84
 -14.280  0.9182E-85  0.5261E-84
 -14.270  0.9182E-85  0.5270E-84
 -14.260  0.9182E-85  0.5280E-84
 -14.250  0.9182E-85  0.5289E-84
 -14.240  0.9182E-85  0.5298E-84
 -14.230  0.9182E-85  0.5307E-84
 -14.220  0.9182E-85  0.5316E-84
 -14.210  0.9182E-85  0.5325E-84
 -14.200  0.9182E-85  0.5335E-84
 -14.190  0.9182E-85  0.5344E-84
 -14.180  0.9182E-85  0.5353E-84
 -14.170  0.9182E-85  0.5362E-84
 -14.160  0.9182E-85  0.5371E-84
 -14.150  0.9182E-85  0.5381E-84
 -14.140  0.9182E-85  0.5390E-84
 -14.130  0.9182E-85  0.5399E-84
 -14.120  0.9182E-85  0.5408E-84
 -14.110  0.9182E-85  0.5417E-84
 -14.100  0.9182E-85  0.5426E-84
 -14.090  0.9182E-85  0.5436E-84
 -14.080  0.9182E-85  0.5445E-84
 -14.070  0.9182E-85  0.5454E-84
 -14.060  0.9182E-85  0.5463E-84
 -14.050  0.9182E-85  0.5472E-84
 -14.040  0.9182E-85  0.5482E-84
 -14.030  0.9182E-85  0.5491E-84
 -14.020  0.9182E-85  0.5500E-84
 -14.010  0.9182E-85  0.5509E-84
 -14.000  0.9182E-85  0.5518E-84
 -13.990  0.9182E-85  0.5527E-84
 -13.980  0.9182E-85  0.5537E-84
 -13.970  0.9182E-85  0.5546E-84
 -13.960  0.9182E-85  0.5555E-84
 -13.950  0.9182E-85  0.5564E-84
 -13.940  0.9182E-85  0.5573E-84
 -13.930  0.9182E-85  0.5583E-84
 -13.920  0.9182E-85  0.5592E-84
 -13.910  0.9182E-85  0.5601E-84
 -13.900  0.9182E-85  0.5610E-84
 -13.890  0.9182E-85  0.5619E-84
 -13.880  0.9182E-85  0.5628E-84
 -13.870  0.9182E-85  0.5638E-84
 -13.860  0.9182E-85  0.5647E-84
 -13.850  0.9182E-85  0.5656E-84
 -13.840  0.9182E-85  0.5665E-84
 -13.830  0.9182E-85  0.5674E-84
 -13.820  0.9182E-85  0.5684E-84
 -13.810  0.9182E-85  0.5693E-84
 -13.800  0.9182E-85  0.5702E-84
 -13.790  0.9182E-85  0.5711E-84
 -13.780  0.9182E-85  0.5720E-84
 -13.770  0.9182E-85  0.5729E-84
 -13.760  0.9182E-85  0.5739E-84
 -13.750  0.9182E-85  0.5748E-84
 -13.740  0.9182E-85  0.5757E-84
 -13.730  0.9182E-85  0.5766E-84
 -13.720  0.9182E-85  0.5775E-84
 -13.710  0.9182E-85  0.5785E-84
 -13.700  0.9182E-85  0.5794E-84
 -13.690  0.9182E-85  0.5803E-84
 -13.680  0.9182E-85  0.5812E-84
 -13.670  0.9182E-85  0.5821E-84
 -13.660  0.9182E-85  0.5830E-84
 -13.650  0.9182E-85  0.5840E-84
 -13.640  0.9182E-85  0.5849E-84
 -13.630  0.9182E-85  0.5858E-84
 -13.620  0.9182E-85  0.5867E-84
 -13.610  0.9182E-85  0.5876E-84
 -13.600  0.9182E-85  0.5886E-84
 -13.590  0.9182E-85  0.5895E-84
 -13.580  0.9182E-85  0.5904E-84
 -13.570  0.9182E-85  0.5913E-84
 -13.560  0.9182E-85  0.5922E-84
 -13.550  0.9182E-85  0.5931E-84
 -13.540  0.9182E-85  0.5941E-84
 -13.530  0.9182E-85  0.5950E-84
 -13.520  0.9182E-85  0.5959E-84
 -13.510  0.9182E-85  0.5968E-84
 -13.500  0.9182E-85  0.5977E-84
 -13.490  0.9182E-85  0.5987E-84
 -13.480  0.9182E-85  0.5996E-84
 -13.470  0.9182E-85  0.6005E-84
 -13.460  0.9182E-85  0.6014E-84
 -13.450  0.9182E-85  0.6023E-84
 -13.440  0.9182E-85  0.6032E-84
 -13.430  0.9182E-85  0.6042E-84
 -13.420  0.9182E-85  0.6051E-84
 -13.410  0.9182E-85  0.6060E-84
 -13.400  0.9182E-85  0.6069E-84
 -13.390  0.9182E-85  0.6078E-84
 -13.380  0.9182E-85  0.6088E-84
 -13.370  0.9182E-85  0.6097E-84
 -13.360  0.9182E-85  0.6106E-84
 -13.350  0.9182E-85  0.6115E-84
 -13.340  0.9182E-85  0.6124E-84
 -13.330  0.9182E-85  0.6133E-84
 -13.320  0.9182E-85  0.6143E-84
 -13.310  0.9182E-85  0.6152E-84
 -13.300  0.9182E-85  0.6161E-84
 -13.290  0.9182E-85  0.6170E-84
 -13.280  0.9182E-85  0.6179E-84
 -13.270  0.9182E-85  0.6189E-84
 -13.260  0.9182E-85  0.6198E-84
 -13.250  0.9182E-85  0.6207E-84
 -13.240  0.9182E-85  0.6216E-84
 -13.230  0.9182E-85  0.6225E-84
 -13.220  0.9182E-85  0.6234E-84
 -13.210  0.9182E-85  0.6244E-84
 -13.200  0.9182E-85  0.6253E-84
 -13.190  0.9182E-85  0.6262E-84
 -13.180  0.9182E-85  0.6271E-84
 -13.170  0.9182E-85  0.6280E-84
 -13.160  0.9182E-85  0.6290E-84
 -13.150  0.9182E-85  0.6299E-84
 -13.140  0.9182E-85  0.6308E-84
 -13.130  0.9182E-85  0.6317E-84
 -13.120  0.9182E-85  0.6326E-84
 -13.110  0.9182E-85  0.6335E-84
 -13.100  0.9182E-85  0.6345E-84
 -13.090  0.9182E-85  0.6354E-84
 -13.080  0.9182E-85  0.6363E-84
 -13.070  0.9182E-85  0.6372E-84
 -13.060  0.9182E-85  0.6381E-84
 -13.050  0.9182E-85  0.6391E-84
 -13.040  0.9182E-85  0.6400E-84
 -13.030  0.9182E-85  0.6409E-84
 -13.020  0.9182E-85  0.6418E-84
 -13.010  0.9182E-85  0.6427E-84
 -13.000  0.9182E-85  0.6436E-84
 -12.990  0.9182E-85  0.6446E-84
 -12.980  0.9182E-85  0.6455E-84
 -12.970  0.9182E-85  0.6464E-84
 -12.960  0.9182E-85  0.6473E-84
 -12.950  0.9182E-85  0.6482E-84
 -12.940  0.9182E-85  0.6492E-84
 -12.930  0.9182E-85  0.6501E-84
 -12.920  0.9182E-85  0.6510E-84
 -12.910  0.9182E-85  0.6519E-84
 -12.900  0.9182E-85  0.6528E-84
 -12.890  0.9182E-85  0.6537E-84
 -12.880  0.9182E-85  0.6547E-84
 -12.870  0.9182E-85  0.6556E-84
 -12.860  0.9182E-85  0.6565E-84
 -12.850  0.9182E-85  0.6574E-84
 -12.840  0.9182E-85  0.6583E-84
 -12.830  0.9182E-85  0.6593E-84
 -12.820  0.9182E-85  0.6602E-84
 -12.810  0.9182E-85  0.6611E-84
 -12.800  0.9182E-85  0.6620E-84
 -12.790  0.9182E-85  0.6629E-84
 -12.780  0.9182E-85  0.6638E-84
 -12.770  0.9182E-85  0.6648E-84
 -12.760  0.9182E-85  0.6657E-84
 -12.750  0.9182E-85  0.6666E-84
 -12.740  0.9182E-85  0.6675E-84
 -12.730  0.9182E-85  0.6684E-84
 -12.720  0.9182E-85  0.6694E-84
 -12.710  0.9182E-85  0.6703E-84
 -12.700  0.9182E-85  0.6712E-84
 -12.690  0.9182E-85  0.6721E-84
 -12.680  0.9182E-85  0.6730E-84
 -12.670  0.9182E-85  0.6739E-84
 -12.660  0.9182E-85  0.6749E-84
 -12.650  0.9182E-85  0.6758E-84
 -12.640  0.9182E-85  0.6767E-84
 -12.630  0.9182E-85  0.6776E-84
 -12.620  0.9182E-85  0.6785E-84
 -12.610  0.9182E-85  0.6795E-84
 -12.600  0.9182E-85  0.6804E-84
 -12.590  0.9182E-85  0.6813E-84
 -12.580  0.9182E-85  0.6822E-84
 -12.570  0.9182E-85  0.6831E-84
 -12.560  0.9182E-85  0.6840E-84
 -12.550  0.9182E-85  0.6850E-84
 -12.540  0.9182E-85  0.6859E-84
 -12.530  0.9182E-85  0.6868E-84
 -12.520  0.9182E-85  0.6877E-84
 -12.510  0.9182E-85  0.6886E-84
 -12.500  0.9182E-85  0.6896E-84
 -12.490  0.9182E-85  0.6905E-84
 -12.480  0.9182E-85  0.6914E-84
 -12.470  0.9182E-85  0.6923E-84
 -12.460  0.9182E-85  0.6932E-84
 -12.450  0.9182E-85  0.6941E-84
 -12.440  0.9182E-85  0.6951E-84
 -12.430  0.9182E-85  0.6960E-84
 -12.420  0.9182E-85  0.6969E-84
 -12.410  0.9182E-85  0.6978E-84
 -12.400  0.9182E-85  0.6987E-84
 -12.390  0.9182E-85  0.6997E-84
 -12.380  0.9182E-85  0.7006E-84
 -12.370  0.9182E-85  0.7015E-84
 -12.360  0.9182E-85  0.7024E-84
 -12.350  0.9182E-85  0.7033E-84
 -12.340  0.9182E-85  0.7042E-84
 -12.330  0.9182E-85  0.7052E-84
 -12.320  0.9182E-85  0.7061E-84
 -12.310  0.9182E-85  0.7070E-84
 -12.300  0.9182E-85  0.7079E-84
 -12.290  0.9182E-85  0.7088E-84
 -12.280  0.9182E-85  0.7098E-84
 -12.270  0.9182E-85  0.7107E-84
 -12.260  0.9182E-85  0.7116E-84
 -12.250  0.9182E-85  0.7125E-84
 -12.240  0.9182E-85  0.7134E-84
 -12.230  0.9182E-85  0.7143E-84
 -12.220  0.9182E-85  0.7153E-84
 -12.210  0.9182E-85  0.7162E-84
 -12.200  0.9182E-85  0.7171E-84
 -12.190  0.9182E-85  0.7180E-84
 -12.180  0.9182E-85  0.7189E-84
 -12.170  0.9182E-85  0.7199E-84
 -12.160  0.9182E-85  0.7208E-84
 -12.150  0.9182E-85  0.7217E-84
 -12.140  0.9182E-85  0.7226E-84
 -12.130  0.9182E-85  0.7235E-84
 -12.120  0.9182E-85  0.7244E-84
 -12.110  0.9182E-85  0.7254E-84
 -12.100  0.9182E-85  0.7263E-84
 -12.090  0.9182E-85  0.7272E-84
 -12.080  0.9182E-85  0.7281E-84
 -12.070  0.9182E-85  0.7290E-84
 -12.060  0.9182E-85  0.7300E-84
 -12.050  0.9182E-85  0.7309E-84
 -12.040  0.9182E-85  0.7318E-84
 -12.030  0.9182E-85  0.7327E-84
 -12.020  0.9182E-85  0.7336E-84
 -12.010  0.9182E-85  0.7345E-84
 -12.000  0.9182E-85  0.7355E-84
 -11.990  0.9182E-85  0.7364E-84
 -11.980  0.9182E-85  0.7373E-84
 -11.970  0.9182E-85  0.7382E-84
 -11.960  0.9182E-85  0.7391E-84
 -11.950  0.9182E-85  0.7401E-84
 -11.940  0.9182E-85  0.7410E-84
 -11.930  0.9182E-85  0.7419E-84
 -11.920  0.9182E-85  0.7428E-84
 -11.910  0.9182E-85  0.7437E-84
 -11.900  0.9182E-85  0.7446E-84
 -11.890  0.9182E-85  0.7456E-84
 -11.880  0.9182E-85  0.7465E-84
 -11.870  0.9182E-85  0.7474E-84
 -11.860  0.9182E-85  0.7483E-84
 -11.850  0.9182E-85  0.7492E-84
 -11.840  0.9182E-85  0.7502E-84
 -11.830  0.9182E-85  0.7511E-84
 -11.820  0.9182E-85  0.7520E-84
 -11.810  0.9182E-85  0.7529E-84
 -11.800  0.9182E-85  0.7538E-84
 -11.790  0.9182E-85  0.7547E-84
 -11.780  0.9182E-85  0.7557E-84
 -11.770  0.9182E-85  0.7566E-84
 -11.760  0.9182E-85  0.7575E-84
 -11.750  0.9182E-85  0.7584E-84
 -11.740  0.9182E-85  0.7593E-84
 -11.730  0.9182E-85  0.7603E-84
 -11.720  0.9182E-85  0.7612E-84
 -11.710  0.9182E-85  0.7621E-84
 -11.700  0.9182E-85  0.7630E-84
 -11.690  0.9182E-85  0.7639E-84
 -11.680  0.9182E-85  0.7648E-84
 -11.670  0.9182E-85  0.7658E-84
 -11.660  0.9182E-85  0.7667E-84
 -11.650  0.9182E-85  0.7676E-84
 -11.640  0.9182E-85  0.7685E-84
 -11.630  0.9182E-85  0.7694E-84
 -11.620  0.9182E-85  0.7704E-84
 -11.610  0.9182E-85  0.7713E-84
 -11.600  0.9182E-85  0.7722E-84
 -11.590  0.9182E-85  0.7731E-84
 -11.580  0.9182E-85  0.7740E-84
 -11.570  0.9182E-85  0.7749E-84
 -11.560  0.9182E-85  0.7759E-84
 -11.550  0.9182E-85  0.7768E-84
 -11.540  0.9182E-85  0.7777E-84
 -11.530  0.9182E-85  0.7786E-84
 -11.520  0.9182E-85  0.7795E-84
 -11.510  0.9182E-85  0.7805E-84
 -11.500  0.9182E-85  0.7814E-84
 -11.490  0.9182E-85  0.7823E-84
 -11.480  0.9182E-85  0.7832E-84
 -11.470  0.9182E-85  0.7841E-84
 -11.460  0.9182E-85  0.7850E-84
 -11.450  0.9182E-85  0.7860E-84
 -11.440  0.9182E-85  0.7869E-84
 -11.430  0.9182E-85  0.7878E-84
 -11.420  0.9182E-85  0.7887E-84
 -11.410  0.9182E-85  0.7896E-84
 -11.400  0.9182E-85  0.7906E-84
 -11.390  0.9182E-85  0.7915E-84
 -11.380  0.9182E-85  0.7924E-84
 -11.370  0.9182E-85  0.7933E-84
 -11.360  0.9182E-85  0.7942E-84
 -11.350  0.9182E-85  0.7951E-84
 -11.340  0.9182E-85  0.7961E-84
 -11.330  0.9182E-85  0.7970E-84
 -11.320  0.9182E-85  0.7979E-84
 -11.310  0.9182E-85  0.7988E-84
 -11.300  0.9182E-85  0.7997E-84
 -11.290  0.9182E-85  0.8007E-84
 -11.280  0.9182E-85  0.8016E-84
 -11.270  0.9182E-85  0.8025E-84
 -11.260  0.9182E-85  0.8034E-84
 -11.250  0.9182E-85  0.8043E-84
 -11.240  0.9182E-85  0.8052E-84
 -11.230  0.9182E-85  0.8062E-84
 -11.220  0.9182E-85  0.8071E-84
 -11.210  0.9182E-85  0.8080E-84
 -11.200  0.9182E-85  0.8089E-84
 -11.190  0.9182E-85  0.8098E-84
 -11.180  0.9182E-85  0.8108E-84
 -11.170  0.9182E-85  0.8117E-84
 -11.160  0.9182E-85  0.8126E-84
 -11.150  0.9182E-85  0.8135E-84
 -11.140  0.9182E-85  0.8144E-84
 -11.130  0.9182E-85  0.8153E-84
 -11.120  0.9182E-85  0.8163E-84
 -11.110  0.9182E-85  0.8172E-84
 -11.100  0.9182E-85  0.8181E-84
 -11.090  0.9182E-85  0.8190E-84
 -11.080  0.9182E-85  0.8199E-84
 -11.070  0.9182E-85  0.8209E-84
 -11.060  0.9182E-85  0.8218E-84
 -11.050  0.9182E-85  0.8227E-84
 -11.040  0.9182E-85  0.8236E-84
 -11.030  0.9182E-85  0.8245E-84
 -11.020  0.9182E-85  0.8254E-84
 -11.010  0.9182E-85  0.8264E-84
 -11.000  0.9182E-85  0.8273E-84
 -10.990  0.9182E-85  0.8282E-84
 -10.980  0.9182E-85  0.8291E-84
 -10.970  0.9182E-85  0.8300E-84
 -10.960  0.9182E-85  0.8310E-84
 -10.950  0.9182E-85  0.8319E-84
 -10.940  0.9182E-85  0.8328E-84
 -10.930  0.9182E-85  0.8337E-84
 -10.920  0.9182E-85  0.8346E-84
 -10.910  0.9182E-85  0.8355E-84
 -10.900  0.9182E-85  0.8365E-84
 -10.890  0.9182E-85  0.8374E-84
 -10.880  0.9182E-85  0.8383E-84
 -10.870  0.9182E-85  0.8392E-84
 -10.860  0.9182E-85  0.8401E-84
 -10.850  0.9182E-85  0.8411E-84
 -10.840  0.9182E-85  0.8420E-84
 -10.830  0.9182E-85  0.8429E-84
 -10.820  0.9182E-85  0.8438E-84
 -10.810  0.9182E-85  0.8447E-84
 -10.800  0.9182E-85  0.8456E-84
 -10.790  0.9182E-85  0.8466E-84
 -10.780  0.9182E-85  0.8475E-84
 -10.770  0.9182E-85  0.8484E-84
 -10.760  0.9182E-85  0.8493E-84
 -10.750  0.9182E-85  0.8502E-84
 -10.740  0.9182E-85  0.8512E-84
 -10.730  0.9182E-85  0.8521E-84
 -10.720  0.9182E-85  0.8530E-84
 -10.710  0.9182E-85  0.8539E-84
 -10.700  0.9182E-85  0.8548E-84
 -10.690  0.9182E-85  0.8557E-84
 -10.680  0.9182E-85  0.8567E-84
 -10.670  0.9182E-85  0.8576E-84
 -10.660  0.9182E-85  0.8585E-84
 -10.650  0.9182E-85  0.8594E-84
 -10.640  0.9182E-85  0.8603E-84
 -10.630  0.9182E-85  0.8613E-84
 -10.620  0.9182E-85  0.8622E-84
 -10.610  0.9182E-85  0.8631E-84
 -10.600  0.9182E-85  0.8640E-84
 -10.590  0.9182E-85  0.8649E-84
 -10.580  0.9182E-85  0.8658E-84
 -10.570  0.9182E-85  0.8668E-84
 -10.560  0.9182E-85  0.8677E-84
 -10.550  0.9182E-85  0.8686E-84
 -10.540  0.9182E-85  0.8695E-84
 -10.530  0.9182E-85  0.8704E-84
 -10.520  0.9182E-85  0.8714E-84
 -10.510  0.9182E-85  0.8723E-84
 -10.500  0.9182E-85  0.8732E-84
 -10.490  0.9182E-85  0.8741E-84
 -10.480  0.9182E-85  0.8750E-84
 -10.470  0.9182E-85  0.8759E-84
 -10.460  0.9182E-85  0.8769E-84
 -10.450  0.9182E-85  0.8778E-84
 -10.440  0.9182E-85  0.8787E-84
 -10.430  0.9182E-85  0.8796E-84
 -10.420  0.9182E-85  0.8805E-84
 -10.410  0.9182E-85  0.8815E-84
 -10.400  0.9182E-85  0.8824E-84
 -10.390  0.9182E-85  0.8833E-84
 -10.380  0.9182E-85  0.8842E-84
 -10.370  0.9182E-85  0.8851E-84
 -10.360  0.9182E-85  0.8860E-84
 -10.350  0.9182E-85  0.8870E-84
 -10.340  0.9182E-85  0.8879E-84
 -10.330  0.9182E-85  0.8888E-84
 -10.320  0.9182E-85  0.8897E-84
 -10.310  0.9182E-85  0.8906E-84
 -10.300  0.9182E-85  0.8916E-84
 -10.290  0.9182E-85  0.8925E-84
 -10.280  0.9182E-85  0.8934E-84
 -10.270  0.9182E-85  0.8943E-84
 -10.260  0.9182E-85  0.8952E-84
 -10.250  0.9182E-85  0.8961E-84
 -10.240  0.9182E-85  0.8971E-84
 -10.230  0.9182E-85  0.8980E-84
 -10.220  0.9182E-85  0.8989E-84
 -10.210  0.9182E-85  0.8998E-84
 -10.200  0.9182E-85  0.9007E-84
 -10.190  0.9182E-85  0.9017E-84
 -10.180  0.9182E-85  0.9026E-84
 -10.170  0.9182E-85  0.9035E-84
 -10.160  0.9182E-85  0.9044E-84
 -10.150  0.9182E-85  0.9053E-84
 -10.140  0.9182E-85  0.9062E-84
 -10.130  0.9182E-85  0.9072E-84
 -10.120  0.9182E-85  0.9081E-84
 -10.110  0.9182E-85  0.9090E-84
 -10.100  0.9182E-85  0.9099E-84
 -10.090  0.9182E-85  0.9108E-84
 -10.080  0.9182E-85  0.9118E-84
 -10.070  0.9182E-85  0.9127E-84
 -10.060  0.9182E-85  0.9136E-84
 -10.050  0.9182E-85  0.9145E-84
 -10.040  0.9182E-85  0.9154E-84
 -10.030  0.9182E-85  0.9163E-84
 -10.020  0.9182E-85  0.9173E-84
 -10.010  0.9182E-85  0.9182E-84
 -10.000  0.9182E-85  0.9191E-84
  -9.990  0.9182E-85  0.9200E-84
  -9.980  0.9182E-85  0.9209E-84
  -9.970  0.9182E-85  0.9219E-84
  -9.960  0.9182E-85  0.9228E-84
  -9.950  0.9182E-85  0.9237E-84
  -9.940  0.9182E-85  0.9246E-84
  -9.930  0.9182E-85  0.9255E-84
  -9.920  0.9182E-85  0.9264E-84
  -9.910  0.9182E-85  0.9274E-84
  -9.900  0.9182E-85  0.9283E-84
  -9.890  0.9182E-85  0.9292E-84
  -9.880  0.9182E-85  0.9301E-84
  -9.870  0.9182E-85  0.9310E-84
  -9.860  0.9182E-85  0.9320E-84
  -9.850  0.9182E-85  0.9329E-84
  -9.840  0.9182E-85  0.9338E-84
  -9.830  0.9182E-85  0.9347E-84
  -9.820  0.9182E-85  0.9356E-84
  -9.810  0.9182E-85  0.9365E-84
  -9.800  0.9182E-85  0.9375E-84
  -9.790  0.9182E-85  0.9384E-84
  -9.780  0.9182E-85  0.9393E-84
  -9.770  0.9182E-85  0.9402E-84
  -9.760  0.9182E-85  0.9411E-84
  -9.750  0.9182E-85  0.9421E-84
  -9.740  0.9182E-85  0.9430E-84
  -9.730  0.9182E-85  0.9439E-84
  -9.720  0.9182E-85  0.9448E-84
  -9.710  0.9182E-85  0.9457E-84
  -9.700  0.9182E-85  0.9466E-84
  -9.690  0.9182E-85  0.9476E-84
  -9.680  0.9182E-85  0.9485E-84
  -9.670  0.9182E-85  0.9494E-84
  -9.660  0.9182E-85  0.9503E-84
  -9.650  0.9182E-85  0.9512E-84
  -9.640  0.9182E-85  0.9522E-84
  -9.630  0.9182E-85  0.9531E-84
  -9.620  0.9182E-85  0.9540E-84
  -9.610  0.9182E-85  0.9549E-84
  -9.600  0.9182E-85  0.9558E-84
  -9.590  0.9182E-85  0.9567E-84
  -9.580  0.9182E-85  0.9577E-84
  -9.570  0.9182E-85  0.9586E-84
  -9.560  0.9182E-85  0.9595E-84
  -9.550  0.9182E-85  0.9604E-84
  -9.540  0.9182E-85  0.9613E-84
  -9.530  0.9182E-85  0.9623E-84
  -9.520  0.9182E-85  0.9632E-84
  -9.510  0.9182E-85  0.9641E-84
  -9.500  0.9182E-85  0.9650E-84
  -9.490  0.9182E-85  0.9659E-84
  -9.480  0.9182E-85  0.9668E-84
  -9.470  0.9182E-85  0.9678E-84
  -9.460  0.9182E-85  0.9687E-84
  -9.450  0.9182E-85  0.9696E-84
  -9.440  0.9182E-85  0.9705E-84
  -9.430  0.9182E-85  0.9714E-84
  -9.420  0.9182E-85  0.9724E-84
  -9.410  0.9182E-85  0.9733E-84
  -9.400  0.9182E-85  0.9742E-84
  -9.390  0.9182E-85  0.9751E-84
  -9.380  0.9182E-85  0.9760E-84
  -9.370  0.9182E-85  0.9769E-84
  -9.360  0.9182E-85  0.9779E-84
  -9.350  0.9182E-85  0.9788E-84
  -9.340  0.9182E-85  0.9797E-84
  -9.330  0.9182E-85  0.9806E-84
  -9.320  0.9182E-85  0.9815E-84
  -9.310  0.9182E-85  0.9825E-84
  -9.300  0.9182E-85  0.9834E-84
  -9.290  0.9182E-85  0.9843E-84
  -9.280  0.9182E-85  0.9852E-84
  -9.270  0.9182E-85  0.9861E-84
  -9.260  0.9182E-85  0.9870E-84
  -9.250  0.9182E-85  0.9880E-84
  -9.240  0.9182E-85  0.9889E-84
  -9.230  0.9182E-85  0.9898E-84
  -9.220  0.9182E-85  0.9907E-84
  -9.210  0.9182E-85  0.9916E-84
  -9.200  0.9182E-85  0.9926E-84
  -9.190  0.9182E-85  0.9935E-84
  -9.180  0.9182E-85  0.9944E-84
  -9.170  0.9182E-85  0.9953E-84
  -9.160  0.9182E-85  0.9962E-84
  -9.150  0.9182E-85  0.9971E-84
  -9.140  0.9182E-85  0.9981E-84
  -9.130  0.9182E-85  0.9990E-84
  -9.120  0.9182E-85  0.9999E-84
  -9.110  0.9182E-85  0.1001E-83
  -9.100  0.9182E-85  0.1002E-83
  -9.090  0.9182E-85  0.1003E-83
  -9.080  0.9182E-85  0.1004E-83
  -9.070  0.9182E-85  0.1004E-83
  -9.060  0.9182E-85  0.1005E-83
  -9.050  0.9182E-85  0.1006E-83
  -9.040  0.9182E-85  0.1007E-83
  -9.030  0.9182E-85  0.1008E-83
  -9.020  0.9182E-85  0.1009E-83
  -9.010  0.9182E-85  0.1010E-83
  -9.000  0.9182E-85  0.1011E-83
  -8.990  0.9182E-85  0.1012E-83
  -8.980  0.9182E-85  0.1013E-83
  -8.970  0.9182E-85  0.1014E-83
  -8.960  0.9182E-85  0.1015E-83
  -8.950  0.9182E-85  0.1016E-83
  -8.940  0.9182E-85  0.1016E-83
  -8.930  0.9182E-85  0.1017E-83
  -8.920  0.9182E-85  0.1018E-83
  -8.910  0.9182E-85  0.1019E-83
  -8.900  0.9182E-85  0.1020E-83
  -8.890  0.9182E-85  0.1021E-83
  -8.880  0.9182E-85  0.1022E-83
  -8.870  0.9182E-85  0.1023E-83
  -8.860  0.9182E-85  0.1024E-83
  -8.850  0.9182E-85  0.1025E-83
  -8.840  0.9182E-85  0.1026E-83
  -8.830  0.9182E-85  0.1027E-83
  -8.820  0.9182E-85  0.1027E-83
  -8.810  0.9182E-85  0.1028E-83
  -8.800  0.9182E-85  0.1029E-83
  -8.790  0.9182E-85  0.1030E-83
  -8.780  0.9182E-85  0.1031E-83
  -8.770  0.9182E-85  0.1032E-83
  -8.760  0.9182E-85  0.1033E-83
  -8.750  0.9182E-85  0.1034E-83
  -8.740  0.9182E-85  0.1035E-83
  -8.730  0.9182E-85  0.1036E-83
  -8.720  0.9182E-85  0.1037E-83
  -8.710  0.9182E-85  0.1038E-83
  -8.700  0.9182E-85  0.1038E-83
  -8.690  0.9182E-85  0.1039E-83
  -8.680  0.9182E-85  0.1040E-83
  -8.670  0.9182E-85  0.1041E-83
  -8.660  0.9182E-85  0.1042E-83
  -8.650  0.9182E-85  0.1043E-83
  -8.640  0.9182E-85  0.1044E-83
  -8.630  0.9182E-85  0.1045E-83
  -8.620  0.9182E-85  0.1046E-83
  -8.610  0.9182E-85  0.1047E-83
  -8.600  0.9182E-85  0.1048E-83
  -8.590  0.9182E-85  0.1049E-83
  -8.580  0.9182E-85  0.1049E-83
  -8.570  0.9182E-85  0.1050E-83
  -8.560  0.9182E-85  0.1051E-83
  -8.550  0.9182E-85  0.1052E-83
  -8.540  0.9182E-85  0.1053E-83
  -8.530  0.9182E-85  0.1054E-83
  -8.520  0.9182E-85  0.1055E-83
  -8.510  0.9182E-85  0.1056E-83
  -8.500  0.9182E-85  0.1057E-83
  -8.490  0.9182E-85  0.1058E-83
  -8.480  0.9182E-85  0.1059E-83
  -8.470  0.9182E-85  0.1060E-83
  -8.460  0.9182E-85  0.1060E-83
  -8.450  0.9182E-85  0.1061E-83
  -8.440  0.9182E-85  0.1062E-83
  -8.430  0.9182E-85  0.1063E-83
  -8.420  0.9182E-85  0.1064E-83
  -8.410  0.9182E-85  0.1065E-83
  -8.400  0.9182E-85  0.1066E-83
  -8.390  0.9182E-85  0.1067E-83
  -8.380  0.9182E-85  0.1068E-83
  -8.370  0.9182E-85  0.1069E-83
  -8.360  0.9182E-85  0.1070E-83
  -8.350  0.9182E-85  0.1071E-83
  -8.340  0.9182E-85  0.1072E-83
  -8.330  0.9182E-85  0.1072E-83
  -8.320  0.9182E-85  0.1073E-83
  -8.310  0.9182E-85  0.1074E-83
  -8.300  0.9182E-85  0.1075E-83
  -8.290  0.9182E-85  0.1076E-83
  -8.280  0.9182E-85  0.1077E-83
  -8.270  0.9182E-85  0.1078E-83
  -8.260  0.9182E-85  0.1079E-83
  -8.250  0.9182E-85  0.1080E-83
  -8.240  0.9182E-85  0.1081E-83
  -8.230  0.9182E-85  0.1082E-83
  -8.220  0.9182E-85  0.1083E-83
  -8.210  0.9182E-85  0.1083E-83
  -8.200  0.9182E-85  0.1084E-83
  -8.190  0.9182E-85  0.1085E-83
  -8.180  0.9182E-85  0.1086E-83
  -8.170  0.9182E-85  0.1087E-83
  -8.160  0.9182E-85  0.1088E-83
  -8.150  0.9182E-85  0.1089E-83
  -8.140  0.9182E-85  0.1090E-83
  -8.130  0.9182E-85  0.1091E-83
  -8.120  0.9182E-85  0.1092E-83
  -8.110  0.9182E-85  0.1093E-83
  -8.100  0.9182E-85  0.1094E-83
  -8.090  0.9182E-85  0.1094E-83
  -8.080  0.9182E-85  0.1095E-83
  -8.070  0.9182E-85  0.1096E-83
  -8.060  0.9182E-85  0.1097E-83
  -8.050  0.9182E-85  0.1098E-83
  -8.040  0.9182E-85  0.1099E-83
  -8.030  0.9182E-85  0.1100E-83
  -8.020  0.9182E-85  0.1101E-83
  -8.010  0.9182E-85  0.1102E-83
  -8.000  0.9182E-85  0.1103E-83
  -7.990  0.9182E-85  0.1104E-83
  -7.980  0.9182E-85  0.1105E-83
  -7.970  0.9182E-85  0.1105E-83
  -7.960  0.9182E-85  0.1106E-83
  -7.950  0.9182E-85  0.1107E-83
  -7.940  0.9182E-85  0.1108E-83
  -7.930  0.9182E-85  0.1109E-83
  -7.920  0.9182E-85  0.1110E-83
  -7.910  0.9182E-85  0.1111E-83
  -7.900  0.9182E-85  0.1112E-83
  -7.890  0.9182E-85  0.1113E-83
  -7.880  0.9182E-85  0.1114E-83
  -7.870  0.9182E-85  0.1115E-83
  -7.860  0.9182E-85  0.1116E-83
  -7.850  0.9182E-85  0.1117E-83
  -7.840  0.9182E-85  0.1117E-83
  -7.830  0.9182E-85  0.1118E-83
  -7.820  0.9182E-85  0.1119E-83
  -7.810  0.9182E-85  0.1120E-83
  -7.800  0.9182E-85  0.1121E-83
  -7.790  0.9182E-85  0.1122E-83
  -7.780  0.9182E-85  0.1123E-83
  -7.770  0.9182E-85  0.1124E-83
  -7.760  0.9182E-85  0.1125E-83
  -7.750  0.9182E-85  0.1126E-83
  -7.740  0.9182E-85  0.1127E-83
  -7.730  0.9182E-85  0.1128E-83
  -7.720  0.9184E-85  0.1128E-83
  -7.710  0.9200E-85  0.1129E-83
  -7.700  0.9327E-85  0.1130E-83
  -7.690  0.1030E-84  0.1131E-83
  -7.680  0.1769E-84  0.1133E-83
  -7.670  0.7331E-84  0.1140E-83
  -7.660  0.4870E-83  0.1189E-83
  -7.650  0.3531E-82  0.1542E-83
  -7.640  0.2569E-81  0.4111E-83
  -7.630  0.1852E-80  0.2263E-82
  -7.620  0.1322E-79  0.1548E-81
  -7.610  0.9330E-79  0.1088E-80
  -7.600  0.6515E-78  0.7603E-80
  -7.590  0.4501E-77  0.5261E-79
  -7.580  0.3076E-76  0.3602E-78
  -7.570  0.2079E-75  0.2439E-77
  -7.560  0.1391E-74  0.1635E-76
  -7.550  0.9200E-74  0.1083E-75
  -7.540  0.6021E-73  0.7105E-75
  -7.530  0.3898E-72  0.4609E-74
  -7.520  0.2497E-71  0.2958E-73
  -7.510  0.1582E-70  0.1878E-72
  -7.500  0.9917E-70  0.1179E-71
  -7.490  0.6149E-69  0.7329E-71
  -7.480  0.3772E-68  0.4505E-70
  -7.470  0.2289E-67  0.2739E-69
  -7.460  0.1374E-66  0.1648E-68
  -7.450  0.8160E-66  0.9808E-68
  -7.440  0.4794E-65  0.5774E-67
  -7.430  0.2786E-64  0.3363E-66
  -7.420  0.1602E-63  0.1938E-65
  -7.410  0.9109E-63  0.1105E-64
  -7.400  0.5125E-62  0.6230E-64
  -7.390  0.2853E-61  0.3476E-63
  -7.380  0.1571E-60  0.1918E-62
  -7.370  0.8555E-60  0.1047E-61
  -7.360  0.4610E-59  0.5657E-61
  -7.350  0.2457E-58  0.3023E-60
  -7.340  0.1296E-57  0.1598E-59
  -7.330  0.6760E-57  0.8358E-59
  -7.320  0.3489E-56  0.4324E-58
  -7.310  0.1781E-55  0.2213E-57
  -7.300  0.8995E-55  0.1121E-56
  -7.290  0.4494E-54  0.5615E-56
  -7.280  0.2221E-53  0.2783E-55
  -7.270  0.1086E-52  0.1364E-54
  -7.260  0.5253E-52  0.6617E-54
  -7.250  0.2514E-51  0.3175E-53
  -7.240  0.1190E-50  0.1507E-52
  -7.230  0.5572E-50  0.7079E-52
  -7.220  0.2581E-49  0.3289E-51
  -7.210  0.1183E-48  0.1512E-50
  -7.200  0.5362E-48  0.6874E-50
  -7.190  0.2405E-47  0.3092E-49
  -7.180  0.1067E-46  0.1376E-48
  -7.170  0.4683E-46  0.6060E-48
  -7.160  0.2034E-45  0.2639E-47
  -7.150  0.8735E-45  0.1137E-46
  -7.140  0.3712E-44  0.4849E-46
  -7.130  0.1560E-43  0.2045E-45
  -7.120  0.6489E-43  0.8534E-45
  -7.110  0.2670E-42  0.3523E-44
  -7.100  0.1086E-41  0.1439E-43
  -7.090  0.4374E-41  0.5813E-43
  -7.080  0.1742E-40  0.2324E-42
  -7.070  0.6865E-40  0.9189E-42
  -7.060  0.2676E-39  0.3595E-41
  -7.050  0.1032E-38  0.1392E-40
  -7.040  0.3937E-38  0.5329E-40
  -7.030  0.1486E-37  0.2019E-39
  -7.020  0.5548E-37  0.7567E-39
  -7.010  0.2049E-36  0.2806E-38
  -7.000  0.7488E-36  0.1029E-37
  -6.990  0.2707E-35  0.3736E-37
  -6.980  0.9680E-35  0.1342E-36
  -6.970  0.3425E-34  0.4766E-36
  -6.960  0.1199E-33  0.1675E-35
  -6.950  0.4150E-33  0.5826E-35
  -6.940  0.1422E-32  0.2004E-34
  -6.930  0.4818E-32  0.6822E-34
  -6.920  0.1615E-31  0.2298E-33
  -6.910  0.5358E-31  0.7655E-33
  -6.900  0.1758E-30  0.2524E-32
  -6.890  0.5707E-30  0.8230E-32
  -6.880  0.1833E-29  0.2656E-31
  -6.870  0.5823E-29  0.8479E-31
  -6.860  0.1830E-28  0.2678E-30
  -6.850  0.5692E-28  0.8371E-30
  -6.840  0.1751E-27  0.2588E-29
  -6.830  0.5331E-27  0.7919E-29
  -6.820  0.1605E-26  0.2397E-28
  -6.810  0.4783E-26  0.7180E-28
  -6.800  0.1410E-25  0.2128E-27
  -6.790  0.4111E-25  0.6239E-27
  -6.780  0.1186E-24  0.1810E-26
  -6.770  0.3386E-24  0.5196E-26
  -6.760  0.9562E-24  0.1476E-25
  -6.750  0.2672E-23  0.4148E-25
  -6.740  0.7387E-23  0.1153E-24
  -6.730  0.2020E-22  0.3174E-24
  -6.720  0.5468E-22  0.8642E-24
  -6.710  0.1464E-21  0.2328E-23
  -6.700  0.3879E-21  0.6207E-23
  -6.690  0.1017E-20  0.1637E-22
  -6.680  0.2637E-20  0.4274E-22
  -6.670  0.6767E-20  0.1104E-21
  -6.660  0.1718E-19  0.2822E-21
  -6.650  0.4317E-19  0.7139E-21
  -6.640  0.1073E-18  0.1787E-20
  -6.630  0.2640E-18  0.4427E-20
  -6.620  0.6425E-18  0.1085E-19
  -6.610  0.1547E-17  0.2633E-19
  -6.600  0.3688E-17  0.6320E-19
  -6.590  0.8697E-17  0.1502E-18
  -6.580  0.2030E-16  0.3531E-18
  -6.570  0.4687E-16  0.8219E-18
  -6.560  0.1071E-15  0.1893E-17
  -6.550  0.2422E-15  0.4315E-17
  -6.540  0.5422E-15  0.9737E-17
  -6.530  0.1201E-14  0.2174E-16
  -6.520  0.2632E-14  0.4806E-16
  -6.510  0.5709E-14  0.1052E-15
  -6.500  0.1226E-13  0.2277E-15
  -6.490  0.2604E-13  0.4882E-15
  -6.480  0.5477E-13  0.1036E-14
  -6.470  0.1140E-12  0.2176E-14
  -6.460  0.2348E-12  0.4524E-14
  -6.450  0.4788E-12  0.9312E-14
  -6.440  0.9663E-12  0.1898E-13
  -6.430  0.1930E-11  0.3828E-13
  -6.420  0.3817E-11  0.7645E-13
  -6.410  0.7471E-11  0.1512E-12
  -6.400  0.1447E-10  0.2959E-12
  -6.390  0.2776E-10  0.5735E-12
  -6.380  0.5270E-10  0.1101E-11
  -6.370  0.9906E-10  0.2091E-11
  -6.360  0.1843E-09  0.3934E-11
  -6.350  0.3395E-09  0.7329E-11
  -6.340  0.6191E-09  0.1352E-10
  -6.330  0.1118E-08  0.2470E-10
  -6.320  0.1998E-08  0.4468E-10
  -6.310  0.3536E-08  0.8003E-10
  -6.300  0.6195E-08  0.1420E-09
  -6.290  0.1075E-07  0.2494E-09
  -6.280  0.1846E-07  0.4340E-09
  -6.270  0.3139E-07  0.7479E-09
  -6.260  0.5286E-07  0.1277E-08
  -6.250  0.8814E-07  0.2158E-08
  -6.240  0.1455E-06  0.3613E-08
  -6.230  0.2379E-06  0.5992E-08
  -6.220  0.3851E-06  0.9843E-08
  -6.210  0.6173E-06  0.1602E-07
  -6.200  0.9799E-06  0.2582E-07
  -6.190  0.1540E-05  0.4122E-07
  -6.180  0.2398E-05  0.6519E-07
  -6.170  0.3696E-05  0.1022E-06
  -6.160  0.5641E-05  0.1586E-06
  -6.150  0.8528E-05  0.2438E-06
  -6.140  0.1277E-04  0.3715E-06
  -6.130  0.1893E-04  0.5608E-06
  -6.120  0.2779E-04  0.8386E-06
  -6.110  0.4040E-04  0.1243E-05
  -6.100  0.5818E-04  0.1824E-05
  -6.090  0.8298E-04  0.2654E-05
  -6.080  0.1172E-03  0.3826E-05
  -6.070  0.1640E-03  0.5466E-05
  -6.060  0.2272E-03  0.7739E-05
  -6.050  0.3119E-03  0.1086E-04
  -6.040  0.4240E-03  0.1510E-04
  -6.030  0.5710E-03  0.2081E-04
  -6.020  0.7618E-03  0.2843E-04
  -6.010  0.1007E-02  0.3849E-04
  -6.000  0.1318E-02  0.5168E-04
  -5.990  0.1710E-02  0.6878E-04
  -5.980  0.2199E-02  0.9077E-04
  -5.970  0.2801E-02  0.1188E-03
  -5.960  0.3535E-02  0.1541E-03
  -5.950  0.4423E-02  0.1984E-03
  -5.940  0.5486E-02  0.2532E-03
  -5.930  0.6745E-02  0.3207E-03
  -5.920  0.8222E-02  0.4029E-03
  -5.910  0.9939E-02  0.5023E-03
  -5.900  0.1192E-01  0.6214E-03
  -5.890  0.1417E-01  0.7631E-03
  -5.880  0.1672E-01  0.9303E-03
  -5.870  0.1957E-01  0.1126E-02
  -5.860  0.2273E-01  0.1353E-02
  -5.850  0.2622E-01  0.1615E-02
  -5.840  0.3002E-01  0.1916E-02
  -5.830  0.3413E-01  0.2257E-02
  -5.820  0.3854E-01  0.2642E-02
  -5.810  0.4324E-01  0.3075E-02
  -5.800  0.4821E-01  0.3557E-02
  -5.790  0.5341E-01  0.4091E-02
  -5.780  0.5882E-01  0.4679E-02
  -5.770  0.6441E-01  0.5323E-02
  -5.760  0.7014E-01  0.6025E-02
  -5.750  0.7596E-01  0.6784E-02
  -5.740  0.8185E-01  0.7603E-02
  -5.730  0.8776E-01  0.8480E-02
  -5.720  0.9365E-01  0.9417E-02
  -5.710  0.9948E-01  0.1041E-01
  -5.700  0.1052E+00  0.1146E-01
  -5.690  0.1109E+00  0.1257E-01
  -5.680  0.1163E+00  0.1374E-01
  -5.670  0.1217E+00  0.1495E-01
  -5.660  0.1269E+00  0.1622E-01
  -5.650  0.1319E+00  0.1754E-01
  -5.640  0.1367E+00  0.1891E-01
  -5.630  0.1415E+00  0.2032E-01
  -5.620  0.1461E+00  0.2178E-01
  -5.610  0.1507E+00  0.2329E-01
  -5.600  0.1551E+00  0.2484E-01
  -5.590  0.1596E+00  0.2644E-01
  -5.580  0.1640E+00  0.2808E-01
  -5.570  0.1685E+00  0.2976E-01
  -5.560  0.1729E+00  0.3149E-01
  -5.550  0.1773E+00  0.3326E-01
  -5.540  0.1817E+00  0.3508E-01
  -5.530  0.1860E+00  0.3694E-01
  -5.520  0.1903E+00  0.3884E-01
  -5.510  0.1945E+00  0.4079E-01
  -5.500  0.1984E+00  0.4277E-01
  -5.490  0.2022E+00  0.4480E-01
  -5.480  0.2058E+00  0.4685E-01
  -5.470  0.2090E+00  0.4894E-01
  -5.460  0.2120E+00  0.5106E-01
  -5.450  0.2147E+00  0.5321E-01
  -5.440  0.2171E+00  0.5538E-01
  -5.430  0.2193E+00  0.5758E-01
  -5.420  0.2213E+00  0.5979E-01
  -5.410  0.2232E+00  0.6202E-01
  -5.400  0.2250E+00  0.6427E-01
  -5.390  0.2269E+00  0.6654E-01
  -5.380  0.2289E+00  0.6883E-01
  -5.370  0.2310E+00  0.7114E-01
  -5.360  0.2335E+00  0.7347E-01
  -5.350  0.2362E+00  0.7584E-01
  -5.340  0.2393E+00  0.7823E-01
  -5.330  0.2429E+00  0.8066E-01
  -5.320  0.2468E+00  0.8313E-01
  -5.310  0.2510E+00  0.8564E-01
  -5.300  0.2556E+00  0.8819E-01
  -5.290  0.2604E+00  0.9079E-01
  -5.280  0.2653E+00  0.9345E-01
  -5.270  0.2702E+00  0.9615E-01
  -5.260  0.2750E+00  0.9890E-01
  -5.250  0.2796E+00  0.1017E+00
  -5.240  0.2838E+00  0.1045E+00
  -5.230  0.2876E+00  0.1074E+00
  -5.220  0.2909E+00  0.1103E+00
  -5.210  0.2936E+00  0.1133E+00
  -5.200  0.2956E+00  0.1162E+00
  -5.190  0.2970E+00  0.1192E+00
  -5.180  0.2979E+00  0.1222E+00
  -5.170  0.2981E+00  0.1251E+00
  -5.160  0.2980E+00  0.1281E+00
  -5.150  0.2974E+00  0.1311E+00
  -5.140  0.2967E+00  0.1341E+00
  -5.130  0.2958E+00  0.1370E+00
  -5.120  0.2950E+00  0.1400E+00
  -5.110  0.2945E+00  0.1429E+00
  -5.100  0.2942E+00  0.1459E+00
  -5.090  0.2945E+00  0.1488E+00
  -5.080  0.2954E+00  0.1518E+00
  -5.070  0.2969E+00  0.1547E+00
  -5.060  0.2993E+00  0.1577E+00
  -5.050  0.3024E+00  0.1607E+00
  -5.040  0.3063E+00  0.1638E+00
  -5.030  0.3111E+00  0.1669E+00
  -5.020  0.3165E+00  0.1701E+00
  -5.010  0.3225E+00  0.1733E+00
  -5.000  0.3291E+00  0.1766E+00
  -4.990  0.3359E+00  0.1800E+00
  -4.980  0.3430E+00  0.1834E+00
  -4.970  0.3500E+00  0.1869E+00
  -4.960  0.3568E+00  0.1905E+00
  -4.950  0.3632E+00  0.1941E+00
  -4.940  0.3690E+00  0.1978E+00
  -4.930  0.3741E+00  0.2015E+00
  -4.920  0.3782E+00  0.2053E+00
  -4.910  0.3814E+00  0.2091E+00
  -4.900  0.3836E+00  0.2130E+00
  -4.890  0.3846E+00  0.2168E+00
  -4.880  0.3847E+00  0.2206E+00
  -4.870  0.3837E+00  0.2245E+00
  -4.860  0.3819E+00  0.2283E+00
  -4.850  0.3794E+00  0.2321E+00
  -4.840  0.3764E+00  0.2359E+00
  -4.830  0.3730E+00  0.2396E+00
  -4.820  0.3696E+00  0.2433E+00
  -4.810  0.3662E+00  0.2469E+00
  -4.800  0.3632E+00  0.2506E+00
  -4.790  0.3608E+00  0.2542E+00
  -4.780  0.3590E+00  0.2578E+00
  -4.770  0.3581E+00  0.2614E+00
  -4.760  0.3581E+00  0.2649E+00
  -4.750  0.3591E+00  0.2685E+00
  -4.740  0.3612E+00  0.2721E+00
  -4.730  0.3642E+00  0.2758E+00
  -4.720  0.3682E+00  0.2795E+00
  -4.710  0.3730E+00  0.2832E+00
  -4.700  0.3785E+00  0.2870E+00
  -4.690  0.3846E+00  0.2908E+00
  -4.680  0.3911E+00  0.2947E+00
  -4.670  0.3979E+00  0.2987E+00
  -4.660  0.4049E+00  0.3028E+00
  -4.650  0.4118E+00  0.3069E+00
  -4.640  0.4187E+00  0.3111E+00
  -4.630  0.4254E+00  0.3153E+00
  -4.620  0.4318E+00  0.3196E+00
  -4.610  0.4380E+00  0.3240E+00
  -4.600  0.4437E+00  0.3285E+00
  -4.590  0.4491E+00  0.3330E+00
  -4.580  0.4541E+00  0.3375E+00
  -4.570  0.4587E+00  0.3421E+00
  -4.560  0.4629E+00  0.3467E+00
  -4.550  0.4665E+00  0.3514E+00
  -4.540  0.4697E+00  0.3561E+00
  -4.530  0.4723E+00  0.3608E+00
  -4.520  0.4743E+00  0.3655E+00
  -4.510  0.4756E+00  0.3703E+00
  -4.500  0.4763E+00  0.3751E+00
  -4.490  0.4761E+00  0.3798E+00
  -4.480  0.4752E+00  0.3846E+00
  -4.470  0.4734E+00  0.3893E+00
  -4.460  0.4709E+00  0.3940E+00
  -4.450  0.4678E+00  0.3987E+00
  -4.440  0.4640E+00  0.4033E+00
  -4.430  0.4598E+00  0.4079E+00
  -4.420  0.4553E+00  0.4125E+00
  -4.410  0.4508E+00  0.4170E+00
  -4.400  0.4464E+00  0.4215E+00
  -4.390  0.4425E+00  0.4259E+00
  -4.380  0.4391E+00  0.4303E+00
  -4.370  0.4365E+00  0.4346E+00
  -4.360  0.4350E+00  0.4390E+00
  -4.350  0.4346E+00  0.4433E+00
  -4.340  0.4355E+00  0.4477E+00
  -4.330  0.4377E+00  0.4521E+00
  -4.320  0.4413E+00  0.4565E+00
  -4.310  0.4462E+00  0.4609E+00
  -4.300  0.4524E+00  0.4655E+00
  -4.290  0.4597E+00  0.4701E+00
  -4.280  0.4680E+00  0.4747E+00
  -4.270  0.4772E+00  0.4795E+00
  -4.260  0.4870E+00  0.4844E+00
  -4.250  0.4972E+00  0.4894E+00
  -4.240  0.5077E+00  0.4944E+00
  -4.230  0.5183E+00  0.4996E+00
  -4.220  0.5287E+00  0.5049E+00
  -4.210  0.5388E+00  0.5103E+00
  -4.200  0.5485E+00  0.5158E+00
  -4.190  0.5575E+00  0.5213E+00
  -4.180  0.5659E+00  0.5270E+00
  -4.170  0.5734E+00  0.5327E+00
  -4.160  0.5800E+00  0.5385E+00
  -4.150  0.5856E+00  0.5444E+00
  -4.140  0.5902E+00  0.5503E+00
  -4.130  0.5937E+00  0.5562E+00
  -4.120  0.5962E+00  0.5622E+00
  -4.110  0.5977E+00  0.5682E+00
  -4.100  0.5981E+00  0.5742E+00
  -4.090  0.5975E+00  0.5801E+00
  -4.080  0.5959E+00  0.5861E+00
  -4.070  0.5935E+00  0.5920E+00
  -4.060  0.5901E+00  0.5979E+00
  -4.050  0.5860E+00  0.6038E+00
  -4.040  0.5812E+00  0.6096E+00
  -4.030  0.5758E+00  0.6154E+00
  -4.020  0.5700E+00  0.6211E+00
  -4.010  0.5639E+00  0.6267E+00
  -4.000  0.5577E+00  0.6323E+00
  -3.990  0.5515E+00  0.6378E+00
  -3.980  0.5456E+00  0.6432E+00
  -3.970  0.5402E+00  0.6486E+00
  -3.960  0.5355E+00  0.6540E+00
  -3.950  0.5318E+00  0.6593E+00
  -3.940  0.5292E+00  0.6646E+00
  -3.930  0.5280E+00  0.6699E+00
  -3.920  0.5283E+00  0.6752E+00
  -3.910  0.5304E+00  0.6805E+00
  -3.900  0.5343E+00  0.6858E+00
  -3.890  0.5401E+00  0.6912E+00
  -3.880  0.5478E+00  0.6967E+00
  -3.870  0.5575E+00  0.7023E+00
  -3.860  0.5689E+00  0.7080E+00
  -3.850  0.5821E+00  0.7138E+00
  -3.840  0.5967E+00  0.7198E+00
  -3.830  0.6125E+00  0.7259E+00
  -3.820  0.6293E+00  0.7322E+00
  -3.810  0.6468E+00  0.7386E+00
  -3.800  0.6646E+00  0.7453E+00
  -3.790  0.6825E+00  0.7521E+00
  -3.780  0.7000E+00  0.7591E+00
  -3.770  0.7169E+00  0.7663E+00
  -3.760  0.7329E+00  0.7736E+00
  -3.750  0.7477E+00  0.7811E+00
  -3.740  0.7612E+00  0.7887E+00
  -3.730  0.7730E+00  0.7964E+00
  -3.720  0.7832E+00  0.8043E+00
  -3.710  0.7916E+00  0.8122E+00
  -3.700  0.7981E+00  0.8202E+00
  -3.690  0.8028E+00  0.8282E+00
  -3.680  0.8058E+00  0.8362E+00
  -3.670  0.8070E+00  0.8443E+00
  -3.660  0.8066E+00  0.8524E+00
  -3.650  0.8048E+00  0.8604E+00
  -3.640  0.8017E+00  0.8684E+00
  -3.630  0.7976E+00  0.8764E+00
  -3.620  0.7926E+00  0.8843E+00
  -3.610  0.7869E+00  0.8922E+00
  -3.600  0.7809E+00  0.9000E+00
  -3.590  0.7748E+00  0.9078E+00
  -3.580  0.7687E+00  0.9155E+00
  -3.570  0.7631E+00  0.9231E+00
  -3.560  0.7580E+00  0.9307E+00
  -3.550  0.7537E+00  0.9382E+00
  -3.540  0.7505E+00  0.9457E+00
  -3.530  0.7486E+00  0.9532E+00
  -3.520  0.7480E+00  0.9607E+00
  -3.510  0.7490E+00  0.9682E+00
  -3.500  0.7516E+00  0.9757E+00
  -3.490  0.7560E+00  0.9832E+00
  -3.480  0.7621E+00  0.9909E+00
  -3.470  0.7699E+00  0.9986E+00
  -3.460  0.7793E+00  0.1006E+01
  -3.450  0.7902E+00  0.1014E+01
  -3.440  0.8024E+00  0.1022E+01
  -3.430  0.8158E+00  0.1030E+01
  -3.420  0.8300E+00  0.1039E+01
  -3.410  0.8447E+00  0.1047E+01
  -3.400  0.8597E+00  0.1056E+01
  -3.390  0.8746E+00  0.1065E+01
  -3.380  0.8890E+00  0.1073E+01
  -3.370  0.9026E+00  0.1082E+01
  -3.360  0.9149E+00  0.1092E+01
  -3.350  0.9257E+00  0.1101E+01
  -3.340  0.9347E+00  0.1110E+01
  -3.330  0.9414E+00  0.1120E+01
  -3.320  0.9458E+00  0.1129E+01
  -3.310  0.9477E+00  0.1139E+01
  -3.300  0.9468E+00  0.1148E+01
  -3.290  0.9432E+00  0.1157E+01
  -3.280  0.9368E+00  0.1167E+01
  -3.270  0.9277E+00  0.1176E+01
  -3.260  0.9161E+00  0.1185E+01
  -3.250  0.9023E+00  0.1194E+01
  -3.240  0.8864E+00  0.1203E+01
  -3.230  0.8689E+00  0.1212E+01
  -3.220  0.8502E+00  0.1220E+01
  -3.210  0.8307E+00  0.1229E+01
  -3.200  0.8110E+00  0.1237E+01
  -3.190  0.7915E+00  0.1245E+01
  -3.180  0.7728E+00  0.1252E+01
  -3.170  0.7552E+00  0.1260E+01
  -3.160  0.7394E+00  0.1267E+01
  -3.150  0.7255E+00  0.1275E+01
  -3.140  0.7140E+00  0.1282E+01
  -3.130  0.7049E+00  0.1289E+01
  -3.120  0.6984E+00  0.1296E+01
  -3.110  0.6944E+00  0.1303E+01
  -3.100  0.6929E+00  0.1310E+01
  -3.090  0.6936E+00  0.1317E+01
  -3.080  0.6963E+00  0.1324E+01
  -3.070  0.7006E+00  0.1331E+01
  -3.060  0.7060E+00  0.1338E+01
  -3.050  0.7123E+00  0.1345E+01
  -3.040  0.7189E+00  0.1352E+01
  -3.030  0.7256E+00  0.1359E+01
  -3.020  0.7319E+00  0.1366E+01
  -3.010  0.7377E+00  0.1374E+01
  -3.000  0.7426E+00  0.1381E+01
  -2.990  0.7467E+00  0.1389E+01
  -2.980  0.7497E+00  0.1396E+01
  -2.970  0.7518E+00  0.1404E+01
  -2.960  0.7529E+00  0.1411E+01
  -2.950  0.7532E+00  0.1419E+01
  -2.940  0.7528E+00  0.1426E+01
  -2.930  0.7518E+00  0.1434E+01
  -2.920  0.7502E+00  0.1441E+01
  -2.910  0.7483E+00  0.1449E+01
  -2.900  0.7459E+00  0.1456E+01
  -2.890  0.7431E+00  0.1464E+01
  -2.880  0.7399E+00  0.1471E+01
  -2.870  0.7361E+00  0.1479E+01
  -2.860  0.7317E+00  0.1486E+01
  -2.850  0.7266E+00  0.1493E+01
  -2.840  0.7206E+00  0.1500E+01
  -2.830  0.7137E+00  0.1507E+01
  -2.820  0.7057E+00  0.1514E+01
  -2.810  0.6967E+00  0.1521E+01
  -2.800  0.6868E+00  0.1528E+01
  -2.790  0.6759E+00  0.1535E+01
  -2.780  0.6643E+00  0.1542E+01
  -2.770  0.6522E+00  0.1548E+01
  -2.760  0.6399E+00  0.1555E+01
  -2.750  0.6276E+00  0.1561E+01
  -2.740  0.6157E+00  0.1567E+01
  -2.730  0.6045E+00  0.1573E+01
  -2.720  0.5943E+00  0.1579E+01
  -2.710  0.5854E+00  0.1585E+01
  -2.700  0.5779E+00  0.1591E+01
  -2.690  0.5721E+00  0.1596E+01
  -2.680  0.5681E+00  0.1602E+01
  -2.670  0.5658E+00  0.1608E+01
  -2.660  0.5652E+00  0.1613E+01
  -2.650  0.5662E+00  0.1619E+01
  -2.640  0.5685E+00  0.1625E+01
  -2.630  0.5720E+00  0.1630E+01
  -2.620  0.5764E+00  0.1636E+01
  -2.610  0.5814E+00  0.1642E+01
  -2.600  0.5866E+00  0.1648E+01
  -2.590  0.5919E+00  0.1654E+01
  -2.580  0.5969E+00  0.1660E+01
  -2.570  0.6015E+00  0.1666E+01
  -2.560  0.6053E+00  0.1672E+01
  -2.550  0.6083E+00  0.1678E+01
  -2.540  0.6103E+00  0.1684E+01
  -2.530  0.6112E+00  0.1690E+01
  -2.520  0.6110E+00  0.1696E+01
  -2.510  0.6096E+00  0.1702E+01
  -2.500  0.6070E+00  0.1708E+01
  -2.490  0.6032E+00  0.1714E+01
  -2.480  0.5982E+00  0.1720E+01
  -2.470  0.5920E+00  0.1726E+01
  -2.460  0.5847E+00  0.1732E+01
  -2.450  0.5763E+00  0.1738E+01
  -2.440  0.5669E+00  0.1744E+01
  -2.430  0.5565E+00  0.1749E+01
  -2.420  0.5452E+00  0.1755E+01
  -2.410  0.5332E+00  0.1760E+01
  -2.400  0.5206E+00  0.1765E+01
  -2.390  0.5075E+00  0.1770E+01
  -2.380  0.4943E+00  0.1775E+01
  -2.370  0.4811E+00  0.1780E+01
  -2.360  0.4681E+00  0.1785E+01
  -2.350  0.4557E+00  0.1789E+01
  -2.340  0.4442E+00  0.1794E+01
  -2.330  0.4337E+00  0.1798E+01
  -2.320  0.4246E+00  0.1802E+01
  -2.310  0.4170E+00  0.1806E+01
  -2.300  0.4111E+00  0.1811E+01
  -2.290  0.4069E+00  0.1815E+01
  -2.280  0.4046E+00  0.1819E+01
  -2.270  0.4040E+00  0.1823E+01
  -2.260  0.4050E+00  0.1827E+01
  -2.250  0.4075E+00  0.1831E+01
  -2.240  0.4113E+00  0.1835E+01
  -2.230  0.4161E+00  0.1839E+01
  -2.220  0.4215E+00  0.1843E+01
  -2.210  0.4273E+00  0.1848E+01
  -2.200  0.4332E+00  0.1852E+01
  -2.190  0.4388E+00  0.1856E+01
  -2.180  0.4438E+00  0.1861E+01
  -2.170  0.4481E+00  0.1865E+01
  -2.160  0.4513E+00  0.1870E+01
  -2.150  0.4533E+00  0.1874E+01
  -2.140  0.4541E+00  0.1879E+01
  -2.130  0.4535E+00  0.1883E+01
  -2.120  0.4515E+00  0.1888E+01
  -2.110  0.4481E+00  0.1892E+01
  -2.100  0.4434E+00  0.1897E+01
  -2.090  0.4374E+00  0.1901E+01
  -2.080  0.4301E+00  0.1906E+01
  -2.070  0.4217E+00  0.1910E+01
  -2.060  0.4122E+00  0.1914E+01
  -2.050  0.4017E+00  0.1918E+01
  -2.040  0.3903E+00  0.1922E+01
  -2.030  0.3781E+00  0.1926E+01
  -2.020  0.3652E+00  0.1929E+01
  -2.010  0.3516E+00  0.1933E+01
  -2.000  0.3375E+00  0.1936E+01
  -1.990  0.3231E+00  0.1939E+01
  -1.980  0.3083E+00  0.1942E+01
  -1.970  0.2934E+00  0.1945E+01
  -1.960  0.2786E+00  0.1948E+01
  -1.950  0.2638E+00  0.1951E+01
  -1.940  0.2494E+00  0.1953E+01
  -1.930  0.2354E+00  0.1956E+01
  -1.920  0.2221E+00  0.1958E+01
  -1.910  0.2095E+00  0.1960E+01
  -1.900  0.1978E+00  0.1962E+01
  -1.890  0.1872E+00  0.1964E+01
  -1.880  0.1776E+00  0.1966E+01
  -1.870  0.1693E+00  0.1967E+01
  -1.860  0.1621E+00  0.1969E+01
  -1.850  0.1563E+00  0.1970E+01
  -1.840  0.1518E+00  0.1972E+01
  -1.830  0.1485E+00  0.1973E+01
  -1.820  0.1465E+00  0.1975E+01
  -1.810  0.1457E+00  0.1976E+01
  -1.800  0.1459E+00  0.1978E+01
  -1.790  0.1472E+00  0.1979E+01
  -1.780  0.1494E+00  0.1981E+01
  -1.770  0.1523E+00  0.1982E+01
  -1.760  0.1558E+00  0.1984E+01
  -1.750  0.1598E+00  0.1985E+01
  -1.740  0.1640E+00  0.1987E+01
  -1.730  0.1684E+00  0.1989E+01
  -1.720  0.1727E+00  0.1991E+01
  -1.710  0.1768E+00  0.1992E+01
  -1.700  0.1806E+00  0.1994E+01
  -1.690  0.1838E+00  0.1996E+01
  -1.680  0.1864E+00  0.1998E+01
  -1.670  0.1882E+00  0.2000E+01
  -1.660  0.1891E+00  0.2002E+01
  -1.650  0.1891E+00  0.2003E+01
  -1.640  0.1882E+00  0.2005E+01
  -1.630  0.1863E+00  0.2007E+01
  -1.620  0.1835E+00  0.2009E+01
  -1.610  0.1798E+00  0.2011E+01
  -1.600  0.1754E+00  0.2013E+01
  -1.590  0.1702E+00  0.2014E+01
  -1.580  0.1644E+00  0.2016E+01
  -1.570  0.1583E+00  0.2018E+01
  -1.560  0.1518E+00  0.2019E+01
  -1.550  0.1453E+00  0.2020E+01
  -1.540  0.1388E+00  0.2022E+01
  -1.530  0.1325E+00  0.2023E+01
  -1.520  0.1266E+00  0.2024E+01
  -1.510  0.1212E+00  0.2026E+01
  -1.500  0.1165E+00  0.2027E+01
  -1.490  0.1126E+00  0.2028E+01
  -1.480  0.1097E+00  0.2029E+01
  -1.470  0.1078E+00  0.2030E+01
  -1.460  0.1072E+00  0.2031E+01
  -1.450  0.1079E+00  0.2032E+01
  -1.440  0.1100E+00  0.2033E+01
  -1.430  0.1138E+00  0.2035E+01
  -1.420  0.1192E+00  0.2036E+01
  -1.410  0.1266E+00  0.2037E+01
  -1.400  0.1359E+00  0.2038E+01
  -1.390  0.1472E+00  0.2040E+01
  -1.380  0.1607E+00  0.2041E+01
  -1.370  0.1763E+00  0.2043E+01
  -1.360  0.1941E+00  0.2045E+01
  -1.350  0.2138E+00  0.2047E+01
  -1.340  0.2354E+00  0.2050E+01
  -1.330  0.2586E+00  0.2052E+01
  -1.320  0.2830E+00  0.2055E+01
  -1.310  0.3082E+00  0.2058E+01
  -1.300  0.3338E+00  0.2061E+01
  -1.290  0.3593E+00  0.2065E+01
  -1.280  0.3840E+00  0.2069E+01
  -1.270  0.4075E+00  0.2073E+01
  -1.260  0.4291E+00  0.2077E+01
  -1.250  0.4484E+00  0.2082E+01
  -1.240  0.4649E+00  0.2086E+01
  -1.230  0.4782E+00  0.2091E+01
  -1.220  0.4881E+00  0.2096E+01
  -1.210  0.4944E+00  0.2101E+01
  -1.200  0.4971E+00  0.2106E+01
  -1.190  0.4962E+00  0.2111E+01
  -1.180  0.4921E+00  0.2116E+01
  -1.170  0.4849E+00  0.2121E+01
  -1.160  0.4752E+00  0.2125E+01
  -1.150  0.4633E+00  0.2130E+01
  -1.140  0.4497E+00  0.2135E+01
  -1.130  0.4352E+00  0.2139E+01
  -1.120  0.4201E+00  0.2143E+01
  -1.110  0.4051E+00  0.2147E+01
  -1.100  0.3908E+00  0.2151E+01
  -1.090  0.3776E+00  0.2155E+01
  -1.080  0.3661E+00  0.2159E+01
  -1.070  0.3567E+00  0.2162E+01
  -1.060  0.3500E+00  0.2166E+01
  -1.050  0.3461E+00  0.2169E+01
  -1.040  0.3457E+00  0.2173E+01
  -1.030  0.3488E+00  0.2176E+01
  -1.020  0.3559E+00  0.2180E+01
  -1.010  0.3671E+00  0.2183E+01
  -1.000  0.3827E+00  0.2187E+01
  -0.990  0.4026E+00  0.2191E+01
  -0.980  0.4269E+00  0.2195E+01
  -0.970  0.4556E+00  0.2200E+01
  -0.960  0.4885E+00  0.2205E+01
  -0.950  0.5254E+00  0.2210E+01
  -0.940  0.5659E+00  0.2216E+01
  -0.930  0.6096E+00  0.2222E+01
  -0.920  0.6560E+00  0.2228E+01
  -0.910  0.7045E+00  0.2235E+01
  -0.900  0.7546E+00  0.2243E+01
  -0.890  0.8055E+00  0.2251E+01
  -0.880  0.8566E+00  0.2260E+01
  -0.870  0.9073E+00  0.2269E+01
  -0.860  0.9568E+00  0.2278E+01
  -0.850  0.1005E+01  0.2288E+01
  -0.840  0.1050E+01  0.2299E+01
  -0.830  0.1093E+01  0.2310E+01
  -0.820  0.1133E+01  0.2321E+01
  -0.810  0.1169E+01  0.2333E+01
  -0.800  0.1202E+01  0.2345E+01
  -0.790  0.1230E+01  0.2357E+01
  -0.780  0.1255E+01  0.2370E+01
  -0.770  0.1277E+01  0.2382E+01
  -0.760  0.1294E+01  0.2395E+01
  -0.750  0.1307E+01  0.2408E+01
  -0.740  0.1317E+01  0.2422E+01
  -0.730  0.1324E+01  0.2435E+01
  -0.720  0.1327E+01  0.2448E+01
  -0.710  0.1327E+01  0.2461E+01
  -0.700  0.1324E+01  0.2475E+01
  -0.690  0.1319E+01  0.2488E+01
  -0.680  0.1311E+01  0.2501E+01
  -0.670  0.1301E+01  0.2514E+01
  -0.660  0.1289E+01  0.2527E+01
  -0.650  0.1276E+01  0.2540E+01
  -0.640  0.1261E+01  0.2552E+01
  -0.630  0.1244E+01  0.2565E+01
  -0.620  0.1226E+01  0.2577E+01
  -0.610  0.1208E+01  0.2589E+01
  -0.600  0.1189E+01  0.2601E+01
  -0.590  0.1169E+01  0.2613E+01
  -0.580  0.1149E+01  0.2624E+01
  -0.570  0.1129E+01  0.2635E+01
  -0.560  0.1110E+01  0.2646E+01
  -0.550  0.1090E+01  0.2657E+01
  -0.540  0.1071E+01  0.2668E+01
  -0.530  0.1052E+01  0.2679E+01
  -0.520  0.1034E+01  0.2689E+01
  -0.510  0.1017E+01  0.2699E+01
  -0.500  0.9998E+00  0.2709E+01
  -0.490  0.9837E+00  0.2719E+01
  -0.480  0.9682E+00  0.2729E+01
  -0.470  0.9534E+00  0.2738E+01
  -0.460  0.9393E+00  0.2747E+01
  -0.450  0.9257E+00  0.2757E+01
  -0.440  0.9128E+00  0.2766E+01
  -0.430  0.9004E+00  0.2775E+01
  -0.420  0.8885E+00  0.2784E+01
  -0.410  0.8771E+00  0.2793E+01
  -0.400  0.8661E+00  0.2801E+01
  -0.390  0.8554E+00  0.2810E+01
  -0.380  0.8450E+00  0.2818E+01
  -0.370  0.8349E+00  0.2827E+01
  -0.360  0.8247E+00  0.2835E+01
  -0.350  0.8146E+00  0.2843E+01
  -0.340  0.8043E+00  0.2851E+01
  -0.330  0.7937E+00  0.2859E+01
  -0.320  0.7828E+00  0.2867E+01
  -0.310  0.7714E+00  0.2874E+01
  -0.300  0.7596E+00  0.2882E+01
  -0.290  0.7473E+00  0.2890E+01
  -0.280  0.7347E+00  0.2897E+01
  -0.270  0.7218E+00  0.2904E+01
  -0.260  0.7087E+00  0.2911E+01
  -0.250  0.6958E+00  0.2918E+01
  -0.240  0.6833E+00  0.2925E+01
  -0.230  0.6715E+00  0.2932E+01
  -0.220  0.6606E+00  0.2938E+01
  -0.210  0.6509E+00  0.2945E+01
  -0.200  0.6427E+00  0.2951E+01
  -0.190  0.6362E+00  0.2958E+01
  -0.180  0.6315E+00  0.2964E+01
  -0.170  0.6286E+00  0.2970E+01
  -0.160  0.6275E+00  0.2976E+01
  -0.150  0.6280E+00  0.2983E+01
  -0.140  0.6299E+00  0.2989E+01
  -0.130  0.6328E+00  0.2995E+01
  -0.120  0.6364E+00  0.3002E+01
  -0.110  0.6401E+00  0.3008E+01
  -0.100  0.6435E+00  0.3015E+01
  -0.090  0.6461E+00  0.3021E+01
  -0.080  0.6474E+00  0.3027E+01
  -0.070  0.6470E+00  0.3034E+01
  -0.060  0.6446E+00  0.3040E+01
  -0.050  0.6399E+00  0.3047E+01
  -0.040  0.6329E+00  0.3053E+01
  -0.030  0.6236E+00  0.3059E+01
  -0.020  0.6122E+00  0.3065E+01
  -0.010  0.5989E+00  0.3071E+01
   0.000  0.5840E+00  0.3077E+01
   0.010  0.5682E+00  0.3083E+01
   0.020  0.5519E+00  0.3089E+01
   0.030  0.5357E+00  0.3094E+01
   0.040  0.5202E+00  0.3099E+01
   0.050  0.5060E+00  0.3104E+01
   0.060  0.4935E+00  0.3109E+01
   0.070  0.4831E+00  0.3114E+01
   0.080  0.4753E+00  0.3119E+01
   0.090  0.4701E+00  0.3123E+01
   0.100  0.4677E+00  0.3128E+01
   0.110  0.4679E+00  0.3133E+01
   0.120  0.4706E+00  0.3137E+01
   0.130  0.4755E+00  0.3142E+01
   0.140  0.4822E+00  0.3147E+01
   0.150  0.4902E+00  0.3152E+01
   0.160  0.4989E+00  0.3157E+01
   0.170  0.5077E+00  0.3162E+01
   0.180  0.5162E+00  0.3167E+01
   0.190  0.5238E+00  0.3172E+01
   0.200  0.5299E+00  0.3178E+01
   0.210  0.5343E+00  0.3183E+01
   0.220  0.5367E+00  0.3188E+01
   0.230  0.5368E+00  0.3194E+01
   0.240  0.5345E+00  0.3199E+01
   0.250  0.5300E+00  0.3204E+01
   0.260  0.5235E+00  0.3210E+01
   0.270  0.5151E+00  0.3215E+01
   0.280  0.5052E+00  0.3220E+01
   0.290  0.4943E+00  0.3225E+01
   0.300  0.4828E+00  0.3230E+01
   0.310  0.4713E+00  0.3234E+01
   0.320  0.4601E+00  0.3239E+01
   0.330  0.4497E+00  0.3243E+01
   0.340  0.4405E+00  0.3248E+01
   0.350  0.4328E+00  0.3252E+01
   0.360  0.4268E+00  0.3256E+01
   0.370  0.4226E+00  0.3261E+01
   0.380  0.4202E+00  0.3265E+01
   0.390  0.4195E+00  0.3269E+01
   0.400  0.4203E+00  0.3273E+01
   0.410  0.4223E+00  0.3277E+01
   0.420  0.4252E+00  0.3282E+01
   0.430  0.4287E+00  0.3286E+01
   0.440  0.4323E+00  0.3290E+01
   0.450  0.4357E+00  0.3295E+01
   0.460  0.4384E+00  0.3299E+01
   0.470  0.4403E+00  0.3303E+01
   0.480  0.4411E+00  0.3308E+01
   0.490  0.4405E+00  0.3312E+01
   0.500  0.4386E+00  0.3317E+01
   0.510  0.4353E+00  0.3321E+01
   0.520  0.4308E+00  0.3325E+01
   0.530  0.4251E+00  0.3330E+01
   0.540  0.4184E+00  0.3334E+01
   0.550  0.4112E+00  0.3338E+01
   0.560  0.4035E+00  0.3342E+01
   0.570  0.3958E+00  0.3346E+01
   0.580  0.3883E+00  0.3350E+01
   0.590  0.3813E+00  0.3354E+01
   0.600  0.3749E+00  0.3357E+01
   0.610  0.3694E+00  0.3361E+01
   0.620  0.3650E+00  0.3365E+01
   0.630  0.3616E+00  0.3368E+01
   0.640  0.3594E+00  0.3372E+01
   0.650  0.3582E+00  0.3375E+01
   0.660  0.3580E+00  0.3379E+01
   0.670  0.3586E+00  0.3383E+01
   0.680  0.3598E+00  0.3386E+01
   0.690  0.3614E+00  0.3390E+01
   0.700  0.3632E+00  0.3393E+01
   0.710  0.3648E+00  0.3397E+01
   0.720  0.3662E+00  0.3401E+01
   0.730  0.3669E+00  0.3404E+01
   0.740  0.3668E+00  0.3408E+01
   0.750  0.3658E+00  0.3412E+01
   0.760  0.3636E+00  0.3415E+01
   0.770  0.3604E+00  0.3419E+01
   0.780  0.3560E+00  0.3423E+01
   0.790  0.3505E+00  0.3426E+01
   0.800  0.3441E+00  0.3430E+01
   0.810  0.3370E+00  0.3433E+01
   0.820  0.3294E+00  0.3436E+01
   0.830  0.3215E+00  0.3439E+01
   0.840  0.3138E+00  0.3443E+01
   0.850  0.3064E+00  0.3446E+01
   0.860  0.2998E+00  0.3449E+01
   0.870  0.2942E+00  0.3452E+01
   0.880  0.2899E+00  0.3454E+01
   0.890  0.2871E+00  0.3457E+01
   0.900  0.2859E+00  0.3460E+01
   0.910  0.2865E+00  0.3463E+01
   0.920  0.2889E+00  0.3466E+01
   0.930  0.2931E+00  0.3469E+01
   0.940  0.2988E+00  0.3472E+01
   0.950  0.3059E+00  0.3475E+01
   0.960  0.3142E+00  0.3478E+01
   0.970  0.3234E+00  0.3481E+01
   0.980  0.3331E+00  0.3485E+01
   0.990  0.3430E+00  0.3488E+01
   1.000  0.3526E+00  0.3492E+01
   1.010  0.3616E+00  0.3495E+01
   1.020  0.3697E+00  0.3499E+01
   1.030  0.3765E+00  0.3503E+01
   1.040  0.3816E+00  0.3506E+01
   1.050  0.3849E+00  0.3510E+01
   1.060  0.3861E+00  0.3514E+01
   1.070  0.3852E+00  0.3518E+01
   1.080  0.3820E+00  0.3522E+01
   1.090  0.3765E+00  0.3526E+01
   1.100  0.3690E+00  0.3529E+01
   1.110  0.3595E+00  0.3533E+01
   1.120  0.3483E+00  0.3536E+01
   1.130  0.3356E+00  0.3540E+01
   1.140  0.3218E+00  0.3543E+01
   1.150  0.3072E+00  0.3546E+01
   1.160  0.2922E+00  0.3549E+01
   1.170  0.2771E+00  0.3552E+01
   1.180  0.2624E+00  0.3554E+01
   1.190  0.2484E+00  0.3557E+01
   1.200  0.2354E+00  0.3559E+01
   1.210  0.2237E+00  0.3561E+01
   1.220  0.2135E+00  0.3564E+01
   1.230  0.2051E+00  0.3566E+01
   1.240  0.1986E+00  0.3568E+01
   1.250  0.1941E+00  0.3570E+01
   1.260  0.1917E+00  0.3571E+01
   1.270  0.1913E+00  0.3573E+01
   1.280  0.1928E+00  0.3575E+01
   1.290  0.1962E+00  0.3577E+01
   1.300  0.2013E+00  0.3579E+01
   1.310  0.2079E+00  0.3581E+01
   1.320  0.2156E+00  0.3583E+01
   1.330  0.2243E+00  0.3586E+01
   1.340  0.2335E+00  0.3588E+01
   1.350  0.2430E+00  0.3590E+01
   1.360  0.2524E+00  0.3593E+01
   1.370  0.2613E+00  0.3596E+01
   1.380  0.2695E+00  0.3598E+01
   1.390  0.2766E+00  0.3601E+01
   1.400  0.2824E+00  0.3604E+01
   1.410  0.2866E+00  0.3607E+01
   1.420  0.2892E+00  0.3610E+01
   1.430  0.2899E+00  0.3613E+01
   1.440  0.2888E+00  0.3615E+01
   1.450  0.2860E+00  0.3618E+01
   1.460  0.2815E+00  0.3621E+01
   1.470  0.2757E+00  0.3624E+01
   1.480  0.2687E+00  0.3627E+01
   1.490  0.2608E+00  0.3629E+01
   1.500  0.2525E+00  0.3632E+01
   1.510  0.2442E+00  0.3634E+01
   1.520  0.2362E+00  0.3637E+01
   1.530  0.2290E+00  0.3639E+01
   1.540  0.2230E+00  0.3641E+01
   1.550  0.2187E+00  0.3643E+01
   1.560  0.2163E+00  0.3645E+01
   1.570  0.2162E+00  0.3648E+01
   1.580  0.2188E+00  0.3650E+01
   1.590  0.2241E+00  0.3652E+01
   1.600  0.2323E+00  0.3654E+01
   1.610  0.2435E+00  0.3657E+01
   1.620  0.2576E+00  0.3659E+01
   1.630  0.2745E+00  0.3662E+01
   1.640  0.2941E+00  0.3665E+01
   1.650  0.3162E+00  0.3668E+01
   1.660  0.3404E+00  0.3672E+01
   1.670  0.3665E+00  0.3675E+01
   1.680  0.3941E+00  0.3679E+01
   1.690  0.4229E+00  0.3683E+01
   1.700  0.4524E+00  0.3688E+01
   1.710  0.4824E+00  0.3693E+01
   1.720  0.5126E+00  0.3698E+01
   1.730  0.5425E+00  0.3703E+01
   1.740  0.5721E+00  0.3709E+01
   1.750  0.6010E+00  0.3715E+01
   1.760  0.6291E+00  0.3721E+01
   1.770  0.6563E+00  0.3728E+01
   1.780  0.6825E+00  0.3735E+01
   1.790  0.7075E+00  0.3742E+01
   1.800  0.7315E+00  0.3749E+01
   1.810  0.7542E+00  0.3757E+01
   1.820  0.7759E+00  0.3764E+01
   1.830  0.7964E+00  0.3772E+01
   1.840  0.8159E+00  0.3781E+01
   1.850  0.8344E+00  0.3789E+01
   1.860  0.8519E+00  0.3797E+01
   1.870  0.8687E+00  0.3806E+01
   1.880  0.8846E+00  0.3815E+01
   1.890  0.9000E+00  0.3824E+01
   1.900  0.9147E+00  0.3833E+01
   1.910  0.9290E+00  0.3842E+01
   1.920  0.9429E+00  0.3852E+01
   1.930  0.9565E+00  0.3861E+01
   1.940  0.9699E+00  0.3871E+01
   1.950  0.9831E+00  0.3881E+01
   1.960  0.9962E+00  0.3891E+01
   1.970  0.1009E+01  0.3901E+01
   1.980  0.1022E+01  0.3911E+01
   1.990  0.1035E+01  0.3921E+01
   2.000  0.1047E+01  0.3932E+01
   2.010  0.1059E+01  0.3943E+01
   2.020  0.1071E+01  0.3953E+01
   2.030  0.1082E+01  0.3964E+01
   2.040  0.1093E+01  0.3975E+01
   2.050  0.1104E+01  0.3986E+01
   2.060  0.1114E+01  0.3997E+01
   2.070  0.1123E+01  0.4008E+01
   2.080  0.1132E+01  0.4020E+01
   2.090  0.1140E+01  0.4031E+01
   2.100  0.1147E+01  0.4043E+01
   2.110  0.1154E+01  0.4054E+01
   2.120  0.1160E+01  0.4066E+01
   2.130  0.1164E+01  0.4077E+01
   2.140  0.1168E+01  0.4089E+01
   2.150  0.1171E+01  0.4101E+01
   2.160  0.1174E+01  0.4113E+01
   2.170  0.1175E+01  0.4124E+01
   2.180  0.1175E+01  0.4136E+01
   2.190  0.1174E+01  0.4148E+01
   2.200  0.1172E+01  0.4159E+01
   2.210  0.1169E+01  0.4171E+01
   2.220  0.1165E+01  0.4183E+01
   2.230  0.1160E+01  0.4194E+01
   2.240  0.1155E+01  0.4206E+01
   2.250  0.1149E+01  0.4217E+01
   2.260  0.1142E+01  0.4229E+01
   2.270  0.1135E+01  0.4240E+01
   2.280  0.1127E+01  0.4252E+01
   2.290  0.1119E+01  0.4263E+01
   2.300  0.1111E+01  0.4274E+01
   2.310  0.1103E+01  0.4285E+01
   2.320  0.1094E+01  0.4296E+01
   2.330  0.1085E+01  0.4307E+01
   2.340  0.1076E+01  0.4317E+01
   2.350  0.1066E+01  0.4328E+01
   2.360  0.1056E+01  0.4339E+01
   2.370  0.1046E+01  0.4349E+01
   2.380  0.1037E+01  0.4359E+01
   2.390  0.1027E+01  0.4370E+01
   2.400  0.1017E+01  0.4380E+01
   2.410  0.1008E+01  0.4390E+01
   2.420  0.9996E+00  0.4400E+01
   2.430  0.9922E+00  0.4410E+01
   2.440  0.9863E+00  0.4420E+01
   2.450  0.9820E+00  0.4430E+01
   2.460  0.9797E+00  0.4439E+01
   2.470  0.9796E+00  0.4449E+01
   2.480  0.9819E+00  0.4459E+01
   2.490  0.9867E+00  0.4469E+01
   2.500  0.9939E+00  0.4479E+01
   2.510  0.1004E+01  0.4489E+01
   2.520  0.1015E+01  0.4499E+01
   2.530  0.1029E+01  0.4509E+01
   2.540  0.1044E+01  0.4520E+01
   2.550  0.1059E+01  0.4530E+01
   2.560  0.1076E+01  0.4541E+01
   2.570  0.1091E+01  0.4552E+01
   2.580  0.1107E+01  0.4563E+01
   2.590  0.1121E+01  0.4574E+01
   2.600  0.1133E+01  0.4586E+01
   2.610  0.1143E+01  0.4597E+01
   2.620  0.1152E+01  0.4609E+01
   2.630  0.1158E+01  0.4620E+01
   2.640  0.1162E+01  0.4632E+01
   2.650  0.1164E+01  0.4643E+01
   2.660  0.1164E+01  0.4655E+01
   2.670  0.1162E+01  0.4667E+01
   2.680  0.1159E+01  0.4678E+01
   2.690  0.1156E+01  0.4690E+01
   2.700  0.1151E+01  0.4701E+01
   2.710  0.1146E+01  0.4713E+01
   2.720  0.1140E+01  0.4724E+01
   2.730  0.1135E+01  0.4735E+01
   2.740  0.1129E+01  0.4747E+01
   2.750  0.1123E+01  0.4758E+01
   2.760  0.1117E+01  0.4769E+01
   2.770  0.1110E+01  0.4780E+01
   2.780  0.1104E+01  0.4791E+01
   2.790  0.1096E+01  0.4802E+01
   2.800  0.1088E+01  0.4813E+01
   2.810  0.1080E+01  0.4824E+01
   2.820  0.1071E+01  0.4835E+01
   2.830  0.1061E+01  0.4845E+01
   2.840  0.1051E+01  0.4856E+01
   2.850  0.1041E+01  0.4866E+01
   2.860  0.1031E+01  0.4877E+01
   2.870  0.1022E+01  0.4887E+01
   2.880  0.1014E+01  0.4897E+01
   2.890  0.1007E+01  0.4907E+01
   2.900  0.1001E+01  0.4917E+01
   2.910  0.9982E+00  0.4927E+01
   2.920  0.9977E+00  0.4937E+01
   2.930  0.1000E+01  0.4947E+01
   2.940  0.1006E+01  0.4957E+01
   2.950  0.1015E+01  0.4967E+01
   2.960  0.1029E+01  0.4977E+01
   2.970  0.1046E+01  0.4988E+01
   2.980  0.1067E+01  0.4999E+01
   2.990  0.1092E+01  0.5009E+01
   3.000  0.1120E+01  0.5021E+01
   3.010  0.1152E+01  0.5032E+01
   3.020  0.1186E+01  0.5044E+01
   3.030  0.1223E+01  0.5056E+01
   3.040  0.1261E+01  0.5069E+01
   3.050  0.1300E+01  0.5082E+01
   3.060  0.1340E+01  0.5095E+01
   3.070  0.1379E+01  0.5109E+01
   3.080  0.1416E+01  0.5123E+01
   3.090  0.1452E+01  0.5138E+01
   3.100  0.1485E+01  0.5153E+01
   3.110  0.1514E+01  0.5168E+01
   3.120  0.1539E+01  0.5183E+01
   3.130  0.1561E+01  0.5199E+01
   3.140  0.1578E+01  0.5215E+01
   3.150  0.1590E+01  0.5230E+01
   3.160  0.1599E+01  0.5246E+01
   3.170  0.1603E+01  0.5262E+01
   3.180  0.1603E+01  0.5278E+01
   3.190  0.1599E+01  0.5294E+01
   3.200  0.1593E+01  0.5310E+01
   3.210  0.1584E+01  0.5326E+01
   3.220  0.1573E+01  0.5342E+01
   3.230  0.1560E+01  0.5358E+01
   3.240  0.1546E+01  0.5373E+01
   3.250  0.1532E+01  0.5388E+01
   3.260  0.1518E+01  0.5404E+01
   3.270  0.1504E+01  0.5419E+01
   3.280  0.1490E+01  0.5433E+01
   3.290  0.1478E+01  0.5448E+01
   3.300  0.1466E+01  0.5463E+01
   3.310  0.1456E+01  0.5477E+01
   3.320  0.1447E+01  0.5492E+01
   3.330  0.1440E+01  0.5506E+01
   3.340  0.1434E+01  0.5521E+01
   3.350  0.1430E+01  0.5535E+01
   3.360  0.1427E+01  0.5549E+01
   3.370  0.1427E+01  0.5564E+01
   3.380  0.1428E+01  0.5578E+01
   3.390  0.1430E+01  0.5592E+01
   3.400  0.1434E+01  0.5606E+01
   3.410  0.1439E+01  0.5621E+01
   3.420  0.1445E+01  0.5635E+01
   3.430  0.1452E+01  0.5650E+01
   3.440  0.1460E+01  0.5664E+01
   3.450  0.1468E+01  0.5679E+01
   3.460  0.1476E+01  0.5694E+01
   3.470  0.1484E+01  0.5709E+01
   3.480  0.1491E+01  0.5724E+01
   3.490  0.1498E+01  0.5739E+01
   3.500  0.1504E+01  0.5754E+01
   3.510  0.1509E+01  0.5769E+01
   3.520  0.1512E+01  0.5784E+01
   3.530  0.1514E+01  0.5799E+01
   3.540  0.1514E+01  0.5814E+01
   3.550  0.1513E+01  0.5829E+01
   3.560  0.1509E+01  0.5844E+01
   3.570  0.1503E+01  0.5859E+01
   3.580  0.1496E+01  0.5874E+01
   3.590  0.1486E+01  0.5889E+01
   3.600  0.1474E+01  0.5904E+01
   3.610  0.1459E+01  0.5918E+01
   3.620  0.1443E+01  0.5933E+01
   3.630  0.1426E+01  0.5947E+01
   3.640  0.1406E+01  0.5961E+01
   3.650  0.1386E+01  0.5975E+01
   3.660  0.1365E+01  0.5989E+01
   3.670  0.1344E+01  0.6002E+01
   3.680  0.1323E+01  0.6015E+01
   3.690  0.1303E+01  0.6028E+01
   3.700  0.1285E+01  0.6041E+01
   3.710  0.1270E+01  0.6054E+01
   3.720  0.1256E+01  0.6067E+01
   3.730  0.1247E+01  0.6079E+01
   3.740  0.1241E+01  0.6091E+01
   3.750  0.1239E+01  0.6104E+01
   3.760  0.1242E+01  0.6116E+01
   3.770  0.1249E+01  0.6129E+01
   3.780  0.1261E+01  0.6141E+01
   3.790  0.1278E+01  0.6154E+01
   3.800  0.1298E+01  0.6167E+01
   3.810  0.1323E+01  0.6180E+01
   3.820  0.1350E+01  0.6194E+01
   3.830  0.1381E+01  0.6208E+01
   3.840  0.1412E+01  0.6222E+01
   3.850  0.1445E+01  0.6236E+01
   3.860  0.1478E+01  0.6251E+01
   3.870  0.1509E+01  0.6266E+01
   3.880  0.1539E+01  0.6281E+01
   3.890  0.1566E+01  0.6297E+01
   3.900  0.1589E+01  0.6313E+01
   3.910  0.1608E+01  0.6329E+01
   3.920  0.1622E+01  0.6345E+01
   3.930  0.1630E+01  0.6362E+01
   3.940  0.1633E+01  0.6378E+01
   3.950  0.1630E+01  0.6394E+01
   3.960  0.1622E+01  0.6410E+01
   3.970  0.1609E+01  0.6427E+01
   3.980  0.1592E+01  0.6442E+01
   3.990  0.1570E+01  0.6458E+01
   4.000  0.1545E+01  0.6474E+01
   4.010  0.1517E+01  0.6489E+01
   4.020  0.1488E+01  0.6504E+01
   4.030  0.1457E+01  0.6518E+01
   4.040  0.1426E+01  0.6533E+01
   4.050  0.1395E+01  0.6546E+01
   4.060  0.1365E+01  0.6560E+01
   4.070  0.1337E+01  0.6573E+01
   4.080  0.1309E+01  0.6587E+01
   4.090  0.1284E+01  0.6599E+01
   4.100  0.1260E+01  0.6612E+01
   4.110  0.1239E+01  0.6624E+01
   4.120  0.1219E+01  0.6637E+01
   4.130  0.1202E+01  0.6649E+01
   4.140  0.1186E+01  0.6660E+01
   4.150  0.1173E+01  0.6672E+01
   4.160  0.1161E+01  0.6684E+01
   4.170  0.1152E+01  0.6695E+01
   4.180  0.1144E+01  0.6707E+01
   4.190  0.1138E+01  0.6718E+01
   4.200  0.1134E+01  0.6730E+01
   4.210  0.1132E+01  0.6741E+01
   4.220  0.1131E+01  0.6752E+01
   4.230  0.1132E+01  0.6763E+01
   4.240  0.1135E+01  0.6775E+01
   4.250  0.1139E+01  0.6786E+01
   4.260  0.1145E+01  0.6798E+01
   4.270  0.1152E+01  0.6809E+01
   4.280  0.1160E+01  0.6821E+01
   4.290  0.1169E+01  0.6832E+01
   4.300  0.1179E+01  0.6844E+01
   4.310  0.1189E+01  0.6856E+01
   4.320  0.1200E+01  0.6868E+01
   4.330  0.1212E+01  0.6880E+01
   4.340  0.1223E+01  0.6892E+01
   4.350  0.1234E+01  0.6905E+01
   4.360  0.1245E+01  0.6917E+01
   4.370  0.1255E+01  0.6930E+01
   4.380  0.1265E+01  0.6942E+01
   4.390  0.1274E+01  0.6955E+01
   4.400  0.1282E+01  0.6968E+01
   4.410  0.1289E+01  0.6981E+01
   4.420  0.1295E+01  0.6994E+01
   4.430  0.1300E+01  0.7007E+01
   4.440  0.1303E+01  0.7020E+01
   4.450  0.1304E+01  0.7033E+01
   4.460  0.1305E+01  0.7046E+01
   4.470  0.1303E+01  0.7059E+01
   4.480  0.1301E+01  0.7072E+01
   4.490  0.1296E+01  0.7085E+01
   4.500  0.1291E+01  0.7098E+01
   4.510  0.1283E+01  0.7111E+01
   4.520  0.1275E+01  0.7123E+01
   4.530  0.1265E+01  0.7136E+01
   4.540  0.1253E+01  0.7149E+01
   4.550  0.1241E+01  0.7161E+01
   4.560  0.1228E+01  0.7173E+01
   4.570  0.1215E+01  0.7186E+01
   4.580  0.1202E+01  0.7198E+01
   4.590  0.1189E+01  0.7209E+01
   4.600  0.1176E+01  0.7221E+01
   4.610  0.1164E+01  0.7233E+01
   4.620  0.1154E+01  0.7244E+01
   4.630  0.1145E+01  0.7256E+01
   4.640  0.1138E+01  0.7267E+01
   4.650  0.1132E+01  0.7279E+01
   4.660  0.1129E+01  0.7290E+01
   4.670  0.1127E+01  0.7301E+01
   4.680  0.1126E+01  0.7312E+01
   4.690  0.1127E+01  0.7324E+01
   4.700  0.1129E+01  0.7335E+01
   4.710  0.1130E+01  0.7346E+01
   4.720  0.1132E+01  0.7357E+01
   4.730  0.1133E+01  0.7369E+01
   4.740  0.1132E+01  0.7380E+01
   4.750  0.1130E+01  0.7391E+01
   4.760  0.1126E+01  0.7403E+01
   4.770  0.1120E+01  0.7414E+01
   4.780  0.1111E+01  0.7425E+01
   4.790  0.1099E+01  0.7436E+01
   4.800  0.1086E+01  0.7447E+01
   4.810  0.1071E+01  0.7458E+01
   4.820  0.1054E+01  0.7468E+01
   4.830  0.1036E+01  0.7478E+01
   4.840  0.1017E+01  0.7489E+01
   4.850  0.9983E+00  0.7499E+01
   4.860  0.9801E+00  0.7508E+01
   4.870  0.9627E+00  0.7518E+01
   4.880  0.9464E+00  0.7528E+01
   4.890  0.9314E+00  0.7537E+01
   4.900  0.9179E+00  0.7546E+01
   4.910  0.9057E+00  0.7555E+01
   4.920  0.8948E+00  0.7564E+01
   4.930  0.8848E+00  0.7573E+01
   4.940  0.8754E+00  0.7582E+01
   4.950  0.8663E+00  0.7590E+01
   4.960  0.8571E+00  0.7599E+01
   4.970  0.8473E+00  0.7607E+01
   4.980  0.8367E+00  0.7616E+01
   4.990  0.8249E+00  0.7624E+01
   5.000  0.8118E+00  0.7632E+01
   5.010  0.7973E+00  0.7640E+01
   5.020  0.7815E+00  0.7648E+01
   5.030  0.7643E+00  0.7655E+01
   5.040  0.7460E+00  0.7663E+01
   5.050  0.7269E+00  0.7670E+01
   5.060  0.7073E+00  0.7677E+01
   5.070  0.6875E+00  0.7684E+01
   5.080  0.6679E+00  0.7691E+01
   5.090  0.6489E+00  0.7697E+01
   5.100  0.6307E+00  0.7704E+01
   5.110  0.6137E+00  0.7710E+01
   5.120  0.5980E+00  0.7716E+01
   5.130  0.5838E+00  0.7722E+01
   5.140  0.5710E+00  0.7727E+01
   5.150  0.5597E+00  0.7733E+01
   5.160  0.5498E+00  0.7738E+01
   5.170  0.5411E+00  0.7744E+01
   5.180  0.5333E+00  0.7749E+01
   5.190  0.5262E+00  0.7754E+01
   5.200  0.5196E+00  0.7760E+01
   5.210  0.5131E+00  0.7765E+01
   5.220  0.5067E+00  0.7770E+01
   5.230  0.5000E+00  0.7775E+01
   5.240  0.4929E+00  0.7780E+01
   5.250  0.4853E+00  0.7785E+01
   5.260  0.4772E+00  0.7789E+01
   5.270  0.4686E+00  0.7794E+01
   5.280  0.4596E+00  0.7799E+01
   5.290  0.4505E+00  0.7803E+01
   5.300  0.4414E+00  0.7808E+01
   5.310  0.4324E+00  0.7812E+01
   5.320  0.4240E+00  0.7816E+01
   5.330  0.4163E+00  0.7820E+01
   5.340  0.4095E+00  0.7824E+01
   5.350  0.4038E+00  0.7828E+01
   5.360  0.3994E+00  0.7832E+01
   5.370  0.3963E+00  0.7836E+01
   5.380  0.3945E+00  0.7840E+01
   5.390  0.3939E+00  0.7844E+01
   5.400  0.3946E+00  0.7848E+01
   5.410  0.3961E+00  0.7852E+01
   5.420  0.3984E+00  0.7856E+01
   5.430  0.4012E+00  0.7860E+01
   5.440  0.4041E+00  0.7864E+01
   5.450  0.4069E+00  0.7868E+01
   5.460  0.4093E+00  0.7872E+01
   5.470  0.4110E+00  0.7876E+01
   5.480  0.4118E+00  0.7881E+01
   5.490  0.4115E+00  0.7885E+01
   5.500  0.4099E+00  0.7889E+01
   5.510  0.4070E+00  0.7893E+01
   5.520  0.4027E+00  0.7897E+01
   5.530  0.3972E+00  0.7901E+01
   5.540  0.3904E+00  0.7905E+01
   5.550  0.3825E+00  0.7909E+01
   5.560  0.3736E+00  0.7912E+01
   5.570  0.3638E+00  0.7916E+01
   5.580  0.3535E+00  0.7920E+01
   5.590  0.3428E+00  0.7923E+01
   5.600  0.3317E+00  0.7926E+01
   5.610  0.3206E+00  0.7929E+01
   5.620  0.3096E+00  0.7933E+01
   5.630  0.2988E+00  0.7936E+01
   5.640  0.2882E+00  0.7938E+01
   5.650  0.2780E+00  0.7941E+01
   5.660  0.2683E+00  0.7944E+01
   5.670  0.2589E+00  0.7946E+01
   5.680  0.2501E+00  0.7949E+01
   5.690  0.2416E+00  0.7951E+01
   5.700  0.2335E+00  0.7954E+01
   5.710  0.2258E+00  0.7956E+01
   5.720  0.2184E+00  0.7958E+01
   5.730  0.2112E+00  0.7960E+01
   5.740  0.2043E+00  0.7962E+01
   5.750  0.1975E+00  0.7964E+01
   5.760  0.1909E+00  0.7966E+01
   5.770  0.1844E+00  0.7968E+01
   5.780  0.1780E+00  0.7970E+01
   5.790  0.1717E+00  0.7972E+01
   5.800  0.1655E+00  0.7973E+01
   5.810  0.1594E+00  0.7975E+01
   5.820  0.1535E+00  0.7976E+01
   5.830  0.1477E+00  0.7978E+01
   5.840  0.1421E+00  0.7979E+01
   5.850  0.1366E+00  0.7981E+01
   5.860  0.1313E+00  0.7982E+01
   5.870  0.1262E+00  0.7983E+01
   5.880  0.1213E+00  0.7984E+01
   5.890  0.1164E+00  0.7986E+01
   5.900  0.1117E+00  0.7987E+01
   5.910  0.1070E+00  0.7988E+01
   5.920  0.1024E+00  0.7989E+01
   5.930  0.9778E-01  0.7990E+01
   5.940  0.9313E-01  0.7991E+01
   5.950  0.8842E-01  0.7992E+01
   5.960  0.8365E-01  0.7992E+01
   5.970  0.7880E-01  0.7993E+01
   5.980  0.7388E-01  0.7994E+01
   5.990  0.6890E-01  0.7995E+01
   6.000  0.6388E-01  0.7995E+01
   6.010  0.5886E-01  0.7996E+01
   6.020  0.5387E-01  0.7996E+01
   6.030  0.4896E-01  0.7997E+01
   6.040  0.4417E-01  0.7997E+01
   6.050  0.3954E-01  0.7998E+01
   6.060  0.3512E-01  0.7998E+01
   6.070  0.3093E-01  0.7998E+01
   6.080  0.2703E-01  0.7999E+01
   6.090  0.2341E-01  0.7999E+01
   6.100  0.2011E-01  0.7999E+01
   6.110  0.1712E-01  0.7999E+01
   6.120  0.1444E-01  0.7999E+01
   6.130  0.1208E-01  0.8000E+01
   6.140  0.1002E-01  0.8000E+01
   6.150  0.8229E-02  0.8000E+01
   6.160  0.6700E-02  0.8000E+01
   6.170  0.5407E-02  0.8000E+01
   6.180  0.4323E-02  0.8000E+01
   6.190  0.3426E-02  0.8000E+01
   6.200  0.2690E-02  0.8000E+01
   6.210  0.2094E-02  0.8000E+01
   6.220  0.1615E-02  0.8000E+01
   6.230  0.1235E-02  0.8000E+01
   6.240  0.9373E-03  0.8000E+01
   6.250  0.7062E-03  0.8000E+01
   6.260  0.5295E-03  0.8000E+01
   6.270  0.3969E-03  0.8000E+01
   6.280  0.2999E-03  0.8000E+01
   6.290  0.2318E-03  0.8000E+01
   6.300  0.1877E-03  0.8000E+01
   6.310  0.1643E-03  0.8000E+01
   6.320  0.1597E-03  0.8000E+01
   6.330  0.1732E-03  0.8000E+01
   6.340  0.2057E-03  0.8000E+01
   6.350  0.2592E-03  0.8000E+01
   6.360  0.3372E-03  0.8000E+01
   6.370  0.4444E-03  0.8000E+01
   6.380  0.5868E-03  0.8000E+01
   6.390  0.7720E-03  0.8000E+01
   6.400  0.1009E-02  0.8000E+01
   6.410  0.1308E-02  0.8000E+01
   6.420  0.1680E-02  0.8000E+01
   6.430  0.2140E-02  0.8000E+01
   6.440  0.2700E-02  0.8000E+01
   6.450  0.3377E-02  0.8000E+01
   6.460  0.4188E-02  0.8000E+01
   6.470  0.5148E-02  0.8000E+01
   6.480  0.6277E-02  0.8000E+01
   6.490  0.7591E-02  0.8000E+01
   6.500  0.9111E-02  0.8000E+01
   6.510  0.1085E-01  0.8001E+01
   6.520  0.1284E-01  0.8001E+01
   6.530  0.1509E-01  0.8001E+01
   6.540  0.1762E-01  0.8001E+01
   6.550  0.2044E-01  0.8001E+01
   6.560  0.2359E-01  0.8001E+01
   6.570  0.2708E-01  0.8002E+01
   6.580  0.3093E-01  0.8002E+01
   6.590  0.3516E-01  0.8002E+01
   6.600  0.3978E-01  0.8003E+01
   6.610  0.4482E-01  0.8003E+01
   6.620  0.5028E-01  0.8004E+01
   6.630  0.5617E-01  0.8004E+01
   6.640  0.6249E-01  0.8005E+01
   6.650  0.6923E-01  0.8006E+01
   6.660  0.7637E-01  0.8006E+01
   6.670  0.8389E-01  0.8007E+01
   6.680  0.9174E-01  0.8008E+01
   6.690  0.9988E-01  0.8009E+01
   6.700  0.1082E+00  0.8010E+01
   6.710  0.1168E+00  0.8011E+01
   6.720  0.1254E+00  0.8013E+01
   6.730  0.1340E+00  0.8014E+01
   6.740  0.1425E+00  0.8015E+01
   6.750  0.1509E+00  0.8017E+01
   6.760  0.1590E+00  0.8019E+01
   6.770  0.1669E+00  0.8020E+01
   6.780  0.1746E+00  0.8022E+01
   6.790  0.1818E+00  0.8024E+01
   6.800  0.1888E+00  0.8026E+01
   6.810  0.1955E+00  0.8028E+01
   6.820  0.2018E+00  0.8030E+01
   6.830  0.2080E+00  0.8032E+01
   6.840  0.2139E+00  0.8034E+01
   6.850  0.2198E+00  0.8036E+01
   6.860  0.2255E+00  0.8038E+01
   6.870  0.2313E+00  0.8041E+01
   6.880  0.2372E+00  0.8043E+01
   6.890  0.2432E+00  0.8045E+01
   6.900  0.2494E+00  0.8048E+01
   6.910  0.2559E+00  0.8050E+01
   6.920  0.2627E+00  0.8053E+01
   6.930  0.2699E+00  0.8056E+01
   6.940  0.2775E+00  0.8059E+01
   6.950  0.2854E+00  0.8061E+01
   6.960  0.2938E+00  0.8064E+01
   6.970  0.3027E+00  0.8067E+01
   6.980  0.3120E+00  0.8071E+01
   6.990  0.3218E+00  0.8074E+01
   7.000  0.3320E+00  0.8077E+01
   7.010  0.3426E+00  0.8080E+01
   7.020  0.3535E+00  0.8084E+01
   7.030  0.3649E+00  0.8088E+01
   7.040  0.3765E+00  0.8091E+01
   7.050  0.3883E+00  0.8095E+01
   7.060  0.4002E+00  0.8099E+01
   7.070  0.4122E+00  0.8103E+01
   7.080  0.4241E+00  0.8108E+01
   7.090  0.4359E+00  0.8112E+01
   7.100  0.4474E+00  0.8116E+01
   7.110  0.4586E+00  0.8121E+01
   7.120  0.4692E+00  0.8126E+01
   7.130  0.4793E+00  0.8131E+01
   7.140  0.4887E+00  0.8135E+01
   7.150  0.4973E+00  0.8140E+01
   7.160  0.5051E+00  0.8145E+01
   7.170  0.5120E+00  0.8151E+01
   7.180  0.5179E+00  0.8156E+01
   7.190  0.5230E+00  0.8161E+01
   7.200  0.5271E+00  0.8166E+01
   7.210  0.5304E+00  0.8172E+01
   7.220  0.5329E+00  0.8177E+01
   7.230  0.5347E+00  0.8182E+01
   7.240  0.5360E+00  0.8188E+01
   7.250  0.5369E+00  0.8193E+01
   7.260  0.5375E+00  0.8198E+01
   7.270  0.5381E+00  0.8204E+01
   7.280  0.5389E+00  0.8209E+01
   7.290  0.5399E+00  0.8215E+01
   7.300  0.5415E+00  0.8220E+01
   7.310  0.5437E+00  0.8225E+01
   7.320  0.5467E+00  0.8231E+01
   7.330  0.5506E+00  0.8236E+01
   7.340  0.5555E+00  0.8242E+01
   7.350  0.5615E+00  0.8248E+01
   7.360  0.5687E+00  0.8253E+01
   7.370  0.5769E+00  0.8259E+01
   7.380  0.5862E+00  0.8265E+01
   7.390  0.5965E+00  0.8271E+01
   7.400  0.6076E+00  0.8277E+01
   7.410  0.6195E+00  0.8283E+01
   7.420  0.6318E+00  0.8289E+01
   7.430  0.6444E+00  0.8296E+01
   7.440  0.6569E+00  0.8302E+01
   7.450  0.6692E+00  0.8309E+01
   7.460  0.6809E+00  0.8316E+01
   7.470  0.6916E+00  0.8323E+01
   7.480  0.7012E+00  0.8330E+01
   7.490  0.7094E+00  0.8337E+01
   7.500  0.7158E+00  0.8344E+01
   7.510  0.7203E+00  0.8351E+01
   7.520  0.7228E+00  0.8359E+01
   7.530  0.7233E+00  0.8366E+01
   7.540  0.7216E+00  0.8373E+01
   7.550  0.7180E+00  0.8380E+01
   7.560  0.7125E+00  0.8387E+01
   7.570  0.7054E+00  0.8394E+01
   7.580  0.6970E+00  0.8401E+01
   7.590  0.6876E+00  0.8408E+01
   7.600  0.6778E+00  0.8415E+01
   7.610  0.6680E+00  0.8422E+01
   7.620  0.6585E+00  0.8428E+01
   7.630  0.6500E+00  0.8435E+01
   7.640  0.6429E+00  0.8441E+01
   7.650  0.6377E+00  0.8448E+01
   7.660  0.6348E+00  0.8454E+01
   7.670  0.6344E+00  0.8460E+01
   7.680  0.6371E+00  0.8467E+01
   7.690  0.6429E+00  0.8473E+01
   7.700  0.6521E+00  0.8480E+01
   7.710  0.6647E+00  0.8486E+01
   7.720  0.6808E+00  0.8493E+01
   7.730  0.7004E+00  0.8500E+01
   7.740  0.7232E+00  0.8507E+01
   7.750  0.7492E+00  0.8515E+01
   7.760  0.7780E+00  0.8522E+01
   7.770  0.8094E+00  0.8531E+01
   7.780  0.8430E+00  0.8539E+01
   7.790  0.8783E+00  0.8548E+01
   7.800  0.9150E+00  0.8557E+01
   7.810  0.9525E+00  0.8566E+01
   7.820  0.9903E+00  0.8576E+01
   7.830  0.1028E+01  0.8587E+01
   7.840  0.1065E+01  0.8597E+01
   7.850  0.1100E+01  0.8608E+01
   7.860  0.1133E+01  0.8620E+01
   7.870  0.1165E+01  0.8631E+01
   7.880  0.1193E+01  0.8643E+01
   7.890  0.1218E+01  0.8655E+01
   7.900  0.1240E+01  0.8668E+01
   7.910  0.1257E+01  0.8680E+01
   7.920  0.1271E+01  0.8693E+01
   7.930  0.1282E+01  0.8706E+01
   7.940  0.1289E+01  0.8719E+01
   7.950  0.1292E+01  0.8732E+01
   7.960  0.1293E+01  0.8745E+01
   7.970  0.1291E+01  0.8758E+01
   7.980  0.1287E+01  0.8770E+01
   7.990  0.1283E+01  0.8783E+01
   8.000  0.1278E+01  0.8796E+01
   8.010  0.1273E+01  0.8809E+01
   8.020  0.1270E+01  0.8821E+01
   8.030  0.1268E+01  0.8834E+01
   8.040  0.1268E+01  0.8847E+01
   8.050  0.1272E+01  0.8860E+01
   8.060  0.1278E+01  0.8872E+01
   8.070  0.1288E+01  0.8885E+01
   8.080  0.1301E+01  0.8898E+01
   8.090  0.1317E+01  0.8911E+01
   8.100  0.1336E+01  0.8925E+01
   8.110  0.1357E+01  0.8938E+01
   8.120  0.1381E+01  0.8952E+01
   8.130  0.1407E+01  0.8966E+01
   8.140  0.1433E+01  0.8980E+01
   8.150  0.1459E+01  0.8995E+01
   8.160  0.1486E+01  0.9010E+01
   8.170  0.1511E+01  0.9025E+01
   8.180  0.1535E+01  0.9040E+01
   8.190  0.1558E+01  0.9056E+01
   8.200  0.1579E+01  0.9072E+01
   8.210  0.1597E+01  0.9088E+01
   8.220  0.1613E+01  0.9104E+01
   8.230  0.1627E+01  0.9120E+01
   8.240  0.1639E+01  0.9137E+01
   8.250  0.1649E+01  0.9153E+01
   8.260  0.1657E+01  0.9170E+01
   8.270  0.1663E+01  0.9186E+01
   8.280  0.1668E+01  0.9203E+01
   8.290  0.1672E+01  0.9220E+01
   8.300  0.1675E+01  0.9236E+01
   8.310  0.1676E+01  0.9253E+01
   8.320  0.1677E+01  0.9270E+01
   8.330  0.1677E+01  0.9287E+01
   8.340  0.1676E+01  0.9303E+01
   8.350  0.1674E+01  0.9320E+01
   8.360  0.1671E+01  0.9337E+01
   8.370  0.1666E+01  0.9354E+01
   8.380  0.1660E+01  0.9370E+01
   8.390  0.1652E+01  0.9387E+01
   8.400  0.1642E+01  0.9403E+01
   8.410  0.1630E+01  0.9419E+01
   8.420  0.1616E+01  0.9436E+01
   8.430  0.1600E+01  0.9452E+01
   8.440  0.1582E+01  0.9467E+01
   8.450  0.1561E+01  0.9483E+01
   8.460  0.1539E+01  0.9498E+01
   8.470  0.1515E+01  0.9514E+01
   8.480  0.1489E+01  0.9528E+01
   8.490  0.1463E+01  0.9543E+01
   8.500  0.1436E+01  0.9557E+01
   8.510  0.1409E+01  0.9571E+01
   8.520  0.1382E+01  0.9585E+01
   8.530  0.1356E+01  0.9599E+01
   8.540  0.1330E+01  0.9612E+01
   8.550  0.1306E+01  0.9625E+01
   8.560  0.1284E+01  0.9638E+01
   8.570  0.1263E+01  0.9651E+01
   8.580  0.1244E+01  0.9663E+01
   8.590  0.1226E+01  0.9675E+01
   8.600  0.1211E+01  0.9688E+01
   8.610  0.1197E+01  0.9699E+01
   8.620  0.1184E+01  0.9711E+01
   8.630  0.1172E+01  0.9723E+01
   8.640  0.1162E+01  0.9735E+01
   8.650  0.1152E+01  0.9746E+01
   8.660  0.1142E+01  0.9758E+01
   8.670  0.1133E+01  0.9769E+01
   8.680  0.1124E+01  0.9780E+01
   8.690  0.1115E+01  0.9791E+01
   8.700  0.1107E+01  0.9802E+01
   8.710  0.1098E+01  0.9813E+01
   8.720  0.1090E+01  0.9824E+01
   8.730  0.1082E+01  0.9835E+01
   8.740  0.1075E+01  0.9846E+01
   8.750  0.1069E+01  0.9857E+01
   8.760  0.1065E+01  0.9867E+01
   8.770  0.1062E+01  0.9878E+01
   8.780  0.1060E+01  0.9888E+01
   8.790  0.1061E+01  0.9899E+01
   8.800  0.1064E+01  0.9910E+01
   8.810  0.1069E+01  0.9920E+01
   8.820  0.1076E+01  0.9931E+01
   8.830  0.1085E+01  0.9942E+01
   8.840  0.1095E+01  0.9953E+01
   8.850  0.1107E+01  0.9964E+01
   8.860  0.1120E+01  0.9975E+01
   8.870  0.1133E+01  0.9987E+01
   8.880  0.1146E+01  0.9998E+01
   8.890  0.1158E+01  0.1001E+02
   8.900  0.1169E+01  0.1002E+02
   8.910  0.1179E+01  0.1003E+02
   8.920  0.1187E+01  0.1004E+02
   8.930  0.1192E+01  0.1006E+02
   8.940  0.1195E+01  0.1007E+02
   8.950  0.1195E+01  0.1008E+02
   8.960  0.1193E+01  0.1009E+02
   8.970  0.1188E+01  0.1010E+02
   8.980  0.1182E+01  0.1012E+02
   8.990  0.1174E+01  0.1013E+02
   9.000  0.1166E+01  0.1014E+02
   9.010  0.1157E+01  0.1015E+02
   9.020  0.1149E+01  0.1016E+02
   9.030  0.1143E+01  0.1017E+02
   9.040  0.1139E+01  0.1019E+02
   9.050  0.1137E+01  0.1020E+02
   9.060  0.1140E+01  0.1021E+02
   9.070  0.1147E+01  0.1022E+02
   9.080  0.1159E+01  0.1023E+02
   9.090  0.1176E+01  0.1024E+02
   9.100  0.1200E+01  0.1026E+02
   9.110  0.1229E+01  0.1027E+02
   9.120  0.1264E+01  0.1028E+02
   9.130  0.1305E+01  0.1029E+02
   9.140  0.1352E+01  0.1031E+02
   9.150  0.1403E+01  0.1032E+02
   9.160  0.1459E+01  0.1034E+02
   9.170  0.1519E+01  0.1035E+02
   9.180  0.1581E+01  0.1037E+02
   9.190  0.1645E+01  0.1038E+02
   9.200  0.1710E+01  0.1040E+02
   9.210  0.1774E+01  0.1042E+02
   9.220  0.1837E+01  0.1044E+02
   9.230  0.1898E+01  0.1045E+02
   9.240  0.1955E+01  0.1047E+02
   9.250  0.2008E+01  0.1049E+02
   9.260  0.2055E+01  0.1052E+02
   9.270  0.2097E+01  0.1054E+02
   9.280  0.2131E+01  0.1056E+02
   9.290  0.2159E+01  0.1058E+02
   9.300  0.2180E+01  0.1060E+02
   9.310  0.2193E+01  0.1062E+02
   9.320  0.2199E+01  0.1064E+02
   9.330  0.2199E+01  0.1067E+02
   9.340  0.2192E+01  0.1069E+02
   9.350  0.2179E+01  0.1071E+02
   9.360  0.2162E+01  0.1073E+02
   9.370  0.2140E+01  0.1075E+02
   9.380  0.2115E+01  0.1077E+02
   9.390  0.2088E+01  0.1080E+02
   9.400  0.2060E+01  0.1082E+02
   9.410  0.2030E+01  0.1084E+02
   9.420  0.2001E+01  0.1086E+02
   9.430  0.1973E+01  0.1088E+02
   9.440  0.1947E+01  0.1090E+02
   9.450  0.1922E+01  0.1091E+02
   9.460  0.1899E+01  0.1093E+02
   9.470  0.1878E+01  0.1095E+02
   9.480  0.1859E+01  0.1097E+02
   9.490  0.1843E+01  0.1099E+02
   9.500  0.1828E+01  0.1101E+02
   9.510  0.1815E+01  0.1103E+02
   9.520  0.1803E+01  0.1104E+02
   9.530  0.1792E+01  0.1106E+02
   9.540  0.1781E+01  0.1108E+02
   9.550  0.1771E+01  0.1110E+02
   9.560  0.1761E+01  0.1112E+02
   9.570  0.1750E+01  0.1113E+02
   9.580  0.1739E+01  0.1115E+02
   9.590  0.1728E+01  0.1117E+02
   9.600  0.1716E+01  0.1118E+02
   9.610  0.1704E+01  0.1120E+02
   9.620  0.1691E+01  0.1122E+02
   9.630  0.1679E+01  0.1124E+02
   9.640  0.1666E+01  0.1125E+02
   9.650  0.1653E+01  0.1127E+02
   9.660  0.1641E+01  0.1128E+02
   9.670  0.1629E+01  0.1130E+02
   9.680  0.1618E+01  0.1132E+02
   9.690  0.1608E+01  0.1133E+02
   9.700  0.1599E+01  0.1135E+02
   9.710  0.1592E+01  0.1137E+02
   9.720  0.1585E+01  0.1138E+02
   9.730  0.1580E+01  0.1140E+02
   9.740  0.1575E+01  0.1141E+02
   9.750  0.1572E+01  0.1143E+02
   9.760  0.1569E+01  0.1144E+02
   9.770  0.1566E+01  0.1146E+02
   9.780  0.1563E+01  0.1148E+02
   9.790  0.1559E+01  0.1149E+02
   9.800  0.1555E+01  0.1151E+02
   9.810  0.1549E+01  0.1152E+02
   9.820  0.1541E+01  0.1154E+02
   9.830  0.1531E+01  0.1155E+02
   9.840  0.1519E+01  0.1157E+02
   9.850  0.1504E+01  0.1158E+02
   9.860  0.1487E+01  0.1160E+02
   9.870  0.1468E+01  0.1161E+02
   9.880  0.1446E+01  0.1163E+02
   9.890  0.1422E+01  0.1164E+02
   9.900  0.1396E+01  0.1166E+02
   9.910  0.1369E+01  0.1167E+02
   9.920  0.1341E+01  0.1168E+02
   9.930  0.1313E+01  0.1170E+02
   9.940  0.1285E+01  0.1171E+02
   9.950  0.1257E+01  0.1172E+02
   9.960  0.1232E+01  0.1173E+02
   9.970  0.1208E+01  0.1175E+02
   9.980  0.1186E+01  0.1176E+02
   9.990  0.1168E+01  0.1177E+02
  10.000  0.1153E+01  0.1178E+02
  10.010  0.1141E+01  0.1179E+02
  10.020  0.1134E+01  0.1180E+02
  10.030  0.1130E+01  0.1181E+02
  10.040  0.1130E+01  0.1183E+02
  10.050  0.1134E+01  0.1184E+02
  10.060  0.1142E+01  0.1185E+02
  10.070  0.1153E+01  0.1186E+02
  10.080  0.1168E+01  0.1187E+02
  10.090  0.1185E+01  0.1188E+02
  10.100  0.1204E+01  0.1190E+02
  10.110  0.1226E+01  0.1191E+02
  10.120  0.1248E+01  0.1192E+02
  10.130  0.1271E+01  0.1193E+02
  10.140  0.1295E+01  0.1195E+02
  10.150  0.1318E+01  0.1196E+02
  10.160  0.1341E+01  0.1197E+02
  10.170  0.1363E+01  0.1199E+02
  10.180  0.1383E+01  0.1200E+02
  10.190  0.1401E+01  0.1201E+02
  10.200  0.1417E+01  0.1203E+02
  10.210  0.1431E+01  0.1204E+02
  10.220  0.1443E+01  0.1206E+02
  10.230  0.1451E+01  0.1207E+02
  10.240  0.1458E+01  0.1209E+02
  10.250  0.1461E+01  0.1210E+02
  10.260  0.1462E+01  0.1212E+02
  10.270  0.1461E+01  0.1213E+02
  10.280  0.1457E+01  0.1214E+02
  10.290  0.1451E+01  0.1216E+02
  10.300  0.1443E+01  0.1217E+02
  10.310  0.1432E+01  0.1219E+02
  10.320  0.1421E+01  0.1220E+02
  10.330  0.1408E+01  0.1222E+02
  10.340  0.1394E+01  0.1223E+02
  10.350  0.1379E+01  0.1224E+02
  10.360  0.1364E+01  0.1226E+02
  10.370  0.1349E+01  0.1227E+02
  10.380  0.1335E+01  0.1228E+02
  10.390  0.1321E+01  0.1230E+02
  10.400  0.1308E+01  0.1231E+02
  10.410  0.1296E+01  0.1232E+02
  10.420  0.1285E+01  0.1234E+02
  10.430  0.1276E+01  0.1235E+02
  10.440  0.1267E+01  0.1236E+02
  10.450  0.1260E+01  0.1237E+02
  10.460  0.1254E+01  0.1239E+02
  10.470  0.1249E+01  0.1240E+02
  10.480  0.1245E+01  0.1241E+02
  10.490  0.1242E+01  0.1242E+02
  10.500  0.1239E+01  0.1244E+02
  10.510  0.1237E+01  0.1245E+02
  10.520  0.1236E+01  0.1246E+02
  10.530  0.1234E+01  0.1247E+02
  10.540  0.1234E+01  0.1249E+02
  10.550  0.1234E+01  0.1250E+02
  10.560  0.1234E+01  0.1251E+02
  10.570  0.1236E+01  0.1252E+02
  10.580  0.1238E+01  0.1254E+02
  10.590  0.1242E+01  0.1255E+02
  10.600  0.1246E+01  0.1256E+02
  10.610  0.1252E+01  0.1257E+02
  10.620  0.1259E+01  0.1259E+02
  10.630  0.1267E+01  0.1260E+02
  10.640  0.1277E+01  0.1261E+02
  10.650  0.1287E+01  0.1262E+02
  10.660  0.1297E+01  0.1264E+02
  10.670  0.1308E+01  0.1265E+02
  10.680  0.1319E+01  0.1266E+02
  10.690  0.1330E+01  0.1268E+02
  10.700  0.1339E+01  0.1269E+02
  10.710  0.1348E+01  0.1270E+02
  10.720  0.1356E+01  0.1272E+02
  10.730  0.1363E+01  0.1273E+02
  10.740  0.1368E+01  0.1274E+02
  10.750  0.1372E+01  0.1276E+02
  10.760  0.1374E+01  0.1277E+02
  10.770  0.1376E+01  0.1279E+02
  10.780  0.1376E+01  0.1280E+02
  10.790  0.1376E+01  0.1281E+02
  10.800  0.1376E+01  0.1283E+02
  10.810  0.1376E+01  0.1284E+02
  10.820  0.1376E+01  0.1285E+02
  10.830  0.1377E+01  0.1287E+02
  10.840  0.1378E+01  0.1288E+02
  10.850  0.1380E+01  0.1290E+02
  10.860  0.1382E+01  0.1291E+02
  10.870  0.1386E+01  0.1292E+02
  10.880  0.1390E+01  0.1294E+02
  10.890  0.1394E+01  0.1295E+02
  10.900  0.1398E+01  0.1296E+02
  10.910  0.1403E+01  0.1298E+02
  10.920  0.1406E+01  0.1299E+02
  10.930  0.1409E+01  0.1301E+02
  10.940  0.1411E+01  0.1302E+02
  10.950  0.1412E+01  0.1304E+02
  10.960  0.1411E+01  0.1305E+02
  10.970  0.1408E+01  0.1306E+02
  10.980  0.1404E+01  0.1308E+02
  10.990  0.1398E+01  0.1309E+02
  11.000  0.1391E+01  0.1311E+02
  11.010  0.1381E+01  0.1312E+02
  11.020  0.1370E+01  0.1313E+02
  11.030  0.1358E+01  0.1315E+02
  11.040  0.1345E+01  0.1316E+02
  11.050  0.1330E+01  0.1317E+02
  11.060  0.1315E+01  0.1319E+02
  11.070  0.1299E+01  0.1320E+02
  11.080  0.1282E+01  0.1321E+02
  11.090  0.1265E+01  0.1322E+02
  11.100  0.1247E+01  0.1324E+02
  11.110  0.1228E+01  0.1325E+02
  11.120  0.1208E+01  0.1326E+02
  11.130  0.1188E+01  0.1327E+02
  11.140  0.1167E+01  0.1329E+02
  11.150  0.1145E+01  0.1330E+02
  11.160  0.1123E+01  0.1331E+02
  11.170  0.1099E+01  0.1332E+02
  11.180  0.1075E+01  0.1333E+02
  11.190  0.1051E+01  0.1334E+02
  11.200  0.1027E+01  0.1335E+02
  11.210  0.1002E+01  0.1336E+02
  11.220  0.9790E+00  0.1337E+02
  11.230  0.9567E+00  0.1338E+02
  11.240  0.9358E+00  0.1339E+02
  11.250  0.9168E+00  0.1340E+02
  11.260  0.9000E+00  0.1341E+02
  11.270  0.8858E+00  0.1342E+02
  11.280  0.8742E+00  0.1342E+02
  11.290  0.8654E+00  0.1343E+02
  11.300  0.8592E+00  0.1344E+02
  11.310  0.8556E+00  0.1345E+02
  11.320  0.8541E+00  0.1346E+02
  11.330  0.8543E+00  0.1347E+02
  11.340  0.8559E+00  0.1348E+02
  11.350  0.8583E+00  0.1348E+02
  11.360  0.8608E+00  0.1349E+02
  11.370  0.8631E+00  0.1350E+02
  11.380  0.8647E+00  0.1351E+02
  11.390  0.8653E+00  0.1352E+02
  11.400  0.8645E+00  0.1353E+02
  11.410  0.8624E+00  0.1354E+02
  11.420  0.8590E+00  0.1355E+02
  11.430  0.8545E+00  0.1355E+02
  11.440  0.8495E+00  0.1356E+02
  11.450  0.8443E+00  0.1357E+02
  11.460  0.8397E+00  0.1358E+02
  11.470  0.8363E+00  0.1359E+02
  11.480  0.8350E+00  0.1360E+02
  11.490  0.8364E+00  0.1360E+02
  11.500  0.8414E+00  0.1361E+02
  11.510  0.8504E+00  0.1362E+02
  11.520  0.8640E+00  0.1363E+02
  11.530  0.8825E+00  0.1364E+02
  11.540  0.9060E+00  0.1365E+02
  11.550  0.9344E+00  0.1366E+02
  11.560  0.9675E+00  0.1367E+02
  11.570  0.1005E+01  0.1368E+02
  11.580  0.1045E+01  0.1369E+02
  11.590  0.1089E+01  0.1370E+02
  11.600  0.1134E+01  0.1371E+02
  11.610  0.1180E+01  0.1372E+02
  11.620  0.1226E+01  0.1373E+02
  11.630  0.1270E+01  0.1375E+02
  11.640  0.1313E+01  0.1376E+02
  11.650  0.1353E+01  0.1377E+02
  11.660  0.1390E+01  0.1379E+02
  11.670  0.1422E+01  0.1380E+02
  11.680  0.1451E+01  0.1382E+02
  11.690  0.1475E+01  0.1383E+02
  11.700  0.1494E+01  0.1385E+02
  11.710  0.1509E+01  0.1386E+02
  11.720  0.1521E+01  0.1388E+02
  11.730  0.1528E+01  0.1389E+02
  11.740  0.1532E+01  0.1391E+02
  11.750  0.1534E+01  0.1392E+02
  11.760  0.1532E+01  0.1394E+02
  11.770  0.1530E+01  0.1395E+02
  11.780  0.1525E+01  0.1397E+02
  11.790  0.1519E+01  0.1398E+02
  11.800  0.1513E+01  0.1400E+02
  11.810  0.1506E+01  0.1401E+02
  11.820  0.1499E+01  0.1403E+02
  11.830  0.1492E+01  0.1404E+02
  11.840  0.1485E+01  0.1406E+02
  11.850  0.1477E+01  0.1407E+02
  11.860  0.1470E+01  0.1409E+02
  11.870  0.1463E+01  0.1410E+02
  11.880  0.1456E+01  0.1412E+02
  11.890  0.1448E+01  0.1413E+02
  11.900  0.1440E+01  0.1415E+02
  11.910  0.1432E+01  0.1416E+02
  11.920  0.1423E+01  0.1417E+02
  11.930  0.1413E+01  0.1419E+02
  11.940  0.1402E+01  0.1420E+02
  11.950  0.1390E+01  0.1422E+02
  11.960  0.1376E+01  0.1423E+02
  11.970  0.1362E+01  0.1424E+02
  11.980  0.1345E+01  0.1426E+02
  11.990  0.1328E+01  0.1427E+02
  12.000  0.1309E+01  0.1428E+02
  12.010  0.1288E+01  0.1430E+02
  12.020  0.1266E+01  0.1431E+02
  12.030  0.1243E+01  0.1432E+02
  12.040  0.1219E+01  0.1433E+02
  12.050  0.1193E+01  0.1434E+02
  12.060  0.1166E+01  0.1436E+02
  12.070  0.1139E+01  0.1437E+02
  12.080  0.1110E+01  0.1438E+02
  12.090  0.1081E+01  0.1439E+02
  12.100  0.1051E+01  0.1440E+02
  12.110  0.1021E+01  0.1441E+02
  12.120  0.9898E+00  0.1442E+02
  12.130  0.9587E+00  0.1443E+02
  12.140  0.9274E+00  0.1444E+02
  12.150  0.8960E+00  0.1445E+02
  12.160  0.8649E+00  0.1446E+02
  12.170  0.8341E+00  0.1447E+02
  12.180  0.8040E+00  0.1447E+02
  12.190  0.7749E+00  0.1448E+02
  12.200  0.7470E+00  0.1449E+02
  12.210  0.7206E+00  0.1450E+02
  12.220  0.6962E+00  0.1450E+02
  12.230  0.6739E+00  0.1451E+02
  12.240  0.6540E+00  0.1452E+02
  12.250  0.6368E+00  0.1452E+02
  12.260  0.6225E+00  0.1453E+02
  12.270  0.6112E+00  0.1453E+02
  12.280  0.6029E+00  0.1454E+02
  12.290  0.5976E+00  0.1455E+02
  12.300  0.5952E+00  0.1455E+02
  12.310  0.5954E+00  0.1456E+02
  12.320  0.5981E+00  0.1456E+02
  12.330  0.6029E+00  0.1457E+02
  12.340  0.6094E+00  0.1458E+02
  12.350  0.6172E+00  0.1458E+02
  12.360  0.6258E+00  0.1459E+02
  12.370  0.6347E+00  0.1460E+02
  12.380  0.6435E+00  0.1460E+02
  12.390  0.6518E+00  0.1461E+02
  12.400  0.6591E+00  0.1462E+02
  12.410  0.6650E+00  0.1462E+02
  12.420  0.6694E+00  0.1463E+02
  12.430  0.6720E+00  0.1464E+02
  12.440  0.6728E+00  0.1464E+02
  12.450  0.6716E+00  0.1465E+02
  12.460  0.6687E+00  0.1466E+02
  12.470  0.6642E+00  0.1466E+02
  12.480  0.6584E+00  0.1467E+02
  12.490  0.6516E+00  0.1467E+02
  12.500  0.6442E+00  0.1468E+02
  12.510  0.6367E+00  0.1469E+02
  12.520  0.6295E+00  0.1469E+02
  12.530  0.6231E+00  0.1470E+02
  12.540  0.6178E+00  0.1471E+02
  12.550  0.6141E+00  0.1471E+02
  12.560  0.6122E+00  0.1472E+02
  12.570  0.6122E+00  0.1472E+02
  12.580  0.6143E+00  0.1473E+02
  12.590  0.6184E+00  0.1474E+02
  12.600  0.6245E+00  0.1474E+02
  12.610  0.6323E+00  0.1475E+02
  12.620  0.6416E+00  0.1476E+02
  12.630  0.6520E+00  0.1476E+02
  12.640  0.6633E+00  0.1477E+02
  12.650  0.6750E+00  0.1478E+02
  12.660  0.6869E+00  0.1478E+02
  12.670  0.6985E+00  0.1479E+02
  12.680  0.7097E+00  0.1480E+02
  12.690  0.7203E+00  0.1480E+02
  12.700  0.7301E+00  0.1481E+02
  12.710  0.7393E+00  0.1482E+02
  12.720  0.7478E+00  0.1483E+02
  12.730  0.7559E+00  0.1483E+02
  12.740  0.7637E+00  0.1484E+02
  12.750  0.7715E+00  0.1485E+02
  12.760  0.7798E+00  0.1486E+02
  12.770  0.7887E+00  0.1486E+02
  12.780  0.7988E+00  0.1487E+02
  12.790  0.8103E+00  0.1488E+02
  12.800  0.8236E+00  0.1489E+02
  12.810  0.8389E+00  0.1490E+02
  12.820  0.8564E+00  0.1491E+02
  12.830  0.8762E+00  0.1492E+02
  12.840  0.8984E+00  0.1492E+02
  12.850  0.9229E+00  0.1493E+02
  12.860  0.9496E+00  0.1494E+02
  12.870  0.9783E+00  0.1495E+02
  12.880  0.1009E+01  0.1496E+02
  12.890  0.1040E+01  0.1497E+02
  12.900  0.1073E+01  0.1498E+02
  12.910  0.1106E+01  0.1499E+02
  12.920  0.1138E+01  0.1501E+02
  12.930  0.1170E+01  0.1502E+02
  12.940  0.1201E+01  0.1503E+02
  12.950  0.1229E+01  0.1504E+02
  12.960  0.1256E+01  0.1505E+02
  12.970  0.1279E+01  0.1507E+02
  12.980  0.1299E+01  0.1508E+02
  12.990  0.1315E+01  0.1509E+02
  13.000  0.1328E+01  0.1511E+02
  13.010  0.1335E+01  0.1512E+02
  13.020  0.1338E+01  0.1513E+02
  13.030  0.1336E+01  0.1515E+02
  13.040  0.1329E+01  0.1516E+02
  13.050  0.1318E+01  0.1517E+02
  13.060  0.1301E+01  0.1519E+02
  13.070  0.1280E+01  0.1520E+02
  13.080  0.1255E+01  0.1521E+02
  13.090  0.1225E+01  0.1522E+02
  13.100  0.1192E+01  0.1524E+02
  13.110  0.1155E+01  0.1525E+02
  13.120  0.1116E+01  0.1526E+02
  13.130  0.1075E+01  0.1527E+02
  13.140  0.1032E+01  0.1528E+02
  13.150  0.9871E+00  0.1529E+02
  13.160  0.9421E+00  0.1530E+02
  13.170  0.8970E+00  0.1531E+02
  13.180  0.8523E+00  0.1532E+02
  13.190  0.8086E+00  0.1532E+02
  13.200  0.7661E+00  0.1533E+02
  13.210  0.7254E+00  0.1534E+02
  13.220  0.6866E+00  0.1535E+02
  13.230  0.6500E+00  0.1535E+02
  13.240  0.6158E+00  0.1536E+02
  13.250  0.5840E+00  0.1536E+02
  13.260  0.5546E+00  0.1537E+02
  13.270  0.5277E+00  0.1538E+02
  13.280  0.5032E+00  0.1538E+02
  13.290  0.4809E+00  0.1539E+02
  13.300  0.4607E+00  0.1539E+02
  13.310  0.4427E+00  0.1539E+02
  13.320  0.4265E+00  0.1540E+02
  13.330  0.4122E+00  0.1540E+02
  13.340  0.3997E+00  0.1541E+02
  13.350  0.3889E+00  0.1541E+02
  13.360  0.3800E+00  0.1541E+02
  13.370  0.3728E+00  0.1542E+02
  13.380  0.3674E+00  0.1542E+02
  13.390  0.3639E+00  0.1543E+02
  13.400  0.3622E+00  0.1543E+02
  13.410  0.3625E+00  0.1543E+02
  13.420  0.3646E+00  0.1544E+02
  13.430  0.3685E+00  0.1544E+02
  13.440  0.3742E+00  0.1544E+02
  13.450  0.3813E+00  0.1545E+02
  13.460  0.3898E+00  0.1545E+02
  13.470  0.3993E+00  0.1546E+02
  13.480  0.4095E+00  0.1546E+02
  13.490  0.4200E+00  0.1546E+02
  13.500  0.4305E+00  0.1547E+02
  13.510  0.4405E+00  0.1547E+02
  13.520  0.4498E+00  0.1548E+02
  13.530  0.4578E+00  0.1548E+02
  13.540  0.4645E+00  0.1549E+02
  13.550  0.4694E+00  0.1549E+02
  13.560  0.4724E+00  0.1550E+02
  13.570  0.4734E+00  0.1550E+02
  13.580  0.4725E+00  0.1551E+02
  13.590  0.4696E+00  0.1551E+02
  13.600  0.4650E+00  0.1551E+02
  13.610  0.4589E+00  0.1552E+02
  13.620  0.4515E+00  0.1552E+02
  13.630  0.4432E+00  0.1553E+02
  13.640  0.4345E+00  0.1553E+02
  13.650  0.4257E+00  0.1554E+02
  13.660  0.4173E+00  0.1554E+02
  13.670  0.4097E+00  0.1555E+02
  13.680  0.4033E+00  0.1555E+02
  13.690  0.3984E+00  0.1555E+02
  13.700  0.3954E+00  0.1556E+02
  13.710  0.3946E+00  0.1556E+02
  13.720  0.3960E+00  0.1557E+02
  13.730  0.3997E+00  0.1557E+02
  13.740  0.4059E+00  0.1557E+02
  13.750  0.4142E+00  0.1558E+02
  13.760  0.4247E+00  0.1558E+02
  13.770  0.4370E+00  0.1559E+02
  13.780  0.4508E+00  0.1559E+02
  13.790  0.4658E+00  0.1560E+02
  13.800  0.4814E+00  0.1560E+02
  13.810  0.4974E+00  0.1560E+02
  13.820  0.5131E+00  0.1561E+02
  13.830  0.5282E+00  0.1562E+02
  13.840  0.5422E+00  0.1562E+02
  13.850  0.5547E+00  0.1563E+02
  13.860  0.5654E+00  0.1563E+02
  13.870  0.5740E+00  0.1564E+02
  13.880  0.5802E+00  0.1564E+02
  13.890  0.5839E+00  0.1565E+02
  13.900  0.5850E+00  0.1566E+02
  13.910  0.5835E+00  0.1566E+02
  13.920  0.5796E+00  0.1567E+02
  13.930  0.5734E+00  0.1567E+02
  13.940  0.5651E+00  0.1568E+02
  13.950  0.5551E+00  0.1568E+02
  13.960  0.5438E+00  0.1569E+02
  13.970  0.5315E+00  0.1569E+02
  13.980  0.5187E+00  0.1570E+02
  13.990  0.5060E+00  0.1570E+02
  14.000  0.4937E+00  0.1571E+02
  14.010  0.4825E+00  0.1571E+02
  14.020  0.4726E+00  0.1572E+02
  14.030  0.4646E+00  0.1572E+02
  14.040  0.4589E+00  0.1573E+02
  14.050  0.4556E+00  0.1573E+02
  14.060  0.4550E+00  0.1574E+02
  14.070  0.4573E+00  0.1574E+02
  14.080  0.4623E+00  0.1575E+02
  14.090  0.4701E+00  0.1575E+02
  14.100  0.4805E+00  0.1576E+02
  14.110  0.4929E+00  0.1576E+02
  14.120  0.5072E+00  0.1577E+02
  14.130  0.5226E+00  0.1577E+02
  14.140  0.5387E+00  0.1578E+02
  14.150  0.5547E+00  0.1578E+02
  14.160  0.5699E+00  0.1579E+02
  14.170  0.5837E+00  0.1579E+02
  14.180  0.5952E+00  0.1580E+02
  14.190  0.6040E+00  0.1581E+02
  14.200  0.6093E+00  0.1581E+02
  14.210  0.6108E+00  0.1582E+02
  14.220  0.6080E+00  0.1582E+02
  14.230  0.6008E+00  0.1583E+02
  14.240  0.5890E+00  0.1584E+02
  14.250  0.5729E+00  0.1584E+02
  14.260  0.5525E+00  0.1585E+02
  14.270  0.5282E+00  0.1585E+02
  14.280  0.5006E+00  0.1586E+02
  14.290  0.4701E+00  0.1586E+02
  14.300  0.4375E+00  0.1587E+02
  14.310  0.4034E+00  0.1587E+02
  14.320  0.3684E+00  0.1587E+02
  14.330  0.3333E+00  0.1588E+02
  14.340  0.2987E+00  0.1588E+02
  14.350  0.2651E+00  0.1588E+02
  14.360  0.2329E+00  0.1589E+02
  14.370  0.2027E+00  0.1589E+02
  14.380  0.1747E+00  0.1589E+02
  14.390  0.1490E+00  0.1589E+02
  14.400  0.1259E+00  0.1589E+02
  14.410  0.1053E+00  0.1589E+02
  14.420  0.8718E-01  0.1589E+02
  14.430  0.7147E-01  0.1589E+02
  14.440  0.5801E-01  0.1590E+02
  14.450  0.4662E-01  0.1590E+02
  14.460  0.3710E-01  0.1590E+02
  14.470  0.2925E-01  0.1590E+02
  14.480  0.2287E-01  0.1590E+02
  14.490  0.1775E-01  0.1590E+02
  14.500  0.1370E-01  0.1590E+02
  14.510  0.1057E-01  0.1590E+02
  14.520  0.8200E-02  0.1590E+02
  14.530  0.6471E-02  0.1590E+02
  14.540  0.5277E-02  0.1590E+02
  14.550  0.4536E-02  0.1590E+02
  14.560  0.4184E-02  0.1590E+02
  14.570  0.4173E-02  0.1590E+02
  14.580  0.4472E-02  0.1590E+02
  14.590  0.5059E-02  0.1590E+02
  14.600  0.5924E-02  0.1590E+02
  14.610  0.7064E-02  0.1590E+02
  14.620  0.8480E-02  0.1590E+02
  14.630  0.1017E-01  0.1590E+02
  14.640  0.1215E-01  0.1590E+02
  14.650  0.1440E-01  0.1590E+02
  14.660  0.1693E-01  0.1590E+02
  14.670  0.1973E-01  0.1590E+02
  14.680  0.2278E-01  0.1590E+02
  14.690  0.2606E-01  0.1590E+02
  14.700  0.2953E-01  0.1590E+02
  14.710  0.3316E-01  0.1590E+02
  14.720  0.3692E-01  0.1590E+02
  14.730  0.4076E-01  0.1590E+02
  14.740  0.4463E-01  0.1590E+02
  14.750  0.4851E-01  0.1590E+02
  14.760  0.5235E-01  0.1590E+02
  14.770  0.5614E-01  0.1590E+02
  14.780  0.5987E-01  0.1590E+02
  14.790  0.6352E-01  0.1590E+02
  14.800  0.6713E-01  0.1590E+02
  14.810  0.7070E-01  0.1591E+02
  14.820  0.7430E-01  0.1591E+02
  14.830  0.7795E-01  0.1591E+02
  14.840  0.8173E-01  0.1591E+02
  14.850  0.8569E-01  0.1591E+02
  14.860  0.8989E-01  0.1591E+02
  14.870  0.9438E-01  0.1591E+02
  14.880  0.9919E-01  0.1591E+02
  14.890  0.1043E+00  0.1591E+02
  14.900  0.1098E+00  0.1591E+02
  14.910  0.1157E+00  0.1591E+02
  14.920  0.1218E+00  0.1592E+02
  14.930  0.1281E+00  0.1592E+02
  14.940  0.1345E+00  0.1592E+02
  14.950  0.1409E+00  0.1592E+02
  14.960  0.1472E+00  0.1592E+02
  14.970  0.1531E+00  0.1592E+02
  14.980  0.1587E+00  0.1592E+02
  14.990  0.1637E+00  0.1593E+02
  15.000  0.1679E+00  0.1593E+02
  15.010  0.1714E+00  0.1593E+02
  15.020  0.1739E+00  0.1593E+02
  15.030  0.1755E+00  0.1593E+02
  15.040  0.1761E+00  0.1593E+02
  15.050  0.1757E+00  0.1594E+02
  15.060  0.1743E+00  0.1594E+02
  15.070  0.1722E+00  0.1594E+02
  15.080  0.1693E+00  0.1594E+02
  15.090  0.1658E+00  0.1594E+02
  15.100  0.1619E+00  0.1594E+02
  15.110  0.1578E+00  0.1595E+02
  15.120  0.1536E+00  0.1595E+02
  15.130  0.1496E+00  0.1595E+02
  15.140  0.1460E+00  0.1595E+02
  15.150  0.1428E+00  0.1595E+02
  15.160  0.1402E+00  0.1595E+02
  15.170  0.1383E+00  0.1596E+02
  15.180  0.1371E+00  0.1596E+02
  15.190  0.1368E+00  0.1596E+02
  15.200  0.1372E+00  0.1596E+02
  15.210  0.1382E+00  0.1596E+02
  15.220  0.1399E+00  0.1596E+02
  15.230  0.1420E+00  0.1596E+02
  15.240  0.1444E+00  0.1596E+02
  15.250  0.1469E+00  0.1597E+02
  15.260  0.1494E+00  0.1597E+02
  15.270  0.1516E+00  0.1597E+02
  15.280  0.1535E+00  0.1597E+02
  15.290  0.1548E+00  0.1597E+02
  15.300  0.1554E+00  0.1597E+02
  15.310  0.1551E+00  0.1598E+02
  15.320  0.1541E+00  0.1598E+02
  15.330  0.1521E+00  0.1598E+02
  15.340  0.1492E+00  0.1598E+02
  15.350  0.1453E+00  0.1598E+02
  15.360  0.1406E+00  0.1598E+02
  15.370  0.1351E+00  0.1598E+02
  15.380  0.1289E+00  0.1599E+02
  15.390  0.1221E+00  0.1599E+02
  15.400  0.1148E+00  0.1599E+02
  15.410  0.1071E+00  0.1599E+02
  15.420  0.9917E-01  0.1599E+02
  15.430  0.9113E-01  0.1599E+02
  15.440  0.8309E-01  0.1599E+02
  15.450  0.7516E-01  0.1599E+02
  15.460  0.6746E-01  0.1599E+02
  15.470  0.6005E-01  0.1599E+02
  15.480  0.5302E-01  0.1599E+02
  15.490  0.4643E-01  0.1599E+02
  15.500  0.4031E-01  0.1600E+02
  15.510  0.3471E-01  0.1600E+02
  15.520  0.2962E-01  0.1600E+02
  15.530  0.2506E-01  0.1600E+02
  15.540  0.2102E-01  0.1600E+02
  15.550  0.1747E-01  0.1600E+02
  15.560  0.1439E-01  0.1600E+02
  15.570  0.1175E-01  0.1600E+02
  15.580  0.9503E-02  0.1600E+02
  15.590  0.7620E-02  0.1600E+02
  15.600  0.6059E-02  0.1600E+02
  15.610  0.4781E-02  0.1600E+02
  15.620  0.3749E-02  0.1600E+02
  15.630  0.2929E-02  0.1600E+02
  15.640  0.2290E-02  0.1600E+02
  15.650  0.1805E-02  0.1600E+02
  15.660  0.1452E-02  0.1600E+02
  15.670  0.1210E-02  0.1600E+02
  15.680  0.1065E-02  0.1600E+02
  15.690  0.1005E-02  0.1600E+02
  15.700  0.1022E-02  0.1600E+02
  15.710  0.1109E-02  0.1600E+02
  15.720  0.1263E-02  0.1600E+02
  15.730  0.1483E-02  0.1600E+02
  15.740  0.1767E-02  0.1600E+02
  15.750  0.2116E-02  0.1600E+02
  15.760  0.2530E-02  0.1600E+02
  15.770  0.3007E-02  0.1600E+02
  15.780  0.3547E-02  0.1600E+02
  15.790  0.4145E-02  0.1600E+02
  15.800  0.4797E-02  0.1600E+02
  15.810  0.5495E-02  0.1600E+02
  15.820  0.6228E-02  0.1600E+02
  15.830  0.6984E-02  0.1600E+02
  15.840  0.7749E-02  0.1600E+02
  15.850  0.8505E-02  0.1600E+02
  15.860  0.9235E-02  0.1600E+02
  15.870  0.9920E-02  0.1600E+02
  15.880  0.1054E-01  0.1600E+02
  15.890  0.1108E-01  0.1600E+02
  15.900  0.1152E-01  0.1600E+02
  15.910  0.1186E-01  0.1600E+02
  15.920  0.1207E-01  0.1600E+02
  15.930  0.1215E-01  0.1600E+02
  15.940  0.1210E-01  0.1600E+02
  15.950  0.1192E-01  0.1600E+02
  15.960  0.1162E-01  0.1600E+02
  15.970  0.1120E-01  0.1600E+02
  15.980  0.1069E-01  0.1600E+02
  15.990  0.1008E-01  0.1600E+02
  16.000  0.9411E-02  0.1600E+02
  16.010  0.8691E-02  0.1600E+02
  16.020  0.7939E-02  0.1600E+02
  16.030  0.7174E-02  0.1600E+02
  16.040  0.6413E-02  0.1600E+02
  16.050  0.5672E-02  0.1600E+02
  16.060  0.4962E-02  0.1600E+02
  16.070  0.4294E-02  0.1600E+02
  16.080  0.3677E-02  0.1600E+02
  16.090  0.3114E-02  0.1600E+02
  16.100  0.2609E-02  0.1600E+02
  16.110  0.2162E-02  0.1600E+02
  16.120  0.1773E-02  0.1600E+02
  16.130  0.1438E-02  0.1600E+02
  16.140  0.1154E-02  0.1600E+02
  16.150  0.9161E-03  0.1600E+02
  16.160  0.7194E-03  0.1600E+02
  16.170  0.5588E-03  0.1600E+02
  16.180  0.4294E-03  0.1600E+02
  16.190  0.3265E-03  0.1600E+02
  16.200  0.2455E-03  0.1600E+02
  16.210  0.1827E-03  0.1600E+02
  16.220  0.1344E-03  0.1600E+02
  16.230  0.9787E-04  0.1600E+02
  16.240  0.7049E-04  0.1600E+02
  16.250  0.5023E-04  0.1600E+02
  16.260  0.3540E-04  0.1600E+02
  16.270  0.2468E-04  0.1600E+02
  16.280  0.1703E-04  0.1600E+02
  16.290  0.1162E-04  0.1600E+02
  16.300  0.7843E-05  0.1600E+02
  16.310  0.5237E-05  0.1600E+02
  16.320  0.3460E-05  0.1600E+02
  16.330  0.2261E-05  0.1600E+02
  16.340  0.1462E-05  0.1600E+02
  16.350  0.9348E-06  0.1600E+02
  16.360  0.5914E-06  0.1600E+02
  16.370  0.3701E-06  0.1600E+02
  16.380  0.2292E-06  0.1600E+02
  16.390  0.1404E-06  0.1600E+02
  16.400  0.8505E-07  0.1600E+02
  16.410  0.5098E-07  0.1600E+02
  16.420  0.3023E-07  0.1600E+02
  16.430  0.1773E-07  0.1600E+02
  16.440  0.1029E-07  0.1600E+02
  16.450  0.5906E-08  0.1600E+02
  16.460  0.3354E-08  0.1600E+02
  16.470  0.1884E-08  0.1600E+02
  16.480  0.1047E-08  0.1600E+02
  16.490  0.5756E-09  0.1600E+02
  16.500  0.3131E-09  0.1600E+02
  16.510  0.1684E-09  0.1600E+02
  16.520  0.8964E-10  0.1600E+02
  16.530  0.4720E-10  0.1600E+02
  16.540  0.2458E-10  0.1600E+02
  16.550  0.1267E-10  0.1600E+02
  16.560  0.6456E-11  0.1600E+02
  16.570  0.3255E-11  0.1600E+02
  16.580  0.1624E-11  0.1600E+02
  16.590  0.8013E-12  0.1600E+02
  16.600  0.3912E-12  0.1600E+02
  16.610  0.1889E-12  0.1600E+02
  16.620  0.9024E-13  0.1600E+02
  16.630  0.4265E-13  0.1600E+02
  16.640  0.1994E-13  0.1600E+02
  16.650  0.9221E-14  0.1600E+02
  16.660  0.4219E-14  0.1600E+02
  16.670  0.1909E-14  0.1600E+02
  16.680  0.8549E-15  0.1600E+02
  16.690  0.3787E-15  0.1600E+02
  16.700  0.1659E-15  0.1600E+02
  16.710  0.7192E-16  0.1600E+02
  16.720  0.3084E-16  0.1600E+02
  16.730  0.1308E-16  0.1600E+02
  16.740  0.5489E-17  0.1600E+02
  16.750  0.2279E-17  0.1600E+02
  16.760  0.9358E-18  0.1600E+02
  16.770  0.3802E-18  0.1600E+02
  16.780  0.1528E-18  0.1600E+02
  16.790  0.6074E-19  0.1600E+02
  16.800  0.2389E-19  0.1600E+02
  16.810  0.9295E-20  0.1600E+02
  16.820  0.3577E-20  0.1600E+02
  16.830  0.1362E-20  0.1600E+02
  16.840  0.5130E-21  0.1600E+02
  16.850  0.1912E-21  0.1600E+02
  16.860  0.7046E-22  0.1600E+02
  16.870  0.2569E-22  0.1600E+02
  16.880  0.9269E-23  0.1600E+02
  16.890  0.3308E-23  0.1600E+02
  16.900  0.1168E-23  0.1600E+02
  16.910  0.4078E-24  0.1600E+02
  16.920  0.1409E-24  0.1600E+02
  16.930  0.4814E-25  0.1600E+02
  16.940  0.1628E-25  0.1600E+02
  16.950  0.5444E-26  0.1600E+02
  16.960  0.1801E-26  0.1600E+02
  16.970  0.5895E-27  0.1600E+02
  16.980  0.1909E-27  0.1600E+02
  16.990  0.6114E-28  0.1600E+02
  17.000  0.1937E-28  0.1600E+02
  17.010  0.6072E-29  0.1600E+02
  17.020  0.1883E-29  0.1600E+02
  17.030  0.5776E-30  0.1600E+02
  17.040  0.1753E-30  0.1600E+02
  17.050  0.5262E-31  0.1600E+02
  17.060  0.1563E-31  0.1600E+02
  17.070  0.4591E-32  0.1600E+02
  17.080  0.1334E-32  0.1600E+02
  17.090  0.3836E-33  0.1600E+02
  17.100  0.1091E-33  0.1600E+02
  17.110  0.3070E-34  0.1600E+02
  17.120  0.8544E-35  0.1600E+02
  17.130  0.2353E-35  0.1600E+02
  17.140  0.6408E-36  0.1600E+02
  17.150  0.1727E-36  0.1600E+02
  17.160  0.4603E-37  0.1600E+02
  17.170  0.1214E-37  0.1600E+02
  17.180  0.3166E-38  0.1600E+02
  17.190  0.8171E-39  0.1600E+02
  17.200  0.2086E-39  0.1600E+02
  17.210  0.5268E-40  0.1600E+02
  17.220  0.1316E-40  0.1600E+02
  17.230  0.3253E-41  0.1600E+02
  17.240  0.7952E-42  0.1600E+02
  17.250  0.1923E-42  0.1600E+02
  17.260  0.4602E-43  0.1600E+02
  17.270  0.1089E-43  0.1600E+02
  17.280  0.2550E-44  0.1600E+02
  17.290  0.5908E-45  0.1600E+02
  17.300  0.1354E-45  0.1600E+02
  17.310  0.3069E-46  0.1600E+02
  17.320  0.6881E-47  0.1600E+02
  17.330  0.1527E-47  0.1600E+02
  17.340  0.3350E-48  0.1600E+02
  17.350  0.7273E-49  0.1600E+02
  17.360  0.1562E-49  0.1600E+02
  17.370  0.3318E-50  0.1600E+02
  17.380  0.6974E-51  0.1600E+02
  17.390  0.1450E-51  0.1600E+02
  17.400  0.2982E-52  0.1600E+02
  17.410  0.6068E-53  0.1600E+02
  17.420  0.1221E-53  0.1600E+02
  17.430  0.2432E-54  0.1600E+02
  17.440  0.4790E-55  0.1600E+02
  17.450  0.9335E-56  0.1600E+02
  17.460  0.1799E-56  0.1600E+02
  17.470  0.3431E-57  0.1600E+02
  17.480  0.6473E-58  0.1600E+02
  17.490  0.1208E-58  0.1600E+02
  17.500  0.2230E-59  0.1600E+02
  17.510  0.4073E-60  0.1600E+02
  17.520  0.7359E-61  0.1600E+02
  17.530  0.1315E-61  0.1600E+02
  17.540  0.2325E-62  0.1600E+02
  17.550  0.4067E-63  0.1600E+02
  17.560  0.7037E-64  0.1600E+02
  17.570  0.1205E-64  0.1600E+02
  17.580  0.2040E-65  0.1600E+02
  17.590  0.3416E-66  0.1600E+02
  17.600  0.5661E-67  0.1600E+02
  17.610  0.9281E-68  0.1600E+02
  17.620  0.1505E-68  0.1600E+02
  17.630  0.2414E-69  0.1600E+02
  17.640  0.3832E-70  0.1600E+02
  17.650  0.6015E-71  0.1600E+02
  17.660  0.9342E-72  0.1600E+02
  17.670  0.1435E-72  0.1600E+02
  17.680  0.2181E-73  0.1600E+02
  17.690  0.3280E-74  0.1600E+02
  17.700  0.4879E-75  0.1600E+02
  17.710  0.7178E-76  0.1600E+02
  17.720  0.1045E-76  0.1600E+02
  17.730  0.1505E-77  0.1600E+02
  17.740  0.2143E-78  0.1600E+02
  17.750  0.3020E-79  0.1600E+02
  17.760  0.4210E-80  0.1600E+02
  17.770  0.5807E-81  0.1600E+02
  17.780  0.7930E-82  0.1600E+02
  17.790  0.1078E-82  0.1600E+02
  17.800  0.1519E-83  0.1600E+02
  17.810  0.2803E-84  0.1600E+02
  17.820  0.1164E-84  0.1600E+02
  17.830  0.9498E-85  0.1600E+02
  17.840  0.9221E-85  0.1600E+02
  17.850  0.9185E-85  0.1600E+02
  17.860  0.9182E-85  0.1600E+02
  17.870  0.9182E-85  0.1600E+02
  17.880  0.9182E-85  0.1600E+02
  17.890  0.9182E-85  0.1600E+02
  17.900  0.9182E-85  0.1600E+02
  17.910  0.9182E-85  0.1600E+02
  17.920  0.9182E-85  0.1600E+02
  17.930  0.9182E-85  0.1600E+02
  17.940  0.9182E-85  0.1600E+02
  17.950  0.9182E-85  0.1600E+02
  17.960  0.9182E-85  0.1600E+02
  17.970  0.9182E-85  0.1600E+02
  17.980  0.9182E-85  0.1600E+02
  17.990  0.9182E-85  0.1600E+02
  18.000  0.9182E-85  0.1600E+02
  18.010  0.9182E-85  0.1600E+02
  18.020  0.9182E-85  0.1600E+02
  18.030  0.9182E-85  0.1600E+02
  18.040  0.9182E-85  0.1600E+02
  18.050  0.9182E-85  0.1600E+02
  18.060  0.9182E-85  0.1600E+02
  18.070  0.9182E-85  0.1600E+02
  18.080  0.9182E-85  0.1600E+02
  18.090  0.9182E-85  0.1600E+02
  18.100  0.9182E-85  0.1600E+02
  18.110  0.9182E-85  0.1600E+02
  18.120  0.9182E-85  0.1600E+02
  18.130  0.9182E-85  0.1600E+02
  18.140  0.9182E-85  0.1600E+02
  18.150  0.9182E-85  0.1600E+02
  18.160  0.9182E-85  0.1600E+02
  18.170  0.9182E-85  0.1600E+02
  18.180  0.9182E-85  0.1600E+02
  18.190  0.9182E-85  0.1600E+02
  18.200  0.9182E-85  0.1600E+02
  18.210  0.9182E-85  0.1600E+02
  18.220  0.9182E-85  0.1600E+02
  18.230  0.9182E-85  0.1600E+02
  18.240  0.9182E-85  0.1600E+02
  18.250  0.9182E-85  0.1600E+02
  18.260  0.9182E-85  0.1600E+02
  18.270  0.9182E-85  0.1600E+02
  18.280  0.9182E-85  0.1600E+02
  18.290  0.9182E-85  0.1600E+02
  18.300  0.9182E-85  0.1600E+02
  18.310  0.9182E-85  0.1600E+02
  18.320  0.9182E-85  0.1600E+02
  18.330  0.9182E-85  0.1600E+02
  18.340  0.9182E-85  0.1600E+02
  18.350  0.9182E-85  0.1600E+02
  18.360  0.9182E-85  0.1600E+02
  18.370  0.9182E-85  0.1600E+02
  18.380  0.9182E-85  0.1600E+02
  18.390  0.9182E-85  0.1600E+02
  18.400  0.9182E-85  0.1600E+02
  18.410  0.9182E-85  0.1600E+02
  18.420  0.9182E-85  0.1600E+02
  18.430  0.9182E-85  0.1600E+02
  18.440  0.9182E-85  0.1600E+02
  18.450  0.9182E-85  0.1600E+02
  18.460  0.9182E-85  0.1600E+02
  18.470  0.9182E-85  0.1600E+02
  18.480  0.9182E-85  0.1600E+02
  18.490  0.9182E-85  0.1600E+02
  18.500  0.9182E-85  0.1600E+02
  18.510  0.9182E-85  0.1600E+02
  18.520  0.9182E-85  0.1600E+02
  18.530  0.9182E-85  0.1600E+02
  18.540  0.9182E-85  0.1600E+02
  18.550  0.9182E-85  0.1600E+02
  18.560  0.9182E-85  0.1600E+02
  18.570  0.9182E-85  0.1600E+02
  18.580  0.9182E-85  0.1600E+02
  18.590  0.9182E-85  0.1600E+02
  18.600  0.9182E-85  0.1600E+02
  18.610  0.9182E-85  0.1600E+02
  18.620  0.9182E-85  0.1600E+02
  18.630  0.9182E-85  0.1600E+02
  18.640  0.9182E-85  0.1600E+02
  18.650  0.9182E-85  0.1600E+02
  18.660  0.9182E-85  0.1600E+02
  18.670  0.9182E-85  0.1600E+02
  18.680  0.9182E-85  0.1600E+02
  18.690  0.9182E-85  0.1600E+02
  18.700  0.9182E-85  0.1600E+02
  18.710  0.9182E-85  0.1600E+02
  18.720  0.9182E-85  0.1600E+02
  18.730  0.9182E-85  0.1600E+02
  18.740  0.9182E-85  0.1600E+02
  18.750  0.9182E-85  0.1600E+02
  18.760  0.9182E-85  0.1600E+02
  18.770  0.9182E-85  0.1600E+02
  18.780  0.9182E-85  0.1600E+02
  18.790  0.9182E-85  0.1600E+02
  18.800  0.9182E-85  0.1600E+02
  18.810  0.9182E-85  0.1600E+02
  18.820  0.9182E-85  0.1600E+02
  18.830  0.9182E-85  0.1600E+02
  18.840  0.9182E-85  0.1600E+02
  18.850  0.9182E-85  0.1600E+02
  18.860  0.9182E-85  0.1600E+02
  18.870  0.9182E-85  0.1600E+02
  18.880  0.9182E-85  0.1600E+02
  18.890  0.9182E-85  0.1600E+02
  18.900  0.9182E-85  0.1600E+02
  18.910  0.9182E-85  0.1600E+02
  18.920  0.9182E-85  0.1600E+02
  18.930  0.9182E-85  0.1600E+02
  18.940  0.9182E-85  0.1600E+02
  18.950  0.9182E-85  0.1600E+02
  18.960  0.9182E-85  0.1600E+02
  18.970  0.9182E-85  0.1600E+02
  18.980  0.9182E-85  0.1600E+02
  18.990  0.9182E-85  0.1600E+02
  19.000  0.9182E-85  0.1600E+02
  19.010  0.9182E-85  0.1600E+02
  19.020  0.9182E-85  0.1600E+02
  19.030  0.9182E-85  0.1600E+02
  19.040  0.9182E-85  0.1600E+02
  19.050  0.9182E-85  0.1600E+02
  19.060  0.9182E-85  0.1600E+02
  19.070  0.9182E-85  0.1600E+02
  19.080  0.9182E-85  0.1600E+02
  19.090  0.9182E-85  0.1600E+02
  19.100  0.9182E-85  0.1600E+02
  19.110  0.9182E-85  0.1600E+02
  19.120  0.9182E-85  0.1600E+02
  19.130  0.9182E-85  0.1600E+02
  19.140  0.9182E-85  0.1600E+02
  19.150  0.9182E-85  0.1600E+02
  19.160  0.9182E-85  0.1600E+02
  19.170  0.9182E-85  0.1600E+02
  19.180  0.9182E-85  0.1600E+02
  19.190  0.9182E-85  0.1600E+02
  19.200  0.9182E-85  0.1600E+02
  19.210  0.9182E-85  0.1600E+02
  19.220  0.9182E-85  0.1600E+02
  19.230  0.9182E-85  0.1600E+02
  19.240  0.9182E-85  0.1600E+02
  19.250  0.9182E-85  0.1600E+02
  19.260  0.9182E-85  0.1600E+02
  19.270  0.9182E-85  0.1600E+02
  19.280  0.9182E-85  0.1600E+02
  19.290  0.9182E-85  0.1600E+02
  19.300  0.9182E-85  0.1600E+02
  19.310  0.9182E-85  0.1600E+02
  19.320  0.9182E-85  0.1600E+02
  19.330  0.9182E-85  0.1600E+02
  19.340  0.9182E-85  0.1600E+02
  19.350  0.9182E-85  0.1600E+02
  19.360  0.9182E-85  0.1600E+02
  19.370  0.9182E-85  0.1600E+02
  19.380  0.9182E-85  0.1600E+02
  19.390  0.9182E-85  0.1600E+02
  19.400  0.9182E-85  0.1600E+02
  19.410  0.9182E-85  0.1600E+02
  19.420  0.9182E-85  0.1600E+02
  19.430  0.9182E-85  0.1600E+02
  19.440  0.9182E-85  0.1600E+02
  19.450  0.9182E-85  0.1600E+02
  19.460  0.9182E-85  0.1600E+02
  19.470  0.9182E-85  0.1600E+02
  19.480  0.9182E-85  0.1600E+02
  19.490  0.9182E-85  0.1600E+02
  19.500  0.9182E-85  0.1600E+02
  19.510  0.9182E-85  0.1600E+02
  19.520  0.9182E-85  0.1600E+02
  19.530  0.9182E-85  0.1600E+02
  19.540  0.9182E-85  0.1600E+02
  19.550  0.9182E-85  0.1600E+02
  19.560  0.9182E-85  0.1600E+02
  19.570  0.9182E-85  0.1600E+02
  19.580  0.9182E-85  0.1600E+02
  19.590  0.9182E-85  0.1600E+02
  19.600  0.9182E-85  0.1600E+02
  19.610  0.9182E-85  0.1600E+02
  19.620  0.9182E-85  0.1600E+02
  19.630  0.9182E-85  0.1600E+02
  19.640  0.9182E-85  0.1600E+02
  19.650  0.9182E-85  0.1600E+02
  19.660  0.9182E-85  0.1600E+02
  19.670  0.9182E-85  0.1600E+02
  19.680  0.9182E-85  0.1600E+02
  19.690  0.9182E-85  0.1600E+02
  19.700  0.9182E-85  0.1600E+02
  19.710  0.9182E-85  0.1600E+02
  19.720  0.9182E-85  0.1600E+02
  19.730  0.9182E-85  0.1600E+02
  19.740  0.9182E-85  0.1600E+02
  19.750  0.9182E-85  0.1600E+02
  19.760  0.9182E-85  0.1600E+02
  19.770  0.9182E-85  0.1600E+02
  19.780  0.9182E-85  0.1600E+02
  19.790  0.9182E-85  0.1600E+02
  19.800  0.9182E-85  0.1600E+02
  19.810  0.9182E-85  0.1600E+02
  19.820  0.9182E-85  0.1600E+02
  19.830  0.9182E-85  0.1600E+02
  19.840  0.9182E-85  0.1600E+02
  19.850  0.9182E-85  0.1600E+02
  19.860  0.9182E-85  0.1600E+02
  19.870  0.9182E-85  0.1600E+02
  19.880  0.9182E-85  0.1600E+02
  19.890  0.9182E-85  0.1600E+02
  19.900  0.9182E-85  0.1600E+02
  19.910  0.9182E-85  0.1600E+02
  19.920  0.9182E-85  0.1600E+02
  19.930  0.9182E-85  0.1600E+02
  19.940  0.9182E-85  0.1600E+02
  19.950  0.9182E-85  0.1600E+02
  19.960  0.9182E-85  0.1600E+02
  19.970  0.9182E-85  0.1600E+02
  19.980  0.9182E-85  0.1600E+02
  19.990  0.9182E-85  0.1600E+02
  20.000  0.9182E-85  0.1600E+02
