
     Program PROJWFC v.7.4.1 starts on 21Oct2025 at 15:48: 9 

     This program is part of the open-source Quantum ESPRESSO suite
     for quantum simulation of materials; please cite
         "P. Giannozzi et al., J. Phys.:Condens. Matter 21 395502 (2009);
         "P. Giannozzi et al., J. Phys.:Condens. Matter 29 465901 (2017);
         "P. Giannozzi et al., J. Chem. Phys. 152 154105 (2020);
          URL http://www.quantum-espresso.org", 
     in publications or presentations arising from this work. More details at
     http://www.quantum-espresso.org/quote

     Parallel version (MPI), running on     4 processors

     MPI processes distributed on     1 nodes
     R & G space division:  proc/nbgrp/npool/nimage =       4
     14261 MiB available memory on the printing compute node when the environment starts


     Reading xml data from directory:

     ./tmp/graphene.save/

     IMPORTANT: XC functional enforced from input :
     Exchange-correlation= PBE
                           (   1   4   3   4   0   0   0)
     Any further DFT definition will be discarded
     Please, verify this is what you really want


     Parallelization info
     --------------------
     sticks:   dense  smooth     PW     G-vecs:    dense   smooth      PW
     Min         148     148     44                18002    18002    2885
     Max         149     149     49                18019    18019    2886
     Sum         595     595    187                72043    72043   11541

     Using Slab Decomposition

 ----2D----2D----2D----2D----2D----2D----2D----2D----2D----2D----2D----2D
  The code is running with the 2D cutoff
  Please refer to:
  Sohier, T., Calandra, M., & Mauri, F. (2017), 
  Density functional perturbation theory for gated two-dimensional heterostructures:
  Theoretical developments and application to flexural phonons in graphene.
  Physical Review B, 96(7), 75448. https://doi.org/10.1103/PhysRevB.96.075448
 ----2D----2D----2D----2D----2D----2D----2D----2D----2D----2D----2D----2D

     Gaussian broadening (read from input): ngauss,degauss=   0    0.010000


     Calling projwave .... 
     Subspace diagonalization in iterative solution of the eigenvalue problem:
     a serial algorithm will be used


  Problem Sizes 
  natomwfc =            8
  nbnd     =            8
  nkstot   =          397
  npwx     =         2264
  nkb      =           16


     Atomic states used for projection
     (read from pseudopotential files):

     state #   1: atom   1 (C  ), wfc  1 (l=0 m= 1)
     state #   2: atom   1 (C  ), wfc  2 (l=1 m= 1)
     state #   3: atom   1 (C  ), wfc  2 (l=1 m= 2)
     state #   4: atom   1 (C  ), wfc  2 (l=1 m= 3)
     state #   5: atom   2 (C  ), wfc  1 (l=0 m= 1)
     state #   6: atom   2 (C  ), wfc  2 (l=1 m= 1)
     state #   7: atom   2 (C  ), wfc  2 (l=1 m= 2)
     state #   8: atom   2 (C  ), wfc  2 (l=1 m= 3)

 k =   0.0000000000  0.0000000000  0.0000000000
==== e(   1) =   -23.77866 eV ==== 
     psi = 0.492*[#   1]+0.492*[#   5]
    |psi|^2 = 0.985
==== e(   2) =   -11.86776 eV ==== 
     psi = 0.473*[#   2]+0.473*[#   6]
    |psi|^2 = 0.946
==== e(   3) =    -7.30169 eV ==== 
     psi = 0.249*[#   3]+0.249*[#   4]+0.249*[#   7]+0.249*[#   8]
    |psi|^2 = 0.997
==== e(   4) =    -7.30169 eV ==== 
     psi = 0.249*[#   3]+0.249*[#   4]+0.249*[#   7]+0.249*[#   8]
    |psi|^2 = 0.997
==== e(   5) =    -0.94885 eV ==== 
     psi = 0.003*[#   1]+0.003*[#   5]
    |psi|^2 = 0.007
==== e(   6) =    -0.04538 eV ==== 
     psi = 0.014*[#   2]+0.014*[#   6]
    |psi|^2 = 0.028
==== e(   7) =     1.75377 eV ==== 
     psi = 0.001*[#   1]+0.001*[#   5]
    |psi|^2 = 0.002
==== e(   8) =     2.66354 eV ==== 
     psi = 0.007*[#   2]+0.007*[#   6]
    |psi|^2 = 0.015

 k =   0.0000000000  0.0174954627  0.0000000000
==== e(   1) =   -23.77324 eV ==== 
     psi = 0.491*[#   1]+0.491*[#   5]
    |psi|^2 = 0.985
==== e(   2) =   -11.86126 eV ==== 
     psi = 0.473*[#   2]+0.473*[#   6]
    |psi|^2 = 0.946
==== e(   3) =    -7.32436 eV ==== 
     psi = 0.249*[#   3]+0.249*[#   4]+0.249*[#   7]+0.249*[#   8]
    |psi|^2 = 0.997
==== e(   4) =    -7.31371 eV ==== 
     psi = 0.249*[#   3]+0.249*[#   4]+0.249*[#   7]+0.249*[#   8]
    |psi|^2 = 0.997
==== e(   5) =    -0.94150 eV ==== 
     psi = 0.003*[#   1]+0.003*[#   5]
    |psi|^2 = 0.007
==== e(   6) =    -0.03796 eV ==== 
     psi = 0.014*[#   2]+0.014*[#   6]
    |psi|^2 = 0.028
==== e(   7) =     1.76116 eV ==== 
     psi = 0.001*[#   1]+0.001*[#   5]
    |psi|^2 = 0.002
==== e(   8) =     2.67090 eV ==== 
     psi = 0.007*[#   2]+0.007*[#   6]
    |psi|^2 = 0.015

 k =   0.0000000000  0.0349909254  0.0000000000
==== e(   1) =   -23.75699 eV ==== 
     psi = 0.488*[#   1]+0.488*[#   5]+0.002*[#   3]+0.002*[#   4]+0.002*[#   7]
          +0.002*[#   8]
    |psi|^2 = 0.985
==== e(   2) =   -11.84177 eV ==== 
     psi = 0.473*[#   2]+0.473*[#   6]
    |psi|^2 = 0.947
==== e(   3) =    -7.39185 eV ==== 
     psi = 0.248*[#   3]+0.248*[#   4]+0.248*[#   7]+0.248*[#   8]+0.002*[#   1]
          +0.002*[#   5]
    |psi|^2 = 0.997
==== e(   4) =    -7.34942 eV ==== 
     psi = 0.249*[#   3]+0.249*[#   4]+0.249*[#   7]+0.249*[#   8]
    |psi|^2 = 0.997
==== e(   5) =    -0.91945 eV ==== 
     psi = 0.003*[#   1]+0.003*[#   5]
    |psi|^2 = 0.009
==== e(   6) =    -0.01570 eV ==== 
     psi = 0.014*[#   2]+0.014*[#   6]
    |psi|^2 = 0.027
==== e(   7) =     1.78332 eV ==== 
     psi = 0.001*[#   1]+0.001*[#   5]
    |psi|^2 = 0.003
==== e(   8) =     2.69296 eV ==== 
     psi = 0.007*[#   2]+0.007*[#   6]
    |psi|^2 = 0.015

 k =   0.0000000000  0.0524863881  0.0000000000
==== e(   1) =   -23.72991 eV ==== 
     psi = 0.483*[#   1]+0.483*[#   5]+0.005*[#   3]+0.005*[#   4]+0.005*[#   7]
          +0.005*[#   8]
    |psi|^2 = 0.985
==== e(   2) =   -11.80931 eV ==== 
     psi = 0.474*[#   2]+0.474*[#   6]
    |psi|^2 = 0.948
==== e(   3) =    -7.50274 eV ==== 
     psi = 0.247*[#   3]+0.247*[#   4]+0.247*[#   7]+0.247*[#   8]+0.005*[#   1]
          +0.005*[#   5]
    |psi|^2 = 0.997
==== e(   4) =    -7.40778 eV ==== 
     psi = 0.249*[#   3]+0.249*[#   4]+0.249*[#   7]+0.249*[#   8]
    |psi|^2 = 0.997
==== e(   5) =    -0.88271 eV ==== 
     psi = 0.003*[#   1]+0.003*[#   5]+0.002*[#   3]+0.002*[#   4]+0.002*[#   7]
          +0.002*[#   8]
    |psi|^2 = 0.012
==== e(   6) =     0.02139 eV ==== 
     psi = 0.013*[#   2]+0.013*[#   6]
    |psi|^2 = 0.027
==== e(   7) =     1.82028 eV ==== 
     psi = 0.001*[#   1]+0.001*[#   5]
    |psi|^2 = 0.003
==== e(   8) =     2.72972 eV ==== 
     psi = 0.007*[#   2]+0.007*[#   6]
    |psi|^2 = 0.014

 k =   0.0000000000  0.0699818508  0.0000000000
==== e(   1) =   -23.69202 eV ==== 
     psi = 0.476*[#   1]+0.476*[#   5]+0.008*[#   3]+0.008*[#   4]+0.008*[#   7]
          +0.008*[#   8]
    |psi|^2 = 0.984
==== e(   2) =   -11.76389 eV ==== 
     psi = 0.474*[#   2]+0.474*[#   6]
    |psi|^2 = 0.949
==== e(   3) =    -7.65473 eV ==== 
     psi = 0.245*[#   3]+0.245*[#   4]+0.245*[#   7]+0.245*[#   8]+0.009*[#   1]
          +0.009*[#   5]
    |psi|^2 = 0.997
==== e(   4) =    -7.48718 eV ==== 
     psi = 0.249*[#   3]+0.249*[#   4]+0.249*[#   7]+0.249*[#   8]
    |psi|^2 = 0.997
==== e(   5) =    -0.83127 eV ==== 
     psi = 0.003*[#   3]+0.003*[#   4]+0.003*[#   7]+0.003*[#   8]+0.002*[#   1]
          +0.002*[#   5]
    |psi|^2 = 0.015
==== e(   6) =     0.07332 eV ==== 
     psi = 0.013*[#   2]+0.013*[#   6]
    |psi|^2 = 0.026
==== e(   7) =     1.87202 eV ==== 

    |psi|^2 = 0.003
==== e(   8) =     2.78117 eV ==== 
     psi = 0.007*[#   2]+0.007*[#   6]
    |psi|^2 = 0.014

 k =   0.0000000000  0.0874773135  0.0000000000
==== e(   1) =   -23.64332 eV ==== 
     psi = 0.468*[#   1]+0.468*[#   5]+0.012*[#   3]+0.012*[#   4]+0.012*[#   7]
          +0.012*[#   8]
    |psi|^2 = 0.984
==== e(   2) =   -11.70557 eV ==== 
     psi = 0.475*[#   2]+0.475*[#   6]
    |psi|^2 = 0.950
==== e(   3) =    -7.84491 eV ==== 
     psi = 0.242*[#   3]+0.242*[#   4]+0.242*[#   7]+0.242*[#   8]+0.014*[#   1]
          +0.014*[#   5]
    |psi|^2 = 0.997
==== e(   4) =    -7.58554 eV ==== 
     psi = 0.249*[#   3]+0.249*[#   4]+0.249*[#   7]+0.249*[#   8]
    |psi|^2 = 0.997
==== e(   5) =    -0.76512 eV ==== 
     psi = 0.004*[#   3]+0.004*[#   4]+0.004*[#   7]+0.004*[#   8]+0.002*[#   1]
          +0.002*[#   5]
    |psi|^2 = 0.019
==== e(   6) =     0.14005 eV ==== 
     psi = 0.013*[#   2]+0.013*[#   6]
    |psi|^2 = 0.026
==== e(   7) =     1.93854 eV ==== 

    |psi|^2 = 0.003
==== e(   8) =     2.84729 eV ==== 
     psi = 0.007*[#   2]+0.007*[#   6]
    |psi|^2 = 0.014

 k =   0.0000000000  0.1049727762  0.0000000000
==== e(   1) =   -23.58383 eV ==== 
     psi = 0.459*[#   1]+0.459*[#   5]+0.017*[#   3]+0.017*[#   4]+0.017*[#   7]
          +0.017*[#   8]
    |psi|^2 = 0.984
==== e(   2) =   -11.63438 eV ==== 
     psi = 0.476*[#   2]+0.476*[#   6]
    |psi|^2 = 0.952
==== e(   3) =    -8.06996 eV ==== 
     psi = 0.240*[#   3]+0.240*[#   4]+0.240*[#   7]+0.240*[#   8]+0.019*[#   1]
          +0.019*[#   5]
    |psi|^2 = 0.997
==== e(   4) =    -7.70050 eV ==== 
     psi = 0.249*[#   3]+0.249*[#   4]+0.249*[#   7]+0.249*[#   8]
    |psi|^2 = 0.998
==== e(   5) =    -0.68427 eV ==== 
     psi = 0.005*[#   3]+0.005*[#   4]+0.005*[#   7]+0.005*[#   8]+0.001*[#   1]
          +0.001*[#   5]
    |psi|^2 = 0.023
==== e(   6) =     0.22159 eV ==== 
     psi = 0.012*[#   2]+0.012*[#   6]
    |psi|^2 = 0.025
==== e(   7) =     2.01986 eV ==== 

    |psi|^2 = 0.004
==== e(   8) =     2.92805 eV ==== 
     psi = 0.007*[#   2]+0.007*[#   6]
    |psi|^2 = 0.013

 k =   0.0000000000  0.1224682389  0.0000000000
==== e(   1) =   -23.51357 eV ==== 
     psi = 0.448*[#   1]+0.448*[#   5]+0.022*[#   3]+0.022*[#   4]+0.022*[#   7]
          +0.022*[#   8]
    |psi|^2 = 0.984
==== e(   2) =   -11.55040 eV ==== 
     psi = 0.477*[#   2]+0.477*[#   6]
    |psi|^2 = 0.954
==== e(   3) =    -8.32628 eV ==== 
     psi = 0.237*[#   3]+0.237*[#   4]+0.237*[#   7]+0.237*[#   8]+0.025*[#   1]
          +0.025*[#   5]
    |psi|^2 = 0.997
==== e(   4) =    -7.82953 eV ==== 
     psi = 0.249*[#   3]+0.249*[#   4]+0.249*[#   7]+0.249*[#   8]
    |psi|^2 = 0.998
==== e(   5) =    -0.58871 eV ==== 
     psi = 0.006*[#   3]+0.006*[#   4]+0.006*[#   7]+0.006*[#   8]
    |psi|^2 = 0.027
==== e(   6) =     0.31791 eV ==== 
     psi = 0.012*[#   2]+0.012*[#   6]
    |psi|^2 = 0.024
==== e(   7) =     2.11595 eV ==== 

    |psi|^2 = 0.004
==== e(   8) =     3.02341 eV ==== 
     psi = 0.006*[#   2]+0.006*[#   6]
    |psi|^2 = 0.013

 k =   0.0000000000  0.1399637016  0.0000000000
==== e(   1) =   -23.43257 eV ==== 
     psi = 0.437*[#   1]+0.437*[#   5]+0.027*[#   3]+0.027*[#   4]+0.027*[#   7]
          +0.027*[#   8]
    |psi|^2 = 0.984
==== e(   2) =   -11.45370 eV ==== 
     psi = 0.478*[#   2]+0.478*[#   6]
    |psi|^2 = 0.956
==== e(   3) =    -8.61024 eV ==== 
     psi = 0.233*[#   3]+0.233*[#   4]+0.233*[#   7]+0.233*[#   8]+0.032*[#   1]
          +0.032*[#   5]
    |psi|^2 = 0.996
==== e(   4) =    -7.97005 eV ==== 
     psi = 0.249*[#   3]+0.249*[#   4]+0.249*[#   7]+0.249*[#   8]
    |psi|^2 = 0.998
==== e(   5) =    -0.47846 eV ==== 
     psi = 0.007*[#   3]+0.007*[#   4]+0.007*[#   7]+0.007*[#   8]
    |psi|^2 = 0.031
==== e(   6) =     0.42899 eV ==== 
     psi = 0.011*[#   2]+0.011*[#   6]
    |psi|^2 = 0.023
==== e(   7) =     2.22680 eV ==== 

    |psi|^2 = 0.004
==== e(   8) =     3.13330 eV ==== 
     psi = 0.006*[#   2]+0.006*[#   6]
    |psi|^2 = 0.012

 k =   0.0000000000  0.1574591643  0.0000000000
==== e(   1) =   -23.34086 eV ==== 
     psi = 0.426*[#   1]+0.426*[#   5]+0.033*[#   3]+0.033*[#   4]+0.033*[#   7]
          +0.033*[#   8]
    |psi|^2 = 0.983
==== e(   2) =   -11.34438 eV ==== 
     psi = 0.479*[#   2]+0.479*[#   6]
    |psi|^2 = 0.958
==== e(   3) =    -8.91828 eV ==== 
     psi = 0.230*[#   3]+0.230*[#   4]+0.230*[#   7]+0.230*[#   8]+0.039*[#   1]
          +0.039*[#   5]
    |psi|^2 = 0.996
==== e(   4) =    -8.11957 eV ==== 
     psi = 0.249*[#   3]+0.249*[#   4]+0.249*[#   7]+0.249*[#   8]
    |psi|^2 = 0.998
==== e(   5) =    -0.35352 eV ==== 
     psi = 0.008*[#   3]+0.008*[#   4]+0.008*[#   7]+0.008*[#   8]
    |psi|^2 = 0.034
==== e(   6) =     0.55478 eV ==== 
     psi = 0.011*[#   2]+0.011*[#   6]
    |psi|^2 = 0.022
==== e(   7) =     2.35237 eV ==== 

    |psi|^2 = 0.004
==== e(   8) =     3.25763 eV ==== 
     psi = 0.006*[#   2]+0.006*[#   6]
    |psi|^2 = 0.011

 k =   0.0000000000  0.1749546270  0.0000000000
==== e(   1) =   -23.23847 eV ==== 
     psi = 0.414*[#   1]+0.414*[#   5]+0.039*[#   3]+0.039*[#   4]+0.039*[#   7]
          +0.039*[#   8]
    |psi|^2 = 0.983
==== e(   2) =   -11.22254 eV ==== 
     psi = 0.480*[#   2]+0.480*[#   6]
    |psi|^2 = 0.961
==== e(   3) =    -9.24702 eV ==== 
     psi = 0.226*[#   3]+0.226*[#   4]+0.226*[#   7]+0.226*[#   8]+0.046*[#   1]
          +0.046*[#   5]
    |psi|^2 = 0.995
==== e(   4) =    -8.27572 eV ==== 
     psi = 0.249*[#   3]+0.249*[#   4]+0.249*[#   7]+0.249*[#   8]
    |psi|^2 = 0.998
==== e(   5) =    -0.21390 eV ==== 
     psi = 0.009*[#   3]+0.009*[#   4]+0.009*[#   7]+0.009*[#   8]
    |psi|^2 = 0.036
==== e(   6) =     0.69524 eV ==== 
     psi = 0.010*[#   2]+0.010*[#   6]
    |psi|^2 = 0.020
==== e(   7) =     2.49260 eV ==== 

    |psi|^2 = 0.004
==== e(   8) =     3.39619 eV ==== 
     psi = 0.006*[#   2]+0.006*[#   6]
    |psi|^2 = 0.011

 k =   0.0000000000  0.1924500897  0.0000000000
==== e(   1) =   -23.12543 eV ==== 
     psi = 0.403*[#   1]+0.403*[#   5]+0.044*[#   3]+0.044*[#   4]+0.044*[#   7]
          +0.044*[#   8]
    |psi|^2 = 0.983
==== e(   2) =   -11.08833 eV ==== 
     psi = 0.482*[#   2]+0.482*[#   6]
    |psi|^2 = 0.963
==== e(   3) =    -9.59328 eV ==== 
     psi = 0.222*[#   3]+0.222*[#   4]+0.222*[#   7]+0.222*[#   8]+0.053*[#   1]
          +0.053*[#   5]
    |psi|^2 = 0.995
==== e(   4) =    -8.43632 eV ==== 
     psi = 0.249*[#   3]+0.249*[#   4]+0.249*[#   7]+0.249*[#   8]
    |psi|^2 = 0.998
==== e(   5) =    -0.05962 eV ==== 
     psi = 0.010*[#   3]+0.010*[#   4]+0.010*[#   7]+0.010*[#   8]
    |psi|^2 = 0.038
==== e(   6) =     0.85028 eV ==== 
     psi = 0.010*[#   2]+0.010*[#   6]
    |psi|^2 = 0.019
==== e(   7) =     2.64738 eV ==== 

    |psi|^2 = 0.004
==== e(   8) =     3.54856 eV ==== 
     psi = 0.006*[#   2]+0.006*[#   6]
    |psi|^2 = 0.011

 k =   0.0000000000  0.2099455524  0.0000000000
==== e(   1) =   -23.00181 eV ==== 
     psi = 0.391*[#   1]+0.391*[#   5]+0.050*[#   3]+0.050*[#   4]+0.050*[#   7]
          +0.050*[#   8]
    |psi|^2 = 0.983
==== e(   2) =   -10.94189 eV ==== 
     psi = 0.483*[#   2]+0.483*[#   6]
    |psi|^2 = 0.966
==== e(   3) =    -9.95416 eV ==== 
     psi = 0.218*[#   3]+0.218*[#   4]+0.218*[#   7]+0.218*[#   8]+0.060*[#   1]
          +0.060*[#   5]
    |psi|^2 = 0.994
==== e(   4) =    -8.59936 eV ==== 
     psi = 0.249*[#   3]+0.249*[#   4]+0.249*[#   7]+0.249*[#   8]
    |psi|^2 = 0.998
==== e(   5) =     0.10930 eV ==== 
     psi = 0.010*[#   3]+0.010*[#   4]+0.010*[#   7]+0.010*[#   8]
    |psi|^2 = 0.039
==== e(   6) =     1.01980 eV ==== 
     psi = 0.009*[#   2]+0.009*[#   6]
    |psi|^2 = 0.018
==== e(   7) =     2.81654 eV ==== 
     psi = 0.001*[#   1]+0.001*[#   5]
    |psi|^2 = 0.004
==== e(   8) =     3.71346 eV ==== 
     psi = 0.007*[#   2]+0.007*[#   6]
    |psi|^2 = 0.014

 k =   0.0000000000  0.2274410151  0.0000000000
==== e(   1) =   -22.86763 eV ==== 
     psi = 0.380*[#   1]+0.380*[#   5]+0.056*[#   3]+0.056*[#   4]+0.056*[#   7]
          +0.056*[#   8]
    |psi|^2 = 0.982
==== e(   2) =   -10.78340 eV ==== 
     psi = 0.484*[#   2]+0.484*[#   6]
    |psi|^2 = 0.969
==== e(   3) =   -10.32702 eV ==== 
     psi = 0.215*[#   3]+0.215*[#   4]+0.215*[#   7]+0.215*[#   8]+0.068*[#   1]
          +0.068*[#   5]
    |psi|^2 = 0.994
==== e(   4) =    -8.76305 eV ==== 
     psi = 0.249*[#   3]+0.249*[#   4]+0.249*[#   7]+0.249*[#   8]
    |psi|^2 = 0.997
==== e(   5) =     0.29283 eV ==== 
     psi = 0.010*[#   3]+0.010*[#   4]+0.010*[#   7]+0.010*[#   8]
    |psi|^2 = 0.040
==== e(   6) =     1.20360 eV ==== 
     psi = 0.008*[#   2]+0.008*[#   6]
    |psi|^2 = 0.017
==== e(   7) =     2.99968 eV ==== 
     psi = 0.002*[#   1]+0.002*[#   5]
    |psi|^2 = 0.004
==== e(   8) =     3.88426 eV ==== 
     psi = 0.019*[#   2]+0.019*[#   6]
    |psi|^2 = 0.039

 k =   0.0000000000  0.2449364778  0.0000000000
==== e(   1) =   -22.72297 eV ==== 
     psi = 0.369*[#   1]+0.369*[#   5]+0.061*[#   3]+0.061*[#   4]+0.061*[#   7]
          +0.061*[#   8]
    |psi|^2 = 0.982
==== e(   2) =   -10.70948 eV ==== 
     psi = 0.211*[#   3]+0.211*[#   4]+0.211*[#   7]+0.211*[#   8]+0.075*[#   1]
          +0.075*[#   5]
    |psi|^2 = 0.993
==== e(   3) =   -10.61309 eV ==== 
     psi = 0.486*[#   2]+0.486*[#   6]
    |psi|^2 = 0.972
==== e(   4) =    -8.92581 eV ==== 
     psi = 0.249*[#   3]+0.249*[#   4]+0.249*[#   7]+0.249*[#   8]
    |psi|^2 = 0.997
==== e(   5) =     0.49095 eV ==== 
     psi = 0.010*[#   3]+0.010*[#   4]+0.010*[#   7]+0.010*[#   8]
    |psi|^2 = 0.039
==== e(   6) =     1.40130 eV ==== 
     psi = 0.008*[#   2]+0.008*[#   6]
    |psi|^2 = 0.016
==== e(   7) =     3.19596 eV ==== 
     psi = 0.003*[#   1]+0.003*[#   5]
    |psi|^2 = 0.007
==== e(   8) =     3.93698 eV ==== 
     psi = 0.322*[#   2]+0.322*[#   6]
    |psi|^2 = 0.644

 k =   0.0000000000  0.2624319405  0.0000000000
==== e(   1) =   -22.56789 eV ==== 
     psi = 0.359*[#   1]+0.359*[#   5]+0.066*[#   3]+0.066*[#   4]+0.066*[#   7]
          +0.066*[#   8]
    |psi|^2 = 0.982
==== e(   2) =   -11.09939 eV ==== 
     psi = 0.207*[#   3]+0.207*[#   4]+0.207*[#   7]+0.207*[#   8]+0.082*[#   1]
          +0.082*[#   5]
    |psi|^2 = 0.993
==== e(   3) =   -10.43121 eV ==== 
     psi = 0.487*[#   2]+0.487*[#   6]
    |psi|^2 = 0.975
==== e(   4) =    -9.08621 eV ==== 
     psi = 0.249*[#   3]+0.249*[#   4]+0.249*[#   7]+0.249*[#   8]
    |psi|^2 = 0.997
==== e(   5) =     0.70360 eV ==== 
     psi = 0.009*[#   3]+0.009*[#   4]+0.009*[#   7]+0.009*[#   8]
    |psi|^2 = 0.038
==== e(   6) =     1.61211 eV ==== 
     psi = 0.008*[#   2]+0.008*[#   6]
    |psi|^2 = 0.016
==== e(   7) =     3.40283 eV ==== 
     psi = 0.008*[#   1]+0.008*[#   5]
    |psi|^2 = 0.018
==== e(   8) =     3.60390 eV ==== 
     psi = 0.462*[#   2]+0.462*[#   6]
    |psi|^2 = 0.923

 k =   0.0000000000  0.2799274032  0.0000000000
==== e(   1) =   -22.40246 eV ==== 
     psi = 0.349*[#   1]+0.349*[#   5]+0.071*[#   3]+0.071*[#   4]+0.071*[#   7]
          +0.071*[#   8]
    |psi|^2 = 0.982
==== e(   2) =   -11.49483 eV ==== 
     psi = 0.204*[#   3]+0.204*[#   4]+0.204*[#   7]+0.204*[#   8]+0.089*[#   1]
          +0.089*[#   5]
    |psi|^2 = 0.993
==== e(   3) =   -10.23805 eV ==== 
     psi = 0.489*[#   2]+0.489*[#   6]
    |psi|^2 = 0.977
==== e(   4) =    -9.24303 eV ==== 
     psi = 0.249*[#   3]+0.249*[#   4]+0.249*[#   7]+0.249*[#   8]
    |psi|^2 = 0.997
==== e(   5) =     0.93075 eV ==== 
     psi = 0.009*[#   3]+0.009*[#   4]+0.009*[#   7]+0.009*[#   8]
    |psi|^2 = 0.035
==== e(   6) =     1.83375 eV ==== 
     psi = 0.010*[#   2]+0.010*[#   6]
    |psi|^2 = 0.021
==== e(   7) =     3.21721 eV ==== 
     psi = 0.468*[#   2]+0.468*[#   6]
    |psi|^2 = 0.935
==== e(   8) =     3.60910 eV ==== 
     psi = 0.030*[#   1]+0.030*[#   5]+0.007*[#   3]+0.007*[#   4]+0.007*[#   7]
          +0.007*[#   8]
    |psi|^2 = 0.088

 k =   0.0000000000  0.2974228659  0.0000000000
==== e(   1) =   -22.22676 eV ==== 
     psi = 0.339*[#   1]+0.339*[#   5]+0.076*[#   3]+0.076*[#   4]+0.076*[#   7]
          +0.076*[#   8]
    |psi|^2 = 0.982
==== e(   2) =   -11.89410 eV ==== 
     psi = 0.200*[#   3]+0.200*[#   4]+0.200*[#   7]+0.200*[#   8]+0.095*[#   1]
          +0.095*[#   5]
    |psi|^2 = 0.992
==== e(   3) =   -10.03399 eV ==== 
     psi = 0.490*[#   2]+0.490*[#   6]
    |psi|^2 = 0.980
==== e(   4) =    -9.39517 eV ==== 
     psi = 0.249*[#   3]+0.249*[#   4]+0.249*[#   7]+0.249*[#   8]
    |psi|^2 = 0.997
==== e(   5) =     1.17232 eV ==== 
     psi = 0.008*[#   3]+0.008*[#   4]+0.008*[#   7]+0.008*[#   8]
    |psi|^2 = 0.033
==== e(   6) =     2.05632 eV ==== 
     psi = 0.026*[#   2]+0.026*[#   6]
    |psi|^2 = 0.052
==== e(   7) =     2.83091 eV ==== 
     psi = 0.453*[#   2]+0.453*[#   6]
    |psi|^2 = 0.907
==== e(   8) =     3.74628 eV ==== 
     psi = 0.143*[#   1]+0.143*[#   5]+0.054*[#   3]+0.054*[#   4]+0.054*[#   7]
          +0.054*[#   8]
    |psi|^2 = 0.503

 k =   0.0000000000  0.3149183286  0.0000000000
==== e(   1) =   -22.04090 eV ==== 
     psi = 0.330*[#   1]+0.330*[#   5]+0.080*[#   3]+0.080*[#   4]+0.080*[#   7]
          +0.080*[#   8]
    |psi|^2 = 0.982
==== e(   2) =   -12.29566 eV ==== 
     psi = 0.197*[#   3]+0.197*[#   4]+0.197*[#   7]+0.197*[#   8]+0.102*[#   1]
          +0.102*[#   5]
    |psi|^2 = 0.992
==== e(   3) =    -9.81946 eV ==== 
     psi = 0.491*[#   2]+0.491*[#   6]
    |psi|^2 = 0.983
==== e(   4) =    -9.54168 eV ==== 
     psi = 0.249*[#   3]+0.249*[#   4]+0.249*[#   7]+0.249*[#   8]
    |psi|^2 = 0.997
==== e(   5) =     1.42822 eV ==== 
     psi = 0.007*[#   3]+0.007*[#   4]+0.007*[#   7]+0.007*[#   8]
    |psi|^2 = 0.029
==== e(   6) =     2.18180 eV ==== 
     psi = 0.217*[#   2]+0.217*[#   6]
    |psi|^2 = 0.434
==== e(   7) =     2.54857 eV ==== 
     psi = 0.262*[#   2]+0.262*[#   6]
    |psi|^2 = 0.523
==== e(   8) =     3.74213 eV ==== 
     psi = 0.225*[#   1]+0.225*[#   5]+0.087*[#   3]+0.087*[#   4]+0.087*[#   7]
          +0.087*[#   8]
    |psi|^2 = 0.795

 k =   0.0000000000  0.3324137914  0.0000000000
==== e(   1) =   -21.84497 eV ==== 
     psi = 0.321*[#   1]+0.321*[#   5]+0.085*[#   3]+0.085*[#   4]+0.085*[#   7]
          +0.085*[#   8]
    |psi|^2 = 0.982
==== e(   2) =   -12.69814 eV ==== 
     psi = 0.194*[#   3]+0.194*[#   4]+0.194*[#   7]+0.194*[#   8]+0.108*[#   1]
          +0.108*[#   5]
    |psi|^2 = 0.991
==== e(   3) =    -9.68175 eV ==== 
     psi = 0.249*[#   3]+0.249*[#   4]+0.249*[#   7]+0.249*[#   8]
    |psi|^2 = 0.997
==== e(   4) =    -9.59499 eV ==== 
     psi = 0.493*[#   2]+0.493*[#   6]
    |psi|^2 = 0.985
==== e(   5) =     1.69829 eV ==== 
     psi = 0.006*[#   3]+0.006*[#   4]+0.006*[#   7]+0.006*[#   8]
    |psi|^2 = 0.025
==== e(   6) =     1.90327 eV ==== 
     psi = 0.438*[#   2]+0.438*[#   6]
    |psi|^2 = 0.875
==== e(   7) =     2.67998 eV ==== 
     psi = 0.040*[#   2]+0.040*[#   6]
    |psi|^2 = 0.081
==== e(   8) =     3.69615 eV ==== 
     psi = 0.250*[#   1]+0.250*[#   5]+0.089*[#   3]+0.089*[#   4]+0.089*[#   7]
          +0.089*[#   8]
    |psi|^2 = 0.856

 k =   0.0000000000  0.3499092541  0.0000000000
==== e(   1) =   -21.63911 eV ==== 
     psi = 0.313*[#   1]+0.313*[#   5]+0.089*[#   3]+0.089*[#   4]+0.089*[#   7]
          +0.089*[#   8]
    |psi|^2 = 0.982
==== e(   2) =   -13.10028 eV ==== 
     psi = 0.191*[#   3]+0.191*[#   4]+0.191*[#   7]+0.191*[#   8]+0.114*[#   1]
          +0.114*[#   5]
    |psi|^2 = 0.991
==== e(   3) =    -9.81464 eV ==== 
     psi = 0.249*[#   3]+0.249*[#   4]+0.249*[#   7]+0.249*[#   8]
    |psi|^2 = 0.997
==== e(   4) =    -9.36122 eV ==== 
     psi = 0.494*[#   2]+0.494*[#   6]
    |psi|^2 = 0.987
==== e(   5) =     1.50311 eV ==== 
     psi = 0.461*[#   2]+0.461*[#   6]
    |psi|^2 = 0.923
==== e(   6) =     1.98230 eV ==== 
     psi = 0.005*[#   3]+0.005*[#   4]+0.005*[#   7]+0.005*[#   8]
    |psi|^2 = 0.021
==== e(   7) =     2.94509 eV ==== 
     psi = 0.016*[#   2]+0.016*[#   6]
    |psi|^2 = 0.032
==== e(   8) =     3.64315 eV ==== 
     psi = 0.265*[#   1]+0.265*[#   5]+0.087*[#   3]+0.087*[#   4]+0.087*[#   7]
          +0.087*[#   8]
    |psi|^2 = 0.878

 k =   0.0000000000  0.3674047168  0.0000000000
==== e(   1) =   -21.42348 eV ==== 
     psi = 0.306*[#   1]+0.306*[#   5]+0.093*[#   3]+0.093*[#   4]+0.093*[#   7]
          +0.093*[#   8]
    |psi|^2 = 0.982
==== e(   2) =   -13.50095 eV ==== 
     psi = 0.188*[#   3]+0.188*[#   4]+0.188*[#   7]+0.188*[#   8]+0.120*[#   1]
          +0.120*[#   5]
    |psi|^2 = 0.991
==== e(   3) =    -9.93974 eV ==== 
     psi = 0.249*[#   3]+0.249*[#   4]+0.249*[#   7]+0.249*[#   8]
    |psi|^2 = 0.997
==== e(   4) =    -9.11898 eV ==== 
     psi = 0.495*[#   2]+0.495*[#   6]
    |psi|^2 = 0.989
==== e(   5) =     1.08859 eV ==== 
     psi = 0.467*[#   2]+0.467*[#   6]
    |psi|^2 = 0.934
==== e(   6) =     2.27978 eV ==== 
     psi = 0.004*[#   3]+0.004*[#   4]+0.004*[#   7]+0.004*[#   8]+0.001*[#   1]
          +0.001*[#   5]
    |psi|^2 = 0.017
==== e(   7) =     3.23886 eV ==== 
     psi = 0.010*[#   2]+0.010*[#   6]
    |psi|^2 = 0.020
==== e(   8) =     3.59010 eV ==== 
     psi = 0.277*[#   1]+0.277*[#   5]+0.083*[#   3]+0.083*[#   4]+0.083*[#   7]
          +0.083*[#   8]
    |psi|^2 = 0.889

 k =   0.0000000000  0.3849001795  0.0000000000
==== e(   1) =   -21.19826 eV ==== 
     psi = 0.299*[#   1]+0.299*[#   5]+0.096*[#   3]+0.096*[#   4]+0.096*[#   7]
          +0.096*[#   8]
    |psi|^2 = 0.982
==== e(   2) =   -13.89913 eV ==== 
     psi = 0.185*[#   3]+0.185*[#   4]+0.185*[#   7]+0.185*[#   8]+0.125*[#   1]
          +0.125*[#   5]
    |psi|^2 = 0.990
==== e(   3) =   -10.05650 eV ==== 
     psi = 0.249*[#   3]+0.249*[#   4]+0.249*[#   7]+0.249*[#   8]
    |psi|^2 = 0.997
==== e(   4) =    -8.86929 eV ==== 
     psi = 0.495*[#   2]+0.495*[#   6]
    |psi|^2 = 0.991
==== e(   5) =     0.67248 eV ==== 
     psi = 0.469*[#   2]+0.469*[#   6]
    |psi|^2 = 0.938
==== e(   6) =     2.58957 eV ==== 
     psi = 0.003*[#   1]+0.003*[#   5]+0.002*[#   3]+0.002*[#   4]+0.002*[#   7]
          +0.002*[#   8]
    |psi|^2 = 0.015
==== e(   7) =     3.54033 eV ==== 
     psi = 0.287*[#   1]+0.287*[#   5]+0.080*[#   3]+0.080*[#   4]+0.080*[#   7]
          +0.080*[#   8]
    |psi|^2 = 0.894
==== e(   8) =     3.55079 eV ==== 
     psi = 0.007*[#   2]+0.007*[#   6]
    |psi|^2 = 0.014

 k =   0.0000000000  0.4023956422  0.0000000000
==== e(   1) =   -20.96368 eV ==== 
     psi = 0.292*[#   1]+0.292*[#   5]+0.100*[#   3]+0.100*[#   4]+0.100*[#   7]
          +0.100*[#   8]
    |psi|^2 = 0.983
==== e(   2) =   -14.29382 eV ==== 
     psi = 0.182*[#   3]+0.182*[#   4]+0.182*[#   7]+0.182*[#   8]+0.130*[#   1]
          +0.130*[#   5]
    |psi|^2 = 0.990
==== e(   3) =   -10.16446 eV ==== 
     psi = 0.249*[#   3]+0.249*[#   4]+0.249*[#   7]+0.249*[#   8]
    |psi|^2 = 0.996
==== e(   4) =    -8.61345 eV ==== 
     psi = 0.496*[#   2]+0.496*[#   6]
    |psi|^2 = 0.992
==== e(   5) =     0.25962 eV ==== 
     psi = 0.470*[#   2]+0.470*[#   6]
    |psi|^2 = 0.941
==== e(   6) =     2.90772 eV ==== 
     psi = 0.011*[#   1]+0.011*[#   5]
    |psi|^2 = 0.023
==== e(   7) =     3.49891 eV ==== 
     psi = 0.289*[#   1]+0.289*[#   5]+0.077*[#   3]+0.077*[#   4]+0.077*[#   7]
          +0.077*[#   8]
    |psi|^2 = 0.887
==== e(   8) =     3.87842 eV ==== 
     psi = 0.006*[#   2]+0.006*[#   6]
    |psi|^2 = 0.011

 k =   0.0000000000  0.4198911049  0.0000000000
==== e(   1) =   -20.72003 eV ==== 
     psi = 0.286*[#   1]+0.286*[#   5]+0.103*[#   3]+0.103*[#   4]+0.103*[#   7]
          +0.103*[#   8]
    |psi|^2 = 0.983
==== e(   2) =   -14.68407 eV ==== 
     psi = 0.180*[#   3]+0.180*[#   4]+0.180*[#   7]+0.180*[#   8]+0.135*[#   1]
          +0.135*[#   5]
    |psi|^2 = 0.989
==== e(   3) =   -10.26320 eV ==== 
     psi = 0.249*[#   3]+0.249*[#   4]+0.249*[#   7]+0.249*[#   8]
    |psi|^2 = 0.996
==== e(   4) =    -8.35318 eV ==== 
     psi = 0.497*[#   2]+0.497*[#   6]
    |psi|^2 = 0.994
==== e(   5) =    -0.14643 eV ==== 
     psi = 0.471*[#   2]+0.471*[#   6]
    |psi|^2 = 0.943
==== e(   6) =     3.20851 eV ==== 
     psi = 0.069*[#   1]+0.069*[#   5]+0.004*[#   3]+0.004*[#   4]+0.004*[#   7]
          +0.004*[#   8]
    |psi|^2 = 0.156
==== e(   7) =     3.49224 eV ==== 
     psi = 0.239*[#   1]+0.239*[#   5]+0.069*[#   3]+0.069*[#   4]+0.069*[#   7]
          +0.069*[#   8]
    |psi|^2 = 0.754
==== e(   8) =     4.22081 eV ==== 
     psi = 0.005*[#   2]+0.005*[#   6]
    |psi|^2 = 0.009

 k =   0.0000000000  0.4373865676  0.0000000000
==== e(   1) =   -20.46773 eV ==== 
     psi = 0.280*[#   1]+0.280*[#   5]+0.106*[#   3]+0.106*[#   4]+0.106*[#   7]
          +0.106*[#   8]
    |psi|^2 = 0.983
==== e(   2) =   -15.06893 eV ==== 
     psi = 0.178*[#   3]+0.178*[#   4]+0.178*[#   7]+0.178*[#   8]+0.139*[#   1]
          +0.139*[#   5]
    |psi|^2 = 0.989
==== e(   3) =   -10.35238 eV ==== 
     psi = 0.249*[#   3]+0.249*[#   4]+0.249*[#   7]+0.249*[#   8]
    |psi|^2 = 0.996
==== e(   4) =    -8.09073 eV ==== 
     psi = 0.497*[#   2]+0.497*[#   6]
    |psi|^2 = 0.995
==== e(   5) =    -0.54211 eV ==== 
     psi = 0.472*[#   2]+0.472*[#   6]
    |psi|^2 = 0.944
==== e(   6) =     3.33175 eV ==== 
     psi = 0.270*[#   1]+0.270*[#   5]+0.045*[#   3]+0.045*[#   4]+0.045*[#   7]
          +0.045*[#   8]
    |psi|^2 = 0.720
==== e(   7) =     3.68097 eV ==== 
     psi = 0.046*[#   1]+0.046*[#   5]+0.024*[#   3]+0.024*[#   4]+0.024*[#   7]
          +0.024*[#   8]
    |psi|^2 = 0.189
==== e(   8) =     4.57743 eV ==== 
     psi = 0.004*[#   2]+0.004*[#   6]
    |psi|^2 = 0.008

 k =   0.0000000000  0.4548820303  0.0000000000
==== e(   1) =   -20.20733 eV ==== 
     psi = 0.276*[#   1]+0.276*[#   5]+0.108*[#   3]+0.108*[#   4]+0.108*[#   7]
          +0.108*[#   8]
    |psi|^2 = 0.984
==== e(   2) =   -15.44735 eV ==== 
     psi = 0.175*[#   3]+0.175*[#   4]+0.175*[#   7]+0.175*[#   8]+0.143*[#   1]
          +0.143*[#   5]
    |psi|^2 = 0.988
==== e(   3) =   -10.43171 eV ==== 
     psi = 0.249*[#   3]+0.249*[#   4]+0.249*[#   7]+0.249*[#   8]
    |psi|^2 = 0.996
==== e(   4) =    -7.82916 eV ==== 
     psi = 0.498*[#   2]+0.498*[#   6]
    |psi|^2 = 0.995
==== e(   5) =    -0.92334 eV ==== 
     psi = 0.473*[#   2]+0.473*[#   6]
    |psi|^2 = 0.945
==== e(   6) =     3.31878 eV ==== 
     psi = 0.313*[#   1]+0.313*[#   5]+0.055*[#   3]+0.055*[#   4]+0.055*[#   7]
          +0.055*[#   8]
    |psi|^2 = 0.846
==== e(   7) =     4.02404 eV ==== 
     psi = 0.010*[#   1]+0.010*[#   3]+0.010*[#   4]+0.010*[#   5]+0.010*[#   7]
          +0.010*[#   8]
    |psi|^2 = 0.062
==== e(   8) =     4.94787 eV ==== 
     psi = 0.003*[#   2]+0.003*[#   6]
    |psi|^2 = 0.007

 k =   0.0000000000  0.4723774930  0.0000000000
==== e(   1) =   -19.93968 eV ==== 
     psi = 0.272*[#   1]+0.272*[#   5]+0.110*[#   3]+0.110*[#   4]+0.110*[#   7]
          +0.110*[#   8]
    |psi|^2 = 0.985
==== e(   2) =   -15.81807 eV ==== 
     psi = 0.174*[#   3]+0.174*[#   4]+0.174*[#   7]+0.174*[#   8]+0.146*[#   1]
          +0.146*[#   5]
    |psi|^2 = 0.988
==== e(   3) =   -10.50093 eV ==== 
     psi = 0.249*[#   3]+0.249*[#   4]+0.249*[#   7]+0.249*[#   8]
    |psi|^2 = 0.996
==== e(   4) =    -7.57259 eV ==== 
     psi = 0.498*[#   2]+0.498*[#   6]
    |psi|^2 = 0.996
==== e(   5) =    -1.28518 eV ==== 
     psi = 0.473*[#   2]+0.473*[#   6]
    |psi|^2 = 0.947
==== e(   6) =     3.29131 eV ==== 
     psi = 0.325*[#   1]+0.325*[#   5]+0.056*[#   3]+0.056*[#   4]+0.056*[#   7]
          +0.056*[#   8]
    |psi|^2 = 0.873
==== e(   7) =     4.39994 eV ==== 
     psi = 0.006*[#   3]+0.006*[#   4]+0.006*[#   7]+0.006*[#   8]+0.004*[#   1]
          +0.004*[#   5]
    |psi|^2 = 0.034
==== e(   8) =     5.33175 eV ==== 
     psi = 0.003*[#   2]+0.003*[#   6]
    |psi|^2 = 0.006

 k =   0.0000000000  0.4898729557  0.0000000000
==== e(   1) =   -19.66616 eV ==== 
     psi = 0.270*[#   1]+0.270*[#   5]+0.111*[#   3]+0.111*[#   4]+0.111*[#   7]
          +0.111*[#   8]
    |psi|^2 = 0.986
==== e(   2) =   -16.17935 eV ==== 
     psi = 0.173*[#   3]+0.173*[#   4]+0.173*[#   7]+0.173*[#   8]+0.148*[#   1]
          +0.148*[#   5]
    |psi|^2 = 0.987
==== e(   3) =   -10.55984 eV ==== 
     psi = 0.249*[#   3]+0.249*[#   4]+0.249*[#   7]+0.249*[#   8]
    |psi|^2 = 0.996
==== e(   4) =    -7.32670 eV ==== 
     psi = 0.498*[#   2]+0.498*[#   6]
    |psi|^2 = 0.996
==== e(   5) =    -1.62124 eV ==== 
     psi = 0.474*[#   2]+0.474*[#   6]
    |psi|^2 = 0.948
==== e(   6) =     3.26451 eV ==== 
     psi = 0.333*[#   1]+0.333*[#   5]+0.055*[#   3]+0.055*[#   4]+0.055*[#   7]
          +0.055*[#   8]
    |psi|^2 = 0.884
==== e(   7) =     4.79354 eV ==== 
     psi = 0.004*[#   3]+0.004*[#   4]+0.004*[#   7]+0.004*[#   8]+0.002*[#   1]
          +0.002*[#   5]
    |psi|^2 = 0.022
==== e(   8) =     5.72862 eV ==== 
     psi = 0.003*[#   2]+0.003*[#   6]
    |psi|^2 = 0.006

 k =   0.0000000000  0.5073684184  0.0000000000
==== e(   1) =   -19.38928 eV ==== 
     psi = 0.270*[#   1]+0.270*[#   5]+0.112*[#   3]+0.112*[#   4]+0.112*[#   7]
          +0.112*[#   8]
    |psi|^2 = 0.987
==== e(   2) =   -16.52842 eV ==== 
     psi = 0.173*[#   3]+0.173*[#   4]+0.173*[#   7]+0.173*[#   8]+0.148*[#   1]
          +0.148*[#   5]
    |psi|^2 = 0.986
==== e(   3) =   -10.60826 eV ==== 
     psi = 0.249*[#   3]+0.249*[#   4]+0.249*[#   7]+0.249*[#   8]
    |psi|^2 = 0.996
==== e(   4) =    -7.09922 eV ==== 
     psi = 0.498*[#   2]+0.498*[#   6]
    |psi|^2 = 0.997
==== e(   5) =    -1.92324 eV ==== 
     psi = 0.474*[#   2]+0.474*[#   6]
    |psi|^2 = 0.948
==== e(   6) =     3.24132 eV ==== 
     psi = 0.338*[#   1]+0.338*[#   5]+0.053*[#   3]+0.053*[#   4]+0.053*[#   7]
          +0.053*[#   8]
    |psi|^2 = 0.889
==== e(   7) =     5.20182 eV ==== 
     psi = 0.003*[#   3]+0.003*[#   4]+0.003*[#   7]+0.003*[#   8]+0.001*[#   1]
          +0.001*[#   5]
    |psi|^2 = 0.015
==== e(   8) =     6.13788 eV ==== 
     psi = 0.003*[#   2]+0.003*[#   6]
    |psi|^2 = 0.006

 k =   0.0000000000  0.5248638811  0.0000000000
==== e(   1) =   -19.11406 eV ==== 
     psi = 0.273*[#   1]+0.273*[#   5]+0.111*[#   3]+0.111*[#   4]+0.111*[#   7]
          +0.111*[#   8]
    |psi|^2 = 0.988
==== e(   2) =   -16.86001 eV ==== 
     psi = 0.174*[#   3]+0.174*[#   4]+0.174*[#   7]+0.174*[#   8]+0.144*[#   1]
          +0.144*[#   5]
    |psi|^2 = 0.984
==== e(   3) =   -10.64606 eV ==== 
     psi = 0.249*[#   3]+0.249*[#   4]+0.249*[#   7]+0.249*[#   8]
    |psi|^2 = 0.996
==== e(   4) =    -6.90043 eV ==== 
     psi = 0.499*[#   2]+0.499*[#   6]
    |psi|^2 = 0.997
==== e(   5) =    -2.18046 eV ==== 
     psi = 0.474*[#   2]+0.474*[#   6]
    |psi|^2 = 0.949
==== e(   6) =     3.22274 eV ==== 
     psi = 0.341*[#   1]+0.341*[#   5]+0.052*[#   3]+0.052*[#   4]+0.052*[#   7]
          +0.052*[#   8]
    |psi|^2 = 0.892
==== e(   7) =     5.62349 eV ==== 
     psi = 0.002*[#   3]+0.002*[#   4]+0.002*[#   7]+0.002*[#   8]+0.001*[#   1]
          +0.001*[#   5]
    |psi|^2 = 0.012
==== e(   8) =     6.55866 eV ==== 
     psi = 0.003*[#   2]+0.003*[#   6]
    |psi|^2 = 0.006

 k =   0.0000000000  0.5423593438  0.0000000000
==== e(   1) =   -18.85232 eV ==== 
     psi = 0.282*[#   1]+0.282*[#   5]+0.107*[#   3]+0.107*[#   4]+0.107*[#   7]
          +0.107*[#   8]
    |psi|^2 = 0.990
==== e(   2) =   -17.16214 eV ==== 
     psi = 0.178*[#   3]+0.178*[#   4]+0.178*[#   7]+0.178*[#   8]+0.135*[#   1]
          +0.135*[#   5]
    |psi|^2 = 0.983
==== e(   3) =   -10.67313 eV ==== 
     psi = 0.249*[#   3]+0.249*[#   4]+0.249*[#   7]+0.249*[#   8]
    |psi|^2 = 0.996
==== e(   4) =    -6.74307 eV ==== 
     psi = 0.499*[#   2]+0.499*[#   6]
    |psi|^2 = 0.997
==== e(   5) =    -2.37979 eV ==== 
     psi = 0.475*[#   2]+0.475*[#   6]
    |psi|^2 = 0.949
==== e(   6) =     3.20923 eV ==== 
     psi = 0.344*[#   1]+0.344*[#   5]+0.052*[#   3]+0.052*[#   4]+0.052*[#   7]
          +0.052*[#   8]
    |psi|^2 = 0.894
==== e(   7) =     6.05750 eV ==== 
     psi = 0.002*[#   3]+0.002*[#   4]+0.002*[#   7]+0.002*[#   8]+0.001*[#   1]
          +0.001*[#   5]
    |psi|^2 = 0.010
==== e(   8) =     6.98930 eV ==== 
     psi = 0.003*[#   2]+0.003*[#   6]
    |psi|^2 = 0.007

 k =   0.0000000000  0.5598548065  0.0000000000
==== e(   1) =   -18.63570 eV ==== 
     psi = 0.298*[#   1]+0.298*[#   5]+0.099*[#   3]+0.099*[#   4]+0.099*[#   7]
          +0.099*[#   8]
    |psi|^2 = 0.992
==== e(   2) =   -17.40304 eV ==== 
     psi = 0.186*[#   3]+0.186*[#   4]+0.186*[#   7]+0.186*[#   8]+0.118*[#   1]
          +0.118*[#   5]
    |psi|^2 = 0.981
==== e(   3) =   -10.68940 eV ==== 
     psi = 0.249*[#   3]+0.249*[#   4]+0.249*[#   7]+0.249*[#   8]
    |psi|^2 = 0.996
==== e(   4) =    -6.64093 eV ==== 
     psi = 0.499*[#   2]+0.499*[#   6]
    |psi|^2 = 0.998
==== e(   5) =    -2.50722 eV ==== 
     psi = 0.475*[#   2]+0.475*[#   6]
    |psi|^2 = 0.949
==== e(   6) =     3.20105 eV ==== 
     psi = 0.346*[#   1]+0.346*[#   5]+0.051*[#   3]+0.051*[#   4]+0.051*[#   7]
          +0.051*[#   8]
    |psi|^2 = 0.895
==== e(   7) =     6.50159 eV ==== 
     psi = 0.002*[#   1]+0.002*[#   5]+0.001*[#   3]+0.001*[#   4]+0.001*[#   7]
          +0.001*[#   8]
    |psi|^2 = 0.009
==== e(   8) =     7.42448 eV ==== 
     psi = 0.004*[#   2]+0.004*[#   6]
    |psi|^2 = 0.009

 k =   0.0000000000 -0.5773502692  0.0000000000
==== e(   1) =   -18.54141 eV ==== 
     psi = 0.311*[#   1]+0.311*[#   5]+0.093*[#   3]+0.093*[#   4]+0.093*[#   7]
          +0.093*[#   8]
    |psi|^2 = 0.994
==== e(   2) =   -17.50544 eV ==== 
     psi = 0.192*[#   3]+0.192*[#   4]+0.192*[#   7]+0.192*[#   8]+0.105*[#   1]
          +0.105*[#   5]
    |psi|^2 = 0.979
==== e(   3) =   -10.69483 eV ==== 
     psi = 0.249*[#   3]+0.249*[#   4]+0.249*[#   7]+0.249*[#   8]
    |psi|^2 = 0.996
==== e(   4) =    -6.60538 eV ==== 
     psi = 0.499*[#   2]+0.499*[#   6]
    |psi|^2 = 0.998
==== e(   5) =    -2.55121 eV ==== 
     psi = 0.475*[#   2]+0.475*[#   6]
    |psi|^2 = 0.950
==== e(   6) =     3.19831 eV ==== 
     psi = 0.346*[#   1]+0.346*[#   5]+0.051*[#   3]+0.051*[#   4]+0.051*[#   7]
          +0.051*[#   8]
    |psi|^2 = 0.895
==== e(   7) =     6.89098 eV ==== 
     psi = 0.005*[#   1]+0.005*[#   5]
    |psi|^2 = 0.010
==== e(   8) =     7.04079 eV ==== 
     psi = 0.002*[#   3]+0.002*[#   4]+0.002*[#   7]+0.002*[#   8]
    |psi|^2 = 0.010

 k =   0.0151515152  0.0262431941  0.0000000000
==== e(   1) =   -23.76241 eV ==== 
     psi = 0.489*[#   1]+0.489*[#   5]+0.002*[#   3]+0.002*[#   4]+0.002*[#   7]
          +0.002*[#   8]
    |psi|^2 = 0.985
==== e(   2) =   -11.84827 eV ==== 
     psi = 0.473*[#   2]+0.473*[#   6]
    |psi|^2 = 0.947
==== e(   3) =    -7.36926 eV ==== 
     psi = 0.248*[#   3]+0.248*[#   4]+0.248*[#   7]+0.248*[#   8]+0.002*[#   1]
          +0.002*[#   5]
    |psi|^2 = 0.997
==== e(   4) =    -7.33775 eV ==== 
     psi = 0.249*[#   3]+0.249*[#   4]+0.249*[#   7]+0.249*[#   8]
    |psi|^2 = 0.997
==== e(   5) =    -0.92680 eV ==== 
     psi = 0.003*[#   1]+0.003*[#   5]
    |psi|^2 = 0.008
==== e(   6) =    -0.02312 eV ==== 
     psi = 0.014*[#   2]+0.014*[#   6]
    |psi|^2 = 0.027
==== e(   7) =     1.77593 eV ==== 
     psi = 0.001*[#   1]+0.001*[#   5]
    |psi|^2 = 0.003
==== e(   8) =     2.68561 eV ==== 
     psi = 0.007*[#   2]+0.007*[#   6]
    |psi|^2 = 0.015

 k =   0.0151515152  0.0437386568  0.0000000000
==== e(   1) =   -23.74074 eV ==== 
     psi = 0.485*[#   1]+0.485*[#   5]+0.004*[#   3]+0.004*[#   4]+0.004*[#   7]
          +0.004*[#   8]
    |psi|^2 = 0.985
==== e(   2) =   -11.82229 eV ==== 
     psi = 0.474*[#   2]+0.474*[#   6]
    |psi|^2 = 0.947
==== e(   3) =    -7.45796 eV ==== 
     psi = 0.247*[#   3]+0.247*[#   4]+0.247*[#   7]+0.247*[#   8]+0.004*[#   1]
          +0.004*[#   5]
    |psi|^2 = 0.997
==== e(   4) =    -7.38528 eV ==== 
     psi = 0.249*[#   3]+0.249*[#   4]+0.249*[#   7]+0.249*[#   8]
    |psi|^2 = 0.997
==== e(   5) =    -0.89741 eV ==== 
     psi = 0.003*[#   1]+0.003*[#   5]+0.001*[#   3]+0.001*[#   4]+0.001*[#   7]
          +0.001*[#   8]
    |psi|^2 = 0.011
==== e(   6) =     0.00656 eV ==== 
     psi = 0.014*[#   2]+0.014*[#   6]
    |psi|^2 = 0.027
==== e(   7) =     1.80550 eV ==== 
     psi = 0.001*[#   1]+0.001*[#   5]
    |psi|^2 = 0.003
==== e(   8) =     2.71502 eV ==== 
     psi = 0.007*[#   2]+0.007*[#   6]
    |psi|^2 = 0.014

 k =   0.0151515152  0.0612341195  0.0000000000
==== e(   1) =   -23.70826 eV ==== 
     psi = 0.479*[#   1]+0.479*[#   5]+0.007*[#   3]+0.007*[#   4]+0.007*[#   7]
          +0.007*[#   8]
    |psi|^2 = 0.985
==== e(   2) =   -11.78335 eV ==== 
     psi = 0.474*[#   2]+0.474*[#   6]
    |psi|^2 = 0.948
==== e(   3) =    -7.58868 eV ==== 
     psi = 0.246*[#   3]+0.246*[#   4]+0.246*[#   7]+0.246*[#   8]+0.007*[#   1]
          +0.007*[#   5]
    |psi|^2 = 0.997
==== e(   4) =    -7.45488 eV ==== 
     psi = 0.249*[#   3]+0.249*[#   4]+0.249*[#   7]+0.249*[#   8]
    |psi|^2 = 0.997
==== e(   5) =    -0.85332 eV ==== 
     psi = 0.002*[#   1]+0.002*[#   5]+0.002*[#   3]+0.002*[#   4]+0.002*[#   7]
          +0.002*[#   8]
    |psi|^2 = 0.014
==== e(   6) =     0.05107 eV ==== 
     psi = 0.013*[#   2]+0.013*[#   6]
    |psi|^2 = 0.027
==== e(   7) =     1.84984 eV ==== 
     psi = 0.001*[#   1]+0.001*[#   5]
    |psi|^2 = 0.003
==== e(   8) =     2.75913 eV ==== 
     psi = 0.007*[#   2]+0.007*[#   6]
    |psi|^2 = 0.014

 k =   0.0151515152  0.0787295822  0.0000000000
==== e(   1) =   -23.66496 eV ==== 
     psi = 0.472*[#   1]+0.472*[#   5]+0.010*[#   3]+0.010*[#   4]+0.010*[#   7]
          +0.010*[#   8]
    |psi|^2 = 0.984
==== e(   2) =   -11.73148 eV ==== 
     psi = 0.475*[#   2]+0.475*[#   6]
    |psi|^2 = 0.949
==== e(   3) =    -7.75889 eV ==== 
     psi = 0.244*[#   3]+0.244*[#   4]+0.244*[#   7]+0.244*[#   8]+0.011*[#   1]
          +0.011*[#   5]
    |psi|^2 = 0.997
==== e(   4) =    -7.54464 eV ==== 
     psi = 0.249*[#   3]+0.249*[#   4]+0.249*[#   7]+0.249*[#   8]
    |psi|^2 = 0.997
==== e(   5) =    -0.79452 eV ==== 
     psi = 0.003*[#   3]+0.003*[#   4]+0.003*[#   7]+0.003*[#   8]+0.002*[#   1]
          +0.002*[#   5]
    |psi|^2 = 0.017
==== e(   6) =     0.11040 eV ==== 
     psi = 0.013*[#   2]+0.013*[#   6]
    |psi|^2 = 0.026
==== e(   7) =     1.90898 eV ==== 

    |psi|^2 = 0.003
==== e(   8) =     2.81791 eV ==== 
     psi = 0.007*[#   2]+0.007*[#   6]
    |psi|^2 = 0.014

 k =   0.0151515152  0.0962250449  0.0000000000
==== e(   1) =   -23.61086 eV ==== 
     psi = 0.463*[#   1]+0.463*[#   5]+0.015*[#   3]+0.015*[#   4]+0.015*[#   7]
          +0.015*[#   8]
    |psi|^2 = 0.984
==== e(   2) =   -11.66672 eV ==== 
     psi = 0.475*[#   2]+0.475*[#   6]
    |psi|^2 = 0.951
==== e(   3) =    -7.96554 eV ==== 
     psi = 0.241*[#   3]+0.241*[#   4]+0.241*[#   7]+0.241*[#   8]+0.017*[#   1]
          +0.017*[#   5]
    |psi|^2 = 0.997
==== e(   4) =    -7.65228 eV ==== 
     psi = 0.249*[#   3]+0.249*[#   4]+0.249*[#   7]+0.249*[#   8]
    |psi|^2 = 0.997
==== e(   5) =    -0.72102 eV ==== 
     psi = 0.005*[#   3]+0.005*[#   4]+0.005*[#   7]+0.005*[#   8]+0.001*[#   1]
          +0.001*[#   5]
    |psi|^2 = 0.021
==== e(   6) =     0.18453 eV ==== 
     psi = 0.013*[#   2]+0.013*[#   6]
    |psi|^2 = 0.025
==== e(   7) =     1.98290 eV ==== 

    |psi|^2 = 0.004
==== e(   8) =     2.89135 eV ==== 
     psi = 0.007*[#   2]+0.007*[#   6]
    |psi|^2 = 0.013

 k =   0.0151515152  0.1137205076  0.0000000000
==== e(   1) =   -23.54599 eV ==== 
     psi = 0.453*[#   1]+0.453*[#   5]+0.020*[#   3]+0.020*[#   4]+0.020*[#   7]
          +0.020*[#   8]
    |psi|^2 = 0.984
==== e(   2) =   -11.58914 eV ==== 
     psi = 0.476*[#   2]+0.476*[#   6]
    |psi|^2 = 0.953
==== e(   3) =    -8.20521 eV ==== 
     psi = 0.238*[#   3]+0.238*[#   4]+0.238*[#   7]+0.238*[#   8]+0.022*[#   1]
          +0.022*[#   5]
    |psi|^2 = 0.997
==== e(   4) =    -7.77530 eV ==== 
     psi = 0.249*[#   3]+0.249*[#   4]+0.249*[#   7]+0.249*[#   8]
    |psi|^2 = 0.997
==== e(   5) =    -0.63281 eV ==== 
     psi = 0.006*[#   3]+0.006*[#   4]+0.006*[#   7]+0.006*[#   8]
    |psi|^2 = 0.025
==== e(   6) =     0.27347 eV ==== 
     psi = 0.012*[#   2]+0.012*[#   6]
    |psi|^2 = 0.024
==== e(   7) =     2.07162 eV ==== 

    |psi|^2 = 0.004
==== e(   8) =     2.97942 eV ==== 
     psi = 0.006*[#   2]+0.006*[#   6]
    |psi|^2 = 0.013

 k =   0.0151515152  0.1312159703  0.0000000000
==== e(   1) =   -23.47036 eV ==== 
     psi = 0.442*[#   1]+0.442*[#   5]+0.025*[#   3]+0.025*[#   4]+0.025*[#   7]
          +0.025*[#   8]
    |psi|^2 = 0.984
==== e(   2) =   -11.49880 eV ==== 
     psi = 0.477*[#   2]+0.477*[#   6]
    |psi|^2 = 0.955
==== e(   3) =    -8.47435 eV ==== 
     psi = 0.235*[#   3]+0.235*[#   4]+0.235*[#   7]+0.235*[#   8]+0.029*[#   1]
          +0.029*[#   5]
    |psi|^2 = 0.997
==== e(   4) =    -7.91110 eV ==== 
     psi = 0.249*[#   3]+0.249*[#   4]+0.249*[#   7]+0.249*[#   8]
    |psi|^2 = 0.997
==== e(   5) =    -0.52991 eV ==== 
     psi = 0.007*[#   3]+0.007*[#   4]+0.007*[#   7]+0.007*[#   8]
    |psi|^2 = 0.029
==== e(   6) =     0.37717 eV ==== 
     psi = 0.012*[#   2]+0.012*[#   6]
    |psi|^2 = 0.023
==== e(   7) =     2.17510 eV ==== 

    |psi|^2 = 0.004
==== e(   8) =     3.08205 eV ==== 
     psi = 0.006*[#   2]+0.006*[#   6]
    |psi|^2 = 0.012

 k =   0.0151515152  0.1487114330  0.0000000000
==== e(   1) =   -23.38400 eV ==== 
     psi = 0.431*[#   1]+0.431*[#   5]+0.030*[#   3]+0.030*[#   4]+0.030*[#   7]
          +0.030*[#   8]
    |psi|^2 = 0.984
==== e(   2) =   -11.39579 eV ==== 
     psi = 0.478*[#   2]+0.478*[#   6]
    |psi|^2 = 0.957
==== e(   3) =    -8.76938 eV ==== 
     psi = 0.231*[#   3]+0.231*[#   4]+0.231*[#   7]+0.231*[#   8]+0.035*[#   1]
          +0.035*[#   5]
    |psi|^2 = 0.996
==== e(   4) =    -8.05712 eV ==== 
     psi = 0.249*[#   3]+0.249*[#   4]+0.249*[#   7]+0.249*[#   8]
    |psi|^2 = 0.997
==== e(   5) =    -0.41230 eV ==== 
     psi = 0.008*[#   3]+0.008*[#   4]+0.008*[#   7]+0.008*[#   8]
    |psi|^2 = 0.032
==== e(   6) =     0.49560 eV ==== 
     psi = 0.011*[#   2]+0.011*[#   6]
    |psi|^2 = 0.022
==== e(   7) =     2.29332 eV ==== 

    |psi|^2 = 0.004
==== e(   8) =     3.19918 eV ==== 
     psi = 0.006*[#   2]+0.006*[#   6]
    |psi|^2 = 0.012

 k =   0.0151515152  0.1662068957  0.0000000000
==== e(   1) =   -23.28695 eV ==== 
     psi = 0.419*[#   1]+0.419*[#   5]+0.036*[#   3]+0.036*[#   4]+0.036*[#   7]
          +0.036*[#   8]
    |psi|^2 = 0.983
==== e(   2) =   -11.28020 eV ==== 
     psi = 0.480*[#   2]+0.480*[#   6]
    |psi|^2 = 0.959
==== e(   3) =    -9.08686 eV ==== 
     psi = 0.228*[#   3]+0.228*[#   4]+0.228*[#   7]+0.228*[#   8]+0.042*[#   1]
          +0.042*[#   5]
    |psi|^2 = 0.996
==== e(   4) =    -8.21089 eV ==== 
     psi = 0.249*[#   3]+0.249*[#   4]+0.249*[#   7]+0.249*[#   8]
    |psi|^2 = 0.997
==== e(   5) =    -0.28002 eV ==== 
     psi = 0.009*[#   3]+0.009*[#   4]+0.009*[#   7]+0.009*[#   8]
    |psi|^2 = 0.035
==== e(   6) =     0.62873 eV ==== 
     psi = 0.011*[#   2]+0.011*[#   6]
    |psi|^2 = 0.021
==== e(   7) =     2.42625 eV ==== 

    |psi|^2 = 0.004
==== e(   8) =     3.33066 eV ==== 
     psi = 0.006*[#   2]+0.006*[#   6]
    |psi|^2 = 0.011

 k =   0.0151515152  0.1837023584  0.0000000000
==== e(   1) =   -23.17924 eV ==== 
     psi = 0.408*[#   1]+0.408*[#   5]+0.042*[#   3]+0.042*[#   4]+0.042*[#   7]
          +0.042*[#   8]
    |psi|^2 = 0.983
==== e(   2) =   -11.15217 eV ==== 
     psi = 0.481*[#   2]+0.481*[#   6]
    |psi|^2 = 0.962
==== e(   3) =    -9.42353 eV ==== 
     psi = 0.224*[#   3]+0.224*[#   4]+0.224*[#   7]+0.224*[#   8]+0.050*[#   1]
          +0.050*[#   5]
    |psi|^2 = 0.995
==== e(   4) =    -8.37012 eV ==== 
     psi = 0.249*[#   3]+0.249*[#   4]+0.249*[#   7]+0.249*[#   8]
    |psi|^2 = 0.997
==== e(   5) =    -0.13307 eV ==== 
     psi = 0.009*[#   3]+0.009*[#   4]+0.009*[#   7]+0.009*[#   8]
    |psi|^2 = 0.038
==== e(   6) =     0.77649 eV ==== 
     psi = 0.010*[#   2]+0.010*[#   6]
    |psi|^2 = 0.020
==== e(   7) =     2.57379 eV ==== 

    |psi|^2 = 0.004
==== e(   8) =     3.47621 eV ==== 
     psi = 0.005*[#   2]+0.005*[#   6]
    |psi|^2 = 0.011

 k =   0.0151515152  0.2011978211  0.0000000000
==== e(   1) =   -23.06091 eV ==== 
     psi = 0.396*[#   1]+0.396*[#   5]+0.047*[#   3]+0.047*[#   4]+0.047*[#   7]
          +0.047*[#   8]
    |psi|^2 = 0.983
==== e(   2) =   -11.01184 eV ==== 
     psi = 0.482*[#   2]+0.482*[#   6]
    |psi|^2 = 0.965
==== e(   3) =    -9.77634 eV ==== 
     psi = 0.220*[#   3]+0.220*[#   4]+0.220*[#   7]+0.220*[#   8]+0.057*[#   1]
          +0.057*[#   5]
    |psi|^2 = 0.995
==== e(   4) =    -8.53272 eV ==== 
     psi = 0.249*[#   3]+0.249*[#   4]+0.249*[#   7]+0.249*[#   8]
    |psi|^2 = 0.997
==== e(   5) =     0.02854 eV ==== 
     psi = 0.010*[#   3]+0.010*[#   4]+0.010*[#   7]+0.010*[#   8]
    |psi|^2 = 0.039
==== e(   6) =     0.93879 eV ==== 
     psi = 0.009*[#   2]+0.009*[#   6]
    |psi|^2 = 0.019
==== e(   7) =     2.73583 eV ==== 

    |psi|^2 = 0.004
==== e(   8) =     3.63513 eV ==== 
     psi = 0.006*[#   2]+0.006*[#   6]
    |psi|^2 = 0.012

 k =   0.0151515152  0.2186932838  0.0000000000
==== e(   1) =   -22.93201 eV ==== 
     psi = 0.385*[#   1]+0.385*[#   5]+0.053*[#   3]+0.053*[#   4]+0.053*[#   7]
          +0.053*[#   8]
    |psi|^2 = 0.983
==== e(   2) =   -10.85937 eV ==== 
     psi = 0.484*[#   2]+0.484*[#   6]
    |psi|^2 = 0.968
==== e(   3) =   -10.14254 eV ==== 
     psi = 0.217*[#   3]+0.217*[#   4]+0.217*[#   7]+0.217*[#   8]+0.064*[#   1]
          +0.064*[#   5]
    |psi|^2 = 0.994
==== e(   4) =    -8.69678 eV ==== 
     psi = 0.249*[#   3]+0.249*[#   4]+0.249*[#   7]+0.249*[#   8]
    |psi|^2 = 0.997
==== e(   5) =     0.20477 eV ==== 
     psi = 0.010*[#   3]+0.010*[#   4]+0.010*[#   7]+0.010*[#   8]
    |psi|^2 = 0.040
==== e(   6) =     1.11548 eV ==== 
     psi = 0.009*[#   2]+0.009*[#   6]
    |psi|^2 = 0.017
==== e(   7) =     2.91210 eV ==== 
     psi = 0.001*[#   1]+0.001*[#   5]
    |psi|^2 = 0.004
==== e(   8) =     3.80477 eV ==== 
     psi = 0.010*[#   2]+0.010*[#   6]
    |psi|^2 = 0.020

 k =   0.0151515152  0.2361887465  0.0000000000
==== e(   1) =   -22.79260 eV ==== 
     psi = 0.374*[#   1]+0.374*[#   5]+0.058*[#   3]+0.058*[#   4]+0.058*[#   7]
          +0.058*[#   8]
    |psi|^2 = 0.982
==== e(   2) =   -10.69496 eV ==== 
     psi = 0.485*[#   2]+0.485*[#   6]
    |psi|^2 = 0.970
==== e(   3) =   -10.51960 eV ==== 
     psi = 0.213*[#   3]+0.213*[#   4]+0.213*[#   7]+0.213*[#   8]+0.071*[#   1]
          +0.071*[#   5]
    |psi|^2 = 0.994
==== e(   4) =    -8.86063 eV ==== 
     psi = 0.249*[#   3]+0.249*[#   4]+0.249*[#   7]+0.249*[#   8]
    |psi|^2 = 0.997
==== e(   5) =     0.39561 eV ==== 
     psi = 0.010*[#   3]+0.010*[#   4]+0.010*[#   7]+0.010*[#   8]
    |psi|^2 = 0.039
==== e(   6) =     1.30630 eV ==== 
     psi = 0.008*[#   2]+0.008*[#   6]
    |psi|^2 = 0.016
==== e(   7) =     3.10208 eV ==== 
     psi = 0.002*[#   1]+0.002*[#   5]
    |psi|^2 = 0.005
==== e(   8) =     3.95980 eV ==== 
     psi = 0.077*[#   2]+0.077*[#   6]
    |psi|^2 = 0.155

 k =   0.0151515152  0.2536842092  0.0000000000
==== e(   1) =   -22.64273 eV ==== 
     psi = 0.364*[#   1]+0.364*[#   5]+0.064*[#   3]+0.064*[#   4]+0.064*[#   7]
          +0.064*[#   8]
    |psi|^2 = 0.982
==== e(   2) =   -10.90525 eV ==== 
     psi = 0.209*[#   3]+0.209*[#   4]+0.209*[#   7]+0.209*[#   8]+0.078*[#   1]
          +0.078*[#   5]
    |psi|^2 = 0.993
==== e(   3) =   -10.51884 eV ==== 
     psi = 0.487*[#   2]+0.487*[#   6]
    |psi|^2 = 0.973
==== e(   4) =    -9.02275 eV ==== 
     psi = 0.249*[#   3]+0.249*[#   4]+0.249*[#   7]+0.249*[#   8]
    |psi|^2 = 0.997
==== e(   5) =     0.60100 eV ==== 
     psi = 0.010*[#   3]+0.010*[#   4]+0.010*[#   7]+0.010*[#   8]
    |psi|^2 = 0.038
==== e(   6) =     1.51072 eV ==== 
     psi = 0.008*[#   2]+0.008*[#   6]
    |psi|^2 = 0.016
==== e(   7) =     3.30443 eV ==== 
     psi = 0.005*[#   1]+0.005*[#   5]
    |psi|^2 = 0.010
==== e(   8) =     3.78094 eV ==== 
     psi = 0.443*[#   2]+0.443*[#   6]
    |psi|^2 = 0.886

 k =   0.0151515152  0.2711796719  0.0000000000
==== e(   1) =   -22.48247 eV ==== 
     psi = 0.353*[#   1]+0.353*[#   5]+0.069*[#   3]+0.069*[#   4]+0.069*[#   7]
          +0.069*[#   8]
    |psi|^2 = 0.982
==== e(   2) =   -11.29747 eV ==== 
     psi = 0.206*[#   3]+0.206*[#   4]+0.206*[#   7]+0.206*[#   8]+0.085*[#   1]
          +0.085*[#   5]
    |psi|^2 = 0.993
==== e(   3) =   -10.33130 eV ==== 
     psi = 0.488*[#   2]+0.488*[#   6]
    |psi|^2 = 0.976
==== e(   4) =    -9.18183 eV ==== 
     psi = 0.249*[#   3]+0.249*[#   4]+0.249*[#   7]+0.249*[#   8]
    |psi|^2 = 0.997
==== e(   5) =     0.82092 eV ==== 
     psi = 0.009*[#   3]+0.009*[#   4]+0.009*[#   7]+0.009*[#   8]
    |psi|^2 = 0.037
==== e(   6) =     1.72743 eV ==== 
     psi = 0.009*[#   2]+0.009*[#   6]
    |psi|^2 = 0.018
==== e(   7) =     3.40526 eV ==== 
     psi = 0.468*[#   2]+0.468*[#   6]
    |psi|^2 = 0.935
==== e(   8) =     3.51457 eV ==== 
     psi = 0.013*[#   1]+0.013*[#   5]+0.002*[#   3]+0.002*[#   4]+0.002*[#   7]
          +0.002*[#   8]
    |psi|^2 = 0.034

 k =   0.0151515152  0.2886751346  0.0000000000
==== e(   1) =   -22.31190 eV ==== 
     psi = 0.344*[#   1]+0.344*[#   5]+0.074*[#   3]+0.074*[#   4]+0.074*[#   7]
          +0.074*[#   8]
    |psi|^2 = 0.982
==== e(   2) =   -11.69443 eV ==== 
     psi = 0.202*[#   3]+0.202*[#   4]+0.202*[#   7]+0.202*[#   8]+0.092*[#   1]
          +0.092*[#   5]
    |psi|^2 = 0.992
==== e(   3) =   -10.13267 eV ==== 
     psi = 0.489*[#   2]+0.489*[#   6]
    |psi|^2 = 0.979
==== e(   4) =    -9.33672 eV ==== 
     psi = 0.249*[#   3]+0.249*[#   4]+0.249*[#   7]+0.249*[#   8]
    |psi|^2 = 0.997
==== e(   5) =     1.05529 eV ==== 
     psi = 0.008*[#   3]+0.008*[#   4]+0.008*[#   7]+0.008*[#   8]
    |psi|^2 = 0.034
==== e(   6) =     1.95199 eV ==== 
     psi = 0.015*[#   2]+0.015*[#   6]
    |psi|^2 = 0.029
==== e(   7) =     3.01560 eV ==== 
     psi = 0.465*[#   2]+0.465*[#   6]
    |psi|^2 = 0.929
==== e(   8) =     3.70717 eV ==== 
     psi = 0.063*[#   1]+0.063*[#   5]+0.020*[#   3]+0.020*[#   4]+0.020*[#   7]
          +0.020*[#   8]
    |psi|^2 = 0.207

 k =   0.0151515152  0.3061705973  0.0000000000
==== e(   1) =   -22.13112 eV ==== 
     psi = 0.334*[#   1]+0.334*[#   5]+0.078*[#   3]+0.078*[#   4]+0.078*[#   7]
          +0.078*[#   8]
    |psi|^2 = 0.982
==== e(   2) =   -12.09449 eV ==== 
     psi = 0.199*[#   3]+0.199*[#   4]+0.199*[#   7]+0.199*[#   8]+0.098*[#   1]
          +0.098*[#   5]
    |psi|^2 = 0.992
==== e(   3) =    -9.92333 eV ==== 
     psi = 0.491*[#   2]+0.491*[#   6]
    |psi|^2 = 0.981
==== e(   4) =    -9.48640 eV ==== 
     psi = 0.249*[#   3]+0.249*[#   4]+0.249*[#   7]+0.249*[#   8]
    |psi|^2 = 0.997
==== e(   5) =     1.30405 eV ==== 
     psi = 0.008*[#   3]+0.008*[#   4]+0.008*[#   7]+0.008*[#   8]
    |psi|^2 = 0.031
==== e(   6) =     2.15591 eV ==== 
     psi = 0.068*[#   2]+0.068*[#   6]
    |psi|^2 = 0.136
==== e(   7) =     2.65148 eV ==== 
     psi = 0.411*[#   2]+0.411*[#   6]
    |psi|^2 = 0.822
==== e(   8) =     3.77596 eV ==== 
     psi = 0.193*[#   1]+0.193*[#   5]+0.076*[#   3]+0.076*[#   4]+0.076*[#   7]
          +0.076*[#   8]
    |psi|^2 = 0.690

 k =   0.0151515152  0.3236660600  0.0000000000
==== e(   1) =   -21.94022 eV ==== 
     psi = 0.326*[#   1]+0.326*[#   5]+0.083*[#   3]+0.083*[#   4]+0.083*[#   7]
          +0.083*[#   8]
    |psi|^2 = 0.982
==== e(   2) =   -12.49621 eV ==== 
     psi = 0.196*[#   3]+0.196*[#   4]+0.196*[#   7]+0.196*[#   8]+0.105*[#   1]
          +0.105*[#   5]
    |psi|^2 = 0.992
==== e(   3) =    -9.70377 eV ==== 
     psi = 0.492*[#   2]+0.492*[#   6]
    |psi|^2 = 0.984
==== e(   4) =    -9.62999 eV ==== 
     psi = 0.249*[#   3]+0.249*[#   4]+0.249*[#   7]+0.249*[#   8]
    |psi|^2 = 0.997
==== e(   5) =     1.56707 eV ==== 
     psi = 0.007*[#   3]+0.007*[#   4]+0.007*[#   7]+0.007*[#   8]
    |psi|^2 = 0.027
==== e(   6) =     2.07684 eV ==== 
     psi = 0.389*[#   2]+0.389*[#   6]
    |psi|^2 = 0.777
==== e(   7) =     2.57879 eV ==== 
     psi = 0.090*[#   2]+0.090*[#   6]
    |psi|^2 = 0.180
==== e(   8) =     3.74434 eV ==== 
     psi = 0.238*[#   1]+0.238*[#   5]+0.089*[#   3]+0.089*[#   4]+0.089*[#   7]
          +0.089*[#   8]
    |psi|^2 = 0.832

 k =   0.0151515152  0.3411615227  0.0000000000
==== e(   1) =   -21.73933 eV ==== 
     psi = 0.317*[#   1]+0.317*[#   5]+0.087*[#   3]+0.087*[#   4]+0.087*[#   7]
          +0.087*[#   8]
    |psi|^2 = 0.982
==== e(   2) =   -12.89826 eV ==== 
     psi = 0.192*[#   3]+0.192*[#   4]+0.192*[#   7]+0.192*[#   8]+0.111*[#   1]
          +0.111*[#   5]
    |psi|^2 = 0.991
==== e(   3) =    -9.76673 eV ==== 
     psi = 0.249*[#   3]+0.249*[#   4]+0.249*[#   7]+0.249*[#   8]
    |psi|^2 = 0.997
==== e(   4) =    -9.47458 eV ==== 
     psi = 0.493*[#   2]+0.493*[#   6]
    |psi|^2 = 0.986
==== e(   5) =     1.70303 eV ==== 
     psi = 0.455*[#   2]+0.455*[#   6]
    |psi|^2 = 0.910
==== e(   6) =     1.84418 eV ==== 
     psi = 0.006*[#   3]+0.006*[#   4]+0.006*[#   7]+0.006*[#   8]
    |psi|^2 = 0.024
==== e(   7) =     2.81175 eV ==== 
     psi = 0.023*[#   2]+0.023*[#   6]
    |psi|^2 = 0.046
==== e(   8) =     3.69396 eV ==== 
     psi = 0.257*[#   1]+0.257*[#   5]+0.088*[#   3]+0.088*[#   4]+0.088*[#   7]
          +0.088*[#   8]
    |psi|^2 = 0.868

 k =   0.0151515152  0.3586569854  0.0000000000
==== e(   1) =   -21.52858 eV ==== 
     psi = 0.309*[#   1]+0.309*[#   5]+0.091*[#   3]+0.091*[#   4]+0.091*[#   7]
          +0.091*[#   8]
    |psi|^2 = 0.982
==== e(   2) =   -13.29945 eV ==== 
     psi = 0.189*[#   3]+0.189*[#   4]+0.189*[#   7]+0.189*[#   8]+0.117*[#   1]
          +0.117*[#   5]
    |psi|^2 = 0.991
==== e(   3) =    -9.89595 eV ==== 
     psi = 0.249*[#   3]+0.249*[#   4]+0.249*[#   7]+0.249*[#   8]
    |psi|^2 = 0.997
==== e(   4) =    -9.23648 eV ==== 
     psi = 0.494*[#   2]+0.494*[#   6]
    |psi|^2 = 0.988
==== e(   5) =     1.29291 eV ==== 
     psi = 0.465*[#   2]+0.465*[#   6]
    |psi|^2 = 0.930
==== e(   6) =     2.13505 eV ==== 
     psi = 0.005*[#   3]+0.005*[#   4]+0.005*[#   7]+0.005*[#   8]
    |psi|^2 = 0.020
==== e(   7) =     3.09418 eV ==== 
     psi = 0.012*[#   2]+0.012*[#   6]
    |psi|^2 = 0.024
==== e(   8) =     3.64067 eV ==== 
     psi = 0.271*[#   1]+0.271*[#   5]+0.085*[#   3]+0.085*[#   4]+0.085*[#   7]
          +0.085*[#   8]
    |psi|^2 = 0.883

 k =   0.0151515152  0.3761524481  0.0000000000
==== e(   1) =   -21.30815 eV ==== 
     psi = 0.302*[#   1]+0.302*[#   5]+0.095*[#   3]+0.095*[#   4]+0.095*[#   7]
          +0.095*[#   8]
    |psi|^2 = 0.982
==== e(   2) =   -13.69869 eV ==== 
     psi = 0.186*[#   3]+0.186*[#   4]+0.186*[#   7]+0.186*[#   8]+0.122*[#   1]
          +0.122*[#   5]
    |psi|^2 = 0.991
==== e(   3) =   -10.01706 eV ==== 
     psi = 0.249*[#   3]+0.249*[#   4]+0.249*[#   7]+0.249*[#   8]
    |psi|^2 = 0.997
==== e(   4) =    -8.99039 eV ==== 
     psi = 0.495*[#   2]+0.495*[#   6]
    |psi|^2 = 0.990
==== e(   5) =     0.87715 eV ==== 
     psi = 0.468*[#   2]+0.468*[#   6]
    |psi|^2 = 0.937
==== e(   6) =     2.43901 eV ==== 
     psi = 0.003*[#   3]+0.003*[#   4]+0.003*[#   7]+0.003*[#   8]+0.002*[#   1]
          +0.002*[#   5]
    |psi|^2 = 0.016
==== e(   7) =     3.39763 eV ==== 
     psi = 0.008*[#   2]+0.008*[#   6]
    |psi|^2 = 0.016
==== e(   8) =     3.58889 eV ==== 
     psi = 0.282*[#   1]+0.282*[#   5]+0.082*[#   3]+0.082*[#   4]+0.082*[#   7]
          +0.082*[#   8]
    |psi|^2 = 0.892

 k =   0.0151515152  0.3936479108  0.0000000000
==== e(   1) =   -21.07823 eV ==== 
     psi = 0.295*[#   1]+0.295*[#   5]+0.098*[#   3]+0.098*[#   4]+0.098*[#   7]
          +0.098*[#   8]
    |psi|^2 = 0.982
==== e(   2) =   -14.09497 eV ==== 
     psi = 0.184*[#   3]+0.184*[#   4]+0.184*[#   7]+0.184*[#   8]+0.128*[#   1]
          +0.128*[#   5]
    |psi|^2 = 0.990
==== e(   3) =   -10.12958 eV ==== 
     psi = 0.249*[#   3]+0.249*[#   4]+0.249*[#   7]+0.249*[#   8]
    |psi|^2 = 0.996
==== e(   4) =    -8.73745 eV ==== 
     psi = 0.496*[#   2]+0.496*[#   6]
    |psi|^2 = 0.992
==== e(   5) =     0.46256 eV ==== 
     psi = 0.470*[#   2]+0.470*[#   6]
    |psi|^2 = 0.940
==== e(   6) =     2.75417 eV ==== 
     psi = 0.005*[#   1]+0.005*[#   5]+0.001*[#   3]+0.001*[#   4]+0.001*[#   7]
          +0.001*[#   8]
    |psi|^2 = 0.016
==== e(   7) =     3.54209 eV ==== 
     psi = 0.289*[#   1]+0.289*[#   5]+0.079*[#   3]+0.079*[#   4]+0.079*[#   7]
          +0.079*[#   8]
    |psi|^2 = 0.893
==== e(   8) =     3.71759 eV ==== 
     psi = 0.006*[#   2]+0.006*[#   6]
    |psi|^2 = 0.012

 k =   0.0151515152  0.4111433735  0.0000000000
==== e(   1) =   -20.83910 eV ==== 
     psi = 0.289*[#   1]+0.289*[#   5]+0.101*[#   3]+0.101*[#   4]+0.101*[#   7]
          +0.101*[#   8]
    |psi|^2 = 0.983
==== e(   2) =   -14.48732 eV ==== 
     psi = 0.181*[#   3]+0.181*[#   4]+0.181*[#   7]+0.181*[#   8]+0.133*[#   1]
          +0.133*[#   5]
    |psi|^2 = 0.990
==== e(   3) =   -10.23306 eV ==== 
     psi = 0.249*[#   3]+0.249*[#   4]+0.249*[#   7]+0.249*[#   8]
    |psi|^2 = 0.996
==== e(   4) =    -8.47916 eV ==== 
     psi = 0.497*[#   2]+0.497*[#   6]
    |psi|^2 = 0.993
==== e(   5) =     0.05304 eV ==== 
     psi = 0.471*[#   2]+0.471*[#   6]
    |psi|^2 = 0.942
==== e(   6) =     3.07226 eV ==== 
     psi = 0.022*[#   1]+0.022*[#   5]
    |psi|^2 = 0.045
==== e(   7) =     3.50940 eV ==== 
     psi = 0.281*[#   1]+0.281*[#   5]+0.076*[#   3]+0.076*[#   4]+0.076*[#   7]
          +0.076*[#   8]
    |psi|^2 = 0.865
==== e(   8) =     4.05265 eV ==== 
     psi = 0.005*[#   2]+0.005*[#   6]
    |psi|^2 = 0.010

 k =   0.0151515152  0.4286388362  0.0000000000
==== e(   1) =   -20.59109 eV ==== 
     psi = 0.283*[#   1]+0.283*[#   5]+0.104*[#   3]+0.104*[#   4]+0.104*[#   7]
          +0.104*[#   8]
    |psi|^2 = 0.983
==== e(   2) =   -14.87479 eV ==== 
     psi = 0.179*[#   3]+0.179*[#   4]+0.179*[#   7]+0.179*[#   8]+0.137*[#   1]
          +0.137*[#   5]
    |psi|^2 = 0.989
==== e(   3) =   -10.32713 eV ==== 
     psi = 0.249*[#   3]+0.249*[#   4]+0.249*[#   7]+0.249*[#   8]
    |psi|^2 = 0.996
==== e(   4) =    -8.21747 eV ==== 
     psi = 0.497*[#   2]+0.497*[#   6]
    |psi|^2 = 0.994
==== e(   5) =    -0.34796 eV ==== 
     psi = 0.472*[#   2]+0.472*[#   6]
    |psi|^2 = 0.944
==== e(   6) =     3.32088 eV ==== 
     psi = 0.172*[#   1]+0.172*[#   5]+0.022*[#   3]+0.022*[#   4]+0.022*[#   7]
          +0.022*[#   8]
    |psi|^2 = 0.433
==== e(   7) =     3.56379 eV ==== 
     psi = 0.140*[#   1]+0.140*[#   5]+0.049*[#   3]+0.049*[#   4]+0.049*[#   7]
          +0.049*[#   8]
    |psi|^2 = 0.476
==== e(   8) =     4.40215 eV ==== 
     psi = 0.004*[#   2]+0.004*[#   6]
    |psi|^2 = 0.008

 k =   0.0151515152  0.4461342989  0.0000000000
==== e(   1) =   -20.33469 eV ==== 
     psi = 0.278*[#   1]+0.278*[#   5]+0.107*[#   3]+0.107*[#   4]+0.107*[#   7]
          +0.107*[#   8]
    |psi|^2 = 0.984
==== e(   2) =   -15.25639 eV ==== 
     psi = 0.176*[#   3]+0.176*[#   4]+0.176*[#   7]+0.176*[#   8]+0.141*[#   1]
          +0.141*[#   5]
    |psi|^2 = 0.989
==== e(   3) =   -10.41148 eV ==== 
     psi = 0.249*[#   3]+0.249*[#   4]+0.249*[#   7]+0.249*[#   8]
    |psi|^2 = 0.996
==== e(   4) =    -7.95502 eV ==== 
     psi = 0.498*[#   2]+0.498*[#   6]
    |psi|^2 = 0.995
==== e(   5) =    -0.73668 eV ==== 
     psi = 0.473*[#   2]+0.473*[#   6]
    |psi|^2 = 0.945
==== e(   6) =     3.35341 eV ==== 
     psi = 0.298*[#   1]+0.298*[#   5]+0.052*[#   3]+0.052*[#   4]+0.052*[#   7]
          +0.052*[#   8]
    |psi|^2 = 0.806
==== e(   7) =     3.85227 eV ==== 
     psi = 0.021*[#   1]+0.021*[#   5]+0.015*[#   3]+0.015*[#   4]+0.015*[#   7]
          +0.015*[#   8]
    |psi|^2 = 0.103
==== e(   8) =     4.76565 eV ==== 
     psi = 0.004*[#   2]+0.004*[#   6]
    |psi|^2 = 0.007

 k =   0.0151515152  0.4636297616  0.0000000000
==== e(   1) =   -20.07056 eV ==== 
     psi = 0.274*[#   1]+0.274*[#   5]+0.109*[#   3]+0.109*[#   4]+0.109*[#   7]
          +0.109*[#   8]
    |psi|^2 = 0.984
==== e(   2) =   -15.63097 eV ==== 
     psi = 0.175*[#   3]+0.175*[#   4]+0.175*[#   7]+0.175*[#   8]+0.145*[#   1]
          +0.145*[#   5]
    |psi|^2 = 0.988
==== e(   3) =   -10.48583 eV ==== 
     psi = 0.249*[#   3]+0.249*[#   4]+0.249*[#   7]+0.249*[#   8]
    |psi|^2 = 0.996
==== e(   4) =    -7.69532 eV ==== 
     psi = 0.498*[#   2]+0.498*[#   6]
    |psi|^2 = 0.996
==== e(   5) =    -1.10867 eV ==== 
     psi = 0.473*[#   2]+0.473*[#   6]
    |psi|^2 = 0.946
==== e(   6) =     3.32987 eV ==== 
     psi = 0.319*[#   1]+0.319*[#   5]+0.056*[#   3]+0.056*[#   4]+0.056*[#   7]
          +0.056*[#   8]
    |psi|^2 = 0.862
==== e(   7) =     4.21505 eV ==== 
     psi = 0.008*[#   3]+0.008*[#   4]+0.008*[#   7]+0.008*[#   8]+0.006*[#   1]
          +0.006*[#   5]
    |psi|^2 = 0.045
==== e(   8) =     5.14274 eV ==== 
     psi = 0.003*[#   2]+0.003*[#   6]
    |psi|^2 = 0.006

 k =   0.0151515152  0.4811252243  0.0000000000
==== e(   1) =   -19.79979 eV ==== 
     psi = 0.271*[#   1]+0.271*[#   5]+0.111*[#   3]+0.111*[#   4]+0.111*[#   7]
          +0.111*[#   8]
    |psi|^2 = 0.985
==== e(   2) =   -15.99708 eV ==== 
     psi = 0.173*[#   3]+0.173*[#   4]+0.173*[#   7]+0.173*[#   8]+0.147*[#   1]
          +0.147*[#   5]
    |psi|^2 = 0.987
==== e(   3) =   -10.54995 eV ==== 
     psi = 0.249*[#   3]+0.249*[#   4]+0.249*[#   7]+0.249*[#   8]
    |psi|^2 = 0.996
==== e(   4) =    -7.44323 eV ==== 
     psi = 0.498*[#   2]+0.498*[#   6]
    |psi|^2 = 0.996
==== e(   5) =    -1.45833 eV ==== 
     psi = 0.474*[#   2]+0.474*[#   6]
    |psi|^2 = 0.947
==== e(   6) =     3.30227 eV ==== 
     psi = 0.329*[#   1]+0.329*[#   5]+0.055*[#   3]+0.055*[#   4]+0.055*[#   7]
          +0.055*[#   8]
    |psi|^2 = 0.879
==== e(   7) =     4.60024 eV ==== 
     psi = 0.005*[#   3]+0.005*[#   4]+0.005*[#   7]+0.005*[#   8]+0.003*[#   1]
          +0.003*[#   5]
    |psi|^2 = 0.027
==== e(   8) =     5.53303 eV ==== 
     psi = 0.003*[#   2]+0.003*[#   6]
    |psi|^2 = 0.006

 k =   0.0151515152  0.4986206870  0.0000000000
==== e(   1) =   -19.52422 eV ==== 
     psi = 0.269*[#   1]+0.269*[#   5]+0.112*[#   3]+0.112*[#   4]+0.112*[#   7]
          +0.112*[#   8]
    |psi|^2 = 0.986
==== e(   2) =   -16.35258 eV ==== 
     psi = 0.173*[#   3]+0.173*[#   4]+0.173*[#   7]+0.173*[#   8]+0.148*[#   1]
          +0.148*[#   5]
    |psi|^2 = 0.986
==== e(   3) =   -10.60366 eV ==== 
     psi = 0.249*[#   3]+0.249*[#   4]+0.249*[#   7]+0.249*[#   8]
    |psi|^2 = 0.996
==== e(   4) =    -7.20538 eV ==== 
     psi = 0.498*[#   2]+0.498*[#   6]
    |psi|^2 = 0.997
==== e(   5) =    -1.77841 eV ==== 
     psi = 0.474*[#   2]+0.474*[#   6]
    |psi|^2 = 0.948
==== e(   6) =     3.27714 eV ==== 
     psi = 0.335*[#   1]+0.335*[#   5]+0.054*[#   3]+0.054*[#   4]+0.054*[#   7]
          +0.054*[#   8]
    |psi|^2 = 0.887
==== e(   7) =     5.00128 eV ==== 
     psi = 0.004*[#   3]+0.004*[#   4]+0.004*[#   7]+0.004*[#   8]+0.002*[#   1]
          +0.002*[#   5]
    |psi|^2 = 0.018
==== e(   8) =     5.93598 eV ==== 
     psi = 0.003*[#   2]+0.003*[#   6]
    |psi|^2 = 0.006

 k =   0.0151515152  0.5161161497  0.0000000000
==== e(   1) =   -19.24732 eV ==== 
     psi = 0.270*[#   1]+0.270*[#   5]+0.112*[#   3]+0.112*[#   4]+0.112*[#   7]
          +0.112*[#   8]
    |psi|^2 = 0.987
==== e(   2) =   -16.69372 eV ==== 
     psi = 0.173*[#   3]+0.173*[#   4]+0.173*[#   7]+0.173*[#   8]+0.146*[#   1]
          +0.146*[#   5]
    |psi|^2 = 0.985
==== e(   3) =   -10.64681 eV ==== 
     psi = 0.249*[#   3]+0.249*[#   4]+0.249*[#   7]+0.249*[#   8]
    |psi|^2 = 0.996
==== e(   4) =    -6.99073 eV ==== 
     psi = 0.498*[#   2]+0.498*[#   6]
    |psi|^2 = 0.997
==== e(   5) =    -2.05943 eV ==== 
     psi = 0.474*[#   2]+0.474*[#   6]
    |psi|^2 = 0.949
==== e(   6) =     3.25619 eV ==== 
     psi = 0.339*[#   1]+0.339*[#   5]+0.053*[#   3]+0.053*[#   4]+0.053*[#   7]
          +0.053*[#   8]
    |psi|^2 = 0.891
==== e(   7) =     5.41631 eV ==== 
     psi = 0.003*[#   3]+0.003*[#   4]+0.003*[#   7]+0.003*[#   8]+0.001*[#   1]
          +0.001*[#   5]
    |psi|^2 = 0.013
==== e(   8) =     6.35087 eV ==== 
     psi = 0.003*[#   2]+0.003*[#   6]
    |psi|^2 = 0.006

 k =   0.0151515152  0.5336116124  0.0000000000
==== e(   1) =   -18.97666 eV ==== 
     psi = 0.276*[#   1]+0.276*[#   5]+0.109*[#   3]+0.109*[#   4]+0.109*[#   7]
          +0.109*[#   8]
    |psi|^2 = 0.989
==== e(   2) =   -17.01272 eV ==== 
     psi = 0.176*[#   3]+0.176*[#   4]+0.176*[#   7]+0.176*[#   8]+0.140*[#   1]
          +0.140*[#   5]
    |psi|^2 = 0.984
==== e(   3) =   -10.67927 eV ==== 
     psi = 0.249*[#   3]+0.249*[#   4]+0.249*[#   7]+0.249*[#   8]
    |psi|^2 = 0.996
==== e(   4) =    -6.81086 eV ==== 
     psi = 0.499*[#   2]+0.499*[#   6]
    |psi|^2 = 0.997
==== e(   5) =    -2.28942 eV ==== 
     psi = 0.475*[#   2]+0.475*[#   6]
    |psi|^2 = 0.949
==== e(   6) =     3.24012 eV ==== 
     psi = 0.342*[#   1]+0.342*[#   5]+0.052*[#   3]+0.052*[#   4]+0.052*[#   7]
          +0.052*[#   8]
    |psi|^2 = 0.893
==== e(   7) =     5.84423 eV ==== 
     psi = 0.002*[#   3]+0.002*[#   4]+0.002*[#   7]+0.002*[#   8]+0.001*[#   1]
          +0.001*[#   5]
    |psi|^2 = 0.011
==== e(   8) =     6.77651 eV ==== 
     psi = 0.003*[#   2]+0.003*[#   6]
    |psi|^2 = 0.007

 k =   0.0151515152  0.5511070751  0.0000000000
==== e(   1) =   -18.73134 eV ==== 
     psi = 0.289*[#   1]+0.289*[#   5]+0.103*[#   3]+0.103*[#   4]+0.103*[#   7]
          +0.103*[#   8]
    |psi|^2 = 0.991
==== e(   2) =   -17.29036 eV ==== 
     psi = 0.182*[#   3]+0.182*[#   4]+0.182*[#   7]+0.182*[#   8]+0.127*[#   1]
          +0.127*[#   5]
    |psi|^2 = 0.982
==== e(   3) =   -10.70096 eV ==== 
     psi = 0.249*[#   3]+0.249*[#   4]+0.249*[#   7]+0.249*[#   8]
    |psi|^2 = 0.996
==== e(   4) =    -6.67936 eV ==== 
     psi = 0.499*[#   2]+0.499*[#   6]
    |psi|^2 = 0.998
==== e(   5) =    -2.45450 eV ==== 
     psi = 0.475*[#   2]+0.475*[#   6]
    |psi|^2 = 0.950
==== e(   6) =     3.22925 eV ==== 
     psi = 0.344*[#   1]+0.344*[#   5]+0.051*[#   3]+0.051*[#   4]+0.051*[#   7]
          +0.051*[#   8]
    |psi|^2 = 0.894
==== e(   7) =     6.28367 eV ==== 
     psi = 0.002*[#   1]+0.002*[#   3]+0.002*[#   4]+0.002*[#   5]+0.002*[#   7]
          +0.002*[#   8]
    |psi|^2 = 0.009
==== e(   8) =     7.21009 eV ==== 
     psi = 0.004*[#   2]+0.004*[#   6]
    |psi|^2 = 0.008

 k =   0.0151515152  0.5686025378  0.0000000000
==== e(   1) =   -18.56317 eV ==== 
     psi = 0.307*[#   1]+0.307*[#   5]+0.095*[#   3]+0.095*[#   4]+0.095*[#   7]
          +0.095*[#   8]
    |psi|^2 = 0.993
==== e(   2) =   -17.47472 eV ==== 
     psi = 0.190*[#   3]+0.190*[#   4]+0.190*[#   7]+0.190*[#   8]+0.109*[#   1]
          +0.109*[#   5]
    |psi|^2 = 0.980
==== e(   3) =   -10.71182 eV ==== 
     psi = 0.249*[#   3]+0.249*[#   4]+0.249*[#   7]+0.249*[#   8]
    |psi|^2 = 0.996
==== e(   4) =    -6.60938 eV ==== 
     psi = 0.499*[#   2]+0.499*[#   6]
    |psi|^2 = 0.998
==== e(   5) =    -2.54132 eV ==== 
     psi = 0.475*[#   2]+0.475*[#   6]
    |psi|^2 = 0.950
==== e(   6) =     3.22378 eV ==== 
     psi = 0.345*[#   1]+0.345*[#   5]+0.051*[#   3]+0.051*[#   4]+0.051*[#   7]
          +0.051*[#   8]
    |psi|^2 = 0.895
==== e(   7) =     6.72855 eV ==== 
     psi = 0.003*[#   1]+0.003*[#   5]+0.001*[#   3]+0.001*[#   4]+0.001*[#   7]
          +0.001*[#   8]
    |psi|^2 = 0.010
==== e(   8) =     7.21558 eV ==== 
     psi = 0.002*[#   1]+0.002*[#   5]+0.002*[#   3]+0.002*[#   4]+0.002*[#   7]
          +0.002*[#   8]
    |psi|^2 = 0.011

 k =   0.0303030303  0.0524863881  0.0000000000
==== e(   1) =   -23.71367 eV ==== 
     psi = 0.480*[#   1]+0.480*[#   5]+0.006*[#   3]+0.006*[#   4]+0.006*[#   7]
          +0.006*[#   8]
    |psi|^2 = 0.985
==== e(   2) =   -11.78984 eV ==== 
     psi = 0.474*[#   2]+0.474*[#   6]
    |psi|^2 = 0.948
==== e(   3) =    -7.56565 eV ==== 
     psi = 0.246*[#   3]+0.246*[#   4]+0.246*[#   7]+0.246*[#   8]+0.007*[#   1]
          +0.007*[#   5]
    |psi|^2 = 0.997
==== e(   4) =    -7.44489 eV ==== 
     psi = 0.249*[#   3]+0.249*[#   4]+0.249*[#   7]+0.249*[#   8]
    |psi|^2 = 0.997
==== e(   5) =    -0.86066 eV ==== 
     psi = 0.002*[#   1]+0.002*[#   5]+0.002*[#   3]+0.002*[#   4]+0.002*[#   7]
          +0.002*[#   8]
    |psi|^2 = 0.013
==== e(   6) =     0.04365 eV ==== 
     psi = 0.013*[#   2]+0.013*[#   6]
    |psi|^2 = 0.027
==== e(   7) =     1.84245 eV ==== 
     psi = 0.001*[#   1]+0.001*[#   5]
    |psi|^2 = 0.003
==== e(   8) =     2.75178 eV ==== 
     psi = 0.007*[#   2]+0.007*[#   6]
    |psi|^2 = 0.014

 k =   0.0303030303  0.0699818508  0.0000000000
==== e(   1) =   -23.67578 eV ==== 
     psi = 0.474*[#   1]+0.474*[#   5]+0.009*[#   3]+0.009*[#   4]+0.009*[#   7]
          +0.009*[#   8]
    |psi|^2 = 0.984
==== e(   2) =   -11.74444 eV ==== 
     psi = 0.475*[#   2]+0.475*[#   6]
    |psi|^2 = 0.949
==== e(   3) =    -7.71310 eV ==== 
     psi = 0.244*[#   3]+0.244*[#   4]+0.244*[#   7]+0.244*[#   8]+0.010*[#   1]
          +0.010*[#   5]
    |psi|^2 = 0.998
==== e(   4) =    -7.52636 eV ==== 
     psi = 0.249*[#   3]+0.249*[#   4]+0.249*[#   7]+0.249*[#   8]
    |psi|^2 = 0.997
==== e(   5) =    -0.80922 eV ==== 
     psi = 0.003*[#   3]+0.003*[#   4]+0.003*[#   7]+0.003*[#   8]+0.002*[#   1]
          +0.002*[#   5]
    |psi|^2 = 0.016
==== e(   6) =     0.09556 eV ==== 
     psi = 0.013*[#   2]+0.013*[#   6]
    |psi|^2 = 0.026
==== e(   7) =     1.89420 eV ==== 

    |psi|^2 = 0.003
==== e(   8) =     2.80322 eV ==== 
     psi = 0.007*[#   2]+0.007*[#   6]
    |psi|^2 = 0.014

 k =   0.0303030303  0.0874773135  0.0000000000
==== e(   1) =   -23.62709 eV ==== 
     psi = 0.465*[#   1]+0.465*[#   5]+0.013*[#   3]+0.013*[#   4]+0.013*[#   7]
          +0.013*[#   8]
    |psi|^2 = 0.984
==== e(   2) =   -11.68614 eV ==== 
     psi = 0.475*[#   2]+0.475*[#   6]
    |psi|^2 = 0.950
==== e(   3) =    -7.89788 eV ==== 
     psi = 0.242*[#   3]+0.242*[#   4]+0.242*[#   7]+0.242*[#   8]+0.015*[#   1]
          +0.015*[#   5]
    |psi|^2 = 0.997
==== e(   4) =    -7.62731 eV ==== 
     psi = 0.249*[#   3]+0.249*[#   4]+0.249*[#   7]+0.249*[#   8]
    |psi|^2 = 0.997
==== e(   5) =    -0.74306 eV ==== 
     psi = 0.004*[#   3]+0.004*[#   4]+0.004*[#   7]+0.004*[#   8]+0.001*[#   1]
          +0.001*[#   5]
    |psi|^2 = 0.020
==== e(   6) =     0.16230 eV ==== 
     psi = 0.013*[#   2]+0.013*[#   6]
    |psi|^2 = 0.025
==== e(   7) =     1.96074 eV ==== 

    |psi|^2 = 0.004
==== e(   8) =     2.86933 eV ==== 
     psi = 0.007*[#   2]+0.007*[#   6]
    |psi|^2 = 0.013

 k =   0.0303030303  0.1049727762  0.0000000000
==== e(   1) =   -23.56761 eV ==== 
     psi = 0.456*[#   1]+0.456*[#   5]+0.018*[#   3]+0.018*[#   4]+0.018*[#   7]
          +0.018*[#   8]
    |psi|^2 = 0.984
==== e(   2) =   -11.61498 eV ==== 
     psi = 0.476*[#   2]+0.476*[#   6]
    |psi|^2 = 0.952
==== e(   3) =    -8.11706 eV ==== 
     psi = 0.239*[#   3]+0.239*[#   4]+0.239*[#   7]+0.239*[#   8]+0.020*[#   1]
          +0.020*[#   5]
    |psi|^2 = 0.997
==== e(   4) =    -7.74514 eV ==== 
     psi = 0.249*[#   3]+0.249*[#   4]+0.249*[#   7]+0.249*[#   8]
    |psi|^2 = 0.997
==== e(   5) =    -0.66221 eV ==== 
     psi = 0.005*[#   3]+0.005*[#   4]+0.005*[#   7]+0.005*[#   8]+0.001*[#   1]
          +0.001*[#   5]
    |psi|^2 = 0.024
==== e(   6) =     0.24383 eV ==== 
     psi = 0.012*[#   2]+0.012*[#   6]
    |psi|^2 = 0.025
==== e(   7) =     2.04207 eV ==== 

    |psi|^2 = 0.004
==== e(   8) =     2.95008 eV ==== 
     psi = 0.007*[#   2]+0.007*[#   6]
    |psi|^2 = 0.013

 k =   0.0303030303  0.1224682389  0.0000000000
==== e(   1) =   -23.49736 eV ==== 
     psi = 0.446*[#   1]+0.446*[#   5]+0.023*[#   3]+0.023*[#   4]+0.023*[#   7]
          +0.023*[#   8]
    |psi|^2 = 0.984
==== e(   2) =   -11.53104 eV ==== 
     psi = 0.477*[#   2]+0.477*[#   6]
    |psi|^2 = 0.954
==== e(   3) =    -8.36738 eV ==== 
     psi = 0.236*[#   3]+0.236*[#   4]+0.236*[#   7]+0.236*[#   8]+0.026*[#   1]
          +0.026*[#   5]
    |psi|^2 = 0.997
==== e(   4) =    -7.87713 eV ==== 
     psi = 0.249*[#   3]+0.249*[#   4]+0.249*[#   7]+0.249*[#   8]+0.001*[#   1]
          +0.001*[#   5]
    |psi|^2 = 0.997
==== e(   5) =    -0.56664 eV ==== 
     psi = 0.007*[#   3]+0.007*[#   4]+0.007*[#   7]+0.007*[#   8]
    |psi|^2 = 0.028
==== e(   6) =     0.34014 eV ==== 
     psi = 0.012*[#   2]+0.012*[#   6]
    |psi|^2 = 0.024
==== e(   7) =     2.13819 eV ==== 

    |psi|^2 = 0.004
==== e(   8) =     3.04543 eV ==== 
     psi = 0.006*[#   2]+0.006*[#   6]
    |psi|^2 = 0.012

 k =   0.0303030303  0.1399637016  0.0000000000
==== e(   1) =   -23.41638 eV ==== 
     psi = 0.435*[#   1]+0.435*[#   5]+0.028*[#   3]+0.028*[#   4]+0.028*[#   7]
          +0.028*[#   8]
    |psi|^2 = 0.984
==== e(   2) =   -11.43438 eV ==== 
     psi = 0.478*[#   2]+0.478*[#   6]
    |psi|^2 = 0.956
==== e(   3) =    -8.64547 eV ==== 
     psi = 0.233*[#   3]+0.233*[#   4]+0.233*[#   7]+0.233*[#   8]+0.032*[#   1]
          +0.032*[#   5]
    |psi|^2 = 0.997
==== e(   4) =    -8.02058 eV ==== 
     psi = 0.249*[#   3]+0.249*[#   4]+0.249*[#   7]+0.249*[#   8]+0.001*[#   1]
          +0.001*[#   5]
    |psi|^2 = 0.997
==== e(   5) =    -0.45638 eV ==== 
     psi = 0.008*[#   3]+0.008*[#   4]+0.008*[#   7]+0.008*[#   8]
    |psi|^2 = 0.031
==== e(   6) =     0.45121 eV ==== 
     psi = 0.011*[#   2]+0.011*[#   6]
    |psi|^2 = 0.023
==== e(   7) =     2.24907 eV ==== 

    |psi|^2 = 0.004
==== e(   8) =     3.15532 eV ==== 
     psi = 0.006*[#   2]+0.006*[#   6]
    |psi|^2 = 0.012

 k =   0.0303030303  0.1574591643  0.0000000000
==== e(   1) =   -23.32468 eV ==== 
     psi = 0.424*[#   1]+0.424*[#   5]+0.034*[#   3]+0.034*[#   4]+0.034*[#   7]
          +0.034*[#   8]
    |psi|^2 = 0.983
==== e(   2) =   -11.32510 eV ==== 
     psi = 0.479*[#   2]+0.479*[#   6]
    |psi|^2 = 0.958
==== e(   3) =    -8.94792 eV ==== 
     psi = 0.230*[#   3]+0.230*[#   4]+0.230*[#   7]+0.230*[#   8]+0.039*[#   1]
          +0.039*[#   5]
    |psi|^2 = 0.996
==== e(   4) =    -8.17291 eV ==== 
     psi = 0.249*[#   3]+0.249*[#   4]+0.249*[#   7]+0.249*[#   8]+0.001*[#   1]
          +0.001*[#   5]
    |psi|^2 = 0.997
==== e(   5) =    -0.33143 eV ==== 
     psi = 0.009*[#   3]+0.009*[#   4]+0.009*[#   7]+0.009*[#   8]
    |psi|^2 = 0.034
==== e(   6) =     0.57699 eV ==== 
     psi = 0.011*[#   2]+0.011*[#   6]
    |psi|^2 = 0.022
==== e(   7) =     2.37469 eV ==== 

    |psi|^2 = 0.004
==== e(   8) =     3.27964 eV ==== 
     psi = 0.006*[#   2]+0.006*[#   6]
    |psi|^2 = 0.011

 k =   0.0303030303  0.1749546270  0.0000000000
==== e(   1) =   -23.22231 eV ==== 
     psi = 0.412*[#   1]+0.412*[#   5]+0.040*[#   3]+0.040*[#   4]+0.040*[#   7]
          +0.040*[#   8]
    |psi|^2 = 0.983
==== e(   2) =   -11.20332 eV ==== 
     psi = 0.480*[#   2]+0.480*[#   6]
    |psi|^2 = 0.961
==== e(   3) =    -9.27147 eV ==== 
     psi = 0.226*[#   3]+0.226*[#   4]+0.226*[#   7]+0.226*[#   8]+0.046*[#   1]
          +0.046*[#   5]
    |psi|^2 = 0.996
==== e(   4) =    -8.33167 eV ==== 
     psi = 0.248*[#   3]+0.248*[#   4]+0.248*[#   7]+0.248*[#   8]+0.002*[#   1]
          +0.002*[#   5]
    |psi|^2 = 0.997
==== e(   5) =    -0.19180 eV ==== 
     psi = 0.009*[#   3]+0.009*[#   4]+0.009*[#   7]+0.009*[#   8]
    |psi|^2 = 0.037
==== e(   6) =     0.71744 eV ==== 
     psi = 0.010*[#   2]+0.010*[#   6]
    |psi|^2 = 0.020
==== e(   7) =     2.51499 eV ==== 

    |psi|^2 = 0.004
==== e(   8) =     3.41822 eV ==== 
     psi = 0.005*[#   2]+0.005*[#   6]
    |psi|^2 = 0.011

 k =   0.0303030303  0.1924500897  0.0000000000
==== e(   1) =   -23.10930 eV ==== 
     psi = 0.401*[#   1]+0.401*[#   5]+0.045*[#   3]+0.045*[#   4]+0.045*[#   7]
          +0.045*[#   8]
    |psi|^2 = 0.983
==== e(   2) =   -11.06916 eV ==== 
     psi = 0.482*[#   2]+0.482*[#   6]
    |psi|^2 = 0.964
==== e(   3) =    -9.61300 eV ==== 
     psi = 0.222*[#   3]+0.222*[#   4]+0.222*[#   7]+0.222*[#   8]+0.053*[#   1]
          +0.053*[#   5]
    |psi|^2 = 0.995
==== e(   4) =    -8.49465 eV ==== 
     psi = 0.248*[#   3]+0.248*[#   4]+0.248*[#   7]+0.248*[#   8]+0.002*[#   1]
          +0.002*[#   5]
    |psi|^2 = 0.997
==== e(   5) =    -0.03751 eV ==== 
     psi = 0.010*[#   3]+0.010*[#   4]+0.010*[#   7]+0.010*[#   8]
    |psi|^2 = 0.039
==== e(   6) =     0.87248 eV ==== 
     psi = 0.010*[#   2]+0.010*[#   6]
    |psi|^2 = 0.019
==== e(   7) =     2.66987 eV ==== 

    |psi|^2 = 0.004
==== e(   8) =     3.57064 eV ==== 
     psi = 0.005*[#   2]+0.005*[#   6]
    |psi|^2 = 0.011

 k =   0.0303030303  0.2099455524  0.0000000000
==== e(   1) =   -22.98570 eV ==== 
     psi = 0.390*[#   1]+0.390*[#   5]+0.051*[#   3]+0.051*[#   4]+0.051*[#   7]
          +0.051*[#   8]
    |psi|^2 = 0.983
==== e(   2) =   -10.92278 eV ==== 
     psi = 0.483*[#   2]+0.483*[#   6]
    |psi|^2 = 0.966
==== e(   3) =    -9.96961 eV ==== 
     psi = 0.218*[#   3]+0.218*[#   4]+0.218*[#   7]+0.218*[#   8]+0.060*[#   1]
          +0.060*[#   5]
    |psi|^2 = 0.995
==== e(   4) =    -8.65984 eV ==== 
     psi = 0.248*[#   3]+0.248*[#   4]+0.248*[#   7]+0.248*[#   8]+0.002*[#   1]
          +0.002*[#   5]
    |psi|^2 = 0.997
==== e(   5) =     0.13142 eV ==== 
     psi = 0.010*[#   3]+0.010*[#   4]+0.010*[#   7]+0.010*[#   8]
    |psi|^2 = 0.040
==== e(   6) =     1.04200 eV ==== 
     psi = 0.009*[#   2]+0.009*[#   6]
    |psi|^2 = 0.018
==== e(   7) =     2.83918 eV ==== 

    |psi|^2 = 0.004
==== e(   8) =     3.73559 eV ==== 
     psi = 0.007*[#   2]+0.007*[#   6]
    |psi|^2 = 0.014

 k =   0.0303030303  0.2274410151  0.0000000000
==== e(   1) =   -22.85156 eV ==== 
     psi = 0.379*[#   1]+0.379*[#   5]+0.056*[#   3]+0.056*[#   4]+0.056*[#   7]
          +0.056*[#   8]
    |psi|^2 = 0.982
==== e(   2) =   -10.76436 eV ==== 
     psi = 0.485*[#   2]+0.485*[#   6]
    |psi|^2 = 0.969
==== e(   3) =   -10.33866 eV ==== 
     psi = 0.215*[#   3]+0.215*[#   4]+0.215*[#   7]+0.215*[#   8]+0.068*[#   1]
          +0.068*[#   5]
    |psi|^2 = 0.994
==== e(   4) =    -8.82543 eV ==== 
     psi = 0.248*[#   3]+0.248*[#   4]+0.248*[#   7]+0.248*[#   8]+0.002*[#   1]
          +0.002*[#   5]
    |psi|^2 = 0.997
==== e(   5) =     0.31497 eV ==== 
     psi = 0.010*[#   3]+0.010*[#   4]+0.010*[#   7]+0.010*[#   8]
    |psi|^2 = 0.040
==== e(   6) =     1.22580 eV ==== 
     psi = 0.008*[#   2]+0.008*[#   6]
    |psi|^2 = 0.017
==== e(   7) =     3.02261 eV ==== 
     psi = 0.001*[#   1]+0.001*[#   5]
    |psi|^2 = 0.004
==== e(   8) =     3.90577 eV ==== 
     psi = 0.022*[#   2]+0.022*[#   6]
    |psi|^2 = 0.043

 k =   0.0303030303  0.2449364778  0.0000000000
==== e(   1) =   -22.70693 eV ==== 
     psi = 0.368*[#   1]+0.368*[#   5]+0.062*[#   3]+0.062*[#   4]+0.062*[#   7]
          +0.062*[#   8]
    |psi|^2 = 0.982
==== e(   2) =   -10.71774 eV ==== 
     psi = 0.211*[#   3]+0.211*[#   4]+0.211*[#   7]+0.211*[#   8]+0.075*[#   1]
          +0.075*[#   5]
    |psi|^2 = 0.994
==== e(   3) =   -10.59412 eV ==== 
     psi = 0.486*[#   2]+0.486*[#   6]
    |psi|^2 = 0.972
==== e(   4) =    -8.98986 eV ==== 
     psi = 0.248*[#   3]+0.248*[#   4]+0.248*[#   7]+0.248*[#   8]+0.002*[#   1]
          +0.002*[#   5]
    |psi|^2 = 0.997
==== e(   5) =     0.51310 eV ==== 
     psi = 0.010*[#   3]+0.010*[#   4]+0.010*[#   7]+0.010*[#   8]
    |psi|^2 = 0.039
==== e(   6) =     1.42353 eV ==== 
     psi = 0.008*[#   2]+0.008*[#   6]
    |psi|^2 = 0.016
==== e(   7) =     3.21945 eV ==== 
     psi = 0.003*[#   1]+0.003*[#   5]
    |psi|^2 = 0.006
==== e(   8) =     3.92330 eV ==== 
     psi = 0.370*[#   2]+0.370*[#   6]
    |psi|^2 = 0.739

 k =   0.0303030303  0.2624319405  0.0000000000
==== e(   1) =   -22.55189 eV ==== 
     psi = 0.358*[#   1]+0.358*[#   5]+0.067*[#   3]+0.067*[#   4]+0.067*[#   7]
          +0.067*[#   8]
    |psi|^2 = 0.982
==== e(   2) =   -11.10467 eV ==== 
     psi = 0.207*[#   3]+0.207*[#   4]+0.207*[#   7]+0.207*[#   8]+0.082*[#   1]
          +0.082*[#   5]
    |psi|^2 = 0.993
==== e(   3) =   -10.41231 eV ==== 
     psi = 0.487*[#   2]+0.487*[#   6]
    |psi|^2 = 0.975
==== e(   4) =    -9.15171 eV ==== 
     psi = 0.248*[#   3]+0.248*[#   4]+0.248*[#   7]+0.248*[#   8]+0.002*[#   1]
          +0.002*[#   5]
    |psi|^2 = 0.997
==== e(   5) =     0.72578 eV ==== 
     psi = 0.009*[#   3]+0.009*[#   4]+0.009*[#   7]+0.009*[#   8]
    |psi|^2 = 0.038
==== e(   6) =     1.63438 eV ==== 
     psi = 0.008*[#   2]+0.008*[#   6]
    |psi|^2 = 0.016
==== e(   7) =     3.42781 eV ==== 
     psi = 0.006*[#   1]+0.006*[#   5]
    |psi|^2 = 0.014
==== e(   8) =     3.57611 eV ==== 
     psi = 0.465*[#   2]+0.465*[#   6]
    |psi|^2 = 0.930

 k =   0.0303030303  0.2799274032  0.0000000000
==== e(   1) =   -22.38650 eV ==== 
     psi = 0.348*[#   1]+0.348*[#   5]+0.072*[#   3]+0.072*[#   4]+0.072*[#   7]
          +0.072*[#   8]
    |psi|^2 = 0.982
==== e(   2) =   -11.49751 eV ==== 
     psi = 0.204*[#   3]+0.204*[#   4]+0.204*[#   7]+0.204*[#   8]+0.088*[#   1]
          +0.088*[#   5]
    |psi|^2 = 0.993
==== e(   3) =   -10.21923 eV ==== 
     psi = 0.489*[#   2]+0.489*[#   6]
    |psi|^2 = 0.978
==== e(   4) =    -9.30978 eV ==== 
     psi = 0.248*[#   3]+0.248*[#   4]+0.248*[#   7]+0.248*[#   8]+0.002*[#   1]
          +0.002*[#   5]
    |psi|^2 = 0.997
==== e(   5) =     0.95295 eV ==== 
     psi = 0.009*[#   3]+0.009*[#   4]+0.009*[#   7]+0.009*[#   8]
    |psi|^2 = 0.036
==== e(   6) =     1.85604 eV ==== 
     psi = 0.010*[#   2]+0.010*[#   6]
    |psi|^2 = 0.021
==== e(   7) =     3.19033 eV ==== 
     psi = 0.469*[#   2]+0.469*[#   6]
    |psi|^2 = 0.938
==== e(   8) =     3.64018 eV ==== 
     psi = 0.020*[#   1]+0.020*[#   5]+0.004*[#   3]+0.004*[#   4]+0.004*[#   7]
          +0.004*[#   8]
    |psi|^2 = 0.057

 k =   0.0303030303  0.2974228659  0.0000000000
==== e(   1) =   -22.21085 eV ==== 
     psi = 0.338*[#   1]+0.338*[#   5]+0.076*[#   3]+0.076*[#   4]+0.076*[#   7]
          +0.076*[#   8]
    |psi|^2 = 0.982
==== e(   2) =   -11.89449 eV ==== 
     psi = 0.201*[#   3]+0.201*[#   4]+0.201*[#   7]+0.201*[#   8]+0.095*[#   1]
          +0.095*[#   5]
    |psi|^2 = 0.992
==== e(   3) =   -10.01525 eV ==== 
     psi = 0.490*[#   2]+0.490*[#   6]
    |psi|^2 = 0.980
==== e(   4) =    -9.46300 eV ==== 
     psi = 0.248*[#   3]+0.248*[#   4]+0.248*[#   7]+0.248*[#   8]+0.002*[#   1]
          +0.002*[#   5]
    |psi|^2 = 0.997
==== e(   5) =     1.19455 eV ==== 
     psi = 0.008*[#   3]+0.008*[#   4]+0.008*[#   7]+0.008*[#   8]
    |psi|^2 = 0.033
==== e(   6) =     2.07800 eV ==== 
     psi = 0.027*[#   2]+0.027*[#   6]
    |psi|^2 = 0.054
==== e(   7) =     2.80663 eV ==== 
     psi = 0.453*[#   2]+0.453*[#   6]
    |psi|^2 = 0.906
==== e(   8) =     3.80948 eV ==== 
     psi = 0.107*[#   1]+0.107*[#   5]+0.039*[#   3]+0.039*[#   4]+0.039*[#   7]
          +0.039*[#   8]
    |psi|^2 = 0.370

 k =   0.0303030303  0.3149183286  0.0000000000
==== e(   1) =   -22.02503 eV ==== 
     psi = 0.329*[#   1]+0.329*[#   5]+0.081*[#   3]+0.081*[#   4]+0.081*[#   7]
          +0.081*[#   8]
    |psi|^2 = 0.982
==== e(   2) =   -12.29404 eV ==== 
     psi = 0.197*[#   3]+0.197*[#   4]+0.197*[#   7]+0.197*[#   8]+0.102*[#   1]
          +0.102*[#   5]
    |psi|^2 = 0.992
==== e(   3) =    -9.80080 eV ==== 
     psi = 0.491*[#   2]+0.491*[#   6]
    |psi|^2 = 0.983
==== e(   4) =    -9.61043 eV ==== 
     psi = 0.248*[#   3]+0.248*[#   4]+0.248*[#   7]+0.248*[#   8]+0.002*[#   1]
          +0.002*[#   5]
    |psi|^2 = 0.997
==== e(   5) =     1.45049 eV ==== 
     psi = 0.007*[#   3]+0.007*[#   4]+0.007*[#   7]+0.007*[#   8]
    |psi|^2 = 0.030
==== e(   6) =     2.18739 eV ==== 
     psi = 0.246*[#   2]+0.246*[#   6]
    |psi|^2 = 0.491
==== e(   7) =     2.54255 eV ==== 
     psi = 0.234*[#   2]+0.234*[#   6]
    |psi|^2 = 0.468
==== e(   8) =     3.83177 eV ==== 
     psi = 0.215*[#   1]+0.215*[#   5]+0.084*[#   3]+0.084*[#   4]+0.084*[#   7]
          +0.084*[#   8]
    |psi|^2 = 0.764

 k =   0.0303030303  0.3324137914  0.0000000000
==== e(   1) =   -21.82916 eV ==== 
     psi = 0.321*[#   1]+0.321*[#   5]+0.085*[#   3]+0.085*[#   4]+0.085*[#   7]
          +0.085*[#   8]
    |psi|^2 = 0.982
==== e(   2) =   -12.69476 eV ==== 
     psi = 0.194*[#   3]+0.194*[#   4]+0.194*[#   7]+0.194*[#   8]+0.108*[#   1]
          +0.108*[#   5]
    |psi|^2 = 0.992
==== e(   3) =    -9.75128 eV ==== 
     psi = 0.248*[#   3]+0.248*[#   4]+0.248*[#   7]+0.248*[#   8]+0.002*[#   1]
          +0.002*[#   5]
    |psi|^2 = 0.997
==== e(   4) =    -9.57640 eV ==== 
     psi = 0.493*[#   2]+0.493*[#   6]
    |psi|^2 = 0.985
==== e(   5) =     1.72063 eV ==== 
     psi = 0.006*[#   3]+0.006*[#   4]+0.006*[#   7]+0.006*[#   8]
    |psi|^2 = 0.026
==== e(   6) =     1.88914 eV ==== 
     psi = 0.443*[#   2]+0.443*[#   6]
    |psi|^2 = 0.886
==== e(   7) =     2.69580 eV ==== 
     psi = 0.036*[#   2]+0.036*[#   6]
    |psi|^2 = 0.072
==== e(   8) =     3.79081 eV ==== 
     psi = 0.245*[#   1]+0.245*[#   5]+0.089*[#   3]+0.089*[#   4]+0.089*[#   7]
          +0.089*[#   8]
    |psi|^2 = 0.848

 k =   0.0303030303  0.3499092541  0.0000000000
==== e(   1) =   -21.62337 eV ==== 
     psi = 0.313*[#   1]+0.313*[#   5]+0.089*[#   3]+0.089*[#   4]+0.089*[#   7]
          +0.089*[#   8]
    |psi|^2 = 0.982
==== e(   2) =   -13.09537 eV ==== 
     psi = 0.191*[#   3]+0.191*[#   4]+0.191*[#   7]+0.191*[#   8]+0.114*[#   1]
          +0.114*[#   5]
    |psi|^2 = 0.991
==== e(   3) =    -9.88483 eV ==== 
     psi = 0.248*[#   3]+0.248*[#   4]+0.248*[#   7]+0.248*[#   8]+0.002*[#   1]
          +0.002*[#   5]
    |psi|^2 = 0.997
==== e(   4) =    -9.34271 eV ==== 
     psi = 0.494*[#   2]+0.494*[#   6]
    |psi|^2 = 0.987
==== e(   5) =     1.48816 eV ==== 
     psi = 0.463*[#   2]+0.463*[#   6]
    |psi|^2 = 0.926
==== e(   6) =     2.00477 eV ==== 
     psi = 0.005*[#   3]+0.005*[#   4]+0.005*[#   7]+0.005*[#   8]
    |psi|^2 = 0.022
==== e(   7) =     2.96374 eV ==== 
     psi = 0.015*[#   2]+0.015*[#   6]
    |psi|^2 = 0.030
==== e(   8) =     3.73934 eV ==== 
     psi = 0.262*[#   1]+0.262*[#   5]+0.088*[#   3]+0.088*[#   4]+0.088*[#   7]
          +0.088*[#   8]
    |psi|^2 = 0.874

 k =   0.0303030303  0.3674047168  0.0000000000
==== e(   1) =   -21.40781 eV ==== 
     psi = 0.305*[#   1]+0.305*[#   5]+0.093*[#   3]+0.093*[#   4]+0.093*[#   7]
          +0.093*[#   8]
    |psi|^2 = 0.982
==== e(   2) =   -13.49471 eV ==== 
     psi = 0.188*[#   3]+0.188*[#   4]+0.188*[#   7]+0.188*[#   8]+0.119*[#   1]
          +0.119*[#   5]
    |psi|^2 = 0.991
==== e(   3) =   -10.01048 eV ==== 
     psi = 0.248*[#   3]+0.248*[#   4]+0.248*[#   7]+0.248*[#   8]+0.002*[#   1]
          +0.002*[#   5]
    |psi|^2 = 0.996
==== e(   4) =    -9.10054 eV ==== 
     psi = 0.495*[#   2]+0.495*[#   6]
    |psi|^2 = 0.989
==== e(   5) =     1.07482 eV ==== 
     psi = 0.468*[#   2]+0.468*[#   6]
    |psi|^2 = 0.936
==== e(   6) =     2.30249 eV ==== 
     psi = 0.004*[#   3]+0.004*[#   4]+0.004*[#   7]+0.004*[#   8]
    |psi|^2 = 0.018
==== e(   7) =     3.25820 eV ==== 
     psi = 0.009*[#   2]+0.009*[#   6]
    |psi|^2 = 0.019
==== e(   8) =     3.68683 eV ==== 
     psi = 0.274*[#   1]+0.274*[#   5]+0.084*[#   3]+0.084*[#   4]+0.084*[#   7]
          +0.084*[#   8]
    |psi|^2 = 0.886

 k =   0.0303030303  0.3849001795  0.0000000000
==== e(   1) =   -21.18266 eV ==== 
     psi = 0.298*[#   1]+0.298*[#   5]+0.097*[#   3]+0.097*[#   4]+0.097*[#   7]
          +0.097*[#   8]
    |psi|^2 = 0.982
==== e(   2) =   -13.89171 eV ==== 
     psi = 0.185*[#   3]+0.185*[#   4]+0.185*[#   7]+0.185*[#   8]+0.125*[#   1]
          +0.125*[#   5]
    |psi|^2 = 0.990
==== e(   3) =   -10.12770 eV ==== 
     psi = 0.248*[#   3]+0.248*[#   4]+0.248*[#   7]+0.248*[#   8]+0.002*[#   1]
          +0.002*[#   5]
    |psi|^2 = 0.996
==== e(   4) =    -8.85090 eV ==== 
     psi = 0.496*[#   2]+0.496*[#   6]
    |psi|^2 = 0.991
==== e(   5) =     0.66022 eV ==== 
     psi = 0.470*[#   2]+0.470*[#   6]
    |psi|^2 = 0.940
==== e(   6) =     2.61287 eV ==== 
     psi = 0.002*[#   1]+0.003*[#   3]+0.003*[#   4]+0.002*[#   5]+0.003*[#   7]
          +0.003*[#   8]
    |psi|^2 = 0.015
==== e(   7) =     3.57029 eV ==== 
     psi = 0.007*[#   2]+0.007*[#   6]
    |psi|^2 = 0.014
==== e(   8) =     3.63691 eV ==== 
     psi = 0.284*[#   1]+0.284*[#   5]+0.081*[#   3]+0.081*[#   4]+0.081*[#   7]
          +0.081*[#   8]
    |psi|^2 = 0.892

 k =   0.0303030303  0.4023956422  0.0000000000
==== e(   1) =   -20.94817 eV ==== 
     psi = 0.291*[#   1]+0.291*[#   5]+0.100*[#   3]+0.100*[#   4]+0.100*[#   7]
          +0.100*[#   8]
    |psi|^2 = 0.983
==== e(   2) =   -14.28537 eV ==== 
     psi = 0.182*[#   3]+0.182*[#   4]+0.182*[#   7]+0.182*[#   8]+0.130*[#   1]
          +0.130*[#   5]
    |psi|^2 = 0.990
==== e(   3) =   -10.23604 eV ==== 
     psi = 0.248*[#   3]+0.248*[#   4]+0.248*[#   7]+0.248*[#   8]+0.002*[#   1]
          +0.002*[#   5]
    |psi|^2 = 0.996
==== e(   4) =    -8.59511 eV ==== 
     psi = 0.496*[#   2]+0.496*[#   6]
    |psi|^2 = 0.993
==== e(   5) =     0.24886 eV ==== 
     psi = 0.471*[#   2]+0.471*[#   6]
    |psi|^2 = 0.942
==== e(   6) =     2.93297 eV ==== 
     psi = 0.008*[#   1]+0.008*[#   5]
    |psi|^2 = 0.019
==== e(   7) =     3.59379 eV ==== 
     psi = 0.289*[#   1]+0.289*[#   5]+0.078*[#   3]+0.078*[#   4]+0.078*[#   7]
          +0.078*[#   8]
    |psi|^2 = 0.889
==== e(   8) =     3.89787 eV ==== 
     psi = 0.005*[#   2]+0.005*[#   6]
    |psi|^2 = 0.011

 k =   0.0303030303  0.4198911049  0.0000000000
==== e(   1) =   -20.70463 eV ==== 
     psi = 0.285*[#   1]+0.285*[#   5]+0.103*[#   3]+0.103*[#   4]+0.103*[#   7]
          +0.103*[#   8]
    |psi|^2 = 0.983
==== e(   2) =   -14.67472 eV ==== 
     psi = 0.180*[#   3]+0.180*[#   4]+0.180*[#   7]+0.180*[#   8]+0.135*[#   1]
          +0.135*[#   5]
    |psi|^2 = 0.989
==== e(   3) =   -10.33509 eV ==== 
     psi = 0.248*[#   3]+0.248*[#   4]+0.248*[#   7]+0.248*[#   8]+0.002*[#   1]
          +0.002*[#   5]
    |psi|^2 = 0.996
==== e(   4) =    -8.33486 eV ==== 
     psi = 0.497*[#   2]+0.497*[#   6]
    |psi|^2 = 0.994
==== e(   5) =    -0.15579 eV ==== 
     psi = 0.472*[#   2]+0.472*[#   6]
    |psi|^2 = 0.944
==== e(   6) =     3.24623 eV ==== 
     psi = 0.045*[#   1]+0.045*[#   5]+0.002*[#   3]+0.002*[#   4]+0.002*[#   7]
          +0.002*[#   8]
    |psi|^2 = 0.096
==== e(   7) =     3.57477 eV ==== 
     psi = 0.261*[#   1]+0.261*[#   5]+0.073*[#   3]+0.073*[#   4]+0.073*[#   7]
          +0.073*[#   8]
    |psi|^2 = 0.812
==== e(   8) =     4.24008 eV ==== 
     psi = 0.004*[#   2]+0.004*[#   6]
    |psi|^2 = 0.009

 k =   0.0303030303  0.4373865676  0.0000000000
==== e(   1) =   -20.45243 eV ==== 
     psi = 0.280*[#   1]+0.280*[#   5]+0.106*[#   3]+0.106*[#   4]+0.106*[#   7]
          +0.106*[#   8]
    |psi|^2 = 0.983
==== e(   2) =   -15.05879 eV ==== 
     psi = 0.178*[#   3]+0.178*[#   4]+0.178*[#   7]+0.178*[#   8]+0.139*[#   1]
          +0.139*[#   5]
    |psi|^2 = 0.989
==== e(   3) =   -10.42454 eV ==== 
     psi = 0.248*[#   3]+0.248*[#   4]+0.248*[#   7]+0.248*[#   8]+0.002*[#   1]
          +0.002*[#   5]
    |psi|^2 = 0.996
==== e(   4) =    -8.07240 eV ==== 
     psi = 0.497*[#   2]+0.497*[#   6]
    |psi|^2 = 0.995
==== e(   5) =    -0.55021 eV ==== 
     psi = 0.473*[#   2]+0.473*[#   6]
    |psi|^2 = 0.945
==== e(   6) =     3.41840 eV ==== 
     psi = 0.247*[#   1]+0.247*[#   5]+0.040*[#   3]+0.040*[#   4]+0.040*[#   7]
          +0.040*[#   8]
    |psi|^2 = 0.654
==== e(   7) =     3.71460 eV ==== 
     psi = 0.067*[#   1]+0.067*[#   5]+0.030*[#   3]+0.030*[#   4]+0.030*[#   7]
          +0.030*[#   8]
    |psi|^2 = 0.254
==== e(   8) =     4.59640 eV ==== 
     psi = 0.004*[#   2]+0.004*[#   6]
    |psi|^2 = 0.008

 k =   0.0303030303  0.4548820303  0.0000000000
==== e(   1) =   -20.19215 eV ==== 
     psi = 0.275*[#   1]+0.275*[#   5]+0.108*[#   3]+0.108*[#   4]+0.108*[#   7]
          +0.108*[#   8]
    |psi|^2 = 0.984
==== e(   2) =   -15.43650 eV ==== 
     psi = 0.176*[#   3]+0.176*[#   4]+0.176*[#   7]+0.176*[#   8]+0.143*[#   1]
          +0.143*[#   5]
    |psi|^2 = 0.988
==== e(   3) =   -10.50407 eV ==== 
     psi = 0.248*[#   3]+0.248*[#   4]+0.248*[#   7]+0.248*[#   8]+0.002*[#   1]
          +0.002*[#   5]
    |psi|^2 = 0.996
==== e(   4) =    -7.81077 eV ==== 
     psi = 0.498*[#   2]+0.498*[#   6]
    |psi|^2 = 0.995
==== e(   5) =    -0.93037 eV ==== 
     psi = 0.473*[#   2]+0.473*[#   6]
    |psi|^2 = 0.946
==== e(   6) =     3.41539 eV ==== 
     psi = 0.308*[#   1]+0.308*[#   5]+0.055*[#   3]+0.055*[#   4]+0.055*[#   7]
          +0.055*[#   8]
    |psi|^2 = 0.837
==== e(   7) =     4.04768 eV ==== 
     psi = 0.012*[#   1]+0.012*[#   5]+0.011*[#   3]+0.011*[#   4]+0.011*[#   7]
          +0.011*[#   8]
    |psi|^2 = 0.070
==== e(   8) =     4.96644 eV ==== 
     psi = 0.003*[#   2]+0.003*[#   6]
    |psi|^2 = 0.007

 k =   0.0303030303  0.4723774930  0.0000000000
==== e(   1) =   -19.92464 eV ==== 
     psi = 0.272*[#   1]+0.272*[#   5]+0.110*[#   3]+0.110*[#   4]+0.110*[#   7]
          +0.110*[#   8]
    |psi|^2 = 0.985
==== e(   2) =   -15.80660 eV ==== 
     psi = 0.174*[#   3]+0.174*[#   4]+0.174*[#   7]+0.174*[#   8]+0.146*[#   1]
          +0.146*[#   5]
    |psi|^2 = 0.988
==== e(   3) =   -10.57347 eV ==== 
     psi = 0.248*[#   3]+0.248*[#   4]+0.248*[#   7]+0.248*[#   8]+0.002*[#   1]
          +0.002*[#   5]
    |psi|^2 = 0.996
==== e(   4) =    -7.55409 eV ==== 
     psi = 0.498*[#   2]+0.498*[#   6]
    |psi|^2 = 0.996
==== e(   5) =    -1.29133 eV ==== 
     psi = 0.474*[#   2]+0.474*[#   6]
    |psi|^2 = 0.947
==== e(   6) =     3.38936 eV ==== 
     psi = 0.322*[#   1]+0.322*[#   5]+0.056*[#   3]+0.056*[#   4]+0.056*[#   7]
          +0.056*[#   8]
    |psi|^2 = 0.870
==== e(   7) =     4.42205 eV ==== 
     psi = 0.007*[#   3]+0.007*[#   4]+0.007*[#   7]+0.007*[#   8]+0.004*[#   1]
          +0.004*[#   5]
    |psi|^2 = 0.035
==== e(   8) =     5.34978 eV ==== 
     psi = 0.003*[#   2]+0.003*[#   6]
    |psi|^2 = 0.006

 k =   0.0303030303  0.4898729557  0.0000000000
==== e(   1) =   -19.65129 eV ==== 
     psi = 0.269*[#   1]+0.269*[#   5]+0.112*[#   3]+0.112*[#   4]+0.112*[#   7]
          +0.112*[#   8]
    |psi|^2 = 0.986
==== e(   2) =   -16.16733 eV ==== 
     psi = 0.173*[#   3]+0.173*[#   4]+0.173*[#   7]+0.173*[#   8]+0.148*[#   1]
          +0.148*[#   5]
    |psi|^2 = 0.987
==== e(   3) =   -10.63251 eV ==== 
     psi = 0.248*[#   3]+0.248*[#   4]+0.248*[#   7]+0.248*[#   8]+0.002*[#   1]
          +0.002*[#   5]
    |psi|^2 = 0.996
==== e(   4) =    -7.30803 eV ==== 
     psi = 0.498*[#   2]+0.498*[#   6]
    |psi|^2 = 0.996
==== e(   5) =    -1.62674 eV ==== 
     psi = 0.474*[#   2]+0.474*[#   6]
    |psi|^2 = 0.948
==== e(   6) =     3.36296 eV ==== 
     psi = 0.330*[#   1]+0.330*[#   5]+0.056*[#   3]+0.056*[#   4]+0.056*[#   7]
          +0.056*[#   8]
    |psi|^2 = 0.882
==== e(   7) =     4.81511 eV ==== 
     psi = 0.004*[#   3]+0.004*[#   4]+0.004*[#   7]+0.004*[#   8]+0.002*[#   1]
          +0.002*[#   5]
    |psi|^2 = 0.022
==== e(   8) =     5.74593 eV ==== 
     psi = 0.003*[#   2]+0.003*[#   6]
    |psi|^2 = 0.006

 k =   0.0303030303  0.5073684184  0.0000000000
==== e(   1) =   -19.37458 eV ==== 
     psi = 0.269*[#   1]+0.269*[#   5]+0.112*[#   3]+0.112*[#   4]+0.112*[#   7]
          +0.112*[#   8]
    |psi|^2 = 0.987
==== e(   2) =   -16.51591 eV ==== 
     psi = 0.173*[#   3]+0.173*[#   4]+0.173*[#   7]+0.173*[#   8]+0.148*[#   1]
          +0.148*[#   5]
    |psi|^2 = 0.986
==== e(   3) =   -10.68103 eV ==== 
     psi = 0.248*[#   3]+0.248*[#   4]+0.248*[#   7]+0.248*[#   8]+0.002*[#   1]
          +0.002*[#   5]
    |psi|^2 = 0.996
==== e(   4) =    -7.08031 eV ==== 
     psi = 0.498*[#   2]+0.498*[#   6]
    |psi|^2 = 0.997
==== e(   5) =    -1.92831 eV ==== 
     psi = 0.475*[#   2]+0.475*[#   6]
    |psi|^2 = 0.949
==== e(   6) =     3.33990 eV ==== 
     psi = 0.335*[#   1]+0.335*[#   5]+0.054*[#   3]+0.054*[#   4]+0.054*[#   7]
          +0.054*[#   8]
    |psi|^2 = 0.888
==== e(   7) =     5.22305 eV ==== 
     psi = 0.003*[#   3]+0.003*[#   4]+0.003*[#   7]+0.003*[#   8]+0.001*[#   1]
          +0.001*[#   5]
    |psi|^2 = 0.016
==== e(   8) =     6.15426 eV ==== 
     psi = 0.003*[#   2]+0.003*[#   6]
    |psi|^2 = 0.006

 k =   0.0303030303  0.5248638811  0.0000000000
==== e(   1) =   -19.09956 eV ==== 
     psi = 0.272*[#   1]+0.272*[#   5]+0.111*[#   3]+0.111*[#   4]+0.111*[#   7]
          +0.111*[#   8]
    |psi|^2 = 0.988
==== e(   2) =   -16.84707 eV ==== 
     psi = 0.174*[#   3]+0.174*[#   4]+0.174*[#   7]+0.174*[#   8]+0.144*[#   1]
          +0.144*[#   5]
    |psi|^2 = 0.985
==== e(   3) =   -10.71890 eV ==== 
     psi = 0.248*[#   3]+0.248*[#   4]+0.248*[#   7]+0.248*[#   8]+0.002*[#   1]
          +0.002*[#   5]
    |psi|^2 = 0.996
==== e(   4) =    -6.88122 eV ==== 
     psi = 0.499*[#   2]+0.499*[#   6]
    |psi|^2 = 0.997
==== e(   5) =    -2.18529 eV ==== 
     psi = 0.475*[#   2]+0.475*[#   6]
    |psi|^2 = 0.950
==== e(   6) =     3.32138 eV ==== 
     psi = 0.339*[#   1]+0.339*[#   5]+0.053*[#   3]+0.053*[#   4]+0.053*[#   7]
          +0.053*[#   8]
    |psi|^2 = 0.891
==== e(   7) =     5.64443 eV ==== 
     psi = 0.002*[#   3]+0.002*[#   4]+0.002*[#   7]+0.002*[#   8]+0.001*[#   1]
          +0.001*[#   5]
    |psi|^2 = 0.012
==== e(   8) =     6.57375 eV ==== 
     psi = 0.003*[#   2]+0.003*[#   6]
    |psi|^2 = 0.006

 k =   0.0303030303  0.5423593438  0.0000000000
==== e(   1) =   -18.83804 eV ==== 
     psi = 0.281*[#   1]+0.281*[#   5]+0.107*[#   3]+0.107*[#   4]+0.107*[#   7]
          +0.107*[#   8]
    |psi|^2 = 0.990
==== e(   2) =   -17.14881 eV ==== 
     psi = 0.178*[#   3]+0.178*[#   4]+0.178*[#   7]+0.178*[#   8]+0.135*[#   1]
          +0.135*[#   5]
    |psi|^2 = 0.983
==== e(   3) =   -10.74603 eV ==== 
     psi = 0.248*[#   3]+0.248*[#   4]+0.248*[#   7]+0.248*[#   8]+0.002*[#   1]
          +0.002*[#   5]
    |psi|^2 = 0.996
==== e(   4) =    -6.72355 eV ==== 
     psi = 0.499*[#   2]+0.499*[#   6]
    |psi|^2 = 0.997
==== e(   5) =    -2.38457 eV ==== 
     psi = 0.475*[#   2]+0.475*[#   6]
    |psi|^2 = 0.950
==== e(   6) =     3.30790 eV ==== 
     psi = 0.341*[#   1]+0.341*[#   5]+0.053*[#   3]+0.053*[#   4]+0.053*[#   7]
          +0.053*[#   8]
    |psi|^2 = 0.893
==== e(   7) =     6.07808 eV ==== 
     psi = 0.002*[#   3]+0.002*[#   4]+0.002*[#   7]+0.002*[#   8]+0.001*[#   1]
          +0.001*[#   5]
    |psi|^2 = 0.010
==== e(   8) =     7.00250 eV ==== 
     psi = 0.004*[#   2]+0.004*[#   6]
    |psi|^2 = 0.007

 k =   0.0303030303  0.5598548065  0.0000000000
==== e(   1) =   -18.62166 eV ==== 
     psi = 0.298*[#   1]+0.298*[#   5]+0.099*[#   3]+0.099*[#   4]+0.099*[#   7]
          +0.099*[#   8]
    |psi|^2 = 0.992
==== e(   2) =   -17.38938 eV ==== 
     psi = 0.186*[#   3]+0.186*[#   4]+0.186*[#   7]+0.186*[#   8]+0.118*[#   1]
          +0.118*[#   5]
    |psi|^2 = 0.981
==== e(   3) =   -10.76233 eV ==== 
     psi = 0.248*[#   3]+0.248*[#   4]+0.248*[#   7]+0.248*[#   8]+0.002*[#   1]
          +0.002*[#   5]
    |psi|^2 = 0.996
==== e(   4) =    -6.62116 eV ==== 
     psi = 0.499*[#   2]+0.499*[#   6]
    |psi|^2 = 0.998
==== e(   5) =    -2.51202 eV ==== 
     psi = 0.475*[#   2]+0.475*[#   6]
    |psi|^2 = 0.950
==== e(   6) =     3.29972 eV ==== 
     psi = 0.343*[#   1]+0.343*[#   5]+0.052*[#   3]+0.052*[#   4]+0.052*[#   7]
          +0.052*[#   8]
    |psi|^2 = 0.893
==== e(   7) =     6.52170 eV ==== 
     psi = 0.002*[#   1]+0.002*[#   5]+0.001*[#   3]+0.001*[#   4]+0.001*[#   7]
          +0.001*[#   8]
    |psi|^2 = 0.009
==== e(   8) =     7.43425 eV ==== 
     psi = 0.004*[#   2]+0.004*[#   6]
    |psi|^2 = 0.009

 k =   0.0303030303  0.5773502692  0.0000000000
==== e(   1) =   -18.52749 eV ==== 
     psi = 0.311*[#   1]+0.311*[#   5]+0.093*[#   3]+0.093*[#   4]+0.093*[#   7]
          +0.093*[#   8]
    |psi|^2 = 0.994
==== e(   2) =   -17.49162 eV ==== 
     psi = 0.192*[#   3]+0.192*[#   4]+0.192*[#   7]+0.192*[#   8]+0.105*[#   1]
          +0.105*[#   5]
    |psi|^2 = 0.979
==== e(   3) =   -10.76777 eV ==== 
     psi = 0.248*[#   3]+0.248*[#   4]+0.248*[#   7]+0.248*[#   8]+0.002*[#   1]
          +0.002*[#   5]
    |psi|^2 = 0.996
==== e(   4) =    -6.58551 eV ==== 
     psi = 0.499*[#   2]+0.499*[#   6]
    |psi|^2 = 0.998
==== e(   5) =    -2.55603 eV ==== 
     psi = 0.475*[#   2]+0.475*[#   6]
    |psi|^2 = 0.950
==== e(   6) =     3.29698 eV ==== 
     psi = 0.343*[#   1]+0.343*[#   5]+0.052*[#   3]+0.052*[#   4]+0.052*[#   7]
          +0.052*[#   8]
    |psi|^2 = 0.894
==== e(   7) =     6.91004 eV ==== 
     psi = 0.005*[#   1]+0.005*[#   5]
    |psi|^2 = 0.011
==== e(   8) =     7.06111 eV ==== 
     psi = 0.002*[#   3]+0.002*[#   4]+0.002*[#   7]+0.002*[#   8]
    |psi|^2 = 0.010

 k =   0.0454545455  0.0787295822  0.0000000000
==== e(   1) =   -23.63250 eV ==== 
     psi = 0.466*[#   1]+0.466*[#   5]+0.013*[#   3]+0.013*[#   4]+0.013*[#   7]
          +0.013*[#   8]
    |psi|^2 = 0.984
==== e(   2) =   -11.69261 eV ==== 
     psi = 0.475*[#   2]+0.475*[#   6]
    |psi|^2 = 0.950
==== e(   3) =    -7.87409 eV ==== 
     psi = 0.242*[#   3]+0.242*[#   4]+0.242*[#   7]+0.242*[#   8]+0.014*[#   1]
          +0.014*[#   5]
    |psi|^2 = 0.998
==== e(   4) =    -7.62004 eV ==== 
     psi = 0.249*[#   3]+0.249*[#   4]+0.249*[#   7]+0.249*[#   8]
    |psi|^2 = 0.997
==== e(   5) =    -0.75041 eV ==== 
     psi = 0.004*[#   3]+0.004*[#   4]+0.004*[#   7]+0.004*[#   8]+0.002*[#   1]
          +0.002*[#   5]
    |psi|^2 = 0.020
==== e(   6) =     0.15488 eV ==== 
     psi = 0.013*[#   2]+0.013*[#   6]
    |psi|^2 = 0.026
==== e(   7) =     1.95335 eV ==== 

    |psi|^2 = 0.003
==== e(   8) =     2.86199 eV ==== 
     psi = 0.007*[#   2]+0.007*[#   6]
    |psi|^2 = 0.014

 k =   0.0454545455  0.0962250449  0.0000000000
==== e(   1) =   -23.57842 eV ==== 
     psi = 0.458*[#   1]+0.458*[#   5]+0.017*[#   3]+0.017*[#   4]+0.017*[#   7]
          +0.017*[#   8]
    |psi|^2 = 0.984
==== e(   2) =   -11.62791 eV ==== 
     psi = 0.476*[#   2]+0.476*[#   6]
    |psi|^2 = 0.952
==== e(   3) =    -8.06961 eV ==== 
     psi = 0.240*[#   3]+0.240*[#   4]+0.240*[#   7]+0.240*[#   8]+0.019*[#   1]
          +0.019*[#   5]
    |psi|^2 = 0.998
==== e(   4) =    -7.73299 eV ==== 
     psi = 0.249*[#   3]+0.249*[#   4]+0.249*[#   7]+0.249*[#   8]+0.001*[#   1]
          +0.001*[#   5]
    |psi|^2 = 0.997
==== e(   5) =    -0.67690 eV ==== 
     psi = 0.005*[#   3]+0.005*[#   4]+0.005*[#   7]+0.005*[#   8]+0.001*[#   1]
          +0.001*[#   5]
    |psi|^2 = 0.023
==== e(   6) =     0.22901 eV ==== 
     psi = 0.012*[#   2]+0.012*[#   6]
    |psi|^2 = 0.025
==== e(   7) =     2.02730 eV ==== 

    |psi|^2 = 0.004
==== e(   8) =     2.93541 eV ==== 
     psi = 0.007*[#   2]+0.007*[#   6]
    |psi|^2 = 0.013

 k =   0.0454545455  0.1137205076  0.0000000000
==== e(   1) =   -23.51357 eV ==== 
     psi = 0.448*[#   1]+0.448*[#   5]+0.022*[#   3]+0.022*[#   4]+0.022*[#   7]
          +0.022*[#   8]
    |psi|^2 = 0.984
==== e(   2) =   -11.55039 eV ==== 
     psi = 0.477*[#   2]+0.477*[#   6]
    |psi|^2 = 0.954
==== e(   3) =    -8.29718 eV ==== 
     psi = 0.237*[#   3]+0.237*[#   4]+0.237*[#   7]+0.237*[#   8]+0.024*[#   1]
          +0.024*[#   5]
    |psi|^2 = 0.997
==== e(   4) =    -7.86206 eV ==== 
     psi = 0.248*[#   3]+0.248*[#   4]+0.248*[#   7]+0.248*[#   8]+0.002*[#   1]
          +0.002*[#   5]
    |psi|^2 = 0.997
==== e(   5) =    -0.58868 eV ==== 
     psi = 0.006*[#   3]+0.006*[#   4]+0.006*[#   7]+0.006*[#   8]
    |psi|^2 = 0.027
==== e(   6) =     0.31792 eV ==== 
     psi = 0.012*[#   2]+0.012*[#   6]
    |psi|^2 = 0.024
==== e(   7) =     2.11605 eV ==== 

    |psi|^2 = 0.004
==== e(   8) =     3.02345 eV ==== 
     psi = 0.006*[#   2]+0.006*[#   6]
    |psi|^2 = 0.013

 k =   0.0454545455  0.1312159703  0.0000000000
==== e(   1) =   -23.43797 eV ==== 
     psi = 0.438*[#   1]+0.438*[#   5]+0.027*[#   3]+0.027*[#   4]+0.027*[#   7]
          +0.027*[#   8]
    |psi|^2 = 0.984
==== e(   2) =   -11.46013 eV ==== 
     psi = 0.478*[#   2]+0.478*[#   6]
    |psi|^2 = 0.956
==== e(   3) =    -8.55403 eV ==== 
     psi = 0.234*[#   3]+0.234*[#   4]+0.234*[#   7]+0.234*[#   8]+0.030*[#   1]
          +0.030*[#   5]
    |psi|^2 = 0.997
==== e(   4) =    -8.00417 eV ==== 
     psi = 0.248*[#   3]+0.248*[#   4]+0.248*[#   7]+0.248*[#   8]+0.002*[#   1]
          +0.002*[#   5]
    |psi|^2 = 0.997
==== e(   5) =    -0.48576 eV ==== 
     psi = 0.007*[#   3]+0.007*[#   4]+0.007*[#   7]+0.007*[#   8]
    |psi|^2 = 0.030
==== e(   6) =     0.42161 eV ==== 
     psi = 0.011*[#   2]+0.011*[#   6]
    |psi|^2 = 0.023
==== e(   7) =     2.21959 eV ==== 

    |psi|^2 = 0.004
==== e(   8) =     3.12607 eV ==== 
     psi = 0.006*[#   2]+0.006*[#   6]
    |psi|^2 = 0.012

 k =   0.0454545455  0.1487114330  0.0000000000
==== e(   1) =   -23.35165 eV ==== 
     psi = 0.427*[#   1]+0.427*[#   5]+0.032*[#   3]+0.032*[#   4]+0.032*[#   7]
          +0.032*[#   8]
    |psi|^2 = 0.983
==== e(   2) =   -11.35720 eV ==== 
     psi = 0.479*[#   2]+0.479*[#   6]
    |psi|^2 = 0.958
==== e(   3) =    -8.83711 eV ==== 
     psi = 0.231*[#   3]+0.231*[#   4]+0.231*[#   7]+0.231*[#   8]+0.036*[#   1]
          +0.036*[#   5]
    |psi|^2 = 0.997
==== e(   4) =    -8.15640 eV ==== 
     psi = 0.248*[#   3]+0.248*[#   4]+0.248*[#   7]+0.248*[#   8]+0.003*[#   1]
          +0.003*[#   5]
    |psi|^2 = 0.996
==== e(   5) =    -0.36814 eV ==== 
     psi = 0.008*[#   3]+0.008*[#   4]+0.008*[#   7]+0.008*[#   8]
    |psi|^2 = 0.034
==== e(   6) =     0.54003 eV ==== 
     psi = 0.011*[#   2]+0.011*[#   6]
    |psi|^2 = 0.022
==== e(   7) =     2.33789 eV ==== 

    |psi|^2 = 0.004
==== e(   8) =     3.24319 eV ==== 
     psi = 0.006*[#   2]+0.006*[#   6]
    |psi|^2 = 0.011

 k =   0.0454545455  0.1662068957  0.0000000000
==== e(   1) =   -23.25463 eV ==== 
     psi = 0.416*[#   1]+0.416*[#   5]+0.038*[#   3]+0.038*[#   4]+0.038*[#   7]
          +0.038*[#   8]
    |psi|^2 = 0.983
==== e(   2) =   -11.24171 eV ==== 
     psi = 0.480*[#   2]+0.480*[#   6]
    |psi|^2 = 0.960
==== e(   3) =    -9.14334 eV ==== 
     psi = 0.228*[#   3]+0.228*[#   4]+0.228*[#   7]+0.228*[#   8]+0.043*[#   1]
          +0.043*[#   5]
    |psi|^2 = 0.996
==== e(   4) =    -8.31606 eV ==== 
     psi = 0.248*[#   3]+0.248*[#   4]+0.248*[#   7]+0.248*[#   8]+0.003*[#   1]
          +0.003*[#   5]
    |psi|^2 = 0.996
==== e(   5) =    -0.23584 eV ==== 
     psi = 0.009*[#   3]+0.009*[#   4]+0.009*[#   7]+0.009*[#   8]
    |psi|^2 = 0.036
==== e(   6) =     0.67314 eV ==== 
     psi = 0.010*[#   2]+0.010*[#   6]
    |psi|^2 = 0.021
==== e(   7) =     2.47092 eV ==== 

    |psi|^2 = 0.004
==== e(   8) =     3.37468 eV ==== 
     psi = 0.005*[#   2]+0.005*[#   6]
    |psi|^2 = 0.011

 k =   0.0454545455  0.1837023584  0.0000000000
==== e(   1) =   -23.14696 eV ==== 
     psi = 0.405*[#   1]+0.405*[#   5]+0.043*[#   3]+0.043*[#   4]+0.043*[#   7]
          +0.043*[#   8]
    |psi|^2 = 0.983
==== e(   2) =   -11.11379 eV ==== 
     psi = 0.481*[#   2]+0.481*[#   6]
    |psi|^2 = 0.963
==== e(   3) =    -9.46964 eV ==== 
     psi = 0.224*[#   3]+0.224*[#   4]+0.224*[#   7]+0.224*[#   8]+0.050*[#   1]
          +0.050*[#   5]
    |psi|^2 = 0.996
==== e(   4) =    -8.48072 eV ==== 
     psi = 0.247*[#   3]+0.247*[#   4]+0.247*[#   7]+0.247*[#   8]+0.003*[#   1]
          +0.003*[#   5]
    |psi|^2 = 0.996
==== e(   5) =    -0.08886 eV ==== 
     psi = 0.010*[#   3]+0.010*[#   4]+0.010*[#   7]+0.010*[#   8]
    |psi|^2 = 0.038
==== e(   6) =     0.82088 eV ==== 
     psi = 0.010*[#   2]+0.010*[#   6]
    |psi|^2 = 0.019
==== e(   7) =     2.61862 eV ==== 

    |psi|^2 = 0.004
==== e(   8) =     3.52029 eV ==== 
     psi = 0.005*[#   2]+0.005*[#   6]
    |psi|^2 = 0.011

 k =   0.0454545455  0.2011978211  0.0000000000
==== e(   1) =   -23.02868 eV ==== 
     psi = 0.393*[#   1]+0.393*[#   5]+0.049*[#   3]+0.049*[#   4]+0.049*[#   7]
          +0.049*[#   8]
    |psi|^2 = 0.983
==== e(   2) =   -10.97357 eV ==== 
     psi = 0.483*[#   2]+0.483*[#   6]
    |psi|^2 = 0.965
==== e(   3) =    -9.81308 eV ==== 
     psi = 0.220*[#   3]+0.220*[#   4]+0.220*[#   7]+0.220*[#   8]+0.057*[#   1]
          +0.057*[#   5]
    |psi|^2 = 0.995
==== e(   4) =    -8.64821 eV ==== 
     psi = 0.247*[#   3]+0.247*[#   4]+0.247*[#   7]+0.247*[#   8]+0.004*[#   1]
          +0.004*[#   5]
    |psi|^2 = 0.996
==== e(   5) =     0.07277 eV ==== 
     psi = 0.010*[#   3]+0.010*[#   4]+0.010*[#   7]+0.010*[#   8]
    |psi|^2 = 0.040
==== e(   6) =     0.98318 eV ==== 
     psi = 0.009*[#   2]+0.009*[#   6]
    |psi|^2 = 0.018
==== e(   7) =     2.78088 eV ==== 

    |psi|^2 = 0.004
==== e(   8) =     3.67933 eV ==== 
     psi = 0.006*[#   2]+0.006*[#   6]
    |psi|^2 = 0.011

 k =   0.0454545455  0.2186932838  0.0000000000
==== e(   1) =   -22.89984 eV ==== 
     psi = 0.382*[#   1]+0.382*[#   5]+0.054*[#   3]+0.054*[#   4]+0.054*[#   7]
          +0.054*[#   8]
    |psi|^2 = 0.982
==== e(   2) =   -10.82123 eV ==== 
     psi = 0.484*[#   2]+0.484*[#   6]
    |psi|^2 = 0.968
==== e(   3) =   -10.17089 eV ==== 
     psi = 0.217*[#   3]+0.217*[#   4]+0.217*[#   7]+0.217*[#   8]+0.064*[#   1]
          +0.064*[#   5]
    |psi|^2 = 0.995
==== e(   4) =    -8.81663 eV ==== 
     psi = 0.247*[#   3]+0.247*[#   4]+0.247*[#   7]+0.247*[#   8]+0.004*[#   1]
          +0.004*[#   5]
    |psi|^2 = 0.996
==== e(   5) =     0.24903 eV ==== 
     psi = 0.010*[#   3]+0.010*[#   4]+0.010*[#   7]+0.010*[#   8]
    |psi|^2 = 0.040
==== e(   6) =     1.15987 eV ==== 
     psi = 0.008*[#   2]+0.008*[#   6]
    |psi|^2 = 0.017
==== e(   7) =     2.95751 eV ==== 
     psi = 0.001*[#   1]+0.001*[#   5]
    |psi|^2 = 0.004
==== e(   8) =     3.84891 eV ==== 
     psi = 0.010*[#   2]+0.010*[#   6]
    |psi|^2 = 0.020

 k =   0.0454545455  0.2361887465  0.0000000000
==== e(   1) =   -22.76048 eV ==== 
     psi = 0.372*[#   1]+0.372*[#   5]+0.060*[#   3]+0.060*[#   4]+0.060*[#   7]
          +0.060*[#   8]
    |psi|^2 = 0.982
==== e(   2) =   -10.65695 eV ==== 
     psi = 0.486*[#   2]+0.486*[#   6]
    |psi|^2 = 0.971
==== e(   3) =   -10.54050 eV ==== 
     psi = 0.213*[#   3]+0.213*[#   4]+0.213*[#   7]+0.213*[#   8]+0.071*[#   1]
          +0.071*[#   5]
    |psi|^2 = 0.994
==== e(   4) =    -8.98430 eV ==== 
     psi = 0.247*[#   3]+0.247*[#   4]+0.247*[#   7]+0.247*[#   8]+0.004*[#   1]
          +0.004*[#   5]
    |psi|^2 = 0.996
==== e(   5) =     0.43989 eV ==== 
     psi = 0.010*[#   3]+0.010*[#   4]+0.010*[#   7]+0.010*[#   8]
    |psi|^2 = 0.040
==== e(   6) =     1.35072 eV ==== 
     psi = 0.008*[#   2]+0.008*[#   6]
    |psi|^2 = 0.016
==== e(   7) =     3.14816 eV ==== 
     psi = 0.002*[#   1]+0.002*[#   5]
    |psi|^2 = 0.004
==== e(   8) =     3.98690 eV ==== 
     psi = 0.147*[#   2]+0.147*[#   6]
    |psi|^2 = 0.293

 k =   0.0454545455  0.2536842092  0.0000000000
==== e(   1) =   -22.61068 eV ==== 
     psi = 0.361*[#   1]+0.361*[#   5]+0.065*[#   3]+0.065*[#   4]+0.065*[#   7]
          +0.065*[#   8]
    |psi|^2 = 0.982
==== e(   2) =   -10.91960 eV ==== 
     psi = 0.209*[#   3]+0.209*[#   4]+0.209*[#   7]+0.209*[#   8]+0.078*[#   1]
          +0.078*[#   5]
    |psi|^2 = 0.994
==== e(   3) =   -10.48098 eV ==== 
     psi = 0.487*[#   2]+0.487*[#   6]
    |psi|^2 = 0.974
==== e(   4) =    -9.14975 eV ==== 
     psi = 0.247*[#   3]+0.247*[#   4]+0.247*[#   7]+0.247*[#   8]+0.004*[#   1]
          +0.004*[#   5]
    |psi|^2 = 0.996
==== e(   5) =     0.64531 eV ==== 
     psi = 0.010*[#   3]+0.010*[#   4]+0.010*[#   7]+0.010*[#   8]
    |psi|^2 = 0.039
==== e(   6) =     1.55520 eV ==== 
     psi = 0.008*[#   2]+0.008*[#   6]
    |psi|^2 = 0.015
==== e(   7) =     3.35200 eV ==== 
     psi = 0.003*[#   1]+0.003*[#   5]
    |psi|^2 = 0.007
==== e(   8) =     3.72669 eV ==== 
     psi = 0.460*[#   2]+0.460*[#   6]
    |psi|^2 = 0.919

 k =   0.0454545455  0.2711796719  0.0000000000
==== e(   1) =   -22.45050 eV ==== 
     psi = 0.351*[#   1]+0.351*[#   5]+0.070*[#   3]+0.070*[#   4]+0.070*[#   7]
          +0.070*[#   8]
    |psi|^2 = 0.982
==== e(   2) =   -11.30607 eV ==== 
     psi = 0.206*[#   3]+0.206*[#   4]+0.206*[#   7]+0.206*[#   8]+0.085*[#   1]
          +0.085*[#   5]
    |psi|^2 = 0.993
==== e(   3) =   -10.29360 eV ==== 
     psi = 0.488*[#   2]+0.488*[#   6]
    |psi|^2 = 0.977
==== e(   4) =    -9.31170 eV ==== 
     psi = 0.247*[#   3]+0.247*[#   4]+0.247*[#   7]+0.247*[#   8]+0.004*[#   1]
          +0.004*[#   5]
    |psi|^2 = 0.996
==== e(   5) =     0.86526 eV ==== 
     psi = 0.009*[#   3]+0.009*[#   4]+0.009*[#   7]+0.009*[#   8]
    |psi|^2 = 0.037
==== e(   6) =     1.77200 eV ==== 
     psi = 0.009*[#   2]+0.009*[#   6]
    |psi|^2 = 0.017
==== e(   7) =     3.34933 eV ==== 
     psi = 0.471*[#   2]+0.471*[#   6]
    |psi|^2 = 0.942
==== e(   8) =     3.56656 eV ==== 
     psi = 0.007*[#   1]+0.007*[#   5]
    |psi|^2 = 0.018

 k =   0.0454545455  0.2886751346  0.0000000000
==== e(   1) =   -22.28003 eV ==== 
     psi = 0.342*[#   1]+0.342*[#   5]+0.075*[#   3]+0.075*[#   4]+0.075*[#   7]
          +0.075*[#   8]
    |psi|^2 = 0.982
==== e(   2) =   -11.69799 eV ==== 
     psi = 0.202*[#   3]+0.202*[#   4]+0.202*[#   7]+0.202*[#   8]+0.092*[#   1]
          +0.092*[#   5]
    |psi|^2 = 0.993
==== e(   3) =   -10.09512 eV ==== 
     psi = 0.490*[#   2]+0.490*[#   6]
    |psi|^2 = 0.979
==== e(   4) =    -9.46905 eV ==== 
     psi = 0.247*[#   3]+0.247*[#   4]+0.247*[#   7]+0.247*[#   8]+0.005*[#   1]
          +0.005*[#   5]
    |psi|^2 = 0.996
==== e(   5) =     1.09969 eV ==== 
     psi = 0.009*[#   3]+0.009*[#   4]+0.009*[#   7]+0.009*[#   8]
    |psi|^2 = 0.034
==== e(   6) =     1.99637 eV ==== 
     psi = 0.015*[#   2]+0.015*[#   6]
    |psi|^2 = 0.030
==== e(   7) =     2.96344 eV ==== 
     psi = 0.466*[#   2]+0.466*[#   6]
    |psi|^2 = 0.932
==== e(   8) =     3.78113 eV ==== 
     psi = 0.028*[#   1]+0.028*[#   5]+0.007*[#   3]+0.007*[#   4]+0.007*[#   7]
          +0.007*[#   8]
    |psi|^2 = 0.084

 k =   0.0454545455  0.3061705973  0.0000000000
==== e(   1) =   -22.09934 eV ==== 
     psi = 0.333*[#   1]+0.333*[#   5]+0.079*[#   3]+0.079*[#   4]+0.079*[#   7]
          +0.079*[#   8]
    |psi|^2 = 0.982
==== e(   2) =   -12.09366 eV ==== 
     psi = 0.199*[#   3]+0.199*[#   4]+0.199*[#   7]+0.199*[#   8]+0.098*[#   1]
          +0.098*[#   5]
    |psi|^2 = 0.992
==== e(   3) =    -9.88594 eV ==== 
     psi = 0.491*[#   2]+0.491*[#   6]
    |psi|^2 = 0.982
==== e(   4) =    -9.62083 eV ==== 
     psi = 0.247*[#   3]+0.247*[#   4]+0.247*[#   7]+0.247*[#   8]+0.005*[#   1]
          +0.005*[#   5]
    |psi|^2 = 0.996
==== e(   5) =     1.34851 eV ==== 
     psi = 0.008*[#   3]+0.008*[#   4]+0.008*[#   7]+0.008*[#   8]
    |psi|^2 = 0.031
==== e(   6) =     2.19259 eV ==== 
     psi = 0.087*[#   2]+0.087*[#   6]
    |psi|^2 = 0.174
==== e(   7) =     2.61131 eV ==== 
     psi = 0.393*[#   2]+0.393*[#   6]
    |psi|^2 = 0.787
==== e(   8) =     3.92738 eV ==== 
     psi = 0.141*[#   1]+0.141*[#   5]+0.054*[#   3]+0.054*[#   4]+0.054*[#   7]
          +0.054*[#   8]
    |psi|^2 = 0.498

 k =   0.0454545455  0.3236660600  0.0000000000
==== e(   1) =   -21.90855 eV ==== 
     psi = 0.324*[#   1]+0.324*[#   5]+0.083*[#   3]+0.083*[#   4]+0.083*[#   7]
          +0.083*[#   8]
    |psi|^2 = 0.982
==== e(   2) =   -12.49154 eV ==== 
     psi = 0.196*[#   3]+0.196*[#   4]+0.196*[#   7]+0.196*[#   8]+0.104*[#   1]
          +0.104*[#   5]
    |psi|^2 = 0.992
==== e(   3) =    -9.76620 eV ==== 
     psi = 0.247*[#   3]+0.247*[#   4]+0.247*[#   7]+0.247*[#   8]+0.005*[#   1]
          +0.005*[#   5]
    |psi|^2 = 0.996
==== e(   4) =    -9.66655 eV ==== 
     psi = 0.492*[#   2]+0.492*[#   6]
    |psi|^2 = 0.984
==== e(   5) =     1.61163 eV ==== 
     psi = 0.007*[#   3]+0.007*[#   4]+0.007*[#   7]+0.007*[#   8]
    |psi|^2 = 0.028
==== e(   6) =     2.05516 eV ==== 
     psi = 0.414*[#   2]+0.414*[#   6]
    |psi|^2 = 0.829
==== e(   7) =     2.60131 eV ==== 
     psi = 0.065*[#   2]+0.065*[#   6]
    |psi|^2 = 0.131
==== e(   8) =     3.92690 eV ==== 
     psi = 0.224*[#   1]+0.224*[#   5]+0.087*[#   3]+0.087*[#   4]+0.087*[#   7]
          +0.087*[#   8]
    |psi|^2 = 0.796

 k =   0.0454545455  0.3411615227  0.0000000000
==== e(   1) =   -21.70778 eV ==== 
     psi = 0.316*[#   1]+0.316*[#   5]+0.088*[#   3]+0.088*[#   4]+0.088*[#   7]
          +0.088*[#   8]
    |psi|^2 = 0.982
==== e(   2) =   -12.89024 eV ==== 
     psi = 0.193*[#   3]+0.193*[#   4]+0.193*[#   7]+0.193*[#   8]+0.111*[#   1]
          +0.111*[#   5]
    |psi|^2 = 0.992
==== e(   3) =    -9.90444 eV ==== 
     psi = 0.247*[#   3]+0.247*[#   4]+0.247*[#   7]+0.247*[#   8]+0.005*[#   1]
          +0.005*[#   5]
    |psi|^2 = 0.996
==== e(   4) =    -9.43751 eV ==== 
     psi = 0.493*[#   2]+0.493*[#   6]
    |psi|^2 = 0.987
==== e(   5) =     1.67212 eV ==== 
     psi = 0.460*[#   2]+0.460*[#   6]
    |psi|^2 = 0.920
==== e(   6) =     1.88890 eV ==== 
     psi = 0.006*[#   3]+0.006*[#   4]+0.006*[#   7]+0.006*[#   8]
    |psi|^2 = 0.024
==== e(   7) =     2.84768 eV ==== 
     psi = 0.019*[#   2]+0.019*[#   6]
    |psi|^2 = 0.038
==== e(   8) =     3.88290 eV ==== 
     psi = 0.249*[#   1]+0.249*[#   5]+0.089*[#   3]+0.089*[#   4]+0.089*[#   7]
          +0.089*[#   8]
    |psi|^2 = 0.856

 k =   0.0454545455  0.3586569854  0.0000000000
==== e(   1) =   -21.49716 eV ==== 
     psi = 0.308*[#   1]+0.308*[#   5]+0.091*[#   3]+0.091*[#   4]+0.091*[#   7]
          +0.091*[#   8]
    |psi|^2 = 0.982
==== e(   2) =   -13.28851 eV ==== 
     psi = 0.190*[#   3]+0.190*[#   4]+0.190*[#   7]+0.190*[#   8]+0.116*[#   1]
          +0.116*[#   5]
    |psi|^2 = 0.991
==== e(   3) =   -10.03492 eV ==== 
     psi = 0.247*[#   3]+0.247*[#   4]+0.247*[#   7]+0.247*[#   8]+0.005*[#   1]
          +0.005*[#   5]
    |psi|^2 = 0.996
==== e(   4) =    -9.19956 eV ==== 
     psi = 0.494*[#   2]+0.494*[#   6]
    |psi|^2 = 0.989
==== e(   5) =     1.26349 eV ==== 
     psi = 0.468*[#   2]+0.468*[#   6]
    |psi|^2 = 0.935
==== e(   6) =     2.18008 eV ==== 
     psi = 0.005*[#   3]+0.005*[#   4]+0.005*[#   7]+0.005*[#   8]
    |psi|^2 = 0.020
==== e(   7) =     3.13251 eV ==== 
     psi = 0.011*[#   2]+0.011*[#   6]
    |psi|^2 = 0.021
==== e(   8) =     3.83179 eV ==== 
     psi = 0.264*[#   1]+0.264*[#   5]+0.087*[#   3]+0.087*[#   4]+0.087*[#   7]
          +0.087*[#   8]
    |psi|^2 = 0.877

 k =   0.0454545455  0.3761524481  0.0000000000
==== e(   1) =   -21.27688 eV ==== 
     psi = 0.301*[#   1]+0.301*[#   5]+0.095*[#   3]+0.095*[#   4]+0.095*[#   7]
          +0.095*[#   8]
    |psi|^2 = 0.982
==== e(   2) =   -13.68519 eV ==== 
     psi = 0.187*[#   3]+0.187*[#   4]+0.187*[#   7]+0.187*[#   8]+0.122*[#   1]
          +0.122*[#   5]
    |psi|^2 = 0.991
==== e(   3) =   -10.15709 eV ==== 
     psi = 0.247*[#   3]+0.247*[#   4]+0.247*[#   7]+0.247*[#   8]+0.005*[#   1]
          +0.005*[#   5]
    |psi|^2 = 0.996
==== e(   4) =    -8.95360 eV ==== 
     psi = 0.495*[#   2]+0.495*[#   6]
    |psi|^2 = 0.990
==== e(   5) =     0.85064 eV ==== 
     psi = 0.470*[#   2]+0.470*[#   6]
    |psi|^2 = 0.940
==== e(   6) =     2.48467 eV ==== 
     psi = 0.004*[#   3]+0.004*[#   4]+0.004*[#   7]+0.004*[#   8]+0.001*[#   1]
          +0.001*[#   5]
    |psi|^2 = 0.017
==== e(   7) =     3.43659 eV ==== 
     psi = 0.007*[#   2]+0.007*[#   6]
    |psi|^2 = 0.015
==== e(   8) =     3.78064 eV ==== 
     psi = 0.276*[#   1]+0.276*[#   5]+0.084*[#   3]+0.084*[#   4]+0.084*[#   7]
          +0.084*[#   8]
    |psi|^2 = 0.887

 k =   0.0454545455  0.3936479108  0.0000000000
==== e(   1) =   -21.04713 eV ==== 
     psi = 0.294*[#   1]+0.294*[#   5]+0.099*[#   3]+0.099*[#   4]+0.099*[#   7]
          +0.099*[#   8]
    |psi|^2 = 0.982
==== e(   2) =   -14.07923 eV ==== 
     psi = 0.184*[#   3]+0.184*[#   4]+0.184*[#   7]+0.184*[#   8]+0.127*[#   1]
          +0.127*[#   5]
    |psi|^2 = 0.990
==== e(   3) =   -10.27048 eV ==== 
     psi = 0.247*[#   3]+0.247*[#   4]+0.247*[#   7]+0.247*[#   8]+0.005*[#   1]
          +0.005*[#   5]
    |psi|^2 = 0.996
==== e(   4) =    -8.70076 eV ==== 
     psi = 0.496*[#   2]+0.496*[#   6]
    |psi|^2 = 0.992
==== e(   5) =     0.43915 eV ==== 
     psi = 0.472*[#   2]+0.472*[#   6]
    |psi|^2 = 0.943
==== e(   6) =     2.80150 eV ==== 
     psi = 0.003*[#   1]+0.003*[#   5]+0.002*[#   3]+0.002*[#   4]+0.002*[#   7]
          +0.002*[#   8]
    |psi|^2 = 0.015
==== e(   7) =     3.73288 eV ==== 
     psi = 0.285*[#   1]+0.285*[#   5]+0.080*[#   3]+0.080*[#   4]+0.080*[#   7]
          +0.080*[#   8]
    |psi|^2 = 0.891
==== e(   8) =     3.75660 eV ==== 
     psi = 0.006*[#   2]+0.006*[#   6]
    |psi|^2 = 0.011

 k =   0.0454545455  0.4111433735  0.0000000000
==== e(   1) =   -20.80819 eV ==== 
     psi = 0.288*[#   1]+0.288*[#   5]+0.102*[#   3]+0.102*[#   4]+0.102*[#   7]
          +0.102*[#   8]
    |psi|^2 = 0.983
==== e(   2) =   -14.46963 eV ==== 
     psi = 0.181*[#   3]+0.181*[#   4]+0.181*[#   7]+0.181*[#   8]+0.132*[#   1]
          +0.132*[#   5]
    |psi|^2 = 0.990
==== e(   3) =   -10.37469 eV ==== 
     psi = 0.247*[#   3]+0.247*[#   4]+0.247*[#   7]+0.247*[#   8]+0.005*[#   1]
          +0.005*[#   5]
    |psi|^2 = 0.996
==== e(   4) =    -8.44254 eV ==== 
     psi = 0.497*[#   2]+0.497*[#   6]
    |psi|^2 = 0.993
==== e(   5) =     0.03259 eV ==== 
     psi = 0.472*[#   2]+0.472*[#   6]
    |psi|^2 = 0.945
==== e(   6) =     3.12634 eV ==== 
     psi = 0.011*[#   1]+0.011*[#   5]
    |psi|^2 = 0.025
==== e(   7) =     3.69382 eV ==== 
     psi = 0.286*[#   1]+0.286*[#   5]+0.077*[#   3]+0.077*[#   4]+0.077*[#   7]
          +0.077*[#   8]
    |psi|^2 = 0.881
==== e(   8) =     4.09139 eV ==== 
     psi = 0.005*[#   2]+0.005*[#   6]
    |psi|^2 = 0.009

 k =   0.0454545455  0.4286388362  0.0000000000
==== e(   1) =   -20.56039 eV ==== 
     psi = 0.282*[#   1]+0.282*[#   5]+0.105*[#   3]+0.105*[#   4]+0.105*[#   7]
          +0.105*[#   8]
    |psi|^2 = 0.983
==== e(   2) =   -14.85538 eV ==== 
     psi = 0.179*[#   3]+0.179*[#   4]+0.179*[#   7]+0.179*[#   8]+0.137*[#   1]
          +0.137*[#   5]
    |psi|^2 = 0.989
==== e(   3) =   -10.46936 eV ==== 
     psi = 0.247*[#   3]+0.247*[#   4]+0.247*[#   7]+0.247*[#   8]+0.005*[#   1]
          +0.005*[#   5]
    |psi|^2 = 0.996
==== e(   4) =    -8.18087 eV ==== 
     psi = 0.497*[#   2]+0.497*[#   6]
    |psi|^2 = 0.994
==== e(   5) =    -0.36572 eV ==== 
     psi = 0.473*[#   2]+0.473*[#   6]
    |psi|^2 = 0.946
==== e(   6) =     3.42930 eV ==== 
     psi = 0.080*[#   1]+0.080*[#   5]+0.007*[#   3]+0.007*[#   4]+0.007*[#   7]
          +0.007*[#   8]
    |psi|^2 = 0.187
==== e(   7) =     3.69403 eV ==== 
     psi = 0.226*[#   1]+0.226*[#   5]+0.067*[#   3]+0.067*[#   4]+0.067*[#   7]
          +0.067*[#   8]
    |psi|^2 = 0.719
==== e(   8) =     4.44039 eV ==== 
     psi = 0.004*[#   2]+0.004*[#   6]
    |psi|^2 = 0.008

 k =   0.0454545455  0.4461342989  0.0000000000
==== e(   1) =   -20.30422 eV ==== 
     psi = 0.277*[#   1]+0.277*[#   5]+0.107*[#   3]+0.107*[#   4]+0.107*[#   7]
          +0.107*[#   8]
    |psi|^2 = 0.984
==== e(   2) =   -15.23547 eV ==== 
     psi = 0.177*[#   3]+0.177*[#   4]+0.177*[#   7]+0.177*[#   8]+0.141*[#   1]
          +0.141*[#   5]
    |psi|^2 = 0.989
==== e(   3) =   -10.55420 eV ==== 
     psi = 0.246*[#   3]+0.246*[#   4]+0.246*[#   7]+0.246*[#   8]+0.005*[#   1]
          +0.005*[#   5]
    |psi|^2 = 0.996
==== e(   4) =    -7.91835 eV ==== 
     psi = 0.498*[#   2]+0.498*[#   6]
    |psi|^2 = 0.995
==== e(   5) =    -0.75209 eV ==== 
     psi = 0.474*[#   2]+0.474*[#   6]
    |psi|^2 = 0.947
==== e(   6) =     3.53747 eV ==== 
     psi = 0.276*[#   1]+0.276*[#   5]+0.049*[#   3]+0.049*[#   4]+0.049*[#   7]
          +0.049*[#   8]
    |psi|^2 = 0.748
==== e(   7) =     3.90686 eV ==== 
     psi = 0.037*[#   1]+0.037*[#   5]+0.021*[#   3]+0.021*[#   4]+0.021*[#   7]
          +0.021*[#   8]
    |psi|^2 = 0.157
==== e(   8) =     4.80315 eV ==== 
     psi = 0.003*[#   2]+0.003*[#   6]
    |psi|^2 = 0.007

 k =   0.0454545455  0.4636297616  0.0000000000
==== e(   1) =   -20.04036 eV ==== 
     psi = 0.273*[#   1]+0.273*[#   5]+0.110*[#   3]+0.110*[#   4]+0.110*[#   7]
          +0.110*[#   8]
    |psi|^2 = 0.984
==== e(   2) =   -15.60872 eV ==== 
     psi = 0.175*[#   3]+0.175*[#   4]+0.175*[#   7]+0.175*[#   8]+0.145*[#   1]
          +0.145*[#   5]
    |psi|^2 = 0.988
==== e(   3) =   -10.62894 eV ==== 
     psi = 0.246*[#   3]+0.246*[#   4]+0.246*[#   7]+0.246*[#   8]+0.005*[#   1]
          +0.005*[#   5]
    |psi|^2 = 0.996
==== e(   4) =    -7.65849 eV ==== 
     psi = 0.498*[#   2]+0.498*[#   6]
    |psi|^2 = 0.996
==== e(   5) =    -1.12211 eV ==== 
     psi = 0.474*[#   2]+0.474*[#   6]
    |psi|^2 = 0.948
==== e(   6) =     3.52282 eV ==== 
     psi = 0.311*[#   1]+0.311*[#   5]+0.057*[#   3]+0.057*[#   4]+0.057*[#   7]
          +0.057*[#   8]
    |psi|^2 = 0.851
==== e(   7) =     4.26063 eV ==== 
     psi = 0.009*[#   3]+0.009*[#   4]+0.009*[#   7]+0.009*[#   8]+0.009*[#   1]
          +0.009*[#   5]
    |psi|^2 = 0.053
==== e(   8) =     5.17927 eV ==== 
     psi = 0.003*[#   2]+0.003*[#   6]
    |psi|^2 = 0.006

 k =   0.0454545455  0.4811252243  0.0000000000
==== e(   1) =   -19.76988 eV ==== 
     psi = 0.270*[#   1]+0.270*[#   5]+0.111*[#   3]+0.111*[#   4]+0.111*[#   7]
          +0.111*[#   8]
    |psi|^2 = 0.985
==== e(   2) =   -15.97366 eV ==== 
     psi = 0.173*[#   3]+0.173*[#   4]+0.173*[#   7]+0.173*[#   8]+0.147*[#   1]
          +0.147*[#   5]
    |psi|^2 = 0.987
==== e(   3) =   -10.69338 eV ==== 
     psi = 0.246*[#   3]+0.246*[#   4]+0.246*[#   7]+0.246*[#   8]+0.005*[#   1]
          +0.005*[#   5]
    |psi|^2 = 0.996
==== e(   4) =    -7.40612 eV ==== 
     psi = 0.498*[#   2]+0.498*[#   6]
    |psi|^2 = 0.996
==== e(   5) =    -1.47023 eV ==== 
     psi = 0.475*[#   2]+0.475*[#   6]
    |psi|^2 = 0.949
==== e(   6) =     3.49690 eV ==== 
     psi = 0.322*[#   1]+0.322*[#   5]+0.057*[#   3]+0.057*[#   4]+0.057*[#   7]
          +0.057*[#   8]
    |psi|^2 = 0.874
==== e(   7) =     4.64391 eV ==== 
     psi = 0.006*[#   3]+0.006*[#   4]+0.006*[#   7]+0.006*[#   8]+0.003*[#   1]
          +0.003*[#   5]
    |psi|^2 = 0.029
==== e(   8) =     5.56826 eV ==== 
     psi = 0.003*[#   2]+0.003*[#   6]
    |psi|^2 = 0.006

 k =   0.0454545455  0.4986206870  0.0000000000
==== e(   1) =   -19.49464 eV ==== 
     psi = 0.268*[#   1]+0.268*[#   5]+0.112*[#   3]+0.112*[#   4]+0.112*[#   7]
          +0.112*[#   8]
    |psi|^2 = 0.986
==== e(   2) =   -16.32811 eV ==== 
     psi = 0.173*[#   3]+0.173*[#   4]+0.173*[#   7]+0.173*[#   8]+0.148*[#   1]
          +0.148*[#   5]
    |psi|^2 = 0.986
==== e(   3) =   -10.74734 eV ==== 
     psi = 0.246*[#   3]+0.246*[#   4]+0.246*[#   7]+0.246*[#   8]+0.005*[#   1]
          +0.005*[#   5]
    |psi|^2 = 0.996
==== e(   4) =    -7.16785 eV ==== 
     psi = 0.498*[#   2]+0.498*[#   6]
    |psi|^2 = 0.997
==== e(   5) =    -1.78921 eV ==== 
     psi = 0.475*[#   2]+0.475*[#   6]
    |psi|^2 = 0.950
==== e(   6) =     3.47229 eV ==== 
     psi = 0.329*[#   1]+0.329*[#   5]+0.056*[#   3]+0.056*[#   4]+0.056*[#   7]
          +0.056*[#   8]
    |psi|^2 = 0.883
==== e(   7) =     5.04410 eV ==== 
     psi = 0.004*[#   3]+0.004*[#   4]+0.004*[#   7]+0.004*[#   8]+0.002*[#   1]
          +0.002*[#   5]
    |psi|^2 = 0.019
==== e(   8) =     5.96952 eV ==== 
     psi = 0.003*[#   2]+0.003*[#   6]
    |psi|^2 = 0.006

 k =   0.0454545455  0.5161161497  0.0000000000
==== e(   1) =   -19.21811 eV ==== 
     psi = 0.269*[#   1]+0.269*[#   5]+0.112*[#   3]+0.112*[#   4]+0.112*[#   7]
          +0.112*[#   8]
    |psi|^2 = 0.987
==== e(   2) =   -16.66832 eV ==== 
     psi = 0.173*[#   3]+0.173*[#   4]+0.173*[#   7]+0.173*[#   8]+0.146*[#   1]
          +0.146*[#   5]
    |psi|^2 = 0.985
==== e(   3) =   -10.79067 eV ==== 
     psi = 0.246*[#   3]+0.246*[#   4]+0.246*[#   7]+0.246*[#   8]+0.005*[#   1]
          +0.005*[#   5]
    |psi|^2 = 0.996
==== e(   4) =    -6.95265 eV ==== 
     psi = 0.499*[#   2]+0.499*[#   6]
    |psi|^2 = 0.997
==== e(   5) =    -2.06958 eV ==== 
     psi = 0.475*[#   2]+0.475*[#   6]
    |psi|^2 = 0.950
==== e(   6) =     3.45154 eV ==== 
     psi = 0.333*[#   1]+0.333*[#   5]+0.055*[#   3]+0.055*[#   4]+0.055*[#   7]
          +0.055*[#   8]
    |psi|^2 = 0.887
==== e(   7) =     5.45849 eV ==== 
     psi = 0.003*[#   3]+0.003*[#   4]+0.003*[#   7]+0.003*[#   8]+0.001*[#   1]
          +0.001*[#   5]
    |psi|^2 = 0.014
==== e(   8) =     6.38212 eV ==== 
     psi = 0.003*[#   2]+0.003*[#   6]
    |psi|^2 = 0.006

 k =   0.0454545455  0.5336116124  0.0000000000
==== e(   1) =   -18.94788 eV ==== 
     psi = 0.275*[#   1]+0.275*[#   5]+0.110*[#   3]+0.110*[#   4]+0.110*[#   7]
          +0.110*[#   8]
    |psi|^2 = 0.989
==== e(   2) =   -16.98650 eV ==== 
     psi = 0.176*[#   3]+0.176*[#   4]+0.176*[#   7]+0.176*[#   8]+0.141*[#   1]
          +0.141*[#   5]
    |psi|^2 = 0.984
==== e(   3) =   -10.82327 eV ==== 
     psi = 0.246*[#   3]+0.246*[#   4]+0.246*[#   7]+0.246*[#   8]+0.005*[#   1]
          +0.005*[#   5]
    |psi|^2 = 0.996
==== e(   4) =    -6.77214 eV ==== 
     psi = 0.499*[#   2]+0.499*[#   6]
    |psi|^2 = 0.997
==== e(   5) =    -2.29930 eV ==== 
     psi = 0.475*[#   2]+0.475*[#   6]
    |psi|^2 = 0.951
==== e(   6) =     3.43554 eV ==== 
     psi = 0.337*[#   1]+0.337*[#   5]+0.054*[#   3]+0.054*[#   4]+0.054*[#   7]
          +0.054*[#   8]
    |psi|^2 = 0.890
==== e(   7) =     5.88575 eV ==== 
     psi = 0.002*[#   3]+0.002*[#   4]+0.002*[#   7]+0.002*[#   8]+0.001*[#   1]
          +0.001*[#   5]
    |psi|^2 = 0.011
==== e(   8) =     6.80452 eV ==== 
     psi = 0.003*[#   2]+0.003*[#   6]
    |psi|^2 = 0.007

 k =   0.0454545455  0.5511070751  0.0000000000
==== e(   1) =   -18.70303 eV ==== 
     psi = 0.288*[#   1]+0.288*[#   5]+0.104*[#   3]+0.104*[#   4]+0.104*[#   7]
          +0.104*[#   8]
    |psi|^2 = 0.991
==== e(   2) =   -17.26340 eV ==== 
     psi = 0.182*[#   3]+0.182*[#   4]+0.182*[#   7]+0.182*[#   8]+0.128*[#   1]
          +0.128*[#   5]
    |psi|^2 = 0.982
==== e(   3) =   -10.84505 eV ==== 
     psi = 0.246*[#   3]+0.246*[#   4]+0.246*[#   7]+0.246*[#   8]+0.005*[#   1]
          +0.005*[#   5]
    |psi|^2 = 0.995
==== e(   4) =    -6.64005 eV ==== 
     psi = 0.499*[#   2]+0.499*[#   6]
    |psi|^2 = 0.998
==== e(   5) =    -2.46436 eV ==== 
     psi = 0.476*[#   2]+0.476*[#   6]
    |psi|^2 = 0.951
==== e(   6) =     3.42471 eV ==== 
     psi = 0.339*[#   1]+0.339*[#   5]+0.053*[#   3]+0.053*[#   4]+0.053*[#   7]
          +0.053*[#   8]
    |psi|^2 = 0.891
==== e(   7) =     6.32439 eV ==== 
     psi = 0.002*[#   1]+0.002*[#   5]+0.002*[#   3]+0.002*[#   4]+0.002*[#   7]
          +0.002*[#   8]
    |psi|^2 = 0.010
==== e(   8) =     7.23292 eV ==== 
     psi = 0.004*[#   2]+0.004*[#   6]
    |psi|^2 = 0.008

 k =   0.0454545455  0.5686025378  0.0000000000
==== e(   1) =   -18.53526 eV ==== 
     psi = 0.306*[#   1]+0.306*[#   5]+0.095*[#   3]+0.095*[#   4]+0.095*[#   7]
          +0.095*[#   8]
    |psi|^2 = 0.993
==== e(   2) =   -17.44722 eV ==== 
     psi = 0.190*[#   3]+0.190*[#   4]+0.190*[#   7]+0.190*[#   8]+0.110*[#   1]
          +0.110*[#   5]
    |psi|^2 = 0.980
==== e(   3) =   -10.85595 eV ==== 
     psi = 0.246*[#   3]+0.246*[#   4]+0.246*[#   7]+0.246*[#   8]+0.005*[#   1]
          +0.005*[#   5]
    |psi|^2 = 0.995
==== e(   4) =    -6.56971 eV ==== 
     psi = 0.499*[#   2]+0.499*[#   6]
    |psi|^2 = 0.998
==== e(   5) =    -2.55125 eV ==== 
     psi = 0.476*[#   2]+0.476*[#   6]
    |psi|^2 = 0.951
==== e(   6) =     3.41924 eV ==== 
     psi = 0.340*[#   1]+0.340*[#   5]+0.053*[#   3]+0.053*[#   4]+0.053*[#   7]
          +0.053*[#   8]
    |psi|^2 = 0.892
==== e(   7) =     6.76804 eV ==== 
     psi = 0.003*[#   1]+0.003*[#   5]+0.001*[#   3]+0.001*[#   4]+0.001*[#   7]
          +0.001*[#   8]
    |psi|^2 = 0.010
==== e(   8) =     7.25465 eV ==== 
     psi = 0.002*[#   1]+0.002*[#   5]+0.002*[#   3]+0.002*[#   4]+0.002*[#   7]
          +0.002*[#   8]
    |psi|^2 = 0.011

 k =   0.0606060606  0.1049727762  0.0000000000
==== e(   1) =   -23.51897 eV ==== 
     psi = 0.449*[#   1]+0.449*[#   5]+0.022*[#   3]+0.022*[#   4]+0.022*[#   7]
          +0.022*[#   8]
    |psi|^2 = 0.984
==== e(   2) =   -11.55685 eV ==== 
     psi = 0.477*[#   2]+0.477*[#   6]
    |psi|^2 = 0.953
==== e(   3) =    -8.27239 eV ==== 
     psi = 0.238*[#   3]+0.238*[#   4]+0.238*[#   7]+0.238*[#   8]+0.023*[#   1]
          +0.023*[#   5]
    |psi|^2 = 0.998
==== e(   4) =    -7.85832 eV ==== 
     psi = 0.248*[#   3]+0.248*[#   4]+0.248*[#   7]+0.248*[#   8]+0.002*[#   1]
          +0.002*[#   5]
    |psi|^2 = 0.997
==== e(   5) =    -0.59603 eV ==== 
     psi = 0.006*[#   3]+0.006*[#   4]+0.006*[#   7]+0.006*[#   8]
    |psi|^2 = 0.027
==== e(   6) =     0.31052 eV ==== 
     psi = 0.012*[#   2]+0.012*[#   6]
    |psi|^2 = 0.024
==== e(   7) =     2.10868 eV ==== 

    |psi|^2 = 0.004
==== e(   8) =     3.01613 eV ==== 
     psi = 0.006*[#   2]+0.006*[#   6]
    |psi|^2 = 0.013

 k =   0.0606060606  0.1224682389  0.0000000000
==== e(   1) =   -23.44877 eV ==== 
     psi = 0.439*[#   1]+0.439*[#   5]+0.026*[#   3]+0.026*[#   4]+0.026*[#   7]
          +0.026*[#   8]
    |psi|^2 = 0.984
==== e(   2) =   -11.47301 eV ==== 
     psi = 0.478*[#   2]+0.478*[#   6]
    |psi|^2 = 0.955
==== e(   3) =    -8.50446 eV ==== 
     psi = 0.235*[#   3]+0.235*[#   4]+0.235*[#   7]+0.235*[#   8]+0.028*[#   1]
          +0.028*[#   5]
    |psi|^2 = 0.998
==== e(   4) =    -7.99956 eV ==== 
     psi = 0.248*[#   3]+0.248*[#   4]+0.248*[#   7]+0.248*[#   8]+0.003*[#   1]
          +0.003*[#   5]
    |psi|^2 = 0.996
==== e(   5) =    -0.50045 eV ==== 
     psi = 0.007*[#   3]+0.007*[#   4]+0.007*[#   7]+0.007*[#   8]
    |psi|^2 = 0.030
==== e(   6) =     0.40681 eV ==== 
     psi = 0.012*[#   2]+0.012*[#   6]
    |psi|^2 = 0.023
==== e(   7) =     2.20485 eV ==== 

    |psi|^2 = 0.004
==== e(   8) =     3.11144 eV ==== 
     psi = 0.006*[#   2]+0.006*[#   6]
    |psi|^2 = 0.012

 k =   0.0606060606  0.1399637016  0.0000000000
==== e(   1) =   -23.36783 eV ==== 
     psi = 0.429*[#   1]+0.429*[#   5]+0.031*[#   3]+0.031*[#   4]+0.031*[#   7]
          +0.031*[#   8]
    |psi|^2 = 0.984
==== e(   2) =   -11.37647 eV ==== 
     psi = 0.479*[#   2]+0.479*[#   6]
    |psi|^2 = 0.957
==== e(   3) =    -8.76375 eV ==== 
     psi = 0.232*[#   3]+0.232*[#   4]+0.232*[#   7]+0.232*[#   8]+0.034*[#   1]
          +0.034*[#   5]
    |psi|^2 = 0.997
==== e(   4) =    -8.15302 eV ==== 
     psi = 0.247*[#   3]+0.247*[#   4]+0.247*[#   7]+0.247*[#   8]+0.004*[#   1]
          +0.004*[#   5]
    |psi|^2 = 0.996
==== e(   5) =    -0.39016 eV ==== 
     psi = 0.008*[#   3]+0.008*[#   4]+0.008*[#   7]+0.008*[#   8]
    |psi|^2 = 0.033
==== e(   6) =     0.51784 eV ==== 
     psi = 0.011*[#   2]+0.011*[#   6]
    |psi|^2 = 0.022
==== e(   7) =     2.31583 eV ==== 

    |psi|^2 = 0.004
==== e(   8) =     3.22131 eV ==== 
     psi = 0.006*[#   2]+0.006*[#   6]
    |psi|^2 = 0.012

 k =   0.0606060606  0.1574591643  0.0000000000
==== e(   1) =   -23.27618 eV ==== 
     psi = 0.418*[#   1]+0.418*[#   5]+0.037*[#   3]+0.037*[#   4]+0.037*[#   7]
          +0.037*[#   8]
    |psi|^2 = 0.983
==== e(   2) =   -11.26733 eV ==== 
     psi = 0.480*[#   2]+0.480*[#   6]
    |psi|^2 = 0.960
==== e(   3) =    -9.04787 eV ==== 
     psi = 0.229*[#   3]+0.229*[#   4]+0.229*[#   7]+0.229*[#   8]+0.040*[#   1]
          +0.040*[#   5]
    |psi|^2 = 0.997
==== e(   4) =    -8.31535 eV ==== 
     psi = 0.247*[#   3]+0.247*[#   4]+0.247*[#   7]+0.247*[#   8]+0.005*[#   1]
          +0.005*[#   5]
    |psi|^2 = 0.996
==== e(   5) =    -0.26519 eV ==== 
     psi = 0.009*[#   3]+0.009*[#   4]+0.009*[#   7]+0.009*[#   8]
    |psi|^2 = 0.036
==== e(   6) =     0.64360 eV ==== 
     psi = 0.010*[#   2]+0.010*[#   6]
    |psi|^2 = 0.021
==== e(   7) =     2.44156 eV ==== 

    |psi|^2 = 0.004
==== e(   8) =     3.34563 eV ==== 
     psi = 0.005*[#   2]+0.005*[#   6]
    |psi|^2 = 0.011

 k =   0.0606060606  0.1749546270  0.0000000000
==== e(   1) =   -23.17387 eV ==== 
     psi = 0.407*[#   1]+0.407*[#   5]+0.042*[#   3]+0.042*[#   4]+0.042*[#   7]
          +0.042*[#   8]
    |psi|^2 = 0.983
==== e(   2) =   -11.14570 eV ==== 
     psi = 0.481*[#   2]+0.481*[#   6]
    |psi|^2 = 0.962
==== e(   3) =    -9.35417 eV ==== 
     psi = 0.226*[#   3]+0.226*[#   4]+0.226*[#   7]+0.226*[#   8]+0.047*[#   1]
          +0.047*[#   5]
    |psi|^2 = 0.997
==== e(   4) =    -8.48362 eV ==== 
     psi = 0.246*[#   3]+0.246*[#   4]+0.246*[#   7]+0.246*[#   8]+0.005*[#   1]
          +0.005*[#   5]
    |psi|^2 = 0.995
==== e(   5) =    -0.12553 eV ==== 
     psi = 0.010*[#   3]+0.010*[#   4]+0.010*[#   7]+0.010*[#   8]
    |psi|^2 = 0.038
==== e(   6) =     0.78402 eV ==== 
     psi = 0.010*[#   2]+0.010*[#   6]
    |psi|^2 = 0.020
==== e(   7) =     2.58203 eV ==== 

    |psi|^2 = 0.004
==== e(   8) =     3.48426 eV ==== 
     psi = 0.005*[#   2]+0.005*[#   6]
    |psi|^2 = 0.010

 k =   0.0606060606  0.1924500897  0.0000000000
==== e(   1) =   -23.06093 eV ==== 
     psi = 0.396*[#   1]+0.396*[#   5]+0.047*[#   3]+0.047*[#   4]+0.047*[#   7]
          +0.047*[#   8]
    |psi|^2 = 0.983
==== e(   2) =   -11.01171 eV ==== 
     psi = 0.482*[#   2]+0.482*[#   6]
    |psi|^2 = 0.965
==== e(   3) =    -9.67990 eV ==== 
     psi = 0.222*[#   3]+0.222*[#   4]+0.222*[#   7]+0.222*[#   8]+0.054*[#   1]
          +0.054*[#   5]
    |psi|^2 = 0.996
==== e(   4) =    -8.65532 eV ==== 
     psi = 0.246*[#   3]+0.246*[#   4]+0.246*[#   7]+0.246*[#   8]+0.006*[#   1]
          +0.006*[#   5]
    |psi|^2 = 0.995
==== e(   5) =     0.02879 eV ==== 
     psi = 0.010*[#   3]+0.010*[#   4]+0.010*[#   7]+0.010*[#   8]
    |psi|^2 = 0.040
==== e(   6) =     0.93904 eV ==== 
     psi = 0.009*[#   2]+0.009*[#   6]
    |psi|^2 = 0.018
==== e(   7) =     2.73715 eV ==== 

    |psi|^2 = 0.004
==== e(   8) =     3.63680 eV ==== 
     psi = 0.005*[#   2]+0.005*[#   6]
    |psi|^2 = 0.010

 k =   0.0606060606  0.2099455524  0.0000000000
==== e(   1) =   -22.93741 eV ==== 
     psi = 0.386*[#   1]+0.386*[#   5]+0.053*[#   3]+0.053*[#   4]+0.053*[#   7]
          +0.053*[#   8]
    |psi|^2 = 0.983
==== e(   2) =   -10.86551 eV ==== 
     psi = 0.484*[#   2]+0.484*[#   6]
    |psi|^2 = 0.967
==== e(   3) =   -10.02230 eV ==== 
     psi = 0.219*[#   3]+0.219*[#   4]+0.219*[#   7]+0.219*[#   8]+0.061*[#   1]
          +0.061*[#   5]
    |psi|^2 = 0.996
==== e(   4) =    -8.82831 eV ==== 
     psi = 0.246*[#   3]+0.246*[#   4]+0.246*[#   7]+0.246*[#   8]+0.006*[#   1]
          +0.006*[#   5]
    |psi|^2 = 0.995
==== e(   5) =     0.19775 eV ==== 
     psi = 0.010*[#   3]+0.010*[#   4]+0.010*[#   7]+0.010*[#   8]
    |psi|^2 = 0.040
==== e(   6) =     1.10856 eV ==== 
     psi = 0.009*[#   2]+0.009*[#   6]
    |psi|^2 = 0.017
==== e(   7) =     2.90682 eV ==== 

    |psi|^2 = 0.004
==== e(   8) =     3.80196 eV ==== 
     psi = 0.007*[#   2]+0.007*[#   6]
    |psi|^2 = 0.013

 k =   0.0606060606  0.2274410151  0.0000000000
==== e(   1) =   -22.80335 eV ==== 
     psi = 0.375*[#   1]+0.375*[#   5]+0.058*[#   3]+0.058*[#   4]+0.058*[#   7]
          +0.058*[#   8]
    |psi|^2 = 0.982
==== e(   2) =   -10.70730 eV ==== 
     psi = 0.485*[#   2]+0.485*[#   6]
    |psi|^2 = 0.970
==== e(   3) =   -10.37873 eV ==== 
     psi = 0.215*[#   3]+0.215*[#   4]+0.215*[#   7]+0.215*[#   8]+0.068*[#   1]
          +0.068*[#   5]
    |psi|^2 = 0.995
==== e(   4) =    -9.00078 eV ==== 
     psi = 0.245*[#   3]+0.245*[#   4]+0.245*[#   7]+0.245*[#   8]+0.007*[#   1]
          +0.007*[#   5]
    |psi|^2 = 0.995
==== e(   5) =     0.38134 eV ==== 
     psi = 0.010*[#   3]+0.010*[#   4]+0.010*[#   7]+0.010*[#   8]
    |psi|^2 = 0.040
==== e(   6) =     1.29239 eV ==== 
     psi = 0.008*[#   2]+0.008*[#   6]
    |psi|^2 = 0.016
==== e(   7) =     3.09084 eV ==== 
     psi = 0.001*[#   1]+0.001*[#   5]
    |psi|^2 = 0.004
==== e(   8) =     3.96880 eV ==== 
     psi = 0.035*[#   2]+0.035*[#   6]
    |psi|^2 = 0.070

 k =   0.0606060606  0.2449364778  0.0000000000
==== e(   1) =   -22.65883 eV ==== 
     psi = 0.365*[#   1]+0.365*[#   5]+0.063*[#   3]+0.063*[#   4]+0.063*[#   7]
          +0.063*[#   8]
    |psi|^2 = 0.982
==== e(   2) =   -10.74669 eV ==== 
     psi = 0.211*[#   3]+0.211*[#   4]+0.211*[#   7]+0.211*[#   8]+0.074*[#   1]
          +0.074*[#   5]
    |psi|^2 = 0.994
==== e(   3) =   -10.53727 eV ==== 
     psi = 0.486*[#   2]+0.486*[#   6]
    |psi|^2 = 0.973
==== e(   4) =    -9.17118 eV ==== 
     psi = 0.245*[#   3]+0.245*[#   4]+0.245*[#   7]+0.245*[#   8]+0.007*[#   1]
          +0.007*[#   5]
    |psi|^2 = 0.995
==== e(   5) =     0.57950 eV ==== 
     psi = 0.010*[#   3]+0.010*[#   4]+0.010*[#   7]+0.010*[#   8]
    |psi|^2 = 0.040
==== e(   6) =     1.49018 eV ==== 
     psi = 0.008*[#   2]+0.008*[#   6]
    |psi|^2 = 0.015
==== e(   7) =     3.28882 eV ==== 
     psi = 0.002*[#   1]+0.002*[#   5]
    |psi|^2 = 0.004
==== e(   8) =     3.85409 eV ==== 
     psi = 0.447*[#   2]+0.447*[#   6]
    |psi|^2 = 0.895

 k =   0.0606060606  0.2624319405  0.0000000000
==== e(   1) =   -22.50389 eV ==== 
     psi = 0.355*[#   1]+0.355*[#   5]+0.068*[#   3]+0.068*[#   4]+0.068*[#   7]
          +0.068*[#   8]
    |psi|^2 = 0.982
==== e(   2) =   -11.12388 eV ==== 
     psi = 0.208*[#   3]+0.208*[#   4]+0.208*[#   7]+0.208*[#   8]+0.081*[#   1]
          +0.081*[#   5]
    |psi|^2 = 0.994
==== e(   3) =   -10.35568 eV ==== 
     psi = 0.488*[#   2]+0.488*[#   6]
    |psi|^2 = 0.976
==== e(   4) =    -9.33819 eV ==== 
     psi = 0.245*[#   3]+0.245*[#   4]+0.245*[#   7]+0.245*[#   8]+0.007*[#   1]
          +0.007*[#   5]
    |psi|^2 = 0.996
==== e(   5) =     0.79222 eV ==== 
     psi = 0.009*[#   3]+0.009*[#   4]+0.009*[#   7]+0.009*[#   8]
    |psi|^2 = 0.038
==== e(   6) =     1.70116 eV ==== 
     psi = 0.008*[#   2]+0.008*[#   6]
    |psi|^2 = 0.015
==== e(   7) =     3.48896 eV ==== 
     psi = 0.473*[#   2]+0.473*[#   6]
    |psi|^2 = 0.946
==== e(   8) =     3.49984 eV ==== 
     psi = 0.003*[#   1]+0.003*[#   5]
    |psi|^2 = 0.007

 k =   0.0606060606  0.2799274032  0.0000000000
==== e(   1) =   -22.33862 eV ==== 
     psi = 0.345*[#   1]+0.345*[#   5]+0.073*[#   3]+0.073*[#   4]+0.073*[#   7]
          +0.073*[#   8]
    |psi|^2 = 0.982
==== e(   2) =   -11.50822 eV ==== 
     psi = 0.204*[#   3]+0.204*[#   4]+0.204*[#   7]+0.204*[#   8]+0.088*[#   1]
          +0.088*[#   5]
    |psi|^2 = 0.993
==== e(   3) =   -10.16284 eV ==== 
     psi = 0.489*[#   2]+0.489*[#   6]
    |psi|^2 = 0.978
==== e(   4) =    -9.50066 eV ==== 
     psi = 0.245*[#   3]+0.245*[#   4]+0.245*[#   7]+0.245*[#   8]+0.008*[#   1]
          +0.008*[#   5]
    |psi|^2 = 0.996
==== e(   5) =     1.01944 eV ==== 
     psi = 0.009*[#   3]+0.009*[#   4]+0.009*[#   7]+0.009*[#   8]
    |psi|^2 = 0.036
==== e(   6) =     1.92290 eV ==== 
     psi = 0.010*[#   2]+0.010*[#   6]
    |psi|^2 = 0.021
==== e(   7) =     3.10752 eV ==== 
     psi = 0.472*[#   2]+0.472*[#   6]
    |psi|^2 = 0.944
==== e(   8) =     3.72112 eV ==== 
     psi = 0.008*[#   1]+0.008*[#   5]+0.001*[#   3]+0.001*[#   4]+0.001*[#   7]
          +0.001*[#   8]
    |psi|^2 = 0.021

 k =   0.0606060606  0.2974228659  0.0000000000
==== e(   1) =   -22.16311 eV ==== 
     psi = 0.336*[#   1]+0.336*[#   5]+0.078*[#   3]+0.078*[#   4]+0.078*[#   7]
          +0.078*[#   8]
    |psi|^2 = 0.982
==== e(   2) =   -11.89781 eV ==== 
     psi = 0.201*[#   3]+0.201*[#   4]+0.201*[#   7]+0.201*[#   8]+0.095*[#   1]
          +0.095*[#   5]
    |psi|^2 = 0.993
==== e(   3) =    -9.95910 eV ==== 
     psi = 0.491*[#   2]+0.491*[#   6]
    |psi|^2 = 0.981
==== e(   4) =    -9.65761 eV ==== 
     psi = 0.245*[#   3]+0.245*[#   4]+0.245*[#   7]+0.245*[#   8]+0.008*[#   1]
          +0.008*[#   5]
    |psi|^2 = 0.996
==== e(   5) =     1.26111 eV ==== 
     psi = 0.008*[#   3]+0.008*[#   4]+0.008*[#   7]+0.008*[#   8]
    |psi|^2 = 0.033
==== e(   6) =     2.14245 eV ==== 
     psi = 0.033*[#   2]+0.033*[#   6]
    |psi|^2 = 0.065
==== e(   7) =     2.73256 eV ==== 
     psi = 0.449*[#   2]+0.449*[#   6]
    |psi|^2 = 0.899
==== e(   8) =     3.93950 eV ==== 
     psi = 0.034*[#   1]+0.034*[#   5]+0.009*[#   3]+0.009*[#   4]+0.009*[#   7]
          +0.009*[#   8]
    |psi|^2 = 0.104

 k =   0.0606060606  0.3149183286  0.0000000000
==== e(   1) =   -21.97745 eV ==== 
     psi = 0.327*[#   1]+0.327*[#   5]+0.082*[#   3]+0.082*[#   4]+0.082*[#   7]
          +0.082*[#   8]
    |psi|^2 = 0.982
==== e(   2) =   -12.29093 eV ==== 
     psi = 0.198*[#   3]+0.198*[#   4]+0.198*[#   7]+0.198*[#   8]+0.101*[#   1]
          +0.101*[#   5]
    |psi|^2 = 0.992
==== e(   3) =    -9.80821 eV ==== 
     psi = 0.245*[#   3]+0.245*[#   4]+0.245*[#   7]+0.245*[#   8]+0.008*[#   1]
          +0.008*[#   5]
    |psi|^2 = 0.996
==== e(   4) =    -9.74490 eV ==== 
     psi = 0.492*[#   2]+0.492*[#   6]
    |psi|^2 = 0.984
==== e(   5) =     1.51715 eV ==== 
     psi = 0.007*[#   3]+0.007*[#   4]+0.007*[#   7]+0.007*[#   8]
    |psi|^2 = 0.030
==== e(   6) =     2.18640 eV ==== 
     psi = 0.335*[#   2]+0.335*[#   6]
    |psi|^2 = 0.670
==== e(   7) =     2.54052 eV ==== 
     psi = 0.146*[#   2]+0.146*[#   6]
    |psi|^2 = 0.293
==== e(   8) =     4.07293 eV ==== 
     psi = 0.158*[#   1]+0.158*[#   5]+0.062*[#   3]+0.062*[#   4]+0.062*[#   7]
          +0.062*[#   8]
    |psi|^2 = 0.563

 k =   0.0606060606  0.3324137914  0.0000000000
==== e(   1) =   -21.78175 eV ==== 
     psi = 0.319*[#   1]+0.319*[#   5]+0.086*[#   3]+0.086*[#   4]+0.086*[#   7]
          +0.086*[#   8]
    |psi|^2 = 0.982
==== e(   2) =   -12.68606 eV ==== 
     psi = 0.194*[#   3]+0.194*[#   4]+0.194*[#   7]+0.194*[#   8]+0.107*[#   1]
          +0.107*[#   5]
    |psi|^2 = 0.992
==== e(   3) =    -9.95172 eV ==== 
     psi = 0.245*[#   3]+0.245*[#   4]+0.245*[#   7]+0.245*[#   8]+0.008*[#   1]
          +0.008*[#   5]
    |psi|^2 = 0.996
==== e(   4) =    -9.52075 eV ==== 
     psi = 0.493*[#   2]+0.493*[#   6]
    |psi|^2 = 0.986
==== e(   5) =     1.78745 eV ==== 
     psi = 0.007*[#   3]+0.007*[#   4]+0.007*[#   7]+0.007*[#   8]
    |psi|^2 = 0.026
==== e(   6) =     1.84222 eV ==== 
     psi = 0.455*[#   2]+0.455*[#   6]
    |psi|^2 = 0.911
==== e(   7) =     2.74614 eV ==== 
     psi = 0.025*[#   2]+0.025*[#   6]
    |psi|^2 = 0.050
==== e(   8) =     4.06384 eV ==== 
     psi = 0.228*[#   1]+0.228*[#   5]+0.088*[#   3]+0.088*[#   4]+0.088*[#   7]
          +0.088*[#   8]
    |psi|^2 = 0.809

 k =   0.0606060606  0.3499092541  0.0000000000
==== e(   1) =   -21.57615 eV ==== 
     psi = 0.311*[#   1]+0.311*[#   5]+0.090*[#   3]+0.090*[#   4]+0.090*[#   7]
          +0.090*[#   8]
    |psi|^2 = 0.982
==== e(   2) =   -13.08180 eV ==== 
     psi = 0.191*[#   3]+0.191*[#   4]+0.191*[#   7]+0.191*[#   8]+0.113*[#   1]
          +0.113*[#   5]
    |psi|^2 = 0.992
==== e(   3) =   -10.08751 eV ==== 
     psi = 0.245*[#   3]+0.245*[#   4]+0.245*[#   7]+0.245*[#   8]+0.008*[#   1]
          +0.008*[#   5]
    |psi|^2 = 0.996
==== e(   4) =    -9.28729 eV ==== 
     psi = 0.494*[#   2]+0.494*[#   6]
    |psi|^2 = 0.988
==== e(   5) =     1.44090 eV ==== 
     psi = 0.468*[#   2]+0.468*[#   6]
    |psi|^2 = 0.935
==== e(   6) =     2.07185 eV ==== 
     psi = 0.006*[#   3]+0.006*[#   4]+0.006*[#   7]+0.006*[#   8]
    |psi|^2 = 0.023
==== e(   7) =     3.02052 eV ==== 
     psi = 0.012*[#   2]+0.012*[#   6]
    |psi|^2 = 0.024
==== e(   8) =     4.01956 eV ==== 
     psi = 0.251*[#   1]+0.251*[#   5]+0.089*[#   3]+0.089*[#   4]+0.089*[#   7]
          +0.089*[#   8]
    |psi|^2 = 0.859

 k =   0.0606060606  0.3674047168  0.0000000000
==== e(   1) =   -21.36081 eV ==== 
     psi = 0.303*[#   1]+0.303*[#   5]+0.094*[#   3]+0.094*[#   4]+0.094*[#   7]
          +0.094*[#   8]
    |psi|^2 = 0.982
==== e(   2) =   -13.47690 eV ==== 
     psi = 0.188*[#   3]+0.188*[#   4]+0.188*[#   7]+0.188*[#   8]+0.119*[#   1]
          +0.119*[#   5]
    |psi|^2 = 0.991
==== e(   3) =   -10.21503 eV ==== 
     psi = 0.245*[#   3]+0.245*[#   4]+0.245*[#   7]+0.245*[#   8]+0.008*[#   1]
          +0.008*[#   5]
    |psi|^2 = 0.996
==== e(   4) =    -9.04533 eV ==== 
     psi = 0.495*[#   2]+0.495*[#   6]
    |psi|^2 = 0.990
==== e(   5) =     1.03160 eV ==== 
     psi = 0.471*[#   2]+0.471*[#   6]
    |psi|^2 = 0.942
==== e(   6) =     2.37007 eV ==== 
     psi = 0.004*[#   3]+0.004*[#   4]+0.004*[#   7]+0.004*[#   8]
    |psi|^2 = 0.019
==== e(   7) =     3.31654 eV ==== 
     psi = 0.008*[#   2]+0.008*[#   6]
    |psi|^2 = 0.016
==== e(   8) =     3.96961 eV ==== 
     psi = 0.265*[#   1]+0.265*[#   5]+0.087*[#   3]+0.087*[#   4]+0.087*[#   7]
          +0.087*[#   8]
    |psi|^2 = 0.877

 k =   0.0606060606  0.3849001795  0.0000000000
==== e(   1) =   -21.13590 eV ==== 
     psi = 0.296*[#   1]+0.296*[#   5]+0.097*[#   3]+0.097*[#   4]+0.097*[#   7]
          +0.097*[#   8]
    |psi|^2 = 0.982
==== e(   2) =   -13.87021 eV ==== 
     psi = 0.185*[#   3]+0.185*[#   4]+0.185*[#   7]+0.185*[#   8]+0.125*[#   1]
          +0.125*[#   5]
    |psi|^2 = 0.991
==== e(   3) =   -10.33381 eV ==== 
     psi = 0.245*[#   3]+0.245*[#   4]+0.245*[#   7]+0.245*[#   8]+0.008*[#   1]
          +0.008*[#   5]
    |psi|^2 = 0.996
==== e(   4) =    -8.79588 eV ==== 
     psi = 0.496*[#   2]+0.496*[#   6]
    |psi|^2 = 0.991
==== e(   5) =     0.62173 eV ==== 
     psi = 0.472*[#   2]+0.472*[#   6]
    |psi|^2 = 0.945
==== e(   6) =     2.68159 eV ==== 
     psi = 0.003*[#   3]+0.003*[#   4]+0.003*[#   7]+0.003*[#   8]+0.001*[#   1]
          +0.001*[#   5]
    |psi|^2 = 0.015
==== e(   7) =     3.62894 eV ==== 
     psi = 0.006*[#   2]+0.006*[#   6]
    |psi|^2 = 0.012
==== e(   8) =     3.92016 eV ==== 
     psi = 0.276*[#   1]+0.276*[#   5]+0.083*[#   3]+0.083*[#   4]+0.083*[#   7]
          +0.083*[#   8]
    |psi|^2 = 0.885

 k =   0.0606060606  0.4023956422  0.0000000000
==== e(   1) =   -20.90167 eV ==== 
     psi = 0.290*[#   1]+0.290*[#   5]+0.101*[#   3]+0.101*[#   4]+0.101*[#   7]
          +0.101*[#   8]
    |psi|^2 = 0.983
==== e(   2) =   -14.26065 eV ==== 
     psi = 0.183*[#   3]+0.183*[#   4]+0.183*[#   7]+0.183*[#   8]+0.130*[#   1]
          +0.130*[#   5]
    |psi|^2 = 0.990
==== e(   3) =   -10.44344 eV ==== 
     psi = 0.245*[#   3]+0.245*[#   4]+0.245*[#   7]+0.245*[#   8]+0.008*[#   1]
          +0.008*[#   5]
    |psi|^2 = 0.996
==== e(   4) =    -8.54022 eV ==== 
     psi = 0.496*[#   2]+0.496*[#   6]
    |psi|^2 = 0.993
==== e(   5) =     0.21504 eV ==== 
     psi = 0.473*[#   2]+0.473*[#   6]
    |psi|^2 = 0.946
==== e(   6) =     3.00499 eV ==== 
     psi = 0.004*[#   1]+0.004*[#   5]+0.002*[#   3]+0.002*[#   4]+0.002*[#   7]
          +0.002*[#   8]
    |psi|^2 = 0.015
==== e(   7) =     3.87461 eV ==== 
     psi = 0.284*[#   1]+0.284*[#   5]+0.080*[#   3]+0.080*[#   4]+0.080*[#   7]
          +0.080*[#   8]
    |psi|^2 = 0.888
==== e(   8) =     3.95625 eV ==== 
     psi = 0.005*[#   2]+0.005*[#   6]
    |psi|^2 = 0.010

 k =   0.0606060606  0.4198911049  0.0000000000
==== e(   1) =   -20.65843 eV ==== 
     psi = 0.284*[#   1]+0.284*[#   5]+0.104*[#   3]+0.104*[#   4]+0.104*[#   7]
          +0.104*[#   8]
    |psi|^2 = 0.983
==== e(   2) =   -14.64718 eV ==== 
     psi = 0.180*[#   3]+0.180*[#   4]+0.180*[#   7]+0.180*[#   8]+0.135*[#   1]
          +0.135*[#   5]
    |psi|^2 = 0.990
==== e(   3) =   -10.54356 eV ==== 
     psi = 0.245*[#   3]+0.245*[#   4]+0.245*[#   7]+0.245*[#   8]+0.008*[#   1]
          +0.008*[#   5]
    |psi|^2 = 0.996
==== e(   4) =    -8.28003 eV ==== 
     psi = 0.497*[#   2]+0.497*[#   6]
    |psi|^2 = 0.994
==== e(   5) =    -0.18529 eV ==== 
     psi = 0.474*[#   2]+0.474*[#   6]
    |psi|^2 = 0.947
==== e(   6) =     3.33483 eV ==== 
     psi = 0.015*[#   1]+0.015*[#   5]
    |psi|^2 = 0.031
==== e(   7) =     3.83945 eV ==== 
     psi = 0.282*[#   1]+0.282*[#   5]+0.077*[#   3]+0.077*[#   4]+0.077*[#   7]
          +0.077*[#   8]
    |psi|^2 = 0.872
==== e(   8) =     4.29780 eV ==== 
     psi = 0.004*[#   2]+0.004*[#   6]
    |psi|^2 = 0.008

 k =   0.0606060606  0.4373865676  0.0000000000
==== e(   1) =   -20.40657 eV ==== 
     psi = 0.279*[#   1]+0.279*[#   5]+0.107*[#   3]+0.107*[#   4]+0.107*[#   7]
          +0.107*[#   8]
    |psi|^2 = 0.984
==== e(   2) =   -15.02878 eV ==== 
     psi = 0.178*[#   3]+0.178*[#   4]+0.178*[#   7]+0.178*[#   8]+0.139*[#   1]
          +0.139*[#   5]
    |psi|^2 = 0.989
==== e(   3) =   -10.63388 eV ==== 
     psi = 0.245*[#   3]+0.245*[#   4]+0.245*[#   7]+0.245*[#   8]+0.008*[#   1]
          +0.008*[#   5]
    |psi|^2 = 0.996
==== e(   4) =    -8.01755 eV ==== 
     psi = 0.497*[#   2]+0.497*[#   6]
    |psi|^2 = 0.995
==== e(   5) =    -0.57586 eV ==== 
     psi = 0.474*[#   2]+0.474*[#   6]
    |psi|^2 = 0.948
==== e(   6) =     3.62515 eV ==== 
     psi = 0.119*[#   1]+0.119*[#   5]+0.014*[#   3]+0.014*[#   4]+0.014*[#   7]
          +0.014*[#   8]
    |psi|^2 = 0.295
==== e(   7) =     3.86127 eV ==== 
     psi = 0.186*[#   1]+0.186*[#   5]+0.059*[#   3]+0.059*[#   4]+0.059*[#   7]
          +0.059*[#   8]
    |psi|^2 = 0.608
==== e(   8) =     4.65312 eV ==== 
     psi = 0.004*[#   2]+0.004*[#   6]
    |psi|^2 = 0.007

 k =   0.0606060606  0.4548820303  0.0000000000
==== e(   1) =   -20.14666 eV ==== 
     psi = 0.274*[#   1]+0.274*[#   5]+0.109*[#   3]+0.109*[#   4]+0.109*[#   7]
          +0.109*[#   8]
    |psi|^2 = 0.984
==== e(   2) =   -15.40433 eV ==== 
     psi = 0.176*[#   3]+0.176*[#   4]+0.176*[#   7]+0.176*[#   8]+0.143*[#   1]
          +0.143*[#   5]
    |psi|^2 = 0.989
==== e(   3) =   -10.71412 eV ==== 
     psi = 0.245*[#   3]+0.245*[#   4]+0.245*[#   7]+0.245*[#   8]+0.008*[#   1]
          +0.008*[#   5]
    |psi|^2 = 0.995
==== e(   4) =    -7.75575 eV ==== 
     psi = 0.498*[#   2]+0.498*[#   6]
    |psi|^2 = 0.996
==== e(   5) =    -0.95274 eV ==== 
     psi = 0.475*[#   2]+0.475*[#   6]
    |psi|^2 = 0.949
==== e(   6) =     3.69374 eV ==== 
     psi = 0.287*[#   1]+0.287*[#   5]+0.053*[#   3]+0.053*[#   4]+0.053*[#   7]
          +0.053*[#   8]
    |psi|^2 = 0.788
==== e(   7) =     4.12266 eV ==== 
     psi = 0.025*[#   1]+0.025*[#   5]+0.016*[#   3]+0.016*[#   4]+0.016*[#   7]
          +0.016*[#   8]
    |psi|^2 = 0.114
==== e(   8) =     5.02180 eV ==== 
     psi = 0.003*[#   2]+0.003*[#   6]
    |psi|^2 = 0.006

 k =   0.0606060606  0.4723774930  0.0000000000
==== e(   1) =   -19.87957 eV ==== 
     psi = 0.270*[#   1]+0.270*[#   5]+0.111*[#   3]+0.111*[#   4]+0.111*[#   7]
          +0.111*[#   8]
    |psi|^2 = 0.985
==== e(   2) =   -15.77251 eV ==== 
     psi = 0.174*[#   3]+0.174*[#   4]+0.174*[#   7]+0.174*[#   8]+0.146*[#   1]
          +0.146*[#   5]
    |psi|^2 = 0.988
==== e(   3) =   -10.78408 eV ==== 
     psi = 0.245*[#   3]+0.245*[#   4]+0.245*[#   7]+0.245*[#   8]+0.008*[#   1]
          +0.008*[#   5]
    |psi|^2 = 0.995
==== e(   4) =    -7.49875 eV ==== 
     psi = 0.498*[#   2]+0.498*[#   6]
    |psi|^2 = 0.996
==== e(   5) =    -1.31104 eV ==== 
     psi = 0.475*[#   2]+0.475*[#   6]
    |psi|^2 = 0.950
==== e(   6) =     3.67540 eV ==== 
     psi = 0.312*[#   1]+0.312*[#   5]+0.058*[#   3]+0.058*[#   4]+0.058*[#   7]
          +0.058*[#   8]
    |psi|^2 = 0.857
==== e(   7) =     4.48907 eV ==== 
     psi = 0.007*[#   3]+0.007*[#   4]+0.007*[#   7]+0.007*[#   8]+0.006*[#   1]
          +0.006*[#   5]
    |psi|^2 = 0.043
==== e(   8) =     5.40335 eV ==== 
     psi = 0.003*[#   2]+0.003*[#   6]
    |psi|^2 = 0.006

 k =   0.0606060606  0.4898729557  0.0000000000
==== e(   1) =   -19.60668 eV ==== 
     psi = 0.268*[#   1]+0.268*[#   5]+0.112*[#   3]+0.112*[#   4]+0.112*[#   7]
          +0.112*[#   8]
    |psi|^2 = 0.986
==== e(   2) =   -16.13156 eV ==== 
     psi = 0.173*[#   3]+0.173*[#   4]+0.173*[#   7]+0.173*[#   8]+0.148*[#   1]
          +0.148*[#   5]
    |psi|^2 = 0.987
==== e(   3) =   -10.84358 eV ==== 
     psi = 0.245*[#   3]+0.245*[#   4]+0.245*[#   7]+0.245*[#   8]+0.008*[#   1]
          +0.008*[#   5]
    |psi|^2 = 0.995
==== e(   4) =    -7.25215 eV ==== 
     psi = 0.498*[#   2]+0.498*[#   6]
    |psi|^2 = 0.996
==== e(   5) =    -1.64444 eV ==== 
     psi = 0.475*[#   2]+0.475*[#   6]
    |psi|^2 = 0.951
==== e(   6) =     3.65069 eV ==== 
     psi = 0.321*[#   1]+0.321*[#   5]+0.058*[#   3]+0.058*[#   4]+0.058*[#   7]
          +0.058*[#   8]
    |psi|^2 = 0.875
==== e(   7) =     4.88001 eV ==== 
     psi = 0.005*[#   3]+0.005*[#   4]+0.005*[#   7]+0.005*[#   8]+0.003*[#   1]
          +0.003*[#   5]
    |psi|^2 = 0.024
==== e(   8) =     5.79714 eV ==== 
     psi = 0.003*[#   2]+0.003*[#   6]
    |psi|^2 = 0.006

 k =   0.0606060606  0.5073684184  0.0000000000
==== e(   1) =   -19.33050 eV ==== 
     psi = 0.268*[#   1]+0.268*[#   5]+0.113*[#   3]+0.113*[#   4]+0.113*[#   7]
          +0.113*[#   8]
    |psi|^2 = 0.987
==== e(   2) =   -16.47865 eV ==== 
     psi = 0.173*[#   3]+0.173*[#   4]+0.173*[#   7]+0.173*[#   8]+0.147*[#   1]
          +0.147*[#   5]
    |psi|^2 = 0.986
==== e(   3) =   -10.89245 eV ==== 
     psi = 0.245*[#   3]+0.245*[#   4]+0.245*[#   7]+0.245*[#   8]+0.008*[#   1]
          +0.008*[#   5]
    |psi|^2 = 0.995
==== e(   4) =    -7.02369 eV ==== 
     psi = 0.498*[#   2]+0.498*[#   6]
    |psi|^2 = 0.997
==== e(   5) =    -1.94468 eV ==== 
     psi = 0.476*[#   2]+0.476*[#   6]
    |psi|^2 = 0.952
==== e(   6) =     3.62820 eV ==== 
     psi = 0.326*[#   1]+0.326*[#   5]+0.057*[#   3]+0.057*[#   4]+0.057*[#   7]
          +0.057*[#   8]
    |psi|^2 = 0.882
==== e(   7) =     5.28680 eV ==== 
     psi = 0.003*[#   3]+0.003*[#   4]+0.003*[#   7]+0.003*[#   8]+0.002*[#   1]
          +0.002*[#   5]
    |psi|^2 = 0.016
==== e(   8) =     6.20230 eV ==== 
     psi = 0.003*[#   2]+0.003*[#   6]
    |psi|^2 = 0.006

 k =   0.0606060606  0.5248638811  0.0000000000
==== e(   1) =   -19.05608 eV ==== 
     psi = 0.271*[#   1]+0.271*[#   5]+0.112*[#   3]+0.112*[#   4]+0.112*[#   7]
          +0.112*[#   8]
    |psi|^2 = 0.988
==== e(   2) =   -16.80847 eV ==== 
     psi = 0.174*[#   3]+0.174*[#   4]+0.174*[#   7]+0.174*[#   8]+0.144*[#   1]
          +0.144*[#   5]
    |psi|^2 = 0.985
==== e(   3) =   -10.93058 eV ==== 
     psi = 0.245*[#   3]+0.245*[#   4]+0.245*[#   7]+0.245*[#   8]+0.008*[#   1]
          +0.008*[#   5]
    |psi|^2 = 0.995
==== e(   4) =    -6.82368 eV ==== 
     psi = 0.499*[#   2]+0.499*[#   6]
    |psi|^2 = 0.997
==== e(   5) =    -2.20097 eV ==== 
     psi = 0.476*[#   2]+0.476*[#   6]
    |psi|^2 = 0.952
==== e(   6) =     3.60989 eV ==== 
     psi = 0.330*[#   1]+0.330*[#   5]+0.056*[#   3]+0.056*[#   4]+0.056*[#   7]
          +0.056*[#   8]
    |psi|^2 = 0.886
==== e(   7) =     5.70719 eV ==== 
     psi = 0.002*[#   3]+0.002*[#   4]+0.002*[#   7]+0.002*[#   8]+0.001*[#   1]
          +0.001*[#   5]
    |psi|^2 = 0.012
==== e(   8) =     6.61741 eV ==== 
     psi = 0.003*[#   2]+0.003*[#   6]
    |psi|^2 = 0.006

 k =   0.0606060606  0.5423593438  0.0000000000
==== e(   1) =   -18.79523 eV ==== 
     psi = 0.279*[#   1]+0.279*[#   5]+0.108*[#   3]+0.108*[#   4]+0.108*[#   7]
          +0.108*[#   8]
    |psi|^2 = 0.990
==== e(   2) =   -17.10903 eV ==== 
     psi = 0.178*[#   3]+0.178*[#   4]+0.178*[#   7]+0.178*[#   8]+0.135*[#   1]
          +0.135*[#   5]
    |psi|^2 = 0.983
==== e(   3) =   -10.95788 eV ==== 
     psi = 0.245*[#   3]+0.245*[#   4]+0.245*[#   7]+0.245*[#   8]+0.008*[#   1]
          +0.008*[#   5]
    |psi|^2 = 0.995
==== e(   4) =    -6.66505 eV ==== 
     psi = 0.499*[#   2]+0.499*[#   6]
    |psi|^2 = 0.998
==== e(   5) =    -2.40006 eV ==== 
     psi = 0.476*[#   2]+0.476*[#   6]
    |psi|^2 = 0.952
==== e(   6) =     3.59649 eV ==== 
     psi = 0.333*[#   1]+0.333*[#   5]+0.055*[#   3]+0.055*[#   4]+0.055*[#   7]
          +0.055*[#   8]
    |psi|^2 = 0.888
==== e(   7) =     6.13975 eV ==== 
     psi = 0.002*[#   3]+0.002*[#   4]+0.002*[#   7]+0.002*[#   8]+0.002*[#   1]
          +0.002*[#   5]
    |psi|^2 = 0.010
==== e(   8) =     7.03956 eV ==== 
     psi = 0.004*[#   2]+0.004*[#   6]
    |psi|^2 = 0.008

 k =   0.0606060606  0.5598548065  0.0000000000
==== e(   1) =   -18.57953 eV ==== 
     psi = 0.295*[#   1]+0.295*[#   5]+0.100*[#   3]+0.100*[#   4]+0.100*[#   7]
          +0.100*[#   8]
    |psi|^2 = 0.992
==== e(   2) =   -17.34861 eV ==== 
     psi = 0.186*[#   3]+0.186*[#   4]+0.186*[#   7]+0.186*[#   8]+0.119*[#   1]
          +0.119*[#   5]
    |psi|^2 = 0.981
==== e(   3) =   -10.97429 eV ==== 
     psi = 0.245*[#   3]+0.245*[#   4]+0.245*[#   7]+0.245*[#   8]+0.008*[#   1]
          +0.008*[#   5]
    |psi|^2 = 0.995
==== e(   4) =    -6.56189 eV ==== 
     psi = 0.499*[#   2]+0.499*[#   6]
    |psi|^2 = 0.998
==== e(   5) =    -2.52759 eV ==== 
     psi = 0.476*[#   2]+0.476*[#   6]
    |psi|^2 = 0.952
==== e(   6) =     3.58834 eV ==== 
     psi = 0.335*[#   1]+0.335*[#   5]+0.055*[#   3]+0.055*[#   4]+0.055*[#   7]
          +0.055*[#   8]
    |psi|^2 = 0.889
==== e(   7) =     6.58193 eV ==== 
     psi = 0.002*[#   1]+0.002*[#   5]+0.001*[#   3]+0.001*[#   4]+0.001*[#   7]
          +0.001*[#   8]
    |psi|^2 = 0.010
==== e(   8) =     7.45908 eV ==== 
     psi = 0.005*[#   2]+0.005*[#   6]
    |psi|^2 = 0.010

 k =   0.0606060606  0.5773502692  0.0000000000
==== e(   1) =   -18.48574 eV ==== 
     psi = 0.308*[#   1]+0.308*[#   5]+0.094*[#   3]+0.094*[#   4]+0.094*[#   7]
          +0.094*[#   8]
    |psi|^2 = 0.994
==== e(   2) =   -17.45037 eV ==== 
     psi = 0.192*[#   3]+0.192*[#   4]+0.192*[#   7]+0.192*[#   8]+0.106*[#   1]
          +0.106*[#   5]
    |psi|^2 = 0.979
==== e(   3) =   -10.97976 eV ==== 
     psi = 0.245*[#   3]+0.245*[#   4]+0.245*[#   7]+0.245*[#   8]+0.008*[#   1]
          +0.008*[#   5]
    |psi|^2 = 0.995
==== e(   4) =    -6.52594 eV ==== 
     psi = 0.499*[#   2]+0.499*[#   6]
    |psi|^2 = 0.998
==== e(   5) =    -2.57167 eV ==== 
     psi = 0.476*[#   2]+0.476*[#   6]
    |psi|^2 = 0.952
==== e(   6) =     3.58561 eV ==== 
     psi = 0.335*[#   1]+0.335*[#   5]+0.055*[#   3]+0.055*[#   4]+0.055*[#   7]
          +0.055*[#   8]
    |psi|^2 = 0.889
==== e(   7) =     6.96700 eV ==== 
     psi = 0.005*[#   1]+0.005*[#   5]
    |psi|^2 = 0.012
==== e(   8) =     7.12193 eV ==== 
     psi = 0.002*[#   3]+0.002*[#   4]+0.002*[#   7]+0.002*[#   8]
    |psi|^2 = 0.010

 k =   0.0757575758  0.1312159703  0.0000000000
==== e(   1) =   -23.37322 eV ==== 
     psi = 0.430*[#   1]+0.430*[#   5]+0.031*[#   3]+0.031*[#   4]+0.031*[#   7]
          +0.031*[#   8]
    |psi|^2 = 0.984
==== e(   2) =   -11.38289 eV ==== 
     psi = 0.479*[#   2]+0.479*[#   6]
    |psi|^2 = 0.957
==== e(   3) =    -8.73774 eV ==== 
     psi = 0.233*[#   3]+0.233*[#   4]+0.233*[#   7]+0.233*[#   8]+0.033*[#   1]
          +0.033*[#   5]
    |psi|^2 = 0.998
==== e(   4) =    -8.15340 eV ==== 
     psi = 0.247*[#   3]+0.247*[#   4]+0.247*[#   7]+0.247*[#   8]+0.004*[#   1]
          +0.004*[#   5]
    |psi|^2 = 0.996
==== e(   5) =    -0.39750 eV ==== 
     psi = 0.008*[#   3]+0.008*[#   4]+0.008*[#   7]+0.008*[#   8]
    |psi|^2 = 0.033
==== e(   6) =     0.51045 eV ==== 
     psi = 0.011*[#   2]+0.011*[#   6]
    |psi|^2 = 0.022
==== e(   7) =     2.30847 eV ==== 

    |psi|^2 = 0.004
==== e(   8) =     3.21401 eV ==== 
     psi = 0.006*[#   2]+0.006*[#   6]
    |psi|^2 = 0.012

 k =   0.0757575758  0.1487114330  0.0000000000
==== e(   1) =   -23.28696 eV ==== 
     psi = 0.419*[#   1]+0.419*[#   5]+0.036*[#   3]+0.036*[#   4]+0.036*[#   7]
          +0.036*[#   8]
    |psi|^2 = 0.983
==== e(   2) =   -11.28014 eV ==== 
     psi = 0.480*[#   2]+0.480*[#   6]
    |psi|^2 = 0.959
==== e(   3) =    -8.99581 eV ==== 
     psi = 0.230*[#   3]+0.230*[#   4]+0.230*[#   7]+0.230*[#   8]+0.039*[#   1]
          +0.039*[#   5]
    |psi|^2 = 0.998
==== e(   4) =    -8.31923 eV ==== 
     psi = 0.246*[#   3]+0.246*[#   4]+0.246*[#   7]+0.246*[#   8]+0.006*[#   1]
          +0.006*[#   5]
    |psi|^2 = 0.995
==== e(   5) =    -0.27986 eV ==== 
     psi = 0.009*[#   3]+0.009*[#   4]+0.009*[#   7]+0.009*[#   8]
    |psi|^2 = 0.036
==== e(   6) =     0.62883 eV ==== 
     psi = 0.011*[#   2]+0.011*[#   6]
    |psi|^2 = 0.021
==== e(   7) =     2.42689 eV ==== 

    |psi|^2 = 0.004
==== e(   8) =     3.33110 eV ==== 
     psi = 0.005*[#   2]+0.005*[#   6]
    |psi|^2 = 0.011

 k =   0.0757575758  0.1662068957  0.0000000000
==== e(   1) =   -23.19002 eV ==== 
     psi = 0.409*[#   1]+0.409*[#   5]+0.041*[#   3]+0.041*[#   4]+0.041*[#   7]
          +0.041*[#   8]
    |psi|^2 = 0.983
==== e(   2) =   -11.16486 eV ==== 
     psi = 0.481*[#   2]+0.481*[#   6]
    |psi|^2 = 0.962
==== e(   3) =    -9.27717 eV ==== 
     psi = 0.227*[#   3]+0.227*[#   4]+0.227*[#   7]+0.227*[#   8]+0.045*[#   1]
          +0.045*[#   5]
    |psi|^2 = 0.997
==== e(   4) =    -8.49303 eV ==== 
     psi = 0.245*[#   3]+0.245*[#   4]+0.245*[#   7]+0.245*[#   8]+0.007*[#   1]
          +0.007*[#   5]
    |psi|^2 = 0.995
==== e(   5) =    -0.14753 eV ==== 
     psi = 0.009*[#   3]+0.009*[#   4]+0.009*[#   7]+0.009*[#   8]
    |psi|^2 = 0.038
==== e(   6) =     0.76190 eV ==== 
     psi = 0.010*[#   2]+0.010*[#   6]
    |psi|^2 = 0.020
==== e(   7) =     2.56007 eV ==== 

    |psi|^2 = 0.004
==== e(   8) =     3.46261 eV ==== 
     psi = 0.005*[#   2]+0.005*[#   6]
    |psi|^2 = 0.010

 k =   0.0757575758  0.1837023584  0.0000000000
==== e(   1) =   -23.08244 eV ==== 
     psi = 0.398*[#   1]+0.398*[#   5]+0.047*[#   3]+0.047*[#   4]+0.047*[#   7]
          +0.047*[#   8]
    |psi|^2 = 0.983
==== e(   2) =   -11.03715 eV ==== 
     psi = 0.482*[#   2]+0.482*[#   6]
    |psi|^2 = 0.964
==== e(   3) =    -9.57986 eV ==== 
     psi = 0.224*[#   3]+0.224*[#   4]+0.224*[#   7]+0.224*[#   8]+0.051*[#   1]
          +0.051*[#   5]
    |psi|^2 = 0.997
==== e(   4) =    -8.67141 eV ==== 
     psi = 0.245*[#   3]+0.245*[#   4]+0.245*[#   7]+0.245*[#   8]+0.008*[#   1]
          +0.008*[#   5]
    |psi|^2 = 0.994
==== e(   5) =    -0.00052 eV ==== 
     psi = 0.010*[#   3]+0.010*[#   4]+0.010*[#   7]+0.010*[#   8]
    |psi|^2 = 0.040
==== e(   6) =     0.90961 eV ==== 
     psi = 0.009*[#   2]+0.009*[#   6]
    |psi|^2 = 0.019
==== e(   7) =     2.70799 eV ==== 

    |psi|^2 = 0.004
==== e(   8) =     3.60833 eV ==== 
     psi = 0.005*[#   2]+0.005*[#   6]
    |psi|^2 = 0.010

 k =   0.0757575758  0.2011978211  0.0000000000
==== e(   1) =   -22.96426 eV ==== 
     psi = 0.388*[#   1]+0.388*[#   5]+0.052*[#   3]+0.052*[#   4]+0.052*[#   7]
          +0.052*[#   8]
    |psi|^2 = 0.983
==== e(   2) =   -10.89718 eV ==== 
     psi = 0.483*[#   2]+0.483*[#   6]
    |psi|^2 = 0.967
==== e(   3) =    -9.90161 eV ==== 
     psi = 0.220*[#   3]+0.220*[#   4]+0.220*[#   7]+0.220*[#   8]+0.058*[#   1]
          +0.058*[#   5]
    |psi|^2 = 0.996
==== e(   4) =    -8.85158 eV ==== 
     psi = 0.244*[#   3]+0.244*[#   4]+0.244*[#   7]+0.244*[#   8]+0.009*[#   1]
          +0.009*[#   5]
    |psi|^2 = 0.994
==== e(   5) =     0.16114 eV ==== 
     psi = 0.010*[#   3]+0.010*[#   4]+0.010*[#   7]+0.010*[#   8]
    |psi|^2 = 0.041
==== e(   6) =     1.07189 eV ==== 
     psi = 0.009*[#   2]+0.009*[#   6]
    |psi|^2 = 0.017
==== e(   7) =     2.87057 eV ==== 

    |psi|^2 = 0.004
==== e(   8) =     3.76765 eV ==== 
     psi = 0.005*[#   2]+0.005*[#   6]
    |psi|^2 = 0.010

 k =   0.0757575758  0.2186932838  0.0000000000
==== e(   1) =   -22.83552 eV ==== 
     psi = 0.377*[#   1]+0.377*[#   5]+0.057*[#   3]+0.057*[#   4]+0.057*[#   7]
          +0.057*[#   8]
    |psi|^2 = 0.982
==== e(   2) =   -10.74509 eV ==== 
     psi = 0.485*[#   2]+0.485*[#   6]
    |psi|^2 = 0.970
==== e(   3) =   -10.23995 eV ==== 
     psi = 0.217*[#   3]+0.217*[#   4]+0.217*[#   7]+0.217*[#   8]+0.064*[#   1]
          +0.064*[#   5]
    |psi|^2 = 0.996
==== e(   4) =    -9.03134 eV ==== 
     psi = 0.244*[#   3]+0.244*[#   4]+0.244*[#   7]+0.244*[#   8]+0.009*[#   1]
          +0.009*[#   5]
    |psi|^2 = 0.994
==== e(   5) =     0.33744 eV ==== 
     psi = 0.010*[#   3]+0.010*[#   4]+0.010*[#   7]+0.010*[#   8]
    |psi|^2 = 0.041
==== e(   6) =     1.24859 eV ==== 
     psi = 0.008*[#   2]+0.008*[#   6]
    |psi|^2 = 0.016
==== e(   7) =     3.04768 eV ==== 

    |psi|^2 = 0.004
==== e(   8) =     3.93697 eV ==== 
     psi = 0.012*[#   2]+0.012*[#   6]
    |psi|^2 = 0.024

 k =   0.0757575758  0.2361887465  0.0000000000
==== e(   1) =   -22.69629 eV ==== 
     psi = 0.367*[#   1]+0.367*[#   5]+0.062*[#   3]+0.062*[#   4]+0.062*[#   7]
          +0.062*[#   8]
    |psi|^2 = 0.982
==== e(   2) =   -10.59236 eV ==== 
     psi = 0.213*[#   3]+0.213*[#   4]+0.213*[#   7]+0.213*[#   8]+0.071*[#   1]
          +0.071*[#   5]
    |psi|^2 = 0.995
==== e(   3) =   -10.58110 eV ==== 
     psi = 0.486*[#   2]+0.486*[#   6]
    |psi|^2 = 0.972
==== e(   4) =    -9.20892 eV ==== 
     psi = 0.244*[#   3]+0.244*[#   4]+0.244*[#   7]+0.244*[#   8]+0.010*[#   1]
          +0.010*[#   5]
    |psi|^2 = 0.994
==== e(   5) =     0.52833 eV ==== 
     psi = 0.010*[#   3]+0.010*[#   4]+0.010*[#   7]+0.010*[#   8]
    |psi|^2 = 0.040
==== e(   6) =     1.43949 eV ==== 
     psi = 0.007*[#   2]+0.007*[#   6]
    |psi|^2 = 0.015
==== e(   7) =     3.23915 eV ==== 

    |psi|^2 = 0.004
==== e(   8) =     3.95529 eV ==== 
     psi = 0.418*[#   2]+0.418*[#   6]
    |psi|^2 = 0.836

 k =   0.0757575758  0.2536842092  0.0000000000
==== e(   1) =   -22.54663 eV ==== 
     psi = 0.357*[#   1]+0.357*[#   5]+0.067*[#   3]+0.067*[#   4]+0.067*[#   7]
          +0.067*[#   8]
    |psi|^2 = 0.982
==== e(   2) =   -10.95639 eV ==== 
     psi = 0.210*[#   3]+0.210*[#   4]+0.210*[#   7]+0.210*[#   8]+0.078*[#   1]
          +0.078*[#   5]
    |psi|^2 = 0.995
==== e(   3) =   -10.40543 eV ==== 
     psi = 0.487*[#   2]+0.487*[#   6]
    |psi|^2 = 0.975
==== e(   4) =    -9.38292 eV ==== 
     psi = 0.243*[#   3]+0.243*[#   4]+0.243*[#   7]+0.243*[#   8]+0.011*[#   1]
          +0.011*[#   5]
    |psi|^2 = 0.995
==== e(   5) =     0.73380 eV ==== 
     psi = 0.010*[#   3]+0.010*[#   4]+0.010*[#   7]+0.010*[#   8]
    |psi|^2 = 0.039
==== e(   6) =     1.64411 eV ==== 
     psi = 0.007*[#   2]+0.007*[#   6]
    |psi|^2 = 0.015
==== e(   7) =     3.44457 eV ==== 
     psi = 0.002*[#   1]+0.002*[#   5]
    |psi|^2 = 0.005
==== e(   8) =     3.60623 eV ==== 
     psi = 0.475*[#   2]+0.475*[#   6]
    |psi|^2 = 0.949

 k =   0.0757575758  0.2711796719  0.0000000000
==== e(   1) =   -22.38661 eV ==== 
     psi = 0.348*[#   1]+0.348*[#   5]+0.072*[#   3]+0.072*[#   4]+0.072*[#   7]
          +0.072*[#   8]
    |psi|^2 = 0.982
==== e(   2) =   -11.32976 eV ==== 
     psi = 0.206*[#   3]+0.206*[#   4]+0.206*[#   7]+0.206*[#   8]+0.085*[#   1]
          +0.085*[#   5]
    |psi|^2 = 0.994
==== e(   3) =   -10.21835 eV ==== 
     psi = 0.489*[#   2]+0.489*[#   6]
    |psi|^2 = 0.978
==== e(   4) =    -9.55217 eV ==== 
     psi = 0.243*[#   3]+0.243*[#   4]+0.243*[#   7]+0.243*[#   8]+0.011*[#   1]
          +0.011*[#   5]
    |psi|^2 = 0.995
==== e(   5) =     0.95380 eV ==== 
     psi = 0.009*[#   3]+0.009*[#   4]+0.009*[#   7]+0.009*[#   8]
    |psi|^2 = 0.037
==== e(   6) =     1.86111 eV ==== 
     psi = 0.008*[#   2]+0.008*[#   6]
    |psi|^2 = 0.016
==== e(   7) =     3.23269 eV ==== 
     psi = 0.476*[#   2]+0.476*[#   6]
    |psi|^2 = 0.952
==== e(   8) =     3.66301 eV ==== 
     psi = 0.003*[#   1]+0.003*[#   5]
    |psi|^2 = 0.008

 k =   0.0757575758  0.2886751346  0.0000000000
==== e(   1) =   -22.21631 eV ==== 
     psi = 0.338*[#   1]+0.338*[#   5]+0.076*[#   3]+0.076*[#   4]+0.076*[#   7]
          +0.076*[#   8]
    |psi|^2 = 0.982
==== e(   2) =   -11.71033 eV ==== 
     psi = 0.203*[#   3]+0.203*[#   4]+0.203*[#   7]+0.203*[#   8]+0.091*[#   1]
          +0.091*[#   5]
    |psi|^2 = 0.994
==== e(   3) =   -10.02020 eV ==== 
     psi = 0.490*[#   2]+0.490*[#   6]
    |psi|^2 = 0.980
==== e(   4) =    -9.71570 eV ==== 
     psi = 0.243*[#   3]+0.243*[#   4]+0.243*[#   7]+0.243*[#   8]+0.011*[#   1]
          +0.011*[#   5]
    |psi|^2 = 0.995
==== e(   5) =     1.18828 eV ==== 
     psi = 0.009*[#   3]+0.009*[#   4]+0.009*[#   7]+0.009*[#   8]
    |psi|^2 = 0.035
==== e(   6) =     2.08495 eV ==== 
     psi = 0.016*[#   2]+0.016*[#   6]
    |psi|^2 = 0.032
==== e(   7) =     2.85560 eV ==== 
     psi = 0.468*[#   2]+0.468*[#   6]
    |psi|^2 = 0.935
==== e(   8) =     3.89164 eV ==== 
     psi = 0.008*[#   1]+0.008*[#   5]+0.001*[#   3]+0.001*[#   4]+0.001*[#   7]
          +0.001*[#   8]
    |psi|^2 = 0.021

 k =   0.0757575758  0.3061705973  0.0000000000
==== e(   1) =   -22.03582 eV ==== 
     psi = 0.330*[#   1]+0.330*[#   5]+0.081*[#   3]+0.081*[#   4]+0.081*[#   7]
          +0.081*[#   8]
    |psi|^2 = 0.982
==== e(   2) =   -12.09618 eV ==== 
     psi = 0.199*[#   3]+0.199*[#   4]+0.199*[#   7]+0.199*[#   8]+0.098*[#   1]
          +0.098*[#   5]
    |psi|^2 = 0.993
==== e(   3) =    -9.87269 eV ==== 
     psi = 0.243*[#   3]+0.243*[#   4]+0.243*[#   7]+0.243*[#   8]+0.012*[#   1]
          +0.012*[#   5]
    |psi|^2 = 0.995
==== e(   4) =    -9.81136 eV ==== 
     psi = 0.491*[#   2]+0.491*[#   6]
    |psi|^2 = 0.983
==== e(   5) =     1.43718 eV ==== 
     psi = 0.008*[#   3]+0.008*[#   4]+0.008*[#   7]+0.008*[#   8]
    |psi|^2 = 0.032
==== e(   6) =     2.25088 eV ==== 
     psi = 0.169*[#   2]+0.169*[#   6]
    |psi|^2 = 0.339
==== e(   7) =     2.54268 eV ==== 
     psi = 0.313*[#   2]+0.313*[#   6]
    |psi|^2 = 0.627
==== e(   8) =     4.11672 eV ==== 
     psi = 0.035*[#   1]+0.035*[#   5]+0.010*[#   3]+0.010*[#   4]+0.010*[#   7]
          +0.010*[#   8]
    |psi|^2 = 0.109

 k =   0.0757575758  0.3236660600  0.0000000000
==== e(   1) =   -21.84525 eV ==== 
     psi = 0.321*[#   1]+0.321*[#   5]+0.085*[#   3]+0.085*[#   4]+0.085*[#   7]
          +0.085*[#   8]
    |psi|^2 = 0.982
==== e(   2) =   -12.48556 eV ==== 
     psi = 0.196*[#   3]+0.196*[#   4]+0.196*[#   7]+0.196*[#   8]+0.104*[#   1]
          +0.104*[#   5]
    |psi|^2 = 0.993
==== e(   3) =   -10.02243 eV ==== 
     psi = 0.243*[#   3]+0.243*[#   4]+0.243*[#   7]+0.243*[#   8]+0.012*[#   1]
          +0.012*[#   5]
    |psi|^2 = 0.995
==== e(   4) =    -9.59230 eV ==== 
     psi = 0.493*[#   2]+0.493*[#   6]
    |psi|^2 = 0.985
==== e(   5) =     1.70042 eV ==== 
     psi = 0.007*[#   3]+0.007*[#   4]+0.007*[#   7]+0.007*[#   8]
    |psi|^2 = 0.029
==== e(   6) =     1.99564 eV ==== 
     psi = 0.447*[#   2]+0.447*[#   6]
    |psi|^2 = 0.895
==== e(   7) =     2.65929 eV ==== 
     psi = 0.035*[#   2]+0.035*[#   6]
    |psi|^2 = 0.069
==== e(   8) =     4.25109 eV ==== 
     psi = 0.162*[#   1]+0.162*[#   5]+0.064*[#   3]+0.064*[#   4]+0.064*[#   7]
          +0.064*[#   8]
    |psi|^2 = 0.582

 k =   0.0757575758  0.3411615227  0.0000000000
==== e(   1) =   -21.64472 eV ==== 
     psi = 0.313*[#   1]+0.313*[#   5]+0.089*[#   3]+0.089*[#   4]+0.089*[#   7]
          +0.089*[#   8]
    |psi|^2 = 0.982
==== e(   2) =   -12.87691 eV ==== 
     psi = 0.193*[#   3]+0.193*[#   4]+0.193*[#   7]+0.193*[#   8]+0.110*[#   1]
          +0.110*[#   5]
    |psi|^2 = 0.992
==== e(   3) =   -10.16432 eV ==== 
     psi = 0.243*[#   3]+0.243*[#   4]+0.243*[#   7]+0.243*[#   8]+0.012*[#   1]
          +0.012*[#   5]
    |psi|^2 = 0.995
==== e(   4) =    -9.36359 eV ==== 
     psi = 0.494*[#   2]+0.494*[#   6]
    |psi|^2 = 0.987
==== e(   5) =     1.60454 eV ==== 
     psi = 0.468*[#   2]+0.468*[#   6]
    |psi|^2 = 0.935
==== e(   6) =     1.97788 eV ==== 
     psi = 0.006*[#   3]+0.006*[#   4]+0.006*[#   7]+0.006*[#   8]
    |psi|^2 = 0.025
==== e(   7) =     2.92212 eV ==== 
     psi = 0.013*[#   2]+0.013*[#   6]
    |psi|^2 = 0.027
==== e(   8) =     4.24153 eV ==== 
     psi = 0.229*[#   1]+0.229*[#   5]+0.089*[#   3]+0.089*[#   4]+0.089*[#   7]
          +0.089*[#   8]
    |psi|^2 = 0.813

 k =   0.0757575758  0.3586569854  0.0000000000
==== e(   1) =   -21.43437 eV ==== 
     psi = 0.306*[#   1]+0.306*[#   5]+0.093*[#   3]+0.093*[#   4]+0.093*[#   7]
          +0.093*[#   8]
    |psi|^2 = 0.982
==== e(   2) =   -13.26881 eV ==== 
     psi = 0.190*[#   3]+0.190*[#   4]+0.190*[#   7]+0.190*[#   8]+0.116*[#   1]
          +0.116*[#   5]
    |psi|^2 = 0.992
==== e(   3) =   -10.29784 eV ==== 
     psi = 0.243*[#   3]+0.243*[#   4]+0.243*[#   7]+0.243*[#   8]+0.012*[#   1]
          +0.012*[#   5]
    |psi|^2 = 0.995
==== e(   4) =    -9.12595 eV ==== 
     psi = 0.495*[#   2]+0.495*[#   6]
    |psi|^2 = 0.989
==== e(   5) =     1.20056 eV ==== 
     psi = 0.472*[#   2]+0.472*[#   6]
    |psi|^2 = 0.944
==== e(   6) =     2.26941 eV ==== 
     psi = 0.005*[#   3]+0.005*[#   4]+0.005*[#   7]+0.005*[#   8]
    |psi|^2 = 0.021
==== e(   7) =     3.21015 eV ==== 
     psi = 0.008*[#   2]+0.008*[#   6]
    |psi|^2 = 0.017
==== e(   8) =     4.19855 eV ==== 
     psi = 0.251*[#   1]+0.251*[#   5]+0.089*[#   3]+0.089*[#   4]+0.089*[#   7]
          +0.089*[#   8]
    |psi|^2 = 0.859

 k =   0.0757575758  0.3761524481  0.0000000000
==== e(   1) =   -21.21439 eV ==== 
     psi = 0.298*[#   1]+0.298*[#   5]+0.096*[#   3]+0.096*[#   4]+0.096*[#   7]
          +0.096*[#   8]
    |psi|^2 = 0.982
==== e(   2) =   -13.65998 eV ==== 
     psi = 0.187*[#   3]+0.187*[#   4]+0.187*[#   7]+0.187*[#   8]+0.122*[#   1]
          +0.122*[#   5]
    |psi|^2 = 0.991
==== e(   3) =   -10.42254 eV ==== 
     psi = 0.243*[#   3]+0.243*[#   4]+0.243*[#   7]+0.243*[#   8]+0.012*[#   1]
          +0.012*[#   5]
    |psi|^2 = 0.995
==== e(   4) =    -8.88026 eV ==== 
     psi = 0.495*[#   2]+0.495*[#   6]
    |psi|^2 = 0.991
==== e(   5) =     0.79410 eV ==== 
     psi = 0.473*[#   2]+0.473*[#   6]
    |psi|^2 = 0.947
==== e(   6) =     2.57470 eV ==== 
     psi = 0.004*[#   3]+0.004*[#   4]+0.004*[#   7]+0.004*[#   8]
    |psi|^2 = 0.017
==== e(   7) =     3.51498 eV ==== 
     psi = 0.006*[#   2]+0.006*[#   6]
    |psi|^2 = 0.012
==== e(   8) =     4.15028 eV ==== 
     psi = 0.264*[#   1]+0.264*[#   5]+0.087*[#   3]+0.087*[#   4]+0.087*[#   7]
          +0.087*[#   8]
    |psi|^2 = 0.875

 k =   0.0757575758  0.3936479108  0.0000000000
==== e(   1) =   -20.98498 eV ==== 
     psi = 0.292*[#   1]+0.292*[#   5]+0.100*[#   3]+0.100*[#   4]+0.100*[#   7]
          +0.100*[#   8]
    |psi|^2 = 0.982
==== e(   2) =   -14.04922 eV ==== 
     psi = 0.184*[#   3]+0.184*[#   4]+0.184*[#   7]+0.184*[#   8]+0.127*[#   1]
          +0.127*[#   5]
    |psi|^2 = 0.991
==== e(   3) =   -10.53803 eV ==== 
     psi = 0.243*[#   3]+0.243*[#   4]+0.243*[#   7]+0.243*[#   8]+0.012*[#   1]
          +0.012*[#   5]
    |psi|^2 = 0.995
==== e(   4) =    -8.62765 eV ==== 
     psi = 0.496*[#   2]+0.496*[#   6]
    |psi|^2 = 0.992
==== e(   5) =     0.38913 eV ==== 
     psi = 0.474*[#   2]+0.474*[#   6]
    |psi|^2 = 0.948
==== e(   6) =     2.89319 eV ==== 
     psi = 0.003*[#   3]+0.003*[#   4]+0.003*[#   7]+0.003*[#   8]+0.001*[#   1]
          +0.001*[#   5]
    |psi|^2 = 0.014
==== e(   7) =     3.83478 eV ==== 
     psi = 0.005*[#   2]+0.005*[#   6]
    |psi|^2 = 0.010
==== e(   8) =     4.10271 eV ==== 
     psi = 0.275*[#   1]+0.275*[#   5]+0.083*[#   3]+0.083*[#   4]+0.083*[#   7]
          +0.083*[#   8]
    |psi|^2 = 0.883

 k =   0.0757575758  0.4111433735  0.0000000000
==== e(   1) =   -20.74642 eV ==== 
     psi = 0.286*[#   1]+0.286*[#   5]+0.103*[#   3]+0.103*[#   4]+0.103*[#   7]
          +0.103*[#   8]
    |psi|^2 = 0.983
==== e(   2) =   -14.43544 eV ==== 
     psi = 0.182*[#   3]+0.182*[#   4]+0.182*[#   7]+0.182*[#   8]+0.132*[#   1]
          +0.132*[#   5]
    |psi|^2 = 0.990
==== e(   3) =   -10.64396 eV ==== 
     psi = 0.243*[#   3]+0.243*[#   4]+0.243*[#   7]+0.243*[#   8]+0.012*[#   1]
          +0.012*[#   5]
    |psi|^2 = 0.995
==== e(   4) =    -8.36957 eV ==== 
     psi = 0.497*[#   2]+0.497*[#   6]
    |psi|^2 = 0.994
==== e(   5) =    -0.01129 eV ==== 
     psi = 0.475*[#   2]+0.475*[#   6]
    |psi|^2 = 0.949
==== e(   6) =     3.22337 eV ==== 
     psi = 0.004*[#   1]+0.004*[#   5]+0.002*[#   3]+0.002*[#   4]+0.002*[#   7]
          +0.002*[#   8]
    |psi|^2 = 0.015
==== e(   7) =     4.05929 eV ==== 
     psi = 0.282*[#   1]+0.282*[#   5]+0.080*[#   3]+0.080*[#   4]+0.080*[#   7]
          +0.080*[#   8]
    |psi|^2 = 0.884
==== e(   8) =     4.16881 eV ==== 
     psi = 0.004*[#   2]+0.004*[#   6]
    |psi|^2 = 0.008

 k =   0.0757575758  0.4286388362  0.0000000000
==== e(   1) =   -20.49904 eV ==== 
     psi = 0.280*[#   1]+0.280*[#   5]+0.106*[#   3]+0.106*[#   4]+0.106*[#   7]
          +0.106*[#   8]
    |psi|^2 = 0.983
==== e(   2) =   -14.81756 eV ==== 
     psi = 0.179*[#   3]+0.179*[#   4]+0.179*[#   7]+0.179*[#   8]+0.137*[#   1]
          +0.137*[#   5]
    |psi|^2 = 0.990
==== e(   3) =   -10.74005 eV ==== 
     psi = 0.243*[#   3]+0.243*[#   4]+0.243*[#   7]+0.243*[#   8]+0.012*[#   1]
          +0.012*[#   5]
    |psi|^2 = 0.995
==== e(   4) =    -8.10793 eV ==== 
     psi = 0.497*[#   2]+0.497*[#   6]
    |psi|^2 = 0.995
==== e(   5) =    -0.40403 eV ==== 
     psi = 0.475*[#   2]+0.475*[#   6]
    |psi|^2 = 0.950
==== e(   6) =     3.55895 eV ==== 
     psi = 0.017*[#   1]+0.017*[#   5]
    |psi|^2 = 0.037
==== e(   7) =     4.02732 eV ==== 
     psi = 0.278*[#   1]+0.278*[#   5]+0.076*[#   3]+0.076*[#   4]+0.076*[#   7]
          +0.076*[#   8]
    |psi|^2 = 0.862
==== e(   8) =     4.51657 eV ==== 
     psi = 0.004*[#   2]+0.004*[#   6]
    |psi|^2 = 0.007

 k =   0.0757575758  0.4461342989  0.0000000000
==== e(   1) =   -20.24334 eV ==== 
     psi = 0.275*[#   1]+0.275*[#   5]+0.108*[#   3]+0.108*[#   4]+0.108*[#   7]
          +0.108*[#   8]
    |psi|^2 = 0.984
==== e(   2) =   -15.19446 eV ==== 
     psi = 0.177*[#   3]+0.177*[#   4]+0.177*[#   7]+0.177*[#   8]+0.141*[#   1]
          +0.141*[#   5]
    |psi|^2 = 0.989
==== e(   3) =   -10.82604 eV ==== 
     psi = 0.243*[#   3]+0.243*[#   4]+0.243*[#   7]+0.243*[#   8]+0.013*[#   1]
          +0.013*[#   5]
    |psi|^2 = 0.995
==== e(   4) =    -7.84529 eV ==== 
     psi = 0.498*[#   2]+0.498*[#   6]
    |psi|^2 = 0.995
==== e(   5) =    -0.78554 eV ==== 
     psi = 0.476*[#   2]+0.476*[#   6]
    |psi|^2 = 0.951
==== e(   6) =     3.84078 eV ==== 
     psi = 0.146*[#   1]+0.146*[#   5]+0.021*[#   3]+0.021*[#   4]+0.021*[#   7]
          +0.021*[#   8]
    |psi|^2 = 0.377
==== e(   7) =     4.06655 eV ==== 
     psi = 0.157*[#   1]+0.157*[#   5]+0.052*[#   3]+0.052*[#   4]+0.052*[#   7]
          +0.052*[#   8]
    |psi|^2 = 0.521
==== e(   8) =     4.87763 eV ==== 
     psi = 0.003*[#   2]+0.003*[#   6]
    |psi|^2 = 0.006

 k =   0.0757575758  0.4636297616  0.0000000000
==== e(   1) =   -19.98001 eV ==== 
     psi = 0.271*[#   1]+0.271*[#   5]+0.111*[#   3]+0.111*[#   4]+0.111*[#   7]
          +0.111*[#   8]
    |psi|^2 = 0.985
==== e(   2) =   -15.56492 eV ==== 
     psi = 0.175*[#   3]+0.175*[#   4]+0.175*[#   7]+0.175*[#   8]+0.144*[#   1]
          +0.144*[#   5]
    |psi|^2 = 0.988
==== e(   3) =   -10.90172 eV ==== 
     psi = 0.243*[#   3]+0.243*[#   4]+0.243*[#   7]+0.243*[#   8]+0.013*[#   1]
          +0.013*[#   5]
    |psi|^2 = 0.995
==== e(   4) =    -7.58512 eV ==== 
     psi = 0.498*[#   2]+0.498*[#   6]
    |psi|^2 = 0.996
==== e(   5) =    -1.15152 eV ==== 
     psi = 0.476*[#   2]+0.476*[#   6]
    |psi|^2 = 0.952
==== e(   6) =     3.88987 eV ==== 
     psi = 0.290*[#   1]+0.290*[#   5]+0.056*[#   3]+0.056*[#   4]+0.056*[#   7]
          +0.056*[#   8]
    |psi|^2 = 0.806
==== e(   7) =     4.35635 eV ==== 
     psi = 0.019*[#   1]+0.019*[#   5]+0.013*[#   3]+0.013*[#   4]+0.013*[#   7]
          +0.013*[#   8]
    |psi|^2 = 0.091
==== e(   8) =     5.25148 eV ==== 
     psi = 0.003*[#   2]+0.003*[#   6]
    |psi|^2 = 0.006

 k =   0.0757575758  0.4811252243  0.0000000000
==== e(   1) =   -19.71012 eV ==== 
     psi = 0.268*[#   1]+0.268*[#   5]+0.112*[#   3]+0.112*[#   4]+0.112*[#   7]
          +0.112*[#   8]
    |psi|^2 = 0.985
==== e(   2) =   -15.92741 eV ==== 
     psi = 0.174*[#   3]+0.174*[#   4]+0.174*[#   7]+0.174*[#   8]+0.147*[#   1]
          +0.147*[#   5]
    |psi|^2 = 0.988
==== e(   3) =   -10.96691 eV ==== 
     psi = 0.242*[#   3]+0.242*[#   4]+0.242*[#   7]+0.242*[#   8]+0.013*[#   1]
          +0.013*[#   5]
    |psi|^2 = 0.995
==== e(   4) =    -7.33217 eV ==== 
     psi = 0.498*[#   2]+0.498*[#   6]
    |psi|^2 = 0.996
==== e(   5) =    -1.49646 eV ==== 
     psi = 0.476*[#   2]+0.476*[#   6]
    |psi|^2 = 0.952
==== e(   6) =     3.87101 eV ==== 
     psi = 0.310*[#   1]+0.310*[#   5]+0.060*[#   3]+0.060*[#   4]+0.060*[#   7]
          +0.060*[#   8]
    |psi|^2 = 0.860
==== e(   7) =     4.73211 eV ==== 
     psi = 0.006*[#   3]+0.006*[#   4]+0.006*[#   7]+0.006*[#   8]+0.005*[#   1]
          +0.005*[#   5]
    |psi|^2 = 0.036
==== e(   8) =     5.63749 eV ==== 
     psi = 0.003*[#   2]+0.003*[#   6]
    |psi|^2 = 0.006

 k =   0.0757575758  0.4986206870  0.0000000000
==== e(   1) =   -19.43555 eV ==== 
     psi = 0.266*[#   1]+0.266*[#   5]+0.113*[#   3]+0.113*[#   4]+0.113*[#   7]
          +0.113*[#   8]
    |psi|^2 = 0.986
==== e(   2) =   -16.27970 eV ==== 
     psi = 0.173*[#   3]+0.173*[#   4]+0.173*[#   7]+0.173*[#   8]+0.148*[#   1]
          +0.148*[#   5]
    |psi|^2 = 0.987
==== e(   3) =   -11.02145 eV ==== 
     psi = 0.242*[#   3]+0.242*[#   4]+0.242*[#   7]+0.242*[#   8]+0.013*[#   1]
          +0.013*[#   5]
    |psi|^2 = 0.995
==== e(   4) =    -7.09304 eV ==== 
     psi = 0.498*[#   2]+0.498*[#   6]
    |psi|^2 = 0.997
==== e(   5) =    -1.81318 eV ==== 
     psi = 0.477*[#   2]+0.477*[#   6]
    |psi|^2 = 0.953
==== e(   6) =     3.84809 eV ==== 
     psi = 0.318*[#   1]+0.318*[#   5]+0.060*[#   3]+0.060*[#   4]+0.060*[#   7]
          +0.060*[#   8]
    |psi|^2 = 0.874
==== e(   7) =     5.12993 eV ==== 
     psi = 0.004*[#   3]+0.004*[#   4]+0.004*[#   7]+0.004*[#   8]+0.002*[#   1]
          +0.002*[#   5]
    |psi|^2 = 0.021
==== e(   8) =     6.03475 eV ==== 
     psi = 0.003*[#   2]+0.003*[#   6]
    |psi|^2 = 0.006

 k =   0.0757575758  0.5161161497  0.0000000000
==== e(   1) =   -19.15977 eV ==== 
     psi = 0.267*[#   1]+0.267*[#   5]+0.113*[#   3]+0.113*[#   4]+0.113*[#   7]
          +0.113*[#   8]
    |psi|^2 = 0.987
==== e(   2) =   -16.61800 eV ==== 
     psi = 0.173*[#   3]+0.173*[#   4]+0.173*[#   7]+0.173*[#   8]+0.146*[#   1]
          +0.146*[#   5]
    |psi|^2 = 0.986
==== e(   3) =   -11.06522 eV ==== 
     psi = 0.242*[#   3]+0.242*[#   4]+0.242*[#   7]+0.242*[#   8]+0.013*[#   1]
          +0.013*[#   5]
    |psi|^2 = 0.995
==== e(   4) =    -6.87669 eV ==== 
     psi = 0.499*[#   2]+0.499*[#   6]
    |psi|^2 = 0.997
==== e(   5) =    -2.09219 eV ==== 
     psi = 0.477*[#   2]+0.477*[#   6]
    |psi|^2 = 0.953
==== e(   6) =     3.82791 eV ==== 
     psi = 0.323*[#   1]+0.323*[#   5]+0.059*[#   3]+0.059*[#   4]+0.059*[#   7]
          +0.059*[#   8]
    |psi|^2 = 0.880
==== e(   7) =     5.54284 eV ==== 
     psi = 0.003*[#   3]+0.003*[#   4]+0.003*[#   7]+0.003*[#   8]+0.001*[#   1]
          +0.001*[#   5]
    |psi|^2 = 0.014
==== e(   8) =     6.44187 eV ==== 
     psi = 0.003*[#   2]+0.003*[#   6]
    |psi|^2 = 0.006

 k =   0.0757575758  0.5336116124  0.0000000000
==== e(   1) =   -18.89038 eV ==== 
     psi = 0.273*[#   1]+0.273*[#   5]+0.111*[#   3]+0.111*[#   4]+0.111*[#   7]
          +0.111*[#   8]
    |psi|^2 = 0.989
==== e(   2) =   -16.93448 eV ==== 
     psi = 0.176*[#   3]+0.176*[#   4]+0.176*[#   7]+0.176*[#   8]+0.141*[#   1]
          +0.141*[#   5]
    |psi|^2 = 0.984
==== e(   3) =   -11.09814 eV ==== 
     psi = 0.242*[#   3]+0.242*[#   4]+0.242*[#   7]+0.242*[#   8]+0.013*[#   1]
          +0.013*[#   5]
    |psi|^2 = 0.995
==== e(   4) =    -6.69487 eV ==== 
     psi = 0.499*[#   2]+0.499*[#   6]
    |psi|^2 = 0.997
==== e(   5) =    -2.32136 eV ==== 
     psi = 0.477*[#   2]+0.477*[#   6]
    |psi|^2 = 0.954
==== e(   6) =     3.81213 eV ==== 
     psi = 0.326*[#   1]+0.326*[#   5]+0.058*[#   3]+0.058*[#   4]+0.058*[#   7]
          +0.058*[#   8]
    |psi|^2 = 0.883
==== e(   7) =     5.96868 eV ==== 
     psi = 0.002*[#   3]+0.002*[#   4]+0.002*[#   7]+0.002*[#   8]+0.001*[#   1]
          +0.001*[#   5]
    |psi|^2 = 0.011
==== e(   8) =     6.85630 eV ==== 
     psi = 0.004*[#   2]+0.004*[#   6]
    |psi|^2 = 0.007

 k =   0.0757575758  0.5511070751  0.0000000000
==== e(   1) =   -18.64644 eV ==== 
     psi = 0.285*[#   1]+0.285*[#   5]+0.105*[#   3]+0.105*[#   4]+0.105*[#   7]
          +0.105*[#   8]
    |psi|^2 = 0.991
==== e(   2) =   -17.20991 eV ==== 
     psi = 0.181*[#   3]+0.181*[#   4]+0.181*[#   7]+0.181*[#   8]+0.128*[#   1]
          +0.128*[#   5]
    |psi|^2 = 0.982
==== e(   3) =   -11.12012 eV ==== 
     psi = 0.242*[#   3]+0.242*[#   4]+0.242*[#   7]+0.242*[#   8]+0.013*[#   1]
          +0.013*[#   5]
    |psi|^2 = 0.995
==== e(   4) =    -6.56154 eV ==== 
     psi = 0.499*[#   2]+0.499*[#   6]
    |psi|^2 = 0.998
==== e(   5) =    -2.48641 eV ==== 
     psi = 0.477*[#   2]+0.477*[#   6]
    |psi|^2 = 0.954
==== e(   6) =     3.80138 eV ==== 
     psi = 0.328*[#   1]+0.328*[#   5]+0.057*[#   3]+0.057*[#   4]+0.057*[#   7]
          +0.057*[#   8]
    |psi|^2 = 0.885
==== e(   7) =     6.40562 eV ==== 
     psi = 0.002*[#   1]+0.002*[#   5]+0.002*[#   3]+0.002*[#   4]+0.002*[#   7]
          +0.002*[#   8]
    |psi|^2 = 0.010
==== e(   8) =     7.27156 eV ==== 
     psi = 0.004*[#   2]+0.004*[#   6]
    |psi|^2 = 0.009

 k =   0.0757575758  0.5686025378  0.0000000000
==== e(   1) =   -18.47946 eV ==== 
     psi = 0.302*[#   1]+0.302*[#   5]+0.097*[#   3]+0.097*[#   4]+0.097*[#   7]
          +0.097*[#   8]
    |psi|^2 = 0.993
==== e(   2) =   -17.39266 eV ==== 
     psi = 0.190*[#   3]+0.190*[#   4]+0.190*[#   7]+0.190*[#   8]+0.111*[#   1]
          +0.111*[#   5]
    |psi|^2 = 0.980
==== e(   3) =   -11.13112 eV ==== 
     psi = 0.242*[#   3]+0.242*[#   4]+0.242*[#   7]+0.242*[#   8]+0.013*[#   1]
          +0.013*[#   5]
    |psi|^2 = 0.995
==== e(   4) =    -6.49042 eV ==== 
     psi = 0.499*[#   2]+0.499*[#   6]
    |psi|^2 = 0.998
==== e(   5) =    -2.57345 eV ==== 
     psi = 0.477*[#   2]+0.477*[#   6]
    |psi|^2 = 0.954
==== e(   6) =     3.79594 eV ==== 
     psi = 0.329*[#   1]+0.329*[#   5]+0.057*[#   3]+0.057*[#   4]+0.057*[#   7]
          +0.057*[#   8]
    |psi|^2 = 0.885
==== e(   7) =     6.84669 eV ==== 
     psi = 0.003*[#   1]+0.003*[#   5]+0.001*[#   3]+0.001*[#   4]+0.001*[#   7]
          +0.001*[#   8]
    |psi|^2 = 0.011
==== e(   8) =     7.33242 eV ==== 
     psi = 0.003*[#   1]+0.003*[#   5]+0.002*[#   3]+0.002*[#   4]+0.002*[#   7]
          +0.002*[#   8]
    |psi|^2 = 0.012

 k =   0.0909090909  0.1574591643  0.0000000000
==== e(   1) =   -23.19541 eV ==== 
     psi = 0.410*[#   1]+0.410*[#   5]+0.041*[#   3]+0.041*[#   4]+0.041*[#   7]
          +0.041*[#   8]
    |psi|^2 = 0.983
==== e(   2) =   -11.17124 eV ==== 
     psi = 0.481*[#   2]+0.481*[#   6]
    |psi|^2 = 0.962
==== e(   3) =    -9.24977 eV ==== 
     psi = 0.227*[#   3]+0.227*[#   4]+0.227*[#   7]+0.227*[#   8]+0.044*[#   1]
          +0.044*[#   5]
    |psi|^2 = 0.998
==== e(   4) =    -8.49790 eV ==== 
     psi = 0.245*[#   3]+0.245*[#   4]+0.245*[#   7]+0.245*[#   8]+0.007*[#   1]
          +0.007*[#   5]
    |psi|^2 = 0.994
==== e(   5) =    -0.15486 eV ==== 
     psi = 0.009*[#   3]+0.009*[#   4]+0.009*[#   7]+0.009*[#   8]
    |psi|^2 = 0.038
==== e(   6) =     0.75453 eV ==== 
     psi = 0.010*[#   2]+0.010*[#   6]
    |psi|^2 = 0.020
==== e(   7) =     2.55276 eV ==== 

    |psi|^2 = 0.004
==== e(   8) =     3.45539 eV ==== 
     psi = 0.005*[#   2]+0.005*[#   6]
    |psi|^2 = 0.010

 k =   0.0909090909  0.1749546270  0.0000000000
==== e(   1) =   -23.09320 eV ==== 
     psi = 0.399*[#   1]+0.399*[#   5]+0.046*[#   3]+0.046*[#   4]+0.046*[#   7]
          +0.046*[#   8]
    |psi|^2 = 0.983
==== e(   2) =   -11.04988 eV ==== 
     psi = 0.482*[#   2]+0.482*[#   6]
    |psi|^2 = 0.964
==== e(   3) =    -9.52503 eV ==== 
     psi = 0.225*[#   3]+0.225*[#   4]+0.225*[#   7]+0.225*[#   8]+0.050*[#   1]
          +0.050*[#   5]
    |psi|^2 = 0.997
==== e(   4) =    -8.68430 eV ==== 
     psi = 0.244*[#   3]+0.244*[#   4]+0.244*[#   7]+0.244*[#   8]+0.009*[#   1]
          +0.009*[#   5]
    |psi|^2 = 0.994
==== e(   5) =    -0.01517 eV ==== 
     psi = 0.010*[#   3]+0.010*[#   4]+0.010*[#   7]+0.010*[#   8]
    |psi|^2 = 0.040
==== e(   6) =     0.89490 eV ==== 
     psi = 0.009*[#   2]+0.009*[#   6]
    |psi|^2 = 0.019
==== e(   7) =     2.69341 eV ==== 

    |psi|^2 = 0.004
==== e(   8) =     3.59406 eV ==== 
     psi = 0.005*[#   2]+0.005*[#   6]
    |psi|^2 = 0.010

 k =   0.0909090909  0.1924500897  0.0000000000
==== e(   1) =   -22.98037 eV ==== 
     psi = 0.389*[#   1]+0.389*[#   5]+0.051*[#   3]+0.051*[#   4]+0.051*[#   7]
          +0.051*[#   8]
    |psi|^2 = 0.983
==== e(   2) =   -10.91618 eV ==== 
     psi = 0.483*[#   2]+0.483*[#   6]
    |psi|^2 = 0.966
==== e(   3) =    -9.82060 eV ==== 
     psi = 0.221*[#   3]+0.221*[#   4]+0.221*[#   7]+0.221*[#   8]+0.056*[#   1]
          +0.056*[#   5]
    |psi|^2 = 0.997
==== e(   4) =    -8.87431 eV ==== 
     psi = 0.243*[#   3]+0.243*[#   4]+0.243*[#   7]+0.243*[#   8]+0.010*[#   1]
          +0.010*[#   5]
    |psi|^2 = 0.994
==== e(   5) =     0.13918 eV ==== 
     psi = 0.010*[#   3]+0.010*[#   4]+0.010*[#   7]+0.010*[#   8]
    |psi|^2 = 0.041
==== e(   6) =     1.04988 eV ==== 
     psi = 0.009*[#   2]+0.009*[#   6]
    |psi|^2 = 0.017
==== e(   7) =     2.84879 eV ==== 

    |psi|^2 = 0.004
==== e(   8) =     3.74685 eV ==== 
     psi = 0.005*[#   2]+0.005*[#   6]
    |psi|^2 = 0.009

 k =   0.0909090909  0.2099455524  0.0000000000
==== e(   1) =   -22.85698 eV ==== 
     psi = 0.379*[#   1]+0.379*[#   5]+0.056*[#   3]+0.056*[#   4]+0.056*[#   7]
          +0.056*[#   8]
    |psi|^2 = 0.982
==== e(   2) =   -10.77031 eV ==== 
     psi = 0.485*[#   2]+0.485*[#   6]
    |psi|^2 = 0.969
==== e(   3) =   -10.13494 eV ==== 
     psi = 0.218*[#   3]+0.218*[#   4]+0.218*[#   7]+0.218*[#   8]+0.062*[#   1]
          +0.062*[#   5]
    |psi|^2 = 0.997
==== e(   4) =    -9.06461 eV ==== 
     psi = 0.243*[#   3]+0.243*[#   4]+0.243*[#   7]+0.243*[#   8]+0.012*[#   1]
          +0.012*[#   5]
    |psi|^2 = 0.993
==== e(   5) =     0.30818 eV ==== 
     psi = 0.010*[#   3]+0.010*[#   4]+0.010*[#   7]+0.010*[#   8]
    |psi|^2 = 0.041
==== e(   6) =     1.21937 eV ==== 
     psi = 0.008*[#   2]+0.008*[#   6]
    |psi|^2 = 0.016
==== e(   7) =     3.01884 eV ==== 

    |psi|^2 = 0.004
==== e(   8) =     3.91252 eV ==== 
     psi = 0.006*[#   2]+0.006*[#   6]
    |psi|^2 = 0.012

 k =   0.0909090909  0.2274410151  0.0000000000
==== e(   1) =   -22.72307 eV ==== 
     psi = 0.369*[#   1]+0.369*[#   5]+0.061*[#   3]+0.061*[#   4]+0.061*[#   7]
          +0.061*[#   8]
    |psi|^2 = 0.982
==== e(   2) =   -10.61244 eV ==== 
     psi = 0.486*[#   2]+0.486*[#   6]
    |psi|^2 = 0.972
==== e(   3) =   -10.46606 eV ==== 
     psi = 0.215*[#   3]+0.215*[#   4]+0.215*[#   7]+0.215*[#   8]+0.068*[#   1]
          +0.068*[#   5]
    |psi|^2 = 0.996
==== e(   4) =    -9.25272 eV ==== 
     psi = 0.242*[#   3]+0.242*[#   4]+0.242*[#   7]+0.242*[#   8]+0.013*[#   1]
          +0.013*[#   5]
    |psi|^2 = 0.993
==== e(   5) =     0.49179 eV ==== 
     psi = 0.010*[#   3]+0.010*[#   4]+0.010*[#   7]+0.010*[#   8]
    |psi|^2 = 0.041
==== e(   6) =     1.40323 eV ==== 
     psi = 0.007*[#   2]+0.007*[#   6]
    |psi|^2 = 0.015
==== e(   7) =     3.20344 eV ==== 

    |psi|^2 = 0.004
==== e(   8) =     4.02641 eV ==== 
     psi = 0.331*[#   2]+0.331*[#   6]
    |psi|^2 = 0.662

 k =   0.0909090909  0.2449364778  0.0000000000
==== e(   1) =   -22.57871 eV ==== 
     psi = 0.359*[#   1]+0.359*[#   5]+0.066*[#   3]+0.066*[#   4]+0.066*[#   7]
          +0.066*[#   8]
    |psi|^2 = 0.982
==== e(   2) =   -10.81166 eV ==== 
     psi = 0.211*[#   3]+0.211*[#   4]+0.211*[#   7]+0.211*[#   8]+0.075*[#   1]
          +0.075*[#   5]
    |psi|^2 = 0.996
==== e(   3) =   -10.44278 eV ==== 
     psi = 0.487*[#   2]+0.487*[#   6]
    |psi|^2 = 0.974
==== e(   4) =    -9.43682 eV ==== 
     psi = 0.242*[#   3]+0.242*[#   4]+0.242*[#   7]+0.242*[#   8]+0.013*[#   1]
          +0.013*[#   5]
    |psi|^2 = 0.993
==== e(   5) =     0.69000 eV ==== 
     psi = 0.010*[#   3]+0.010*[#   4]+0.010*[#   7]+0.010*[#   8]
    |psi|^2 = 0.040
==== e(   6) =     1.60114 eV ==== 
     psi = 0.007*[#   2]+0.007*[#   6]
    |psi|^2 = 0.014
==== e(   7) =     3.40240 eV ==== 

    |psi|^2 = 0.004
==== e(   8) =     3.69840 eV ==== 
     psi = 0.477*[#   2]+0.477*[#   6]
    |psi|^2 = 0.955

 k =   0.0909090909  0.2624319405  0.0000000000
==== e(   1) =   -22.42396 eV ==== 
     psi = 0.350*[#   1]+0.350*[#   5]+0.071*[#   3]+0.071*[#   4]+0.071*[#   7]
          +0.071*[#   8]
    |psi|^2 = 0.982
==== e(   2) =   -11.16937 eV ==== 
     psi = 0.208*[#   3]+0.208*[#   4]+0.208*[#   7]+0.208*[#   8]+0.082*[#   1]
          +0.082*[#   5]
    |psi|^2 = 0.995
==== e(   3) =   -10.26159 eV ==== 
     psi = 0.489*[#   2]+0.489*[#   6]
    |psi|^2 = 0.977
==== e(   4) =    -9.61558 eV ==== 
     psi = 0.241*[#   3]+0.241*[#   4]+0.241*[#   7]+0.241*[#   8]+0.014*[#   1]
          +0.014*[#   5]
    |psi|^2 = 0.994
==== e(   5) =     0.90275 eV ==== 
     psi = 0.009*[#   3]+0.009*[#   4]+0.009*[#   7]+0.009*[#   8]
    |psi|^2 = 0.038
==== e(   6) =     1.81237 eV ==== 
     psi = 0.007*[#   2]+0.007*[#   6]
    |psi|^2 = 0.014
==== e(   7) =     3.33488 eV ==== 
     psi = 0.479*[#   2]+0.479*[#   6]
    |psi|^2 = 0.958
==== e(   8) =     3.61534 eV ==== 
     psi = 0.002*[#   1]+0.002*[#   5]
    |psi|^2 = 0.005

 k =   0.0909090909  0.2799274032  0.0000000000
==== e(   1) =   -22.25890 eV ==== 
     psi = 0.341*[#   1]+0.341*[#   5]+0.075*[#   3]+0.075*[#   4]+0.075*[#   7]
          +0.075*[#   8]
    |psi|^2 = 0.982
==== e(   2) =   -11.53687 eV ==== 
     psi = 0.204*[#   3]+0.204*[#   4]+0.204*[#   7]+0.204*[#   8]+0.088*[#   1]
          +0.088*[#   5]
    |psi|^2 = 0.994
==== e(   3) =   -10.06916 eV ==== 
     psi = 0.490*[#   2]+0.490*[#   6]
    |psi|^2 = 0.980
==== e(   4) =    -9.78800 eV ==== 
     psi = 0.241*[#   3]+0.241*[#   4]+0.241*[#   7]+0.241*[#   8]+0.015*[#   1]
          +0.015*[#   5]
    |psi|^2 = 0.994
==== e(   5) =     1.13002 eV ==== 
     psi = 0.009*[#   3]+0.009*[#   4]+0.009*[#   7]+0.009*[#   8]
    |psi|^2 = 0.036
==== e(   6) =     2.03428 eV ==== 
     psi = 0.010*[#   2]+0.010*[#   6]
    |psi|^2 = 0.020
==== e(   7) =     2.96343 eV ==== 
     psi = 0.476*[#   2]+0.476*[#   6]
    |psi|^2 = 0.951
==== e(   8) =     3.84141 eV ==== 
     psi = 0.003*[#   1]+0.003*[#   5]
    |psi|^2 = 0.008

 k =   0.0909090909  0.2974228659  0.0000000000
==== e(   1) =   -22.08362 eV ==== 
     psi = 0.332*[#   1]+0.332*[#   5]+0.080*[#   3]+0.080*[#   4]+0.080*[#   7]
          +0.080*[#   8]
    |psi|^2 = 0.982
==== e(   2) =   -11.91196 eV ==== 
     psi = 0.201*[#   3]+0.201*[#   4]+0.201*[#   7]+0.201*[#   8]+0.095*[#   1]
          +0.095*[#   5]
    |psi|^2 = 0.994
==== e(   3) =    -9.95332 eV ==== 
     psi = 0.241*[#   3]+0.241*[#   4]+0.241*[#   7]+0.241*[#   8]+0.015*[#   1]
          +0.015*[#   5]
    |psi|^2 = 0.994
==== e(   4) =    -9.86584 eV ==== 
     psi = 0.491*[#   2]+0.491*[#   6]
    |psi|^2 = 0.982
==== e(   5) =     1.37174 eV ==== 
     psi = 0.008*[#   3]+0.008*[#   4]+0.008*[#   7]+0.008*[#   8]
    |psi|^2 = 0.033
==== e(   6) =     2.24548 eV ==== 
     psi = 0.057*[#   2]+0.057*[#   6]
    |psi|^2 = 0.114
==== e(   7) =     2.60805 eV ==== 
     psi = 0.427*[#   2]+0.427*[#   6]
    |psi|^2 = 0.855
==== e(   8) =     4.07797 eV ==== 
     psi = 0.008*[#   1]+0.008*[#   5]+0.001*[#   3]+0.001*[#   4]+0.001*[#   7]
          +0.001*[#   8]
    |psi|^2 = 0.020

 k =   0.0909090909  0.3149183286  0.0000000000
==== e(   1) =   -21.89821 eV ==== 
     psi = 0.323*[#   1]+0.323*[#   5]+0.084*[#   3]+0.084*[#   4]+0.084*[#   7]
          +0.084*[#   8]
    |psi|^2 = 0.982
==== e(   2) =   -12.29264 eV ==== 
     psi = 0.198*[#   3]+0.198*[#   4]+0.198*[#   7]+0.198*[#   8]+0.101*[#   1]
          +0.101*[#   5]
    |psi|^2 = 0.993
==== e(   3) =   -10.11089 eV ==== 
     psi = 0.241*[#   3]+0.241*[#   4]+0.241*[#   7]+0.241*[#   8]+0.016*[#   1]
          +0.016*[#   5]
    |psi|^2 = 0.994
==== e(   4) =    -9.65207 eV ==== 
     psi = 0.492*[#   2]+0.492*[#   6]
    |psi|^2 = 0.984
==== e(   5) =     1.62785 eV ==== 
     psi = 0.008*[#   3]+0.008*[#   4]+0.008*[#   7]+0.008*[#   8]
    |psi|^2 = 0.030
==== e(   6) =     2.12926 eV ==== 
     psi = 0.432*[#   2]+0.432*[#   6]
    |psi|^2 = 0.865
==== e(   7) =     2.58740 eV ==== 
     psi = 0.051*[#   2]+0.051*[#   6]
    |psi|^2 = 0.103
==== e(   8) =     4.31259 eV ==== 
     psi = 0.031*[#   1]+0.031*[#   5]+0.009*[#   3]+0.009*[#   4]+0.009*[#   7]
          +0.009*[#   8]
    |psi|^2 = 0.099

 k =   0.0909090909  0.3324137914  0.0000000000
==== e(   1) =   -21.70281 eV ==== 
     psi = 0.315*[#   1]+0.315*[#   5]+0.088*[#   3]+0.088*[#   4]+0.088*[#   7]
          +0.088*[#   8]
    |psi|^2 = 0.982
==== e(   2) =   -12.67707 eV ==== 
     psi = 0.195*[#   3]+0.195*[#   4]+0.195*[#   7]+0.195*[#   8]+0.107*[#   1]
          +0.107*[#   5]
    |psi|^2 = 0.993
==== e(   3) =   -10.26020 eV ==== 
     psi = 0.241*[#   3]+0.241*[#   4]+0.241*[#   7]+0.241*[#   8]+0.016*[#   1]
          +0.016*[#   5]
    |psi|^2 = 0.994
==== e(   4) =    -9.42834 eV ==== 
     psi = 0.493*[#   2]+0.493*[#   6]
    |psi|^2 = 0.987
==== e(   5) =     1.75175 eV ==== 
     psi = 0.468*[#   2]+0.468*[#   6]
    |psi|^2 = 0.937
==== e(   6) =     1.89827 eV ==== 
     psi = 0.007*[#   3]+0.007*[#   4]+0.007*[#   7]+0.007*[#   8]
    |psi|^2 = 0.027
==== e(   7) =     2.83719 eV ==== 
     psi = 0.014*[#   2]+0.014*[#   6]
    |psi|^2 = 0.029
==== e(   8) =     4.46129 eV ==== 
     psi = 0.157*[#   1]+0.157*[#   5]+0.062*[#   3]+0.062*[#   4]+0.062*[#   7]
          +0.062*[#   8]
    |psi|^2 = 0.563

 k =   0.0909090909  0.3499092541  0.0000000000
==== e(   1) =   -21.49753 eV ==== 
     psi = 0.308*[#   1]+0.308*[#   5]+0.092*[#   3]+0.092*[#   4]+0.092*[#   7]
          +0.092*[#   8]
    |psi|^2 = 0.982
==== e(   2) =   -13.06362 eV ==== 
     psi = 0.192*[#   3]+0.192*[#   4]+0.192*[#   7]+0.192*[#   8]+0.113*[#   1]
          +0.113*[#   5]
    |psi|^2 = 0.992
==== e(   3) =   -10.40080 eV ==== 
     psi = 0.240*[#   3]+0.240*[#   4]+0.240*[#   7]+0.240*[#   8]+0.016*[#   1]
          +0.016*[#   5]
    |psi|^2 = 0.994
==== e(   4) =    -9.19530 eV ==== 
     psi = 0.494*[#   2]+0.494*[#   6]
    |psi|^2 = 0.989
==== e(   5) =     1.35472 eV ==== 
     psi = 0.473*[#   2]+0.473*[#   6]
    |psi|^2 = 0.947
==== e(   6) =     2.18288 eV ==== 
     psi = 0.006*[#   3]+0.006*[#   4]+0.006*[#   7]+0.006*[#   8]
    |psi|^2 = 0.023
==== e(   7) =     3.11748 eV ==== 
     psi = 0.008*[#   2]+0.008*[#   6]
    |psi|^2 = 0.017
==== e(   8) =     4.45743 eV ==== 
     psi = 0.228*[#   1]+0.228*[#   5]+0.089*[#   3]+0.089*[#   4]+0.089*[#   7]
          +0.089*[#   8]
    |psi|^2 = 0.810

 k =   0.0909090909  0.3674047168  0.0000000000
==== e(   1) =   -21.28254 eV ==== 
     psi = 0.300*[#   1]+0.300*[#   5]+0.095*[#   3]+0.095*[#   4]+0.095*[#   7]
          +0.095*[#   8]
    |psi|^2 = 0.982
==== e(   2) =   -13.45081 eV ==== 
     psi = 0.189*[#   3]+0.189*[#   4]+0.189*[#   7]+0.189*[#   8]+0.119*[#   1]
          +0.119*[#   5]
    |psi|^2 = 0.992
==== e(   3) =   -10.53229 eV ==== 
     psi = 0.240*[#   3]+0.240*[#   4]+0.240*[#   7]+0.240*[#   8]+0.016*[#   1]
          +0.016*[#   5]
    |psi|^2 = 0.994
==== e(   4) =    -8.95373 eV ==== 
     psi = 0.495*[#   2]+0.495*[#   6]
    |psi|^2 = 0.990
==== e(   5) =     0.95347 eV ==== 
     psi = 0.475*[#   2]+0.475*[#   6]
    |psi|^2 = 0.950
==== e(   6) =     2.48150 eV ==== 
     psi = 0.005*[#   3]+0.005*[#   4]+0.005*[#   7]+0.005*[#   8]
    |psi|^2 = 0.020
==== e(   7) =     3.41484 eV ==== 
     psi = 0.006*[#   2]+0.006*[#   6]
    |psi|^2 = 0.012
==== e(   8) =     4.41691 eV ==== 
     psi = 0.249*[#   1]+0.249*[#   5]+0.090*[#   3]+0.090*[#   4]+0.090*[#   7]
          +0.090*[#   8]
    |psi|^2 = 0.856

 k =   0.0909090909  0.3849001795  0.0000000000
==== e(   1) =   -21.05804 eV ==== 
     psi = 0.294*[#   1]+0.294*[#   5]+0.099*[#   3]+0.099*[#   4]+0.099*[#   7]
          +0.099*[#   8]
    |psi|^2 = 0.982
==== e(   2) =   -13.83728 eV ==== 
     psi = 0.186*[#   3]+0.186*[#   4]+0.186*[#   7]+0.186*[#   8]+0.124*[#   1]
          +0.124*[#   5]
    |psi|^2 = 0.991
==== e(   3) =   -10.65435 eV ==== 
     psi = 0.240*[#   3]+0.240*[#   4]+0.240*[#   7]+0.240*[#   8]+0.017*[#   1]
          +0.017*[#   5]
    |psi|^2 = 0.995
==== e(   4) =    -8.70460 eV ==== 
     psi = 0.496*[#   2]+0.496*[#   6]
    |psi|^2 = 0.992
==== e(   5) =     0.55213 eV ==== 
     psi = 0.476*[#   2]+0.476*[#   6]
    |psi|^2 = 0.951
==== e(   6) =     2.79385 eV ==== 
     psi = 0.004*[#   3]+0.004*[#   4]+0.004*[#   7]+0.004*[#   8]
    |psi|^2 = 0.016
==== e(   7) =     3.72715 eV ==== 
     psi = 0.005*[#   2]+0.005*[#   6]
    |psi|^2 = 0.010
==== e(   8) =     4.37072 eV ==== 
     psi = 0.262*[#   1]+0.262*[#   5]+0.087*[#   3]+0.087*[#   4]+0.087*[#   7]
          +0.087*[#   8]
    |psi|^2 = 0.872

 k =   0.0909090909  0.4023956422  0.0000000000
==== e(   1) =   -20.82426 eV ==== 
     psi = 0.287*[#   1]+0.287*[#   5]+0.102*[#   3]+0.102*[#   4]+0.102*[#   7]
          +0.102*[#   8]
    |psi|^2 = 0.983
==== e(   2) =   -14.22181 eV ==== 
     psi = 0.183*[#   3]+0.183*[#   4]+0.183*[#   7]+0.183*[#   8]+0.129*[#   1]
          +0.129*[#   5]
    |psi|^2 = 0.991
==== e(   3) =   -10.76668 eV ==== 
     psi = 0.240*[#   3]+0.240*[#   4]+0.240*[#   7]+0.240*[#   8]+0.017*[#   1]
          +0.017*[#   5]
    |psi|^2 = 0.995
==== e(   4) =    -8.44919 eV ==== 
     psi = 0.497*[#   2]+0.497*[#   6]
    |psi|^2 = 0.993
==== e(   5) =     0.15362 eV ==== 
     psi = 0.476*[#   2]+0.476*[#   6]
    |psi|^2 = 0.952
==== e(   6) =     3.11936 eV ==== 
     psi = 0.003*[#   3]+0.003*[#   4]+0.003*[#   7]+0.003*[#   8]+0.002*[#   1]
          +0.002*[#   5]
    |psi|^2 = 0.014
==== e(   7) =     4.05360 eV ==== 
     psi = 0.004*[#   2]+0.004*[#   6]
    |psi|^2 = 0.008
==== e(   8) =     4.32514 eV ==== 
     psi = 0.273*[#   1]+0.273*[#   5]+0.083*[#   3]+0.083*[#   4]+0.083*[#   7]
          +0.083*[#   8]
    |psi|^2 = 0.879

 k =   0.0909090909  0.4198911049  0.0000000000
==== e(   1) =   -20.58152 eV ==== 
     psi = 0.281*[#   1]+0.281*[#   5]+0.105*[#   3]+0.105*[#   4]+0.105*[#   7]
          +0.105*[#   8]
    |psi|^2 = 0.983
==== e(   2) =   -14.60323 eV ==== 
     psi = 0.180*[#   3]+0.180*[#   4]+0.180*[#   7]+0.180*[#   8]+0.134*[#   1]
          +0.134*[#   5]
    |psi|^2 = 0.990
==== e(   3) =   -10.86901 eV ==== 
     psi = 0.240*[#   3]+0.240*[#   4]+0.240*[#   7]+0.240*[#   8]+0.017*[#   1]
          +0.017*[#   5]
    |psi|^2 = 0.995
==== e(   4) =    -8.18913 eV ==== 
     psi = 0.497*[#   2]+0.497*[#   6]
    |psi|^2 = 0.994
==== e(   5) =    -0.23919 eV ==== 
     psi = 0.476*[#   2]+0.476*[#   6]
    |psi|^2 = 0.953
==== e(   6) =     3.45650 eV ==== 
     psi = 0.004*[#   1]+0.004*[#   5]+0.001*[#   3]+0.001*[#   4]+0.001*[#   7]
          +0.001*[#   8]
    |psi|^2 = 0.014
==== e(   7) =     4.28371 eV ==== 
     psi = 0.279*[#   1]+0.279*[#   5]+0.080*[#   3]+0.080*[#   4]+0.080*[#   7]
          +0.080*[#   8]
    |psi|^2 = 0.879
==== e(   8) =     4.39370 eV ==== 
     psi = 0.003*[#   2]+0.003*[#   6]
    |psi|^2 = 0.007

 k =   0.0909090909  0.4373865676  0.0000000000
==== e(   1) =   -20.33022 eV ==== 
     psi = 0.276*[#   1]+0.276*[#   5]+0.108*[#   3]+0.108*[#   4]+0.108*[#   7]
          +0.108*[#   8]
    |psi|^2 = 0.984
==== e(   2) =   -14.98037 eV ==== 
     psi = 0.178*[#   3]+0.178*[#   4]+0.178*[#   7]+0.178*[#   8]+0.139*[#   1]
          +0.139*[#   5]
    |psi|^2 = 0.990
==== e(   3) =   -10.96114 eV ==== 
     psi = 0.240*[#   3]+0.240*[#   4]+0.240*[#   7]+0.240*[#   8]+0.017*[#   1]
          +0.017*[#   5]
    |psi|^2 = 0.995
==== e(   4) =    -7.92661 eV ==== 
     psi = 0.498*[#   2]+0.498*[#   6]
    |psi|^2 = 0.995
==== e(   5) =    -0.62309 eV ==== 
     psi = 0.477*[#   2]+0.477*[#   6]
    |psi|^2 = 0.953
==== e(   6) =     3.79884 eV ==== 
     psi = 0.017*[#   1]+0.017*[#   5]
    |psi|^2 = 0.038
==== e(   7) =     4.25388 eV ==== 
     psi = 0.275*[#   1]+0.275*[#   5]+0.076*[#   3]+0.076*[#   4]+0.076*[#   7]
          +0.076*[#   8]
    |psi|^2 = 0.855
==== e(   8) =     4.74699 eV ==== 
     psi = 0.003*[#   2]+0.003*[#   6]
    |psi|^2 = 0.006

 k =   0.0909090909  0.4548820303  0.0000000000
==== e(   1) =   -20.07094 eV ==== 
     psi = 0.272*[#   1]+0.272*[#   5]+0.110*[#   3]+0.110*[#   4]+0.110*[#   7]
          +0.110*[#   8]
    |psi|^2 = 0.984
==== e(   2) =   -15.35204 eV ==== 
     psi = 0.176*[#   3]+0.176*[#   4]+0.176*[#   7]+0.176*[#   8]+0.143*[#   1]
          +0.143*[#   5]
    |psi|^2 = 0.989
==== e(   3) =   -11.04285 eV ==== 
     psi = 0.240*[#   3]+0.240*[#   4]+0.240*[#   7]+0.240*[#   8]+0.017*[#   1]
          +0.017*[#   5]
    |psi|^2 = 0.995
==== e(   4) =    -7.66455 eV ==== 
     psi = 0.498*[#   2]+0.498*[#   6]
    |psi|^2 = 0.996
==== e(   5) =    -0.99427 eV ==== 
     psi = 0.477*[#   2]+0.477*[#   6]
    |psi|^2 = 0.954
==== e(   6) =     4.08140 eV ==== 
     psi = 0.157*[#   1]+0.157*[#   5]+0.025*[#   3]+0.025*[#   4]+0.025*[#   7]
          +0.025*[#   8]
    |psi|^2 = 0.414
==== e(   7) =     4.30124 eV ==== 
     psi = 0.143*[#   1]+0.143*[#   5]+0.048*[#   3]+0.048*[#   4]+0.048*[#   7]
          +0.048*[#   8]
    |psi|^2 = 0.479
==== e(   8) =     5.11293 eV ==== 
     psi = 0.003*[#   2]+0.003*[#   6]
    |psi|^2 = 0.006

 k =   0.0909090909  0.4723774930  0.0000000000
==== e(   1) =   -19.80455 eV ==== 
     psi = 0.268*[#   1]+0.268*[#   5]+0.112*[#   3]+0.112*[#   4]+0.112*[#   7]
          +0.112*[#   8]
    |psi|^2 = 0.985
==== e(   2) =   -15.71684 eV ==== 
     psi = 0.174*[#   3]+0.174*[#   4]+0.174*[#   7]+0.174*[#   8]+0.146*[#   1]
          +0.146*[#   5]
    |psi|^2 = 0.988
==== e(   3) =   -11.11398 eV ==== 
     psi = 0.240*[#   3]+0.240*[#   4]+0.240*[#   7]+0.240*[#   8]+0.017*[#   1]
          +0.017*[#   5]
    |psi|^2 = 0.995
==== e(   4) =    -7.40699 eV ==== 
     psi = 0.498*[#   2]+0.498*[#   6]
    |psi|^2 = 0.996
==== e(   5) =    -1.34794 eV ==== 
     psi = 0.477*[#   2]+0.477*[#   6]
    |psi|^2 = 0.954
==== e(   6) =     4.12445 eV ==== 
     psi = 0.289*[#   1]+0.289*[#   5]+0.059*[#   3]+0.059*[#   4]+0.059*[#   7]
          +0.059*[#   8]
    |psi|^2 = 0.814
==== e(   7) =     4.60583 eV ==== 
     psi = 0.016*[#   1]+0.016*[#   5]+0.011*[#   3]+0.011*[#   4]+0.011*[#   7]
          +0.011*[#   8]
    |psi|^2 = 0.078
==== e(   8) =     5.49086 eV ==== 
     psi = 0.003*[#   2]+0.003*[#   6]
    |psi|^2 = 0.005

 k =   0.0909090909  0.4898729557  0.0000000000
==== e(   1) =   -19.53245 eV ==== 
     psi = 0.266*[#   1]+0.266*[#   5]+0.114*[#   3]+0.114*[#   4]+0.114*[#   7]
          +0.114*[#   8]
    |psi|^2 = 0.986
==== e(   2) =   -16.07291 eV ==== 
     psi = 0.173*[#   3]+0.173*[#   4]+0.173*[#   7]+0.173*[#   8]+0.147*[#   1]
          +0.147*[#   5]
    |psi|^2 = 0.987
==== e(   3) =   -11.17440 eV ==== 
     psi = 0.240*[#   3]+0.240*[#   4]+0.240*[#   7]+0.240*[#   8]+0.017*[#   1]
          +0.017*[#   5]
    |psi|^2 = 0.995
==== e(   4) =    -7.15948 eV ==== 
     psi = 0.498*[#   2]+0.498*[#   6]
    |psi|^2 = 0.997
==== e(   5) =    -1.67787 eV ==== 
     psi = 0.477*[#   2]+0.477*[#   6]
    |psi|^2 = 0.955
==== e(   6) =     4.10662 eV ==== 
     psi = 0.307*[#   1]+0.307*[#   5]+0.062*[#   3]+0.062*[#   4]+0.062*[#   7]
          +0.062*[#   8]
    |psi|^2 = 0.860
==== e(   7) =     4.98917 eV ==== 
     psi = 0.005*[#   3]+0.005*[#   4]+0.005*[#   7]+0.005*[#   8]+0.004*[#   1]
          +0.004*[#   5]
    |psi|^2 = 0.031
==== e(   8) =     5.87982 eV ==== 
     psi = 0.003*[#   2]+0.003*[#   6]
    |psi|^2 = 0.006

 k =   0.0909090909  0.5073684184  0.0000000000
==== e(   1) =   -19.25715 eV ==== 
     psi = 0.265*[#   1]+0.265*[#   5]+0.114*[#   3]+0.114*[#   4]+0.114*[#   7]
          +0.114*[#   8]
    |psi|^2 = 0.987
==== e(   2) =   -16.41739 eV ==== 
     psi = 0.173*[#   3]+0.173*[#   4]+0.173*[#   7]+0.173*[#   8]+0.147*[#   1]
          +0.147*[#   5]
    |psi|^2 = 0.986
==== e(   3) =   -11.22399 eV ==== 
     psi = 0.240*[#   3]+0.240*[#   4]+0.240*[#   7]+0.240*[#   8]+0.017*[#   1]
          +0.017*[#   5]
    |psi|^2 = 0.995
==== e(   4) =    -6.92973 eV ==== 
     psi = 0.498*[#   2]+0.498*[#   6]
    |psi|^2 = 0.997
==== e(   5) =    -1.97581 eV ==== 
     psi = 0.478*[#   2]+0.478*[#   6]
    |psi|^2 = 0.955
==== e(   6) =     4.08582 eV ==== 
     psi = 0.314*[#   1]+0.314*[#   5]+0.061*[#   3]+0.061*[#   4]+0.061*[#   7]
          +0.061*[#   8]
    |psi|^2 = 0.872
==== e(   7) =     5.39326 eV ==== 
     psi = 0.003*[#   3]+0.003*[#   4]+0.003*[#   7]+0.003*[#   8]+0.002*[#   1]
          +0.002*[#   5]
    |psi|^2 = 0.018
==== e(   8) =     6.27838 eV ==== 
     psi = 0.003*[#   2]+0.003*[#   6]
    |psi|^2 = 0.006

 k =   0.0909090909  0.5248638811  0.0000000000
==== e(   1) =   -18.98372 eV ==== 
     psi = 0.268*[#   1]+0.268*[#   5]+0.113*[#   3]+0.113*[#   4]+0.113*[#   7]
          +0.113*[#   8]
    |psi|^2 = 0.988
==== e(   2) =   -16.74492 eV ==== 
     psi = 0.174*[#   3]+0.174*[#   4]+0.174*[#   7]+0.174*[#   8]+0.144*[#   1]
          +0.144*[#   5]
    |psi|^2 = 0.985
==== e(   3) =   -11.26265 eV ==== 
     psi = 0.240*[#   3]+0.240*[#   4]+0.240*[#   7]+0.240*[#   8]+0.017*[#   1]
          +0.017*[#   5]
    |psi|^2 = 0.995
==== e(   4) =    -6.72811 eV ==== 
     psi = 0.499*[#   2]+0.499*[#   6]
    |psi|^2 = 0.997
==== e(   5) =    -2.23093 eV ==== 
     psi = 0.478*[#   2]+0.478*[#   6]
    |psi|^2 = 0.956
==== e(   6) =     4.06808 eV ==== 
     psi = 0.318*[#   1]+0.318*[#   5]+0.060*[#   3]+0.060*[#   4]+0.060*[#   7]
          +0.060*[#   8]
    |psi|^2 = 0.877
==== e(   7) =     5.81173 eV ==== 
     psi = 0.002*[#   3]+0.002*[#   4]+0.002*[#   7]+0.002*[#   8]+0.002*[#   1]
          +0.002*[#   5]
    |psi|^2 = 0.013
==== e(   8) =     6.68406 eV ==== 
     psi = 0.003*[#   2]+0.003*[#   6]
    |psi|^2 = 0.007

 k =   0.0909090909  0.5423593438  0.0000000000
==== e(   1) =   -18.72397 eV ==== 
     psi = 0.276*[#   1]+0.276*[#   5]+0.109*[#   3]+0.109*[#   4]+0.109*[#   7]
          +0.109*[#   8]
    |psi|^2 = 0.990
==== e(   2) =   -17.04347 eV ==== 
     psi = 0.178*[#   3]+0.178*[#   4]+0.178*[#   7]+0.178*[#   8]+0.136*[#   1]
          +0.136*[#   5]
    |psi|^2 = 0.984
==== e(   3) =   -11.29032 eV ==== 
     psi = 0.240*[#   3]+0.240*[#   4]+0.240*[#   7]+0.240*[#   8]+0.017*[#   1]
          +0.017*[#   5]
    |psi|^2 = 0.995
==== e(   4) =    -6.56777 eV ==== 
     psi = 0.499*[#   2]+0.499*[#   6]
    |psi|^2 = 0.997
==== e(   5) =    -2.42974 eV ==== 
     psi = 0.478*[#   2]+0.478*[#   6]
    |psi|^2 = 0.956
==== e(   6) =     4.05489 eV ==== 
     psi = 0.321*[#   1]+0.321*[#   5]+0.059*[#   3]+0.059*[#   4]+0.059*[#   7]
          +0.059*[#   8]
    |psi|^2 = 0.879
==== e(   7) =     6.24229 eV ==== 
     psi = 0.002*[#   1]+0.002*[#   3]+0.002*[#   4]+0.002*[#   5]+0.002*[#   7]
          +0.002*[#   8]
    |psi|^2 = 0.011
==== e(   8) =     7.09157 eV ==== 
     psi = 0.004*[#   2]+0.004*[#   6]
    |psi|^2 = 0.008

 k =   0.0909090909  0.5598548065  0.0000000000
==== e(   1) =   -18.50938 eV ==== 
     psi = 0.292*[#   1]+0.292*[#   5]+0.102*[#   3]+0.102*[#   4]+0.102*[#   7]
          +0.102*[#   8]
    |psi|^2 = 0.992
==== e(   2) =   -17.28140 eV ==== 
     psi = 0.185*[#   3]+0.185*[#   4]+0.185*[#   7]+0.185*[#   8]+0.120*[#   1]
          +0.120*[#   5]
    |psi|^2 = 0.981
==== e(   3) =   -11.30694 eV ==== 
     psi = 0.240*[#   3]+0.240*[#   4]+0.240*[#   7]+0.240*[#   8]+0.017*[#   1]
          +0.017*[#   5]
    |psi|^2 = 0.995
==== e(   4) =    -6.46324 eV ==== 
     psi = 0.499*[#   2]+0.499*[#   6]
    |psi|^2 = 0.998
==== e(   5) =    -2.55744 eV ==== 
     psi = 0.478*[#   2]+0.478*[#   6]
    |psi|^2 = 0.956
==== e(   6) =     4.04682 eV ==== 
     psi = 0.322*[#   1]+0.322*[#   5]+0.059*[#   3]+0.059*[#   4]+0.059*[#   7]
          +0.059*[#   8]
    |psi|^2 = 0.880
==== e(   7) =     6.68187 eV ==== 
     psi = 0.003*[#   1]+0.003*[#   5]+0.001*[#   3]+0.001*[#   4]+0.001*[#   7]
          +0.001*[#   8]
    |psi|^2 = 0.011
==== e(   8) =     7.48326 eV ==== 
     psi = 0.006*[#   2]+0.006*[#   6]
    |psi|^2 = 0.011

 k =   0.0909090909  0.5773502692  0.0000000000
==== e(   1) =   -18.41617 eV ==== 
     psi = 0.304*[#   1]+0.304*[#   5]+0.097*[#   3]+0.097*[#   4]+0.097*[#   7]
          +0.097*[#   8]
    |psi|^2 = 0.993
==== e(   2) =   -17.38240 eV ==== 
     psi = 0.191*[#   3]+0.191*[#   4]+0.191*[#   7]+0.191*[#   8]+0.108*[#   1]
          +0.108*[#   5]
    |psi|^2 = 0.980
==== e(   3) =   -11.31248 eV ==== 
     psi = 0.240*[#   3]+0.240*[#   4]+0.240*[#   7]+0.240*[#   8]+0.017*[#   1]
          +0.017*[#   5]
    |psi|^2 = 0.995
==== e(   4) =    -6.42677 eV ==== 
     psi = 0.499*[#   2]+0.499*[#   6]
    |psi|^2 = 0.998
==== e(   5) =    -2.60166 eV ==== 
     psi = 0.478*[#   2]+0.478*[#   6]
    |psi|^2 = 0.956
==== e(   6) =     4.04411 eV ==== 
     psi = 0.323*[#   1]+0.323*[#   5]+0.059*[#   3]+0.059*[#   4]+0.059*[#   7]
          +0.059*[#   8]
    |psi|^2 = 0.881
==== e(   7) =     7.06119 eV ==== 
     psi = 0.006*[#   1]+0.006*[#   5]
    |psi|^2 = 0.015
==== e(   8) =     7.22285 eV ==== 
     psi = 0.002*[#   3]+0.002*[#   4]+0.002*[#   7]+0.002*[#   8]
    |psi|^2 = 0.010

 k =   0.1060606061  0.1837023584  0.0000000000
==== e(   1) =   -22.98574 eV ==== 
     psi = 0.390*[#   1]+0.390*[#   5]+0.051*[#   3]+0.051*[#   4]+0.051*[#   7]
          +0.051*[#   8]
    |psi|^2 = 0.983
==== e(   2) =   -10.92252 eV ==== 
     psi = 0.483*[#   2]+0.483*[#   6]
    |psi|^2 = 0.966
==== e(   3) =    -9.79167 eV ==== 
     psi = 0.222*[#   3]+0.222*[#   4]+0.222*[#   7]+0.222*[#   8]+0.055*[#   1]
          +0.055*[#   5]
    |psi|^2 = 0.998
==== e(   4) =    -8.88385 eV ==== 
     psi = 0.243*[#   3]+0.243*[#   4]+0.243*[#   7]+0.243*[#   8]+0.011*[#   1]
          +0.011*[#   5]
    |psi|^2 = 0.993
==== e(   5) =     0.13186 eV ==== 
     psi = 0.010*[#   3]+0.010*[#   4]+0.010*[#   7]+0.010*[#   8]
    |psi|^2 = 0.041
==== e(   6) =     1.04254 eV ==== 
     psi = 0.009*[#   2]+0.009*[#   6]
    |psi|^2 = 0.017
==== e(   7) =     2.84153 eV ==== 

    |psi|^2 = 0.004
==== e(   8) =     3.73989 eV ==== 
     psi = 0.004*[#   2]+0.004*[#   6]
    |psi|^2 = 0.009

 k =   0.1060606061  0.2011978211  0.0000000000
==== e(   1) =   -22.86771 eV ==== 
     psi = 0.380*[#   1]+0.380*[#   5]+0.056*[#   3]+0.056*[#   4]+0.056*[#   7]
          +0.056*[#   8]
    |psi|^2 = 0.982
==== e(   2) =   -10.78292 eV ==== 
     psi = 0.484*[#   2]+0.484*[#   6]
    |psi|^2 = 0.969
==== e(   3) =   -10.07710 eV ==== 
     psi = 0.219*[#   3]+0.219*[#   4]+0.219*[#   7]+0.219*[#   8]+0.061*[#   1]
          +0.061*[#   5]
    |psi|^2 = 0.997
==== e(   4) =    -9.08673 eV ==== 
     psi = 0.242*[#   3]+0.242*[#   4]+0.242*[#   7]+0.242*[#   8]+0.013*[#   1]
          +0.013*[#   5]
    |psi|^2 = 0.993
==== e(   5) =     0.29355 eV ==== 
     psi = 0.010*[#   3]+0.010*[#   4]+0.010*[#   7]+0.010*[#   8]
    |psi|^2 = 0.041
==== e(   6) =     1.20476 eV ==== 
     psi = 0.008*[#   2]+0.008*[#   6]
    |psi|^2 = 0.016
==== e(   7) =     3.00440 eV ==== 

    |psi|^2 = 0.004
==== e(   8) =     3.89975 eV ==== 
     psi = 0.004*[#   2]+0.004*[#   6]
    |psi|^2 = 0.009

 k =   0.1060606061  0.2186932838  0.0000000000
==== e(   1) =   -22.73914 eV ==== 
     psi = 0.370*[#   1]+0.370*[#   5]+0.060*[#   3]+0.060*[#   4]+0.060*[#   7]
          +0.060*[#   8]
    |psi|^2 = 0.982
==== e(   2) =   -10.63125 eV ==== 
     psi = 0.486*[#   2]+0.486*[#   6]
    |psi|^2 = 0.971
==== e(   3) =   -10.38075 eV ==== 
     psi = 0.216*[#   3]+0.216*[#   4]+0.216*[#   7]+0.216*[#   8]+0.067*[#   1]
          +0.067*[#   5]
    |psi|^2 = 0.997
==== e(   4) =    -9.28886 eV ==== 
     psi = 0.241*[#   3]+0.241*[#   4]+0.241*[#   7]+0.241*[#   8]+0.014*[#   1]
          +0.014*[#   5]
    |psi|^2 = 0.992
==== e(   5) =     0.46987 eV ==== 
     psi = 0.010*[#   3]+0.010*[#   4]+0.010*[#   7]+0.010*[#   8]
    |psi|^2 = 0.041
==== e(   6) =     1.38145 eV ==== 
     psi = 0.007*[#   2]+0.007*[#   6]
    |psi|^2 = 0.015
==== e(   7) =     3.18194 eV ==== 

    |psi|^2 = 0.004
==== e(   8) =     4.06114 eV ==== 
     psi = 0.121*[#   2]+0.121*[#   6]
    |psi|^2 = 0.243

 k =   0.1060606061  0.2361887465  0.0000000000
==== e(   1) =   -22.60010 eV ==== 
     psi = 0.361*[#   1]+0.361*[#   5]+0.065*[#   3]+0.065*[#   4]+0.065*[#   7]
          +0.065*[#   8]
    |psi|^2 = 0.982
==== e(   2) =   -10.70139 eV ==== 
     psi = 0.213*[#   3]+0.213*[#   4]+0.213*[#   7]+0.213*[#   8]+0.073*[#   1]
          +0.073*[#   5]
    |psi|^2 = 0.997
==== e(   3) =   -10.46770 eV ==== 
     psi = 0.487*[#   2]+0.487*[#   6]
    |psi|^2 = 0.974
==== e(   4) =    -9.48716 eV ==== 
     psi = 0.240*[#   3]+0.240*[#   4]+0.240*[#   7]+0.240*[#   8]+0.016*[#   1]
          +0.016*[#   5]
    |psi|^2 = 0.992
==== e(   5) =     0.66079 eV ==== 
     psi = 0.010*[#   3]+0.010*[#   4]+0.010*[#   7]+0.010*[#   8]
    |psi|^2 = 0.040
==== e(   6) =     1.57243 eV ==== 
     psi = 0.007*[#   2]+0.007*[#   6]
    |psi|^2 = 0.014
==== e(   7) =     3.37404 eV ==== 

    |psi|^2 = 0.004
==== e(   8) =     3.76260 eV ==== 
     psi = 0.481*[#   2]+0.481*[#   6]
    |psi|^2 = 0.962

 k =   0.1060606061  0.2536842092  0.0000000000
==== e(   1) =   -22.45065 eV ==== 
     psi = 0.351*[#   1]+0.351*[#   5]+0.070*[#   3]+0.070*[#   4]+0.070*[#   7]
          +0.070*[#   8]
    |psi|^2 = 0.982
==== e(   2) =   -11.03719 eV ==== 
     psi = 0.209*[#   3]+0.209*[#   4]+0.209*[#   7]+0.209*[#   8]+0.079*[#   1]
          +0.079*[#   5]
    |psi|^2 = 0.996
==== e(   3) =   -10.29250 eV ==== 
     psi = 0.488*[#   2]+0.488*[#   6]
    |psi|^2 = 0.977
==== e(   4) =    -9.67952 eV ==== 
     psi = 0.240*[#   3]+0.240*[#   4]+0.240*[#   7]+0.240*[#   8]+0.017*[#   1]
          +0.017*[#   5]
    |psi|^2 = 0.992
==== e(   5) =     0.86629 eV ==== 
     psi = 0.010*[#   3]+0.010*[#   4]+0.010*[#   7]+0.010*[#   8]
    |psi|^2 = 0.039
==== e(   6) =     1.77727 eV ==== 
     psi = 0.007*[#   2]+0.007*[#   6]
    |psi|^2 = 0.013
==== e(   7) =     3.41078 eV ==== 
     psi = 0.482*[#   2]+0.482*[#   6]
    |psi|^2 = 0.964
==== e(   8) =     3.58052 eV ==== 

    |psi|^2 = 0.004

 k =   0.1060606061  0.2711796719  0.0000000000
==== e(   1) =   -22.29086 eV ==== 
     psi = 0.342*[#   1]+0.342*[#   5]+0.074*[#   3]+0.074*[#   4]+0.074*[#   7]
          +0.074*[#   8]
    |psi|^2 = 0.982
==== e(   2) =   -11.38595 eV ==== 
     psi = 0.206*[#   3]+0.206*[#   4]+0.206*[#   7]+0.206*[#   8]+0.086*[#   1]
          +0.086*[#   5]
    |psi|^2 = 0.995
==== e(   3) =   -10.10593 eV ==== 
     psi = 0.490*[#   2]+0.490*[#   6]
    |psi|^2 = 0.979
==== e(   4) =    -9.86456 eV ==== 
     psi = 0.239*[#   3]+0.239*[#   4]+0.239*[#   7]+0.239*[#   8]+0.018*[#   1]
          +0.018*[#   5]
    |psi|^2 = 0.993
==== e(   5) =     1.08631 eV ==== 
     psi = 0.009*[#   3]+0.009*[#   4]+0.009*[#   7]+0.009*[#   8]
    |psi|^2 = 0.037
==== e(   6) =     1.99470 eV ==== 
     psi = 0.007*[#   2]+0.007*[#   6]
    |psi|^2 = 0.015
==== e(   7) =     3.04901 eV ==== 
     psi = 0.480*[#   2]+0.480*[#   6]
    |psi|^2 = 0.960
==== e(   8) =     3.80104 eV ==== 
     psi = 0.001*[#   1]+0.001*[#   5]
    |psi|^2 = 0.004

 k =   0.1060606061  0.2886751346  0.0000000000
==== e(   1) =   -22.12082 eV ==== 
     psi = 0.333*[#   1]+0.333*[#   5]+0.079*[#   3]+0.079*[#   4]+0.079*[#   7]
          +0.079*[#   8]
    |psi|^2 = 0.982
==== e(   2) =   -11.74535 eV ==== 
     psi = 0.203*[#   3]+0.203*[#   4]+0.203*[#   7]+0.203*[#   8]+0.092*[#   1]
          +0.092*[#   5]
    |psi|^2 = 0.995
==== e(   3) =   -10.04141 eV ==== 
     psi = 0.239*[#   3]+0.239*[#   4]+0.239*[#   7]+0.239*[#   8]+0.019*[#   1]
          +0.019*[#   5]
    |psi|^2 = 0.993
==== e(   4) =    -9.90829 eV ==== 
     psi = 0.491*[#   2]+0.491*[#   6]
    |psi|^2 = 0.982
==== e(   5) =     1.32082 eV ==== 
     psi = 0.009*[#   3]+0.009*[#   4]+0.009*[#   7]+0.009*[#   8]
    |psi|^2 = 0.035
==== e(   6) =     2.21691 eV ==== 
     psi = 0.022*[#   2]+0.022*[#   6]
    |psi|^2 = 0.043
==== e(   7) =     2.68710 eV ==== 
     psi = 0.465*[#   2]+0.465*[#   6]
    |psi|^2 = 0.930
==== e(   8) =     4.03485 eV ==== 
     psi = 0.003*[#   1]+0.003*[#   5]
    |psi|^2 = 0.007

 k =   0.1060606061  0.3061705973  0.0000000000
==== e(   1) =   -21.94063 eV ==== 
     psi = 0.325*[#   1]+0.325*[#   5]+0.083*[#   3]+0.083*[#   4]+0.083*[#   7]
          +0.083*[#   8]
    |psi|^2 = 0.982
==== e(   2) =   -12.11309 eV ==== 
     psi = 0.199*[#   3]+0.199*[#   4]+0.199*[#   7]+0.199*[#   8]+0.098*[#   1]
          +0.098*[#   5]
    |psi|^2 = 0.994
==== e(   3) =   -10.20951 eV ==== 
     psi = 0.239*[#   3]+0.239*[#   4]+0.239*[#   7]+0.239*[#   8]+0.019*[#   1]
          +0.019*[#   5]
    |psi|^2 = 0.993
==== e(   4) =    -9.69998 eV ==== 
     psi = 0.492*[#   2]+0.492*[#   6]
    |psi|^2 = 0.984
==== e(   5) =     1.56976 eV ==== 
     psi = 0.008*[#   3]+0.008*[#   4]+0.008*[#   7]+0.008*[#   8]
    |psi|^2 = 0.032
==== e(   6) =     2.23961 eV ==== 
     psi = 0.402*[#   2]+0.402*[#   6]
    |psi|^2 = 0.803
==== e(   7) =     2.53104 eV ==== 
     psi = 0.084*[#   2]+0.084*[#   6]
    |psi|^2 = 0.168
==== e(   8) =     4.27970 eV ==== 
     psi = 0.007*[#   1]+0.007*[#   5]+0.001*[#   3]+0.001*[#   4]+0.001*[#   7]
          +0.001*[#   8]
    |psi|^2 = 0.018

 k =   0.1060606061  0.3236660600  0.0000000000
==== e(   1) =   -21.75039 eV ==== 
     psi = 0.317*[#   1]+0.317*[#   5]+0.087*[#   3]+0.087*[#   4]+0.087*[#   7]
          +0.087*[#   8]
    |psi|^2 = 0.982
==== e(   2) =   -12.48705 eV ==== 
     psi = 0.196*[#   3]+0.196*[#   4]+0.196*[#   7]+0.196*[#   8]+0.104*[#   1]
          +0.104*[#   5]
    |psi|^2 = 0.994
==== e(   3) =   -10.36844 eV ==== 
     psi = 0.238*[#   3]+0.238*[#   4]+0.238*[#   7]+0.238*[#   8]+0.020*[#   1]
          +0.020*[#   5]
    |psi|^2 = 0.993
==== e(   4) =    -9.48145 eV ==== 
     psi = 0.493*[#   2]+0.493*[#   6]
    |psi|^2 = 0.986
==== e(   5) =     1.83305 eV ==== 
     psi = 0.007*[#   3]+0.007*[#   4]+0.007*[#   7]+0.007*[#   8]
    |psi|^2 = 0.029
==== e(   6) =     1.87970 eV ==== 
     psi = 0.470*[#   2]+0.470*[#   6]
    |psi|^2 = 0.940
==== e(   7) =     2.76561 eV ==== 
     psi = 0.015*[#   2]+0.015*[#   6]
    |psi|^2 = 0.029
==== e(   8) =     4.52555 eV ==== 
     psi = 0.025*[#   1]+0.025*[#   5]+0.007*[#   3]+0.007*[#   4]+0.007*[#   7]
          +0.007*[#   8]
    |psi|^2 = 0.079

 k =   0.1060606061  0.3411615227  0.0000000000
==== e(   1) =   -21.55023 eV ==== 
     psi = 0.309*[#   1]+0.309*[#   5]+0.091*[#   3]+0.091*[#   4]+0.091*[#   7]
          +0.091*[#   8]
    |psi|^2 = 0.982
==== e(   2) =   -12.86525 eV ==== 
     psi = 0.193*[#   3]+0.193*[#   4]+0.193*[#   7]+0.193*[#   8]+0.110*[#   1]
          +0.110*[#   5]
    |psi|^2 = 0.993
==== e(   3) =   -10.51790 eV ==== 
     psi = 0.238*[#   3]+0.238*[#   4]+0.238*[#   7]+0.238*[#   8]+0.020*[#   1]
          +0.020*[#   5]
    |psi|^2 = 0.994
==== e(   4) =    -9.25327 eV ==== 
     psi = 0.494*[#   2]+0.494*[#   6]
    |psi|^2 = 0.988
==== e(   5) =     1.49102 eV ==== 
     psi = 0.475*[#   2]+0.475*[#   6]
    |psi|^2 = 0.951
==== e(   6) =     2.11062 eV ==== 
     psi = 0.006*[#   3]+0.006*[#   4]+0.006*[#   7]+0.006*[#   8]
    |psi|^2 = 0.025
==== e(   7) =     3.03866 eV ==== 
     psi = 0.008*[#   2]+0.008*[#   6]
    |psi|^2 = 0.016
==== e(   8) =     4.69962 eV ==== 
     psi = 0.141*[#   1]+0.141*[#   5]+0.056*[#   3]+0.056*[#   4]+0.056*[#   7]
          +0.056*[#   8]
    |psi|^2 = 0.507

 k =   0.1060606061  0.3586569854  0.0000000000
==== e(   1) =   -21.34030 eV ==== 
     psi = 0.302*[#   1]+0.302*[#   5]+0.094*[#   3]+0.094*[#   4]+0.094*[#   7]
          +0.094*[#   8]
    |psi|^2 = 0.982
==== e(   2) =   -13.24593 eV ==== 
     psi = 0.190*[#   3]+0.190*[#   4]+0.190*[#   7]+0.190*[#   8]+0.116*[#   1]
          +0.116*[#   5]
    |psi|^2 = 0.992
==== e(   3) =   -10.65764 eV ==== 
     psi = 0.238*[#   3]+0.238*[#   4]+0.238*[#   7]+0.238*[#   8]+0.021*[#   1]
          +0.021*[#   5]
    |psi|^2 = 0.994
==== e(   4) =    -9.01613 eV ==== 
     psi = 0.495*[#   2]+0.495*[#   6]
    |psi|^2 = 0.990
==== e(   5) =     1.09676 eV ==== 
     psi = 0.477*[#   2]+0.477*[#   6]
    |psi|^2 = 0.954
==== e(   6) =     2.40233 eV ==== 
     psi = 0.005*[#   3]+0.005*[#   4]+0.005*[#   7]+0.005*[#   8]
    |psi|^2 = 0.022
==== e(   7) =     3.32874 eV ==== 
     psi = 0.006*[#   2]+0.006*[#   6]
    |psi|^2 = 0.012
==== e(   8) =     4.70819 eV ==== 
     psi = 0.224*[#   1]+0.224*[#   5]+0.088*[#   3]+0.088*[#   4]+0.088*[#   7]
          +0.088*[#   8]
    |psi|^2 = 0.801

 k =   0.1060606061  0.3761524481  0.0000000000
==== e(   1) =   -21.12078 eV ==== 
     psi = 0.295*[#   1]+0.295*[#   5]+0.098*[#   3]+0.098*[#   4]+0.098*[#   7]
          +0.098*[#   8]
    |psi|^2 = 0.982
==== e(   2) =   -13.62751 eV ==== 
     psi = 0.187*[#   3]+0.187*[#   4]+0.187*[#   7]+0.187*[#   8]+0.122*[#   1]
          +0.122*[#   5]
    |psi|^2 = 0.992
==== e(   3) =   -10.78744 eV ==== 
     psi = 0.238*[#   3]+0.238*[#   4]+0.238*[#   7]+0.238*[#   8]+0.021*[#   1]
          +0.021*[#   5]
    |psi|^2 = 0.994
==== e(   4) =    -8.77089 eV ==== 
     psi = 0.496*[#   2]+0.496*[#   6]
    |psi|^2 = 0.992
==== e(   5) =     0.70100 eV ==== 
     psi = 0.477*[#   2]+0.477*[#   6]
    |psi|^2 = 0.955
==== e(   6) =     2.70802 eV ==== 
     psi = 0.004*[#   3]+0.004*[#   4]+0.004*[#   7]+0.004*[#   8]
    |psi|^2 = 0.018
==== e(   7) =     3.63359 eV ==== 
     psi = 0.005*[#   2]+0.005*[#   6]
    |psi|^2 = 0.009
==== e(   8) =     4.67125 eV ==== 
     psi = 0.246*[#   1]+0.246*[#   5]+0.090*[#   3]+0.090*[#   4]+0.090*[#   7]
          +0.090*[#   8]
    |psi|^2 = 0.851

 k =   0.1060606061  0.3936479108  0.0000000000
==== e(   1) =   -20.89188 eV ==== 
     psi = 0.289*[#   1]+0.289*[#   5]+0.101*[#   3]+0.101*[#   4]+0.101*[#   7]
          +0.101*[#   8]
    |psi|^2 = 0.983
==== e(   2) =   -14.00853 eV ==== 
     psi = 0.184*[#   3]+0.184*[#   4]+0.184*[#   7]+0.184*[#   8]+0.127*[#   1]
          +0.127*[#   5]
    |psi|^2 = 0.991
==== e(   3) =   -10.90710 eV ==== 
     psi = 0.238*[#   3]+0.238*[#   4]+0.238*[#   7]+0.238*[#   8]+0.021*[#   1]
          +0.021*[#   5]
    |psi|^2 = 0.994
==== e(   4) =    -8.51865 eV ==== 
     psi = 0.496*[#   2]+0.496*[#   6]
    |psi|^2 = 0.993
==== e(   5) =     0.30646 eV ==== 
     psi = 0.478*[#   2]+0.478*[#   6]
    |psi|^2 = 0.956
==== e(   6) =     3.02739 eV ==== 
     psi = 0.003*[#   3]+0.003*[#   4]+0.003*[#   7]+0.003*[#   8]
    |psi|^2 = 0.015
==== e(   7) =     3.95243 eV ==== 
     psi = 0.004*[#   2]+0.004*[#   6]
    |psi|^2 = 0.008
==== e(   8) =     4.62748 eV ==== 
     psi = 0.260*[#   1]+0.260*[#   5]+0.087*[#   3]+0.087*[#   4]+0.087*[#   7]
          +0.087*[#   8]
    |psi|^2 = 0.867

 k =   0.1060606061  0.4111433735  0.0000000000
==== e(   1) =   -20.65389 eV ==== 
     psi = 0.283*[#   1]+0.283*[#   5]+0.104*[#   3]+0.104*[#   4]+0.104*[#   7]
          +0.104*[#   8]
    |psi|^2 = 0.983
==== e(   2) =   -14.38768 eV ==== 
     psi = 0.182*[#   3]+0.182*[#   4]+0.182*[#   7]+0.182*[#   8]+0.132*[#   1]
          +0.132*[#   5]
    |psi|^2 = 0.991
==== e(   3) =   -11.01645 eV ==== 
     psi = 0.238*[#   3]+0.238*[#   4]+0.238*[#   7]+0.238*[#   8]+0.021*[#   1]
          +0.021*[#   5]
    |psi|^2 = 0.994
==== e(   4) =    -8.26082 eV ==== 
     psi = 0.497*[#   2]+0.497*[#   6]
    |psi|^2 = 0.994
==== e(   5) =    -0.08425 eV ==== 
     psi = 0.478*[#   2]+0.478*[#   6]
    |psi|^2 = 0.956
==== e(   6) =     3.35990 eV ==== 
     psi = 0.002*[#   3]+0.002*[#   4]+0.002*[#   7]+0.002*[#   8]+0.001*[#   1]
          +0.001*[#   5]
    |psi|^2 = 0.013
==== e(   7) =     4.28477 eV ==== 
     psi = 0.003*[#   2]+0.003*[#   6]
    |psi|^2 = 0.007
==== e(   8) =     4.58399 eV ==== 
     psi = 0.270*[#   1]+0.270*[#   5]+0.084*[#   3]+0.084*[#   4]+0.084*[#   7]
          +0.084*[#   8]
    |psi|^2 = 0.873

 k =   0.1060606061  0.4286388362  0.0000000000
==== e(   1) =   -20.40715 eV ==== 
     psi = 0.277*[#   1]+0.277*[#   5]+0.107*[#   3]+0.107*[#   4]+0.107*[#   7]
          +0.107*[#   8]
    |psi|^2 = 0.984
==== e(   2) =   -14.76370 eV ==== 
     psi = 0.179*[#   3]+0.179*[#   4]+0.179*[#   7]+0.179*[#   8]+0.137*[#   1]
          +0.137*[#   5]
    |psi|^2 = 0.990
==== e(   3) =   -11.11531 eV ==== 
     psi = 0.238*[#   3]+0.238*[#   4]+0.238*[#   7]+0.238*[#   8]+0.022*[#   1]
          +0.022*[#   5]
    |psi|^2 = 0.994
==== e(   4) =    -7.99927 eV ==== 
     psi = 0.497*[#   2]+0.497*[#   6]
    |psi|^2 = 0.995
==== e(   5) =    -0.46825 eV ==== 
     psi = 0.478*[#   2]+0.478*[#   6]
    |psi|^2 = 0.956
==== e(   6) =     3.70412 eV ==== 
     psi = 0.004*[#   1]+0.004*[#   5]+0.001*[#   3]+0.001*[#   4]+0.001*[#   7]
          +0.001*[#   8]
    |psi|^2 = 0.014
==== e(   7) =     4.54440 eV ==== 
     psi = 0.276*[#   1]+0.276*[#   5]+0.080*[#   3]+0.080*[#   4]+0.080*[#   7]
          +0.080*[#   8]
    |psi|^2 = 0.873
==== e(   8) =     4.63013 eV ==== 
     psi = 0.003*[#   2]+0.003*[#   6]
    |psi|^2 = 0.006

 k =   0.1060606061  0.4461342989  0.0000000000
==== e(   1) =   -20.15216 eV ==== 
     psi = 0.272*[#   1]+0.272*[#   5]+0.110*[#   3]+0.110*[#   4]+0.110*[#   7]
          +0.110*[#   8]
    |psi|^2 = 0.984
==== e(   2) =   -15.13533 eV ==== 
     psi = 0.177*[#   3]+0.177*[#   4]+0.177*[#   7]+0.177*[#   8]+0.141*[#   1]
          +0.141*[#   5]
    |psi|^2 = 0.990
==== e(   3) =   -11.20356 eV ==== 
     psi = 0.238*[#   3]+0.238*[#   4]+0.238*[#   7]+0.238*[#   8]+0.022*[#   1]
          +0.022*[#   5]
    |psi|^2 = 0.994
==== e(   4) =    -7.73647 eV ==== 
     psi = 0.498*[#   2]+0.498*[#   6]
    |psi|^2 = 0.996
==== e(   5) =    -0.84215 eV ==== 
     psi = 0.478*[#   2]+0.478*[#   6]
    |psi|^2 = 0.957
==== e(   6) =     4.05410 eV ==== 
     psi = 0.016*[#   1]+0.016*[#   5]+0.001*[#   3]+0.001*[#   4]+0.001*[#   7]
          +0.001*[#   8]
    |psi|^2 = 0.037
==== e(   7) =     4.51575 eV ==== 
     psi = 0.272*[#   1]+0.272*[#   5]+0.076*[#   3]+0.076*[#   4]+0.076*[#   7]
          +0.076*[#   8]
    |psi|^2 = 0.850
==== e(   8) =     4.98797 eV ==== 
     psi = 0.003*[#   2]+0.003*[#   6]
    |psi|^2 = 0.005

 k =   0.1060606061  0.4636297616  0.0000000000
==== e(   1) =   -19.88963 eV ==== 
     psi = 0.268*[#   1]+0.268*[#   5]+0.112*[#   3]+0.112*[#   4]+0.112*[#   7]
          +0.112*[#   8]
    |psi|^2 = 0.985
==== e(   2) =   -15.50121 eV ==== 
     psi = 0.175*[#   3]+0.175*[#   4]+0.175*[#   7]+0.175*[#   8]+0.144*[#   1]
          +0.144*[#   5]
    |psi|^2 = 0.989
==== e(   3) =   -11.28104 eV ==== 
     psi = 0.238*[#   3]+0.238*[#   4]+0.238*[#   7]+0.238*[#   8]+0.022*[#   1]
          +0.022*[#   5]
    |psi|^2 = 0.994
==== e(   4) =    -7.47581 eV ==== 
     psi = 0.498*[#   2]+0.498*[#   6]
    |psi|^2 = 0.996
==== e(   5) =    -1.20177 eV ==== 
     psi = 0.479*[#   2]+0.479*[#   6]
    |psi|^2 = 0.957
==== e(   6) =     4.34768 eV ==== 
     psi = 0.151*[#   1]+0.151*[#   5]+0.026*[#   3]+0.026*[#   4]+0.026*[#   7]
          +0.026*[#   8]
    |psi|^2 = 0.405
==== e(   7) =     4.56078 eV ==== 
     psi = 0.144*[#   1]+0.144*[#   5]+0.048*[#   3]+0.048*[#   4]+0.048*[#   7]
          +0.048*[#   8]
    |psi|^2 = 0.481
==== e(   8) =     5.35755 eV ==== 
     psi = 0.003*[#   2]+0.003*[#   6]
    |psi|^2 = 0.005

 k =   0.1060606061  0.4811252243  0.0000000000
==== e(   1) =   -19.62065 eV ==== 
     psi = 0.265*[#   1]+0.265*[#   5]+0.114*[#   3]+0.114*[#   4]+0.114*[#   7]
          +0.114*[#   8]
    |psi|^2 = 0.986
==== e(   2) =   -15.85971 eV ==== 
     psi = 0.174*[#   3]+0.174*[#   4]+0.174*[#   7]+0.174*[#   8]+0.147*[#   1]
          +0.147*[#   5]
    |psi|^2 = 0.988
==== e(   3) =   -11.34767 eV ==== 
     psi = 0.238*[#   3]+0.238*[#   4]+0.238*[#   7]+0.238*[#   8]+0.022*[#   1]
          +0.022*[#   5]
    |psi|^2 = 0.994
==== e(   4) =    -7.22198 eV ==== 
     psi = 0.498*[#   2]+0.498*[#   6]
    |psi|^2 = 0.996
==== e(   5) =    -1.54172 eV ==== 
     psi = 0.479*[#   2]+0.479*[#   6]
    |psi|^2 = 0.957
==== e(   6) =     4.39453 eV ==== 
     psi = 0.286*[#   1]+0.286*[#   5]+0.060*[#   3]+0.060*[#   4]+0.060*[#   7]
          +0.060*[#   8]
    |psi|^2 = 0.814
==== e(   7) =     4.87013 eV ==== 
     psi = 0.015*[#   1]+0.015*[#   5]+0.010*[#   3]+0.010*[#   4]+0.010*[#   7]
          +0.010*[#   8]
    |psi|^2 = 0.071
==== e(   8) =     5.73785 eV ==== 
     psi = 0.003*[#   2]+0.003*[#   6]
    |psi|^2 = 0.005

 k =   0.1060606061  0.4986206870  0.0000000000
==== e(   1) =   -19.34707 eV ==== 
     psi = 0.264*[#   1]+0.264*[#   5]+0.115*[#   3]+0.115*[#   4]+0.115*[#   7]
          +0.115*[#   8]
    |psi|^2 = 0.987
==== e(   2) =   -16.20853 eV ==== 
     psi = 0.173*[#   3]+0.173*[#   4]+0.173*[#   7]+0.173*[#   8]+0.148*[#   1]
          +0.148*[#   5]
    |psi|^2 = 0.987
==== e(   3) =   -11.40334 eV ==== 
     psi = 0.238*[#   3]+0.238*[#   4]+0.238*[#   7]+0.238*[#   8]+0.022*[#   1]
          +0.022*[#   5]
    |psi|^2 = 0.994
==== e(   4) =    -6.98150 eV ==== 
     psi = 0.498*[#   2]+0.498*[#   6]
    |psi|^2 = 0.997
==== e(   5) =    -1.85489 eV ==== 
     psi = 0.479*[#   2]+0.479*[#   6]
    |psi|^2 = 0.958
==== e(   6) =     4.37870 eV ==== 
     psi = 0.302*[#   1]+0.302*[#   5]+0.063*[#   3]+0.063*[#   4]+0.063*[#   7]
          +0.063*[#   8]
    |psi|^2 = 0.858
==== e(   7) =     5.25980 eV ==== 
     psi = 0.005*[#   3]+0.005*[#   4]+0.005*[#   7]+0.005*[#   8]+0.004*[#   1]
          +0.004*[#   5]
    |psi|^2 = 0.027
==== e(   8) =     6.12733 eV ==== 
     psi = 0.003*[#   2]+0.003*[#   6]
    |psi|^2 = 0.006

 k =   0.1060606061  0.5161161497  0.0000000000
==== e(   1) =   -19.07242 eV ==== 
     psi = 0.264*[#   1]+0.264*[#   5]+0.115*[#   3]+0.115*[#   4]+0.115*[#   7]
          +0.115*[#   8]
    |psi|^2 = 0.988
==== e(   2) =   -16.54380 eV ==== 
     psi = 0.173*[#   3]+0.173*[#   4]+0.173*[#   7]+0.173*[#   8]+0.147*[#   1]
          +0.147*[#   5]
    |psi|^2 = 0.986
==== e(   3) =   -11.44796 eV ==== 
     psi = 0.238*[#   3]+0.238*[#   4]+0.238*[#   7]+0.238*[#   8]+0.022*[#   1]
          +0.022*[#   5]
    |psi|^2 = 0.994
==== e(   4) =    -6.76333 eV ==== 
     psi = 0.499*[#   2]+0.499*[#   6]
    |psi|^2 = 0.997
==== e(   5) =    -2.13181 eV ==== 
     psi = 0.479*[#   2]+0.479*[#   6]
    |psi|^2 = 0.958
==== e(   6) =     4.36025 eV ==== 
     psi = 0.309*[#   1]+0.309*[#   5]+0.063*[#   3]+0.063*[#   4]+0.063*[#   7]
          +0.063*[#   8]
    |psi|^2 = 0.868
==== e(   7) =     5.66953 eV ==== 
     psi = 0.003*[#   3]+0.003*[#   4]+0.003*[#   7]+0.003*[#   8]+0.002*[#   1]
          +0.002*[#   5]
    |psi|^2 = 0.016
==== e(   8) =     6.52345 eV ==== 
     psi = 0.003*[#   2]+0.003*[#   6]
    |psi|^2 = 0.006

 k =   0.1060606061  0.5336116124  0.0000000000
==== e(   1) =   -18.80428 eV ==== 
     psi = 0.269*[#   1]+0.269*[#   5]+0.113*[#   3]+0.113*[#   4]+0.113*[#   7]
          +0.113*[#   8]
    |psi|^2 = 0.989
==== e(   2) =   -16.85763 eV ==== 
     psi = 0.175*[#   3]+0.175*[#   4]+0.175*[#   7]+0.175*[#   8]+0.142*[#   1]
          +0.142*[#   5]
    |psi|^2 = 0.985
==== e(   3) =   -11.48149 eV ==== 
     psi = 0.238*[#   3]+0.238*[#   4]+0.238*[#   7]+0.238*[#   8]+0.022*[#   1]
          +0.022*[#   5]
    |psi|^2 = 0.994
==== e(   4) =    -6.57939 eV ==== 
     psi = 0.499*[#   2]+0.499*[#   6]
    |psi|^2 = 0.997
==== e(   5) =    -2.36017 eV ==== 
     psi = 0.479*[#   2]+0.479*[#   6]
    |psi|^2 = 0.958
==== e(   6) =     4.34504 eV ==== 
     psi = 0.312*[#   1]+0.312*[#   5]+0.062*[#   3]+0.062*[#   4]+0.062*[#   7]
          +0.062*[#   8]
    |psi|^2 = 0.873
==== e(   7) =     6.09287 eV ==== 
     psi = 0.002*[#   3]+0.002*[#   4]+0.002*[#   7]+0.002*[#   8]+0.002*[#   1]
          +0.002*[#   5]
    |psi|^2 = 0.012
==== e(   8) =     6.92128 eV ==== 
     psi = 0.004*[#   2]+0.004*[#   6]
    |psi|^2 = 0.008

 k =   0.1060606061  0.5511070751  0.0000000000
==== e(   1) =   -18.56167 eV ==== 
     psi = 0.281*[#   1]+0.281*[#   5]+0.107*[#   3]+0.107*[#   4]+0.107*[#   7]
          +0.107*[#   8]
    |psi|^2 = 0.991
==== e(   2) =   -17.13082 eV ==== 
     psi = 0.181*[#   3]+0.181*[#   4]+0.181*[#   7]+0.181*[#   8]+0.130*[#   1]
          +0.130*[#   5]
    |psi|^2 = 0.983
==== e(   3) =   -11.50386 eV ==== 
     psi = 0.238*[#   3]+0.238*[#   4]+0.238*[#   7]+0.238*[#   8]+0.022*[#   1]
          +0.022*[#   5]
    |psi|^2 = 0.994
==== e(   4) =    -6.44405 eV ==== 
     psi = 0.499*[#   2]+0.499*[#   6]
    |psi|^2 = 0.998
==== e(   5) =    -2.52528 eV ==== 
     psi = 0.479*[#   2]+0.479*[#   6]
    |psi|^2 = 0.958
==== e(   6) =     4.33449 eV ==== 
     psi = 0.315*[#   1]+0.315*[#   5]+0.061*[#   3]+0.061*[#   4]+0.061*[#   7]
          +0.061*[#   8]
    |psi|^2 = 0.875
==== e(   7) =     6.52698 eV ==== 
     psi = 0.002*[#   1]+0.002*[#   5]+0.002*[#   3]+0.002*[#   4]+0.002*[#   7]
          +0.002*[#   8]
    |psi|^2 = 0.011
==== e(   8) =     7.30829 eV ==== 
     psi = 0.005*[#   2]+0.005*[#   6]
    |psi|^2 = 0.010

 k =   0.1060606061  0.5686025378  0.0000000000
==== e(   1) =   -18.39580 eV ==== 
     psi = 0.297*[#   1]+0.297*[#   5]+0.100*[#   3]+0.100*[#   4]+0.100*[#   7]
          +0.100*[#   8]
    |psi|^2 = 0.993
==== e(   2) =   -17.31201 eV ==== 
     psi = 0.189*[#   3]+0.189*[#   4]+0.189*[#   7]+0.189*[#   8]+0.113*[#   1]
          +0.113*[#   5]
    |psi|^2 = 0.981
==== e(   3) =   -11.51506 eV ==== 
     psi = 0.238*[#   3]+0.238*[#   4]+0.238*[#   7]+0.238*[#   8]+0.022*[#   1]
          +0.022*[#   5]
    |psi|^2 = 0.994
==== e(   4) =    -6.37167 eV ==== 
     psi = 0.499*[#   2]+0.499*[#   6]
    |psi|^2 = 0.998
==== e(   5) =    -2.61261 eV ==== 
     psi = 0.479*[#   2]+0.479*[#   6]
    |psi|^2 = 0.958
==== e(   6) =     4.32912 eV ==== 
     psi = 0.316*[#   1]+0.316*[#   5]+0.061*[#   3]+0.061*[#   4]+0.061*[#   7]
          +0.061*[#   8]
    |psi|^2 = 0.875
==== e(   7) =     6.96377 eV ==== 
     psi = 0.004*[#   1]+0.004*[#   5]+0.001*[#   3]+0.001*[#   4]+0.001*[#   7]
          +0.001*[#   8]
    |psi|^2 = 0.014
==== e(   8) =     7.44808 eV ==== 
     psi = 0.003*[#   1]+0.003*[#   5]+0.002*[#   3]+0.002*[#   4]+0.002*[#   7]
          +0.002*[#   8]
    |psi|^2 = 0.014

 k =   0.1212121212  0.2099455524  0.0000000000
==== e(   1) =   -22.74450 eV ==== 
     psi = 0.371*[#   1]+0.371*[#   5]+0.060*[#   3]+0.060*[#   4]+0.060*[#   7]
          +0.060*[#   8]
    |psi|^2 = 0.982
==== e(   2) =   -10.63753 eV ==== 
     psi = 0.486*[#   2]+0.486*[#   6]
    |psi|^2 = 0.971
==== e(   3) =   -10.35018 eV ==== 
     psi = 0.216*[#   3]+0.216*[#   4]+0.216*[#   7]+0.216*[#   8]+0.066*[#   1]
          +0.066*[#   5]
    |psi|^2 = 0.997
==== e(   4) =    -9.30311 eV ==== 
     psi = 0.240*[#   3]+0.240*[#   4]+0.240*[#   7]+0.240*[#   8]+0.015*[#   1]
          +0.015*[#   5]
    |psi|^2 = 0.992
==== e(   5) =     0.46256 eV ==== 
     psi = 0.010*[#   3]+0.010*[#   4]+0.010*[#   7]+0.010*[#   8]
    |psi|^2 = 0.041
==== e(   6) =     1.37419 eV ==== 
     psi = 0.007*[#   2]+0.007*[#   6]
    |psi|^2 = 0.015
==== e(   7) =     3.17476 eV ==== 

    |psi|^2 = 0.004
==== e(   8) =     4.06721 eV ==== 
     psi = 0.006*[#   2]+0.006*[#   6]
    |psi|^2 = 0.012

 k =   0.1212121212  0.2274410151  0.0000000000
==== e(   1) =   -22.61080 eV ==== 
     psi = 0.361*[#   1]+0.361*[#   5]+0.065*[#   3]+0.065*[#   4]+0.065*[#   7]
          +0.065*[#   8]
    |psi|^2 = 0.982
==== e(   2) =   -10.64034 eV ==== 
     psi = 0.213*[#   3]+0.213*[#   4]+0.213*[#   7]+0.213*[#   8]+0.072*[#   1]
          +0.072*[#   5]
    |psi|^2 = 0.997
==== e(   3) =   -10.48017 eV ==== 
     psi = 0.487*[#   2]+0.487*[#   6]
    |psi|^2 = 0.974
==== e(   4) =    -9.51847 eV ==== 
     psi = 0.239*[#   3]+0.239*[#   4]+0.239*[#   7]+0.239*[#   8]+0.017*[#   1]
          +0.017*[#   5]
    |psi|^2 = 0.992
==== e(   5) =     0.64620 eV ==== 
     psi = 0.010*[#   3]+0.010*[#   4]+0.010*[#   7]+0.010*[#   8]
    |psi|^2 = 0.041
==== e(   6) =     1.55805 eV ==== 
     psi = 0.007*[#   2]+0.007*[#   6]
    |psi|^2 = 0.014
==== e(   7) =     3.35979 eV ==== 

    |psi|^2 = 0.004
==== e(   8) =     3.79584 eV ==== 
     psi = 0.484*[#   2]+0.484*[#   6]
    |psi|^2 = 0.969

 k =   0.1212121212  0.2449364778  0.0000000000
==== e(   1) =   -22.46667 eV ==== 
     psi = 0.352*[#   1]+0.352*[#   5]+0.069*[#   3]+0.069*[#   4]+0.069*[#   7]
          +0.069*[#   8]
    |psi|^2 = 0.982
==== e(   2) =   -10.94736 eV ==== 
     psi = 0.210*[#   3]+0.210*[#   4]+0.210*[#   7]+0.210*[#   8]+0.078*[#   1]
          +0.078*[#   5]
    |psi|^2 = 0.997
==== e(   3) =   -10.31107 eV ==== 
     psi = 0.488*[#   2]+0.488*[#   6]
    |psi|^2 = 0.976
==== e(   4) =    -9.72885 eV ==== 
     psi = 0.239*[#   3]+0.239*[#   4]+0.239*[#   7]+0.239*[#   8]+0.019*[#   1]
          +0.019*[#   5]
    |psi|^2 = 0.992
==== e(   5) =     0.84441 eV ==== 
     psi = 0.010*[#   3]+0.010*[#   4]+0.010*[#   7]+0.010*[#   8]
    |psi|^2 = 0.039
==== e(   6) =     1.75612 eV ==== 
     psi = 0.006*[#   2]+0.006*[#   6]
    |psi|^2 = 0.013
==== e(   7) =     3.45763 eV ==== 
     psi = 0.484*[#   2]+0.484*[#   6]
    |psi|^2 = 0.968
==== e(   8) =     3.55940 eV ==== 

    |psi|^2 = 0.004

 k =   0.1212121212  0.2624319405  0.0000000000
==== e(   1) =   -22.31218 eV ==== 
     psi = 0.343*[#   1]+0.343*[#   5]+0.074*[#   3]+0.074*[#   4]+0.074*[#   7]
          +0.074*[#   8]
    |psi|^2 = 0.982
==== e(   2) =   -11.27021 eV ==== 
     psi = 0.207*[#   3]+0.207*[#   4]+0.207*[#   7]+0.207*[#   8]+0.084*[#   1]
          +0.084*[#   5]
    |psi|^2 = 0.996
==== e(   3) =   -10.13046 eV ==== 
     psi = 0.489*[#   2]+0.489*[#   6]
    |psi|^2 = 0.979
==== e(   4) =    -9.93150 eV ==== 
     psi = 0.238*[#   3]+0.238*[#   4]+0.238*[#   7]+0.238*[#   8]+0.020*[#   1]
          +0.020*[#   5]
    |psi|^2 = 0.992
==== e(   5) =     1.05718 eV ==== 
     psi = 0.009*[#   3]+0.009*[#   4]+0.009*[#   7]+0.009*[#   8]
    |psi|^2 = 0.038
==== e(   6) =     1.96779 eV ==== 
     psi = 0.006*[#   2]+0.006*[#   6]
    |psi|^2 = 0.012
==== e(   7) =     3.10826 eV ==== 
     psi = 0.483*[#   2]+0.483*[#   6]
    |psi|^2 = 0.966
==== e(   8) =     3.77342 eV ==== 

    |psi|^2 = 0.004

 k =   0.1212121212  0.2799274032  0.0000000000
==== e(   1) =   -22.14741 eV ==== 
     psi = 0.335*[#   1]+0.335*[#   5]+0.078*[#   3]+0.078*[#   4]+0.078*[#   7]
          +0.078*[#   8]
    |psi|^2 = 0.982
==== e(   2) =   -11.60711 eV ==== 
     psi = 0.204*[#   3]+0.204*[#   4]+0.204*[#   7]+0.204*[#   8]+0.090*[#   1]
          +0.090*[#   5]
    |psi|^2 = 0.996
==== e(   3) =   -10.12474 eV ==== 
     psi = 0.237*[#   3]+0.237*[#   4]+0.237*[#   7]+0.237*[#   8]+0.021*[#   1]
          +0.021*[#   5]
    |psi|^2 = 0.992
==== e(   4) =    -9.93864 eV ==== 
     psi = 0.491*[#   2]+0.491*[#   6]
    |psi|^2 = 0.981
==== e(   5) =     1.28444 eV ==== 
     psi = 0.009*[#   3]+0.009*[#   4]+0.009*[#   7]+0.009*[#   8]
    |psi|^2 = 0.035
==== e(   6) =     2.19012 eV ==== 
     psi = 0.010*[#   2]+0.010*[#   6]
    |psi|^2 = 0.020
==== e(   7) =     2.75221 eV ==== 
     psi = 0.478*[#   2]+0.478*[#   6]
    |psi|^2 = 0.956
==== e(   8) =     4.00154 eV ==== 
     psi = 0.001*[#   1]+0.001*[#   5]
    |psi|^2 = 0.004

 k =   0.1212121212  0.2974228659  0.0000000000
==== e(   1) =   -21.97246 eV ==== 
     psi = 0.326*[#   1]+0.326*[#   5]+0.082*[#   3]+0.082*[#   4]+0.082*[#   7]
          +0.082*[#   8]
    |psi|^2 = 0.982
==== e(   2) =   -11.95588 eV ==== 
     psi = 0.201*[#   3]+0.201*[#   4]+0.201*[#   7]+0.201*[#   8]+0.096*[#   1]
          +0.096*[#   5]
    |psi|^2 = 0.995
==== e(   3) =   -10.30767 eV ==== 
     psi = 0.237*[#   3]+0.237*[#   4]+0.237*[#   7]+0.237*[#   8]+0.022*[#   1]
          +0.022*[#   5]
    |psi|^2 = 0.992
==== e(   4) =    -9.73596 eV ==== 
     psi = 0.492*[#   2]+0.492*[#   6]
    |psi|^2 = 0.984
==== e(   5) =     1.52617 eV ==== 
     psi = 0.008*[#   3]+0.008*[#   4]+0.008*[#   7]+0.008*[#   8]
    |psi|^2 = 0.033
==== e(   6) =     2.32247 eV ==== 
     psi = 0.330*[#   2]+0.330*[#   6]
    |psi|^2 = 0.660
==== e(   7) =     2.49163 eV ==== 
     psi = 0.157*[#   2]+0.157*[#   6]
    |psi|^2 = 0.314
==== e(   8) =     4.24313 eV ==== 
     psi = 0.002*[#   1]+0.002*[#   5]
    |psi|^2 = 0.007

 k =   0.1212121212  0.3149183286  0.0000000000
==== e(   1) =   -21.78743 eV ==== 
     psi = 0.318*[#   1]+0.318*[#   5]+0.086*[#   3]+0.086*[#   4]+0.086*[#   7]
          +0.086*[#   8]
    |psi|^2 = 0.982
==== e(   2) =   -12.31415 eV ==== 
     psi = 0.198*[#   3]+0.198*[#   4]+0.198*[#   7]+0.198*[#   8]+0.102*[#   1]
          +0.102*[#   5]
    |psi|^2 = 0.994
==== e(   3) =   -10.47988 eV ==== 
     psi = 0.236*[#   3]+0.236*[#   4]+0.236*[#   7]+0.236*[#   8]+0.023*[#   1]
          +0.023*[#   5]
    |psi|^2 = 0.992
==== e(   4) =    -9.52284 eV ==== 
     psi = 0.493*[#   2]+0.493*[#   6]
    |psi|^2 = 0.986
==== e(   5) =     1.78229 eV ==== 
     psi = 0.007*[#   3]+0.007*[#   4]+0.007*[#   7]+0.007*[#   8]
    |psi|^2 = 0.030
==== e(   6) =     1.98541 eV ==== 
     psi = 0.473*[#   2]+0.473*[#   6]
    |psi|^2 = 0.946
==== e(   7) =     2.70748 eV ==== 
     psi = 0.013*[#   2]+0.013*[#   6]
    |psi|^2 = 0.027
==== e(   8) =     4.49638 eV ==== 
     psi = 0.006*[#   1]+0.006*[#   5]+0.001*[#   3]+0.001*[#   4]+0.001*[#   7]
          +0.001*[#   8]
    |psi|^2 = 0.015

 k =   0.1212121212  0.3324137914  0.0000000000
==== e(   1) =   -21.59243 eV ==== 
     psi = 0.311*[#   1]+0.311*[#   5]+0.090*[#   3]+0.090*[#   4]+0.090*[#   7]
          +0.090*[#   8]
    |psi|^2 = 0.982
==== e(   2) =   -12.67963 eV ==== 
     psi = 0.194*[#   3]+0.194*[#   4]+0.194*[#   7]+0.194*[#   8]+0.108*[#   1]
          +0.108*[#   5]
    |psi|^2 = 0.994
==== e(   3) =   -10.64122 eV ==== 
     psi = 0.236*[#   3]+0.236*[#   4]+0.236*[#   7]+0.236*[#   8]+0.024*[#   1]
          +0.024*[#   5]
    |psi|^2 = 0.993
==== e(   4) =    -9.29976 eV ==== 
     psi = 0.494*[#   2]+0.494*[#   6]
    |psi|^2 = 0.988
==== e(   5) =     1.60620 eV ==== 
     psi = 0.478*[#   2]+0.478*[#   6]
    |psi|^2 = 0.956
==== e(   6) =     2.05272 eV ==== 
     psi = 0.007*[#   3]+0.007*[#   4]+0.007*[#   7]+0.007*[#   8]
    |psi|^2 = 0.027
==== e(   7) =     2.97402 eV ==== 
     psi = 0.007*[#   2]+0.007*[#   6]
    |psi|^2 = 0.014
==== e(   8) =     4.75380 eV ==== 
     psi = 0.019*[#   1]+0.019*[#   5]+0.005*[#   3]+0.005*[#   4]+0.005*[#   7]
          +0.005*[#   8]
    |psi|^2 = 0.060

 k =   0.1212121212  0.3499092541  0.0000000000
==== e(   1) =   -21.38761 eV ==== 
     psi = 0.303*[#   1]+0.303*[#   5]+0.094*[#   3]+0.094*[#   4]+0.094*[#   7]
          +0.094*[#   8]
    |psi|^2 = 0.982
==== e(   2) =   -13.05017 eV ==== 
     psi = 0.191*[#   3]+0.191*[#   4]+0.191*[#   7]+0.191*[#   8]+0.114*[#   1]
          +0.114*[#   5]
    |psi|^2 = 0.993
==== e(   3) =   -10.79164 eV ==== 
     psi = 0.236*[#   3]+0.236*[#   4]+0.236*[#   7]+0.236*[#   8]+0.024*[#   1]
          +0.024*[#   5]
    |psi|^2 = 0.993
==== e(   4) =    -9.06735 eV ==== 
     psi = 0.495*[#   2]+0.495*[#   6]
    |psi|^2 = 0.990
==== e(   5) =     1.22068 eV ==== 
     psi = 0.479*[#   2]+0.479*[#   6]
    |psi|^2 = 0.958
==== e(   6) =     2.33739 eV ==== 
     psi = 0.006*[#   3]+0.006*[#   4]+0.006*[#   7]+0.006*[#   8]
    |psi|^2 = 0.023
==== e(   7) =     3.25699 eV ==== 
     psi = 0.005*[#   2]+0.005*[#   6]
    |psi|^2 = 0.011
==== e(   8) =     4.95968 eV ==== 
     psi = 0.115*[#   1]+0.115*[#   5]+0.046*[#   3]+0.046*[#   4]+0.046*[#   7]
          +0.046*[#   8]
    |psi|^2 = 0.413

 k =   0.1212121212  0.3674047168  0.0000000000
==== e(   1) =   -21.17314 eV ==== 
     psi = 0.296*[#   1]+0.296*[#   5]+0.097*[#   3]+0.097*[#   4]+0.097*[#   7]
          +0.097*[#   8]
    |psi|^2 = 0.982
==== e(   2) =   -13.42381 eV ==== 
     psi = 0.188*[#   3]+0.188*[#   4]+0.188*[#   7]+0.188*[#   8]+0.119*[#   1]
          +0.119*[#   5]
    |psi|^2 = 0.993
==== e(   3) =   -10.93114 eV ==== 
     psi = 0.236*[#   3]+0.236*[#   4]+0.236*[#   7]+0.236*[#   8]+0.025*[#   1]
          +0.025*[#   5]
    |psi|^2 = 0.993
==== e(   4) =    -8.82636 eV ==== 
     psi = 0.496*[#   2]+0.496*[#   6]
    |psi|^2 = 0.991
==== e(   5) =     0.83248 eV ==== 
     psi = 0.480*[#   2]+0.480*[#   6]
    |psi|^2 = 0.959
==== e(   6) =     2.63615 eV ==== 
     psi = 0.005*[#   3]+0.005*[#   4]+0.005*[#   7]+0.005*[#   8]
    |psi|^2 = 0.020
==== e(   7) =     3.55440 eV ==== 
     psi = 0.004*[#   2]+0.004*[#   6]
    |psi|^2 = 0.008
==== e(   8) =     4.98990 eV ==== 
     psi = 0.218*[#   1]+0.218*[#   5]+0.087*[#   3]+0.087*[#   4]+0.087*[#   7]
          +0.087*[#   8]
    |psi|^2 = 0.784

 k =   0.1212121212  0.3849001795  0.0000000000
==== e(   1) =   -20.94920 eV ==== 
     psi = 0.290*[#   1]+0.290*[#   5]+0.101*[#   3]+0.101*[#   4]+0.101*[#   7]
          +0.101*[#   8]
    |psi|^2 = 0.982
==== e(   2) =   -13.79881 eV ==== 
     psi = 0.186*[#   3]+0.186*[#   4]+0.186*[#   7]+0.186*[#   8]+0.125*[#   1]
          +0.125*[#   5]
    |psi|^2 = 0.992
==== e(   3) =   -11.05970 eV ==== 
     psi = 0.236*[#   3]+0.236*[#   4]+0.236*[#   7]+0.236*[#   8]+0.025*[#   1]
          +0.025*[#   5]
    |psi|^2 = 0.993
==== e(   4) =    -8.57776 eV ==== 
     psi = 0.496*[#   2]+0.496*[#   6]
    |psi|^2 = 0.993
==== e(   5) =     0.44402 eV ==== 
     psi = 0.480*[#   2]+0.480*[#   6]
    |psi|^2 = 0.959
==== e(   6) =     2.94883 eV ==== 
     psi = 0.004*[#   3]+0.004*[#   4]+0.004*[#   7]+0.004*[#   8]
    |psi|^2 = 0.017
==== e(   7) =     3.86557 eV ==== 
     psi = 0.004*[#   2]+0.004*[#   6]
    |psi|^2 = 0.007
==== e(   8) =     4.95789 eV ==== 
     psi = 0.242*[#   1]+0.242*[#   5]+0.090*[#   3]+0.090*[#   4]+0.090*[#   7]
          +0.090*[#   8]
    |psi|^2 = 0.844

 k =   0.1212121212  0.4023956422  0.0000000000
==== e(   1) =   -20.71606 eV ==== 
     psi = 0.284*[#   1]+0.284*[#   5]+0.104*[#   3]+0.104*[#   4]+0.104*[#   7]
          +0.104*[#   8]
    |psi|^2 = 0.983
==== e(   2) =   -14.17358 eV ==== 
     psi = 0.183*[#   3]+0.183*[#   4]+0.183*[#   7]+0.183*[#   8]+0.130*[#   1]
          +0.130*[#   5]
    |psi|^2 = 0.992
==== e(   3) =   -11.17730 eV ==== 
     psi = 0.235*[#   3]+0.235*[#   4]+0.235*[#   7]+0.235*[#   8]+0.026*[#   1]
          +0.026*[#   5]
    |psi|^2 = 0.993
==== e(   4) =    -8.32274 eV ==== 
     psi = 0.497*[#   2]+0.497*[#   6]
    |psi|^2 = 0.994
==== e(   5) =     0.05762 eV ==== 
     psi = 0.480*[#   2]+0.480*[#   6]
    |psi|^2 = 0.959
==== e(   6) =     3.27516 eV ==== 
     psi = 0.003*[#   3]+0.003*[#   4]+0.003*[#   7]+0.003*[#   8]
    |psi|^2 = 0.014
==== e(   7) =     4.19006 eV ==== 
     psi = 0.003*[#   2]+0.003*[#   6]
    |psi|^2 = 0.006
==== e(   8) =     4.91687 eV ==== 
     psi = 0.256*[#   1]+0.256*[#   5]+0.087*[#   3]+0.087*[#   4]+0.087*[#   7]
          +0.087*[#   8]
    |psi|^2 = 0.861

 k =   0.1212121212  0.4198911049  0.0000000000
==== e(   1) =   -20.47403 eV ==== 
     psi = 0.278*[#   1]+0.278*[#   5]+0.107*[#   3]+0.107*[#   4]+0.107*[#   7]
          +0.107*[#   8]
    |psi|^2 = 0.983
==== e(   2) =   -14.54665 eV ==== 
     psi = 0.180*[#   3]+0.180*[#   4]+0.180*[#   7]+0.180*[#   8]+0.135*[#   1]
          +0.135*[#   5]
    |psi|^2 = 0.991
==== e(   3) =   -11.28390 eV ==== 
     psi = 0.235*[#   3]+0.235*[#   4]+0.235*[#   7]+0.235*[#   8]+0.026*[#   1]
          +0.026*[#   5]
    |psi|^2 = 0.994
==== e(   4) =    -8.06291 eV ==== 
     psi = 0.497*[#   2]+0.497*[#   6]
    |psi|^2 = 0.995
==== e(   5) =    -0.32413 eV ==== 
     psi = 0.480*[#   2]+0.480*[#   6]
    |psi|^2 = 0.960
==== e(   6) =     3.61460 eV ==== 
     psi = 0.002*[#   3]+0.002*[#   4]+0.002*[#   7]+0.002*[#   8]+0.001*[#   1]
          +0.001*[#   5]
    |psi|^2 = 0.012
==== e(   7) =     4.52738 eV ==== 
     psi = 0.003*[#   2]+0.003*[#   6]
    |psi|^2 = 0.005
==== e(   8) =     4.87556 eV ==== 
     psi = 0.266*[#   1]+0.266*[#   5]+0.084*[#   3]+0.084*[#   4]+0.084*[#   7]
          +0.084*[#   8]
    |psi|^2 = 0.867

 k =   0.1212121212  0.4373865676  0.0000000000
==== e(   1) =   -20.22353 eV ==== 
     psi = 0.273*[#   1]+0.273*[#   5]+0.109*[#   3]+0.109*[#   4]+0.109*[#   7]
          +0.109*[#   8]
    |psi|^2 = 0.984
==== e(   2) =   -14.91666 eV ==== 
     psi = 0.178*[#   3]+0.178*[#   4]+0.178*[#   7]+0.178*[#   8]+0.139*[#   1]
          +0.139*[#   5]
    |psi|^2 = 0.990
==== e(   3) =   -11.37947 eV ==== 
     psi = 0.235*[#   3]+0.235*[#   4]+0.235*[#   7]+0.235*[#   8]+0.026*[#   1]
          +0.026*[#   5]
    |psi|^2 = 0.994
==== e(   4) =    -7.80037 eV ==== 
     psi = 0.498*[#   2]+0.498*[#   6]
    |psi|^2 = 0.995
==== e(   5) =    -0.69823 eV ==== 
     psi = 0.480*[#   2]+0.480*[#   6]
    |psi|^2 = 0.960
==== e(   6) =     3.96588 eV ==== 
     psi = 0.004*[#   1]+0.004*[#   5]+0.001*[#   3]+0.001*[#   4]+0.001*[#   7]
          +0.001*[#   8]
    |psi|^2 = 0.013
==== e(   7) =     4.83775 eV ==== 
     psi = 0.272*[#   1]+0.272*[#   5]+0.080*[#   3]+0.080*[#   4]+0.080*[#   7]
          +0.080*[#   8]
    |psi|^2 = 0.867
==== e(   8) =     4.87693 eV ==== 
     psi = 0.003*[#   2]+0.003*[#   6]
    |psi|^2 = 0.005

 k =   0.1212121212  0.4548820303  0.0000000000
==== e(   1) =   -19.96514 eV ==== 
     psi = 0.268*[#   1]+0.268*[#   5]+0.112*[#   3]+0.112*[#   4]+0.112*[#   7]
          +0.112*[#   8]
    |psi|^2 = 0.985
==== e(   2) =   -15.28219 eV ==== 
     psi = 0.176*[#   3]+0.176*[#   4]+0.176*[#   7]+0.176*[#   8]+0.143*[#   1]
          +0.143*[#   5]
    |psi|^2 = 0.990
==== e(   3) =   -11.46395 eV ==== 
     psi = 0.235*[#   3]+0.235*[#   4]+0.235*[#   7]+0.235*[#   8]+0.026*[#   1]
          +0.026*[#   5]
    |psi|^2 = 0.994
==== e(   4) =    -7.53797 eV ==== 
     psi = 0.498*[#   2]+0.498*[#   6]
    |psi|^2 = 0.996
==== e(   5) =    -1.06103 eV ==== 
     psi = 0.480*[#   2]+0.480*[#   6]
    |psi|^2 = 0.960
==== e(   6) =     4.32394 eV ==== 
     psi = 0.014*[#   1]+0.014*[#   5]+0.001*[#   3]+0.001*[#   4]+0.001*[#   7]
          +0.001*[#   8]
    |psi|^2 = 0.033
==== e(   7) =     4.80968 eV ==== 
     psi = 0.270*[#   1]+0.270*[#   5]+0.077*[#   3]+0.077*[#   4]+0.077*[#   7]
          +0.077*[#   8]
    |psi|^2 = 0.847
==== e(   8) =     5.23792 eV ==== 
     psi = 0.002*[#   2]+0.002*[#   6]
    |psi|^2 = 0.005

 k =   0.1212121212  0.4723774930  0.0000000000
==== e(   1) =   -19.69974 eV ==== 
     psi = 0.265*[#   1]+0.265*[#   5]+0.114*[#   3]+0.114*[#   4]+0.114*[#   7]
          +0.114*[#   8]
    |psi|^2 = 0.985
==== e(   2) =   -15.64169 eV ==== 
     psi = 0.174*[#   3]+0.174*[#   4]+0.174*[#   7]+0.174*[#   8]+0.146*[#   1]
          +0.146*[#   5]
    |psi|^2 = 0.989
==== e(   3) =   -11.53729 eV ==== 
     psi = 0.235*[#   3]+0.235*[#   4]+0.235*[#   7]+0.235*[#   8]+0.027*[#   1]
          +0.027*[#   5]
    |psi|^2 = 0.994
==== e(   4) =    -7.27962 eV ==== 
     psi = 0.498*[#   2]+0.498*[#   6]
    |psi|^2 = 0.996
==== e(   5) =    -1.40789 eV ==== 
     psi = 0.480*[#   2]+0.480*[#   6]
    |psi|^2 = 0.960
==== e(   6) =     4.63649 eV ==== 
     psi = 0.132*[#   1]+0.132*[#   5]+0.023*[#   3]+0.023*[#   4]+0.023*[#   7]
          +0.023*[#   8]
    |psi|^2 = 0.356
==== e(   7) =     4.84422 eV ==== 
     psi = 0.159*[#   1]+0.159*[#   5]+0.051*[#   3]+0.051*[#   4]+0.051*[#   7]
          +0.051*[#   8]
    |psi|^2 = 0.523
==== e(   8) =     5.60921 eV ==== 
     psi = 0.002*[#   2]+0.002*[#   6]
    |psi|^2 = 0.005

 k =   0.1212121212  0.4898729557  0.0000000000
==== e(   1) =   -19.42876 eV ==== 
     psi = 0.262*[#   1]+0.262*[#   5]+0.115*[#   3]+0.115*[#   4]+0.115*[#   7]
          +0.115*[#   8]
    |psi|^2 = 0.986
==== e(   2) =   -15.99319 eV ==== 
     psi = 0.173*[#   3]+0.173*[#   4]+0.173*[#   7]+0.173*[#   8]+0.148*[#   1]
          +0.148*[#   5]
    |psi|^2 = 0.988
==== e(   3) =   -11.59945 eV ==== 
     psi = 0.235*[#   3]+0.235*[#   4]+0.235*[#   7]+0.235*[#   8]+0.027*[#   1]
          +0.027*[#   5]
    |psi|^2 = 0.994
==== e(   4) =    -7.03079 eV ==== 
     psi = 0.498*[#   2]+0.498*[#   6]
    |psi|^2 = 0.997
==== e(   5) =    -1.73271 eV ==== 
     psi = 0.480*[#   2]+0.480*[#   6]
    |psi|^2 = 0.960
==== e(   6) =     4.69649 eV ==== 
     psi = 0.281*[#   1]+0.281*[#   5]+0.062*[#   3]+0.062*[#   4]+0.062*[#   7]
          +0.062*[#   8]
    |psi|^2 = 0.810
==== e(   7) =     5.14867 eV ==== 
     psi = 0.015*[#   1]+0.015*[#   5]+0.010*[#   3]+0.010*[#   4]+0.010*[#   7]
          +0.010*[#   8]
    |psi|^2 = 0.068
==== e(   8) =     5.98912 eV ==== 
     psi = 0.003*[#   2]+0.003*[#   6]
    |psi|^2 = 0.005

 k =   0.1212121212  0.5073684184  0.0000000000
==== e(   1) =   -19.15471 eV ==== 
     psi = 0.262*[#   1]+0.262*[#   5]+0.116*[#   3]+0.116*[#   4]+0.116*[#   7]
          +0.116*[#   8]
    |psi|^2 = 0.987
==== e(   2) =   -16.33370 eV ==== 
     psi = 0.173*[#   3]+0.173*[#   4]+0.173*[#   7]+0.173*[#   8]+0.148*[#   1]
          +0.148*[#   5]
    |psi|^2 = 0.987
==== e(   3) =   -11.65037 eV ==== 
     psi = 0.235*[#   3]+0.235*[#   4]+0.235*[#   7]+0.235*[#   8]+0.027*[#   1]
          +0.027*[#   5]
    |psi|^2 = 0.994
==== e(   4) =    -6.79912 eV ==== 
     psi = 0.498*[#   2]+0.498*[#   6]
    |psi|^2 = 0.997
==== e(   5) =    -2.02730 eV ==== 
     psi = 0.480*[#   2]+0.480*[#   6]
    |psi|^2 = 0.961
==== e(   6) =     4.68341 eV ==== 
     psi = 0.297*[#   1]+0.297*[#   5]+0.065*[#   3]+0.065*[#   4]+0.065*[#   7]
          +0.065*[#   8]
    |psi|^2 = 0.853
==== e(   7) =     5.54352 eV ==== 
     psi = 0.004*[#   3]+0.004*[#   4]+0.004*[#   7]+0.004*[#   8]+0.004*[#   1]
          +0.004*[#   5]
    |psi|^2 = 0.024
==== e(   8) =     6.37492 eV ==== 
     psi = 0.003*[#   2]+0.003*[#   6]
    |psi|^2 = 0.006

 k =   0.1212121212  0.5248638811  0.0000000000
==== e(   1) =   -18.88266 eV ==== 
     psi = 0.264*[#   1]+0.264*[#   5]+0.115*[#   3]+0.115*[#   4]+0.115*[#   7]
          +0.115*[#   8]
    |psi|^2 = 0.988
==== e(   2) =   -16.65779 eV ==== 
     psi = 0.174*[#   3]+0.174*[#   4]+0.174*[#   7]+0.174*[#   8]+0.145*[#   1]
          +0.145*[#   5]
    |psi|^2 = 0.986
==== e(   3) =   -11.69002 eV ==== 
     psi = 0.235*[#   3]+0.235*[#   4]+0.235*[#   7]+0.235*[#   8]+0.027*[#   1]
          +0.027*[#   5]
    |psi|^2 = 0.994
==== e(   4) =    -6.59505 eV ==== 
     psi = 0.499*[#   2]+0.499*[#   6]
    |psi|^2 = 0.997
==== e(   5) =    -2.28077 eV ==== 
     psi = 0.480*[#   2]+0.480*[#   6]
    |psi|^2 = 0.961
==== e(   6) =     4.66746 eV ==== 
     psi = 0.303*[#   1]+0.303*[#   5]+0.064*[#   3]+0.064*[#   4]+0.064*[#   7]
          +0.064*[#   8]
    |psi|^2 = 0.863
==== e(   7) =     5.95814 eV ==== 
     psi = 0.003*[#   3]+0.003*[#   4]+0.003*[#   7]+0.003*[#   8]+0.002*[#   1]
          +0.002*[#   5]
    |psi|^2 = 0.015
==== e(   8) =     6.76170 eV ==== 
     psi = 0.004*[#   2]+0.004*[#   6]
    |psi|^2 = 0.007

 k =   0.1212121212  0.5423593438  0.0000000000
==== e(   1) =   -18.62441 eV ==== 
     psi = 0.272*[#   1]+0.272*[#   5]+0.112*[#   3]+0.112*[#   4]+0.112*[#   7]
          +0.112*[#   8]
    |psi|^2 = 0.990
==== e(   2) =   -16.95341 eV ==== 
     psi = 0.177*[#   3]+0.177*[#   4]+0.177*[#   7]+0.177*[#   8]+0.137*[#   1]
          +0.137*[#   5]
    |psi|^2 = 0.984
==== e(   3) =   -11.71836 eV ==== 
     psi = 0.235*[#   3]+0.235*[#   4]+0.235*[#   7]+0.235*[#   8]+0.027*[#   1]
          +0.027*[#   5]
    |psi|^2 = 0.994
==== e(   4) =    -6.43209 eV ==== 
     psi = 0.499*[#   2]+0.499*[#   6]
    |psi|^2 = 0.997
==== e(   5) =    -2.47928 eV ==== 
     psi = 0.480*[#   2]+0.480*[#   6]
    |psi|^2 = 0.960
==== e(   6) =     4.65485 eV ==== 
     psi = 0.306*[#   1]+0.306*[#   5]+0.064*[#   3]+0.064*[#   4]+0.064*[#   7]
          +0.064*[#   8]
    |psi|^2 = 0.867
==== e(   7) =     6.38538 eV ==== 
     psi = 0.002*[#   1]+0.002*[#   5]+0.002*[#   3]+0.002*[#   4]+0.002*[#   7]
          +0.002*[#   8]
    |psi|^2 = 0.012
==== e(   8) =     7.13882 eV ==== 
     psi = 0.005*[#   2]+0.005*[#   6]
    |psi|^2 = 0.010

 k =   0.1212121212  0.5598548065  0.0000000000
==== e(   1) =   -18.41128 eV ==== 
     psi = 0.287*[#   1]+0.287*[#   5]+0.105*[#   3]+0.105*[#   4]+0.105*[#   7]
          +0.105*[#   8]
    |psi|^2 = 0.992
==== e(   2) =   -17.18904 eV ==== 
     psi = 0.184*[#   3]+0.184*[#   4]+0.184*[#   7]+0.184*[#   8]+0.123*[#   1]
          +0.123*[#   5]
    |psi|^2 = 0.982
==== e(   3) =   -11.73538 eV ==== 
     psi = 0.235*[#   3]+0.235*[#   4]+0.235*[#   7]+0.235*[#   8]+0.027*[#   1]
          +0.027*[#   5]
    |psi|^2 = 0.994
==== e(   4) =    -6.32544 eV ==== 
     psi = 0.499*[#   2]+0.499*[#   6]
    |psi|^2 = 0.998
==== e(   5) =    -2.60735 eV ==== 
     psi = 0.480*[#   2]+0.480*[#   6]
    |psi|^2 = 0.960
==== e(   6) =     4.64697 eV ==== 
     psi = 0.308*[#   1]+0.308*[#   5]+0.063*[#   3]+0.063*[#   4]+0.063*[#   7]
          +0.063*[#   8]
    |psi|^2 = 0.869
==== e(   7) =     6.82085 eV ==== 
     psi = 0.003*[#   1]+0.003*[#   5]+0.002*[#   3]+0.002*[#   4]+0.002*[#   7]
          +0.002*[#   8]
    |psi|^2 = 0.013
==== e(   8) =     7.47487 eV ==== 
     psi = 0.007*[#   2]+0.007*[#   6]
    |psi|^2 = 0.013

 k =   0.1212121212  0.5773502692  0.0000000000
==== e(   1) =   -18.31881 eV ==== 
     psi = 0.298*[#   1]+0.298*[#   5]+0.099*[#   3]+0.099*[#   4]+0.099*[#   7]
          +0.099*[#   8]
    |psi|^2 = 0.993
==== e(   2) =   -17.28902 eV ==== 
     psi = 0.190*[#   3]+0.190*[#   4]+0.190*[#   7]+0.190*[#   8]+0.111*[#   1]
          +0.111*[#   5]
    |psi|^2 = 0.981
==== e(   3) =   -11.74105 eV ==== 
     psi = 0.235*[#   3]+0.235*[#   4]+0.235*[#   7]+0.235*[#   8]+0.027*[#   1]
          +0.027*[#   5]
    |psi|^2 = 0.994
==== e(   4) =    -6.28813 eV ==== 
     psi = 0.499*[#   2]+0.499*[#   6]
    |psi|^2 = 0.998
==== e(   5) =    -2.65182 eV ==== 
     psi = 0.480*[#   2]+0.480*[#   6]
    |psi|^2 = 0.960
==== e(   6) =     4.64430 eV ==== 
     psi = 0.308*[#   1]+0.308*[#   5]+0.063*[#   3]+0.063*[#   4]+0.063*[#   7]
          +0.063*[#   8]
    |psi|^2 = 0.869
==== e(   7) =     7.19138 eV ==== 
     psi = 0.008*[#   1]+0.008*[#   5]+0.001*[#   3]+0.001*[#   4]+0.001*[#   7]
          +0.001*[#   8]
    |psi|^2 = 0.020
==== e(   8) =     7.36316 eV ==== 
     psi = 0.002*[#   3]+0.002*[#   4]+0.002*[#   7]+0.002*[#   8]
    |psi|^2 = 0.009

 k =   0.1363636364  0.2361887465  0.0000000000
==== e(   1) =   -22.47201 eV ==== 
     psi = 0.352*[#   1]+0.352*[#   5]+0.069*[#   3]+0.069*[#   4]+0.069*[#   7]
          +0.069*[#   8]
    |psi|^2 = 0.982
==== e(   2) =   -10.91504 eV ==== 
     psi = 0.211*[#   3]+0.211*[#   4]+0.211*[#   7]+0.211*[#   8]+0.077*[#   1]
          +0.077*[#   5]
    |psi|^2 = 0.997
==== e(   3) =   -10.31725 eV ==== 
     psi = 0.488*[#   2]+0.488*[#   6]
    |psi|^2 = 0.976
==== e(   4) =    -9.74775 eV ==== 
     psi = 0.238*[#   3]+0.238*[#   4]+0.238*[#   7]+0.238*[#   8]+0.019*[#   1]
          +0.019*[#   5]
    |psi|^2 = 0.991
==== e(   5) =     0.83712 eV ==== 
     psi = 0.010*[#   3]+0.010*[#   4]+0.010*[#   7]+0.010*[#   8]
    |psi|^2 = 0.040
==== e(   6) =     1.74905 eV ==== 
     psi = 0.006*[#   2]+0.006*[#   6]
    |psi|^2 = 0.012
==== e(   7) =     3.47349 eV ==== 
     psi = 0.485*[#   2]+0.485*[#   6]
    |psi|^2 = 0.969
==== e(   8) =     3.55233 eV ==== 

    |psi|^2 = 0.004

 k =   0.1363636364  0.2536842092  0.0000000000
==== e(   1) =   -22.32284 eV ==== 
     psi = 0.344*[#   1]+0.344*[#   5]+0.074*[#   3]+0.074*[#   4]+0.074*[#   7]
          +0.074*[#   8]
    |psi|^2 = 0.982
==== e(   2) =   -11.20577 eV ==== 
     psi = 0.208*[#   3]+0.208*[#   4]+0.208*[#   7]+0.208*[#   8]+0.083*[#   1]
          +0.083*[#   5]
    |psi|^2 = 0.997
==== e(   3) =   -10.14273 eV ==== 
     psi = 0.489*[#   2]+0.489*[#   6]
    |psi|^2 = 0.979
==== e(   4) =    -9.97177 eV ==== 
     psi = 0.237*[#   3]+0.237*[#   4]+0.237*[#   7]+0.237*[#   8]+0.021*[#   1]
          +0.021*[#   5]
    |psi|^2 = 0.991
==== e(   5) =     1.04261 eV ==== 
     psi = 0.009*[#   3]+0.009*[#   4]+0.009*[#   7]+0.009*[#   8]
    |psi|^2 = 0.038
==== e(   6) =     1.95421 eV ==== 
     psi = 0.006*[#   2]+0.006*[#   6]
    |psi|^2 = 0.011
==== e(   7) =     3.13855 eV ==== 
     psi = 0.484*[#   2]+0.484*[#   6]
    |psi|^2 = 0.969
==== e(   8) =     3.75945 eV ==== 

    |psi|^2 = 0.004

 k =   0.1363636364  0.2711796719  0.0000000000
==== e(   1) =   -22.16337 eV ==== 
     psi = 0.335*[#   1]+0.335*[#   5]+0.078*[#   3]+0.078*[#   4]+0.078*[#   7]
          +0.078*[#   8]
    |psi|^2 = 0.982
==== e(   2) =   -11.51258 eV ==== 
     psi = 0.205*[#   3]+0.205*[#   4]+0.205*[#   7]+0.205*[#   8]+0.089*[#   1]
          +0.089*[#   5]
    |psi|^2 = 0.996
==== e(   3) =   -10.18681 eV ==== 
     psi = 0.236*[#   3]+0.236*[#   4]+0.236*[#   7]+0.236*[#   8]+0.023*[#   1]
          +0.023*[#   5]
    |psi|^2 = 0.991
==== e(   4) =    -9.95687 eV ==== 
     psi = 0.491*[#   2]+0.491*[#   6]
    |psi|^2 = 0.981
==== e(   5) =     1.26262 eV ==== 
     psi = 0.009*[#   3]+0.009*[#   4]+0.009*[#   7]+0.009*[#   8]
    |psi|^2 = 0.036
==== e(   6) =     2.17256 eV ==== 
     psi = 0.006*[#   2]+0.006*[#   6]
    |psi|^2 = 0.012
==== e(   7) =     2.79375 eV ==== 
     psi = 0.483*[#   2]+0.483*[#   6]
    |psi|^2 = 0.966
==== e(   8) =     3.98100 eV ==== 

    |psi|^2 = 0.004

 k =   0.1363636364  0.2886751346  0.0000000000
==== e(   1) =   -21.99369 eV ==== 
     psi = 0.327*[#   1]+0.327*[#   5]+0.082*[#   3]+0.082*[#   4]+0.082*[#   7]
          +0.082*[#   8]
    |psi|^2 = 0.982
==== e(   2) =   -11.83451 eV ==== 
     psi = 0.202*[#   3]+0.202*[#   4]+0.202*[#   7]+0.202*[#   8]+0.095*[#   1]
          +0.095*[#   5]
    |psi|^2 = 0.996
==== e(   3) =   -10.39048 eV ==== 
     psi = 0.236*[#   3]+0.236*[#   4]+0.236*[#   7]+0.236*[#   8]+0.024*[#   1]
          +0.024*[#   5]
    |psi|^2 = 0.991
==== e(   4) =    -9.75998 eV ==== 
     psi = 0.492*[#   2]+0.492*[#   6]
    |psi|^2 = 0.983
==== e(   5) =     1.49710 eV ==== 
     psi = 0.008*[#   3]+0.008*[#   4]+0.008*[#   7]+0.008*[#   8]
    |psi|^2 = 0.034
==== e(   6) =     2.37232 eV ==== 
     psi = 0.174*[#   2]+0.174*[#   6]
    |psi|^2 = 0.348
==== e(   7) =     2.47230 eV ==== 
     psi = 0.314*[#   2]+0.314*[#   6]
    |psi|^2 = 0.628
==== e(   8) =     4.21672 eV ==== 
     psi = 0.001*[#   1]+0.001*[#   5]
    |psi|^2 = 0.004

 k =   0.1363636364  0.3061705973  0.0000000000
==== e(   1) =   -21.81390 eV ==== 
     psi = 0.319*[#   1]+0.319*[#   5]+0.086*[#   3]+0.086*[#   4]+0.086*[#   7]
          +0.086*[#   8]
    |psi|^2 = 0.982
==== e(   2) =   -12.16977 eV ==== 
     psi = 0.199*[#   3]+0.199*[#   4]+0.199*[#   7]+0.199*[#   8]+0.101*[#   1]
          +0.101*[#   5]
    |psi|^2 = 0.995
==== e(   3) =   -10.58157 eV ==== 
     psi = 0.235*[#   3]+0.235*[#   4]+0.235*[#   7]+0.235*[#   8]+0.026*[#   1]
          +0.026*[#   5]
    |psi|^2 = 0.991
==== e(   4) =    -9.55244 eV ==== 
     psi = 0.493*[#   2]+0.493*[#   6]
    |psi|^2 = 0.985
==== e(   5) =     1.74600 eV ==== 
     psi = 0.008*[#   3]+0.008*[#   4]+0.008*[#   7]+0.008*[#   8]
    |psi|^2 = 0.031
==== e(   6) =     2.06555 eV ==== 
     psi = 0.477*[#   2]+0.477*[#   6]
    |psi|^2 = 0.955
==== e(   7) =     2.66352 eV ==== 
     psi = 0.010*[#   2]+0.010*[#   6]
    |psi|^2 = 0.020
==== e(   8) =     4.46607 eV ==== 
     psi = 0.002*[#   1]+0.002*[#   5]
    |psi|^2 = 0.006

 k =   0.1363636364  0.3236660600  0.0000000000
==== e(   1) =   -21.62411 eV ==== 
     psi = 0.312*[#   1]+0.312*[#   5]+0.090*[#   3]+0.090*[#   4]+0.090*[#   7]
          +0.090*[#   8]
    |psi|^2 = 0.982
==== e(   2) =   -12.51610 eV ==== 
     psi = 0.196*[#   3]+0.196*[#   4]+0.196*[#   7]+0.196*[#   8]+0.106*[#   1]
          +0.106*[#   5]
    |psi|^2 = 0.995
==== e(   3) =   -10.75969 eV ==== 
     psi = 0.235*[#   3]+0.235*[#   4]+0.235*[#   7]+0.235*[#   8]+0.027*[#   1]
          +0.027*[#   5]
    |psi|^2 = 0.992
==== e(   4) =    -9.33469 eV ==== 
     psi = 0.494*[#   2]+0.494*[#   6]
    |psi|^2 = 0.987
==== e(   5) =     1.69687 eV ==== 
     psi = 0.481*[#   2]+0.481*[#   6]
    |psi|^2 = 0.962
==== e(   6) =     2.00926 eV ==== 
     psi = 0.007*[#   3]+0.007*[#   4]+0.007*[#   7]+0.007*[#   8]
    |psi|^2 = 0.028
==== e(   7) =     2.92417 eV ==== 
     psi = 0.006*[#   2]+0.006*[#   6]
    |psi|^2 = 0.012
==== e(   8) =     4.72764 eV ==== 
     psi = 0.005*[#   1]+0.005*[#   5]
    |psi|^2 = 0.013

 k =   0.1363636364  0.3411615227  0.0000000000
==== e(   1) =   -21.42445 eV ==== 
     psi = 0.305*[#   1]+0.305*[#   5]+0.093*[#   3]+0.093*[#   4]+0.093*[#   7]
          +0.093*[#   8]
    |psi|^2 = 0.982
==== e(   2) =   -12.87105 eV ==== 
     psi = 0.193*[#   3]+0.193*[#   4]+0.193*[#   7]+0.193*[#   8]+0.112*[#   1]
          +0.112*[#   5]
    |psi|^2 = 0.994
==== e(   3) =   -10.92487 eV ==== 
     psi = 0.234*[#   3]+0.234*[#   4]+0.234*[#   7]+0.234*[#   8]+0.027*[#   1]
          +0.027*[#   5]
    |psi|^2 = 0.992
==== e(   4) =    -9.10729 eV ==== 
     psi = 0.495*[#   2]+0.495*[#   6]
    |psi|^2 = 0.989
==== e(   5) =     1.32185 eV ==== 
     psi = 0.481*[#   2]+0.481*[#   6]
    |psi|^2 = 0.963
==== e(   6) =     2.28678 eV ==== 
     psi = 0.006*[#   3]+0.006*[#   4]+0.006*[#   7]+0.006*[#   8]
    |psi|^2 = 0.025
==== e(   7) =     3.20009 eV ==== 
     psi = 0.004*[#   2]+0.004*[#   6]
    |psi|^2 = 0.009
==== e(   8) =     4.99608 eV ==== 
     psi = 0.014*[#   1]+0.014*[#   5]+0.004*[#   3]+0.004*[#   4]+0.004*[#   7]
          +0.004*[#   8]
    |psi|^2 = 0.043

 k =   0.1363636364  0.3586569854  0.0000000000
==== e(   1) =   -21.21507 eV ==== 
     psi = 0.298*[#   1]+0.298*[#   5]+0.097*[#   3]+0.097*[#   4]+0.097*[#   7]
          +0.097*[#   8]
    |psi|^2 = 0.982
==== e(   2) =   -13.23225 eV ==== 
     psi = 0.190*[#   3]+0.190*[#   4]+0.190*[#   7]+0.190*[#   8]+0.118*[#   1]
          +0.118*[#   5]
    |psi|^2 = 0.993
==== e(   3) =   -11.07736 eV ==== 
     psi = 0.234*[#   3]+0.234*[#   4]+0.234*[#   7]+0.234*[#   8]+0.028*[#   1]
          +0.028*[#   5]
    |psi|^2 = 0.992
==== e(   4) =    -8.87089 eV ==== 
     psi = 0.495*[#   2]+0.495*[#   6]
    |psi|^2 = 0.991
==== e(   5) =     0.94321 eV ==== 
     psi = 0.482*[#   2]+0.482*[#   6]
    |psi|^2 = 0.963
==== e(   6) =     2.57848 eV ==== 
     psi = 0.005*[#   3]+0.005*[#   4]+0.005*[#   7]+0.005*[#   8]
    |psi|^2 = 0.021
==== e(   7) =     3.49000 eV ==== 
     psi = 0.004*[#   2]+0.004*[#   6]
    |psi|^2 = 0.007
==== e(   8) =     5.23374 eV ==== 
     psi = 0.083*[#   1]+0.083*[#   5]+0.032*[#   3]+0.032*[#   4]+0.032*[#   7]
          +0.032*[#   8]
    |psi|^2 = 0.295

 k =   0.1363636364  0.3761524481  0.0000000000
==== e(   1) =   -20.99618 eV ==== 
     psi = 0.291*[#   1]+0.291*[#   5]+0.100*[#   3]+0.100*[#   4]+0.100*[#   7]
          +0.100*[#   8]
    |psi|^2 = 0.982
==== e(   2) =   -13.59751 eV ==== 
     psi = 0.187*[#   3]+0.187*[#   4]+0.187*[#   7]+0.187*[#   8]+0.123*[#   1]
          +0.123*[#   5]
    |psi|^2 = 0.993
==== e(   3) =   -11.21745 eV ==== 
     psi = 0.234*[#   3]+0.234*[#   4]+0.234*[#   7]+0.234*[#   8]+0.029*[#   1]
          +0.029*[#   5]
    |psi|^2 = 0.992
==== e(   4) =    -8.62633 eV ==== 
     psi = 0.496*[#   2]+0.496*[#   6]
    |psi|^2 = 0.992
==== e(   5) =     0.56294 eV ==== 
     psi = 0.482*[#   2]+0.482*[#   6]
    |psi|^2 = 0.963
==== e(   6) =     2.88422 eV ==== 
     psi = 0.004*[#   3]+0.004*[#   4]+0.004*[#   7]+0.004*[#   8]
    |psi|^2 = 0.018
==== e(   7) =     3.79344 eV ==== 
     psi = 0.003*[#   2]+0.003*[#   6]
    |psi|^2 = 0.006
==== e(   8) =     5.29814 eV ==== 
     psi = 0.208*[#   1]+0.208*[#   5]+0.085*[#   3]+0.085*[#   4]+0.085*[#   7]
          +0.085*[#   8]
    |psi|^2 = 0.756

 k =   0.1363636364  0.3936479108  0.0000000000
==== e(   1) =   -20.76798 eV ==== 
     psi = 0.285*[#   1]+0.285*[#   5]+0.103*[#   3]+0.103*[#   4]+0.103*[#   7]
          +0.103*[#   8]
    |psi|^2 = 0.983
==== e(   2) =   -13.96483 eV ==== 
     psi = 0.184*[#   3]+0.184*[#   4]+0.184*[#   7]+0.184*[#   8]+0.128*[#   1]
          +0.128*[#   5]
    |psi|^2 = 0.992
==== e(   3) =   -11.34539 eV ==== 
     psi = 0.233*[#   3]+0.233*[#   4]+0.233*[#   7]+0.233*[#   8]+0.029*[#   1]
          +0.029*[#   5]
    |psi|^2 = 0.993
==== e(   4) =    -8.37467 eV ==== 
     psi = 0.497*[#   2]+0.497*[#   6]
    |psi|^2 = 0.994
==== e(   5) =     0.18310 eV ==== 
     psi = 0.482*[#   2]+0.482*[#   6]
    |psi|^2 = 0.963
==== e(   6) =     3.20381 eV ==== 
     psi = 0.004*[#   3]+0.004*[#   4]+0.004*[#   7]+0.004*[#   8]
    |psi|^2 = 0.015
==== e(   7) =     4.10997 eV ==== 
     psi = 0.003*[#   2]+0.003*[#   6]
    |psi|^2 = 0.005
==== e(   8) =     5.27295 eV ==== 
     psi = 0.238*[#   1]+0.238*[#   5]+0.090*[#   3]+0.090*[#   4]+0.090*[#   7]
          +0.090*[#   8]
    |psi|^2 = 0.834

 k =   0.1363636364  0.4111433735  0.0000000000
==== e(   1) =   -20.53076 eV ==== 
     psi = 0.279*[#   1]+0.279*[#   5]+0.106*[#   3]+0.106*[#   4]+0.106*[#   7]
          +0.106*[#   8]
    |psi|^2 = 0.983
==== e(   2) =   -14.33244 eV ==== 
     psi = 0.182*[#   3]+0.182*[#   4]+0.182*[#   7]+0.182*[#   8]+0.133*[#   1]
          +0.133*[#   5]
    |psi|^2 = 0.992
==== e(   3) =   -11.46138 eV ==== 
     psi = 0.233*[#   3]+0.233*[#   4]+0.233*[#   7]+0.233*[#   8]+0.030*[#   1]
          +0.030*[#   5]
    |psi|^2 = 0.993
==== e(   4) =    -8.11725 eV ==== 
     psi = 0.497*[#   2]+0.497*[#   6]
    |psi|^2 = 0.994
==== e(   5) =    -0.19403 eV ==== 
     psi = 0.482*[#   2]+0.482*[#   6]
    |psi|^2 = 0.963
==== e(   6) =     3.53697 eV ==== 
     psi = 0.003*[#   3]+0.003*[#   4]+0.003*[#   7]+0.003*[#   8]
    |psi|^2 = 0.013
==== e(   7) =     4.43911 eV ==== 
     psi = 0.002*[#   2]+0.002*[#   6]
    |psi|^2 = 0.005
==== e(   8) =     5.23506 eV ==== 
     psi = 0.252*[#   1]+0.252*[#   5]+0.087*[#   3]+0.087*[#   4]+0.087*[#   7]
          +0.087*[#   8]
    |psi|^2 = 0.852

 k =   0.1363636364  0.4286388362  0.0000000000
==== e(   1) =   -20.28490 eV ==== 
     psi = 0.274*[#   1]+0.274*[#   5]+0.109*[#   3]+0.109*[#   4]+0.109*[#   7]
          +0.109*[#   8]
    |psi|^2 = 0.984
==== e(   2) =   -14.69869 eV ==== 
     psi = 0.179*[#   3]+0.179*[#   4]+0.179*[#   7]+0.179*[#   8]+0.137*[#   1]
          +0.137*[#   5]
    |psi|^2 = 0.991
==== e(   3) =   -11.56558 eV ==== 
     psi = 0.233*[#   3]+0.233*[#   4]+0.233*[#   7]+0.233*[#   8]+0.030*[#   1]
          +0.030*[#   5]
    |psi|^2 = 0.993
==== e(   4) =    -7.85586 eV ==== 
     psi = 0.498*[#   2]+0.498*[#   6]
    |psi|^2 = 0.995
==== e(   5) =    -0.56580 eV ==== 
     psi = 0.482*[#   2]+0.482*[#   6]
    |psi|^2 = 0.963
==== e(   6) =     3.88322 eV ==== 
     psi = 0.002*[#   3]+0.002*[#   4]+0.002*[#   7]+0.002*[#   8]+0.001*[#   1]
          +0.001*[#   5]
    |psi|^2 = 0.011
==== e(   7) =     4.78020 eV ==== 
     psi = 0.002*[#   2]+0.002*[#   6]
    |psi|^2 = 0.004
==== e(   8) =     5.19602 eV ==== 
     psi = 0.261*[#   1]+0.261*[#   5]+0.084*[#   3]+0.084*[#   4]+0.084*[#   7]
          +0.084*[#   8]
    |psi|^2 = 0.859

 k =   0.1363636364  0.4461342989  0.0000000000
==== e(   1) =   -20.03088 eV ==== 
     psi = 0.269*[#   1]+0.269*[#   5]+0.112*[#   3]+0.112*[#   4]+0.112*[#   7]
          +0.112*[#   8]
    |psi|^2 = 0.984
==== e(   2) =   -15.06202 eV ==== 
     psi = 0.177*[#   3]+0.177*[#   4]+0.177*[#   7]+0.177*[#   8]+0.141*[#   1]
          +0.141*[#   5]
    |psi|^2 = 0.990
==== e(   3) =   -11.65808 eV ==== 
     psi = 0.233*[#   3]+0.233*[#   4]+0.233*[#   7]+0.233*[#   8]+0.031*[#   1]
          +0.031*[#   5]
    |psi|^2 = 0.993
==== e(   4) =    -7.59289 eV ==== 
     psi = 0.498*[#   2]+0.498*[#   6]
    |psi|^2 = 0.996
==== e(   5) =    -0.92904 eV ==== 
     psi = 0.482*[#   2]+0.482*[#   6]
    |psi|^2 = 0.963
==== e(   6) =     4.24141 eV ==== 
     psi = 0.004*[#   1]+0.004*[#   5]+0.001*[#   3]+0.001*[#   4]+0.001*[#   7]
          +0.001*[#   8]
    |psi|^2 = 0.012
==== e(   7) =     5.13236 eV ==== 
     psi = 0.002*[#   2]+0.002*[#   6]
    |psi|^2 = 0.004
==== e(   8) =     5.15997 eV ==== 
     psi = 0.268*[#   1]+0.268*[#   5]+0.081*[#   3]+0.081*[#   4]+0.081*[#   7]
          +0.081*[#   8]
    |psi|^2 = 0.859

 k =   0.1363636364  0.4636297616  0.0000000000
==== e(   1) =   -19.76944 eV ==== 
     psi = 0.265*[#   1]+0.265*[#   5]+0.114*[#   3]+0.114*[#   4]+0.114*[#   7]
          +0.114*[#   8]
    |psi|^2 = 0.985
==== e(   2) =   -15.42083 eV ==== 
     psi = 0.175*[#   3]+0.175*[#   4]+0.175*[#   7]+0.175*[#   8]+0.145*[#   1]
          +0.145*[#   5]
    |psi|^2 = 0.990
==== e(   3) =   -11.73896 eV ==== 
     psi = 0.233*[#   3]+0.233*[#   4]+0.233*[#   7]+0.233*[#   8]+0.031*[#   1]
          +0.031*[#   5]
    |psi|^2 = 0.993
==== e(   4) =    -7.33161 eV ==== 
     psi = 0.498*[#   2]+0.498*[#   6]
    |psi|^2 = 0.996
==== e(   5) =    -1.27973 eV ==== 
     psi = 0.482*[#   2]+0.482*[#   6]
    |psi|^2 = 0.963
==== e(   6) =     4.60746 eV ==== 
     psi = 0.012*[#   1]+0.012*[#   5]+0.001*[#   3]+0.001*[#   4]+0.001*[#   7]
          +0.001*[#   8]
    |psi|^2 = 0.028
==== e(   7) =     5.13232 eV ==== 
     psi = 0.267*[#   1]+0.267*[#   5]+0.077*[#   3]+0.077*[#   4]+0.077*[#   7]
          +0.077*[#   8]
    |psi|^2 = 0.843
==== e(   8) =     5.49432 eV ==== 
     psi = 0.002*[#   2]+0.002*[#   6]
    |psi|^2 = 0.004

 k =   0.1363636364  0.4811252243  0.0000000000
==== e(   1) =   -19.50167 eV ==== 
     psi = 0.262*[#   1]+0.262*[#   5]+0.116*[#   3]+0.116*[#   4]+0.116*[#   7]
          +0.116*[#   8]
    |psi|^2 = 0.986
==== e(   2) =   -15.77327 eV ==== 
     psi = 0.174*[#   3]+0.174*[#   4]+0.174*[#   7]+0.174*[#   8]+0.147*[#   1]
          +0.147*[#   5]
    |psi|^2 = 0.989
==== e(   3) =   -11.80826 eV ==== 
     psi = 0.233*[#   3]+0.233*[#   4]+0.233*[#   7]+0.233*[#   8]+0.031*[#   1]
          +0.031*[#   5]
    |psi|^2 = 0.993
==== e(   4) =    -7.07657 eV ==== 
     psi = 0.498*[#   2]+0.498*[#   6]
    |psi|^2 = 0.996
==== e(   5) =    -1.61268 eV ==== 
     psi = 0.482*[#   2]+0.482*[#   6]
    |psi|^2 = 0.963
==== e(   6) =     4.94231 eV ==== 
     psi = 0.103*[#   1]+0.103*[#   5]+0.018*[#   3]+0.018*[#   4]+0.018*[#   7]
          +0.018*[#   8]
    |psi|^2 = 0.277
==== e(   7) =     5.15272 eV ==== 
     psi = 0.182*[#   1]+0.182*[#   5]+0.057*[#   3]+0.057*[#   4]+0.057*[#   7]
          +0.057*[#   8]
    |psi|^2 = 0.593
==== e(   8) =     5.86421 eV ==== 
     psi = 0.002*[#   2]+0.002*[#   6]
    |psi|^2 = 0.005

 k =   0.1363636364  0.4986206870  0.0000000000
==== e(   1) =   -19.22945 eV ==== 
     psi = 0.260*[#   1]+0.260*[#   5]+0.117*[#   3]+0.117*[#   4]+0.117*[#   7]
          +0.117*[#   8]
    |psi|^2 = 0.987
==== e(   2) =   -16.11690 eV ==== 
     psi = 0.173*[#   3]+0.173*[#   4]+0.173*[#   7]+0.173*[#   8]+0.149*[#   1]
          +0.149*[#   5]
    |psi|^2 = 0.988
==== e(   3) =   -11.86599 eV ==== 
     psi = 0.233*[#   3]+0.233*[#   4]+0.233*[#   7]+0.233*[#   8]+0.031*[#   1]
          +0.031*[#   5]
    |psi|^2 = 0.993
==== e(   4) =    -6.83417 eV ==== 
     psi = 0.498*[#   2]+0.498*[#   6]
    |psi|^2 = 0.997
==== e(   5) =    -1.92091 eV ==== 
     psi = 0.482*[#   2]+0.482*[#   6]
    |psi|^2 = 0.964
==== e(   6) =     5.02625 eV ==== 
     psi = 0.275*[#   1]+0.275*[#   5]+0.063*[#   3]+0.063*[#   4]+0.063*[#   7]
          +0.063*[#   8]
    |psi|^2 = 0.801
==== e(   7) =     5.44107 eV ==== 
     psi = 0.016*[#   1]+0.016*[#   5]+0.009*[#   3]+0.009*[#   4]+0.009*[#   7]
          +0.009*[#   8]
    |psi|^2 = 0.070
==== e(   8) =     6.23902 eV ==== 
     psi = 0.003*[#   2]+0.003*[#   6]
    |psi|^2 = 0.005

 k =   0.1363636364  0.5161161497  0.0000000000
==== e(   1) =   -18.95630 eV ==== 
     psi = 0.261*[#   1]+0.261*[#   5]+0.117*[#   3]+0.117*[#   4]+0.117*[#   7]
          +0.117*[#   8]
    |psi|^2 = 0.988
==== e(   2) =   -16.44771 eV ==== 
     psi = 0.173*[#   3]+0.173*[#   4]+0.173*[#   7]+0.173*[#   8]+0.148*[#   1]
          +0.148*[#   5]
    |psi|^2 = 0.987
==== e(   3) =   -11.91218 eV ==== 
     psi = 0.233*[#   3]+0.233*[#   4]+0.233*[#   7]+0.233*[#   8]+0.032*[#   1]
          +0.032*[#   5]
    |psi|^2 = 0.993
==== e(   4) =    -6.61337 eV ==== 
     psi = 0.498*[#   2]+0.498*[#   6]
    |psi|^2 = 0.997
==== e(   5) =    -2.19496 eV ==== 
     psi = 0.482*[#   2]+0.482*[#   6]
    |psi|^2 = 0.964
==== e(   6) =     5.01668 eV ==== 
     psi = 0.291*[#   1]+0.291*[#   5]+0.066*[#   3]+0.066*[#   4]+0.066*[#   7]
          +0.066*[#   8]
    |psi|^2 = 0.848
==== e(   7) =     5.83975 eV ==== 
     psi = 0.004*[#   1]+0.004*[#   5]+0.004*[#   3]+0.004*[#   4]+0.004*[#   7]
          +0.004*[#   8]
    |psi|^2 = 0.023
==== e(   8) =     6.61359 eV ==== 
     psi = 0.003*[#   2]+0.003*[#   6]
    |psi|^2 = 0.007

 k =   0.1363636364  0.5336116124  0.0000000000
==== e(   1) =   -18.68980 eV ==== 
     psi = 0.265*[#   1]+0.265*[#   5]+0.115*[#   3]+0.115*[#   4]+0.115*[#   7]
          +0.115*[#   8]
    |psi|^2 = 0.989
==== e(   2) =   -16.75776 eV ==== 
     psi = 0.175*[#   3]+0.175*[#   4]+0.175*[#   7]+0.175*[#   8]+0.143*[#   1]
          +0.143*[#   5]
    |psi|^2 = 0.985
==== e(   3) =   -11.94682 eV ==== 
     psi = 0.233*[#   3]+0.233*[#   4]+0.233*[#   7]+0.233*[#   8]+0.032*[#   1]
          +0.032*[#   5]
    |psi|^2 = 0.993
==== e(   4) =    -6.42630 eV ==== 
     psi = 0.499*[#   2]+0.499*[#   6]
    |psi|^2 = 0.997
==== e(   5) =    -2.42233 eV ==== 
     psi = 0.482*[#   2]+0.482*[#   6]
    |psi|^2 = 0.963
==== e(   6) =     5.00339 eV ==== 
     psi = 0.296*[#   1]+0.296*[#   5]+0.066*[#   3]+0.066*[#   4]+0.066*[#   7]
          +0.066*[#   8]
    |psi|^2 = 0.857
==== e(   7) =     6.25830 eV ==== 
     psi = 0.003*[#   1]+0.003*[#   5]+0.002*[#   3]+0.002*[#   4]+0.002*[#   7]
          +0.002*[#   8]
    |psi|^2 = 0.014
==== e(   8) =     6.97794 eV ==== 
     psi = 0.004*[#   2]+0.004*[#   6]
    |psi|^2 = 0.009

 k =   0.1363636364  0.5511070751  0.0000000000
==== e(   1) =   -18.44888 eV ==== 
     psi = 0.276*[#   1]+0.276*[#   5]+0.110*[#   3]+0.110*[#   4]+0.110*[#   7]
          +0.110*[#   8]
    |psi|^2 = 0.991
==== e(   2) =   -17.02786 eV ==== 
     psi = 0.180*[#   3]+0.180*[#   4]+0.180*[#   7]+0.180*[#   8]+0.132*[#   1]
          +0.132*[#   5]
    |psi|^2 = 0.984
==== e(   3) =   -11.96991 eV ==== 
     psi = 0.232*[#   3]+0.232*[#   4]+0.232*[#   7]+0.232*[#   8]+0.032*[#   1]
          +0.032*[#   5]
    |psi|^2 = 0.993
==== e(   4) =    -6.28794 eV ==== 
     psi = 0.499*[#   2]+0.499*[#   6]
    |psi|^2 = 0.998
==== e(   5) =    -2.58772 eV ==== 
     psi = 0.482*[#   2]+0.482*[#   6]
    |psi|^2 = 0.963
==== e(   6) =     4.99343 eV ==== 
     psi = 0.299*[#   1]+0.299*[#   5]+0.066*[#   3]+0.066*[#   4]+0.066*[#   7]
          +0.066*[#   8]
    |psi|^2 = 0.860
==== e(   7) =     6.68789 eV ==== 
     psi = 0.003*[#   1]+0.003*[#   5]+0.002*[#   3]+0.002*[#   4]+0.002*[#   7]
          +0.002*[#   8]
    |psi|^2 = 0.013
==== e(   8) =     7.30892 eV ==== 
     psi = 0.006*[#   2]+0.006*[#   6]
    |psi|^2 = 0.012

 k =   0.1363636364  0.5686025378  0.0000000000
==== e(   1) =   -18.28434 eV ==== 
     psi = 0.291*[#   1]+0.291*[#   5]+0.103*[#   3]+0.103*[#   4]+0.103*[#   7]
          +0.103*[#   8]
    |psi|^2 = 0.993
==== e(   2) =   -17.20703 eV ==== 
     psi = 0.187*[#   3]+0.187*[#   4]+0.187*[#   7]+0.187*[#   8]+0.117*[#   1]
          +0.117*[#   5]
    |psi|^2 = 0.982
==== e(   3) =   -11.98146 eV ==== 
     psi = 0.232*[#   3]+0.232*[#   4]+0.232*[#   7]+0.232*[#   8]+0.032*[#   1]
          +0.032*[#   5]
    |psi|^2 = 0.993
==== e(   4) =    -6.21364 eV ==== 
     psi = 0.499*[#   2]+0.499*[#   6]
    |psi|^2 = 0.998
==== e(   5) =    -2.67559 eV ==== 
     psi = 0.482*[#   2]+0.482*[#   6]
    |psi|^2 = 0.963
==== e(   6) =     4.98823 eV ==== 
     psi = 0.300*[#   1]+0.300*[#   5]+0.065*[#   3]+0.065*[#   4]+0.065*[#   7]
          +0.065*[#   8]
    |psi|^2 = 0.861
==== e(   7) =     7.11807 eV ==== 
     psi = 0.005*[#   1]+0.005*[#   5]+0.002*[#   3]+0.002*[#   4]+0.002*[#   7]
          +0.002*[#   8]
    |psi|^2 = 0.017
==== e(   8) =     7.54155 eV ==== 
     psi = 0.008*[#   2]+0.008*[#   6]
    |psi|^2 = 0.016

 k =   0.1515151515  0.2624319405  0.0000000000
==== e(   1) =   -22.16870 eV ==== 
     psi = 0.336*[#   1]+0.336*[#   5]+0.078*[#   3]+0.078*[#   4]+0.078*[#   7]
          +0.078*[#   8]
    |psi|^2 = 0.982
==== e(   2) =   -11.47843 eV ==== 
     psi = 0.205*[#   3]+0.205*[#   4]+0.205*[#   7]+0.205*[#   8]+0.088*[#   1]
          +0.088*[#   5]
    |psi|^2 = 0.997
==== e(   3) =   -10.21022 eV ==== 
     psi = 0.236*[#   3]+0.236*[#   4]+0.236*[#   7]+0.236*[#   8]+0.023*[#   1]
          +0.023*[#   5]
    |psi|^2 = 0.990
==== e(   4) =    -9.96295 eV ==== 
     psi = 0.490*[#   2]+0.490*[#   6]
    |psi|^2 = 0.981
==== e(   5) =     1.25534 eV ==== 
     psi = 0.009*[#   3]+0.009*[#   4]+0.009*[#   7]+0.009*[#   8]
    |psi|^2 = 0.036
==== e(   6) =     2.16652 eV ==== 
     psi = 0.005*[#   2]+0.005*[#   6]
    |psi|^2 = 0.010
==== e(   7) =     2.80796 eV ==== 
     psi = 0.484*[#   2]+0.484*[#   6]
    |psi|^2 = 0.969
==== e(   8) =     3.97409 eV ==== 

    |psi|^2 = 0.004

 k =   0.1515151515  0.2799274032  0.0000000000
==== e(   1) =   -22.00431 eV ==== 
     psi = 0.328*[#   1]+0.328*[#   5]+0.082*[#   3]+0.082*[#   4]+0.082*[#   7]
          +0.082*[#   8]
    |psi|^2 = 0.982
==== e(   2) =   -11.76657 eV ==== 
     psi = 0.202*[#   3]+0.202*[#   4]+0.202*[#   7]+0.202*[#   8]+0.094*[#   1]
          +0.094*[#   5]
    |psi|^2 = 0.997
==== e(   3) =   -10.43939 eV ==== 
     psi = 0.235*[#   3]+0.235*[#   4]+0.235*[#   7]+0.235*[#   8]+0.025*[#   1]
          +0.025*[#   5]
    |psi|^2 = 0.990
==== e(   4) =    -9.77200 eV ==== 
     psi = 0.492*[#   2]+0.492*[#   6]
    |psi|^2 = 0.983
==== e(   5) =     1.48256 eV ==== 
     psi = 0.008*[#   3]+0.008*[#   4]+0.008*[#   7]+0.008*[#   8]
    |psi|^2 = 0.034
==== e(   6) =     2.38952 eV ==== 
     psi = 0.024*[#   2]+0.024*[#   6]
    |psi|^2 = 0.048
==== e(   7) =     2.47084 eV ==== 
     psi = 0.465*[#   2]+0.465*[#   6]
    |psi|^2 = 0.930
==== e(   8) =     4.20316 eV ==== 

    |psi|^2 = 0.004

 k =   0.1515151515  0.2974228659  0.0000000000
==== e(   1) =   -21.82979 eV ==== 
     psi = 0.320*[#   1]+0.320*[#   5]+0.085*[#   3]+0.085*[#   4]+0.085*[#   7]
          +0.085*[#   8]
    |psi|^2 = 0.982
==== e(   2) =   -12.07041 eV ==== 
     psi = 0.199*[#   3]+0.199*[#   4]+0.199*[#   7]+0.199*[#   8]+0.100*[#   1]
          +0.100*[#   5]
    |psi|^2 = 0.996
==== e(   3) =   -10.65582 eV ==== 
     psi = 0.234*[#   3]+0.234*[#   4]+0.234*[#   7]+0.234*[#   8]+0.027*[#   1]
          +0.027*[#   5]
    |psi|^2 = 0.990
==== e(   4) =    -9.57022 eV ==== 
     psi = 0.493*[#   2]+0.493*[#   6]
    |psi|^2 = 0.985
==== e(   5) =     1.72422 eV ==== 
     psi = 0.008*[#   3]+0.008*[#   4]+0.008*[#   7]+0.008*[#   8]
    |psi|^2 = 0.031
==== e(   6) =     2.11628 eV ==== 
     psi = 0.482*[#   2]+0.482*[#   6]
    |psi|^2 = 0.965
==== e(   7) =     2.63543 eV ==== 
     psi = 0.006*[#   2]+0.006*[#   6]
    |psi|^2 = 0.012
==== e(   8) =     4.44645 eV ==== 
     psi = 0.001*[#   1]+0.001*[#   5]
    |psi|^2 = 0.004

 k =   0.1515151515  0.3149183286  0.0000000000
==== e(   1) =   -21.64524 eV ==== 
     psi = 0.313*[#   1]+0.313*[#   5]+0.089*[#   3]+0.089*[#   4]+0.089*[#   7]
          +0.089*[#   8]
    |psi|^2 = 0.982
==== e(   2) =   -12.38903 eV ==== 
     psi = 0.196*[#   3]+0.196*[#   4]+0.196*[#   7]+0.196*[#   8]+0.105*[#   1]
          +0.105*[#   5]
    |psi|^2 = 0.996
==== e(   3) =   -10.85753 eV ==== 
     psi = 0.234*[#   3]+0.234*[#   4]+0.234*[#   7]+0.234*[#   8]+0.028*[#   1]
          +0.028*[#   5]
    |psi|^2 = 0.991
==== e(   4) =    -9.35801 eV ==== 
     psi = 0.494*[#   2]+0.494*[#   6]
    |psi|^2 = 0.987
==== e(   5) =     1.75972 eV ==== 
     psi = 0.483*[#   2]+0.483*[#   6]
    |psi|^2 = 0.967
==== e(   6) =     1.98026 eV ==== 
     psi = 0.007*[#   3]+0.007*[#   4]+0.007*[#   7]+0.007*[#   8]
    |psi|^2 = 0.029
==== e(   7) =     2.89003 eV ==== 
     psi = 0.004*[#   2]+0.004*[#   6]
    |psi|^2 = 0.009
==== e(   8) =     4.70350 eV ==== 
     psi = 0.002*[#   1]+0.002*[#   5]
    |psi|^2 = 0.006

 k =   0.1515151515  0.3324137914  0.0000000000
==== e(   1) =   -21.45078 eV ==== 
     psi = 0.305*[#   1]+0.305*[#   5]+0.093*[#   3]+0.093*[#   4]+0.093*[#   7]
          +0.093*[#   8]
    |psi|^2 = 0.982
==== e(   2) =   -12.72052 eV ==== 
     psi = 0.193*[#   3]+0.193*[#   4]+0.193*[#   7]+0.193*[#   8]+0.111*[#   1]
          +0.111*[#   5]
    |psi|^2 = 0.995
==== e(   3) =   -11.04380 eV ==== 
     psi = 0.233*[#   3]+0.233*[#   4]+0.233*[#   7]+0.233*[#   8]+0.029*[#   1]
          +0.029*[#   5]
    |psi|^2 = 0.991
==== e(   4) =    -9.13587 eV ==== 
     psi = 0.495*[#   2]+0.495*[#   6]
    |psi|^2 = 0.989
==== e(   5) =     1.39703 eV ==== 
     psi = 0.484*[#   2]+0.484*[#   6]
    |psi|^2 = 0.967
==== e(   6) =     2.25060 eV ==== 
     psi = 0.006*[#   3]+0.006*[#   4]+0.006*[#   7]+0.006*[#   8]
    |psi|^2 = 0.026
==== e(   7) =     3.15867 eV ==== 
     psi = 0.004*[#   2]+0.004*[#   6]
    |psi|^2 = 0.007
==== e(   8) =     4.97321 eV ==== 
     psi = 0.004*[#   1]+0.004*[#   5]
    |psi|^2 = 0.011

 k =   0.1515151515  0.3499092541  0.0000000000
==== e(   1) =   -21.24656 eV ==== 
     psi = 0.298*[#   1]+0.298*[#   5]+0.096*[#   3]+0.096*[#   4]+0.096*[#   7]
          +0.096*[#   8]
    |psi|^2 = 0.982
==== e(   2) =   -13.06249 eV ==== 
     psi = 0.190*[#   3]+0.190*[#   4]+0.190*[#   7]+0.190*[#   8]+0.116*[#   1]
          +0.116*[#   5]
    |psi|^2 = 0.994
==== e(   3) =   -11.21472 eV ==== 
     psi = 0.233*[#   3]+0.233*[#   4]+0.233*[#   7]+0.233*[#   8]+0.031*[#   1]
          +0.031*[#   5]
    |psi|^2 = 0.991
==== e(   4) =    -8.90437 eV ==== 
     psi = 0.495*[#   2]+0.495*[#   6]
    |psi|^2 = 0.991
==== e(   5) =     1.02987 eV ==== 
     psi = 0.484*[#   2]+0.484*[#   6]
    |psi|^2 = 0.967
==== e(   6) =     2.53515 eV ==== 
     psi = 0.006*[#   3]+0.006*[#   4]+0.006*[#   7]+0.006*[#   8]
    |psi|^2 = 0.022
==== e(   7) =     3.44094 eV ==== 
     psi = 0.003*[#   2]+0.003*[#   6]
    |psi|^2 = 0.006
==== e(   8) =     5.25182 eV ==== 
     psi = 0.010*[#   1]+0.010*[#   5]+0.003*[#   3]+0.003*[#   4]+0.003*[#   7]
          +0.003*[#   8]
    |psi|^2 = 0.032

 k =   0.1515151515  0.3674047168  0.0000000000
==== e(   1) =   -21.03275 eV ==== 
     psi = 0.292*[#   1]+0.292*[#   5]+0.100*[#   3]+0.100*[#   4]+0.100*[#   7]
          +0.100*[#   8]
    |psi|^2 = 0.982
==== e(   2) =   -13.41233 eV ==== 
     psi = 0.188*[#   3]+0.188*[#   4]+0.188*[#   7]+0.188*[#   8]+0.122*[#   1]
          +0.122*[#   5]
    |psi|^2 = 0.994
==== e(   3) =   -11.37079 eV ==== 
     psi = 0.232*[#   3]+0.232*[#   4]+0.232*[#   7]+0.232*[#   8]+0.032*[#   1]
          +0.032*[#   5]
    |psi|^2 = 0.991
==== e(   4) =    -8.66425 eV ==== 
     psi = 0.496*[#   2]+0.496*[#   6]
    |psi|^2 = 0.992
==== e(   5) =     0.65987 eV ==== 
     psi = 0.484*[#   2]+0.484*[#   6]
    |psi|^2 = 0.967
==== e(   6) =     2.83381 eV ==== 
     psi = 0.005*[#   3]+0.005*[#   4]+0.005*[#   7]+0.005*[#   8]
    |psi|^2 = 0.019
==== e(   7) =     3.73651 eV ==== 
     psi = 0.003*[#   2]+0.003*[#   6]
    |psi|^2 = 0.005
==== e(   8) =     5.51587 eV ==== 
     psi = 0.054*[#   1]+0.054*[#   5]+0.020*[#   3]+0.020*[#   4]+0.020*[#   7]
          +0.020*[#   8]
    |psi|^2 = 0.188

 k =   0.1515151515  0.3849001795  0.0000000000
==== e(   1) =   -20.80957 eV ==== 
     psi = 0.286*[#   1]+0.286*[#   5]+0.103*[#   3]+0.103*[#   4]+0.103*[#   7]
          +0.103*[#   8]
    |psi|^2 = 0.983
==== e(   2) =   -13.76758 eV ==== 
     psi = 0.185*[#   3]+0.185*[#   4]+0.185*[#   7]+0.185*[#   8]+0.127*[#   1]
          +0.127*[#   5]
    |psi|^2 = 0.993
==== e(   3) =   -11.51262 eV ==== 
     psi = 0.232*[#   3]+0.232*[#   4]+0.232*[#   7]+0.232*[#   8]+0.032*[#   1]
          +0.032*[#   5]
    |psi|^2 = 0.992
==== e(   4) =    -8.41641 eV ==== 
     psi = 0.497*[#   2]+0.497*[#   6]
    |psi|^2 = 0.993
==== e(   5) =     0.28880 eV ==== 
     psi = 0.484*[#   2]+0.484*[#   6]
    |psi|^2 = 0.967
==== e(   6) =     3.14642 eV ==== 
     psi = 0.004*[#   3]+0.004*[#   4]+0.004*[#   7]+0.004*[#   8]
    |psi|^2 = 0.016
==== e(   7) =     4.04496 eV ==== 
     psi = 0.002*[#   2]+0.002*[#   6]
    |psi|^2 = 0.005
==== e(   8) =     5.62768 eV ==== 
     psi = 0.194*[#   1]+0.194*[#   5]+0.080*[#   3]+0.080*[#   4]+0.080*[#   7]
          +0.080*[#   8]
    |psi|^2 = 0.710

 k =   0.1515151515  0.4023956422  0.0000000000
==== e(   1) =   -20.57727 eV ==== 
     psi = 0.280*[#   1]+0.280*[#   5]+0.106*[#   3]+0.106*[#   4]+0.106*[#   7]
          +0.106*[#   8]
    |psi|^2 = 0.983
==== e(   2) =   -14.12593 eV ==== 
     psi = 0.182*[#   3]+0.182*[#   4]+0.182*[#   7]+0.182*[#   8]+0.132*[#   1]
          +0.132*[#   5]
    |psi|^2 = 0.992
==== e(   3) =   -11.64080 eV ==== 
     psi = 0.231*[#   3]+0.231*[#   4]+0.231*[#   7]+0.231*[#   8]+0.033*[#   1]
          +0.033*[#   5]
    |psi|^2 = 0.992
==== e(   4) =    -8.16202 eV ==== 
     psi = 0.497*[#   2]+0.497*[#   6]
    |psi|^2 = 0.994
==== e(   5) =    -0.08135 eV ==== 
     psi = 0.483*[#   2]+0.483*[#   6]
    |psi|^2 = 0.967
==== e(   6) =     3.47279 eV ==== 
     psi = 0.003*[#   3]+0.003*[#   4]+0.003*[#   7]+0.003*[#   8]
    |psi|^2 = 0.014
==== e(   7) =     4.36578 eV ==== 
     psi = 0.002*[#   2]+0.002*[#   6]
    |psi|^2 = 0.004
==== e(   8) =     5.61241 eV ==== 
     psi = 0.232*[#   1]+0.232*[#   5]+0.089*[#   3]+0.089*[#   4]+0.089*[#   7]
          +0.089*[#   8]
    |psi|^2 = 0.821

 k =   0.1515151515  0.4198911049  0.0000000000
==== e(   1) =   -20.33618 eV ==== 
     psi = 0.274*[#   1]+0.274*[#   5]+0.109*[#   3]+0.109*[#   4]+0.109*[#   7]
          +0.109*[#   8]
    |psi|^2 = 0.984
==== e(   2) =   -14.48534 eV ==== 
     psi = 0.180*[#   3]+0.180*[#   4]+0.180*[#   7]+0.180*[#   8]+0.136*[#   1]
          +0.136*[#   5]
    |psi|^2 = 0.992
==== e(   3) =   -11.75582 eV ==== 
     psi = 0.231*[#   3]+0.231*[#   4]+0.231*[#   7]+0.231*[#   8]+0.034*[#   1]
          +0.034*[#   5]
    |psi|^2 = 0.992
==== e(   4) =    -7.90259 eV ==== 
     psi = 0.498*[#   2]+0.498*[#   6]
    |psi|^2 = 0.995
==== e(   5) =    -0.44828 eV ==== 
     psi = 0.483*[#   2]+0.483*[#   6]
    |psi|^2 = 0.967
==== e(   6) =     3.81264 eV ==== 
     psi = 0.002*[#   3]+0.002*[#   4]+0.002*[#   7]+0.002*[#   8]
    |psi|^2 = 0.011
==== e(   7) =     4.69824 eV ==== 
     psi = 0.002*[#   2]+0.002*[#   6]
    |psi|^2 = 0.004
==== e(   8) =     5.57808 eV ==== 
     psi = 0.247*[#   1]+0.247*[#   5]+0.087*[#   3]+0.087*[#   4]+0.087*[#   7]
          +0.087*[#   8]
    |psi|^2 = 0.843

 k =   0.1515151515  0.4373865676  0.0000000000
==== e(   1) =   -20.08672 eV ==== 
     psi = 0.269*[#   1]+0.269*[#   5]+0.111*[#   3]+0.111*[#   4]+0.111*[#   7]
          +0.111*[#   8]
    |psi|^2 = 0.984
==== e(   2) =   -14.84390 eV ==== 
     psi = 0.178*[#   3]+0.178*[#   4]+0.178*[#   7]+0.178*[#   8]+0.140*[#   1]
          +0.140*[#   5]
    |psi|^2 = 0.991
==== e(   3) =   -11.85806 eV ==== 
     psi = 0.231*[#   3]+0.231*[#   4]+0.231*[#   7]+0.231*[#   8]+0.034*[#   1]
          +0.034*[#   5]
    |psi|^2 = 0.992
==== e(   4) =    -7.64011 eV ==== 
     psi = 0.498*[#   2]+0.498*[#   6]
    |psi|^2 = 0.996
==== e(   5) =    -0.80921 eV ==== 
     psi = 0.483*[#   2]+0.483*[#   6]
    |psi|^2 = 0.967
==== e(   6) =     4.16549 eV ==== 
     psi = 0.002*[#   3]+0.002*[#   4]+0.002*[#   7]+0.002*[#   8]+0.001*[#   1]
          +0.001*[#   5]
    |psi|^2 = 0.010
==== e(   7) =     5.04137 eV ==== 
     psi = 0.002*[#   2]+0.002*[#   6]
    |psi|^2 = 0.004
==== e(   8) =     5.54138 eV ==== 
     psi = 0.256*[#   1]+0.256*[#   5]+0.084*[#   3]+0.084*[#   4]+0.084*[#   7]
          +0.084*[#   8]
    |psi|^2 = 0.849

 k =   0.1515151515  0.4548820303  0.0000000000
==== e(   1) =   -19.82951 eV ==== 
     psi = 0.265*[#   1]+0.265*[#   5]+0.114*[#   3]+0.114*[#   4]+0.114*[#   7]
          +0.114*[#   8]
    |psi|^2 = 0.985
==== e(   2) =   -15.19980 eV ==== 
     psi = 0.176*[#   3]+0.176*[#   4]+0.176*[#   7]+0.176*[#   8]+0.144*[#   1]
          +0.144*[#   5]
    |psi|^2 = 0.990
==== e(   3) =   -11.94781 eV ==== 
     psi = 0.231*[#   3]+0.231*[#   4]+0.231*[#   7]+0.231*[#   8]+0.035*[#   1]
          +0.035*[#   5]
    |psi|^2 = 0.992
==== e(   4) =    -7.37731 eV ==== 
     psi = 0.498*[#   2]+0.498*[#   6]
    |psi|^2 = 0.996
==== e(   5) =    -1.16071 eV ==== 
     psi = 0.483*[#   2]+0.483*[#   6]
    |psi|^2 = 0.967
==== e(   6) =     4.53032 eV ==== 
     psi = 0.003*[#   1]+0.003*[#   5]+0.001*[#   3]+0.001*[#   4]+0.001*[#   7]
          +0.001*[#   8]
    |psi|^2 = 0.011
==== e(   7) =     5.39373 eV ==== 
     psi = 0.002*[#   2]+0.002*[#   6]
    |psi|^2 = 0.004
==== e(   8) =     5.50711 eV ==== 
     psi = 0.263*[#   1]+0.263*[#   5]+0.081*[#   3]+0.081*[#   4]+0.081*[#   7]
          +0.081*[#   8]
    |psi|^2 = 0.850

 k =   0.1515151515  0.4723774930  0.0000000000
==== e(   1) =   -19.56542 eV ==== 
     psi = 0.261*[#   1]+0.261*[#   5]+0.116*[#   3]+0.116*[#   4]+0.116*[#   7]
          +0.116*[#   8]
    |psi|^2 = 0.986
==== e(   2) =   -15.55117 eV ==== 
     psi = 0.174*[#   3]+0.174*[#   4]+0.174*[#   7]+0.174*[#   8]+0.147*[#   1]
          +0.147*[#   5]
    |psi|^2 = 0.990
==== e(   3) =   -12.02530 eV ==== 
     psi = 0.231*[#   3]+0.231*[#   4]+0.231*[#   7]+0.231*[#   8]+0.035*[#   1]
          +0.035*[#   5]
    |psi|^2 = 0.993
==== e(   4) =    -7.11795 eV ==== 
     psi = 0.498*[#   2]+0.498*[#   6]
    |psi|^2 = 0.996
==== e(   5) =    -1.49837 eV ==== 
     psi = 0.483*[#   2]+0.483*[#   6]
    |psi|^2 = 0.967
==== e(   6) =     4.90387 eV ==== 
     psi = 0.010*[#   1]+0.010*[#   5]+0.001*[#   3]+0.001*[#   4]+0.001*[#   7]
          +0.001*[#   8]
    |psi|^2 = 0.024
==== e(   7) =     5.48001 eV ==== 
     psi = 0.264*[#   1]+0.264*[#   5]+0.077*[#   3]+0.077*[#   4]+0.077*[#   7]
          +0.077*[#   8]
    |psi|^2 = 0.837
==== e(   8) =     5.75318 eV ==== 
     psi = 0.002*[#   2]+0.002*[#   6]
    |psi|^2 = 0.004

 k =   0.1515151515  0.4898729557  0.0000000000
==== e(   1) =   -19.29590 eV ==== 
     psi = 0.259*[#   1]+0.259*[#   5]+0.117*[#   3]+0.117*[#   4]+0.117*[#   7]
          +0.117*[#   8]
    |psi|^2 = 0.986
==== e(   2) =   -15.89578 eV ==== 
     psi = 0.173*[#   3]+0.173*[#   4]+0.173*[#   7]+0.173*[#   8]+0.149*[#   1]
          +0.149*[#   5]
    |psi|^2 = 0.989
==== e(   3) =   -12.09068 eV ==== 
     psi = 0.230*[#   3]+0.230*[#   4]+0.230*[#   7]+0.230*[#   8]+0.035*[#   1]
          +0.035*[#   5]
    |psi|^2 = 0.993
==== e(   4) =    -6.86733 eV ==== 
     psi = 0.498*[#   2]+0.498*[#   6]
    |psi|^2 = 0.997
==== e(   5) =    -1.81629 eV ==== 
     psi = 0.483*[#   2]+0.483*[#   6]
    |psi|^2 = 0.967
==== e(   6) =     5.25943 eV ==== 
     psi = 0.072*[#   1]+0.072*[#   5]+0.012*[#   3]+0.012*[#   4]+0.012*[#   7]
          +0.012*[#   8]
    |psi|^2 = 0.194
==== e(   7) =     5.48741 eV ==== 
     psi = 0.207*[#   1]+0.207*[#   5]+0.063*[#   3]+0.063*[#   4]+0.063*[#   7]
          +0.063*[#   8]
    |psi|^2 = 0.667
==== e(   8) =     6.11638 eV ==== 
     psi = 0.002*[#   2]+0.002*[#   6]
    |psi|^2 = 0.005

 k =   0.1515151515  0.5073684184  0.0000000000
==== e(   1) =   -19.02347 eV ==== 
     psi = 0.258*[#   1]+0.258*[#   5]+0.118*[#   3]+0.118*[#   4]+0.118*[#   7]
          +0.118*[#   8]
    |psi|^2 = 0.987
==== e(   2) =   -16.23045 eV ==== 
     psi = 0.172*[#   3]+0.172*[#   4]+0.172*[#   7]+0.172*[#   8]+0.149*[#   1]
          +0.149*[#   5]
    |psi|^2 = 0.988
==== e(   3) =   -12.14405 eV ==== 
     psi = 0.230*[#   3]+0.230*[#   4]+0.230*[#   7]+0.230*[#   8]+0.036*[#   1]
          +0.036*[#   5]
    |psi|^2 = 0.993
==== e(   4) =    -6.63297 eV ==== 
     psi = 0.498*[#   2]+0.498*[#   6]
    |psi|^2 = 0.997
==== e(   5) =    -2.10644 eV ==== 
     psi = 0.483*[#   2]+0.483*[#   6]
    |psi|^2 = 0.967
==== e(   6) =     5.37935 eV ==== 
     psi = 0.266*[#   1]+0.266*[#   5]+0.063*[#   3]+0.063*[#   4]+0.063*[#   7]
          +0.063*[#   8]
    |psi|^2 = 0.785
==== e(   7) =     5.74703 eV ==== 
     psi = 0.019*[#   1]+0.019*[#   5]+0.010*[#   3]+0.010*[#   4]+0.010*[#   7]
          +0.010*[#   8]
    |psi|^2 = 0.077
==== e(   8) =     6.47776 eV ==== 
     psi = 0.003*[#   2]+0.003*[#   6]
    |psi|^2 = 0.006

 k =   0.1515151515  0.5248638811  0.0000000000
==== e(   1) =   -18.75319 eV ==== 
     psi = 0.260*[#   1]+0.260*[#   5]+0.117*[#   3]+0.117*[#   4]+0.117*[#   7]
          +0.117*[#   8]
    |psi|^2 = 0.989
==== e(   2) =   -16.54963 eV ==== 
     psi = 0.173*[#   3]+0.173*[#   4]+0.173*[#   7]+0.173*[#   8]+0.147*[#   1]
          +0.147*[#   5]
    |psi|^2 = 0.987
==== e(   3) =   -12.18550 eV ==== 
     psi = 0.230*[#   3]+0.230*[#   4]+0.230*[#   7]+0.230*[#   8]+0.036*[#   1]
          +0.036*[#   5]
    |psi|^2 = 0.993
==== e(   4) =    -6.42542 eV ==== 
     psi = 0.499*[#   2]+0.499*[#   6]
    |psi|^2 = 0.997
==== e(   5) =    -2.35784 eV ==== 
     psi = 0.483*[#   2]+0.483*[#   6]
    |psi|^2 = 0.967
==== e(   6) =     5.37430 eV ==== 
     psi = 0.285*[#   1]+0.285*[#   5]+0.068*[#   3]+0.068*[#   4]+0.068*[#   7]
          +0.068*[#   8]
    |psi|^2 = 0.840
==== e(   7) =     6.14775 eV ==== 
     psi = 0.004*[#   1]+0.004*[#   5]+0.003*[#   3]+0.003*[#   4]+0.003*[#   7]
          +0.003*[#   8]
    |psi|^2 = 0.023
==== e(   8) =     6.82733 eV ==== 
     psi = 0.004*[#   2]+0.004*[#   6]
    |psi|^2 = 0.008

 k =   0.1515151515  0.5423593438  0.0000000000
==== e(   1) =   -18.49678 eV ==== 
     psi = 0.267*[#   1]+0.267*[#   5]+0.114*[#   3]+0.114*[#   4]+0.114*[#   7]
          +0.114*[#   8]
    |psi|^2 = 0.990
==== e(   2) =   -16.84121 eV ==== 
     psi = 0.176*[#   3]+0.176*[#   4]+0.176*[#   7]+0.176*[#   8]+0.140*[#   1]
          +0.140*[#   5]
    |psi|^2 = 0.985
==== e(   3) =   -12.21507 eV ==== 
     psi = 0.230*[#   3]+0.230*[#   4]+0.230*[#   7]+0.230*[#   8]+0.036*[#   1]
          +0.036*[#   5]
    |psi|^2 = 0.993
==== e(   4) =    -6.25862 eV ==== 
     psi = 0.499*[#   2]+0.499*[#   6]
    |psi|^2 = 0.997
==== e(   5) =    -2.55621 eV ==== 
     psi = 0.483*[#   2]+0.483*[#   6]
    |psi|^2 = 0.966
==== e(   6) =     5.36380 eV ==== 
     psi = 0.289*[#   1]+0.289*[#   5]+0.068*[#   3]+0.068*[#   4]+0.068*[#   7]
          +0.068*[#   8]
    |psi|^2 = 0.850
==== e(   7) =     6.56881 eV ==== 
     psi = 0.003*[#   1]+0.003*[#   5]+0.002*[#   3]+0.002*[#   4]+0.002*[#   7]
          +0.002*[#   8]
    |psi|^2 = 0.015
==== e(   8) =     7.14561 eV ==== 
     psi = 0.005*[#   2]+0.005*[#   6]
    |psi|^2 = 0.011

 k =   0.1515151515  0.5598548065  0.0000000000
==== e(   1) =   -18.28535 eV ==== 
     psi = 0.280*[#   1]+0.280*[#   5]+0.108*[#   3]+0.108*[#   4]+0.108*[#   7]
          +0.108*[#   8]
    |psi|^2 = 0.992
==== e(   2) =   -17.07385 eV ==== 
     psi = 0.183*[#   3]+0.183*[#   4]+0.183*[#   7]+0.183*[#   8]+0.126*[#   1]
          +0.126*[#   5]
    |psi|^2 = 0.983
==== e(   3) =   -12.23280 eV ==== 
     psi = 0.230*[#   3]+0.230*[#   4]+0.230*[#   7]+0.230*[#   8]+0.036*[#   1]
          +0.036*[#   5]
    |psi|^2 = 0.993
==== e(   4) =    -6.14881 eV ==== 
     psi = 0.499*[#   2]+0.499*[#   6]
    |psi|^2 = 0.998
==== e(   5) =    -2.68507 eV ==== 
     psi = 0.483*[#   2]+0.483*[#   6]
    |psi|^2 = 0.966
==== e(   6) =     5.35652 eV ==== 
     psi = 0.291*[#   1]+0.291*[#   5]+0.067*[#   3]+0.067*[#   4]+0.067*[#   7]
          +0.067*[#   8]
    |psi|^2 = 0.852
==== e(   7) =     6.99784 eV ==== 
     psi = 0.005*[#   1]+0.005*[#   5]+0.002*[#   3]+0.002*[#   4]+0.002*[#   7]
          +0.002*[#   8]
    |psi|^2 = 0.017
==== e(   8) =     7.39171 eV ==== 
     psi = 0.007*[#   2]+0.007*[#   6]
    |psi|^2 = 0.014

 k =   0.1515151515  0.5773502692  0.0000000000
==== e(   1) =   -18.19369 eV ==== 
     psi = 0.291*[#   1]+0.291*[#   5]+0.103*[#   3]+0.103*[#   4]+0.103*[#   7]
          +0.103*[#   8]
    |psi|^2 = 0.993
==== e(   2) =   -17.17261 eV ==== 
     psi = 0.188*[#   3]+0.188*[#   4]+0.188*[#   7]+0.188*[#   8]+0.116*[#   1]
          +0.116*[#   5]
    |psi|^2 = 0.982
==== e(   3) =   -12.23871 eV ==== 
     psi = 0.230*[#   3]+0.230*[#   4]+0.230*[#   7]+0.230*[#   8]+0.036*[#   1]
          +0.036*[#   5]
    |psi|^2 = 0.993
==== e(   4) =    -6.11024 eV ==== 
     psi = 0.499*[#   2]+0.499*[#   6]
    |psi|^2 = 0.998
==== e(   5) =    -2.73000 eV ==== 
     psi = 0.483*[#   2]+0.483*[#   6]
    |psi|^2 = 0.966
==== e(   6) =     5.35399 eV ==== 
     psi = 0.292*[#   1]+0.292*[#   5]+0.067*[#   3]+0.067*[#   4]+0.067*[#   7]
          +0.067*[#   8]
    |psi|^2 = 0.853
==== e(   7) =     7.35551 eV ==== 
     psi = 0.010*[#   1]+0.010*[#   5]+0.002*[#   3]+0.002*[#   4]+0.002*[#   7]
          +0.002*[#   8]
    |psi|^2 = 0.029
==== e(   8) =     7.49120 eV ==== 
     psi = 0.008*[#   2]+0.008*[#   6]
    |psi|^2 = 0.017

 k =   0.1666666667  0.2886751346  0.0000000000
==== e(   1) =   -21.83509 eV ==== 
     psi = 0.320*[#   1]+0.320*[#   5]+0.085*[#   3]+0.085*[#   4]+0.085*[#   7]
          +0.085*[#   8]
    |psi|^2 = 0.982
==== e(   2) =   -12.03437 eV ==== 
     psi = 0.199*[#   3]+0.199*[#   4]+0.199*[#   7]+0.199*[#   8]+0.100*[#   1]
          +0.100*[#   5]
    |psi|^2 = 0.997
==== e(   3) =   -10.68358 eV ==== 
     psi = 0.234*[#   3]+0.234*[#   4]+0.234*[#   7]+0.234*[#   8]+0.027*[#   1]
          +0.027*[#   5]
    |psi|^2 = 0.990
==== e(   4) =    -9.57615 eV ==== 
     psi = 0.493*[#   2]+0.493*[#   6]
    |psi|^2 = 0.985
==== e(   5) =     1.71696 eV ==== 
     psi = 0.008*[#   3]+0.008*[#   4]+0.008*[#   7]+0.008*[#   8]
    |psi|^2 = 0.032
==== e(   6) =     2.13378 eV ==== 
     psi = 0.485*[#   2]+0.485*[#   6]
    |psi|^2 = 0.970
==== e(   7) =     2.62564 eV ==== 
     psi = 0.004*[#   2]+0.004*[#   6]
    |psi|^2 = 0.007
==== e(   8) =     4.43976 eV ==== 
     psi = 0.001*[#   1]+0.001*[#   5]
    |psi|^2 = 0.004

 k =   0.1666666667  0.3061705973  0.0000000000
==== e(   1) =   -21.65580 eV ==== 
     psi = 0.313*[#   1]+0.313*[#   5]+0.089*[#   3]+0.089*[#   4]+0.089*[#   7]
          +0.089*[#   8]
    |psi|^2 = 0.982
==== e(   2) =   -12.31749 eV ==== 
     psi = 0.196*[#   3]+0.196*[#   4]+0.196*[#   7]+0.196*[#   8]+0.105*[#   1]
          +0.105*[#   5]
    |psi|^2 = 0.996
==== e(   3) =   -10.91470 eV ==== 
     psi = 0.233*[#   3]+0.233*[#   4]+0.233*[#   7]+0.233*[#   8]+0.029*[#   1]
          +0.029*[#   5]
    |psi|^2 = 0.990
==== e(   4) =    -9.36968 eV ==== 
     psi = 0.494*[#   2]+0.494*[#   6]
    |psi|^2 = 0.987
==== e(   5) =     1.79198 eV ==== 
     psi = 0.485*[#   2]+0.485*[#   6]
    |psi|^2 = 0.970
==== e(   6) =     1.96575 eV ==== 
     psi = 0.007*[#   3]+0.007*[#   4]+0.007*[#   7]+0.007*[#   8]
    |psi|^2 = 0.029
==== e(   7) =     2.87259 eV ==== 
     psi = 0.003*[#   2]+0.003*[#   6]
    |psi|^2 = 0.007
==== e(   8) =     4.69059 eV ==== 
     psi = 0.001*[#   1]+0.001*[#   5]
    |psi|^2 = 0.004

 k =   0.1666666667  0.3236660600  0.0000000000
==== e(   1) =   -21.46658 eV ==== 
     psi = 0.306*[#   1]+0.306*[#   5]+0.093*[#   3]+0.093*[#   4]+0.093*[#   7]
          +0.093*[#   8]
    |psi|^2 = 0.982
==== e(   2) =   -12.61627 eV ==== 
     psi = 0.194*[#   3]+0.194*[#   4]+0.194*[#   7]+0.194*[#   8]+0.111*[#   1]
          +0.111*[#   5]
    |psi|^2 = 0.996
==== e(   3) =   -11.12957 eV ==== 
     psi = 0.232*[#   3]+0.232*[#   4]+0.232*[#   7]+0.232*[#   8]+0.030*[#   1]
          +0.030*[#   5]
    |psi|^2 = 0.990
==== e(   4) =    -9.15304 eV ==== 
     psi = 0.494*[#   2]+0.494*[#   6]
    |psi|^2 = 0.989
==== e(   5) =     1.44344 eV ==== 
     psi = 0.485*[#   2]+0.485*[#   6]
    |psi|^2 = 0.970
==== e(   6) =     2.22887 eV ==== 
     psi = 0.006*[#   3]+0.006*[#   4]+0.006*[#   7]+0.006*[#   8]
    |psi|^2 = 0.026
==== e(   7) =     3.13344 eV ==== 
     psi = 0.003*[#   2]+0.003*[#   6]
    |psi|^2 = 0.006
==== e(   8) =     4.95526 eV ==== 
     psi = 0.002*[#   1]+0.002*[#   5]
    |psi|^2 = 0.006

 k =   0.1666666667  0.3411615227  0.0000000000
==== e(   1) =   -21.26756 eV ==== 
     psi = 0.299*[#   1]+0.299*[#   5]+0.096*[#   3]+0.096*[#   4]+0.096*[#   7]
          +0.096*[#   8]
    |psi|^2 = 0.982
==== e(   2) =   -12.92971 eV ==== 
     psi = 0.191*[#   3]+0.191*[#   4]+0.191*[#   7]+0.191*[#   8]+0.116*[#   1]
          +0.116*[#   5]
    |psi|^2 = 0.995
==== e(   3) =   -11.32666 eV ==== 
     psi = 0.232*[#   3]+0.232*[#   4]+0.232*[#   7]+0.232*[#   8]+0.032*[#   1]
          +0.032*[#   5]
    |psi|^2 = 0.990
==== e(   4) =    -8.92673 eV ==== 
     psi = 0.495*[#   2]+0.495*[#   6]
    |psi|^2 = 0.991
==== e(   5) =     1.08955 eV ==== 
     psi = 0.485*[#   2]+0.485*[#   6]
    |psi|^2 = 0.970
==== e(   6) =     2.50623 eV ==== 
     psi = 0.006*[#   3]+0.006*[#   4]+0.006*[#   7]+0.006*[#   8]
    |psi|^2 = 0.023
==== e(   7) =     3.40779 eV ==== 
     psi = 0.003*[#   2]+0.003*[#   6]
    |psi|^2 = 0.005
==== e(   8) =     5.23291 eV ==== 
     psi = 0.003*[#   1]+0.003*[#   5]
    |psi|^2 = 0.010

 k =   0.1666666667  0.3586569854  0.0000000000
==== e(   1) =   -21.05890 eV ==== 
     psi = 0.292*[#   1]+0.292*[#   5]+0.099*[#   3]+0.099*[#   4]+0.099*[#   7]
          +0.099*[#   8]
    |psi|^2 = 0.982
==== e(   2) =   -13.25575 eV ==== 
     psi = 0.188*[#   3]+0.188*[#   4]+0.188*[#   7]+0.188*[#   8]+0.121*[#   1]
          +0.121*[#   5]
    |psi|^2 = 0.995
==== e(   3) =   -11.50574 eV ==== 
     psi = 0.231*[#   3]+0.231*[#   4]+0.231*[#   7]+0.231*[#   8]+0.033*[#   1]
          +0.033*[#   5]
    |psi|^2 = 0.990
==== e(   4) =    -8.69140 eV ==== 
     psi = 0.496*[#   2]+0.496*[#   6]
    |psi|^2 = 0.992
==== e(   5) =     0.73173 eV ==== 
     psi = 0.485*[#   2]+0.485*[#   6]
    |psi|^2 = 0.970
==== e(   6) =     2.79773 eV ==== 
     psi = 0.005*[#   3]+0.005*[#   4]+0.005*[#   7]+0.005*[#   8]
    |psi|^2 = 0.020
==== e(   7) =     3.69531 eV ==== 
     psi = 0.002*[#   2]+0.002*[#   6]
    |psi|^2 = 0.004
==== e(   8) =     5.52085 eV ==== 
     psi = 0.008*[#   1]+0.008*[#   5]+0.002*[#   3]+0.002*[#   4]+0.002*[#   7]
          +0.002*[#   8]
    |psi|^2 = 0.025

 k =   0.1666666667  0.3761524481  0.0000000000
==== e(   1) =   -20.84080 eV ==== 
     psi = 0.286*[#   1]+0.286*[#   5]+0.103*[#   3]+0.103*[#   4]+0.103*[#   7]
          +0.103*[#   8]
    |psi|^2 = 0.983
==== e(   2) =   -13.59177 eV ==== 
     psi = 0.185*[#   3]+0.185*[#   4]+0.185*[#   7]+0.185*[#   8]+0.126*[#   1]
          +0.126*[#   5]
    |psi|^2 = 0.994
==== e(   3) =   -11.66739 eV ==== 
     psi = 0.231*[#   3]+0.231*[#   4]+0.231*[#   7]+0.231*[#   8]+0.034*[#   1]
          +0.034*[#   5]
    |psi|^2 = 0.991
==== e(   4) =    -8.44784 eV ==== 
     psi = 0.497*[#   2]+0.497*[#   6]
    |psi|^2 = 0.993
==== e(   5) =     0.37150 eV ==== 
     psi = 0.485*[#   2]+0.485*[#   6]
    |psi|^2 = 0.970
==== e(   6) =     3.10324 eV ==== 
     psi = 0.004*[#   3]+0.004*[#   4]+0.004*[#   7]+0.004*[#   8]
    |psi|^2 = 0.017
==== e(   7) =     3.99555 eV ==== 
     psi = 0.002*[#   2]+0.002*[#   6]
    |psi|^2 = 0.004
==== e(   8) =     5.80468 eV ==== 
     psi = 0.034*[#   1]+0.034*[#   5]+0.012*[#   3]+0.012*[#   4]+0.012*[#   7]
          +0.012*[#   8]
    |psi|^2 = 0.118

 k =   0.1666666667  0.3936479108  0.0000000000
==== e(   1) =   -20.61350 eV ==== 
     psi = 0.280*[#   1]+0.280*[#   5]+0.106*[#   3]+0.106*[#   4]+0.106*[#   7]
          +0.106*[#   8]
    |psi|^2 = 0.983
==== e(   2) =   -13.93501 eV ==== 
     psi = 0.183*[#   3]+0.183*[#   4]+0.183*[#   7]+0.183*[#   8]+0.131*[#   1]
          +0.131*[#   5]
    |psi|^2 = 0.993
==== e(   3) =   -11.81254 eV ==== 
     psi = 0.230*[#   3]+0.230*[#   4]+0.230*[#   7]+0.230*[#   8]+0.035*[#   1]
          +0.035*[#   5]
    |psi|^2 = 0.991
==== e(   4) =    -8.19704 eV ==== 
     psi = 0.497*[#   2]+0.497*[#   6]
    |psi|^2 = 0.994
==== e(   5) =     0.01057 eV ==== 
     psi = 0.485*[#   2]+0.485*[#   6]
    |psi|^2 = 0.970
==== e(   6) =     3.42261 eV ==== 
     psi = 0.004*[#   3]+0.004*[#   4]+0.004*[#   7]+0.004*[#   8]
    |psi|^2 = 0.014
==== e(   7) =     4.30792 eV ==== 
     psi = 0.002*[#   2]+0.002*[#   6]
    |psi|^2 = 0.003
==== e(   8) =     5.97201 eV ==== 
     psi = 0.172*[#   1]+0.172*[#   5]+0.072*[#   3]+0.072*[#   4]+0.072*[#   7]
          +0.072*[#   8]
    |psi|^2 = 0.632

 k =   0.1666666667  0.4111433735  0.0000000000
==== e(   1) =   -20.37729 eV ==== 
     psi = 0.275*[#   1]+0.275*[#   5]+0.109*[#   3]+0.109*[#   4]+0.109*[#   7]
          +0.109*[#   8]
    |psi|^2 = 0.983
==== e(   2) =   -14.28281 eV ==== 
     psi = 0.180*[#   3]+0.180*[#   4]+0.180*[#   7]+0.180*[#   8]+0.136*[#   1]
          +0.136*[#   5]
    |psi|^2 = 0.993
==== e(   3) =   -11.94214 eV ==== 
     psi = 0.230*[#   3]+0.230*[#   4]+0.230*[#   7]+0.230*[#   8]+0.036*[#   1]
          +0.036*[#   5]
    |psi|^2 = 0.991
==== e(   4) =    -7.94028 eV ==== 
     psi = 0.497*[#   2]+0.497*[#   6]
    |psi|^2 = 0.995
==== e(   5) =    -0.34905 eV ==== 
     psi = 0.485*[#   2]+0.485*[#   6]
    |psi|^2 = 0.970
==== e(   6) =     3.75561 eV ==== 
     psi = 0.003*[#   3]+0.003*[#   4]+0.003*[#   7]+0.003*[#   8]
    |psi|^2 = 0.012
==== e(   7) =     4.63163 eV ==== 
     psi = 0.002*[#   2]+0.002*[#   6]
    |psi|^2 = 0.003
==== e(   8) =     5.97199 eV ==== 
     psi = 0.225*[#   1]+0.225*[#   5]+0.088*[#   3]+0.088*[#   4]+0.088*[#   7]
          +0.088*[#   8]
    |psi|^2 = 0.804

 k =   0.1666666667  0.4286388362  0.0000000000
==== e(   1) =   -20.13254 eV ==== 
     psi = 0.269*[#   1]+0.269*[#   5]+0.111*[#   3]+0.111*[#   4]+0.111*[#   7]
          +0.111*[#   8]
    |psi|^2 = 0.984
==== e(   2) =   -14.63275 eV ==== 
     psi = 0.178*[#   3]+0.178*[#   4]+0.178*[#   7]+0.178*[#   8]+0.140*[#   1]
          +0.140*[#   5]
    |psi|^2 = 0.992
==== e(   3) =   -12.05704 eV ==== 
     psi = 0.229*[#   3]+0.229*[#   4]+0.229*[#   7]+0.229*[#   8]+0.037*[#   1]
          +0.037*[#   5]
    |psi|^2 = 0.992
==== e(   4) =    -7.67924 eV ==== 
     psi = 0.498*[#   2]+0.498*[#   6]
    |psi|^2 = 0.996
==== e(   5) =    -0.70500 eV ==== 
     psi = 0.485*[#   2]+0.485*[#   6]
    |psi|^2 = 0.970
==== e(   6) =     4.10195 eV ==== 
     psi = 0.002*[#   3]+0.002*[#   4]+0.002*[#   7]+0.002*[#   8]
    |psi|^2 = 0.010
==== e(   7) =     4.96556 eV ==== 
     psi = 0.001*[#   2]+0.001*[#   6]
    |psi|^2 = 0.003
==== e(   8) =     5.94179 eV ==== 
     psi = 0.241*[#   1]+0.241*[#   5]+0.087*[#   3]+0.087*[#   4]+0.087*[#   7]
          +0.087*[#   8]
    |psi|^2 = 0.831

 k =   0.1666666667  0.4461342989  0.0000000000
==== e(   1) =   -19.87978 eV ==== 
     psi = 0.265*[#   1]+0.265*[#   5]+0.114*[#   3]+0.114*[#   4]+0.114*[#   7]
          +0.114*[#   8]
    |psi|^2 = 0.985
==== e(   2) =   -14.98259 eV ==== 
     psi = 0.176*[#   3]+0.176*[#   4]+0.176*[#   7]+0.176*[#   8]+0.144*[#   1]
          +0.144*[#   5]
    |psi|^2 = 0.991
==== e(   3) =   -12.15794 eV ==== 
     psi = 0.229*[#   3]+0.229*[#   4]+0.229*[#   7]+0.229*[#   8]+0.038*[#   1]
          +0.038*[#   5]
    |psi|^2 = 0.992
==== e(   4) =    -7.41617 eV ==== 
     psi = 0.498*[#   2]+0.498*[#   6]
    |psi|^2 = 0.996
==== e(   5) =    -1.05436 eV ==== 
     psi = 0.485*[#   2]+0.485*[#   6]
    |psi|^2 = 0.970
==== e(   6) =     4.46113 eV ==== 
     psi = 0.002*[#   1]+0.002*[#   3]+0.002*[#   4]+0.002*[#   5]+0.002*[#   7]
          +0.002*[#   8]
    |psi|^2 = 0.009
==== e(   7) =     5.30808 eV ==== 
     psi = 0.001*[#   2]+0.001*[#   6]
    |psi|^2 = 0.003
==== e(   8) =     5.90749 eV ==== 
     psi = 0.251*[#   1]+0.251*[#   5]+0.084*[#   3]+0.084*[#   4]+0.084*[#   7]
          +0.084*[#   8]
    |psi|^2 = 0.838

 k =   0.1666666667  0.4636297616  0.0000000000
==== e(   1) =   -19.61974 eV ==== 
     psi = 0.261*[#   1]+0.261*[#   5]+0.116*[#   3]+0.116*[#   4]+0.116*[#   7]
          +0.116*[#   8]
    |psi|^2 = 0.985
==== e(   2) =   -15.33019 eV ==== 
     psi = 0.174*[#   3]+0.174*[#   4]+0.174*[#   7]+0.174*[#   8]+0.147*[#   1]
          +0.147*[#   5]
    |psi|^2 = 0.991
==== e(   3) =   -12.24537 eV ==== 
     psi = 0.229*[#   3]+0.229*[#   4]+0.229*[#   7]+0.229*[#   8]+0.038*[#   1]
          +0.038*[#   5]
    |psi|^2 = 0.992
==== e(   4) =    -7.15416 eV ==== 
     psi = 0.498*[#   2]+0.498*[#   6]
    |psi|^2 = 0.996
==== e(   5) =    -1.39340 eV ==== 
     psi = 0.485*[#   2]+0.485*[#   6]
    |psi|^2 = 0.970
==== e(   6) =     4.83222 eV ==== 
     psi = 0.003*[#   1]+0.003*[#   5]+0.001*[#   3]+0.001*[#   4]+0.001*[#   7]
          +0.001*[#   8]
    |psi|^2 = 0.011
==== e(   7) =     5.65678 eV ==== 
     psi = 0.002*[#   2]+0.002*[#   6]
    |psi|^2 = 0.003
==== e(   8) =     5.87498 eV ==== 
     psi = 0.258*[#   1]+0.258*[#   5]+0.081*[#   3]+0.081*[#   4]+0.081*[#   7]
          +0.081*[#   8]
    |psi|^2 = 0.839

 k =   0.1666666667  0.4811252243  0.0000000000
==== e(   1) =   -19.35353 eV ==== 
     psi = 0.258*[#   1]+0.258*[#   5]+0.118*[#   3]+0.118*[#   4]+0.118*[#   7]
          +0.118*[#   8]
    |psi|^2 = 0.986
==== e(   2) =   -15.67329 eV ==== 
     psi = 0.173*[#   3]+0.173*[#   4]+0.173*[#   7]+0.173*[#   8]+0.149*[#   1]
          +0.149*[#   5]
    |psi|^2 = 0.990
==== e(   3) =   -12.31974 eV ==== 
     psi = 0.229*[#   3]+0.229*[#   4]+0.229*[#   7]+0.229*[#   8]+0.039*[#   1]
          +0.039*[#   5]
    |psi|^2 = 0.992
==== e(   4) =    -6.89756 eV ==== 
     psi = 0.498*[#   2]+0.498*[#   6]
    |psi|^2 = 0.996
==== e(   5) =    -1.71720 eV ==== 
     psi = 0.485*[#   2]+0.485*[#   6]
    |psi|^2 = 0.970
==== e(   6) =     5.21256 eV ==== 
     psi = 0.009*[#   1]+0.009*[#   5]+0.001*[#   3]+0.001*[#   4]+0.001*[#   7]
          +0.001*[#   8]
    |psi|^2 = 0.022
==== e(   7) =     5.84866 eV ==== 
     psi = 0.259*[#   1]+0.259*[#   5]+0.078*[#   3]+0.078*[#   4]+0.078*[#   7]
          +0.078*[#   8]
    |psi|^2 = 0.829
==== e(   8) =     6.00786 eV ==== 
     psi = 0.002*[#   2]+0.002*[#   6]
    |psi|^2 = 0.004

 k =   0.1666666667  0.4986206870  0.0000000000
==== e(   1) =   -19.08304 eV ==== 
     psi = 0.256*[#   1]+0.256*[#   5]+0.119*[#   3]+0.119*[#   4]+0.119*[#   7]
          +0.119*[#   8]
    |psi|^2 = 0.987
==== e(   2) =   -16.00910 eV ==== 
     psi = 0.172*[#   3]+0.172*[#   4]+0.172*[#   7]+0.172*[#   8]+0.151*[#   1]
          +0.151*[#   5]
    |psi|^2 = 0.989
==== e(   3) =   -12.38136 eV ==== 
     psi = 0.228*[#   3]+0.228*[#   4]+0.228*[#   7]+0.228*[#   8]+0.039*[#   1]
          +0.039*[#   5]
    |psi|^2 = 0.992
==== e(   4) =    -6.65260 eV ==== 
     psi = 0.498*[#   2]+0.498*[#   6]
    |psi|^2 = 0.997
==== e(   5) =    -2.01901 eV ==== 
     psi = 0.485*[#   2]+0.485*[#   6]
    |psi|^2 = 0.970
==== e(   6) =     5.58442 eV ==== 
     psi = 0.049*[#   1]+0.049*[#   5]+0.008*[#   3]+0.008*[#   4]+0.008*[#   7]
          +0.008*[#   8]
    |psi|^2 = 0.131
==== e(   7) =     5.84685 eV ==== 
     psi = 0.225*[#   1]+0.225*[#   5]+0.068*[#   3]+0.068*[#   4]+0.068*[#   7]
          +0.068*[#   8]
    |psi|^2 = 0.721
==== e(   8) =     6.35521 eV ==== 
     psi = 0.003*[#   2]+0.003*[#   6]
    |psi|^2 = 0.005

 k =   0.1666666667  0.5161161497  0.0000000000
==== e(   1) =   -18.81178 eV ==== 
     psi = 0.256*[#   1]+0.256*[#   5]+0.119*[#   3]+0.119*[#   4]+0.119*[#   7]
          +0.119*[#   8]
    |psi|^2 = 0.988
==== e(   2) =   -16.33339 eV ==== 
     psi = 0.172*[#   3]+0.172*[#   4]+0.172*[#   7]+0.172*[#   8]+0.150*[#   1]
          +0.150*[#   5]
    |psi|^2 = 0.988
==== e(   3) =   -12.43043 eV ==== 
     psi = 0.228*[#   3]+0.228*[#   4]+0.228*[#   7]+0.228*[#   8]+0.039*[#   1]
          +0.039*[#   5]
    |psi|^2 = 0.992
==== e(   4) =    -6.42814 eV ==== 
     psi = 0.498*[#   2]+0.498*[#   6]
    |psi|^2 = 0.997
==== e(   5) =    -2.28950 eV ==== 
     psi = 0.485*[#   2]+0.485*[#   6]
    |psi|^2 = 0.970
==== e(   6) =     5.75081 eV ==== 
     psi = 0.255*[#   1]+0.255*[#   5]+0.062*[#   3]+0.062*[#   4]+0.062*[#   7]
          +0.062*[#   8]
    |psi|^2 = 0.759
==== e(   7) =     6.06642 eV ==== 
     psi = 0.024*[#   1]+0.024*[#   5]+0.011*[#   3]+0.011*[#   4]+0.011*[#   7]
          +0.011*[#   8]
    |psi|^2 = 0.094
==== e(   8) =     6.68853 eV ==== 
     psi = 0.003*[#   2]+0.003*[#   6]
    |psi|^2 = 0.007

 k =   0.1666666667  0.5336116124  0.0000000000
==== e(   1) =   -18.54728 eV ==== 
     psi = 0.260*[#   1]+0.260*[#   5]+0.117*[#   3]+0.117*[#   4]+0.117*[#   7]
          +0.117*[#   8]
    |psi|^2 = 0.990
==== e(   2) =   -16.63812 eV ==== 
     psi = 0.174*[#   3]+0.174*[#   4]+0.174*[#   7]+0.174*[#   8]+0.146*[#   1]
          +0.146*[#   5]
    |psi|^2 = 0.986
==== e(   3) =   -12.46712 eV ==== 
     psi = 0.228*[#   3]+0.228*[#   4]+0.228*[#   7]+0.228*[#   8]+0.040*[#   1]
          +0.040*[#   5]
    |psi|^2 = 0.992
==== e(   4) =    -6.23659 eV ==== 
     psi = 0.499*[#   2]+0.499*[#   6]
    |psi|^2 = 0.997
==== e(   5) =    -2.51592 eV ==== 
     psi = 0.485*[#   2]+0.485*[#   6]
    |psi|^2 = 0.970
==== e(   6) =     5.75179 eV ==== 
     psi = 0.278*[#   1]+0.278*[#   5]+0.069*[#   3]+0.069*[#   4]+0.069*[#   7]
          +0.069*[#   8]
    |psi|^2 = 0.831
==== e(   7) =     6.46648 eV ==== 
     psi = 0.005*[#   1]+0.005*[#   5]+0.003*[#   3]+0.003*[#   4]+0.003*[#   7]
          +0.003*[#   8]
    |psi|^2 = 0.024
==== e(   8) =     6.99008 eV ==== 
     psi = 0.005*[#   2]+0.005*[#   6]
    |psi|^2 = 0.009

 k =   0.1666666667  0.5511070751  0.0000000000
==== e(   1) =   -18.30830 eV ==== 
     psi = 0.270*[#   1]+0.270*[#   5]+0.113*[#   3]+0.113*[#   4]+0.113*[#   7]
          +0.113*[#   8]
    |psi|^2 = 0.991
==== e(   2) =   -16.90412 eV ==== 
     psi = 0.178*[#   3]+0.178*[#   4]+0.178*[#   7]+0.178*[#   8]+0.136*[#   1]
          +0.136*[#   5]
    |psi|^2 = 0.985
==== e(   3) =   -12.49152 eV ==== 
     psi = 0.228*[#   3]+0.228*[#   4]+0.228*[#   7]+0.228*[#   8]+0.040*[#   1]
          +0.040*[#   5]
    |psi|^2 = 0.992
==== e(   4) =    -6.09381 eV ==== 
     psi = 0.499*[#   2]+0.499*[#   6]
    |psi|^2 = 0.997
==== e(   5) =    -2.68211 eV ==== 
     psi = 0.485*[#   2]+0.485*[#   6]
    |psi|^2 = 0.969
==== e(   6) =     5.74425 eV ==== 
     psi = 0.282*[#   1]+0.282*[#   5]+0.069*[#   3]+0.069*[#   4]+0.069*[#   7]
          +0.069*[#   8]
    |psi|^2 = 0.841
==== e(   7) =     6.88782 eV ==== 
     psi = 0.004*[#   1]+0.004*[#   5]+0.002*[#   3]+0.002*[#   4]+0.002*[#   7]
          +0.002*[#   8]
    |psi|^2 = 0.018
==== e(   8) =     7.23041 eV ==== 
     psi = 0.006*[#   2]+0.006*[#   6]
    |psi|^2 = 0.012

 k =   0.1666666667  0.5686025378  0.0000000000
==== e(   1) =   -18.14514 eV ==== 
     psi = 0.284*[#   1]+0.284*[#   5]+0.106*[#   3]+0.106*[#   4]+0.106*[#   7]
          +0.106*[#   8]
    |psi|^2 = 0.993
==== e(   2) =   -17.08085 eV ==== 
     psi = 0.185*[#   3]+0.185*[#   4]+0.185*[#   7]+0.185*[#   8]+0.122*[#   1]
          +0.122*[#   5]
    |psi|^2 = 0.983
==== e(   3) =   -12.50371 eV ==== 
     psi = 0.228*[#   3]+0.228*[#   4]+0.228*[#   7]+0.228*[#   8]+0.040*[#   1]
          +0.040*[#   5]
    |psi|^2 = 0.992
==== e(   4) =    -6.01662 eV ==== 
     psi = 0.499*[#   2]+0.499*[#   6]
    |psi|^2 = 0.998
==== e(   5) =    -2.77104 eV ==== 
     psi = 0.485*[#   2]+0.485*[#   6]
    |psi|^2 = 0.969
==== e(   6) =     5.73965 eV ==== 
     psi = 0.283*[#   1]+0.283*[#   5]+0.069*[#   3]+0.069*[#   4]+0.069*[#   7]
          +0.069*[#   8]
    |psi|^2 = 0.843
==== e(   7) =     7.30773 eV ==== 
     psi = 0.007*[#   1]+0.007*[#   5]+0.002*[#   3]+0.002*[#   4]+0.002*[#   7]
          +0.002*[#   8]
    |psi|^2 = 0.024
==== e(   8) =     7.36833 eV ==== 
     psi = 0.007*[#   2]+0.007*[#   6]
    |psi|^2 = 0.015

 k =   0.1818181818  0.3149183286  0.0000000000
==== e(   1) =   -21.47185 eV ==== 
     psi = 0.306*[#   1]+0.306*[#   5]+0.092*[#   3]+0.092*[#   4]+0.092*[#   7]
          +0.092*[#   8]
    |psi|^2 = 0.982
==== e(   2) =   -12.57828 eV ==== 
     psi = 0.194*[#   3]+0.194*[#   4]+0.194*[#   7]+0.194*[#   8]+0.111*[#   1]
          +0.111*[#   5]
    |psi|^2 = 0.996
==== e(   3) =   -11.16148 eV ==== 
     psi = 0.232*[#   3]+0.232*[#   4]+0.232*[#   7]+0.232*[#   8]+0.030*[#   1]
          +0.030*[#   5]
    |psi|^2 = 0.990
==== e(   4) =    -9.15876 eV ==== 
     psi = 0.494*[#   2]+0.494*[#   6]
    |psi|^2 = 0.989
==== e(   5) =     1.45913 eV ==== 
     psi = 0.486*[#   2]+0.486*[#   6]
    |psi|^2 = 0.971
==== e(   6) =     2.22163 eV ==== 
     psi = 0.007*[#   3]+0.007*[#   4]+0.007*[#   7]+0.007*[#   8]
    |psi|^2 = 0.026
==== e(   7) =     3.12495 eV ==== 
     psi = 0.003*[#   2]+0.003*[#   6]
    |psi|^2 = 0.005
==== e(   8) =     4.94893 eV ==== 
     psi = 0.002*[#   1]+0.002*[#   5]
    |psi|^2 = 0.005

 k =   0.1818181818  0.3324137914  0.0000000000
==== e(   1) =   -21.27807 eV ==== 
     psi = 0.299*[#   1]+0.299*[#   5]+0.096*[#   3]+0.096*[#   4]+0.096*[#   7]
          +0.096*[#   8]
    |psi|^2 = 0.982
==== e(   2) =   -12.85453 eV ==== 
     psi = 0.191*[#   3]+0.191*[#   4]+0.191*[#   7]+0.191*[#   8]+0.117*[#   1]
          +0.117*[#   5]
    |psi|^2 = 0.996
==== e(   3) =   -11.39166 eV ==== 
     psi = 0.232*[#   3]+0.232*[#   4]+0.232*[#   7]+0.232*[#   8]+0.032*[#   1]
          +0.032*[#   5]
    |psi|^2 = 0.990
==== e(   4) =    -8.93793 eV ==== 
     psi = 0.495*[#   2]+0.495*[#   6]
    |psi|^2 = 0.990
==== e(   5) =     1.12000 eV ==== 
     psi = 0.486*[#   2]+0.486*[#   6]
    |psi|^2 = 0.972
==== e(   6) =     2.49176 eV ==== 
     psi = 0.006*[#   3]+0.006*[#   4]+0.006*[#   7]+0.006*[#   8]
    |psi|^2 = 0.023
==== e(   7) =     3.39107 eV ==== 
     psi = 0.002*[#   2]+0.002*[#   6]
    |psi|^2 = 0.005
==== e(   8) =     5.22116 eV ==== 
     psi = 0.002*[#   1]+0.002*[#   5]
    |psi|^2 = 0.006

 k =   0.1818181818  0.3499092541  0.0000000000
==== e(   1) =   -21.07460 eV ==== 
     psi = 0.293*[#   1]+0.293*[#   5]+0.099*[#   3]+0.099*[#   4]+0.099*[#   7]
          +0.099*[#   8]
    |psi|^2 = 0.982
==== e(   2) =   -13.14662 eV ==== 
     psi = 0.188*[#   3]+0.188*[#   4]+0.188*[#   7]+0.188*[#   8]+0.122*[#   1]
          +0.122*[#   5]
    |psi|^2 = 0.995
==== e(   3) =   -11.60235 eV ==== 
     psi = 0.231*[#   3]+0.231*[#   4]+0.231*[#   7]+0.231*[#   8]+0.033*[#   1]
          +0.033*[#   5]
    |psi|^2 = 0.990
==== e(   4) =    -8.70773 eV ==== 
     psi = 0.496*[#   2]+0.496*[#   6]
    |psi|^2 = 0.992
==== e(   5) =     0.77597 eV ==== 
     psi = 0.486*[#   2]+0.486*[#   6]
    |psi|^2 = 0.972
==== e(   6) =     2.77606 eV ==== 
     psi = 0.005*[#   3]+0.005*[#   4]+0.005*[#   7]+0.005*[#   8]
    |psi|^2 = 0.021
==== e(   7) =     3.67035 eV ==== 
     psi = 0.002*[#   2]+0.002*[#   6]
    |psi|^2 = 0.004
==== e(   8) =     5.50655 eV ==== 
     psi = 0.003*[#   1]+0.003*[#   5]
    |psi|^2 = 0.010

 k =   0.1818181818  0.3674047168  0.0000000000
==== e(   1) =   -20.86164 eV ==== 
     psi = 0.287*[#   1]+0.287*[#   5]+0.102*[#   3]+0.102*[#   4]+0.102*[#   7]
          +0.102*[#   8]
    |psi|^2 = 0.983
==== e(   2) =   -13.45340 eV ==== 
     psi = 0.185*[#   3]+0.185*[#   4]+0.185*[#   7]+0.185*[#   8]+0.127*[#   1]
          +0.127*[#   5]
    |psi|^2 = 0.995
==== e(   3) =   -11.79245 eV ==== 
     psi = 0.230*[#   3]+0.230*[#   4]+0.230*[#   7]+0.230*[#   8]+0.034*[#   1]
          +0.034*[#   5]
    |psi|^2 = 0.990
==== e(   4) =    -8.46885 eV ==== 
     psi = 0.497*[#   2]+0.497*[#   6]
    |psi|^2 = 0.993
==== e(   5) =     0.42840 eV ==== 
     psi = 0.486*[#   2]+0.486*[#   6]
    |psi|^2 = 0.973
==== e(   6) =     3.07440 eV ==== 
     psi = 0.004*[#   3]+0.004*[#   4]+0.004*[#   7]+0.004*[#   8]
    |psi|^2 = 0.018
==== e(   7) =     3.96225 eV ==== 
     psi = 0.002*[#   2]+0.002*[#   6]
    |psi|^2 = 0.003
==== e(   8) =     5.80312 eV ==== 
     psi = 0.007*[#   1]+0.007*[#   5]+0.002*[#   3]+0.002*[#   4]+0.002*[#   7]
          +0.002*[#   8]
    |psi|^2 = 0.021

 k =   0.1818181818  0.3849001795  0.0000000000
==== e(   1) =   -20.63941 eV ==== 
     psi = 0.281*[#   1]+0.281*[#   5]+0.105*[#   3]+0.105*[#   4]+0.105*[#   7]
          +0.105*[#   8]
    |psi|^2 = 0.983
==== e(   2) =   -13.77260 eV ==== 
     psi = 0.183*[#   3]+0.183*[#   4]+0.183*[#   7]+0.183*[#   8]+0.132*[#   1]
          +0.132*[#   5]
    |psi|^2 = 0.994
==== e(   3) =   -11.96225 eV ==== 
     psi = 0.230*[#   3]+0.230*[#   4]+0.230*[#   7]+0.230*[#   8]+0.036*[#   1]
          +0.036*[#   5]
    |psi|^2 = 0.990
==== e(   4) =    -8.22216 eV ==== 
     psi = 0.497*[#   2]+0.497*[#   6]
    |psi|^2 = 0.994
==== e(   5) =     0.07874 eV ==== 
     psi = 0.487*[#   2]+0.487*[#   6]
    |psi|^2 = 0.973
==== e(   6) =     3.38665 eV ==== 
     psi = 0.004*[#   3]+0.004*[#   4]+0.004*[#   7]+0.004*[#   8]
    |psi|^2 = 0.015
==== e(   7) =     4.26609 eV ==== 
     psi = 0.001*[#   2]+0.001*[#   6]
    |psi|^2 = 0.003
==== e(   8) =     6.10168 eV ==== 
     psi = 0.023*[#   1]+0.023*[#   5]+0.008*[#   3]+0.008*[#   4]+0.008*[#   7]
          +0.008*[#   8]
    |psi|^2 = 0.078

 k =   0.1818181818  0.4023956422  0.0000000000
==== e(   1) =   -20.40817 eV ==== 
     psi = 0.275*[#   1]+0.275*[#   5]+0.108*[#   3]+0.108*[#   4]+0.108*[#   7]
          +0.108*[#   8]
    |psi|^2 = 0.983
==== e(   2) =   -14.10133 eV ==== 
     psi = 0.180*[#   3]+0.180*[#   4]+0.180*[#   7]+0.180*[#   8]+0.136*[#   1]
          +0.136*[#   5]
    |psi|^2 = 0.994
==== e(   3) =   -12.11280 eV ==== 
     psi = 0.229*[#   3]+0.229*[#   4]+0.229*[#   7]+0.229*[#   8]+0.037*[#   1]
          +0.037*[#   5]
    |psi|^2 = 0.990
==== e(   4) =    -7.96874 eV ==== 
     psi = 0.497*[#   2]+0.497*[#   6]
    |psi|^2 = 0.995
==== e(   5) =    -0.27131 eV ==== 
     psi = 0.487*[#   2]+0.487*[#   6]
    |psi|^2 = 0.973
==== e(   6) =     3.71262 eV ==== 
     psi = 0.003*[#   3]+0.003*[#   4]+0.003*[#   7]+0.003*[#   8]
    |psi|^2 = 0.013
==== e(   7) =     4.58096 eV ==== 
     psi = 0.001*[#   2]+0.001*[#   6]
    |psi|^2 = 0.002
==== e(   8) =     6.32300 eV ==== 
     psi = 0.139*[#   1]+0.139*[#   5]+0.059*[#   3]+0.059*[#   4]+0.059*[#   7]
          +0.059*[#   8]
    |psi|^2 = 0.513

 k =   0.1818181818  0.4198911049  0.0000000000
==== e(   1) =   -20.16826 eV ==== 
     psi = 0.270*[#   1]+0.270*[#   5]+0.111*[#   3]+0.111*[#   4]+0.111*[#   7]
          +0.111*[#   8]
    |psi|^2 = 0.984
==== e(   2) =   -14.43658 eV ==== 
     psi = 0.178*[#   3]+0.178*[#   4]+0.178*[#   7]+0.178*[#   8]+0.140*[#   1]
          +0.140*[#   5]
    |psi|^2 = 0.993
==== e(   3) =   -12.24542 eV ==== 
     psi = 0.229*[#   3]+0.229*[#   4]+0.229*[#   7]+0.229*[#   8]+0.038*[#   1]
          +0.038*[#   5]
    |psi|^2 = 0.991
==== e(   4) =    -7.70998 eV ==== 
     psi = 0.498*[#   2]+0.498*[#   6]
    |psi|^2 = 0.995
==== e(   5) =    -0.61974 eV ==== 
     psi = 0.487*[#   2]+0.487*[#   6]
    |psi|^2 = 0.974
==== e(   6) =     4.05206 eV ==== 
     psi = 0.002*[#   3]+0.002*[#   4]+0.002*[#   7]+0.002*[#   8]
    |psi|^2 = 0.011
==== e(   7) =     4.90559 eV ==== 
     psi = 0.001*[#   2]+0.001*[#   6]
    |psi|^2 = 0.002
==== e(   8) =     6.34711 eV ==== 
     psi = 0.217*[#   1]+0.217*[#   5]+0.087*[#   3]+0.087*[#   4]+0.087*[#   7]
          +0.087*[#   8]
    |psi|^2 = 0.782

 k =   0.1818181818  0.4373865676  0.0000000000
==== e(   1) =   -19.92014 eV ==== 
     psi = 0.265*[#   1]+0.265*[#   5]+0.114*[#   3]+0.114*[#   4]+0.114*[#   7]
          +0.114*[#   8]
    |psi|^2 = 0.985
==== e(   2) =   -14.77547 eV ==== 
     psi = 0.176*[#   3]+0.176*[#   4]+0.176*[#   7]+0.176*[#   8]+0.144*[#   1]
          +0.144*[#   5]
    |psi|^2 = 0.992
==== e(   3) =   -12.36139 eV ==== 
     psi = 0.228*[#   3]+0.228*[#   4]+0.228*[#   7]+0.228*[#   8]+0.039*[#   1]
          +0.039*[#   5]
    |psi|^2 = 0.991
==== e(   4) =    -7.44775 eV ==== 
     psi = 0.498*[#   2]+0.498*[#   6]
    |psi|^2 = 0.996
==== e(   5) =    -0.96412 eV ==== 
     psi = 0.487*[#   2]+0.487*[#   6]
    |psi|^2 = 0.974
==== e(   6) =     4.40463 eV ==== 
     psi = 0.002*[#   3]+0.002*[#   4]+0.002*[#   7]+0.002*[#   8]
    |psi|^2 = 0.009
==== e(   7) =     5.23815 eV ==== 
     psi = 0.001*[#   2]+0.001*[#   6]
    |psi|^2 = 0.002
==== e(   8) =     6.32179 eV ==== 
     psi = 0.235*[#   1]+0.235*[#   5]+0.087*[#   3]+0.087*[#   4]+0.087*[#   7]
          +0.087*[#   8]
    |psi|^2 = 0.817

 k =   0.1818181818  0.4548820303  0.0000000000
==== e(   1) =   -19.66441 eV ==== 
     psi = 0.261*[#   1]+0.261*[#   5]+0.116*[#   3]+0.116*[#   4]+0.116*[#   7]
          +0.116*[#   8]
    |psi|^2 = 0.985
==== e(   2) =   -15.11533 eV ==== 
     psi = 0.174*[#   3]+0.174*[#   4]+0.174*[#   7]+0.174*[#   8]+0.148*[#   1]
          +0.148*[#   5]
    |psi|^2 = 0.991
==== e(   3) =   -12.46179 eV ==== 
     psi = 0.228*[#   3]+0.228*[#   4]+0.228*[#   7]+0.228*[#   8]+0.040*[#   1]
          +0.040*[#   5]
    |psi|^2 = 0.991
==== e(   4) =    -7.18459 eV ==== 
     psi = 0.498*[#   2]+0.498*[#   6]
    |psi|^2 = 0.996
==== e(   5) =    -1.30135 eV ==== 
     psi = 0.487*[#   2]+0.487*[#   6]
    |psi|^2 = 0.974
==== e(   6) =     4.76981 eV ==== 
     psi = 0.002*[#   1]+0.002*[#   5]+0.001*[#   3]+0.001*[#   4]+0.001*[#   7]
          +0.001*[#   8]
    |psi|^2 = 0.009
==== e(   7) =     5.57587 eV ==== 
     psi = 0.001*[#   2]+0.001*[#   6]
    |psi|^2 = 0.002
==== e(   8) =     6.28987 eV ==== 
     psi = 0.245*[#   1]+0.245*[#   5]+0.084*[#   3]+0.084*[#   4]+0.084*[#   7]
          +0.084*[#   8]
    |psi|^2 = 0.825

 k =   0.1818181818  0.4723774930  0.0000000000
==== e(   1) =   -19.40198 eV ==== 
     psi = 0.257*[#   1]+0.257*[#   5]+0.118*[#   3]+0.118*[#   4]+0.118*[#   7]
          +0.118*[#   8]
    |psi|^2 = 0.986
==== e(   2) =   -15.45356 eV ==== 
     psi = 0.172*[#   3]+0.172*[#   4]+0.172*[#   7]+0.172*[#   8]+0.150*[#   1]
          +0.150*[#   5]
    |psi|^2 = 0.991
==== e(   3) =   -12.54747 eV ==== 
     psi = 0.227*[#   3]+0.227*[#   4]+0.227*[#   7]+0.227*[#   8]+0.041*[#   1]
          +0.041*[#   5]
    |psi|^2 = 0.991
==== e(   4) =    -6.92403 eV ==== 
     psi = 0.498*[#   2]+0.498*[#   6]
    |psi|^2 = 0.996
==== e(   5) =    -1.62733 eV ==== 
     psi = 0.487*[#   2]+0.487*[#   6]
    |psi|^2 = 0.974
==== e(   6) =     5.14667 eV ==== 
     psi = 0.003*[#   1]+0.003*[#   5]+0.001*[#   3]+0.001*[#   4]+0.001*[#   7]
          +0.001*[#   8]
    |psi|^2 = 0.011
==== e(   7) =     5.91449 eV ==== 
     psi = 0.001*[#   2]+0.001*[#   6]
    |psi|^2 = 0.003
==== e(   8) =     6.25905 eV ==== 
     psi = 0.252*[#   1]+0.252*[#   5]+0.081*[#   3]+0.081*[#   4]+0.081*[#   7]
          +0.081*[#   8]
    |psi|^2 = 0.827

 k =   0.1818181818  0.4898729557  0.0000000000
==== e(   1) =   -19.13430 eV ==== 
     psi = 0.254*[#   1]+0.254*[#   5]+0.120*[#   3]+0.120*[#   4]+0.120*[#   7]
          +0.120*[#   8]
    |psi|^2 = 0.987
==== e(   2) =   -15.78736 eV ==== 
     psi = 0.171*[#   3]+0.171*[#   4]+0.171*[#   7]+0.171*[#   8]+0.152*[#   1]
          +0.152*[#   5]
    |psi|^2 = 0.990
==== e(   3) =   -12.61910 eV ==== 
     psi = 0.227*[#   3]+0.227*[#   4]+0.227*[#   7]+0.227*[#   8]+0.042*[#   1]
          +0.042*[#   5]
    |psi|^2 = 0.991
==== e(   4) =    -6.67111 eV ==== 
     psi = 0.498*[#   2]+0.498*[#   6]
    |psi|^2 = 0.997
==== e(   5) =    -1.93654 eV ==== 
     psi = 0.487*[#   2]+0.487*[#   6]
    |psi|^2 = 0.974
==== e(   6) =     5.53291 eV ==== 
     psi = 0.008*[#   1]+0.008*[#   5]+0.001*[#   3]+0.001*[#   4]+0.001*[#   7]
          +0.001*[#   8]
    |psi|^2 = 0.020
==== e(   7) =     6.23369 eV ==== 
     psi = 0.254*[#   1]+0.254*[#   5]+0.078*[#   3]+0.078*[#   4]+0.078*[#   7]
          +0.078*[#   8]
    |psi|^2 = 0.819
==== e(   8) =     6.24723 eV ==== 
     psi = 0.002*[#   2]+0.002*[#   6]
    |psi|^2 = 0.004

 k =   0.1818181818  0.5073684184  0.0000000000
==== e(   1) =   -18.86388 eV ==== 
     psi = 0.253*[#   1]+0.253*[#   5]+0.120*[#   3]+0.120*[#   4]+0.120*[#   7]
          +0.120*[#   8]
    |psi|^2 = 0.988
==== e(   2) =   -16.11317 eV ==== 
     psi = 0.171*[#   3]+0.171*[#   4]+0.171*[#   7]+0.171*[#   8]+0.153*[#   1]
          +0.153*[#   5]
    |psi|^2 = 0.989
==== e(   3) =   -12.67716 eV ==== 
     psi = 0.227*[#   3]+0.227*[#   4]+0.227*[#   7]+0.227*[#   8]+0.042*[#   1]
          +0.042*[#   5]
    |psi|^2 = 0.991
==== e(   4) =    -6.43316 eV ==== 
     psi = 0.498*[#   2]+0.498*[#   6]
    |psi|^2 = 0.997
==== e(   5) =    -2.22120 eV ==== 
     psi = 0.487*[#   2]+0.487*[#   6]
    |psi|^2 = 0.973
==== e(   6) =     5.91638 eV ==== 
     psi = 0.034*[#   1]+0.034*[#   5]+0.006*[#   3]+0.006*[#   4]+0.006*[#   7]
          +0.006*[#   8]
    |psi|^2 = 0.092
==== e(   7) =     6.22648 eV ==== 
     psi = 0.233*[#   1]+0.233*[#   5]+0.070*[#   3]+0.070*[#   4]+0.070*[#   7]
          +0.070*[#   8]
    |psi|^2 = 0.749
==== e(   8) =     6.56325 eV ==== 
     psi = 0.003*[#   2]+0.003*[#   6]
    |psi|^2 = 0.006

 k =   0.1818181818  0.5248638811  0.0000000000
==== e(   1) =   -18.59575 eV ==== 
     psi = 0.255*[#   1]+0.255*[#   5]+0.120*[#   3]+0.120*[#   4]+0.120*[#   7]
          +0.120*[#   8]
    |psi|^2 = 0.989
==== e(   2) =   -16.42515 eV ==== 
     psi = 0.171*[#   3]+0.171*[#   4]+0.171*[#   7]+0.171*[#   8]+0.151*[#   1]
          +0.151*[#   5]
    |psi|^2 = 0.988
==== e(   3) =   -12.72199 eV ==== 
     psi = 0.227*[#   3]+0.227*[#   4]+0.227*[#   7]+0.227*[#   8]+0.042*[#   1]
          +0.042*[#   5]
    |psi|^2 = 0.991
==== e(   4) =    -6.22074 eV ==== 
     psi = 0.498*[#   2]+0.498*[#   6]
    |psi|^2 = 0.997
==== e(   5) =    -2.47037 eV ==== 
     psi = 0.487*[#   2]+0.487*[#   6]
    |psi|^2 = 0.973
==== e(   6) =     6.13473 eV ==== 
     psi = 0.238*[#   1]+0.238*[#   5]+0.060*[#   3]+0.060*[#   4]+0.060*[#   7]
          +0.060*[#   8]
    |psi|^2 = 0.717
==== e(   7) =     6.39935 eV ==== 
     psi = 0.034*[#   1]+0.034*[#   5]+0.014*[#   3]+0.014*[#   4]+0.014*[#   7]
          +0.014*[#   8]
    |psi|^2 = 0.126
==== e(   8) =     6.84574 eV ==== 
     psi = 0.004*[#   2]+0.004*[#   6]
    |psi|^2 = 0.008

 k =   0.1818181818  0.5423593438  0.0000000000
==== e(   1) =   -18.34149 eV ==== 
     psi = 0.261*[#   1]+0.261*[#   5]+0.117*[#   3]+0.117*[#   4]+0.117*[#   7]
          +0.117*[#   8]
    |psi|^2 = 0.990
==== e(   2) =   -16.71113 eV ==== 
     psi = 0.174*[#   3]+0.174*[#   4]+0.174*[#   7]+0.174*[#   8]+0.145*[#   1]
          +0.145*[#   5]
    |psi|^2 = 0.986
==== e(   3) =   -12.75386 eV ==== 
     psi = 0.226*[#   3]+0.226*[#   4]+0.226*[#   7]+0.226*[#   8]+0.043*[#   1]
          +0.043*[#   5]
    |psi|^2 = 0.991
==== e(   4) =    -6.04840 eV ==== 
     psi = 0.499*[#   2]+0.499*[#   6]
    |psi|^2 = 0.997
==== e(   5) =    -2.66919 eV ==== 
     psi = 0.486*[#   2]+0.486*[#   6]
    |psi|^2 = 0.973
==== e(   6) =     6.14429 eV ==== 
     psi = 0.270*[#   1]+0.270*[#   5]+0.070*[#   3]+0.070*[#   4]+0.070*[#   7]
          +0.070*[#   8]
    |psi|^2 = 0.820
==== e(   7) =     6.79436 eV ==== 
     psi = 0.006*[#   1]+0.006*[#   5]+0.004*[#   3]+0.004*[#   4]+0.004*[#   7]
          +0.004*[#   8]
    |psi|^2 = 0.027
==== e(   8) =     7.07181 eV ==== 
     psi = 0.005*[#   2]+0.005*[#   6]
    |psi|^2 = 0.010

 k =   0.1818181818  0.5598548065  0.0000000000
==== e(   1) =   -18.13181 eV ==== 
     psi = 0.273*[#   1]+0.273*[#   5]+0.112*[#   3]+0.112*[#   4]+0.112*[#   7]
          +0.112*[#   8]
    |psi|^2 = 0.992
==== e(   2) =   -16.93999 eV ==== 
     psi = 0.180*[#   3]+0.180*[#   4]+0.180*[#   7]+0.180*[#   8]+0.132*[#   1]
          +0.132*[#   5]
    |psi|^2 = 0.984
==== e(   3) =   -12.77292 eV ==== 
     psi = 0.226*[#   3]+0.226*[#   4]+0.226*[#   7]+0.226*[#   8]+0.043*[#   1]
          +0.043*[#   5]
    |psi|^2 = 0.991
==== e(   4) =    -5.93386 eV ==== 
     psi = 0.499*[#   2]+0.499*[#   6]
    |psi|^2 = 0.997
==== e(   5) =    -2.79970 eV ==== 
     psi = 0.486*[#   2]+0.486*[#   6]
    |psi|^2 = 0.972
==== e(   6) =     6.13988 eV ==== 
     psi = 0.274*[#   1]+0.274*[#   5]+0.070*[#   3]+0.070*[#   4]+0.070*[#   7]
          +0.070*[#   8]
    |psi|^2 = 0.830
==== e(   7) =     7.21172 eV ==== 
     psi = 0.007*[#   1]+0.007*[#   5]+0.003*[#   3]+0.003*[#   4]+0.003*[#   7]
          +0.003*[#   8]
    |psi|^2 = 0.023
==== e(   8) =     7.21766 eV ==== 
     psi = 0.006*[#   2]+0.006*[#   6]
    |psi|^2 = 0.013

 k =   0.1818181818  0.5773502692  0.0000000000
==== e(   1) =   -18.04085 eV ==== 
     psi = 0.282*[#   1]+0.282*[#   5]+0.107*[#   3]+0.107*[#   4]+0.107*[#   7]
          +0.107*[#   8]
    |psi|^2 = 0.993
==== e(   2) =   -17.03737 eV ==== 
     psi = 0.184*[#   3]+0.184*[#   4]+0.184*[#   7]+0.184*[#   8]+0.123*[#   1]
          +0.123*[#   5]
    |psi|^2 = 0.983
==== e(   3) =   -12.77926 eV ==== 
     psi = 0.226*[#   3]+0.226*[#   4]+0.226*[#   7]+0.226*[#   8]+0.043*[#   1]
          +0.043*[#   5]
    |psi|^2 = 0.991
==== e(   4) =    -5.89338 eV ==== 
     psi = 0.499*[#   2]+0.499*[#   6]
    |psi|^2 = 0.997
==== e(   5) =    -2.84552 eV ==== 
     psi = 0.486*[#   2]+0.486*[#   6]
    |psi|^2 = 0.972
==== e(   6) =     6.13788 eV ==== 
     psi = 0.275*[#   1]+0.275*[#   5]+0.070*[#   3]+0.070*[#   4]+0.070*[#   7]
          +0.070*[#   8]
    |psi|^2 = 0.832
==== e(   7) =     7.26778 eV ==== 
     psi = 0.007*[#   2]+0.007*[#   6]
    |psi|^2 = 0.014
==== e(   8) =     7.55033 eV ==== 
     psi = 0.014*[#   1]+0.014*[#   5]+0.003*[#   3]+0.003*[#   4]+0.003*[#   7]
          +0.003*[#   8]
    |psi|^2 = 0.041

 k =   0.1969696970  0.3411615227  0.0000000000
==== e(   1) =   -21.07984 eV ==== 
     psi = 0.293*[#   1]+0.293*[#   5]+0.099*[#   3]+0.099*[#   4]+0.099*[#   7]
          +0.099*[#   8]
    |psi|^2 = 0.982
==== e(   2) =   -13.10667 eV ==== 
     psi = 0.188*[#   3]+0.188*[#   4]+0.188*[#   7]+0.188*[#   8]+0.122*[#   1]
          +0.122*[#   5]
    |psi|^2 = 0.996
==== e(   3) =   -11.63819 eV ==== 
     psi = 0.231*[#   3]+0.231*[#   4]+0.231*[#   7]+0.231*[#   8]+0.033*[#   1]
          +0.033*[#   5]
    |psi|^2 = 0.989
==== e(   4) =    -8.71317 eV ==== 
     psi = 0.496*[#   2]+0.496*[#   6]
    |psi|^2 = 0.992
==== e(   5) =     0.79092 eV ==== 
     psi = 0.487*[#   2]+0.487*[#   6]
    |psi|^2 = 0.973
==== e(   6) =     2.76883 eV ==== 
     psi = 0.005*[#   3]+0.005*[#   4]+0.005*[#   7]+0.005*[#   8]
    |psi|^2 = 0.021
==== e(   7) =     3.66198 eV ==== 
     psi = 0.002*[#   2]+0.002*[#   6]
    |psi|^2 = 0.004
==== e(   8) =     5.50089 eV ==== 
     psi = 0.003*[#   1]+0.003*[#   5]
    |psi|^2 = 0.008

 k =   0.1969696970  0.3586569854  0.0000000000
==== e(   1) =   -20.87207 eV ==== 
     psi = 0.287*[#   1]+0.287*[#   5]+0.102*[#   3]+0.102*[#   4]+0.102*[#   7]
          +0.102*[#   8]
    |psi|^2 = 0.983
==== e(   2) =   -13.37460 eV ==== 
     psi = 0.185*[#   3]+0.185*[#   4]+0.185*[#   7]+0.185*[#   8]+0.128*[#   1]
          +0.128*[#   5]
    |psi|^2 = 0.996
==== e(   3) =   -11.86481 eV ==== 
     psi = 0.230*[#   3]+0.230*[#   4]+0.230*[#   7]+0.230*[#   8]+0.034*[#   1]
          +0.034*[#   5]
    |psi|^2 = 0.989
==== e(   4) =    -8.47938 eV ==== 
     psi = 0.497*[#   2]+0.497*[#   6]
    |psi|^2 = 0.993
==== e(   5) =     0.45741 eV ==== 
     psi = 0.487*[#   2]+0.487*[#   6]
    |psi|^2 = 0.974
==== e(   6) =     3.05997 eV ==== 
     psi = 0.005*[#   3]+0.005*[#   4]+0.005*[#   7]+0.005*[#   8]
    |psi|^2 = 0.018
==== e(   7) =     3.94548 eV ==== 
     psi = 0.001*[#   2]+0.001*[#   6]
    |psi|^2 = 0.003
==== e(   8) =     5.79386 eV ==== 
     psi = 0.003*[#   1]+0.003*[#   5]
    |psi|^2 = 0.011

 k =   0.1969696970  0.3761524481  0.0000000000
==== e(   1) =   -20.65497 eV ==== 
     psi = 0.281*[#   1]+0.281*[#   5]+0.105*[#   3]+0.105*[#   4]+0.105*[#   7]
          +0.105*[#   8]
    |psi|^2 = 0.983
==== e(   2) =   -13.65870 eV ==== 
     psi = 0.182*[#   3]+0.182*[#   4]+0.182*[#   7]+0.182*[#   8]+0.133*[#   1]
          +0.133*[#   5]
    |psi|^2 = 0.995
==== e(   3) =   -12.06895 eV ==== 
     psi = 0.230*[#   3]+0.230*[#   4]+0.230*[#   7]+0.230*[#   8]+0.035*[#   1]
          +0.035*[#   5]
    |psi|^2 = 0.989
==== e(   4) =    -8.23727 eV ==== 
     psi = 0.497*[#   2]+0.497*[#   6]
    |psi|^2 = 0.994
==== e(   5) =     0.12071 eV ==== 
     psi = 0.488*[#   2]+0.488*[#   6]
    |psi|^2 = 0.975
==== e(   6) =     3.36504 eV ==== 
     psi = 0.004*[#   3]+0.004*[#   4]+0.004*[#   7]+0.004*[#   8]
    |psi|^2 = 0.016
==== e(   7) =     4.24075 eV ==== 
     psi = 0.001*[#   2]+0.001*[#   6]
    |psi|^2 = 0.002
==== e(   8) =     6.09851 eV ==== 
     psi = 0.006*[#   1]+0.006*[#   5]+0.002*[#   3]+0.002*[#   4]+0.002*[#   7]
          +0.002*[#   8]
    |psi|^2 = 0.020

 k =   0.1969696970  0.3936479108  0.0000000000
==== e(   1) =   -20.42878 eV ==== 
     psi = 0.275*[#   1]+0.275*[#   5]+0.108*[#   3]+0.108*[#   4]+0.108*[#   7]
          +0.108*[#   8]
    |psi|^2 = 0.983
==== e(   2) =   -13.95762 eV ==== 
     psi = 0.180*[#   3]+0.180*[#   4]+0.180*[#   7]+0.180*[#   8]+0.138*[#   1]
          +0.138*[#   5]
    |psi|^2 = 0.995
==== e(   3) =   -12.24994 eV ==== 
     psi = 0.229*[#   3]+0.229*[#   4]+0.229*[#   7]+0.229*[#   8]+0.036*[#   1]
          +0.036*[#   5]
    |psi|^2 = 0.989
==== e(   4) =    -7.98779 eV ==== 
     psi = 0.497*[#   2]+0.497*[#   6]
    |psi|^2 = 0.995
==== e(   5) =    -0.21778 eV ==== 
     psi = 0.488*[#   2]+0.488*[#   6]
    |psi|^2 = 0.976
==== e(   6) =     3.68387 eV ==== 
     psi = 0.003*[#   3]+0.003*[#   4]+0.003*[#   7]+0.003*[#   8]
    |psi|^2 = 0.013
==== e(   7) =     4.54679 eV ==== 

    |psi|^2 = 0.002
==== e(   8) =     6.40854 eV ==== 
     psi = 0.017*[#   1]+0.017*[#   5]+0.006*[#   3]+0.006*[#   4]+0.006*[#   7]
          +0.006*[#   8]
    |psi|^2 = 0.058

 k =   0.1969696970  0.4111433735  0.0000000000
==== e(   1) =   -20.19382 eV ==== 
     psi = 0.270*[#   1]+0.270*[#   5]+0.111*[#   3]+0.111*[#   4]+0.111*[#   7]
          +0.111*[#   8]
    |psi|^2 = 0.984
==== e(   2) =   -14.26877 eV ==== 
     psi = 0.177*[#   3]+0.177*[#   4]+0.177*[#   7]+0.177*[#   8]+0.142*[#   1]
          +0.142*[#   5]
    |psi|^2 = 0.994
==== e(   3) =   -12.40858 eV ==== 
     psi = 0.229*[#   3]+0.229*[#   4]+0.229*[#   7]+0.229*[#   8]+0.038*[#   1]
          +0.038*[#   5]
    |psi|^2 = 0.990
==== e(   4) =    -7.73210 eV ==== 
     psi = 0.498*[#   2]+0.498*[#   6]
    |psi|^2 = 0.995
==== e(   5) =    -0.55641 eV ==== 
     psi = 0.488*[#   2]+0.488*[#   6]
    |psi|^2 = 0.976
==== e(   6) =     4.01625 eV ==== 
     psi = 0.003*[#   3]+0.003*[#   4]+0.003*[#   7]+0.003*[#   8]
    |psi|^2 = 0.011
==== e(   7) =     4.86214 eV ==== 

    |psi|^2 = 0.002
==== e(   8) =     6.67295 eV ==== 
     psi = 0.100*[#   1]+0.100*[#   5]+0.043*[#   3]+0.043*[#   4]+0.043*[#   7]
          +0.043*[#   8]
    |psi|^2 = 0.371

 k =   0.1969696970  0.4286388362  0.0000000000
==== e(   1) =   -19.95048 eV ==== 
     psi = 0.265*[#   1]+0.265*[#   5]+0.114*[#   3]+0.114*[#   4]+0.114*[#   7]
          +0.114*[#   8]
    |psi|^2 = 0.984
==== e(   2) =   -14.58893 eV ==== 
     psi = 0.175*[#   3]+0.175*[#   4]+0.175*[#   7]+0.175*[#   8]+0.146*[#   1]
          +0.146*[#   5]
    |psi|^2 = 0.993
==== e(   3) =   -12.54637 eV ==== 
     psi = 0.228*[#   3]+0.228*[#   4]+0.228*[#   7]+0.228*[#   8]+0.039*[#   1]
          +0.039*[#   5]
    |psi|^2 = 0.990
==== e(   4) =    -7.47173 eV ==== 
     psi = 0.498*[#   2]+0.498*[#   6]
    |psi|^2 = 0.996
==== e(   5) =    -0.89319 eV ==== 
     psi = 0.488*[#   2]+0.488*[#   6]
    |psi|^2 = 0.976
==== e(   6) =     4.36188 eV ==== 
     psi = 0.002*[#   3]+0.002*[#   4]+0.002*[#   7]+0.002*[#   8]
    |psi|^2 = 0.010
==== e(   7) =     5.18474 eV ==== 

    |psi|^2 = 0.001
==== e(   8) =     6.73264 eV ==== 
     psi = 0.207*[#   1]+0.207*[#   5]+0.085*[#   3]+0.085*[#   4]+0.085*[#   7]
          +0.085*[#   8]
    |psi|^2 = 0.752

 k =   0.1969696970  0.4461342989  0.0000000000
==== e(   1) =   -19.69929 eV ==== 
     psi = 0.260*[#   1]+0.260*[#   5]+0.116*[#   3]+0.116*[#   4]+0.116*[#   7]
          +0.116*[#   8]
    |psi|^2 = 0.985
==== e(   2) =   -14.91476 eV ==== 
     psi = 0.173*[#   3]+0.173*[#   4]+0.173*[#   7]+0.173*[#   8]+0.149*[#   1]
          +0.149*[#   5]
    |psi|^2 = 0.993
==== e(   3) =   -12.66502 eV ==== 
     psi = 0.227*[#   3]+0.227*[#   4]+0.227*[#   7]+0.227*[#   8]+0.040*[#   1]
          +0.040*[#   5]
    |psi|^2 = 0.990
==== e(   4) =    -7.20875 eV ==== 
     psi = 0.498*[#   2]+0.498*[#   6]
    |psi|^2 = 0.996
==== e(   5) =    -1.22557 eV ==== 
     psi = 0.488*[#   2]+0.488*[#   6]
    |psi|^2 = 0.977
==== e(   6) =     4.72036 eV ==== 
     psi = 0.002*[#   3]+0.002*[#   4]+0.002*[#   7]+0.002*[#   8]+0.001*[#   1]
          +0.001*[#   5]
    |psi|^2 = 0.009
==== e(   7) =     5.51147 eV ==== 

    |psi|^2 = 0.002
==== e(   8) =     6.71320 eV ==== 
     psi = 0.229*[#   1]+0.229*[#   5]+0.086*[#   3]+0.086*[#   4]+0.086*[#   7]
          +0.086*[#   8]
    |psi|^2 = 0.800

 k =   0.1969696970  0.4636297616  0.0000000000
==== e(   1) =   -19.44100 eV ==== 
     psi = 0.256*[#   1]+0.256*[#   5]+0.118*[#   3]+0.118*[#   4]+0.118*[#   7]
          +0.118*[#   8]
    |psi|^2 = 0.986
==== e(   2) =   -15.24303 eV ==== 
     psi = 0.172*[#   3]+0.172*[#   4]+0.172*[#   7]+0.172*[#   8]+0.152*[#   1]
          +0.152*[#   5]
    |psi|^2 = 0.992
==== e(   3) =   -12.76607 eV ==== 
     psi = 0.227*[#   3]+0.227*[#   4]+0.227*[#   7]+0.227*[#   8]+0.042*[#   1]
          +0.042*[#   5]
    |psi|^2 = 0.990
==== e(   4) =    -6.94602 eV ==== 
     psi = 0.498*[#   2]+0.498*[#   6]
    |psi|^2 = 0.996
==== e(   5) =    -1.55027 eV ==== 
     psi = 0.488*[#   2]+0.488*[#   6]
    |psi|^2 = 0.977
==== e(   6) =     5.09110 eV ==== 
     psi = 0.002*[#   1]+0.002*[#   5]+0.001*[#   3]+0.001*[#   4]+0.001*[#   7]
          +0.001*[#   8]
    |psi|^2 = 0.009
==== e(   7) =     5.83752 eV ==== 
     psi = 0.001*[#   2]+0.001*[#   6]
    |psi|^2 = 0.002
==== e(   8) =     6.68354 eV ==== 
     psi = 0.239*[#   1]+0.239*[#   5]+0.083*[#   3]+0.083*[#   4]+0.083*[#   7]
          +0.083*[#   8]
    |psi|^2 = 0.811

 k =   0.1969696970  0.4811252243  0.0000000000
==== e(   1) =   -19.17674 eV ==== 
     psi = 0.253*[#   1]+0.253*[#   5]+0.120*[#   3]+0.120*[#   4]+0.120*[#   7]
          +0.120*[#   8]
    |psi|^2 = 0.987
==== e(   2) =   -15.57055 eV ==== 
     psi = 0.171*[#   3]+0.171*[#   4]+0.171*[#   7]+0.171*[#   8]+0.154*[#   1]
          +0.154*[#   5]
    |psi|^2 = 0.991
==== e(   3) =   -12.85078 eV ==== 
     psi = 0.226*[#   3]+0.226*[#   4]+0.226*[#   7]+0.226*[#   8]+0.043*[#   1]
          +0.043*[#   5]
    |psi|^2 = 0.990
==== e(   4) =    -6.68756 eV ==== 
     psi = 0.498*[#   2]+0.498*[#   6]
    |psi|^2 = 0.996
==== e(   5) =    -1.86278 eV ==== 
     psi = 0.488*[#   2]+0.488*[#   6]
    |psi|^2 = 0.977
==== e(   6) =     5.47310 eV ==== 
     psi = 0.004*[#   1]+0.004*[#   5]
    |psi|^2 = 0.012
==== e(   7) =     6.15538 eV ==== 
     psi = 0.001*[#   2]+0.001*[#   6]
    |psi|^2 = 0.003
==== e(   8) =     6.65423 eV ==== 
     psi = 0.246*[#   1]+0.246*[#   5]+0.080*[#   3]+0.080*[#   4]+0.080*[#   7]
          +0.080*[#   8]
    |psi|^2 = 0.812

 k =   0.1969696970  0.4986206870  0.0000000000
==== e(   1) =   -18.90840 eV ==== 
     psi = 0.251*[#   1]+0.251*[#   5]+0.121*[#   3]+0.121*[#   4]+0.121*[#   7]
          +0.121*[#   8]
    |psi|^2 = 0.987
==== e(   2) =   -15.89379 eV ==== 
     psi = 0.170*[#   3]+0.170*[#   4]+0.170*[#   7]+0.170*[#   8]+0.156*[#   1]
          +0.156*[#   5]
    |psi|^2 = 0.990
==== e(   3) =   -12.92014 eV ==== 
     psi = 0.226*[#   3]+0.226*[#   4]+0.226*[#   7]+0.226*[#   8]+0.043*[#   1]
          +0.043*[#   5]
    |psi|^2 = 0.990
==== e(   4) =    -6.43928 eV ==== 
     psi = 0.498*[#   2]+0.498*[#   6]
    |psi|^2 = 0.997
==== e(   5) =    -2.15681 eV ==== 
     psi = 0.488*[#   2]+0.488*[#   6]
    |psi|^2 = 0.977
==== e(   6) =     5.86419 eV ==== 
     psi = 0.008*[#   1]+0.008*[#   5]+0.001*[#   3]+0.001*[#   4]+0.001*[#   7]
          +0.001*[#   8]
    |psi|^2 = 0.021
==== e(   7) =     6.45355 eV ==== 
     psi = 0.002*[#   2]+0.002*[#   6]
    |psi|^2 = 0.004
==== e(   8) =     6.62992 eV ==== 
     psi = 0.248*[#   1]+0.248*[#   5]+0.077*[#   3]+0.077*[#   4]+0.077*[#   7]
          +0.077*[#   8]
    |psi|^2 = 0.806

 k =   0.1969696970  0.5161161497  0.0000000000
==== e(   1) =   -18.63944 eV ==== 
     psi = 0.251*[#   1]+0.251*[#   5]+0.122*[#   3]+0.122*[#   4]+0.122*[#   7]
          +0.122*[#   8]
    |psi|^2 = 0.989
==== e(   2) =   -16.20803 eV ==== 
     psi = 0.170*[#   3]+0.170*[#   4]+0.170*[#   7]+0.170*[#   8]+0.155*[#   1]
          +0.155*[#   5]
    |psi|^2 = 0.989
==== e(   3) =   -12.97489 eV ==== 
     psi = 0.226*[#   3]+0.226*[#   4]+0.226*[#   7]+0.226*[#   8]+0.044*[#   1]
          +0.044*[#   5]
    |psi|^2 = 0.991
==== e(   4) =    -6.20987 eV ==== 
     psi = 0.498*[#   2]+0.498*[#   6]
    |psi|^2 = 0.997
==== e(   5) =    -2.42330 eV ==== 
     psi = 0.488*[#   2]+0.488*[#   6]
    |psi|^2 = 0.976
==== e(   6) =     6.25531 eV ==== 
     psi = 0.027*[#   1]+0.027*[#   5]+0.005*[#   3]+0.005*[#   4]+0.005*[#   7]
          +0.005*[#   8]
    |psi|^2 = 0.072
==== e(   7) =     6.62004 eV ==== 
     psi = 0.235*[#   1]+0.235*[#   5]+0.072*[#   3]+0.072*[#   4]+0.072*[#   7]
          +0.072*[#   8]
    |psi|^2 = 0.757
==== e(   8) =     6.71576 eV ==== 
     psi = 0.003*[#   2]+0.003*[#   6]
    |psi|^2 = 0.006

 k =   0.1969696970  0.5336116124  0.0000000000
==== e(   1) =   -18.37727 eV ==== 
     psi = 0.254*[#   1]+0.254*[#   5]+0.120*[#   3]+0.120*[#   4]+0.120*[#   7]
          +0.120*[#   8]
    |psi|^2 = 0.990
==== e(   2) =   -16.50491 eV ==== 
     psi = 0.171*[#   3]+0.171*[#   4]+0.171*[#   7]+0.171*[#   8]+0.152*[#   1]
          +0.152*[#   5]
    |psi|^2 = 0.988
==== e(   3) =   -13.01554 eV ==== 
     psi = 0.225*[#   3]+0.225*[#   4]+0.225*[#   7]+0.225*[#   8]+0.045*[#   1]
          +0.045*[#   5]
    |psi|^2 = 0.991
==== e(   4) =    -6.01195 eV ==== 
     psi = 0.498*[#   2]+0.498*[#   6]
    |psi|^2 = 0.997
==== e(   5) =    -2.64930 eV ==== 
     psi = 0.488*[#   2]+0.488*[#   6]
    |psi|^2 = 0.976
==== e(   6) =     6.52385 eV ==== 
     psi = 0.214*[#   1]+0.214*[#   5]+0.055*[#   3]+0.055*[#   4]+0.055*[#   7]
          +0.055*[#   8]
    |psi|^2 = 0.648
==== e(   7) =     6.74621 eV ==== 
     psi = 0.053*[#   1]+0.053*[#   5]+0.020*[#   3]+0.020*[#   4]+0.020*[#   7]
          +0.020*[#   8]
    |psi|^2 = 0.185
==== e(   8) =     6.92347 eV ==== 
     psi = 0.004*[#   2]+0.004*[#   6]
    |psi|^2 = 0.008

 k =   0.1969696970  0.5511070751  0.0000000000
==== e(   1) =   -18.14034 eV ==== 
     psi = 0.263*[#   1]+0.263*[#   5]+0.117*[#   3]+0.117*[#   4]+0.117*[#   7]
          +0.117*[#   8]
    |psi|^2 = 0.991
==== e(   2) =   -16.76533 eV ==== 
     psi = 0.175*[#   3]+0.175*[#   4]+0.175*[#   7]+0.175*[#   8]+0.143*[#   1]
          +0.143*[#   5]
    |psi|^2 = 0.986
==== e(   3) =   -13.04246 eV ==== 
     psi = 0.225*[#   3]+0.225*[#   4]+0.225*[#   7]+0.225*[#   8]+0.045*[#   1]
          +0.045*[#   5]
    |psi|^2 = 0.991
==== e(   4) =    -5.86262 eV ==== 
     psi = 0.499*[#   2]+0.499*[#   6]
    |psi|^2 = 0.997
==== e(   5) =    -2.81750 eV ==== 
     psi = 0.488*[#   2]+0.488*[#   6]
    |psi|^2 = 0.976
==== e(   6) =     6.54631 eV ==== 
     psi = 0.262*[#   1]+0.262*[#   5]+0.070*[#   3]+0.070*[#   4]+0.070*[#   7]
          +0.070*[#   8]
    |psi|^2 = 0.806
==== e(   7) =     7.06313 eV ==== 
     psi = 0.005*[#   2]+0.005*[#   6]
    |psi|^2 = 0.010
==== e(   8) =     7.12875 eV ==== 
     psi = 0.009*[#   1]+0.009*[#   5]+0.004*[#   3]+0.004*[#   4]+0.004*[#   7]
          +0.004*[#   8]
    |psi|^2 = 0.033

 k =   0.1969696970  0.5686025378  0.0000000000
==== e(   1) =   -17.97834 eV ==== 
     psi = 0.275*[#   1]+0.275*[#   5]+0.111*[#   3]+0.111*[#   4]+0.111*[#   7]
          +0.111*[#   8]
    |psi|^2 = 0.993
==== e(   2) =   -16.93918 eV ==== 
     psi = 0.181*[#   3]+0.181*[#   4]+0.181*[#   7]+0.181*[#   8]+0.130*[#   1]
          +0.130*[#   5]
    |psi|^2 = 0.984
==== e(   3) =   -13.05586 eV ==== 
     psi = 0.225*[#   3]+0.225*[#   4]+0.225*[#   7]+0.225*[#   8]+0.045*[#   1]
          +0.045*[#   5]
    |psi|^2 = 0.991
==== e(   4) =    -5.78104 eV ==== 
     psi = 0.499*[#   2]+0.499*[#   6]
    |psi|^2 = 0.997
==== e(   5) =    -2.90856 eV ==== 
     psi = 0.488*[#   2]+0.488*[#   6]
    |psi|^2 = 0.976
==== e(   6) =     6.54517 eV ==== 
     psi = 0.266*[#   1]+0.266*[#   5]+0.071*[#   3]+0.071*[#   4]+0.071*[#   7]
          +0.071*[#   8]
    |psi|^2 = 0.817
==== e(   7) =     7.13167 eV ==== 
     psi = 0.006*[#   2]+0.006*[#   6]
    |psi|^2 = 0.012
==== e(   8) =     7.53018 eV ==== 
     psi = 0.011*[#   1]+0.011*[#   5]+0.003*[#   3]+0.003*[#   4]+0.003*[#   7]
          +0.003*[#   8]
    |psi|^2 = 0.036

 k =   0.2121212121  0.3674047168  0.0000000000
==== e(   1) =   -20.66015 eV ==== 
     psi = 0.281*[#   1]+0.281*[#   5]+0.105*[#   3]+0.105*[#   4]+0.105*[#   7]
          +0.105*[#   8]
    |psi|^2 = 0.983
==== e(   2) =   -13.61681 eV ==== 
     psi = 0.182*[#   3]+0.182*[#   4]+0.182*[#   7]+0.182*[#   8]+0.134*[#   1]
          +0.134*[#   5]
    |psi|^2 = 0.995
==== e(   3) =   -12.10850 eV ==== 
     psi = 0.230*[#   3]+0.230*[#   4]+0.230*[#   7]+0.230*[#   8]+0.034*[#   1]
          +0.034*[#   5]
    |psi|^2 = 0.989
==== e(   4) =    -8.24232 eV ==== 
     psi = 0.497*[#   2]+0.497*[#   6]
    |psi|^2 = 0.994
==== e(   5) =     0.13488 eV ==== 
     psi = 0.488*[#   2]+0.488*[#   6]
    |psi|^2 = 0.976
==== e(   6) =     3.35783 eV ==== 
     psi = 0.004*[#   3]+0.004*[#   4]+0.004*[#   7]+0.004*[#   8]
    |psi|^2 = 0.016
==== e(   7) =     4.23227 eV ==== 
     psi = 0.001*[#   2]+0.001*[#   6]
    |psi|^2 = 0.002
==== e(   8) =     6.09433 eV ==== 
     psi = 0.004*[#   1]+0.004*[#   5]+0.001*[#   3]+0.001*[#   4]+0.001*[#   7]
          +0.001*[#   8]
    |psi|^2 = 0.014

 k =   0.2121212121  0.3849001795  0.0000000000
==== e(   1) =   -20.43909 eV ==== 
     psi = 0.275*[#   1]+0.275*[#   5]+0.108*[#   3]+0.108*[#   4]+0.108*[#   7]
          +0.108*[#   8]
    |psi|^2 = 0.983
==== e(   2) =   -13.87531 eV ==== 
     psi = 0.179*[#   3]+0.179*[#   4]+0.179*[#   7]+0.179*[#   8]+0.139*[#   1]
          +0.139*[#   5]
    |psi|^2 = 0.995
==== e(   3) =   -12.32916 eV ==== 
     psi = 0.230*[#   3]+0.230*[#   4]+0.230*[#   7]+0.230*[#   8]+0.035*[#   1]
          +0.035*[#   5]
    |psi|^2 = 0.989
==== e(   4) =    -7.99734 eV ==== 
     psi = 0.497*[#   2]+0.497*[#   6]
    |psi|^2 = 0.995
==== e(   5) =    -0.19048 eV ==== 
     psi = 0.488*[#   2]+0.488*[#   6]
    |psi|^2 = 0.977
==== e(   6) =     3.66948 eV ==== 
     psi = 0.003*[#   3]+0.003*[#   4]+0.003*[#   7]+0.003*[#   8]
    |psi|^2 = 0.013
==== e(   7) =     4.52957 eV ==== 

    |psi|^2 = 0.002
==== e(   8) =     6.40663 eV ==== 
     psi = 0.006*[#   1]+0.006*[#   5]+0.002*[#   3]+0.002*[#   4]+0.002*[#   7]
          +0.002*[#   8]
    |psi|^2 = 0.021

 k =   0.2121212121  0.4023956422  0.0000000000
==== e(   1) =   -20.20917 eV ==== 
     psi = 0.270*[#   1]+0.270*[#   5]+0.111*[#   3]+0.111*[#   4]+0.111*[#   7]
          +0.111*[#   8]
    |psi|^2 = 0.984
==== e(   2) =   -14.15035 eV ==== 
     psi = 0.177*[#   3]+0.177*[#   4]+0.177*[#   7]+0.177*[#   8]+0.144*[#   1]
          +0.144*[#   5]
    |psi|^2 = 0.995
==== e(   3) =   -12.52456 eV ==== 
     psi = 0.229*[#   3]+0.229*[#   4]+0.229*[#   7]+0.229*[#   8]+0.036*[#   1]
          +0.036*[#   5]
    |psi|^2 = 0.989
==== e(   4) =    -7.74543 eV ==== 
     psi = 0.498*[#   2]+0.498*[#   6]
    |psi|^2 = 0.995
==== e(   5) =    -0.51738 eV ==== 
     psi = 0.489*[#   2]+0.489*[#   6]
    |psi|^2 = 0.978
==== e(   6) =     3.99472 eV ==== 
     psi = 0.003*[#   3]+0.003*[#   4]+0.003*[#   7]+0.003*[#   8]
    |psi|^2 = 0.011
==== e(   7) =     4.83579 eV ==== 

    |psi|^2 = 0.001
==== e(   8) =     6.72608 eV ==== 
     psi = 0.014*[#   1]+0.014*[#   5]+0.005*[#   3]+0.005*[#   4]+0.005*[#   7]
          +0.005*[#   8]
    |psi|^2 = 0.050

 k =   0.2121212121  0.4198911049  0.0000000000
==== e(   1) =   -19.97074 eV ==== 
     psi = 0.265*[#   1]+0.265*[#   5]+0.114*[#   3]+0.114*[#   4]+0.114*[#   7]
          +0.114*[#   8]
    |psi|^2 = 0.984
==== e(   2) =   -14.44033 eV ==== 
     psi = 0.174*[#   3]+0.174*[#   4]+0.174*[#   7]+0.174*[#   8]+0.149*[#   1]
          +0.149*[#   5]
    |psi|^2 = 0.994
==== e(   3) =   -12.69448 eV ==== 
     psi = 0.229*[#   3]+0.229*[#   4]+0.229*[#   7]+0.229*[#   8]+0.037*[#   1]
          +0.037*[#   5]
    |psi|^2 = 0.989
==== e(   4) =    -7.48785 eV ==== 
     psi = 0.498*[#   2]+0.498*[#   6]
    |psi|^2 = 0.996
==== e(   5) =    -0.84424 eV ==== 
     psi = 0.489*[#   2]+0.489*[#   6]
    |psi|^2 = 0.979
==== e(   6) =     4.33326 eV ==== 
     psi = 0.002*[#   3]+0.002*[#   4]+0.002*[#   7]+0.002*[#   8]
    |psi|^2 = 0.010
==== e(   7) =     5.14862 eV ==== 

    |psi|^2 = 0.001
==== e(   8) =     7.01957 eV ==== 
     psi = 0.069*[#   1]+0.069*[#   5]+0.030*[#   3]+0.030*[#   4]+0.030*[#   7]
          +0.030*[#   8]
    |psi|^2 = 0.257

 k =   0.2121212121  0.4373865676  0.0000000000
==== e(   1) =   -19.72428 eV ==== 
     psi = 0.260*[#   1]+0.260*[#   5]+0.116*[#   3]+0.116*[#   4]+0.116*[#   7]
          +0.116*[#   8]
    |psi|^2 = 0.985
==== e(   2) =   -14.74226 eV ==== 
     psi = 0.172*[#   3]+0.172*[#   4]+0.172*[#   7]+0.172*[#   8]+0.152*[#   1]
          +0.152*[#   5]
    |psi|^2 = 0.994
==== e(   3) =   -12.84020 eV ==== 
     psi = 0.228*[#   3]+0.228*[#   4]+0.228*[#   7]+0.228*[#   8]+0.039*[#   1]
          +0.039*[#   5]
    |psi|^2 = 0.989
==== e(   4) =    -7.22627 eV ==== 
     psi = 0.498*[#   2]+0.498*[#   6]
    |psi|^2 = 0.996
==== e(   5) =    -1.16906 eV ==== 
     psi = 0.490*[#   2]+0.490*[#   6]
    |psi|^2 = 0.979
==== e(   6) =     4.68477 eV ==== 
     psi = 0.002*[#   3]+0.002*[#   4]+0.002*[#   7]+0.002*[#   8]
    |psi|^2 = 0.009
==== e(   7) =     5.46455 eV ==== 

    |psi|^2 = 0.001
==== e(   8) =     7.12277 eV ==== 
     psi = 0.194*[#   1]+0.194*[#   5]+0.081*[#   3]+0.081*[#   4]+0.081*[#   7]
          +0.081*[#   8]
    |psi|^2 = 0.712

 k =   0.2121212121  0.4548820303  0.0000000000
==== e(   1) =   -19.47040 eV ==== 
     psi = 0.256*[#   1]+0.256*[#   5]+0.118*[#   3]+0.118*[#   4]+0.118*[#   7]
          +0.118*[#   8]
    |psi|^2 = 0.986
==== e(   2) =   -15.05245 eV ==== 
     psi = 0.171*[#   3]+0.171*[#   4]+0.171*[#   7]+0.171*[#   8]+0.155*[#   1]
          +0.155*[#   5]
    |psi|^2 = 0.993
==== e(   3) =   -12.96368 eV ==== 
     psi = 0.227*[#   3]+0.227*[#   4]+0.227*[#   7]+0.227*[#   8]+0.040*[#   1]
          +0.040*[#   5]
    |psi|^2 = 0.989
==== e(   4) =    -6.96298 eV ==== 
     psi = 0.498*[#   2]+0.498*[#   6]
    |psi|^2 = 0.996
==== e(   5) =    -1.48923 eV ==== 
     psi = 0.490*[#   2]+0.490*[#   6]
    |psi|^2 = 0.979
==== e(   6) =     5.04874 eV ==== 
     psi = 0.002*[#   1]+0.002*[#   5]+0.001*[#   3]+0.001*[#   4]+0.001*[#   7]
          +0.001*[#   8]
    |psi|^2 = 0.009
==== e(   7) =     5.77823 eV ==== 

    |psi|^2 = 0.001
==== e(   8) =     7.11042 eV ==== 
     psi = 0.222*[#   1]+0.222*[#   5]+0.084*[#   3]+0.084*[#   4]+0.084*[#   7]
          +0.084*[#   8]
    |psi|^2 = 0.780

 k =   0.2121212121  0.4723774930  0.0000000000
==== e(   1) =   -19.21004 eV ==== 
     psi = 0.252*[#   1]+0.252*[#   5]+0.120*[#   3]+0.120*[#   4]+0.120*[#   7]
          +0.120*[#   8]
    |psi|^2 = 0.986
==== e(   2) =   -15.36709 eV ==== 
     psi = 0.169*[#   3]+0.169*[#   4]+0.169*[#   7]+0.169*[#   8]+0.158*[#   1]
          +0.158*[#   5]
    |psi|^2 = 0.992
==== e(   3) =   -13.06693 eV ==== 
     psi = 0.226*[#   3]+0.226*[#   4]+0.226*[#   7]+0.226*[#   8]+0.042*[#   1]
          +0.042*[#   5]
    |psi|^2 = 0.989
==== e(   4) =    -6.70116 eV ==== 
     psi = 0.498*[#   2]+0.498*[#   6]
    |psi|^2 = 0.996
==== e(   5) =    -1.80120 eV ==== 
     psi = 0.490*[#   2]+0.490*[#   6]
    |psi|^2 = 0.980
==== e(   6) =     5.42446 eV ==== 
     psi = 0.003*[#   1]+0.003*[#   5]+0.001*[#   3]+0.001*[#   4]+0.001*[#   7]
          +0.001*[#   8]
    |psi|^2 = 0.010
==== e(   7) =     6.08139 eV ==== 

    |psi|^2 = 0.002
==== e(   8) =     7.08270 eV ==== 
     psi = 0.233*[#   1]+0.233*[#   5]+0.082*[#   3]+0.082*[#   4]+0.082*[#   7]
          +0.082*[#   8]
    |psi|^2 = 0.793

 k =   0.2121212121  0.4898729557  0.0000000000
==== e(   1) =   -18.94464 eV ==== 
     psi = 0.250*[#   1]+0.250*[#   5]+0.122*[#   3]+0.122*[#   4]+0.122*[#   7]
          +0.122*[#   8]
    |psi|^2 = 0.987
==== e(   2) =   -15.68219 eV ==== 
     psi = 0.168*[#   3]+0.168*[#   4]+0.168*[#   7]+0.168*[#   8]+0.159*[#   1]
          +0.159*[#   5]
    |psi|^2 = 0.991
==== e(   3) =   -13.15172 eV ==== 
     psi = 0.226*[#   3]+0.226*[#   4]+0.226*[#   7]+0.226*[#   8]+0.043*[#   1]
          +0.043*[#   5]
    |psi|^2 = 0.990
==== e(   4) =    -6.44546 eV ==== 
     psi = 0.498*[#   2]+0.498*[#   6]
    |psi|^2 = 0.996
==== e(   5) =    -2.10002 eV ==== 
     psi = 0.490*[#   2]+0.490*[#   6]
    |psi|^2 = 0.980
==== e(   6) =     5.81078 eV ==== 
     psi = 0.005*[#   1]+0.005*[#   5]
    |psi|^2 = 0.013
==== e(   7) =     6.36174 eV ==== 
     psi = 0.001*[#   2]+0.001*[#   6]
    |psi|^2 = 0.003
==== e(   8) =     7.05456 eV ==== 
     psi = 0.239*[#   1]+0.239*[#   5]+0.079*[#   3]+0.079*[#   4]+0.079*[#   7]
          +0.079*[#   8]
    |psi|^2 = 0.796

 k =   0.2121212121  0.5073684184  0.0000000000
==== e(   1) =   -18.67669 eV ==== 
     psi = 0.248*[#   1]+0.248*[#   5]+0.123*[#   3]+0.123*[#   4]+0.123*[#   7]
          +0.123*[#   8]
    |psi|^2 = 0.988
==== e(   2) =   -15.99325 eV ==== 
     psi = 0.168*[#   3]+0.168*[#   4]+0.168*[#   7]+0.168*[#   8]+0.160*[#   1]
          +0.160*[#   5]
    |psi|^2 = 0.990
==== e(   3) =   -13.21945 eV ==== 
     psi = 0.225*[#   3]+0.225*[#   4]+0.225*[#   7]+0.225*[#   8]+0.044*[#   1]
          +0.044*[#   5]
    |psi|^2 = 0.990
==== e(   4) =    -6.20281 eV ==== 
     psi = 0.498*[#   2]+0.498*[#   6]
    |psi|^2 = 0.996
==== e(   5) =    -2.37844 eV ==== 
     psi = 0.490*[#   2]+0.490*[#   6]
    |psi|^2 = 0.980
==== e(   6) =     6.20540 eV ==== 
     psi = 0.009*[#   1]+0.009*[#   5]+0.001*[#   3]+0.001*[#   4]+0.001*[#   7]
          +0.001*[#   8]
    |psi|^2 = 0.023
==== e(   7) =     6.60334 eV ==== 
     psi = 0.002*[#   2]+0.002*[#   6]
    |psi|^2 = 0.004
==== e(   8) =     7.03121 eV ==== 
     psi = 0.242*[#   1]+0.242*[#   5]+0.077*[#   3]+0.077*[#   4]+0.077*[#   7]
          +0.077*[#   8]
    |psi|^2 = 0.790

 k =   0.2121212121  0.5248638811  0.0000000000
==== e(   1) =   -18.41110 eV ==== 
     psi = 0.249*[#   1]+0.249*[#   5]+0.123*[#   3]+0.123*[#   4]+0.123*[#   7]
          +0.123*[#   8]
    |psi|^2 = 0.989
==== e(   2) =   -16.29381 eV ==== 
     psi = 0.168*[#   3]+0.168*[#   4]+0.168*[#   7]+0.168*[#   8]+0.158*[#   1]
          +0.158*[#   5]
    |psi|^2 = 0.989
==== e(   3) =   -13.27118 eV ==== 
     psi = 0.225*[#   3]+0.225*[#   4]+0.225*[#   7]+0.225*[#   8]+0.045*[#   1]
          +0.045*[#   5]
    |psi|^2 = 0.990
==== e(   4) =    -5.98363 eV ==== 
     psi = 0.498*[#   2]+0.498*[#   6]
    |psi|^2 = 0.997
==== e(   5) =    -2.62575 eV ==== 
     psi = 0.490*[#   2]+0.490*[#   6]
    |psi|^2 = 0.979
==== e(   6) =     6.60071 eV ==== 
     psi = 0.023*[#   1]+0.023*[#   5]+0.004*[#   3]+0.004*[#   4]+0.004*[#   7]
          +0.004*[#   8]
    |psi|^2 = 0.064
==== e(   7) =     6.79086 eV ==== 
     psi = 0.003*[#   2]+0.003*[#   6]
    |psi|^2 = 0.006
==== e(   8) =     7.02029 eV ==== 
     psi = 0.232*[#   1]+0.232*[#   5]+0.072*[#   3]+0.072*[#   4]+0.072*[#   7]
          +0.072*[#   8]
    |psi|^2 = 0.753

 k =   0.2121212121  0.5423593438  0.0000000000
==== e(   1) =   -18.15918 eV ==== 
     psi = 0.254*[#   1]+0.254*[#   5]+0.121*[#   3]+0.121*[#   4]+0.121*[#   7]
          +0.121*[#   8]
    |psi|^2 = 0.991
==== e(   2) =   -16.57146 eV ==== 
     psi = 0.171*[#   3]+0.171*[#   4]+0.171*[#   7]+0.171*[#   8]+0.153*[#   1]
          +0.153*[#   5]
    |psi|^2 = 0.988
==== e(   3) =   -13.30765 eV ==== 
     psi = 0.225*[#   3]+0.225*[#   4]+0.225*[#   7]+0.225*[#   8]+0.045*[#   1]
          +0.045*[#   5]
    |psi|^2 = 0.990
==== e(   4) =    -5.80318 eV ==== 
     psi = 0.498*[#   2]+0.498*[#   6]
    |psi|^2 = 0.997
==== e(   5) =    -2.82647 eV ==== 
     psi = 0.490*[#   2]+0.490*[#   6]
    |psi|^2 = 0.979
==== e(   6) =     6.90958 eV ==== 
     psi = 0.180*[#   1]+0.180*[#   5]+0.047*[#   3]+0.047*[#   4]+0.047*[#   7]
          +0.047*[#   8]
    |psi|^2 = 0.547
==== e(   7) =     6.91755 eV ==== 
     psi = 0.004*[#   2]+0.004*[#   6]
    |psi|^2 = 0.008
==== e(   8) =     7.10678 eV ==== 
     psi = 0.081*[#   1]+0.081*[#   5]+0.029*[#   3]+0.029*[#   4]+0.029*[#   7]
          +0.029*[#   8]
    |psi|^2 = 0.276

 k =   0.2121212121  0.5598548065  0.0000000000
==== e(   1) =   -17.95101 eV ==== 
     psi = 0.265*[#   1]+0.265*[#   5]+0.116*[#   3]+0.116*[#   4]+0.116*[#   7]
          +0.116*[#   8]
    |psi|^2 = 0.992
==== e(   2) =   -16.79534 eV ==== 
     psi = 0.176*[#   3]+0.176*[#   4]+0.176*[#   7]+0.176*[#   8]+0.142*[#   1]
          +0.142*[#   5]
    |psi|^2 = 0.986
==== e(   3) =   -13.32934 eV ==== 
     psi = 0.225*[#   3]+0.225*[#   4]+0.225*[#   7]+0.225*[#   8]+0.046*[#   1]
          +0.046*[#   5]
    |psi|^2 = 0.990
==== e(   4) =    -5.68141 eV ==== 
     psi = 0.499*[#   2]+0.499*[#   6]
    |psi|^2 = 0.997
==== e(   5) =    -2.96047 eV ==== 
     psi = 0.489*[#   2]+0.489*[#   6]
    |psi|^2 = 0.979
==== e(   6) =     6.95121 eV ==== 
     psi = 0.254*[#   1]+0.254*[#   5]+0.070*[#   3]+0.070*[#   4]+0.070*[#   7]
          +0.070*[#   8]
    |psi|^2 = 0.789
==== e(   7) =     6.98776 eV ==== 
     psi = 0.005*[#   2]+0.005*[#   6]
    |psi|^2 = 0.009
==== e(   8) =     7.46428 eV ==== 
     psi = 0.013*[#   1]+0.013*[#   5]+0.005*[#   3]+0.005*[#   4]+0.005*[#   7]
          +0.005*[#   8]
    |psi|^2 = 0.045

 k =   0.2121212121  0.5773502692  0.0000000000
==== e(   1) =   -17.86037 eV ==== 
     psi = 0.273*[#   1]+0.273*[#   5]+0.112*[#   3]+0.112*[#   4]+0.112*[#   7]
          +0.112*[#   8]
    |psi|^2 = 0.993
==== e(   2) =   -16.89127 eV ==== 
     psi = 0.180*[#   3]+0.180*[#   4]+0.180*[#   7]+0.180*[#   8]+0.133*[#   1]
          +0.133*[#   5]
    |psi|^2 = 0.985
==== e(   3) =   -13.33654 eV ==== 
     psi = 0.224*[#   3]+0.224*[#   4]+0.224*[#   7]+0.224*[#   8]+0.046*[#   1]
          +0.046*[#   5]
    |psi|^2 = 0.990
==== e(   4) =    -5.63792 eV ==== 
     psi = 0.499*[#   2]+0.499*[#   6]
    |psi|^2 = 0.997
==== e(   5) =    -3.00805 eV ==== 
     psi = 0.489*[#   2]+0.489*[#   6]
    |psi|^2 = 0.979
==== e(   6) =     6.95296 eV ==== 
     psi = 0.257*[#   1]+0.257*[#   5]+0.072*[#   3]+0.072*[#   4]+0.072*[#   7]
          +0.072*[#   8]
    |psi|^2 = 0.801
==== e(   7) =     7.00988 eV ==== 
     psi = 0.005*[#   2]+0.005*[#   6]
    |psi|^2 = 0.010
==== e(   8) =     7.77068 eV ==== 
     psi = 0.020*[#   1]+0.020*[#   5]+0.005*[#   3]+0.005*[#   4]+0.005*[#   7]
          +0.005*[#   8]
    |psi|^2 = 0.061

 k =   0.2272727273  0.3936479108  0.0000000000
==== e(   1) =   -20.21429 eV ==== 
     psi = 0.270*[#   1]+0.270*[#   5]+0.111*[#   3]+0.111*[#   4]+0.111*[#   7]
          +0.111*[#   8]
    |psi|^2 = 0.984
==== e(   2) =   -14.10662 eV ==== 
     psi = 0.176*[#   3]+0.176*[#   4]+0.176*[#   7]+0.176*[#   8]+0.146*[#   1]
          +0.146*[#   5]
    |psi|^2 = 0.995
==== e(   3) =   -12.56754 eV ==== 
     psi = 0.230*[#   3]+0.230*[#   4]+0.230*[#   7]+0.230*[#   8]+0.035*[#   1]
          +0.035*[#   5]
    |psi|^2 = 0.988
==== e(   4) =    -7.74988 eV ==== 
     psi = 0.498*[#   2]+0.498*[#   6]
    |psi|^2 = 0.995
==== e(   5) =    -0.50419 eV ==== 
     psi = 0.489*[#   2]+0.489*[#   6]
    |psi|^2 = 0.978
==== e(   6) =     3.98753 eV ==== 
     psi = 0.003*[#   3]+0.003*[#   4]+0.003*[#   7]+0.003*[#   8]
    |psi|^2 = 0.011
==== e(   7) =     4.82696 eV ==== 

    |psi|^2 = 0.001
==== e(   8) =     6.72638 eV ==== 
     psi = 0.008*[#   1]+0.008*[#   5]+0.003*[#   3]+0.003*[#   4]+0.003*[#   7]
          +0.003*[#   8]
    |psi|^2 = 0.028

 k =   0.2272727273  0.4111433735  0.0000000000
==== e(   1) =   -19.98088 eV ==== 
     psi = 0.265*[#   1]+0.265*[#   5]+0.114*[#   3]+0.114*[#   4]+0.114*[#   7]
          +0.114*[#   8]
    |psi|^2 = 0.984
==== e(   2) =   -14.35477 eV ==== 
     psi = 0.173*[#   3]+0.173*[#   4]+0.173*[#   7]+0.173*[#   8]+0.151*[#   1]
          +0.151*[#   5]
    |psi|^2 = 0.995
==== e(   3) =   -12.77997 eV ==== 
     psi = 0.229*[#   3]+0.229*[#   4]+0.229*[#   7]+0.229*[#   8]+0.035*[#   1]
          +0.035*[#   5]
    |psi|^2 = 0.988
==== e(   4) =    -7.49595 eV ==== 
     psi = 0.498*[#   2]+0.498*[#   6]
    |psi|^2 = 0.996
==== e(   5) =    -0.81925 eV ==== 
     psi = 0.490*[#   2]+0.490*[#   6]
    |psi|^2 = 0.980
==== e(   6) =     4.31893 eV ==== 
     psi = 0.002*[#   3]+0.002*[#   4]+0.002*[#   7]+0.002*[#   8]
    |psi|^2 = 0.010
==== e(   7) =     5.13039 eV ==== 

    |psi|^2 = 0.001
==== e(   8) =     7.05388 eV ==== 
     psi = 0.014*[#   1]+0.014*[#   5]+0.006*[#   3]+0.006*[#   4]+0.006*[#   7]
          +0.006*[#   8]
    |psi|^2 = 0.051

 k =   0.2272727273  0.4286388362  0.0000000000
==== e(   1) =   -19.73929 eV ==== 
     psi = 0.260*[#   1]+0.260*[#   5]+0.116*[#   3]+0.116*[#   4]+0.116*[#   7]
          +0.116*[#   8]
    |psi|^2 = 0.985
==== e(   2) =   -14.61984 eV ==== 
     psi = 0.171*[#   3]+0.171*[#   4]+0.171*[#   7]+0.171*[#   8]+0.156*[#   1]
          +0.156*[#   5]
    |psi|^2 = 0.994
==== e(   3) =   -12.96453 eV ==== 
     psi = 0.229*[#   3]+0.229*[#   4]+0.229*[#   7]+0.229*[#   8]+0.036*[#   1]
          +0.036*[#   5]
    |psi|^2 = 0.988
==== e(   4) =    -7.23689 eV ==== 
     psi = 0.498*[#   2]+0.498*[#   6]
    |psi|^2 = 0.996
==== e(   5) =    -1.13414 eV ==== 
     psi = 0.490*[#   2]+0.490*[#   6]
    |psi|^2 = 0.981
==== e(   6) =     4.66333 eV ==== 
     psi = 0.002*[#   3]+0.002*[#   4]+0.002*[#   7]+0.002*[#   8]
    |psi|^2 = 0.009
==== e(   7) =     5.43600 eV ==== 

    |psi|^2 = 0.000
==== e(   8) =     7.36553 eV ==== 
     psi = 0.051*[#   1]+0.051*[#   5]+0.023*[#   3]+0.023*[#   4]+0.023*[#   7]
          +0.023*[#   8]
    |psi|^2 = 0.196

 k =   0.2272727273  0.4461342989  0.0000000000
==== e(   1) =   -19.49007 eV ==== 
     psi = 0.256*[#   1]+0.256*[#   5]+0.118*[#   3]+0.118*[#   4]+0.118*[#   7]
          +0.118*[#   8]
    |psi|^2 = 0.986
==== e(   2) =   -14.89982 eV ==== 
     psi = 0.169*[#   3]+0.169*[#   4]+0.169*[#   7]+0.169*[#   8]+0.159*[#   1]
          +0.159*[#   5]
    |psi|^2 = 0.994
==== e(   3) =   -13.12146 eV ==== 
     psi = 0.228*[#   3]+0.228*[#   4]+0.228*[#   7]+0.228*[#   8]+0.037*[#   1]
          +0.037*[#   5]
    |psi|^2 = 0.988
==== e(   4) =    -6.97451 eV ==== 
     psi = 0.498*[#   2]+0.498*[#   6]
    |psi|^2 = 0.996
==== e(   5) =    -1.44690 eV ==== 
     psi = 0.491*[#   2]+0.491*[#   6]
    |psi|^2 = 0.981
==== e(   6) =     5.02030 eV ==== 
     psi = 0.001*[#   1]+0.001*[#   3]+0.001*[#   4]+0.001*[#   5]+0.001*[#   7]
          +0.001*[#   8]
    |psi|^2 = 0.008
==== e(   7) =     5.73788 eV ==== 

    |psi|^2 = 0.000
==== e(   8) =     7.51097 eV ==== 
     psi = 0.179*[#   1]+0.179*[#   5]+0.076*[#   3]+0.076*[#   4]+0.076*[#   7]
          +0.076*[#   8]
    |psi|^2 = 0.664

 k =   0.2272727273  0.4636297616  0.0000000000
==== e(   1) =   -19.23397 eV ==== 
     psi = 0.252*[#   1]+0.252*[#   5]+0.121*[#   3]+0.121*[#   4]+0.121*[#   7]
          +0.121*[#   8]
    |psi|^2 = 0.986
==== e(   2) =   -15.19117 eV ==== 
     psi = 0.167*[#   3]+0.167*[#   4]+0.167*[#   7]+0.167*[#   8]+0.162*[#   1]
          +0.162*[#   5]
    |psi|^2 = 0.993
==== e(   3) =   -13.25251 eV ==== 
     psi = 0.228*[#   3]+0.228*[#   4]+0.228*[#   7]+0.228*[#   8]+0.039*[#   1]
          +0.039*[#   5]
    |psi|^2 = 0.988
==== e(   4) =    -6.71130 eV ==== 
     psi = 0.498*[#   2]+0.498*[#   6]
    |psi|^2 = 0.996
==== e(   5) =    -1.75483 eV ==== 
     psi = 0.491*[#   2]+0.491*[#   6]
    |psi|^2 = 0.982
==== e(   6) =     5.38921 eV ==== 
     psi = 0.002*[#   1]+0.002*[#   5]+0.001*[#   3]+0.001*[#   4]+0.001*[#   7]
          +0.001*[#   8]
    |psi|^2 = 0.009
==== e(   7) =     6.02698 eV ==== 

    |psi|^2 = 0.001
==== e(   8) =     7.50660 eV ==== 
     psi = 0.214*[#   1]+0.214*[#   5]+0.082*[#   3]+0.082*[#   4]+0.082*[#   7]
          +0.082*[#   8]
    |psi|^2 = 0.757

 k =   0.2272727273  0.4811252243  0.0000000000
==== e(   1) =   -18.97215 eV ==== 
     psi = 0.249*[#   1]+0.249*[#   5]+0.122*[#   3]+0.122*[#   4]+0.122*[#   7]
          +0.122*[#   8]
    |psi|^2 = 0.987
==== e(   2) =   -15.48953 eV ==== 
     psi = 0.166*[#   3]+0.166*[#   4]+0.166*[#   7]+0.166*[#   8]+0.164*[#   1]
          +0.164*[#   5]
    |psi|^2 = 0.992
==== e(   3) =   -13.36002 eV ==== 
     psi = 0.227*[#   3]+0.227*[#   4]+0.227*[#   7]+0.227*[#   8]+0.040*[#   1]
          +0.040*[#   5]
    |psi|^2 = 0.988
==== e(   4) =    -6.45085 eV ==== 
     psi = 0.498*[#   2]+0.498*[#   6]
    |psi|^2 = 0.996
==== e(   5) =    -2.05415 eV ==== 
     psi = 0.491*[#   2]+0.491*[#   6]
    |psi|^2 = 0.982
==== e(   6) =     5.76914 eV ==== 
     psi = 0.004*[#   1]+0.004*[#   5]
    |psi|^2 = 0.011
==== e(   7) =     6.29020 eV ==== 

    |psi|^2 = 0.002
==== e(   8) =     7.48010 eV ==== 
     psi = 0.226*[#   1]+0.226*[#   5]+0.080*[#   3]+0.080*[#   4]+0.080*[#   7]
          +0.080*[#   8]
    |psi|^2 = 0.773

 k =   0.2272727273  0.4986206870  0.0000000000
==== e(   1) =   -18.70646 eV ==== 
     psi = 0.247*[#   1]+0.247*[#   5]+0.124*[#   3]+0.124*[#   4]+0.124*[#   7]
          +0.124*[#   8]
    |psi|^2 = 0.988
==== e(   2) =   -15.79004 eV ==== 
     psi = 0.165*[#   3]+0.165*[#   4]+0.165*[#   7]+0.165*[#   8]+0.165*[#   1]
          +0.165*[#   5]
    |psi|^2 = 0.991
==== e(   3) =   -13.44628 eV ==== 
     psi = 0.226*[#   3]+0.226*[#   4]+0.226*[#   7]+0.226*[#   8]+0.042*[#   1]
          +0.042*[#   5]
    |psi|^2 = 0.989
==== e(   4) =    -6.19851 eV ==== 
     psi = 0.498*[#   2]+0.498*[#   6]
    |psi|^2 = 0.996
==== e(   5) =    -2.33930 eV ==== 
     psi = 0.491*[#   2]+0.491*[#   6]
    |psi|^2 = 0.982
==== e(   6) =     6.15864 eV ==== 
     psi = 0.006*[#   1]+0.006*[#   5]+0.001*[#   3]+0.001*[#   4]+0.001*[#   7]
          +0.001*[#   8]
    |psi|^2 = 0.016
==== e(   7) =     6.51169 eV ==== 
     psi = 0.001*[#   2]+0.001*[#   6]
    |psi|^2 = 0.003
==== e(   8) =     7.45251 eV ==== 
     psi = 0.232*[#   1]+0.232*[#   5]+0.078*[#   3]+0.078*[#   4]+0.078*[#   7]
          +0.078*[#   8]
    |psi|^2 = 0.776

 k =   0.2272727273  0.5161161497  0.0000000000
==== e(   1) =   -18.44028 eV ==== 
     psi = 0.246*[#   1]+0.246*[#   5]+0.124*[#   3]+0.124*[#   4]+0.124*[#   7]
          +0.124*[#   8]
    |psi|^2 = 0.989
==== e(   2) =   -16.08682 eV ==== 
     psi = 0.165*[#   3]+0.165*[#   4]+0.165*[#   7]+0.165*[#   8]+0.164*[#   1]
          +0.164*[#   5]
    |psi|^2 = 0.990
==== e(   3) =   -13.51320 eV ==== 
     psi = 0.226*[#   3]+0.226*[#   4]+0.226*[#   7]+0.226*[#   8]+0.043*[#   1]
          +0.043*[#   5]
    |psi|^2 = 0.989
==== e(   4) =    -5.96248 eV ==== 
     psi = 0.498*[#   2]+0.498*[#   6]
    |psi|^2 = 0.996
==== e(   5) =    -2.60187 eV ==== 
     psi = 0.491*[#   2]+0.491*[#   6]
    |psi|^2 = 0.982
==== e(   6) =     6.55505 eV ==== 
     psi = 0.010*[#   1]+0.010*[#   5]+0.002*[#   3]+0.002*[#   4]+0.002*[#   7]
          +0.002*[#   8]
    |psi|^2 = 0.027
==== e(   7) =     6.67860 eV ==== 
     psi = 0.002*[#   2]+0.002*[#   6]
    |psi|^2 = 0.004
==== e(   8) =     7.42983 eV ==== 
     psi = 0.234*[#   1]+0.234*[#   5]+0.075*[#   3]+0.075*[#   4]+0.075*[#   7]
          +0.075*[#   8]
    |psi|^2 = 0.770

 k =   0.2272727273  0.5336116124  0.0000000000
==== e(   1) =   -18.18076 eV ==== 
     psi = 0.248*[#   1]+0.248*[#   5]+0.123*[#   3]+0.123*[#   4]+0.123*[#   7]
          +0.123*[#   8]
    |psi|^2 = 0.990
==== e(   2) =   -16.37083 eV ==== 
     psi = 0.167*[#   3]+0.167*[#   4]+0.167*[#   7]+0.167*[#   8]+0.162*[#   1]
          +0.162*[#   5]
    |psi|^2 = 0.989
==== e(   3) =   -13.56224 eV ==== 
     psi = 0.225*[#   3]+0.225*[#   4]+0.225*[#   7]+0.225*[#   8]+0.044*[#   1]
          +0.044*[#   5]
    |psi|^2 = 0.989
==== e(   4) =    -5.75545 eV ==== 
     psi = 0.498*[#   2]+0.498*[#   6]
    |psi|^2 = 0.997
==== e(   5) =    -2.82897 eV ==== 
     psi = 0.491*[#   2]+0.491*[#   6]
    |psi|^2 = 0.982
==== e(   6) =     6.78900 eV ==== 
     psi = 0.003*[#   2]+0.003*[#   6]
    |psi|^2 = 0.006
==== e(   7) =     6.95093 eV ==== 
     psi = 0.023*[#   1]+0.023*[#   5]+0.005*[#   3]+0.005*[#   4]+0.005*[#   7]
          +0.005*[#   8]
    |psi|^2 = 0.065
==== e(   8) =     7.41861 eV ==== 
     psi = 0.227*[#   1]+0.227*[#   5]+0.071*[#   3]+0.071*[#   4]+0.071*[#   7]
          +0.071*[#   8]
    |psi|^2 = 0.739

 k =   0.2272727273  0.5511070751  0.0000000000
==== e(   1) =   -17.94575 eV ==== 
     psi = 0.255*[#   1]+0.255*[#   5]+0.120*[#   3]+0.120*[#   4]+0.120*[#   7]
          +0.120*[#   8]
    |psi|^2 = 0.992
==== e(   2) =   -16.62289 eV ==== 
     psi = 0.170*[#   3]+0.170*[#   4]+0.170*[#   7]+0.170*[#   8]+0.154*[#   1]
          +0.154*[#   5]
    |psi|^2 = 0.988
==== e(   3) =   -13.59440 eV ==== 
     psi = 0.225*[#   3]+0.225*[#   4]+0.225*[#   7]+0.225*[#   8]+0.045*[#   1]
          +0.045*[#   5]
    |psi|^2 = 0.989
==== e(   4) =    -5.59611 eV ==== 
     psi = 0.498*[#   2]+0.498*[#   6]
    |psi|^2 = 0.997
==== e(   5) =    -3.00179 eV ==== 
     psi = 0.491*[#   2]+0.491*[#   6]
    |psi|^2 = 0.982
==== e(   6) =     6.85209 eV ==== 
     psi = 0.003*[#   2]+0.003*[#   6]
    |psi|^2 = 0.007
==== e(   7) =     7.28414 eV ==== 
     psi = 0.143*[#   1]+0.143*[#   5]+0.038*[#   3]+0.038*[#   4]+0.038*[#   7]
          +0.038*[#   8]
    |psi|^2 = 0.438
==== e(   8) =     7.47620 eV ==== 
     psi = 0.112*[#   1]+0.112*[#   5]+0.038*[#   3]+0.038*[#   4]+0.038*[#   7]
          +0.038*[#   8]
    |psi|^2 = 0.376

 k =   0.2272727273  0.5686025378  0.0000000000
==== e(   1) =   -17.78415 eV ==== 
     psi = 0.266*[#   1]+0.266*[#   5]+0.115*[#   3]+0.115*[#   4]+0.115*[#   7]
          +0.115*[#   8]
    |psi|^2 = 0.993
==== e(   2) =   -16.79322 eV ==== 
     psi = 0.175*[#   3]+0.175*[#   4]+0.175*[#   7]+0.175*[#   8]+0.143*[#   1]
          +0.143*[#   5]
    |psi|^2 = 0.986
==== e(   3) =   -13.61032 eV ==== 
     psi = 0.225*[#   3]+0.225*[#   4]+0.225*[#   7]+0.225*[#   8]+0.045*[#   1]
          +0.045*[#   5]
    |psi|^2 = 0.989
==== e(   4) =    -5.50746 eV ==== 
     psi = 0.498*[#   2]+0.498*[#   6]
    |psi|^2 = 0.997
==== e(   5) =    -3.09721 eV ==== 
     psi = 0.491*[#   2]+0.491*[#   6]
    |psi|^2 = 0.982
==== e(   6) =     6.87990 eV ==== 
     psi = 0.004*[#   2]+0.004*[#   6]
    |psi|^2 = 0.007
==== e(   7) =     7.35014 eV ==== 
     psi = 0.244*[#   1]+0.244*[#   5]+0.070*[#   3]+0.070*[#   4]+0.070*[#   7]
          +0.070*[#   8]
    |psi|^2 = 0.768
==== e(   8) =     7.78453 eV ==== 
     psi = 0.020*[#   1]+0.020*[#   5]+0.007*[#   3]+0.007*[#   4]+0.007*[#   7]
          +0.007*[#   8]
    |psi|^2 = 0.067

 k =   0.2424242424  0.4198911049  0.0000000000
==== e(   1) =   -19.74430 eV ==== 
     psi = 0.260*[#   1]+0.260*[#   5]+0.116*[#   3]+0.116*[#   4]+0.116*[#   7]
          +0.116*[#   8]
    |psi|^2 = 0.985
==== e(   2) =   -14.57444 eV ==== 
     psi = 0.170*[#   3]+0.170*[#   4]+0.170*[#   7]+0.170*[#   8]+0.157*[#   1]
          +0.157*[#   5]
    |psi|^2 = 0.995
==== e(   3) =   -13.01062 eV ==== 
     psi = 0.230*[#   3]+0.230*[#   4]+0.230*[#   7]+0.230*[#   8]+0.035*[#   1]
          +0.035*[#   5]
    |psi|^2 = 0.988
==== e(   4) =    -7.24044 eV ==== 
     psi = 0.498*[#   2]+0.498*[#   6]
    |psi|^2 = 0.996
==== e(   5) =    -1.12233 eV ==== 
     psi = 0.491*[#   2]+0.491*[#   6]
    |psi|^2 = 0.981
==== e(   6) =     4.65618 eV ==== 
     psi = 0.002*[#   3]+0.002*[#   4]+0.002*[#   7]+0.002*[#   8]
    |psi|^2 = 0.009
==== e(   7) =     5.42641 eV ==== 

    |psi|^2 = 0.000
==== e(   8) =     7.38869 eV ==== 
     psi = 0.018*[#   1]+0.018*[#   5]+0.008*[#   3]+0.008*[#   4]+0.008*[#   7]
          +0.008*[#   8]
    |psi|^2 = 0.070

 k =   0.2424242424  0.4373865676  0.0000000000
==== e(   1) =   -19.49992 eV ==== 
     psi = 0.256*[#   1]+0.256*[#   5]+0.118*[#   3]+0.118*[#   4]+0.118*[#   7]
          +0.118*[#   8]
    |psi|^2 = 0.986
==== e(   2) =   -14.81149 eV ==== 
     psi = 0.167*[#   3]+0.167*[#   4]+0.167*[#   7]+0.167*[#   8]+0.163*[#   1]
          +0.163*[#   5]
    |psi|^2 = 0.995
==== e(   3) =   -13.21251 eV ==== 
     psi = 0.230*[#   3]+0.230*[#   4]+0.230*[#   7]+0.230*[#   8]+0.034*[#   1]
          +0.034*[#   5]
    |psi|^2 = 0.988
==== e(   4) =    -6.98034 eV ==== 
     psi = 0.498*[#   2]+0.498*[#   6]
    |psi|^2 = 0.996
==== e(   5) =    -1.42522 eV ==== 
     psi = 0.491*[#   2]+0.491*[#   6]
    |psi|^2 = 0.982
==== e(   6) =     5.00604 eV ==== 
     psi = 0.001*[#   1]+0.001*[#   3]+0.001*[#   4]+0.001*[#   5]+0.001*[#   7]
          +0.001*[#   8]
    |psi|^2 = 0.008
==== e(   7) =     5.71744 eV ==== 

    |psi|^2 = 0.000
==== e(   8) =     7.71155 eV ==== 
     psi = 0.045*[#   1]+0.045*[#   5]+0.022*[#   3]+0.022*[#   4]+0.022*[#   7]
          +0.022*[#   8]
    |psi|^2 = 0.180

 k =   0.2424242424  0.4548820303  0.0000000000
==== e(   1) =   -19.24839 eV ==== 
     psi = 0.252*[#   1]+0.252*[#   5]+0.121*[#   3]+0.121*[#   4]+0.121*[#   7]
          +0.121*[#   8]
    |psi|^2 = 0.986
==== e(   2) =   -15.06570 eV ==== 
     psi = 0.167*[#   1]+0.167*[#   5]+0.165*[#   3]+0.165*[#   4]+0.165*[#   7]
          +0.165*[#   8]
    |psi|^2 = 0.994
==== e(   3) =   -13.38402 eV ==== 
     psi = 0.229*[#   3]+0.229*[#   4]+0.229*[#   7]+0.229*[#   8]+0.035*[#   1]
          +0.035*[#   5]
    |psi|^2 = 0.987
==== e(   4) =    -6.71756 eV ==== 
     psi = 0.498*[#   2]+0.498*[#   6]
    |psi|^2 = 0.996
==== e(   5) =    -1.72601 eV ==== 
     psi = 0.492*[#   2]+0.492*[#   6]
    |psi|^2 = 0.983
==== e(   6) =     5.36793 eV ==== 
     psi = 0.002*[#   1]+0.002*[#   5]+0.001*[#   3]+0.001*[#   4]+0.001*[#   7]
          +0.001*[#   8]
    |psi|^2 = 0.009
==== e(   7) =     5.99365 eV ==== 

    |psi|^2 = 0.000
==== e(   8) =     7.89012 eV ==== 
     psi = 0.163*[#   1]+0.163*[#   5]+0.072*[#   3]+0.072*[#   4]+0.072*[#   7]
          +0.072*[#   8]
    |psi|^2 = 0.613

 k =   0.2424242424  0.4723774930  0.0000000000
==== e(   1) =   -18.99064 eV ==== 
     psi = 0.248*[#   1]+0.248*[#   5]+0.123*[#   3]+0.123*[#   4]+0.123*[#   7]
          +0.123*[#   8]
    |psi|^2 = 0.987
==== e(   2) =   -15.33443 eV ==== 
     psi = 0.170*[#   1]+0.170*[#   5]+0.163*[#   3]+0.163*[#   4]+0.163*[#   7]
          +0.163*[#   8]
    |psi|^2 = 0.994
==== e(   3) =   -13.52587 eV ==== 
     psi = 0.229*[#   3]+0.229*[#   4]+0.229*[#   7]+0.229*[#   8]+0.036*[#   1]
          +0.036*[#   5]
    |psi|^2 = 0.987
==== e(   4) =    -6.45481 eV ==== 
     psi = 0.498*[#   2]+0.498*[#   6]
    |psi|^2 = 0.996
==== e(   5) =    -2.02193 eV ==== 
     psi = 0.492*[#   2]+0.492*[#   6]
    |psi|^2 = 0.984
==== e(   6) =     5.74101 eV ==== 
     psi = 0.003*[#   1]+0.003*[#   5]
    |psi|^2 = 0.010
==== e(   7) =     6.24110 eV ==== 

    |psi|^2 = 0.001
==== e(   8) =     7.89288 eV ==== 
     psi = 0.206*[#   1]+0.206*[#   5]+0.080*[#   3]+0.080*[#   4]+0.080*[#   7]
          +0.080*[#   8]
    |psi|^2 = 0.730

 k =   0.2424242424  0.4898729557  0.0000000000
==== e(   1) =   -18.72810 eV ==== 
     psi = 0.245*[#   1]+0.245*[#   5]+0.124*[#   3]+0.124*[#   4]+0.124*[#   7]
          +0.124*[#   8]
    |psi|^2 = 0.988
==== e(   2) =   -15.61325 eV ==== 
     psi = 0.172*[#   1]+0.172*[#   5]+0.162*[#   3]+0.162*[#   4]+0.162*[#   7]
          +0.162*[#   8]
    |psi|^2 = 0.993
==== e(   3) =   -13.64022 eV ==== 
     psi = 0.228*[#   3]+0.228*[#   4]+0.228*[#   7]+0.228*[#   8]+0.038*[#   1]
          +0.038*[#   5]
    |psi|^2 = 0.987
==== e(   4) =    -6.19609 eV ==== 
     psi = 0.498*[#   2]+0.498*[#   6]
    |psi|^2 = 0.996
==== e(   5) =    -2.30894 eV ==== 
     psi = 0.492*[#   2]+0.492*[#   6]
    |psi|^2 = 0.985
==== e(   6) =     6.12407 eV ==== 
     psi = 0.005*[#   1]+0.005*[#   5]+0.001*[#   3]+0.001*[#   4]+0.001*[#   7]
          +0.001*[#   8]
    |psi|^2 = 0.014
==== e(   7) =     6.44376 eV ==== 

    |psi|^2 = 0.001
==== e(   8) =     7.86599 eV ==== 
     psi = 0.219*[#   1]+0.219*[#   5]+0.078*[#   3]+0.078*[#   4]+0.078*[#   7]
          +0.078*[#   8]
    |psi|^2 = 0.749

 k =   0.2424242424  0.5073684184  0.0000000000
==== e(   1) =   -18.46320 eV ==== 
     psi = 0.244*[#   1]+0.244*[#   5]+0.125*[#   3]+0.125*[#   4]+0.125*[#   7]
          +0.125*[#   8]
    |psi|^2 = 0.989
==== e(   2) =   -15.89641 eV ==== 
     psi = 0.172*[#   1]+0.172*[#   5]+0.162*[#   3]+0.162*[#   4]+0.162*[#   7]
          +0.162*[#   8]
    |psi|^2 = 0.992
==== e(   3) =   -13.72972 eV ==== 
     psi = 0.227*[#   3]+0.227*[#   4]+0.227*[#   7]+0.227*[#   8]+0.039*[#   1]
          +0.039*[#   5]
    |psi|^2 = 0.988
==== e(   4) =    -5.94756 eV ==== 
     psi = 0.498*[#   2]+0.498*[#   6]
    |psi|^2 = 0.996
==== e(   5) =    -2.58079 eV ==== 
     psi = 0.492*[#   2]+0.492*[#   6]
    |psi|^2 = 0.985
==== e(   6) =     6.51517 eV ==== 
     psi = 0.007*[#   1]+0.007*[#   5]+0.001*[#   3]+0.001*[#   4]+0.001*[#   7]
          +0.001*[#   8]
    |psi|^2 = 0.020
==== e(   7) =     6.59060 eV ==== 
     psi = 0.001*[#   2]+0.001*[#   6]
    |psi|^2 = 0.003
==== e(   8) =     7.83788 eV ==== 
     psi = 0.224*[#   1]+0.224*[#   5]+0.076*[#   3]+0.076*[#   4]+0.076*[#   7]
          +0.076*[#   8]
    |psi|^2 = 0.752

 k =   0.2424242424  0.5248638811  0.0000000000
==== e(   1) =   -18.20064 eV ==== 
     psi = 0.244*[#   1]+0.244*[#   5]+0.126*[#   3]+0.126*[#   4]+0.126*[#   7]
          +0.126*[#   8]
    |psi|^2 = 0.990
==== e(   2) =   -16.17624 eV ==== 
     psi = 0.171*[#   1]+0.171*[#   5]+0.162*[#   3]+0.162*[#   4]+0.162*[#   7]
          +0.162*[#   8]
    |psi|^2 = 0.991
==== e(   3) =   -13.79682 eV ==== 
     psi = 0.227*[#   3]+0.227*[#   4]+0.227*[#   7]+0.227*[#   8]+0.041*[#   1]
          +0.041*[#   5]
    |psi|^2 = 0.988
==== e(   4) =    -5.71909 eV ==== 
     psi = 0.498*[#   2]+0.498*[#   6]
    |psi|^2 = 0.996
==== e(   5) =    -2.82753 eV ==== 
     psi = 0.492*[#   2]+0.492*[#   6]
    |psi|^2 = 0.985
==== e(   6) =     6.68328 eV ==== 
     psi = 0.002*[#   2]+0.002*[#   6]
    |psi|^2 = 0.004
==== e(   7) =     6.91084 eV ==== 
     psi = 0.012*[#   1]+0.012*[#   5]+0.002*[#   3]+0.002*[#   4]+0.002*[#   7]
          +0.002*[#   8]
    |psi|^2 = 0.034
==== e(   8) =     7.81515 eV ==== 
     psi = 0.226*[#   1]+0.226*[#   5]+0.073*[#   3]+0.073*[#   4]+0.073*[#   7]
          +0.073*[#   8]
    |psi|^2 = 0.746

 k =   0.2424242424  0.5423593438  0.0000000000
==== e(   1) =   -17.95112 eV ==== 
     psi = 0.247*[#   1]+0.247*[#   5]+0.124*[#   3]+0.124*[#   4]+0.124*[#   7]
          +0.124*[#   8]
    |psi|^2 = 0.991
==== e(   2) =   -16.43969 eV ==== 
     psi = 0.166*[#   1]+0.166*[#   5]+0.164*[#   3]+0.164*[#   4]+0.164*[#   7]
          +0.164*[#   8]
    |psi|^2 = 0.989
==== e(   3) =   -13.84342 eV ==== 
     psi = 0.226*[#   3]+0.226*[#   4]+0.226*[#   7]+0.226*[#   8]+0.042*[#   1]
          +0.042*[#   5]
    |psi|^2 = 0.988
==== e(   4) =    -5.52647 eV ==== 
     psi = 0.498*[#   2]+0.498*[#   6]
    |psi|^2 = 0.996
==== e(   5) =    -3.03327 eV ==== 
     psi = 0.492*[#   2]+0.492*[#   6]
    |psi|^2 = 0.985
==== e(   6) =     6.73443 eV ==== 
     psi = 0.002*[#   2]+0.002*[#   6]
    |psi|^2 = 0.005
==== e(   7) =     7.30266 eV ==== 
     psi = 0.026*[#   1]+0.026*[#   5]+0.006*[#   3]+0.006*[#   4]+0.006*[#   7]
          +0.006*[#   8]
    |psi|^2 = 0.074
==== e(   8) =     7.80311 eV ==== 
     psi = 0.219*[#   1]+0.219*[#   5]+0.070*[#   3]+0.070*[#   4]+0.070*[#   7]
          +0.070*[#   8]
    |psi|^2 = 0.716

 k =   0.2424242424  0.5598548065  0.0000000000
==== e(   1) =   -17.74365 eV ==== 
     psi = 0.256*[#   1]+0.256*[#   5]+0.120*[#   3]+0.120*[#   4]+0.120*[#   7]
          +0.120*[#   8]
    |psi|^2 = 0.993
==== e(   2) =   -16.65615 eV ==== 
     psi = 0.168*[#   3]+0.168*[#   4]+0.168*[#   7]+0.168*[#   8]+0.157*[#   1]
          +0.157*[#   5]
    |psi|^2 = 0.988
==== e(   3) =   -13.87088 eV ==== 
     psi = 0.226*[#   3]+0.226*[#   4]+0.226*[#   7]+0.226*[#   8]+0.042*[#   1]
          +0.042*[#   5]
    |psi|^2 = 0.988
==== e(   4) =    -5.39294 eV ==== 
     psi = 0.498*[#   2]+0.498*[#   6]
    |psi|^2 = 0.997
==== e(   5) =    -3.17470 eV ==== 
     psi = 0.492*[#   2]+0.492*[#   6]
    |psi|^2 = 0.985
==== e(   6) =     6.75852 eV ==== 
     psi = 0.003*[#   2]+0.003*[#   6]
    |psi|^2 = 0.005
==== e(   7) =     7.64250 eV ==== 
     psi = 0.117*[#   1]+0.117*[#   5]+0.031*[#   3]+0.031*[#   4]+0.031*[#   7]
          +0.031*[#   8]
    |psi|^2 = 0.359
==== e(   8) =     7.83727 eV ==== 
     psi = 0.135*[#   1]+0.135*[#   5]+0.044*[#   3]+0.044*[#   4]+0.044*[#   7]
          +0.044*[#   8]
    |psi|^2 = 0.446

 k =   0.2424242424  0.5773502692  0.0000000000
==== e(   1) =   -17.65233 eV ==== 
     psi = 0.263*[#   1]+0.263*[#   5]+0.117*[#   3]+0.117*[#   4]+0.117*[#   7]
          +0.117*[#   8]
    |psi|^2 = 0.994
==== e(   2) =   -16.75056 eV ==== 
     psi = 0.172*[#   3]+0.172*[#   4]+0.172*[#   7]+0.172*[#   8]+0.150*[#   1]
          +0.150*[#   5]
    |psi|^2 = 0.987
==== e(   3) =   -13.87994 eV ==== 
     psi = 0.226*[#   3]+0.226*[#   4]+0.226*[#   7]+0.226*[#   8]+0.042*[#   1]
          +0.042*[#   5]
    |psi|^2 = 0.988
==== e(   4) =    -5.34431 eV ==== 
     psi = 0.498*[#   2]+0.498*[#   6]
    |psi|^2 = 0.997
==== e(   5) =    -3.22597 eV ==== 
     psi = 0.492*[#   2]+0.492*[#   6]
    |psi|^2 = 0.985
==== e(   6) =     6.76543 eV ==== 
     psi = 0.003*[#   2]+0.003*[#   6]
    |psi|^2 = 0.005
==== e(   7) =     7.72780 eV ==== 
     psi = 0.232*[#   1]+0.232*[#   5]+0.068*[#   3]+0.068*[#   4]+0.068*[#   7]
          +0.068*[#   8]
    |psi|^2 = 0.733
==== e(   8) =     8.00829 eV ==== 
     psi = 0.029*[#   1]+0.029*[#   5]+0.008*[#   3]+0.008*[#   4]+0.008*[#   7]
          +0.008*[#   8]
    |psi|^2 = 0.092

 k =   0.2575757576  0.4461342989  0.0000000000
==== e(   1) =   -19.25320 eV ==== 
     psi = 0.252*[#   1]+0.252*[#   5]+0.121*[#   3]+0.121*[#   4]+0.121*[#   7]
          +0.121*[#   8]
    |psi|^2 = 0.986
==== e(   2) =   -15.01900 eV ==== 
     psi = 0.169*[#   1]+0.169*[#   5]+0.164*[#   3]+0.164*[#   4]+0.164*[#   7]
          +0.164*[#   8]
    |psi|^2 = 0.995
==== e(   3) =   -13.43278 eV ==== 
     psi = 0.230*[#   3]+0.230*[#   4]+0.230*[#   7]+0.230*[#   8]+0.033*[#   1]
          +0.033*[#   5]
    |psi|^2 = 0.987
==== e(   4) =    -6.71967 eV ==== 
     psi = 0.498*[#   2]+0.498*[#   6]
    |psi|^2 = 0.996
==== e(   5) =    -1.71623 eV ==== 
     psi = 0.492*[#   2]+0.492*[#   6]
    |psi|^2 = 0.984
==== e(   6) =     5.36081 eV ==== 
     psi = 0.002*[#   1]+0.002*[#   5]+0.001*[#   3]+0.001*[#   4]+0.001*[#   7]
          +0.001*[#   8]
    |psi|^2 = 0.009
==== e(   7) =     5.98242 eV ==== 

    |psi|^2 = 0.000
==== e(   8) =     7.99419 eV ==== 

    |psi|^2 = 0.001

 k =   0.2575757576  0.4636297616  0.0000000000
==== e(   1) =   -18.99992 eV ==== 
     psi = 0.248*[#   1]+0.248*[#   5]+0.123*[#   3]+0.123*[#   4]+0.123*[#   7]
          +0.123*[#   8]
    |psi|^2 = 0.987
==== e(   2) =   -15.24429 eV ==== 
     psi = 0.175*[#   1]+0.175*[#   5]+0.161*[#   3]+0.161*[#   4]+0.161*[#   7]
          +0.161*[#   8]
    |psi|^2 = 0.994
==== e(   3) =   -13.62148 eV ==== 
     psi = 0.231*[#   3]+0.231*[#   4]+0.231*[#   7]+0.231*[#   8]+0.032*[#   1]
          +0.032*[#   5]
    |psi|^2 = 0.987
==== e(   4) =    -6.45690 eV ==== 
     psi = 0.498*[#   2]+0.498*[#   6]
    |psi|^2 = 0.996
==== e(   5) =    -2.00531 eV ==== 
     psi = 0.493*[#   2]+0.493*[#   6]
    |psi|^2 = 0.985
==== e(   6) =     5.72687 eV ==== 
     psi = 0.003*[#   1]+0.003*[#   5]+0.001*[#   3]+0.001*[#   4]+0.001*[#   7]
          +0.001*[#   8]
    |psi|^2 = 0.010
==== e(   7) =     6.21610 eV ==== 

    |psi|^2 = 0.000
==== e(   8) =     8.09492 eV ==== 

    |psi|^2 = 0.001

 k =   0.2575757576  0.4811252243  0.0000000000
==== e(   1) =   -18.74123 eV ==== 
     psi = 0.245*[#   1]+0.245*[#   5]+0.125*[#   3]+0.125*[#   4]+0.125*[#   7]
          +0.125*[#   8]
    |psi|^2 = 0.988
==== e(   2) =   -15.48657 eV ==== 
     psi = 0.178*[#   1]+0.178*[#   5]+0.159*[#   3]+0.159*[#   4]+0.159*[#   7]
          +0.159*[#   8]
    |psi|^2 = 0.994
==== e(   3) =   -13.77731 eV ==== 
     psi = 0.230*[#   3]+0.230*[#   4]+0.230*[#   7]+0.230*[#   8]+0.032*[#   1]
          +0.032*[#   5]
    |psi|^2 = 0.986
==== e(   4) =    -6.19490 eV ==== 
     psi = 0.498*[#   2]+0.498*[#   6]
    |psi|^2 = 0.996
==== e(   5) =    -2.28972 eV ==== 
     psi = 0.493*[#   2]+0.493*[#   6]
    |psi|^2 = 0.986
==== e(   6) =     6.10307 eV ==== 
     psi = 0.004*[#   1]+0.004*[#   5]+0.001*[#   3]+0.001*[#   4]+0.001*[#   7]
          +0.001*[#   8]
    |psi|^2 = 0.013
==== e(   7) =     6.40196 eV ==== 

    |psi|^2 = 0.001
==== e(   8) =     8.22649 eV ==== 

    |psi|^2 = 0.001

 k =   0.2575757576  0.4986206870  0.0000000000
==== e(   1) =   -18.47893 eV ==== 
     psi = 0.242*[#   1]+0.242*[#   5]+0.126*[#   3]+0.126*[#   4]+0.126*[#   7]
          +0.126*[#   8]
    |psi|^2 = 0.989
==== e(   2) =   -15.74212 eV ==== 
     psi = 0.180*[#   1]+0.180*[#   5]+0.158*[#   3]+0.158*[#   4]+0.158*[#   7]
          +0.158*[#   8]
    |psi|^2 = 0.993
==== e(   3) =   -13.90138 eV ==== 
     psi = 0.230*[#   3]+0.230*[#   4]+0.230*[#   7]+0.230*[#   8]+0.033*[#   1]
          +0.033*[#   5]
    |psi|^2 = 0.986
==== e(   4) =    -5.93810 eV ==== 
     psi = 0.498*[#   2]+0.498*[#   6]
    |psi|^2 = 0.996
==== e(   5) =    -2.56514 eV ==== 
     psi = 0.493*[#   2]+0.493*[#   6]
    |psi|^2 = 0.987
==== e(   6) =     6.48771 eV ==== 
     psi = 0.007*[#   1]+0.007*[#   5]+0.001*[#   3]+0.001*[#   4]+0.001*[#   7]
          +0.001*[#   8]
    |psi|^2 = 0.018
==== e(   7) =     6.53005 eV ==== 

    |psi|^2 = 0.001
==== e(   8) =     8.22576 eV ==== 
     psi = 0.212*[#   1]+0.212*[#   5]+0.074*[#   3]+0.074*[#   4]+0.074*[#   7]
          +0.074*[#   8]
    |psi|^2 = 0.721

 k =   0.2575757576  0.5161161497  0.0000000000
==== e(   1) =   -18.21622 eV ==== 
     psi = 0.241*[#   1]+0.241*[#   5]+0.127*[#   3]+0.127*[#   4]+0.127*[#   7]
          +0.127*[#   8]
    |psi|^2 = 0.989
==== e(   2) =   -16.00463 eV ==== 
     psi = 0.180*[#   1]+0.180*[#   5]+0.158*[#   3]+0.158*[#   4]+0.158*[#   7]
          +0.158*[#   8]
    |psi|^2 = 0.992
==== e(   3) =   -13.99619 eV ==== 
     psi = 0.229*[#   3]+0.229*[#   4]+0.229*[#   7]+0.229*[#   8]+0.034*[#   1]
          +0.034*[#   5]
    |psi|^2 = 0.986
==== e(   4) =    -5.69361 eV ==== 
     psi = 0.498*[#   2]+0.498*[#   6]
    |psi|^2 = 0.996
==== e(   5) =    -2.82450 eV ==== 
     psi = 0.493*[#   2]+0.493*[#   6]
    |psi|^2 = 0.987
==== e(   6) =     6.60470 eV ==== 
     psi = 0.001*[#   2]+0.001*[#   6]
    |psi|^2 = 0.002
==== e(   7) =     6.87803 eV ==== 
     psi = 0.010*[#   1]+0.010*[#   5]+0.002*[#   3]+0.002*[#   4]+0.002*[#   7]
          +0.002*[#   8]
    |psi|^2 = 0.028
==== e(   8) =     8.19530 eV ==== 
     psi = 0.216*[#   1]+0.216*[#   5]+0.072*[#   3]+0.072*[#   4]+0.072*[#   7]
          +0.072*[#   8]
    |psi|^2 = 0.722

 k =   0.2575757576  0.5336116124  0.0000000000
==== e(   1) =   -17.95973 eV ==== 
     psi = 0.242*[#   1]+0.242*[#   5]+0.127*[#   3]+0.127*[#   4]+0.127*[#   7]
          +0.127*[#   8]
    |psi|^2 = 0.991
==== e(   2) =   -16.26416 eV ==== 
     psi = 0.178*[#   1]+0.178*[#   5]+0.159*[#   3]+0.159*[#   4]+0.159*[#   7]
          +0.159*[#   8]
    |psi|^2 = 0.991
==== e(   3) =   -14.06451 eV ==== 
     psi = 0.229*[#   3]+0.229*[#   4]+0.229*[#   7]+0.229*[#   8]+0.036*[#   1]
          +0.036*[#   5]
    |psi|^2 = 0.986
==== e(   4) =    -5.47348 eV ==== 
     psi = 0.498*[#   2]+0.498*[#   6]
    |psi|^2 = 0.996
==== e(   5) =    -3.05576 eV ==== 
     psi = 0.494*[#   2]+0.494*[#   6]
    |psi|^2 = 0.987
==== e(   6) =     6.64122 eV ==== 
     psi = 0.001*[#   2]+0.001*[#   6]
    |psi|^2 = 0.003
==== e(   7) =     7.26913 eV ==== 
     psi = 0.016*[#   1]+0.016*[#   5]+0.004*[#   3]+0.004*[#   4]+0.004*[#   7]
          +0.004*[#   8]
    |psi|^2 = 0.047
==== e(   8) =     8.17070 eV ==== 
     psi = 0.216*[#   1]+0.216*[#   5]+0.070*[#   3]+0.070*[#   4]+0.070*[#   7]
          +0.070*[#   8]
    |psi|^2 = 0.713

 k =   0.2575757576  0.5511070751  0.0000000000
==== e(   1) =   -17.72608 eV ==== 
     psi = 0.247*[#   1]+0.247*[#   5]+0.124*[#   3]+0.124*[#   4]+0.124*[#   7]
          +0.124*[#   8]
    |psi|^2 = 0.992
==== e(   2) =   -16.50140 eV ==== 
     psi = 0.173*[#   1]+0.173*[#   5]+0.161*[#   3]+0.161*[#   4]+0.161*[#   7]
          +0.161*[#   8]
    |psi|^2 = 0.990
==== e(   3) =   -14.10870 eV ==== 
     psi = 0.228*[#   3]+0.228*[#   4]+0.228*[#   7]+0.228*[#   8]+0.037*[#   1]
          +0.037*[#   5]
    |psi|^2 = 0.986
==== e(   4) =    -5.29802 eV ==== 
     psi = 0.498*[#   2]+0.498*[#   6]
    |psi|^2 = 0.996
==== e(   5) =    -3.23865 eV ==== 
     psi = 0.494*[#   2]+0.494*[#   6]
    |psi|^2 = 0.987
==== e(   6) =     6.65599 eV ==== 
     psi = 0.002*[#   2]+0.002*[#   6]
    |psi|^2 = 0.003
==== e(   7) =     7.65000 eV ==== 
     psi = 0.031*[#   1]+0.031*[#   5]+0.008*[#   3]+0.008*[#   4]+0.008*[#   7]
          +0.008*[#   8]
    |psi|^2 = 0.093
==== e(   8) =     8.15310 eV ==== 
     psi = 0.208*[#   1]+0.208*[#   5]+0.066*[#   3]+0.066*[#   4]+0.066*[#   7]
          +0.066*[#   8]
    |psi|^2 = 0.679

 k =   0.2575757576  0.5686025378  0.0000000000
==== e(   1) =   -17.56297 eV ==== 
     psi = 0.256*[#   1]+0.256*[#   5]+0.121*[#   3]+0.121*[#   4]+0.121*[#   7]
          +0.121*[#   8]
    |psi|^2 = 0.993
==== e(   2) =   -16.66677 eV ==== 
     psi = 0.165*[#   3]+0.165*[#   4]+0.165*[#   7]+0.165*[#   8]+0.164*[#   1]
          +0.164*[#   5]
    |psi|^2 = 0.989
==== e(   3) =   -14.13039 eV ==== 
     psi = 0.228*[#   3]+0.228*[#   4]+0.228*[#   7]+0.228*[#   8]+0.037*[#   1]
          +0.037*[#   5]
    |psi|^2 = 0.986
==== e(   4) =    -5.19685 eV ==== 
     psi = 0.498*[#   2]+0.498*[#   6]
    |psi|^2 = 0.996
==== e(   5) =    -3.34354 eV ==== 
     psi = 0.493*[#   2]+0.493*[#   6]
    |psi|^2 = 0.987
==== e(   6) =     6.66057 eV ==== 
     psi = 0.002*[#   2]+0.002*[#   6]
    |psi|^2 = 0.004
==== e(   7) =     7.97854 eV ==== 
     psi = 0.101*[#   1]+0.101*[#   5]+0.028*[#   3]+0.028*[#   4]+0.028*[#   7]
          +0.028*[#   8]
    |psi|^2 = 0.313
==== e(   8) =     8.13888 eV ==== 
     psi = 0.141*[#   1]+0.141*[#   5]+0.044*[#   3]+0.044*[#   4]+0.044*[#   7]
          +0.044*[#   8]
    |psi|^2 = 0.456

 k =   0.2727272727  0.4723774930  0.0000000000
==== e(   1) =   -18.74563 eV ==== 
     psi = 0.244*[#   1]+0.244*[#   5]+0.125*[#   3]+0.125*[#   4]+0.125*[#   7]
          +0.125*[#   8]
    |psi|^2 = 0.988
==== e(   2) =   -15.43928 eV ==== 
     psi = 0.181*[#   1]+0.181*[#   5]+0.158*[#   3]+0.158*[#   4]+0.158*[#   7]
          +0.158*[#   8]
    |psi|^2 = 0.994
==== e(   3) =   -13.82809 eV ==== 
     psi = 0.232*[#   3]+0.232*[#   4]+0.232*[#   7]+0.232*[#   8]+0.030*[#   1]
          +0.030*[#   5]
    |psi|^2 = 0.986
==== e(   4) =    -6.19455 eV ==== 
     psi = 0.498*[#   2]+0.498*[#   6]
    |psi|^2 = 0.996
==== e(   5) =    -2.28314 eV ==== 
     psi = 0.493*[#   2]+0.493*[#   6]
    |psi|^2 = 0.986
==== e(   6) =     6.09605 eV ==== 
     psi = 0.004*[#   1]+0.004*[#   5]+0.001*[#   3]+0.001*[#   4]+0.001*[#   7]
          +0.001*[#   8]
    |psi|^2 = 0.013
==== e(   7) =     6.38784 eV ==== 

    |psi|^2 = 0.000
==== e(   8) =     8.21589 eV ==== 

    |psi|^2 = 0.001

 k =   0.2727272727  0.4898729557  0.0000000000
==== e(   1) =   -18.48691 eV ==== 
     psi = 0.242*[#   1]+0.242*[#   5]+0.126*[#   3]+0.126*[#   4]+0.126*[#   7]
          +0.126*[#   8]
    |psi|^2 = 0.988
==== e(   2) =   -15.65213 eV ==== 
     psi = 0.186*[#   1]+0.186*[#   5]+0.155*[#   3]+0.155*[#   4]+0.155*[#   7]
          +0.155*[#   8]
    |psi|^2 = 0.994
==== e(   3) =   -14.00007 eV ==== 
     psi = 0.232*[#   3]+0.232*[#   4]+0.232*[#   7]+0.232*[#   8]+0.028*[#   1]
          +0.028*[#   5]
    |psi|^2 = 0.985
==== e(   4) =    -5.93352 eV ==== 
     psi = 0.498*[#   2]+0.498*[#   6]
    |psi|^2 = 0.996
==== e(   5) =    -2.55681 eV ==== 
     psi = 0.494*[#   2]+0.494*[#   6]
    |psi|^2 = 0.988
==== e(   6) =     6.47383 eV ==== 
     psi = 0.006*[#   1]+0.006*[#   5]+0.001*[#   3]+0.001*[#   4]+0.001*[#   7]
          +0.001*[#   8]
    |psi|^2 = 0.018
==== e(   7) =     6.49919 eV ==== 

    |psi|^2 = 0.001
==== e(   8) =     8.39862 eV ==== 

    |psi|^2 = 0.001

 k =   0.2727272727  0.5073684184  0.0000000000
==== e(   1) =   -18.22606 eV ==== 
     psi = 0.240*[#   1]+0.240*[#   5]+0.128*[#   3]+0.128*[#   4]+0.128*[#   7]
          +0.128*[#   8]
    |psi|^2 = 0.989
==== e(   2) =   -15.88082 eV ==== 
     psi = 0.189*[#   1]+0.189*[#   5]+0.154*[#   3]+0.154*[#   4]+0.154*[#   7]
          +0.154*[#   8]
    |psi|^2 = 0.994
==== e(   3) =   -14.13639 eV ==== 
     psi = 0.233*[#   3]+0.233*[#   4]+0.233*[#   7]+0.233*[#   8]+0.028*[#   1]
          +0.028*[#   5]
    |psi|^2 = 0.985
==== e(   4) =    -5.67854 eV ==== 
     psi = 0.498*[#   2]+0.498*[#   6]
    |psi|^2 = 0.996
==== e(   5) =    -2.82183 eV ==== 
     psi = 0.494*[#   2]+0.494*[#   6]
    |psi|^2 = 0.988
==== e(   6) =     6.55631 eV ==== 

    |psi|^2 = 0.001
==== e(   7) =     6.85772 eV ==== 
     psi = 0.009*[#   1]+0.009*[#   5]+0.002*[#   3]+0.002*[#   4]+0.002*[#   7]
          +0.002*[#   8]
    |psi|^2 = 0.026
==== e(   8) =     8.53368 eV ==== 
     psi = 0.207*[#   1]+0.207*[#   5]+0.069*[#   3]+0.069*[#   4]+0.069*[#   7]
          +0.069*[#   8]
    |psi|^2 = 0.691

 k =   0.2727272727  0.5248638811  0.0000000000
==== e(   1) =   -17.96732 eV ==== 
     psi = 0.239*[#   1]+0.239*[#   5]+0.128*[#   3]+0.128*[#   4]+0.128*[#   7]
          +0.128*[#   8]
    |psi|^2 = 0.990
==== e(   2) =   -16.11915 eV ==== 
     psi = 0.190*[#   1]+0.190*[#   5]+0.153*[#   3]+0.153*[#   4]+0.153*[#   7]
          +0.153*[#   8]
    |psi|^2 = 0.993
==== e(   3) =   -14.23841 eV ==== 
     psi = 0.232*[#   3]+0.232*[#   4]+0.232*[#   7]+0.232*[#   8]+0.028*[#   1]
          +0.028*[#   5]
    |psi|^2 = 0.985
==== e(   4) =    -5.43783 eV ==== 
     psi = 0.498*[#   2]+0.498*[#   6]
    |psi|^2 = 0.996
==== e(   5) =    -3.07016 eV ==== 
     psi = 0.494*[#   2]+0.494*[#   6]
    |psi|^2 = 0.989
==== e(   6) =     6.57680 eV ==== 

    |psi|^2 = 0.002
==== e(   7) =     7.24359 eV ==== 
     psi = 0.014*[#   1]+0.014*[#   5]+0.003*[#   3]+0.003*[#   4]+0.003*[#   7]
          +0.003*[#   8]
    |psi|^2 = 0.040
==== e(   8) =     8.49852 eV ==== 
     psi = 0.207*[#   1]+0.207*[#   5]+0.067*[#   3]+0.067*[#   4]+0.067*[#   7]
          +0.067*[#   8]
    |psi|^2 = 0.683

 k =   0.2727272727  0.5423593438  0.0000000000
==== e(   1) =   -17.72023 eV ==== 
     psi = 0.241*[#   1]+0.241*[#   5]+0.128*[#   3]+0.128*[#   4]+0.128*[#   7]
          +0.128*[#   8]
    |psi|^2 = 0.991
==== e(   2) =   -16.35459 eV ==== 
     psi = 0.188*[#   1]+0.188*[#   5]+0.154*[#   3]+0.154*[#   4]+0.154*[#   7]
          +0.154*[#   8]
    |psi|^2 = 0.992
==== e(   3) =   -14.30867 eV ==== 
     psi = 0.232*[#   3]+0.232*[#   4]+0.232*[#   7]+0.232*[#   8]+0.029*[#   1]
          +0.029*[#   5]
    |psi|^2 = 0.985
==== e(   4) =    -5.22649 eV ==== 
     psi = 0.498*[#   2]+0.498*[#   6]
    |psi|^2 = 0.996
==== e(   5) =    -3.28685 eV ==== 
     psi = 0.495*[#   2]+0.495*[#   6]
    |psi|^2 = 0.989
==== e(   6) =     6.57879 eV ==== 

    |psi|^2 = 0.002
==== e(   7) =     7.62391 eV ==== 
     psi = 0.023*[#   1]+0.023*[#   5]+0.005*[#   3]+0.005*[#   4]+0.005*[#   7]
          +0.005*[#   8]
    |psi|^2 = 0.067
==== e(   8) =     8.46628 eV ==== 
     psi = 0.202*[#   1]+0.202*[#   5]+0.064*[#   3]+0.064*[#   4]+0.064*[#   7]
          +0.064*[#   8]
    |psi|^2 = 0.662

 k =   0.2727272727  0.5598548065  0.0000000000
==== e(   1) =   -17.51145 eV ==== 
     psi = 0.246*[#   1]+0.246*[#   5]+0.125*[#   3]+0.125*[#   4]+0.125*[#   7]
          +0.125*[#   8]
    |psi|^2 = 0.993
==== e(   2) =   -16.55765 eV ==== 
     psi = 0.181*[#   1]+0.181*[#   5]+0.157*[#   3]+0.157*[#   4]+0.157*[#   7]
          +0.157*[#   8]
    |psi|^2 = 0.991
==== e(   3) =   -14.34968 eV ==== 
     psi = 0.232*[#   3]+0.232*[#   4]+0.232*[#   7]+0.232*[#   8]+0.029*[#   1]
          +0.029*[#   5]
    |psi|^2 = 0.985
==== e(   4) =    -5.07195 eV ==== 
     psi = 0.498*[#   2]+0.498*[#   6]
    |psi|^2 = 0.996
==== e(   5) =    -3.44456 eV ==== 
     psi = 0.495*[#   2]+0.495*[#   6]
    |psi|^2 = 0.989
==== e(   6) =     6.57521 eV ==== 
     psi = 0.001*[#   2]+0.001*[#   6]
    |psi|^2 = 0.002
==== e(   7) =     7.98224 eV ==== 
     psi = 0.040*[#   1]+0.040*[#   5]+0.011*[#   3]+0.011*[#   4]+0.011*[#   7]
          +0.011*[#   8]
    |psi|^2 = 0.124
==== e(   8) =     8.41991 eV ==== 
     psi = 0.182*[#   1]+0.182*[#   5]+0.056*[#   3]+0.056*[#   4]+0.056*[#   7]
          +0.056*[#   8]
    |psi|^2 = 0.588

 k =   0.2727272727  0.5773502692  0.0000000000
==== e(   1) =   -17.41685 eV ==== 
     psi = 0.252*[#   1]+0.252*[#   5]+0.122*[#   3]+0.122*[#   4]+0.122*[#   7]
          +0.122*[#   8]
    |psi|^2 = 0.994
==== e(   2) =   -16.65057 eV ==== 
     psi = 0.176*[#   1]+0.176*[#   5]+0.160*[#   3]+0.160*[#   4]+0.160*[#   7]
          +0.160*[#   8]
    |psi|^2 = 0.990
==== e(   3) =   -14.36315 eV ==== 
     psi = 0.232*[#   3]+0.232*[#   4]+0.232*[#   7]+0.232*[#   8]+0.030*[#   1]
          +0.030*[#   5]
    |psi|^2 = 0.985
==== e(   4) =    -5.01308 eV ==== 
     psi = 0.498*[#   2]+0.498*[#   6]
    |psi|^2 = 0.996
==== e(   5) =    -3.50448 eV ==== 
     psi = 0.495*[#   2]+0.495*[#   6]
    |psi|^2 = 0.989
==== e(   6) =     6.57327 eV ==== 
     psi = 0.001*[#   2]+0.001*[#   6]
    |psi|^2 = 0.002
==== e(   7) =     8.24999 eV ==== 
     psi = 0.044*[#   1]+0.044*[#   5]+0.013*[#   3]+0.013*[#   4]+0.013*[#   7]
          +0.013*[#   8]
    |psi|^2 = 0.142
==== e(   8) =     8.30233 eV ==== 
     psi = 0.159*[#   1]+0.159*[#   5]+0.046*[#   3]+0.046*[#   4]+0.046*[#   7]
          +0.046*[#   8]
    |psi|^2 = 0.501

 k =   0.2878787879  0.4986206870  0.0000000000
==== e(   1) =   -18.22941 eV ==== 
     psi = 0.239*[#   1]+0.239*[#   5]+0.128*[#   3]+0.128*[#   4]+0.128*[#   7]
          +0.128*[#   8]
    |psi|^2 = 0.989
==== e(   2) =   -15.83450 eV ==== 
     psi = 0.193*[#   1]+0.193*[#   5]+0.152*[#   3]+0.152*[#   4]+0.152*[#   7]
          +0.152*[#   8]
    |psi|^2 = 0.994
==== e(   3) =   -14.18814 eV ==== 
     psi = 0.234*[#   3]+0.234*[#   4]+0.234*[#   7]+0.234*[#   8]+0.024*[#   1]
          +0.024*[#   5]
    |psi|^2 = 0.985
==== e(   4) =    -5.67356 eV ==== 
     psi = 0.498*[#   2]+0.498*[#   6]
    |psi|^2 = 0.996
==== e(   5) =    -2.82079 eV ==== 
     psi = 0.494*[#   2]+0.494*[#   6]
    |psi|^2 = 0.989
==== e(   6) =     6.53998 eV ==== 

    |psi|^2 = 0.001
==== e(   7) =     6.85088 eV ==== 
     psi = 0.009*[#   1]+0.009*[#   5]+0.002*[#   3]+0.002*[#   4]+0.002*[#   7]
          +0.002*[#   8]
    |psi|^2 = 0.025
==== e(   8) =     8.64219 eV ==== 

    |psi|^2 = 0.000

 k =   0.2878787879  0.5161161497  0.0000000000
==== e(   1) =   -17.97160 eV ==== 
     psi = 0.237*[#   1]+0.237*[#   5]+0.129*[#   3]+0.129*[#   4]+0.129*[#   7]
          +0.129*[#   8]
    |psi|^2 = 0.990
==== e(   2) =   -16.03395 eV ==== 
     psi = 0.198*[#   1]+0.198*[#   5]+0.149*[#   3]+0.149*[#   4]+0.149*[#   7]
          +0.149*[#   8]
    |psi|^2 = 0.994
==== e(   3) =   -14.33768 eV ==== 
     psi = 0.235*[#   3]+0.235*[#   4]+0.235*[#   7]+0.235*[#   8]+0.022*[#   1]
          +0.022*[#   5]
    |psi|^2 = 0.984
==== e(   4) =    -5.41991 eV ==== 
     psi = 0.498*[#   2]+0.498*[#   6]
    |psi|^2 = 0.996
==== e(   5) =    -3.07716 eV ==== 
     psi = 0.495*[#   2]+0.495*[#   6]
    |psi|^2 = 0.990
==== e(   6) =     6.54393 eV ==== 

    |psi|^2 = 0.001
==== e(   7) =     7.23039 eV ==== 
     psi = 0.013*[#   1]+0.013*[#   5]+0.003*[#   3]+0.003*[#   4]+0.003*[#   7]
          +0.003*[#   8]
    |psi|^2 = 0.038
==== e(   8) =     8.73675 eV ==== 
     psi = 0.202*[#   1]+0.202*[#   5]+0.062*[#   3]+0.062*[#   4]+0.062*[#   7]
          +0.062*[#   8]
    |psi|^2 = 0.652

 k =   0.2878787879  0.5336116124  0.0000000000
==== e(   1) =   -17.71908 eV ==== 
     psi = 0.237*[#   1]+0.237*[#   5]+0.129*[#   3]+0.129*[#   4]+0.129*[#   7]
          +0.129*[#   8]
    |psi|^2 = 0.991
==== e(   2) =   -16.24531 eV ==== 
     psi = 0.200*[#   1]+0.200*[#   5]+0.148*[#   3]+0.148*[#   4]+0.148*[#   7]
          +0.148*[#   8]
    |psi|^2 = 0.993
==== e(   3) =   -14.44768 eV ==== 
     psi = 0.236*[#   3]+0.236*[#   4]+0.236*[#   7]+0.236*[#   8]+0.020*[#   1]
          +0.020*[#   5]
    |psi|^2 = 0.984
==== e(   4) =    -5.18184 eV ==== 
     psi = 0.498*[#   2]+0.498*[#   6]
    |psi|^2 = 0.996
==== e(   5) =    -3.31698 eV ==== 
     psi = 0.495*[#   2]+0.495*[#   6]
    |psi|^2 = 0.990
==== e(   6) =     6.53096 eV ==== 

    |psi|^2 = 0.001
==== e(   7) =     7.60581 eV ==== 
     psi = 0.020*[#   1]+0.020*[#   5]+0.005*[#   3]+0.005*[#   4]+0.005*[#   7]
          +0.005*[#   8]
    |psi|^2 = 0.060
==== e(   8) =     8.70158 eV ==== 
     psi = 0.191*[#   1]+0.191*[#   5]+0.059*[#   3]+0.059*[#   4]+0.059*[#   7]
          +0.059*[#   8]
    |psi|^2 = 0.619

 k =   0.2878787879  0.5511070751  0.0000000000
==== e(   1) =   -17.48573 eV ==== 
     psi = 0.239*[#   1]+0.239*[#   5]+0.128*[#   3]+0.128*[#   4]+0.128*[#   7]
          +0.128*[#   8]
    |psi|^2 = 0.992
==== e(   2) =   -16.45313 eV ==== 
     psi = 0.199*[#   1]+0.199*[#   5]+0.149*[#   3]+0.149*[#   4]+0.149*[#   7]
          +0.149*[#   8]
    |psi|^2 = 0.992
==== e(   3) =   -14.51933 eV ==== 
     psi = 0.236*[#   3]+0.236*[#   4]+0.236*[#   7]+0.236*[#   8]+0.020*[#   1]
          +0.020*[#   5]
    |psi|^2 = 0.984
==== e(   4) =    -4.97893 eV ==== 
     psi = 0.498*[#   2]+0.498*[#   6]
    |psi|^2 = 0.996
==== e(   5) =    -3.52093 eV ==== 
     psi = 0.495*[#   2]+0.495*[#   6]
    |psi|^2 = 0.991
==== e(   6) =     6.51540 eV ==== 

    |psi|^2 = 0.001
==== e(   7) =     7.96478 eV ==== 
     psi = 0.033*[#   1]+0.033*[#   5]+0.009*[#   3]+0.009*[#   4]+0.009*[#   7]
          +0.009*[#   8]
    |psi|^2 = 0.101
==== e(   8) =     8.64913 eV ==== 
     psi = 0.173*[#   1]+0.173*[#   5]+0.053*[#   3]+0.053*[#   4]+0.053*[#   7]
          +0.053*[#   8]
    |psi|^2 = 0.559

 k =   0.2878787879  0.5686025378  0.0000000000
==== e(   1) =   -17.31606 eV ==== 
     psi = 0.245*[#   1]+0.245*[#   5]+0.126*[#   3]+0.126*[#   4]+0.126*[#   7]
          +0.126*[#   8]
    |psi|^2 = 0.993
==== e(   2) =   -16.61075 eV ==== 
     psi = 0.193*[#   1]+0.193*[#   5]+0.151*[#   3]+0.151*[#   4]+0.151*[#   7]
          +0.151*[#   8]
    |psi|^2 = 0.991
==== e(   3) =   -14.55452 eV ==== 
     psi = 0.236*[#   3]+0.236*[#   4]+0.236*[#   7]+0.236*[#   8]+0.020*[#   1]
          +0.020*[#   5]
    |psi|^2 = 0.984
==== e(   4) =    -4.85149 eV ==== 
     psi = 0.498*[#   2]+0.498*[#   6]
    |psi|^2 = 0.996
==== e(   5) =    -3.64885 eV ==== 
     psi = 0.495*[#   2]+0.495*[#   6]
    |psi|^2 = 0.991
==== e(   6) =     6.50570 eV ==== 

    |psi|^2 = 0.001
==== e(   7) =     8.27804 eV ==== 
     psi = 0.054*[#   1]+0.054*[#   5]+0.016*[#   3]+0.016*[#   4]+0.016*[#   7]
          +0.016*[#   8]
    |psi|^2 = 0.170
==== e(   8) =     8.53962 eV ==== 
     psi = 0.134*[#   1]+0.134*[#   5]+0.040*[#   3]+0.040*[#   4]+0.040*[#   7]
          +0.040*[#   8]
    |psi|^2 = 0.426

 k =   0.3030303030  0.5248638811  0.0000000000
==== e(   1) =   -17.71905 eV ==== 
     psi = 0.236*[#   1]+0.236*[#   5]+0.130*[#   3]+0.130*[#   4]+0.130*[#   7]
          +0.130*[#   8]
    |psi|^2 = 0.991
==== e(   2) =   -16.20403 eV ==== 
     psi = 0.205*[#   1]+0.205*[#   5]+0.146*[#   3]+0.146*[#   4]+0.146*[#   7]
          +0.146*[#   8]
    |psi|^2 = 0.994
==== e(   3) =   -14.49855 eV ==== 
     psi = 0.238*[#   3]+0.238*[#   4]+0.238*[#   7]+0.238*[#   8]+0.016*[#   1]
          +0.016*[#   5]
    |psi|^2 = 0.983
==== e(   4) =    -5.16664 eV ==== 
     psi = 0.498*[#   2]+0.498*[#   6]
    |psi|^2 = 0.995
==== e(   5) =    -3.32726 eV ==== 
     psi = 0.495*[#   2]+0.495*[#   6]
    |psi|^2 = 0.991
==== e(   6) =     6.51478 eV ==== 

    |psi|^2 = 0.001
==== e(   7) =     7.59957 eV ==== 
     psi = 0.020*[#   1]+0.020*[#   5]+0.005*[#   3]+0.005*[#   4]+0.005*[#   7]
          +0.005*[#   8]
    |psi|^2 = 0.059
==== e(   8) =     8.79548 eV ==== 
     psi = 0.184*[#   1]+0.184*[#   5]+0.056*[#   3]+0.056*[#   4]+0.056*[#   7]
          +0.056*[#   8]
    |psi|^2 = 0.591

 k =   0.3030303030  0.5423593438  0.0000000000
==== e(   1) =   -17.47548 eV ==== 
     psi = 0.236*[#   1]+0.236*[#   5]+0.130*[#   3]+0.130*[#   4]+0.130*[#   7]
          +0.130*[#   8]
    |psi|^2 = 0.992
==== e(   2) =   -16.38790 eV ==== 
     psi = 0.210*[#   1]+0.210*[#   5]+0.144*[#   3]+0.144*[#   4]+0.144*[#   7]
          +0.144*[#   8]
    |psi|^2 = 0.994
==== e(   3) =   -14.61462 eV ==== 
     psi = 0.239*[#   3]+0.239*[#   4]+0.239*[#   7]+0.239*[#   8]+0.012*[#   1]
          +0.012*[#   5]
    |psi|^2 = 0.983
==== e(   4) =    -4.92848 eV ==== 
     psi = 0.498*[#   2]+0.498*[#   6]
    |psi|^2 = 0.995
==== e(   5) =    -3.56284 eV ==== 
     psi = 0.496*[#   2]+0.496*[#   6]
    |psi|^2 = 0.992
==== e(   6) =     6.48467 eV ==== 

    |psi|^2 = 0.001
==== e(   7) =     7.95429 eV ==== 
     psi = 0.031*[#   1]+0.031*[#   5]+0.008*[#   3]+0.008*[#   4]+0.008*[#   7]
          +0.008*[#   8]
    |psi|^2 = 0.095
==== e(   8) =     8.77619 eV ==== 
     psi = 0.165*[#   1]+0.165*[#   5]+0.050*[#   3]+0.050*[#   4]+0.050*[#   7]
          +0.050*[#   8]
    |psi|^2 = 0.531

 k =   0.3030303030  0.5598548065  0.0000000000
==== e(   1) =   -17.26099 eV ==== 
     psi = 0.238*[#   1]+0.238*[#   5]+0.129*[#   3]+0.129*[#   4]+0.129*[#   7]
          +0.129*[#   8]
    |psi|^2 = 0.993
==== e(   2) =   -16.56676 eV ==== 
     psi = 0.210*[#   1]+0.210*[#   5]+0.143*[#   3]+0.143*[#   4]+0.143*[#   7]
          +0.143*[#   8]
    |psi|^2 = 0.993
==== e(   3) =   -14.68421 eV ==== 
     psi = 0.240*[#   3]+0.240*[#   4]+0.240*[#   7]+0.240*[#   8]+0.010*[#   1]
          +0.010*[#   5]
    |psi|^2 = 0.982
==== e(   4) =    -4.73162 eV ==== 
     psi = 0.498*[#   2]+0.498*[#   6]
    |psi|^2 = 0.995
==== e(   5) =    -3.75802 eV ==== 
     psi = 0.496*[#   2]+0.496*[#   6]
    |psi|^2 = 0.992
==== e(   6) =     6.46326 eV ==== 

    |psi|^2 = 0.000
==== e(   7) =     8.27313 eV ==== 
     psi = 0.050*[#   1]+0.050*[#   5]+0.014*[#   3]+0.014*[#   4]+0.014*[#   7]
          +0.014*[#   8]
    |psi|^2 = 0.157
==== e(   8) =     8.70848 eV ==== 
     psi = 0.139*[#   1]+0.139*[#   5]+0.042*[#   3]+0.042*[#   4]+0.042*[#   7]
          +0.042*[#   8]
    |psi|^2 = 0.447

 k =   0.3030303030  0.5773502692  0.0000000000
==== e(   1) =   -17.15406 eV ==== 
     psi = 0.241*[#   1]+0.241*[#   5]+0.128*[#   3]+0.128*[#   4]+0.128*[#   7]
          +0.128*[#   8]
    |psi|^2 = 0.994
==== e(   2) =   -16.66192 eV ==== 
     psi = 0.208*[#   1]+0.208*[#   5]+0.144*[#   3]+0.144*[#   4]+0.144*[#   7]
          +0.144*[#   8]
    |psi|^2 = 0.993
==== e(   3) =   -14.70733 eV ==== 
     psi = 0.241*[#   3]+0.241*[#   4]+0.241*[#   7]+0.241*[#   8]+0.010*[#   1]
          +0.010*[#   5]
    |psi|^2 = 0.982
==== e(   4) =    -4.64489 eV ==== 
     psi = 0.498*[#   2]+0.498*[#   6]
    |psi|^2 = 0.995
==== e(   5) =    -3.84416 eV ==== 
     psi = 0.496*[#   2]+0.496*[#   6]
    |psi|^2 = 0.992
==== e(   6) =     6.45561 eV ==== 

    |psi|^2 = 0.000
==== e(   7) =     8.47557 eV ==== 
     psi = 0.067*[#   1]+0.067*[#   5]+0.021*[#   3]+0.021*[#   4]+0.021*[#   7]
          +0.021*[#   8]
    |psi|^2 = 0.218
==== e(   8) =     8.60592 eV ==== 
     psi = 0.115*[#   1]+0.115*[#   5]+0.034*[#   3]+0.034*[#   4]+0.034*[#   7]
          +0.034*[#   8]
    |psi|^2 = 0.366

 k =   0.3181818182  0.5511070751  0.0000000000
==== e(   1) =   -17.24406 eV ==== 
     psi = 0.235*[#   1]+0.235*[#   5]+0.131*[#   3]+0.131*[#   4]+0.131*[#   7]
          +0.131*[#   8]
    |psi|^2 = 0.993
==== e(   2) =   -16.54738 eV ==== 
     psi = 0.217*[#   1]+0.217*[#   5]+0.140*[#   3]+0.140*[#   4]+0.140*[#   7]
          +0.140*[#   8]
    |psi|^2 = 0.994
==== e(   3) =   -14.73076 eV ==== 
     psi = 0.242*[#   3]+0.242*[#   4]+0.242*[#   7]+0.242*[#   8]+0.006*[#   1]
          +0.006*[#   5]
    |psi|^2 = 0.982
==== e(   4) =    -4.68505 eV ==== 
     psi = 0.497*[#   2]+0.497*[#   6]
    |psi|^2 = 0.995
==== e(   5) =    -3.80095 eV ==== 
     psi = 0.496*[#   2]+0.496*[#   6]
    |psi|^2 = 0.993
==== e(   6) =     6.44882 eV ==== 

    |psi|^2 = 0.000
==== e(   7) =     8.27010 eV ==== 
     psi = 0.048*[#   1]+0.048*[#   5]+0.014*[#   3]+0.014*[#   4]+0.014*[#   7]
          +0.014*[#   8]
    |psi|^2 = 0.153
==== e(   8) =     8.76892 eV ==== 
     psi = 0.142*[#   1]+0.142*[#   5]+0.044*[#   3]+0.044*[#   4]+0.044*[#   7]
          +0.044*[#   8]
    |psi|^2 = 0.459

 k =   0.3181818182  0.5686025378  0.0000000000
==== e(   1) =   -17.05179 eV ==== 
     psi = 0.235*[#   1]+0.235*[#   5]+0.131*[#   3]+0.131*[#   4]+0.131*[#   7]
          +0.131*[#   8]
    |psi|^2 = 0.993
==== e(   2) =   -16.70237 eV ==== 
     psi = 0.221*[#   1]+0.221*[#   5]+0.138*[#   3]+0.138*[#   4]+0.138*[#   7]
          +0.138*[#   8]
    |psi|^2 = 0.994
==== e(   3) =   -14.79021 eV ==== 
     psi = 0.244*[#   3]+0.244*[#   4]+0.244*[#   7]+0.244*[#   8]+0.003*[#   1]
          +0.003*[#   5]
    |psi|^2 = 0.981
==== e(   4) =    -4.48527 eV ==== 
     psi = 0.497*[#   2]+0.497*[#   6]
    |psi|^2 = 0.995
==== e(   5) =    -3.99798 eV ==== 
     psi = 0.497*[#   2]+0.497*[#   6]
    |psi|^2 = 0.993
==== e(   6) =     6.42953 eV ==== 

    |psi|^2 = 0.000
==== e(   7) =     8.51663 eV ==== 
     psi = 0.074*[#   1]+0.074*[#   5]+0.023*[#   3]+0.023*[#   4]+0.023*[#   7]
          +0.023*[#   8]
    |psi|^2 = 0.240
==== e(   8) =     8.70698 eV ==== 
     psi = 0.119*[#   1]+0.119*[#   5]+0.037*[#   3]+0.037*[#   4]+0.037*[#   7]
          +0.037*[#   8]
    |psi|^2 = 0.384

 k =   0.3333333333  0.5773502692  0.0000000000
==== e(   1) =   -16.86416 eV ==== 
     psi = 0.229*[#   1]+0.229*[#   5]+0.134*[#   3]+0.134*[#   4]+0.134*[#   7]
          +0.134*[#   8]
    |psi|^2 = 0.994
==== e(   2) =   -16.86416 eV ==== 
     psi = 0.229*[#   1]+0.229*[#   5]+0.134*[#   3]+0.134*[#   4]+0.134*[#   7]
          +0.134*[#   8]
    |psi|^2 = 0.994
==== e(   3) =   -14.82689 eV ==== 
     psi = 0.245*[#   3]+0.245*[#   4]+0.245*[#   7]+0.245*[#   8]
    |psi|^2 = 0.981
==== e(   4) =    -4.24054 eV ==== 
     psi = 0.497*[#   2]+0.497*[#   6]
    |psi|^2 = 0.994
==== e(   5) =    -4.24054 eV ==== 
     psi = 0.497*[#   2]+0.497*[#   6]
    |psi|^2 = 0.994
==== e(   6) =     6.41790 eV ==== 

    |psi|^2 = 0.000
==== e(   7) =     8.65773 eV ==== 
     psi = 0.101*[#   1]+0.101*[#   5]+0.031*[#   3]+0.031*[#   4]+0.031*[#   7]
          +0.031*[#   8]
    |psi|^2 = 0.327
==== e(   8) =     8.65773 eV ==== 
     psi = 0.101*[#   1]+0.101*[#   5]+0.031*[#   3]+0.031*[#   4]+0.031*[#   7]
          +0.031*[#   8]
    |psi|^2 = 0.327

Lowdin Charges: 

     Atom #   1: total charge =   3.9565, s =  0.8873, 
     Atom #   1: total charge =   3.9565, p =  3.0693, pz=  0.9868, px=  1.0412, py=  1.0412, 
     Atom #   2: total charge =   3.9565, s =  0.8873, 
     Atom #   2: total charge =   3.9565, p =  3.0693, pz=  0.9868, px=  1.0412, py=  1.0412, 
     Spilling Parameter:   0.0109

     PROJWFC      :      0.87s CPU      1.09s WALL


   This run was terminated on:  15:48:11  21Oct2025            

=------------------------------------------------------------------------------=
   JOB DONE.
=------------------------------------------------------------------------------=
Note: The following floating-point exceptions are signalling: IEEE_DENORMAL
